Date,Open,High,Low,Close,Volume,Dividends,Stock Splits,Return
2000-07-12,24080.544921875,24080.544921875,24080.544921875,24080.544921875,600,0.0,0.0,
2000-07-13,26960.337890625,26960.337890625,26960.337890625,26960.337890625,277200,0.0,0.0,0.1195900249804549
2000-07-14,30169.25,30169.25,28660.78541086522,30169.25,499200,0.0,0.0,0.11902343814803773
2000-07-17,30169.25,30169.25,30169.25,30169.25,0,0.0,0.0,0.0
2000-07-18,33734.703125,33734.703125,33734.703125,33734.703125,29700,0.0,0.0,0.1181816957663846
2000-07-19,33734.703125,33734.703125,33734.703125,33734.703125,29700,0.0,0.0,0.0
2000-07-20,42236.95625809584,42236.95625809584,33186.1796875,33186.1796875,1557300,0.0,0.0,-0.016259915952647086
2000-07-21,33186.17869239654,34283.24462894217,29209.323511067367,30717.78515625,819600,0.0,0.0,-0.07438019544562857
2000-07-24,29894.97847851132,32637.63929551271,27152.320875563066,27399.16015625,574800,0.0,0.0,-0.10803594670381944
2000-07-25,27152.321936227512,30580.646484375004,26905.48264589817,30580.646484375,278700,0.0,0.0,0.11611619881711133
2000-07-26,31951.978047038978,33460.44272322767,27975.12334829014,28523.65625,1218900,0.0,0.0,-0.06726444568220646
2000-07-27,28523.652719956695,29483.58116158257,26466.657003655604,26603.791015625,544200,0.0,0.0,-0.06730782398820279
2000-07-28,26027.83553498144,27152.325236367516,24546.79961299776,24821.064453125,883500,0.0,0.0,-0.06701024532379485
2000-07-31,24080.540611566284,26439.227945631123,23449.729704888046,25561.576171875,794100,0.0,0.0,0.029834003297822598
2000-08-01,26302.100730020702,28523.65625,25780.996562531232,28523.65625,421800,0.0,0.0,0.11588018118319843
2000-08-02,30032.111993026094,31814.841173552184,27837.984018074985,28249.3828125,1256400,0.0,0.0,-0.009615647976405572
2000-08-03,28249.388526653453,30443.516945422536,28249.388526653453,29209.3203125,727800,0.0,0.0,0.03398083088651549
2000-08-04,29757.850470095018,29894.98127393072,27262.028700401308,27975.12109375,496500,0.0,0.0,-0.04225360965423863
2000-08-07,27289.464357968693,29483.58991670242,27289.464357968693,27837.994140625,439200,0.0,0.0,-0.004901746543489849
2000-08-08,28249.382118853275,31129.173609116817,27837.983334529912,29072.1796875,1522200,0.0,0.0,0.044334571687904445
2000-08-09,29072.184001622267,29620.71686680311,27837.98746550547,28660.78515625,393300,0.0,0.0,-0.014150797624124634
2000-08-10,28660.79202866371,29483.58991670242,27344.315407801772,27837.994140625,411900,0.0,0.0,-0.028707902143622066
2000-08-11,27289.455533129414,27426.586327421137,25095.327469876567,26247.244140625,609600,0.0,0.0,-0.05714312575698699
2000-08-14,26603.787777950518,27124.89342455716,25643.85623909478,25780.990234375,298200,0.0,0.0,-0.017763918518528987
2000-08-15,25780.990234375,25780.990234375,25780.990234375,25780.990234375,0,0.0,0.0,0.0
2000-08-16,25506.729950377303,26740.92656087943,24985.624179156348,26137.541015625,623700,0.0,0.0,0.013829987832453261
2000-08-17,26329.523514851484,26521.51015948947,24464.5161348917,24930.767578125,522600,0.0,0.0,-0.04617012123591091
2000-08-18,24958.196653192703,25369.595490294632,22901.202467683048,24382.23828125,491400,0.0,0.0,-0.0220021022279433
2000-08-21,23065.76636061157,24245.108845113074,22489.807879846227,22681.79296875,351900,0.0,0.0,-0.0697411489825217
2000-08-22,22489.799056973574,24409.65883500176,22325.239555598222,23586.861328125,538800,0.0,0.0,0.03990285779532354
2000-08-23,24107.971343564426,24821.062110428884,23175.466796875,23175.466796875,521100,0.0,0.0,-0.017441681855290048
2000-08-24,23340.02777984984,23833.706404620058,22105.831217924286,22380.09765625,259200,0.0,0.0,-0.034319444246631026
2000-08-25,21968.696481275612,23038.333388603638,21228.17862235621,22242.962890625,335400,0.0,0.0,-0.006127532047953466
2000-08-28,22544.65572396097,24903.341796875,22242.96378644483,24903.341796875,633600,0.0,0.0,0.11960541944577452
2000-08-29,25232.45746730702,27563.7177097798,24711.35342772683,25780.990234375,824700,0.0,0.0,0.03524219539122786
2000-08-30,26082.681267490672,28523.648303937996,26027.828635411162,27563.716796875,684900,0.0,0.0,0.06914887854551877
2000-08-31,28249.383709294896,29072.181324265166,26055.25727171637,26768.349609375,1013400,0.0,0.0,-0.02885558552793477
2000-09-01,27015.18905619536,27837.98672505464,26823.20400481266,27426.587890625,315900,0.0,0.0,0.024590170513144605
2000-09-04,28249.391620103463,30717.785156250004,28249.391620103463,30717.78515625,281400,0.0,0.0,0.12000024497214268
2000-09-05,33186.1746538424,34008.97239909513,30854.915446977546,32226.24609375,1488000,0.0,0.0,0.04910708665442565
2000-09-06,31540.571849561835,34557.497287261,30854.908292197324,31814.83984375,1200300,0.0,0.0,-0.01276618594679535
2000-09-07,31540.574152428442,33049.038588441756,30443.511737734996,31403.443359375,1479000,0.0,0.0,-0.01293096197860688
2000-09-08,31814.844170984485,35106.0348364638,27837.98664082806,29346.451171875,2811900,0.0,0.0,-0.06550212229786956
2000-09-11,29346.451171875,29346.451171875,29346.451171875,29346.451171875,0,0.0,0.0,0.0
2000-09-12,29346.451171875,29346.451171875,29346.451171875,29346.451171875,0,0.0,0.0,0.0
2000-09-13,29346.451171875,29346.451171875,29346.451171875,29346.451171875,0,0.0,0.0,0.0
2000-09-14,27700.853973675934,28935.050390116154,26658.642595108697,28386.517578125,424800,0.0,0.0,-0.03271038082689803
2000-09-15,27700.85784485421,29483.58410836734,27015.19093053044,27097.470703125,493500,0.0,0.0,-0.04541053235756387
2000-09-18,25506.726247257444,25918.125057697078,23861.131005498897,23970.837890625,558900,0.0,0.0,-0.11538467360126803
2000-09-19,24217.68026384382,25671.289043675482,23586.86760274418,24793.638671875,634500,0.0,0.0,0.03432507386701733
2000-09-20,25890.697194418164,27700.853515625,25780.991919455246,27700.853515625,418200,0.0,0.0,0.11725648188330817
2000-09-21,29072.18322834357,29757.850095095233,25232.461309342474,27426.587890625,1564200,0.0,0.0,-0.009900981023754252
2000-09-22,27289.45879870891,27426.589609410323,24821.064030413578,25232.462890625,591900,0.0,0.0,-0.07999992593865457
2000-09-25,26329.52826488078,28249.388629510424,25534.157634221465,28112.2578125,725100,0.0,0.0,0.11413055215251999
2000-09-26,27426.595196605642,29072.190972683067,27015.196252586287,27837.994140625,648600,0.0,0.0,-0.009756017240032944
2000-09-27,28523.65350550517,30717.778473122456,28386.519489759074,29346.451171875,764700,0.0,0.0,0.054186987166889855
2000-09-28,29346.45434306486,30169.25209834655,28386.52255721831,29209.3203125,395700,0.0,0.0,-0.004672825977214745
2000-09-29,29894.974329286728,32637.634765625,29209.310827228503,32637.634765625,1021500,0.0,0.0,0.11737056584839012
2000-10-02,32637.642134655547,36203.097650051954,31540.576426800184,35106.03515625,1487100,0.0,0.0,0.0756304924775002
2000-10-03,35106.03515625,35106.03515625,35106.03515625,35106.03515625,0,0.0,0.0,0.0
2000-10-04,34283.238663262935,36203.09889705882,33323.30693933823,34968.90234375,1089900,0.0,0.0,-0.0039062460881625904
2000-10-05,35517.42705764186,35654.557833805986,33597.56405081617,33871.83203125,900000,0.0,0.0,-0.03137274089176778
2000-10-06,33186.17335916321,33734.70623928323,32089.110812976727,33460.44140625,755100,0.0,0.0,-0.01214550853406604
2000-10-09,33460.43495266719,35243.16084462551,31266.30706942662,31814.83984375,665700,0.0,0.0,-0.04918050968068288
2000-10-10,30992.05417672501,33597.578622527086,30443.521192004173,33186.1796875,821100,0.0,0.0,0.0431037795722049
2000-10-11,32363.368960173153,33049.03572218704,30443.509097450657,31266.306640625,459300,0.0,0.0,-0.0578515835493455
2000-10-12,30992.044617276457,31814.842233539963,30717.776602486494,31540.57421875,415200,0.0,0.0,0.008771985168489316
2000-10-13,29620.71319860108,30443.51078745111,27837.984018074985,28249.3828125,1002300,0.0,0.0,-0.1043478594721804
2000-10-16,28249.3828125,28249.3828125,28249.3828125,28249.3828125,0,0.0,0.0,0.0
2000-10-17,29346.451693648156,30443.51419696232,26466.658203125,26466.658203125,593400,0.0,0.0,-0.06310667462038022
2000-10-18,24711.35519111221,27700.85368177397,24711.35519111221,27399.16015625,769500,0.0,0.0,0.03523308254363955
2000-10-19,27426.585507138036,28935.04991165701,26905.481433497782,27700.853515625,537900,0.0,0.0,0.011011044048595764
2000-10-20,29072.190972683067,29894.98886072178,27700.863301988047,27837.994140625,456600,0.0,0.0,0.0049507725428981075
2000-10-23,27563.720101504066,27975.1189089892,26466.656079201508,26768.349609375,286800,0.0,0.0,-0.038423908197071865
2000-10-24,26631.21411675226,27426.584564516932,26055.255818399033,26686.068359375,344100,0.0,0.0,-0.0030738260371189208
2000-10-25,26329.5214506699,28935.048082243415,26247.241696136556,26548.93359375,1035600,0.0,0.0,-0.005138814896905708
2000-10-26,26055.257632336623,26302.09692024411,24848.48831602002,25397.01953125,362100,0.0,0.0,-0.04338833642535367
2000-10-27,25397.01953125,25397.01953125,25397.01953125,25397.01953125,0,0.0,0.0,0.0
2000-10-30,27152.324303857495,28386.520863123744,23970.840375646752,24217.6796875,1216200,0.0,0.0,-0.046436151387719726
2000-10-31,22764.06933523524,24409.66474759024,21337.88771587875,24217.6796875,925200,0.0,0.0,0.0
2000-11-01,24683.932070974573,25232.4633590984,24135.40078285075,24272.533203125,717000,0.0,0.0,0.002265019454085637
2000-11-02,23724.00066347694,25780.994894211162,23724.00066347694,24629.078125,690900,0.0,0.0,0.014689234077516655
2000-11-03,24711.35873904173,25863.27554763371,24546.79919495716,25232.462890625,669300,0.0,0.0,0.02449887740672385
2000-11-06,25095.32688334862,25616.432567421547,24821.06048009552,25451.873046875,339600,0.0,0.0,0.008695550537459518
2000-11-07,25726.138695820442,26740.922975169065,24875.91554949948,24958.1953125,1004700,0.0,0.0,-0.01939651881281146
2000-11-08,24656.50336742537,24958.196922574196,23915.985452649256,24409.6640625,259800,0.0,0.0,-0.021978001339114206
2000-11-09,24135.39970720266,24656.503845236733,23861.13327185063,24327.384765625,181500,0.0,0.0,-0.0033707672774326847
2000-11-10,23998.266465623594,25122.75776217853,23998.266465623594,24793.638671875,222600,0.0,0.0,0.019165804739884162
2000-11-13,24272.532059654735,24629.078264003212,23806.280567065765,23998.265625,178800,0.0,0.0,-0.03207972244014523
2000-11-14,24299.95776356276,24546.797058202697,23915.984456105085,24245.103515625,213300,0.0,0.0,0.01028565540869164
2000-11-15,24958.19805516858,26302.0999271747,24491.944942244438,25232.462890625,657900,0.0,0.0,0.04072407339336315
2000-11-16,26055.25688419463,26192.390889334467,25259.886403895172,25451.873046875,375600,0.0,0.0,0.008695550537459518
2000-11-17,25177.610325863487,25232.462971725716,24711.358818467543,25013.05078125,169200,0.0,0.0,-0.017241256264983518
2000-11-20,24738.782328907775,24930.768984375,24409.663266407777,24683.9296875,129300,0.0,0.0,-0.013157974875928069
2000-11-21,24025.693359375,24354.812446489726,23477.16208319272,24025.693359375,159300,0.0,0.0,-0.02666659387132886
2000-11-22,24025.690852076124,24272.53014165225,23367.45274653979,23778.8515625,153900,0.0,0.0,-0.010274075889621703
2000-11-23,23202.89285714286,23422.305019880023,22242.962837262836,22462.375,173400,0.0,0.0,-0.05536333657829484
2000-11-24,21968.69712808099,24354.810299295776,21941.270004230555,23367.453125,252600,0.0,0.0,0.04029307341721444
2000-11-27,23449.733574563455,24107.9717099898,23449.733574563455,23724.0,156900,0.0,0.0,0.015258268545258913
2000-11-28,23093.18612200818,23312.59989319473,22352.668260063452,22572.08203125,154500,0.0,0.0,-0.04855496411861404
2000-11-29,21941.27227768528,21996.12653106989,19884.277951432694,19911.705078125,488100,0.0,0.0,-0.11786138954491798
2000-11-30,19774.57130413176,20240.822783801206,17909.562171400565,18650.080078125,496800,0.0,0.0,-0.0633609726063099
2000-12-01,17580.44461477471,19335.747006345522,17415.885065784536,18842.068359375,472800,0.0,0.0,0.010294233614320358
2000-12-04,19363.17345282058,19664.865413021183,17964.4173355764,18485.521484375,426900,0.0,0.0,-0.01892291590283912
2000-12-05,18375.815592153955,19198.61328125,18046.696516515534,19198.61328125,270900,0.0,0.0,0.03857569273757
2000-12-06,20624.791743736267,20981.337890625,19472.875153662735,19582.58203125,581400,0.0,0.0,0.019999816881305588
2000-12-07,19226.038799535378,19801.99718190261,18951.773974521187,19198.61328125,226200,0.0,0.0,-0.019607667129250883
2000-12-08,19472.87809930706,19993.983837890624,19335.74568684896,19747.14453125,215700,0.0,0.0,0.02857139950496923
2000-12-11,20048.834047645552,21941.268502158757,19884.274529861796,21776.708984375,567000,0.0,0.0,0.10277761677964126
2000-12-12,21886.416820353184,22188.108747113594,20597.367743802406,20844.20703125,342000,0.0,0.0,-0.042821068775547255
2000-12-13,21145.897880776934,22764.065924823655,20953.911242422517,22078.40234375,537300,0.0,0.0,0.059210470834878626
2000-12-14,21667.009106278583,23010.911098167217,21420.169768132473,22517.232421875,443400,0.0,0.0,0.019875988818965684
2000-12-15,22078.40317776965,22352.667977748955,21420.165086576784,21584.724609375,159300,0.0,0.0,-0.04141307399723282
2000-12-18,21118.475087655836,21392.741540517578,20624.796436720815,21036.1953125,195300,0.0,0.0,-0.02541284666827548
2000-12-19,20432.806400663194,20981.3375660612,19363.169583569877,19774.568359375,270600,0.0,0.0,-0.059974103414761726
2000-12-20,19198.61184588196,19335.744248136467,17854.70851849197,17936.98828125,227700,0.0,0.0,-0.09292643180521387
2000-12-21,16620.51456789626,17278.752768605027,15797.71681701031,15962.2763671875,688800,0.0,0.0,-0.11009160975628873
2000-12-22,16181.687649668407,16593.08650183817,14179.547640460074,14289.2529296875,409500,0.0,0.0,-0.10481108076408907
2000-12-25,14289.2529296875,14289.2529296875,14289.2529296875,14289.2529296875,0,0.0,0.0,0.0
2000-12-26,14947.490403376316,14974.917527930873,13768.14815293069,14673.2255859375,358500,0.0,0.0,0.026871429747894915
2000-12-27,14673.2255859375,14673.2255859375,14673.2255859375,14673.2255859375,0,0.0,0.0,0.0
2000-12-28,14673.2255859375,14673.2255859375,14673.2255859375,14673.2255859375,0,0.0,0.0,0.0
2000-12-29,14673.2255859375,14673.2255859375,14673.2255859375,14673.2255859375,0,0.0,0.0,0.0
2001-01-01,14673.2255859375,14673.2255859375,14673.2255859375,14673.2255859375,0,0.0,0.0,0.0
2001-01-02,13850.428881435082,16428.52734375,13850.428881435082,16428.52734375,402000,0.0,0.0,0.1196261685974993
2001-01-03,15934.845590674242,17964.413982765134,15386.314418041658,17004.482421875,929100,0.0,0.0,0.035058229266308194
2001-01-04,18512.947023230732,19034.052734375,18238.680605729543,19034.052734375,526200,0.0,0.0,0.11935501840909368
2001-01-05,18787.213756947705,21310.459376537892,18540.37445914997,20899.060546875,681600,0.0,0.0,0.09798269651380354
2001-01-08,20295.6725685786,22023.5474409678,20021.407787169395,20871.630859375,476700,0.0,0.0,-0.0013124842352830735
2001-01-09,20871.631013037735,21529.869064508326,20432.806716741674,20981.337890625,646800,0.0,0.0,0.005256274988244325
2001-01-10,20981.343171405366,22764.07114048967,18787.216316607235,18869.49609375,1035000,0.0,0.0,-0.10065334288423167
2001-01-11,20844.20549891079,21008.765011778436,19198.61037023432,20981.337890625,714600,0.0,0.0,0.11191829322747471
2001-01-12,22434.946861490007,23477.158203125,21968.69543414374,23477.158203125,642000,0.0,0.0,0.11895429764825427
2001-01-15,24683.931068063124,26274.673828125,24683.931068063124,26274.673828125,1010100,0.0,0.0,0.11915903964167307
2001-01-16,25918.12230540258,26878.052225482752,24629.073371920465,25561.576171875,822600,0.0,0.0,-0.027140114503978463
2001-01-17,25232.458498183194,26055.256075374236,23312.598556088433,24546.794921875,540300,0.0,0.0,-0.039699478747971306
2001-01-18,24272.52852713581,25232.458498183194,23861.12973854029,24546.794921875,315300,0.0,0.0,0.0
2001-01-19,24958.19805516858,25506.729333108215,24848.49115676994,25232.462890625,315300,0.0,0.0,0.02793309558059498
2001-01-22,26055.26007827643,27563.72307054924,25780.995248428113,27152.32421875,490200,0.0,0.0,0.07608695736310045
2001-01-23,27152.32421875,27152.32421875,27152.32421875,27152.32421875,0,0.0,0.0,0.0
2001-01-24,27152.32421875,27152.32421875,27152.32421875,27152.32421875,0,0.0,0.0,0.0
2001-01-25,27152.32421875,27152.32421875,27152.32421875,27152.32421875,0,0.0,0.0,0.0
2001-01-26,26905.480774147156,27152.32004730447,24409.660920992148,24546.794921875,521400,0.0,0.0,-0.09595971511992163
2001-01-29,23340.02207606197,24958.191577603855,23340.02207606197,23586.861328125,437100,0.0,0.0,-0.03910627015890167
2001-01-30,24135.395638014677,24491.94017613006,23367.4507127193,23449.73046875,410100,0.0,0.0,-0.005813866349885455
2001-01-31,23038.33436083242,24601.64990674605,22517.228643185656,24135.3984375,308400,0.0,0.0,0.02923990830784806
2001-02-01,24135.395791768697,27015.18566416241,23751.42252316167,26356.94921875,692100,0.0,0.0,0.0920453327921158
2001-02-02,26603.791828792415,28386.519575645296,26603.791828792415,27426.587890625,637200,0.0,0.0,0.040582795186101084
2001-02-05,25643.85546875,26603.786978769273,24629.072933508698,25643.85546875,192000,0.0,0.0,-0.06500015346365329
2001-02-06,24848.486703516322,25863.270912514236,24821.059582075348,25616.431640625,195900,0.0,0.0,-0.0010694112731378658
2001-02-07,25479.300989254716,26548.937974693123,25122.75639879306,25369.595703125,151200,0.0,0.0,-0.009635843936535826
2001-02-08,25369.59510436586,26384.377815762353,25369.59510436586,25890.69921875,161100,0.0,0.0,0.02054047379086965
2001-02-09,26055.26283102357,26768.35532083189,25671.291064453122,26329.529296875,261300,0.0,0.0,0.016949332824785168
2001-02-12,26000.41018066406,26987.767529296874,25726.143714812635,26329.529296875,248700,0.0,0.0,0.0
2001-02-13,26878.05582551049,27371.736018763007,26356.951722512065,26603.791015625,216000,0.0,0.0,0.010416506715999363
2001-02-14,26631.221284392712,26631.221284392712,26055.26283102357,26329.529296875,151500,0.0,0.0,-0.010309121680775468
2001-02-15,27152.321244633764,29483.580078125,27015.187237703747,29483.580078125,577200,0.0,0.0,0.11979138501440456
2001-02-16,30169.25033936517,32500.509438724162,29346.452632055698,31951.9765625,607800,0.0,0.0,0.08372105686739162
2001-02-19,31129.178855190527,32911.908292378896,30854.914024105216,31951.9765625,213600,0.0,0.0,0.0
2001-02-20,31951.976203081456,32363.375052108484,29620.717129946122,30169.25,218700,0.0,0.0,-0.05579393684809697
2001-02-21,28249.387767163713,29894.98323348497,28249.387767163713,28935.0546875,280500,0.0,0.0,-0.04090904853451771
2001-02-22,27700.85189048464,29483.57777079624,26356.94869130663,26878.052734375,330000,0.0,0.0,-0.07109030811728956
2001-02-23,26082.68942192492,26823.20741813099,25561.583629659828,25753.5703125,358200,0.0,0.0,-0.041836454187652916
2001-02-26,25918.1244140625,28797.916015625,25863.271776374928,28797.916015625,282600,0.0,0.0,0.11821062734930265
2001-02-27,29346.452499697134,29483.58330759453,25397.021915397643,27152.32421875,292800,0.0,0.0,-0.05714273893923938
2001-02-28,24738.782180708517,26878.056074143056,24711.356663682258,26082.685546875,144000,0.0,0.0,-0.03939400042727692
2001-03-01,26082.685546875,26082.685546875,26082.685546875,26082.685546875,0,0.0,0.0,0.0
2001-03-02,26110.115348528714,26411.807315942795,23806.28168857109,24272.533203125,174600,0.0,0.0,-0.06940053548154967
2001-03-05,23422.30606450407,24546.797265372006,22654.36265716077,24135.3984375,332100,0.0,0.0,-0.005649792070625104
2001-03-06,24409.6640625,25945.55414227568,24409.6640625,24409.6640625,340800,0.0,0.0,0.011363625328590476
2001-03-07,25259.888808283733,26466.65820481715,25259.888808283733,25918.126953125,367200,0.0,0.0,0.06179777348687132
2001-03-08,26247.245077139196,27015.188480354333,25972.978657689982,26082.685546875,241500,0.0,0.0,0.00634916998622681
2001-03-09,25534.154453498,27700.855482737436,25232.460908359506,26192.392578125,225300,0.0,0.0,0.0042061248276308305
2001-03-12,25232.46011781732,27015.187780486383,24382.23697149636,24958.1953125,201900,0.0,0.0,-0.04712044773854529
2001-03-13,23312.59807770766,24409.66042009936,22956.05193256579,23449.73046875,357300,0.0,0.0,-0.06043966019428115
2001-03-14,23449.73046875,23449.73046875,23449.73046875,23449.73046875,0,0.0,0.0,0.0
2001-03-15,23724.004323358473,25287.32017988786,23724.004323358473,24848.494140625,180900,0.0,0.0,0.059649456258742406
2001-03-16,24958.197056766687,25397.021418753397,24848.490162756643,25067.90234375,135300,0.0,0.0,0.008829839018948293
2001-03-19,24683.927315731336,25232.458498183194,24299.95564871769,24546.794921875,111600,0.0,0.0,-0.02078783516583005
2001-03-20,24848.489760956618,25205.03595545386,23998.264961937057,24382.23828125,160200,0.0,0.0,-0.0067037933526040705
2001-03-21,23586.86214882953,25451.870967327395,23586.86214882953,25122.751953125,243000,0.0,0.0,0.030371029244040226
2001-03-22,25424.446144028465,25780.992310634272,24821.060694470925,24930.767578125,152100,0.0,0.0,-0.007641852905215685
2001-03-23,25095.330078125,25424.449161116805,24875.917891806057,25095.330078125,88800,0.0,0.0,0.006600779518092015
2001-03-26,25780.993750233123,26795.776454348637,25314.740673937882,26192.392578125,186600,0.0,0.0,0.04371580276428744
2001-03-27,26603.79124283287,26603.79124283287,25506.72717284155,25534.154296875,126000,0.0,0.0,-0.025130895518103213
2001-03-28,26055.261054778068,26055.261054778068,24821.064453125,24821.064453125,140100,0.0,0.0,-0.027926902745992743
2001-03-29,23998.26381612693,24738.78168755398,23861.131412649316,24107.970703125,255000,0.0,0.0,-0.028729378280560436
2001-03-30,24382.234396057127,24464.514150366627,23175.463594833505,23751.421875,169800,0.0,0.0,-0.014789665729881718
2001-04-02,23751.420829500352,23998.26008156338,23312.596563850333,23586.861328125,90600,0.0,0.0,-0.006928450336196934
2001-04-03,22791.492420504386,23532.0102247807,22791.492420504386,23449.73046875,111900,0.0,0.0,-0.005813866349885455
2001-04-04,23449.73503542323,24546.79919848705,23312.6026176753,23806.28125,185100,0.0,0.0,0.015204898910252007
2001-04-05,23806.28125,23806.28125,23806.28125,23806.28125,0,0.0,0.0,0.0
2001-04-06,26055.258578907775,26055.258578907775,24601.649921875,24683.9296875,241500,0.0,0.0,0.03686625509811625
2001-04-09,24546.796074917627,24629.07583650168,23751.423974920734,23861.130859375,76500,0.0,0.0,-0.033333380808553636
2001-04-10,24135.400202920966,24519.37193467882,23449.734903971355,23696.57421875,99900,0.0,0.0,-0.006896430919171914
2001-04-11,24409.66248781212,25095.327715158663,24025.6907961519,24958.1953125,197700,0.0,0.0,0.053240653357890855
2001-04-12,25232.456709320715,25780.9894599107,24711.35268539456,25643.85546875,162900,0.0,0.0,0.027472345162175893
2001-04-13,26110.11140148619,26110.11140148619,25259.886667449176,25479.298828125,89400,0.0,0.0,-0.006417000783112803
2001-04-16,25616.437792647426,26823.207320469395,25479.303759535072,25972.982421875,192300,0.0,0.0,0.019375870469600764
2001-04-17,25780.997565993668,26192.39645477534,25561.583753958836,25863.27734375,53400,0.0,0.0,-0.004223815207013093
2001-04-18,26356.95252813463,28386.519575645296,26356.95252813463,27426.587890625,310500,0.0,0.0,0.06044518357426121
2001-04-19,29209.323511067367,30717.785156250004,29072.189465485644,30717.78515625,895800,0.0,0.0,0.12000024497214268
2001-04-20,31540.576139492285,31814.844170984485,28660.78430719789,29346.451171875,374400,0.0,0.0,-0.04464299679809369
2001-04-23,29209.321804470488,31266.316297743055,28797.922905815973,29620.720703125,261600,0.0,0.0,0.009345918170605039
2001-04-24,28797.91917605858,29072.184001622267,28112.255505122634,28660.78515625,128400,0.0,0.0,-0.03240756889395091
2001-04-25,28523.64864079539,32089.103515625,27975.115885416668,32089.103515625,356100,0.0,0.0,0.11961704261362116
2001-04-26,28523.64864079539,32089.103515625,27975.115885416668,32089.103515625,356100,0.0,0.0,0.0
2001-04-27,32089.10859375,33597.56989219055,31677.709765625,32911.90625,135900,0.0,0.0,0.02564118794949688
2001-04-30,33460.439092184446,34694.63557655945,32637.64143593445,32911.90625,289500,0.0,0.0,0.0
2001-05-01,32911.90625,32911.90625,32911.90625,32911.90625,0,0.0,0.0,0.0
2001-05-02,33734.70432827501,34420.367979043294,33049.040677506724,33597.5703125,220800,0.0,0.0,0.020833313551991584
2001-05-03,33597.56302569598,33597.56302569598,32226.236021579527,32637.634765625,81900,0.0,0.0,-0.02857157639514951
2001-05-04,31266.308701877275,34008.966288585645,31266.308701877275,32363.37109375,186000,0.0,0.0,-0.00840329496437231
2001-05-07,32774.77057422851,33460.437395708446,30443.511737734996,31403.443359375,460500,0.0,0.0,-0.02966093153875371
2001-05-08,30854.912971047797,31266.311810661766,27700.856272025165,27975.12109375,918000,0.0,0.0,-0.10917026602439539
2001-05-09,27152.32421875,28935.053647897894,26137.53984863628,27152.32421875,650700,0.0,0.0,-0.029411735957912355
2001-05-10,27152.320875563066,28386.517278997748,27097.466630726034,27399.16015625,438900,0.0,0.0,0.0090907848444719
2001-05-11,26878.056565738825,30032.11482249873,26878.056565738825,29346.451171875,560700,0.0,0.0,0.07107119358842118
2001-05-14,29346.455842039955,30169.253639348986,28523.658044730928,29620.720703125,324000,0.0,0.0,0.009345918170605039
2001-05-15,29894.982294226316,32911.908292378896,29894.982294226316,31951.9765625,886800,0.0,0.0,0.07870354954358194
2001-05-16,32637.637398208593,33734.69973280241,31266.30706942662,31814.83984375,498300,0.0,0.0,-0.004291963549790223
2001-05-17,32911.9138238443,35517.44140625,32226.25002386557,35517.44140625,706500,0.0,0.0,0.11637970144386478
2001-05-18,35517.43186384651,39768.55078125,34008.967409493984,39768.55078125,1449900,0.0,0.0,0.11969075492729409
2001-05-21,40591.350001922016,41139.882844533575,37711.55820280466,38122.95703125,1007700,0.0,0.0,-0.041379273764631685
2001-05-22,38808.62620987069,40317.08759973404,35517.4353854026,38671.4921875,1275900,0.0,0.0,0.014388578404355146
2001-05-23,38122.95931207081,39905.688746675536,37025.89677526596,38671.4921875,822300,0.0,0.0,0.0
2001-05-24,37300.159743255615,38122.957408283706,36614.49609375,36614.49609375,306600,0.0,0.0,-0.053191536643494075
2001-05-25,35928.82264373129,37163.018804614585,35654.5546875,35654.5546875,274200,0.0,0.0,-0.02621752334900651
2001-05-28,34968.89605543127,36340.226383858,34420.36328125,34420.36328125,209100,0.0,0.0,-0.034615252302749755
2001-05-29,34420.3585266167,36340.221364025725,34420.3585266167,35654.5546875,357600,0.0,0.0,0.035856431733894745
2001-05-30,34968.90036173365,36888.76048671301,34968.90036173365,35928.83203125,168300,0.0,0.0,0.007692631310471931
2001-05-31,35517.42392343686,36477.35212808887,34968.89122502678,35654.5546875,234000,0.0,0.0,-0.007633906482443997
2001-06-01,36340.2308590351,36614.49567287405,35243.1651755726,35928.83203125,148200,0.0,0.0,0.007692631310471931
2001-06-04,35928.832830114814,36340.23166704722,34557.50230232232,35106.03515625,129300,0.0,0.0,-0.022900740950453136
2001-06-05,35106.03515625,35928.832830114814,34420.368285327044,35106.03515625,185700,0.0,0.0,0.0
2001-06-06,35106.03515625,35106.03515625,35106.03515625,35106.03515625,0,0.0,0.0,0.0
2001-06-07,34557.50395243648,35106.0368325565,33186.17335916321,33460.44140625,175200,0.0,0.0,-0.046874953057951085
2001-06-08,34283.231649915215,34557.49642319277,33460.434116029675,34146.09765625,213600,0.0,0.0,0.02049154826367383
2001-06-11,33323.30859375,34008.972308278404,32911.90972222222,33323.30859375,150900,0.0,0.0,-0.024096137449820643
2001-06-12,32911.90972222222,34146.106336805555,32911.90972222222,33323.30859375,103500,0.0,0.0,0.0
2001-06-13,33734.70623928323,33871.84026282663,33049.04254967337,33460.44140625,73500,0.0,0.0,0.004115221995865115
2001-06-14,33323.30693933823,36065.96487534,33323.30693933823,34968.90234375,223800,0.0,0.0,0.04508191984634835
2001-06-15,34694.64093932609,35380.3046875,33734.709120639534,35380.3046875,215100,0.0,0.0,0.011764805761011576
2001-06-18,35380.308350410436,35380.308350410436,34146.11154748914,34694.64453125,90600,0.0,0.0,-0.0193797131569714
2001-06-19,34008.96793271395,34557.50076219512,33597.56911411639,33734.703125,175500,0.0,0.0,-0.027668287691645532
2001-06-20,33460.439092184446,33871.83792030945,31540.575751565553,32911.90625,168600,0.0,0.0,-0.024390221308639437
2001-06-21,33186.16869116782,34008.966288585645,32363.37109375,32363.37109375,189600,0.0,0.0,-0.016666769529643966
2001-06-22,32089.112836234177,33323.309483781646,32089.112836234177,32500.51171875,111600,0.0,0.0,0.004237525954967181
2001-06-25,32500.502278645832,33323.2998046875,31814.838744962057,32089.103515625,125700,0.0,0.0,-0.012658514631560536
2001-06-26,32089.114095052086,32363.378956137127,29346.455842039955,29620.720703125,222600,0.0,0.0,-0.07692277259469349
2001-06-27,28797.916383605072,29620.713994565216,27289.455168195862,28386.517578125,494400,0.0,0.0,-0.04166688371190752
2001-06-28,28797.915907413528,30169.246307689016,27563.719511381518,27700.853515625,362400,0.0,0.0,-0.02415456776664926
2001-06-29,28523.65658778317,29483.58515957599,28249.388526653453,29209.3203125,279000,0.0,0.0,0.054455607153914176
2001-07-02,29483.58310891928,31129.178505027397,29483.58310891928,30169.25,236100,0.0,0.0,0.03286381460540877
2001-07-03,30169.247667159434,30717.777280744685,29209.316022305353,30580.646484375,143400,0.0,0.0,0.013636284772574614
2001-07-04,30580.646102030296,30580.646102030296,29483.580460469704,30032.11328125,61500,0.0,0.0,-0.017937266414732922
2001-07-05,29620.719483701054,30169.25239734307,29346.45463390693,29757.853515625,101700,0.0,0.0,-0.00913221667275177
2001-07-06,28935.055122768972,29346.453995537944,28386.522221059113,28523.65625,99000,0.0,0.0,-0.04147467373535385
2001-07-09,27426.59027646728,27700.858332647913,25918.128823688487,27015.19140625,239100,0.0,0.0,-0.05288469439292165
2001-07-10,27426.58904859832,27975.121922348484,27042.618929621378,27152.32421875,188700,0.0,0.0,0.005076136994101477
2001-07-11,26055.25936429136,26356.952918694755,25643.860523765565,25918.126953125,252900,0.0,0.0,-0.04545457161169009
2001-07-12,26603.791828792415,27700.855922947023,26466.6578126314,27426.587890625,202200,0.0,0.0,0.05820100118454441
2001-07-13,27837.990841490504,28249.389736754176,26110.117088410017,26329.529296875,187500,0.0,0.0,-0.03999982054366302
2001-07-16,26055.25856414326,26713.49668877026,25726.13950182976,26192.392578125,81600,0.0,0.0,-0.005208475898058507
2001-07-17,26192.392578125,26192.392578125,26192.392578125,26192.392578125,0,0.0,0.0,0.0
2001-07-18,26055.262570648978,26219.822127109976,24409.667006039002,24574.2265625,263400,0.0,0.0,-0.06178000008202522
2001-07-19,23861.1327426754,24190.25181498816,23422.306777249472,24080.544921875,491400,0.0,0.0,-0.020089407061069098
2001-07-20,23586.866385582078,23970.83970913975,22956.055364061227,23312.6015625,438300,0.0,0.0,-0.03189061384891634
2001-07-23,23586.868098583644,23586.868098583644,21804.140190972223,22215.5390625,357000,0.0,0.0,-0.04705877621846821
2001-07-24,22242.96576294833,23010.90923705167,21200.754237051668,22626.9375,506700,0.0,0.0,0.018518498981392906
2001-07-25,22105.834487984655,23422.3110154483,21996.12918204736,22681.79296875,320100,0.0,0.0,0.0024243434954465126
2001-07-26,23038.3343897544,23861.132046531344,22846.34773416422,23175.466796875,310200,0.0,0.0,0.021765202989250554
2001-07-27,23449.732366421016,23970.8380657948,23367.452603731817,23669.14453125,237300,0.0,0.0,0.02130173854541595
2001-07-30,23806.278540416406,24053.117828483995,23641.719015038012,23669.14453125,208800,0.0,0.0,0.0
2001-07-31,23586.869623374594,23833.708962248376,23449.737193009256,23504.58984375,197100,0.0,0.0,-0.006952287070736363
2001-08-01,23504.583586082,24958.19371047052,23449.73094994477,24546.794921875,455100,0.0,0.0,0.04434049200829282
2001-08-02,24821.064030413578,25561.581978794136,24135.400334745736,25232.462890625,322500,0.0,0.0,0.02793309558059498
2001-08-03,25561.579431753515,25945.552734375,24546.796749032852,25945.552734375,246000,0.0,0.0,0.02826081016510451
2001-08-06,26219.820792838877,27371.73923647409,26055.261244751968,27015.19140625,427800,0.0,0.0,0.041226281930692776
2001-08-07,26603.788602467394,27371.733535947198,26219.815332214243,26686.068359375,196500,0.0,0.0,-0.012182887839871315
2001-08-08,26466.654602937055,26878.053387475073,25863.27079029896,26686.068359375,184200,0.0,0.0,0.0
2001-08-09,25918.127014564277,27975.12122206938,25918.127014564277,27344.30859375,295200,0.0,0.0,0.024666062662758392
2001-08-10,27837.98672505464,28249.385559484286,27371.736855403313,27426.587890625,300300,0.0,0.0,0.0030090099587964936
2001-08-13,27426.587342600567,27700.855369442303,26905.483234086594,27179.748046875,87600,0.0,0.0,-0.009000020153231536
2001-08-14,27316.88039602102,27837.984472786844,27207.175120400094,27399.16015625,177900,0.0,0.0,0.008072632203823149
2001-08-15,27399.16015625,27399.16015625,27399.16015625,27399.16015625,0,0.0,0.0,0.0
2001-08-16,27124.899674546617,29620.718393782645,27015.19116742277,28935.0546875,321000,0.0,0.0,0.056056263129643735
2001-08-17,28935.05002038378,29620.71361607143,28523.651220160566,28797.916015625,147600,0.0,0.0,-0.004739533875297797
2001-08-20,28112.255111639137,28523.65395125311,27563.72225413603,27975.12109375,96600,0.0,0.0,-0.028571335558745692
2001-08-21,27837.98931934925,29072.18593765617,27837.98931934925,28523.65625,111600,0.0,0.0,0.01960796360493866
2001-08-22,27975.1203125,30854.912109375,27975.1203125,30854.912109375,364500,0.0,0.0,0.0817306112141567
2001-08-23,31403.44411880614,32226.241753237275,30580.646484375004,30580.646484375,413700,0.0,0.0,-0.008888880448849723
2001-08-24,30717.783361519072,31540.5811588281,29483.58666555553,29620.720703125,195600,0.0,0.0,-0.0313899767207495
2001-08-27,30443.518500434027,30717.783361519072,29620.720703125,29620.720703125,130800,0.0,0.0,0.0
2001-08-28,29346.454243949272,30443.516842601697,29072.186183745875,30306.3828125,127800,0.0,0.0,0.023148056262610295
2001-08-29,29620.7195248251,31129.181021867713,29483.585492710765,29894.984375,251700,0.0,0.0,-0.013574646636163923
2001-08-30,29346.45230194594,30443.51482800018,29209.318280919095,30169.25,106800,0.0,0.0,0.009174302336460105
2001-08-31,29620.713994565216,29757.848001076298,27975.118772644928,28386.517578125,177300,0.0,0.0,-0.059091042099985946
2001-09-03,28523.650818152066,28660.781606925015,27289.45443487702,28249.3828125,97500,0.0,0.0,-0.004830982358000724
2001-09-04,28523.65167177441,29620.714085055017,28249.38365791437,29483.580078125,106200,0.0,0.0,0.04368935327956547
2001-09-05,29209.320601982985,30306.383215213253,28935.05575218886,29757.853515625,147000,0.0,0.0,0.00930258254842986
2001-09-06,30169.25239734307,30443.517247137195,29620.719483701054,29757.853515625,54900,0.0,0.0,0.0
2001-09-07,29483.580460469704,30306.378084613538,29209.315657106163,30032.11328125,68700,0.0,0.0,0.009216382676290547
2001-09-10,29483.580078125,30169.24689872191,29209.315278318143,29483.580078125,72600,0.0,0.0,-0.018264888587359862
2001-09-11,29483.58481042514,29757.85286830692,28386.522221059113,28523.65625,87300,0.0,0.0,-0.03255791276301634
2001-09-12,25232.462890625,26027.835091718283,25232.462890625,25232.462890625,242700,0.0,0.0,-0.11538469439292165
2001-09-13,25397.024598601696,26548.94150533998,25232.465040496227,26329.529296875,237600,0.0,0.0,0.04347837192926618
2001-09-14,26027.827686726516,26055.253198253442,23641.714976356187,25040.470703125,185700,0.0,0.0,-0.048958664593483525
2001-09-17,24409.66549124839,24409.66549124839,23586.86776000376,24162.826171875,150300,0.0,0.0,-0.035049042873641856
2001-09-18,25561.576785465986,26274.669069638512,24985.61849818705,25589.00390625,100200,0.0,0.0,0.05902363093747032
2001-09-19,25918.12695485374,26027.833848010174,25013.049505636624,25369.595703125,74100,0.0,0.0,-0.00857431590259794
2001-09-20,25780.993764842224,25780.993764842224,24162.823969532776,24683.9296875,171900,0.0,0.0,-0.027027076964436625
2001-09-21,24135.399239489627,24601.65072422864,23861.132809452527,24409.6640625,43500,0.0,0.0,-0.011111100561062126
2001-09-24,24409.6640625,24409.6640625,24409.6640625,24409.6640625,0,0.0,0.0,0.0
2001-09-25,24683.930492537096,25095.329334079383,24382.238544414995,24409.6640625,71700,0.0,0.0,0.0
2001-09-26,24574.220436430358,24683.927315731336,24299.95564871769,24546.794921875,27300,0.0,0.0,0.005617892119444301
2001-09-27,24546.7962099323,24821.061012036615,24437.08932487461,24738.78125,28500,0.0,0.0,0.00782123811829738
2001-09-28,24738.78125,24738.78125,24738.78125,24738.78125,0,0.0,0.0,0.0
2001-10-01,24738.78125,24738.78125,24738.78125,24738.78125,0,0.0,0.0,0.0
2001-10-02,24738.78125,24738.78125,24738.78125,24738.78125,0,0.0,0.0,0.0
2001-10-03,24738.78125,24738.78125,24738.78125,24738.78125,0,0.0,0.0,0.0
2001-10-04,26905.48115539598,28797.91560975105,26603.789241826482,28249.3828125,123600,0.0,0.0,0.14190681129451366
2001-10-05,27837.98672505464,28112.254757376668,27179.748589967214,27426.587890625,43500,0.0,0.0,-0.029126120288579305
2001-10-08,27426.589262597918,27563.72328561885,26603.793159606223,27042.619140625,24600,0.0,0.0,-0.013999873098733073
2001-10-09,27207.172277818594,27975.11555503731,27207.172277818594,27563.716796875,51900,0.0,0.0,0.019269496550619936
2001-10-10,27563.719511381518,28249.383104492706,27563.719511381518,27700.853515625,71100,0.0,0.0,0.004975262217377985
2001-10-11,28797.922905815973,30306.38446286456,28797.922905815973,29620.720703125,200400,0.0,0.0,0.06930714919730097
2001-10-12,30169.248467184447,30992.046123434448,30169.248467184447,30854.912109375,260100,0.0,0.0,0.0416664880851394
2001-10-15,30854.91571885307,30854.91571885307,29620.719090098948,30306.3828125,69900,0.0,0.0,-0.01777769759740566
2001-10-16,30306.3828125,30580.650872703394,29346.454243949272,30306.3828125,78300,0.0,0.0,0.0
2001-10-17,30580.643092664013,31540.57141699881,30306.3751022373,31266.306640625,143100,0.0,0.0,0.03167398214639716
2001-10-18,30717.776896685456,30717.776896685456,30032.11328125,30032.11328125,34200,0.0,0.0,-0.03947358968748116
2001-10-19,29620.722433758456,32911.913815287175,29209.323511067367,30717.78515625,181200,0.0,0.0,0.022831289579214653
2001-10-22,30717.785156250004,31677.717047213904,30443.520279140637,30717.78515625,40800,0.0,0.0,0.0
2001-10-23,30717.778095315552,31403.44495155945,30443.51328125,30854.912109375,119100,0.0,0.0,0.004464089856331954
2001-10-24,30443.507059364918,32911.89952363775,30443.507059364918,32637.634765625,135300,0.0,0.0,0.0577775963169358
2001-10-25,32911.89952363775,34008.96176974144,32089.102035546806,32637.634765625,193500,0.0,0.0,0.0
2001-10-26,32911.90972222222,33597.57343675062,32911.90972222222,33323.30859375,132600,0.0,0.0,0.021008686231367868
2001-10-29,34008.968720315555,34008.968720315555,32774.77223594055,32911.90625,42600,0.0,0.0,-0.01234578321034907
2001-10-30,32500.505842408485,32500.505842408485,31129.17541061825,31540.57421875,80700,0.0,0.0,-0.04166674579203389
2001-10-31,30443.509514968024,33049.03617543789,30443.509514968024,31814.83984375,138300,0.0,0.0,0.008695644635314137
2001-11-01,32637.639102258017,32774.76989245891,31951.972295041087,32363.37109375,30900,0.0,0.0,0.017241364491977995
2001-11-02,32911.903896712916,33186.16869116782,32089.106299295097,32363.37109375,37800,0.0,0.0,0.0
2001-11-05,32089.102035546806,32774.76553760503,32089.102035546806,32637.634765625,20400,0.0,0.0,0.008474508761170618
2001-11-06,33734.700060946954,34146.09884217801,33049.03649691284,34008.96484375,137100,0.0,0.0,0.042016833878211424
2001-11-07,34283.232840606026,34283.232840606026,33597.56606251894,34008.96484375,76200,0.0,0.0,0.0
2001-11-08,33871.835575356214,34283.234375,33460.43677571243,34283.234375,52800,0.0,0.0,0.008064624504453333
2001-11-09,34283.234375,34283.234375,34283.234375,34283.234375,0,0.0,0.0,0.0
2001-11-12,32911.91480216667,33734.71267222084,32911.91480216667,33186.1796875,20400,0.0,0.0,-0.031999742950157395
2001-11-13,33186.17029551883,34146.10194359756,33049.03949868849,33734.703125,47400,0.0,0.0,0.01652867074984865
2001-11-14,34283.23748238518,35243.16595919186,33734.7046284575,35106.03515625,146700,0.0,0.0,0.04065048464095522
2001-11-15,35106.03197428757,35243.16276480009,33460.43677571243,34283.234375,47400,0.0,0.0,-0.02343758779901739
2001-11-16,34557.50076219512,34557.50076219512,33186.17029551883,33734.703125,144000,0.0,0.0,-0.01599998541561176
2001-11-19,32911.90548780488,34008.96793271395,32911.90548780488,33734.703125,41700,0.0,0.0,0.0
2001-11-20,33597.57856372829,34694.64453125,33597.57856372829,34694.64453125,134400,0.0,0.0,0.028455605573081577
2001-11-21,34557.50193117978,36614.49609375,34557.50193117978,36614.49609375,175800,0.0,0.0,0.05533567466790901
2001-11-22,37025.8925985477,39082.88663180035,36614.49379189717,37985.82421875,226200,0.0,0.0,0.03745314755906426
2001-11-23,39768.55597292584,39768.55597292584,37985.829696402056,38534.359375,145500,0.0,0.0,0.014440522682649615
2001-11-26,38808.62869229156,42236.95054437177,38534.36063000644,41002.75390625,250500,0.0,0.0,0.06405697593746495
2001-11-27,41414.15155885712,42374.0833203125,39494.29125,41139.88671875,179700,0.0,0.0,0.003344478100508752
2001-11-28,40865.61604217057,43334.00889275699,39220.0208084463,40179.94921875,348000,0.0,0.0,-0.02333349886358571
2001-11-29,39357.165688321176,40591.36255534923,36340.24215606658,40317.09765625,275700,0.0,0.0,0.0034133551725843425
2001-11-30,41139.887498444936,42374.08412339829,39494.29199850714,41414.15234375,145500,0.0,0.0,0.027210656304024194
2001-12-03,41551.288900504645,42922.61963853927,41139.89000049965,42648.3515625,94200,0.0,0.0,0.02980138790493103
2001-12-04,42236.9407655944,42236.9407655944,40317.08084435697,40454.21484375,112200,0.0,0.0,-0.05144716356819912
2001-12-05,40865.6136278761,41277.01241200219,39494.28327610479,40454.21484375,138000,0.0,0.0,0.0
2001-12-06,40179.957951948985,40865.62492440073,37574.4337416048,39357.16015625,285000,0.0,0.0,-0.02711842738110859
2001-12-07,38397.227356812175,39905.688746675536,37025.89677526596,38671.4921875,164100,0.0,0.0,-0.017421683018486678
2001-12-10,38122.96102355618,39082.89279513889,37025.8984375,37025.8984375,101400,0.0,0.0,-0.04255314850591452
2001-12-11,35791.68866561564,36751.62008432015,34831.75724691113,35654.5546875,241200,0.0,0.0,-0.03703741996469956
2001-12-12,35654.56856997177,39905.69140625,35654.56856997177,39905.69140625,346800,0.0,0.0,0.11923123864565865
2001-12-13,40865.62492440073,41414.15464549745,38397.23153730378,39357.16015625,168000,0.0,0.0,-0.01374568966656442
2001-12-14,39357.16015625,40865.62492440073,37985.83263945429,39357.16015625,226500,0.0,0.0,0.0
2001-12-17,37848.696180555555,38397.22908061049,36477.36553744507,37025.8984375,169500,0.0,0.0,-0.05923348405969253
2001-12-18,37300.15388701598,38945.74895870863,37025.88911308482,37574.421875,122100,0.0,0.0,0.014814588184157484
2001-12-19,37025.89677526596,38671.4921875,36614.49792220745,38671.4921875,142200,0.0,0.0,0.029197263929958917
2001-12-20,37711.56328178336,41139.88838523777,37711.56328178336,40591.35546875,166500,0.0,0.0,0.04964544093466783
2001-12-21,39357.165688321176,41277.02962417883,39357.165688321176,40317.09765625,88500,0.0,0.0,-0.0067565571371752675
2001-12-24,40454.21761106596,40728.48241456041,39631.419986529385,39768.55078125,30600,0.0,0.0,-0.013605812592885513
2001-12-25,39768.55078125,39768.55078125,39768.55078125,39768.55078125,0,0.0,0.0,0.0
2001-12-26,40317.09198925011,41139.88978494909,39357.16015625,39357.16015625,34200,0.0,0.0,-0.010344621991957514
2001-12-27,39631.417618562686,41277.01276931196,39220.018830875364,40042.81640625,73200,0.0,0.0,0.017421385264533962
2001-12-28,40042.818879844664,43059.74136654957,40042.818879844664,42785.4765625,150300,0.0,0.0,0.06849318810207161
2001-12-31,42785.4765625,42785.4765625,42785.4765625,42785.4765625,0,0.0,0.0,0.0
2002-01-01,42785.4765625,42785.4765625,42785.4765625,42785.4765625,0,0.0,0.0,0.0
2002-01-02,43334.008724102394,45528.13355115984,42648.34190335041,44705.3359375,153300,0.0,0.0,0.044871753904517364
2002-01-03,44705.3359375,44705.3359375,44705.3359375,44705.3359375,0,0.0,0.0,0.0
2002-01-04,45253.87338010214,46762.334754754374,44705.340510204274,45802.40625,188400,0.0,0.0,0.024540030613655395
2002-01-07,45802.40876811049,45939.53958258396,44431.078125,44431.078125,55800,0.0,0.0,-0.029940089119226188
2002-01-08,44156.81007510095,47996.53045446384,43745.4112334511,46625.203125,278400,0.0,0.0,0.049382663950380934
2002-01-09,47310.868924313625,50464.92578125,46899.4700641022,50464.92578125,356700,0.0,0.0,0.0823529421621152
2002-01-10,51287.72445389596,51287.72445389596,48407.93237894892,48545.06640625,152400,0.0,0.0,-0.03804343997892723
2002-01-11,48956.46132233423,50053.52381002701,46488.06831448545,47448.0,103500,0.0,0.0,-0.02259892688309839
2002-01-14,47447.996105265775,53070.4453125,47447.996105265775,53070.4453125,195900,0.0,0.0,0.11849699276049575
2002-01-15,52384.7892716057,53344.71780272996,49642.128060827155,50464.92578125,206400,0.0,0.0,-0.04909549026595983
2002-01-16,50739.193830760014,51836.256386639274,49093.59838991432,50464.92578125,86100,0.0,0.0,0.0
2002-01-17,49367.86322537073,50464.92578125,48545.06550494789,50464.92578125,69000,0.0,0.0,0.0
2002-01-18,49504.995003606105,50464.92349116914,48819.328125,48819.328125,78000,0.0,0.0,-0.032608740244326584
2002-01-21,47310.86973003431,49779.26293334045,47310.86973003431,49642.12890625,96600,0.0,0.0,0.016853996415994388
2002-01-22,49916.40036334348,54441.78499718999,49916.40036334348,52659.05859375,184200,0.0,0.0,0.06077357587136367
2002-01-23,51287.7278715198,53070.45748901367,51287.7278715198,52659.05859375,145800,0.0,0.0,0.0
2002-01-24,54578.92010844495,58967.17053385342,53893.25316717785,56224.515625,535800,0.0,0.0,0.06770833217427064
2002-01-25,59789.952343953846,62944.01171875,58967.15480514666,62944.01171875,381900,0.0,0.0,0.1195118538426716
2002-01-28,65823.8161588425,70486.33432739148,63355.4230528859,64315.3515625,513000,0.0,0.0,0.021786660975431582
2002-01-29,63081.15602575911,63355.42407354176,58830.03663971736,59104.3046875,300000,0.0,0.0,-0.08102337542127935
2002-01-30,59104.2964414372,60064.22483258929,55813.10603965149,57595.83203125,417600,0.0,0.0,-0.02552221304735236
2002-01-31,57595.83203125,57595.83203125,57595.83203125,57595.83203125,0,0.0,0.0,0.0
2002-02-01,56224.50982214266,58281.50400553682,56087.3725911785,56361.640625,212400,0.0,0.0,-0.021428484713622353
2002-02-04,55127.43359375,58418.623659048506,54990.302817064425,55127.43359375,111000,0.0,0.0,-0.021897996892279115
2002-02-05,53618.973884957806,56910.16081803169,53481.8398908099,56087.36328125,152700,0.0,0.0,0.017412921750974197
2002-02-06,55401.71700892411,58418.639933194114,55401.71700892411,57047.3125,131700,0.0,0.0,0.017115249542688282
2002-02-07,56910.172793684396,57870.10774066675,53893.25,53893.25,165300,0.0,0.0,-0.055288537913157576
2002-02-08,53893.255279541016,54716.05307006836,51150.59704913449,52659.05859375,280200,0.0,0.0,-0.022900667639268346
2002-02-11,52659.05859375,52659.05859375,52659.05859375,52659.05859375,0,0.0,0.0,0.0
2002-02-12,52659.05859375,52659.05859375,52659.05859375,52659.05859375,0,0.0,0.0,0.0
2002-02-13,52659.05859375,52659.05859375,52659.05859375,52659.05859375,0,0.0,0.0,0.0
2002-02-14,53893.24227797749,56635.90306078019,53481.8434819624,55813.10546875,206100,0.0,0.0,0.0598956183271826
2002-02-15,54990.307664179054,57458.70043072915,54853.17044729994,56498.765625,120600,0.0,0.0,0.012284931119518339
2002-02-18,56498.775956239304,58144.37143484926,56498.775956239304,57458.7109375,186000,0.0,0.0,0.016990553720614976
2002-02-19,57595.836820149874,58281.503686901546,54578.91417703476,54853.17578125,219900,0.0,0.0,-0.045346216678688434
2002-02-20,53618.9871563364,54716.04973889791,52110.522489503936,54030.3828125,224100,0.0,0.0,-0.014999914900665545
2002-02-21,54030.3828125,55127.44860911519,53344.719100155766,54030.3828125,167100,0.0,0.0,0.0
2002-02-22,53070.45757237114,54578.92233340985,52796.19271311586,54167.5234375,116400,0.0,0.0,0.0025382130916213885
2002-02-25,54304.64528172764,54716.04410961951,51973.38632835812,52384.78515625,258300,0.0,0.0,-0.03291157077371232
2002-02-26,52933.314784070266,53481.84762594388,52110.51712828652,52384.78515625,147600,0.0,0.0,0.0
2002-02-27,51561.987500466246,53070.448798052006,50739.18984468249,52384.78515625,267300,0.0,0.0,0.0
2002-02-28,51836.24524525754,52384.77801232552,51424.84647346978,51561.98046875,178200,0.0,0.0,-0.015706940193527363
2002-03-01,51561.98046875,51561.98046875,51561.98046875,51561.98046875,0,0.0,0.0,0.0
2002-03-04,52384.79055638646,57732.97265625,52110.522500149804,57732.97265625,510000,0.0,0.0,0.11968105436213872
2002-03-05,60201.356576460625,62806.88663786507,57595.83294316253,58967.16015625,474600,0.0,0.0,0.02137751519133646
2002-03-06,58967.17031915198,59241.438380281696,56773.04511443662,58418.640625,151200,0.0,0.0,-0.00930211883693477
2002-03-07,58692.89857049632,60338.49379744382,58418.630556636286,58967.16015625,156900,0.0,0.0,0.009389460716332731
2002-03-08,58967.15978957135,61161.291030595035,58692.898205523124,59378.55859375,127500,0.0,0.0,0.006976738177824515
2002-03-11,60338.49729469386,65686.68209225676,60338.49729469386,65412.4140625,364800,0.0,0.0,0.1016167386283624
2002-03-12,66098.07580193385,68703.59938438822,62395.48661355365,64726.7421875,339300,0.0,0.0,-0.010482289712543835
2002-03-13,65686.6775015214,68429.33189498232,65275.27869969163,68155.0703125,241800,0.0,0.0,0.052966177643683165
2002-03-14,68840.7265625,69389.26255073422,65823.80433963535,68840.7265625,165300,0.0,0.0,0.010060238319118175
2002-03-15,68840.72420278421,68840.72420278421,64178.20703125,64178.20703125,307800,0.0,0.0,-0.06772908660423471
2002-03-18,65686.68252174181,69937.8016561799,65001.015656920135,67195.140625,329100,0.0,0.0,0.04700869240988581
2002-03-19,67195.1369618359,68017.93458352413,65549.54171845946,66509.4765625,201300,0.0,0.0,-0.010204072141563492
2002-03-20,67195.13651881753,67332.27374026571,63081.1484375,63081.1484375,175800,0.0,0.0,-0.051546460778087
2002-03-21,61709.83312396858,63492.55949373625,60612.767281284374,62669.76171875,127200,0.0,0.0,-0.006521547703869035
2002-03-22,64041.08203125,64315.343612606215,61984.08803054718,64041.08203125,143400,0.0,0.0,0.02188169022652775
2002-03-25,62532.62298995114,65549.5456406237,62395.4921875,62395.4921875,109200,0.0,0.0,-0.025695846971277025
2002-03-26,61435.55320497299,63492.54724563175,61435.55320497299,63081.1484375,84900,0.0,0.0,0.01098887477222843
2002-03-27,62806.87577661122,64452.4707189844,61435.54237256341,62258.33984375,117900,0.0,0.0,-0.013043652725587718
2002-03-28,62258.36058142112,68155.0820411373,62258.36058142112,64452.4921875,219900,0.0,0.0,0.03524270562396414
2002-03-29,64452.49175513342,65412.42030878633,63492.55677337317,64863.890625,86700,0.0,0.0,0.006382971760086287
2002-04-01,64726.74509921392,65412.41193727537,60887.024947904116,61161.29296875,126300,0.0,0.0,-0.05708257122064975
2002-04-02,60338.5,61572.69654708109,59515.70230194594,60338.5,104400,0.0,0.0,-0.013452838042034232
2002-04-03,60338.49767648966,61846.95577942983,58281.50351056509,58692.90234375,171900,0.0,0.0,-0.027272763761942986
2002-04-04,58144.366602340015,62669.75379240227,57595.83696442868,62395.4921875,193500,0.0,0.0,0.06308411572603512
2002-04-05,62395.4921875,62395.4921875,62395.4921875,62395.4921875,0,0.0,0.0,0.0
2002-04-08,62395.488042684665,64178.21406855347,61984.089234552914,63081.1484375,162900,0.0,0.0,0.01098887477222843
2002-04-09,63081.149209698284,67058.00654635612,63081.149209698284,66098.078125,269700,0.0,0.0,0.047826169342638725
2002-04-10,65823.8125,66098.0805281189,63903.9491593811,65823.8125,145800,0.0,0.0,-0.004149373669856571
2002-04-11,65001.00912815129,67058.00308790291,65001.00912815129,65960.9375,100800,0.0,0.0,0.002083212667148393
2002-04-12,63081.15541769053,65960.94739327367,63081.15541769053,63903.953125,93900,0.0,0.0,-0.031184886888546703
2002-04-15,67058.00943071784,68155.07512238888,64726.7472464569,67606.5390625,170400,0.0,0.0,0.057939857496100755
2002-04-16,67469.40826158113,69389.27161497879,66372.3425699101,67606.5390625,98700,0.0,0.0,0.0
2002-04-17,68292.20388719512,68566.47190896235,65549.54295384254,67469.40625,128700,0.0,0.0,-0.0020283956907367617
2002-04-18,68017.9332861478,71994.7905244883,67469.40369152048,70349.1953125,194700,0.0,0.0,0.04268288729011904
2002-04-19,71034.86922039655,71034.86922039655,68017.94007841032,68977.875,69300,0.0,0.0,-0.01949304901652993
2002-04-22,68566.47823880649,71309.1329972459,65960.94786174978,66920.8828125,92700,0.0,0.0,-0.029821043160578653
2002-04-23,66372.34259853509,66372.34259853509,63081.15195020927,63492.55078125,173100,0.0,0.0,-0.05122962948435028
2002-04-24,63903.950709069264,64178.218743839236,61298.4268771285,61984.09375,84600,0.0,0.0,-0.023758015904055685
2002-04-25,61435.562857464116,62806.896718765616,57047.3125,57047.3125,154500,0.0,0.0,-0.07964593739018733
2002-04-26,57321.57412977439,58692.90799107589,55813.115881693084,57047.3125,156900,0.0,0.0,0.0
2002-04-29,57047.309207783765,63766.82159918957,57047.309207783765,60338.5,287100,0.0,0.0,0.05769224448566268
2002-04-30,59789.9608781311,63355.41953125,58144.3655656311,61709.82421875,96600,0.0,0.0,0.022727184446911908
2002-05-01,61709.82421875,61709.82421875,61709.82421875,61709.82421875,0,0.0,0.0,0.0
2002-05-02,64452.48521561889,65960.94330000611,63081.15150313111,65823.8125,75900,0.0,0.0,0.06666666666666665
2002-05-03,64589.602815139086,66920.86450743189,63903.93609902817,65275.26953125,48900,0.0,0.0,-0.00833350345287276
2002-05-06,63355.41500117237,65686.67700322495,62806.88541226256,64726.7421875,52500,0.0,0.0,-0.00840329496437231
2002-05-07,63081.1484375,64041.08327521168,61984.089234552914,63081.1484375,28200,0.0,0.0,-0.025423707333099732
2002-05-08,63081.13731493659,63903.93478612317,60887.01286780743,62258.33984375,223800,0.0,0.0,-0.013043652725587718
2002-05-09,63629.67748992411,65823.80208333333,62806.87996388245,64178.20703125,112200,0.0,0.0,0.03083710860775124
2002-05-10,63081.1478852621,63903.9454943225,60612.75505808089,61298.421875,73500,0.0,0.0,-0.044871698501140145
2002-05-13,60338.49254821944,61298.42093469605,59241.42694359887,59927.09375,60000,0.0,0.0,-0.02237134469458968
2002-05-14,60338.49379744382,61435.55299667125,57870.100957022565,58967.16015625,141300,0.0,0.0,-0.016018357201745714
2002-05-15,59378.56310872063,62395.4921875,58144.366602340015,62395.4921875,200700,0.0,0.0,0.058139683548702026
2002-05-16,62395.49928990353,62395.49928990353,59789.96875,59789.96875,122100,0.0,0.0,-0.041758199930058026
2002-05-17,59241.44140625,60887.037000868055,58967.17333111106,59241.44140625,154500,0.0,0.0,-0.009174237003594321
2002-05-20,58830.02734375,60338.49172603538,58692.89655558083,58830.02734375,96900,0.0,0.0,-0.006944700411300131
2002-05-21,58418.62829454342,58692.89629778322,56635.90234375,56635.90234375,119700,0.0,0.0,-0.037296005102623875
2002-05-22,54716.0402240857,55813.105829927335,53481.843828053694,55401.70703125,384300,0.0,0.0,-0.02179174801540351
2002-05-23,53481.84940049704,54578.91512064543,48819.328125,48819.328125,507600,0.0,0.0,-0.11881184279280654
2002-05-24,46899.46637740886,50053.5229864098,43745.40976840792,48270.796875,1030500,0.0,0.0,-0.011235944267719233
2002-05-27,48545.06023185484,53481.84601814516,48407.926221995695,51013.453125,573000,0.0,0.0,0.056818126642952826
2002-05-28,51013.44978584476,51013.44978584476,47996.524264793254,49093.58984375,272100,0.0,0.0,-0.037634450593761914
2002-05-29,49916.38513848872,51699.11099818457,46899.459755387674,47036.59375,315900,0.0,0.0,-0.041899484236064155
2002-05-30,46625.19455850049,48133.65562938084,43745.4031960589,44019.66796875,421200,0.0,0.0,-0.06413997147167994
2002-05-31,46899.468775742214,46899.468775742214,44705.340510204274,45802.40625,261000,0.0,0.0,0.0404986762398023
2002-06-03,44842.46412478343,47447.99063457743,44842.46412478343,47173.72265625,173700,0.0,0.0,0.029939833264764237
2002-06-04,45939.540425478466,48545.06773097826,45665.27557744565,47310.87109375,165900,0.0,0.0,0.002907305800294413
2002-06-05,47585.132847343506,48407.93055198953,46213.8054823025,46488.0703125,116100,0.0,0.0,-0.017391368246413408
2002-06-06,46488.0703125,46488.0703125,46488.0703125,46488.0703125,0,0.0,0.0,0.0
2002-06-07,45391.009810785734,46625.206423036216,45391.009810785734,45528.140625,53700,0.0,0.0,-0.02064894673078932
2002-06-10,46350.92699099124,47447.99251978411,45802.3974406477,47036.59375,66900,0.0,0.0,0.03313232441062386
2002-06-11,46625.19813830131,48133.65932499867,45939.531332849976,47859.39453125,93600,0.0,0.0,0.01749277989012543
2002-06-12,47996.53044191543,48819.328125,47173.73275883086,48819.328125,84900,0.0,0.0,0.020057370201856717
2002-06-13,48819.328125,48819.328125,48819.328125,48819.328125,0,0.0,0.0,0.0
2002-06-14,48819.32894693745,48956.46296777819,47722.26642237202,47996.53125,50100,0.0,0.0,-0.01685391640157896
2002-06-17,47585.12924161393,48545.06089564732,45802.403159334724,46076.66796875,62400,0.0,0.0,-0.040000042320766704
2002-06-18,46625.20367935239,46625.20367935239,44293.94140625,44293.94140625,146400,0.0,0.0,-0.0386904401097119
2002-06-19,44019.68206989553,44568.21500504614,39220.02933300276,39357.16015625,166200,0.0,0.0,-0.11145500023855193
2002-06-20,37574.42664833243,39494.286737849,37025.893816733435,38945.75390625,127200,0.0,0.0,-0.01045314876293657
2002-06-21,38122.952924333484,40865.6136278761,37848.688139600425,40454.21484375,190200,0.0,0.0,0.03873235940254638
2002-06-24,38808.62620987069,40042.822769046215,38534.35816512932,38671.4921875,123600,0.0,0.0,-0.04406766175380172
2002-06-25,39494.28327610479,40865.6136278761,39494.28327610479,40454.21484375,183600,0.0,0.0,0.046099143203639725
2002-06-26,39220.02439783211,39220.02439783211,35654.565589086065,36477.36328125,139800,0.0,0.0,-0.09830499931490833
2002-06-27,38397.22782419867,38671.49265822496,35243.16776965524,37163.03125,89400,0.0,0.0,0.01879708145194936
2002-06-28,37985.82546851836,41551.280838778635,37985.82546851836,38945.75390625,136800,0.0,0.0,0.04797032417128255
2002-07-01,38945.75390625,38945.75390625,38945.75390625,38945.75390625,0,0.0,0.0,0.0
2002-07-02,37848.69145710529,39905.68555803492,37025.893816733435,38945.75390625,119400,0.0,0.0,0.0
2002-07-03,38945.75835573212,41277.020745830385,38808.627542705384,41139.88671875,104700,0.0,0.0,0.05633817791232665
2002-07-04,41962.691156516004,43334.02200422412,41277.027339689026,43059.75390625,123900,0.0,0.0,0.04666680782630839
2002-07-05,42236.946406760195,43608.27694168638,42236.946406760195,42922.61328125,76500,0.0,0.0,-0.003184891053919725
2002-07-08,44979.60546875,47722.26320211835,43608.27499503919,44979.60546875,200100,0.0,0.0,0.04792327470887159
2002-07-09,44979.6085039317,48407.93009846873,44293.941613781484,47996.53125,147900,0.0,0.0,0.06707319350202035
2002-07-10,47447.99371572234,49916.386396643386,46350.92815927767,46899.4609375,206100,0.0,0.0,-0.022857283306280562
2002-07-11,46625.2019983389,47722.26447821101,44705.33864099597,44842.47265625,102600,0.0,0.0,-0.04385952930229242
2002-07-12,45253.875,46350.93756501243,44156.81243498757,45253.875,106500,0.0,0.0,0.009174390246133424
2002-07-15,45253.86548471351,45665.264261847275,43608.27037617848,43882.53515625,77700,0.0,0.0,-0.0303032578701824
2002-07-16,42648.33934684753,44431.068474264706,41551.27699908088,41962.67578125,93600,0.0,0.0,-0.043749964949929776
2002-07-17,41962.67578125,41962.67578125,41962.67578125,41962.67578125,0,0.0,0.0,0.0
2002-07-18,41825.554220490085,43196.88497354111,41825.554220490085,42236.953125,89100,0.0,0.0,0.006536221502646766
2002-07-19,41414.14249344745,44019.669153312236,40454.21415617064,43882.53515625,105000,0.0,0.0,0.03896071826914005
2002-07-22,40591.35425272284,43745.414410471596,40591.35425272284,40728.48828125,78600,0.0,0.0,-0.07187476438563922
2002-07-23,39905.68043332459,42511.20703125,39905.68043332459,42511.20703125,102000,0.0,0.0,0.04377080577333148
2002-07-24,41277.01485060164,41277.01485060164,39905.68441781368,40179.94921875,79500,0.0,0.0,-0.054838664326474995
2002-07-25,42236.94609219379,42236.94609219379,38671.49058480412,39220.0234375,102000,0.0,0.0,-0.023890666860326704
2002-07-26,38534.35989508396,38945.75876661173,36065.96666591729,37025.8984375,138900,0.0,0.0,-0.055944000224693924
2002-07-29,36477.370083409405,37300.16792900551,34557.509515036516,35517.44140625,105900,0.0,0.0,-0.04074059225858584
2002-07-30,35928.82508295129,37025.88734019887,35928.82508295129,36203.08984375,138900,0.0,0.0,0.019304556025236286
2002-07-31,36203.08797376624,36477.35272039847,34831.7578125,34831.7578125,127800,0.0,0.0,-0.03787886716765265
2002-08-01,34283.228319235546,35928.82322713402,34283.228319235546,34831.7578125,97800,0.0,0.0,0.0
2002-08-02,34283.240365332706,34283.240365332706,32774.77569369507,33323.30859375,94800,0.0,0.0,-0.04330672103515443
2002-08-05,32226.248132621553,32500.512993706598,29346.455842039955,29620.720703125,233100,0.0,0.0,-0.11111105249973419
2002-08-06,27975.12399566815,31677.713936271288,27700.859145493247,29894.984375,362400,0.0,0.0,0.009259182942367161
2002-08-07,30717.782139578478,31266.31505398205,29757.853556939433,29894.984375,173100,0.0,0.0,0.0
2002-08-08,30443.512174419342,33460.43787566783,30443.512174419342,33049.0390625,372600,0.0,0.0,0.10550447686929099
2002-08-09,34831.766347787496,36203.09684508895,34008.9686922173,35928.83203125,290700,0.0,0.0,0.08713696526255843
2002-08-12,35106.04248345194,36203.10520622873,34694.643560653894,35517.44140625,294000,0.0,0.0,-0.011450153031475785
2002-08-13,35928.82508295129,36888.75335277315,35654.557108099856,36203.08984375,71700,0.0,0.0,0.019304556025236286
2002-08-14,35380.30161830357,35380.30161830357,34146.10505022322,34557.50390625,138300,0.0,0.0,-0.045454295326786576
2002-08-15,34557.50390625,34557.50390625,34557.50390625,34557.50390625,0,0.0,0.0,0.0
2002-08-16,36203.10247093024,36203.10247093024,34968.905795784885,35380.3046875,85800,0.0,0.0,0.02380961262370551
2002-08-19,35928.82508295129,37025.88734019887,35791.69109552557,36203.08984375,67500,0.0,0.0,0.02325545705491594
2002-08-20,37025.88482649894,37574.41752490902,35243.15596720557,35654.5546875,129600,0.0,0.0,-0.015151611606010418
2002-08-21,35928.82539486624,36203.090158045976,34968.89390265805,35791.69140625,78300,0.0,0.0,0.0038462608761196115
2002-08-22,37025.89677526596,39494.289893617024,37025.89677526596,38671.4921875,198300,0.0,0.0,0.0804600360615293
2002-08-23,38671.4921875,38671.4921875,38671.4921875,38671.4921875,0,0.0,0.0,0.0
2002-08-26,38808.62183205106,38945.75262489912,37711.55620494753,37985.82421875,80400,0.0,0.0,-0.01773057955523194
2002-08-27,37711.562152028404,38534.35989508396,36614.49956597222,37025.8984375,73200,0.0,0.0,-0.025270631899996454
2002-08-28,36065.96632057191,37437.29695055138,35928.835507411524,36340.234375,62400,0.0,0.0,-0.018518498981392906
2002-08-29,35517.43581773511,37163.03125,35517.43581773511,37163.03125,46800,0.0,0.0,0.022641485096365654
2002-08-30,36477.36518816039,37985.8298453539,35380.302612609004,36340.234375,165600,0.0,0.0,-0.022140198130366495
2002-09-02,36477.36314524025,38397.2265625,35791.69947567803,38397.2265625,140100,0.0,0.0,0.05660371274091425
2002-09-03,39082.89104055851,39631.4239159877,38397.227356812175,38671.4921875,113400,0.0,0.0,0.007142849876242252
2002-09-04,37848.69407894737,39082.890625,37300.16120935058,39082.890625,94500,0.0,0.0,0.010638287126478518
2002-09-05,39768.55267625501,41139.88318717876,39631.421875,39631.421875,114600,0.0,0.0,0.014035073691533118
2002-09-06,38534.355034287495,39494.28668478261,37574.42659784566,37848.69140625,107400,0.0,0.0,-0.044982753189447555
2002-09-09,37848.69291278702,39220.0234375,37848.69291278702,39220.0234375,142500,0.0,0.0,0.036231953610516454
2002-09-10,38945.75315671342,40042.81879879767,38671.48835321897,39768.55078125,66300,0.0,0.0,0.013985900457813782
2002-09-11,39220.0208084463,40454.21723373951,39220.0208084463,40179.94921875,63900,0.0,0.0,0.010344818441157866
2002-09-12,40179.949593518286,40454.21761106596,39357.151968981714,39768.55078125,53700,0.0,0.0,-0.010238898891092196
2002-09-13,38534.355034287495,39220.02187637827,37848.69140625,37848.69140625,84900,0.0,0.0,-0.04827581939207026
2002-09-16,37300.159743255615,38260.09142380618,36340.23127675843,36614.49609375,45900,0.0,0.0,-0.032608665363162204
2002-09-17,37300.15739829699,38122.95501159806,36888.75859164647,37985.82421875,87300,0.0,0.0,0.03745314755906426
2002-09-18,36477.36287722471,37163.0297558025,36065.96403569942,36888.76171875,65100,0.0,0.0,-0.028880839696469818
2002-09-19,36340.22414666222,37025.887661637935,35517.42664307026,35791.69140625,103800,0.0,0.0,-0.02973996039401816
2002-09-20,35791.69140625,35791.69140625,35791.69140625,35791.69140625,0,0.0,0.0,0.0
2002-09-23,35380.30736063262,35654.57223781329,34557.509515036516,35517.44140625,78600,0.0,0.0,-0.007662392841041088
2002-09-24,34283.245656941675,35380.30841232917,31266.31906205834,33186.1796875,123000,0.0,0.0,-0.06563709621098346
2002-09-25,31403.446547081086,32500.50907313533,29894.981957946307,30169.25,172800,0.0,0.0,-0.09090921931687024
2002-09-26,32089.107034276734,33323.303458671995,31403.443425408208,31540.57421875,177900,0.0,0.0,0.04545436889382404
2002-09-27,30992.048046674645,32226.24460763885,30992.048046674645,31951.9765625,46500,0.0,0.0,0.013043590801382177
2002-09-30,30717.778840230032,32089.109371919618,30169.249198796933,30992.046875,86400,0.0,0.0,-0.030042889072052215
2002-10-01,30169.248467184447,33049.04026405945,30169.248467184447,32911.90625,136800,0.0,0.0,0.06194684019236796
2002-10-02,34694.63309580257,34694.63309580257,32089.106299295097,32363.37109375,91200,0.0,0.0,-0.016666769529643966
2002-10-03,32363.37109375,32363.37109375,32363.37109375,32363.37109375,0,0.0,0.0,0.0
2002-10-04,30992.043907422372,32363.37109375,30992.043907422372,32363.37109375,94200,0.0,0.0,0.0
2002-10-07,31677.70541221217,31677.70541221217,30580.643092664013,31266.306640625,89100,0.0,0.0,-0.033898336793995676
2002-10-08,30443.519531250004,31403.451398631743,29757.855748293903,30443.51953125,165300,0.0,0.0,-0.02631545576623795
2002-10-09,30443.51078745111,30717.775579050092,28249.3828125,28249.3828125,184500,0.0,0.0,-0.07207237377720854
2002-10-10,26603.791406016873,27426.587454773955,25232.460908359506,26192.392578125,232800,0.0,0.0,-0.07281540442946621
2002-10-11,28386.519575645296,29209.317244504582,27399.162373014155,27426.587890625,386700,0.0,0.0,0.04712037317013795
2002-10-14,28660.78772813229,30717.782139578478,28523.65691007172,29894.984375,292800,0.0,0.0,0.09000013031948284
2002-10-15,30580.65432472236,31129.184078941093,29209.323511067367,30717.78515625,300300,0.0,0.0,0.02752303767511166
2002-10-16,31814.837277534054,34146.095755774164,30992.03978944311,32637.634765625,290100,0.0,0.0,0.06249961055490938
2002-10-17,32089.102035546806,34694.62848585236,31403.438533488585,32637.634765625,208200,0.0,0.0,0.0
2002-10-18,28797.916015625,28797.916015625,28797.916015625,28797.916015625,216300,0.0,0.0,-0.11764696729936186
2002-10-21,25369.595703125,25369.595703125,25369.595703125,25369.595703125,116400,0.0,0.0,-0.11904751408539016
2002-10-22,22818.918392019845,27234.597874218707,22818.918392019845,25643.85546875,3566400,0.0,0.0,0.010810569030519357
2002-10-23,25780.99400021883,26713.496947797994,25342.16804387019,25671.287109375,676800,0.0,0.0,0.0010697159270152135
2002-10-24,25808.420051517012,25808.420051517012,23861.1327426754,24080.544921875,633000,0.0,0.0,-0.06196581342892893
2002-10-25,23093.189582343002,24656.505302921458,23093.189582343002,23202.896484375,643200,0.0,0.0,-0.03644636947990054
2002-10-28,23696.575792316522,25972.982421875,23532.016238203214,25972.982421875,1159500,0.0,0.0,0.11938535084899415
2002-10-29,26686.068345450996,29072.1796875,26686.068345450996,29072.1796875,768300,0.0,0.0,0.11932388877354305
2002-10-30,30306.377599014282,31266.309216485508,26686.06971781623,28386.517578125,996900,0.0,0.0,-0.023584819464699813
2002-10-31,29072.181271388123,30443.511698528768,28523.65167177441,29483.580078125,791700,0.0,0.0,0.03864730842663877
2002-11-01,28935.060134046114,29483.58991670242,27700.863301988047,27837.994140625,302100,0.0,0.0,-0.05581364044459858
2002-11-04,27316.882606128227,28797.918410074937,27316.882606128227,27426.587890625,393000,0.0,0.0,-0.014778588138274706
2002-11-05,27700.858504462056,29346.453995537944,27426.590446580278,28523.65625,564000,0.0,0.0,0.040000176607823734
2002-11-06,29346.447180374213,31814.83984375,28523.64962591562,31814.83984375,516600,0.0,0.0,0.11538435202359443
2002-11-07,32911.90537724547,33871.83702209955,30169.247667159434,30580.646484375,577500,0.0,0.0,-0.038793008716573985
2002-11-08,27563.72040881849,32089.10734160959,27563.72040881849,30032.11328125,939300,0.0,0.0,-0.017937266414732922
2002-11-11,30169.246421053424,30169.246421053424,28523.651220160566,28797.916015625,246300,0.0,0.0,-0.04109591802837098
2002-11-12,27700.863301988047,28523.66119002676,27563.729249296845,27837.994140625,364200,0.0,0.0,-0.03333303265691767
2002-11-13,28249.3828125,29209.314404176064,28249.3828125,28249.3828125,339000,0.0,0.0,0.01477795669461135
2002-11-14,28797.922905815973,31129.182260173588,28797.922905815973,29620.720703125,613800,0.0,0.0,0.04854399473882309
2002-11-15,32089.11518158784,33049.04704896958,30032.120618665544,30443.51953125,995400,0.0,0.0,0.027777812578280603
2002-11-18,31540.57944125412,31677.71347135582,29757.853120200645,30306.3828125,365400,0.0,0.0,-0.004504627614071666
2002-11-19,30169.24883824483,30306.379639937542,29346.451171875,29346.451171875,307200,0.0,0.0,-0.03167423993037766
2002-11-20,28797.919431892064,30443.51482800018,28797.919431892064,30169.25,301500,0.0,0.0,0.028037421741595514
2002-11-21,30717.777280744685,31266.310108383197,30032.113656736492,30580.646484375,262500,0.0,0.0,0.013636284772574614
2002-11-22,30992.053247413452,31403.45217010454,30306.38623355891,30717.78515625,340200,0.0,0.0,0.0044844922407074606
2002-11-25,30443.511737734996,31677.708159535065,30443.511737734996,31403.443359375,330300,0.0,0.0,0.02232121227612316
2002-11-26,31540.569305468616,33186.164281650505,30992.03978944311,32637.634765625,463500,0.0,0.0,0.039301148989496104
2002-11-27,32500.509669553354,34146.10509585985,32363.375646009958,33460.44140625,434400,0.0,0.0,0.025210363634916577
2002-11-28,34283.23748238518,35517.43399318241,34008.96944839464,35106.03515625,448800,0.0,0.0,0.049180276196016504
2002-11-29,35517.42633472686,36751.62257940015,35106.02758650242,36203.08984375,355200,0.0,0.0,0.03124974616521703
2002-12-02,36203.08984375,36203.08984375,36203.08984375,36203.08984375,0,0.0,0.0,0.0
2002-12-03,35791.69109552557,36477.35460454872,34968.893599076706,36203.08984375,444900,0.0,0.0,0.0
2002-12-04,35654.564796124265,37163.02934091204,35106.03515625,35106.03515625,284100,0.0,0.0,-0.03030279161902505
2002-12-05,35106.02758650242,36203.08984375,34831.75961165099,36203.08984375,184800,0.0,0.0,0.03124974616521703
2002-12-06,35380.30295138889,37574.43133755493,35380.30295138889,37025.8984375,399900,0.0,0.0,0.02272757925638902
2002-12-09,37574.42199105004,37574.42199105004,34968.89538147177,35243.16015625,329700,0.0,0.0,-0.04814841385305679
2002-12-10,35106.03636546882,35517.435216571765,34008.9706198253,34968.90234375,171900,0.0,0.0,-0.007781873455277033
2002-12-11,35928.8269142749,36203.09168905313,34968.89538147177,35243.16015625,257700,0.0,0.0,0.007842905956955804
2002-12-12,35106.037701387846,37574.430901937296,35106.037701387846,37437.296875,486300,0.0,0.0,0.06225709354729614
2002-12-13,37437.29695055138,38122.9606585143,36203.100347785956,36340.234375,233400,0.0,0.0,-0.029303998727872926
2002-12-16,35654.55892544379,36065.95769463757,34831.76138705621,35243.16015625,185700,0.0,0.0,-0.030188969268308385
2002-12-17,36065.968435673916,36065.968435673916,35243.17065224368,35380.3046875,114000,0.0,0.0,0.0038913800760764783
2002-12-18,35106.037772234566,36888.76405574886,35106.037772234566,36340.234375,365100,0.0,0.0,0.02713175299022086
2002-12-19,36340.234375,36340.234375,36340.234375,36340.234375,0,0.0,0.0,0.0
2002-12-20,35928.832830114814,36477.362469989086,34694.63631931759,35106.03515625,166500,0.0,0.0,-0.033962335135599986
2002-12-23,34968.894856770836,35380.293619791664,31677.704752604168,32089.103515625,355800,0.0,0.0,-0.08593769211468161
2002-12-24,31129.17264541164,31540.57141699881,29757.845549489673,31266.306640625,273900,0.0,0.0,-0.025641005352466717
2002-12-25,31266.306640625,31266.306640625,31266.306640625,31266.306640625,0,0.0,0.0,0.0
2002-12-26,30580.651321517907,31266.31505398205,29757.853556939433,29894.984375,147300,0.0,0.0,-0.04385942610321647
2002-12-27,28112.25575486485,30580.648849027028,28112.25575486485,30169.25,197700,0.0,0.0,0.009174302336460105
2002-12-30,29346.448407002095,29757.84720142711,27289.45443487702,28249.3828125,182700,0.0,0.0,-0.0636365566760857
2002-12-31,28249.3828125,28249.3828125,28249.3828125,28249.3828125,0,0.0,0.0,0.0
2003-01-01,28249.3828125,28249.3828125,28249.3828125,28249.3828125,0,0.0,0.0,0.0
2003-01-02,28386.524968327703,30854.91844383446,28249.390926114884,30443.51953125,242400,0.0,0.0,0.07767025330475974
2003-01-03,31540.575751565553,32226.242607809447,30854.912109375,30854.912109375,189300,0.0,0.0,0.013513305441005485
2003-01-06,30992.046875,31266.31169571655,30032.115181411948,30992.046875,148500,0.0,0.0,0.0044445035247187015
2003-01-07,31951.976203081456,32226.244245135145,30169.25,30169.25,121200,0.0,0.0,-0.02654864579672911
2003-01-08,30032.118365419126,30717.78209693132,29620.719483701054,29757.853515625,153300,0.0,0.0,-0.013636284772574725
2003-01-09,29346.449665814544,30992.044914102215,28935.050853742625,30032.11328125,202500,0.0,0.0,0.009216382676290547
2003-01-10,30717.771186281705,31677.702640683598,28935.04547474585,31129.169921875,328500,0.0,0.0,0.036529452001965
2003-01-13,30992.051091643494,31951.97970178183,30443.518161525975,31677.71484375,141900,0.0,0.0,0.01762157241107576
2003-01-14,31540.579163336926,32226.24609375,31266.314319603913,32226.24609375,162000,0.0,0.0,0.017315998098525354
2003-01-15,32363.37109375,33049.03790096693,32226.240303549104,32363.37109375,104700,0.0,0.0,0.004255072080101563
2003-01-16,32089.106299295097,32363.37109375,31266.308701877275,32363.37109375,64200,0.0,0.0,0.0
2003-01-17,31814.839407425527,32089.10418379934,31129.17264541164,31266.306640625,67500,0.0,0.0,-0.033898336793995676
2003-01-20,30443.519531250004,30992.052486047283,30306.38548903718,30443.51953125,60000,0.0,0.0,-0.02631545576623795
2003-01-21,30443.511801749723,31677.70822614498,30443.511801749723,31540.57421875,105900,0.0,0.0,0.03603573779877456
2003-01-22,30717.775898914355,32500.505098004007,30717.775898914355,32363.37109375,194700,0.0,0.0,0.02608693390594241
2003-01-23,32363.381817445836,33186.1796875,31951.982882418753,33186.1796875,156300,0.0,0.0,0.025424069432275598
2003-01-24,33049.04106550767,33049.04106550767,30992.046875,30992.046875,142200,0.0,0.0,-0.06611586007070436
2003-01-27,30169.25239734307,30169.25239734307,29483.58545177711,29757.853515625,143700,0.0,0.0,-0.03982290567489344
2003-01-28,29620.71446917808,30169.247289958377,29346.449665814544,30032.11328125,30600,0.0,0.0,0.009216382676290547
2003-01-29,30032.11482249873,30443.513655683644,29346.451171875,29346.451171875,61200,0.0,0.0,-0.022830964406460263
2003-01-30,29483.574979501827,32500.500111870184,29483.574979501827,31129.169921875,259500,0.0,0.0,0.06074733669018628
2003-01-31,31129.169921875,31129.169921875,31129.169921875,31129.169921875,0,0.0,0.0,0.0
2003-02-03,31403.440635838357,31540.57141699881,30717.77387382447,31266.306640625,78900,0.0,0.0,0.004405408788418441
2003-02-04,31540.568657468295,31677.702640683598,31129.169921875,31129.169921875,73800,0.0,0.0,-0.004386086285350199
2003-02-05,31129.176097960255,31540.57491517582,30580.646484375004,30580.646484375,84000,0.0,0.0,-0.017620882242495695
2003-02-06,30717.776896685456,30992.044914102215,29894.97927254162,30032.11328125,56400,0.0,0.0,-0.017937266414732922
2003-02-07,30032.11482249873,30169.24883824483,29072.183140382804,29346.451171875,44400,0.0,0.0,-0.022830964406460263
2003-02-10,29483.585492710765,30717.782139578478,29483.585492710765,29894.984375,96300,0.0,0.0,0.01869163667907836
2003-02-11,30717.771186281705,31129.169921875,30169.24168152573,31129.169921875,110700,0.0,0.0,0.041284033849741775
2003-02-12,31266.305989583332,32774.76704930878,31129.171997225443,32089.103515625,234300,0.0,0.0,0.03083710860775124
2003-02-13,32089.110224108303,33186.17275016254,29894.981957946307,30169.25,243600,0.0,0.0,-0.059828829892058955
2003-02-14,29483.58666555553,30443.518500434027,29072.187766901017,29620.720703125,272400,0.0,0.0,-0.018181734609743372
2003-02-17,30169.253639348986,30443.518500434027,29346.455842039955,29620.720703125,217500,0.0,0.0,0.0
2003-02-18,29620.719190140848,30032.118067781692,29209.3203125,29209.3203125,152100,0.0,0.0,-0.01388893925803758
2003-02-19,29757.85242066063,30032.117260362957,28935.0546875,28935.0546875,106200,0.0,0.0,-0.009389661315831077
2003-02-20,28935.055122768972,29346.453995537944,28386.522221059113,28523.65625,113100,0.0,0.0,-0.014217994123153499
2003-02-21,28249.388192118222,28797.921093828085,28112.257377231028,28523.65625,123900,0.0,0.0,0.0
2003-02-24,28523.65582091969,29072.185500324344,28112.256954339373,28935.0546875,197100,0.0,0.0,0.014423061121415559
2003-02-25,28797.92608135491,28797.92608135491,27837.994140625,27837.994140625,140400,0.0,0.0,-0.037914583494771614
2003-02-26,27700.863301988047,28523.66119002676,27700.863301988047,27837.994140625,118500,0.0,0.0,0.0
2003-02-27,27426.595196605642,27837.994140625,27316.889882885233,27837.994140625,70800,0.0,0.0,0.0
2003-02-28,27700.85855494578,27975.1233992737,26878.059200881467,26905.486328125,107400,0.0,0.0,-0.03349766537737564
2003-03-03,26878.05488668664,27152.32129401893,26631.21560219556,26768.349609375,114600,0.0,0.0,-0.005096979741512686
2003-03-04,26356.951966324214,26603.791261720507,25918.126016610804,26082.685546875,95100,0.0,0.0,-0.02561473054953911
2003-03-05,26055.261054778068,26329.527501932138,24821.064453125,24821.064453125,114000,0.0,0.0,-0.048370061107498086
2003-03-06,24821.062910531607,24985.622447191545,22901.202720850157,23312.6015625,190500,0.0,0.0,-0.06077349718315894
2003-03-07,23010.903472391572,23038.330592105263,21831.561430099027,21886.4140625,194400,0.0,0.0,-0.06117667717935549
2003-03-10,22023.55234088605,22215.539016207902,20679.650434713585,21008.76953125,229500,0.0,0.0,-0.04009996926603654
2003-03-11,20021.409898457106,22489.80283359456,19993.982774613363,21858.990234375,288300,0.0,0.0,0.04046980009278123
2003-03-12,21858.99100900702,24382.23828125,21667.005956377256,24382.23828125,275400,0.0,0.0,0.11543296464385588
2003-03-13,24409.662359119837,24409.662359119837,22462.375180716193,23120.61328125,217800,0.0,0.0,-0.05174360882898077
2003-03-14,24546.79808103191,25287.315995808025,24217.679007798084,24409.6640625,210900,0.0,0.0,0.055753312663871846
2003-03-17,23778.851924512375,24135.39810611487,22380.095928952825,22818.921875,157800,0.0,0.0,-0.06516854076430412
2003-03-18,25095.3334863928,25150.186138665533,23970.843669126272,24848.494140625,291000,0.0,0.0,0.08894251344313342
2003-03-19,24848.494140625,25232.465920588133,24080.548973671743,24848.494140625,134100,0.0,0.0,0.0
2003-03-20,25095.326884792732,26247.24352868486,24985.620002079864,26219.81640625,227400,0.0,0.0,0.055187338832859645
2003-03-21,26850.629599073523,26850.629599073523,25726.138444372795,26247.244140625,175200,0.0,0.0,0.0010460688949927022
2003-03-24,26247.243753867573,26247.243753867573,24930.767578125,24930.767578125,215400,0.0,0.0,-0.05015675380800766
2003-03-25,23614.291063381745,23943.41010259264,23394.87890625,23394.87890625,144900,0.0,0.0,-0.06160615260087843
2003-03-26,23586.864596196938,24574.221741252066,23586.864596196938,23970.837890625,140700,0.0,0.0,0.02461901968730129
2003-03-27,24135.40262430339,24574.227045472595,23998.268586539434,24491.947265625,95100,0.0,0.0,0.02173930579221861
2003-03-28,24875.917432688108,25095.32961495751,24491.944104933224,24629.078125,75000,0.0,0.0,0.005599018235984188
2003-03-31,24162.824352266427,24382.23813542634,23696.572875348334,23724.0,94500,0.0,0.0,-0.03674835576087965
2003-04-01,23723.999009171705,24382.23711710686,23449.732595189846,24107.970703125,86100,0.0,0.0,0.016184905712569586
2003-04-02,24162.824352266427,24299.95836849805,23312.601165358534,23724.0,208200,0.0,0.0,-0.015927126669157077
2003-04-03,24409.65883500176,24546.792824165474,23532.008696675344,23586.861328125,144000,0.0,0.0,-0.005780588091173544
2003-04-04,23586.86445175263,23861.130859375,23093.18588224832,23861.130859375,268800,0.0,0.0,0.011628063922305865
2003-04-07,23861.13203125,24711.356811717225,23806.279389842224,24683.9296875,315300,0.0,0.0,0.0344828094265166
2003-04-08,24409.663204379507,25150.18109312275,24080.544142715844,24903.341796875,173400,0.0,0.0,0.00888886462377636
2003-04-09,24903.342951080067,24903.342951080067,24354.81169189319,24629.078125,115800,0.0,0.0,-0.011013127238586717
2003-04-10,24683.925565757138,25808.414972521718,24629.072933508698,25643.85546875,229800,0.0,0.0,0.041202408738146845
2003-04-11,25780.99297519167,25835.845614919355,25150.18038670349,25506.7265625,144900,0.0,0.0,-0.005347437183036208
2003-04-14,25863.270449144555,26082.682595661798,25643.85669560083,25698.7109375,124200,0.0,0.0,0.007526813545813971
2003-04-15,25918.12615718819,26329.52498508007,25863.2735158115,26192.392578125,144300,0.0,0.0,0.019210365913903127
2003-04-16,26740.92429832176,26740.92429832176,26329.525462962964,26658.64453125,210900,0.0,0.0,0.017801044777955743
2003-04-17,26603.7948867775,29757.853515625,26603.7948867775,29757.853515625,653400,0.0,0.0,0.11625531000805478
2003-04-18,31129.182260173588,31540.5811588281,28660.7888682465,29620.720703125,464100,0.0,0.0,-0.0046082897890465935
2003-04-21,29894.987310867822,30992.053247413452,29620.722433758456,30717.78515625,347400,0.0,0.0,0.037037061458442544
2003-04-22,30992.04985362824,30992.04985362824,28935.055465424015,29209.3203125,269400,0.0,0.0,-0.04910721382016958
2003-04-23,29894.97879353421,30032.112800045288,28249.38357161392,28386.517578125,208200,0.0,0.0,-0.028169184546991466
2003-04-24,28386.517215401786,30306.377211759078,28249.383210643005,28797.916015625,304200,0.0,0.0,0.014492740659989511
2003-04-25,27426.58705230813,27563.721064277524,25397.020066832894,26603.791015625,384300,0.0,0.0,-0.07619040901464968
2003-04-28,26576.364192198296,27700.85538932869,25835.846304489984,27371.736328125,201000,0.0,0.0,0.028866010564019495
2003-04-29,28249.3888066229,30580.65127906114,27700.85910703465,29757.853515625,534900,0.0,0.0,0.08717449119397735
2003-04-30,29894.97725614673,30032.111255605516,28249.382118853275,29072.1796875,167400,0.0,0.0,-0.023041777114904183
2003-05-01,29072.1796875,29072.1796875,29072.1796875,29072.1796875,0,0.0,0.0,0.0
2003-05-02,29483.58344057158,32363.375416154733,28797.919755831535,31951.9765625,627300,0.0,0.0,0.09905679264352552
2003-05-05,31951.9765625,31951.9765625,31951.9765625,31951.9765625,0,0.0,0.0,0.0
2003-05-06,33186.17106406555,35517.433232809446,32089.10859375,32911.90625,1059900,0.0,0.0,0.030042889072052326
2003-05-07,33323.30430640244,34420.366751311514,32089.10785060976,33734.703125,435300,0.0,0.0,0.02499997626238981
2003-05-08,33734.703125,33734.703125,33734.703125,33734.703125,0,0.0,0.0,0.0
2003-05-09,34008.959806322266,35654.5546875,33734.69506414348,35654.5546875,374400,0.0,0.0,0.05691028480037952
2003-05-12,35654.569543958794,36203.10247093024,34146.10801235465,35380.3046875,572400,0.0,0.0,-0.007691864402842974
2003-05-13,35106.03197428757,36477.35916373145,33871.835575356214,34283.234375,451800,0.0,0.0,-0.0310079385180535
2003-05-14,34283.229741806885,34420.360513786916,32226.236021579527,32637.634765625,587400,0.0,0.0,-0.04800012715763491
2003-05-15,32911.901041666664,33323.2998046875,31266.305989583332,32089.103515625,414900,0.0,0.0,-0.016806709614194504
2003-05-16,32911.90695459268,35791.69881311954,32363.374100665,35106.03515625,848700,0.0,0.0,0.0940173239540949
2003-05-19,34831.75925783239,35517.425973943304,32637.634765625,32637.634765625,464400,0.0,0.0,-0.07031270776203125
2003-05-20,31677.714662063954,36477.36732738903,31540.580626807634,35380.3046875,820800,0.0,0.0,0.08403396697004739
2003-05-21,34968.90036173365,37300.15931449811,34146.102706163445,35928.83203125,864000,0.0,0.0,0.015503748444082754
2003-05-22,36340.23781224927,41139.890650073154,34968.90705256218,36751.63671875,1795200,0.0,0.0,0.02290095839420392
2003-05-23,38397.23234475293,39082.89611756949,35517.43999924781,36751.63671875,795000,0.0,0.0,0.0
2003-05-26,36751.629686820204,37985.826170175504,35928.83203125,35928.83203125,602400,0.0,0.0,-0.02238824610170953
2003-05-27,35654.56645097024,36340.23335371726,33186.17331480953,34557.50390625,684600,0.0,0.0,-0.03816790158408856
2003-05-28,35517.42705764186,35928.82581423982,33734.69804103309,33871.83203125,414300,0.0,0.0,-0.019841475728690883
2003-05-29,33460.43730769957,36340.228950991856,33460.43730769957,36065.9609375,523200,0.0,0.0,0.06477739096679813
2003-05-30,35654.565589086065,37437.29499345909,35654.565589086065,36477.36328125,289500,0.0,0.0,0.011406942531295261
2003-06-02,36751.6228984582,37163.02165025417,35106.02789127429,35791.69140625,264000,0.0,0.0,-0.01879718853891088
2003-06-03,35791.698046875,36340.23088905945,32911.90625,32911.90625,304500,0.0,0.0,-0.08045959950769821
2003-06-04,33186.167281287875,34146.09884217801,32774.768500056816,34008.96484375,222000,0.0,0.0,0.03333318299513577
2003-06-05,34283.23674843445,34694.63557655945,32911.90625,32911.90625,162300,0.0,0.0,-0.032257923720710124
2003-06-06,32911.90625,32911.90625,32911.90625,32911.90625,0,0.0,0.0,0.0
2003-06-09,32637.64369309675,34008.97107231645,32089.110812976727,33460.44140625,180000,0.0,0.0,0.016666769529644077
2003-06-10,33460.436330910234,33871.83512508514,32637.638742560415,32774.76953125,151800,0.0,0.0,-0.02049201523300659
2003-06-11,33049.048851860425,34008.97755755417,33049.048851860425,33186.1796875,192000,0.0,0.0,0.01255264833693892
2003-06-12,33871.837135883616,34146.10194359756,33323.30430640244,33734.703125,159600,0.0,0.0,0.01652867074984865
2003-06-13,34008.96914577165,34283.237177321666,33323.30549500336,33597.5703125,186900,0.0,0.0,-0.004065036884773221
2003-06-16,33597.57221573983,33871.84026282663,32911.90852612998,33460.44140625,184200,0.0,0.0,-0.004081512590777492
2003-06-17,34283.22776255356,36614.48610620451,33871.82904225912,35654.5546875,457200,0.0,0.0,0.06557335136768905
2003-06-18,35928.83362917636,37574.42901350424,35380.30076304924,36477.36328125,510000,0.0,0.0,0.023077236582019767
2003-06-19,37025.89808296291,37025.89808296291,35791.70148019748,36340.234375,296100,0.0,0.0,-0.0037592877860359586
2003-06-20,36340.23167912431,37574.428190331695,35654.56480797348,37300.16015625,328500,0.0,0.0,0.026414958454708648
2003-06-23,36751.63817464416,37025.90305182483,35380.30736063262,35517.44140625,147000,0.0,0.0,-0.04779386315051215
2003-06-24,34557.50153394855,36065.9628311428,34420.3675200024,35928.83203125,98400,0.0,0.0,0.011582777607612504
2003-06-25,35517.43872275632,36203.10247093024,35380.3046875,35380.3046875,106200,0.0,0.0,-0.015267051911760032
2003-06-26,34968.89640464013,35243.161187443184,33734.700060946954,34008.96484375,255900,0.0,0.0,-0.03875997835130285
2003-06-27,34420.36116224583,37848.68516522989,33871.83163588636,35791.69140625,658500,0.0,0.0,0.052419312692712605
2003-06-30,35791.69842872191,36614.49609375,35243.165580685396,36614.49609375,246600,0.0,0.0,0.022988706461531505
2003-07-01,37025.8960093221,38808.62540704803,36477.36314524025,38397.2265625,467400,0.0,0.0,0.04868919851267073
2003-07-02,38671.491387514194,39220.02425159605,37848.693698418145,38397.2265625,213300,0.0,0.0,0.0
2003-07-03,39220.026294327894,40042.82402627845,37848.69566972575,38534.359375,259800,0.0,0.0,0.003571424938121126
2003-07-04,38534.354344445135,39768.55078125,38397.22354972452,39768.55078125,114900,0.0,0.0,0.03202833591287635
2003-07-07,40179.945206876204,43334.00456595772,39905.68043332459,42511.20703125,429900,0.0,0.0,0.068965456274386
2003-07-08,43059.7478436878,43471.14671867225,41002.75346876555,41414.15234375,272400,0.0,0.0,-0.025806246496213436
2003-07-09,42785.48263888889,46625.20651116604,42648.34861036173,44431.078125,795000,0.0,0.0,0.07284770085860037
2003-07-10,44842.46495889871,45802.396472794884,43059.73592282091,43334.00390625,510000,0.0,0.0,-0.024691595726386573
2003-07-11,43334.0102324374,47722.26325334821,43334.0102324374,46076.66796875,850800,0.0,0.0,0.063291268178993
2003-07-14,47996.53032025611,52933.31640625,47996.53032025611,52933.31640625,596400,0.0,0.0,0.1488095545917143
2003-07-15,60749.89843750001,60749.89843750001,60612.76120334864,60749.8984375,978600,0.0,0.0,0.14766847350465784
2003-07-16,60338.48864215369,68566.4640738971,60338.48864215369,62532.61328125,1539600,0.0,0.0,0.02934514936817667
2003-07-17,62532.61328125,62532.61328125,62532.61328125,62532.61328125,0,0.0,0.0,0.0
2003-07-18,60749.894151534434,65001.013120059804,59241.429679041845,61161.29296875,961200,0.0,0.0,-0.021929681817906443
2003-07-21,62532.62390980543,64315.35008032127,60887.02854375792,61846.95703125,634200,0.0,0.0,0.011210751591702595
2003-07-22,60338.49808613992,62669.75387127729,52659.05100518195,58281.50390625,1335900,0.0,0.0,-0.05764961278852332
2003-07-23,58418.63245175574,58967.16206916393,55813.10873393361,56910.16796875,534000,0.0,0.0,-0.023529522156907512
2003-07-24,56087.37454264469,65412.417307849726,56087.37454264469,64315.3515625,1103400,0.0,0.0,0.13012057173713254
2003-07-25,63903.94743239413,71994.79297623511,63903.94743239413,70074.9296875,1649100,0.0,0.0,0.08955215178141396
2003-07-28,74051.78393588174,74051.78393588174,66920.87355142485,68566.46875,1080600,0.0,0.0,-0.021526399587227574
2003-07-29,69252.13479135823,71309.12895771646,66372.3429584567,67195.140625,1098300,0.0,0.0,-0.019999981769514674
2003-07-30,58994.58984375,58994.58984375,57842.67316618724,58994.58984375,356300,0.0,3.0,-0.1220408307055314
2003-07-31,56773.048043799216,57513.56606176181,51013.463459645674,52247.66015625,1099100,0.0,0.0,-0.11436522747881739
2003-08-01,52329.93251488096,54140.08741319445,51424.85506572421,51836.25390625,485000,0.0,0.0,-0.007874156445851654
2003-08-04,50026.094696969696,53317.28513755981,50026.094696969696,51589.41015625,411000,0.0,0.0,-0.004761990525905646
2003-08-05,51918.53367435516,53317.28973214286,51342.57529761905,51836.25390625,283400,0.0,0.0,0.004784775581895273
2003-08-06,51342.57709923664,55785.684732824426,51013.45801526717,53893.25,662500,0.0,0.0,0.039682576165134265
2003-08-07,53975.52787698413,54304.64694940476,51178.01576140874,51836.25390625,286100,0.0,0.0,-0.0381679726821077
2003-08-08,51836.2543125,52494.492462500006,50766.61731875,51424.85546875,210100,0.0,0.0,-0.007936500161528803
2003-08-11,50108.38200708763,51178.019061426116,47475.42925794674,47886.828125,373500,0.0,0.0,-0.06879994725313321
2003-08-12,46488.06678989955,47886.822781808034,44842.471505301335,46076.66796875,386100,0.0,0.0,-0.03780079464701447
2003-08-13,45253.86970766129,52988.16743951613,45253.86970766129,51013.453125,1154200,0.0,0.0,0.10714284200407498
2003-08-14,50684.34318181818,51260.30162706611,47475.431844008264,49779.265625,727600,0.0,0.0,-0.02419337301036706
2003-08-15,49779.265625,49779.265625,49779.265625,49779.265625,0,0.0,0.0,0.0
2003-08-18,51013.45197770979,51013.45197770979,46652.62463122815,47064.0234375,768500,0.0,0.0,-0.05454564573038534
2003-08-19,46899.45798141891,47969.09474239864,43937.38695101351,45665.26171875,865700,0.0,0.0,-0.029720402477011465
2003-08-20,45747.549192015205,46241.227780418245,43279.15625,43279.15625,577900,0.0,0.0,-0.05225209226755123
2003-08-21,43690.56198952415,45665.27665571733,43279.1631007339,43443.72265625,665800,0.0,0.0,0.003802440262453022
2003-08-22,43196.87822987597,44184.23544655885,41962.68170902237,42291.80078125,477600,0.0,0.0,-0.026515266293236972
2003-08-25,41798.11438567362,43525.98919295541,40563.91809475806,43361.4296875,719800,0.0,0.0,0.025291637775902265
2003-08-26,43608.274752031546,44760.191443594646,42374.07829678537,43032.31640625,517600,0.0,0.0,-0.007590000690057441
2003-08-27,43772.83847402597,45418.433905380334,43608.27893089054,44348.796875,770200,0.0,0.0,0.030592832984440488
2003-08-28,46076.67561983471,49779.265625,45418.437396694215,49779.265625,1138700,0.0,0.0,0.1224490658744617
2003-08-29,50848.89228805693,50931.17204904084,47886.82089263614,49861.53515625,708000,0.0,0.0,0.0016526867204060824
2003-09-01,51342.579963235294,52083.09794347426,49861.54400275735,50355.22265625,480600,0.0,0.0,0.009901169277138022
2003-09-02,51424.86235851378,52659.059055118116,49696.98698326772,52247.66015625,755900,0.0,0.0,0.03758175220311766
2003-09-03,52741.33297877543,54304.64862089202,52165.37458431142,52576.7734375,812600,0.0,0.0,0.00629910086434049
2003-09-04,53481.849549230144,53810.96862337925,50519.77788188816,50766.6171875,446400,0.0,0.0,-0.03442881964127753
2003-09-05,51013.453125,51424.8519405242,49285.57809979839,51013.453125,333800,0.0,0.0,0.004862170283837175
2003-09-08,50848.88879119775,52247.64463173231,50602.04952522106,51178.0078125,313400,0.0,0.0,0.0032257115999732022
2003-09-09,51013.463459645674,52247.66015625,51013.463459645674,52247.66015625,333600,0.0,0.0,0.020900624886941
2003-09-10,52247.66015625,52247.66015625,52247.66015625,52247.66015625,0,0.0,0.0,0.0
2003-09-11,52247.66015625,52247.66015625,52247.66015625,52247.66015625,0,0.0,0.0,0.0
2003-09-12,52247.66015625,52247.66015625,52247.66015625,52247.66015625,0,0.0,0.0,0.0
2003-09-15,51753.977420739095,52494.49538065428,50519.780820880456,50931.1796875,335800,0.0,0.0,-0.02519692680615704
2003-09-16,50684.341776315785,55127.449659304504,50684.341776315785,54716.05078125,795300,0.0,0.0,0.07431343858463424
2003-09-17,55127.44289074143,55950.240545827124,54716.044063198584,55209.72265625,461800,0.0,0.0,0.0090224325029169
2003-09-18,55127.43261998568,58912.3011282235,55127.43261998568,57431.265625,1110300,0.0,0.0,0.04023825626840938
2003-09-19,58747.75036386986,61298.42299871575,58254.07178938356,60064.2265625,1036700,0.0,0.0,0.04584542772732947
2003-09-22,59241.42659023669,59652.82538600222,52659.04585798817,55621.1171875,825600,0.0,0.0,-0.07397263944415755
2003-09-23,55045.16158817591,58583.19140625,53152.72703432233,58583.19140625,672700,0.0,0.0,0.053254489814808625
2003-09-24,58747.750932672054,60228.78667047051,57513.55448450667,58583.19140625,556500,0.0,0.0,0.0
2003-09-25,56114.8046875,57513.560816074045,55621.12605388563,56114.8046875,451600,0.0,0.0,-0.042134726010960466
2003-09-26,55209.7149268617,56690.75049867021,53399.56033909575,54140.078125,565000,0.0,0.0,-0.03519083018282132
2003-09-29,53564.12578125,54880.60199092742,50355.21502016129,51013.453125,626100,0.0,0.0,-0.05775065549002656
2003-09-30,51178.01693517081,53728.68980493012,50272.93946525621,52988.171875,510900,0.0,0.0,0.03870976436669116
2003-10-01,51836.255326704544,54551.487748579544,51836.255326704544,54304.6484375,398000,0.0,0.0,0.024844725075731766
2003-10-02,57184.439672059365,58007.23736518252,54222.367976816,55785.68359375,728500,0.0,0.0,0.02727271419415489
2003-10-03,55785.68359375,55785.68359375,55785.68359375,55785.68359375,0,0.0,0.0,0.0
2003-10-06,56032.51730638587,57348.9934839221,54716.04112884964,56773.03515625,619400,0.0,0.0,0.017699013418751353
2003-10-07,58007.22877525491,58830.02634653512,54222.359947365934,54469.19921875,655500,0.0,0.0,-0.04057975641357581
2003-10-08,54551.483092979586,55209.7211996822,53152.72711623652,53399.56640625,427100,0.0,0.0,-0.019637388245865695
2003-10-09,53399.5642316366,56197.076071198455,53399.5642316366,55867.95703125,526200,0.0,0.0,0.04622491887333169
2003-10-10,55621.1205904908,55950.239647239265,50519.77521088957,53646.40625,1900800,0.0,0.0,-0.03976431033637695
2003-10-13,53235.00431867458,55209.718543787705,52329.92696549774,54551.48046875,504100,0.0,0.0,0.016871106230904376
2003-10-14,55292.008600917434,55785.68724913991,53646.413106842505,53810.97265625,378900,0.0,0.0,-0.013574476918627343
2003-10-15,54057.80546029753,54798.3233433153,53152.72804772025,53235.0078125,303400,0.0,0.0,-0.010703483236203959
2003-10-16,52988.17345424962,55045.167765361795,52988.17345424962,53728.69140625,601400,0.0,0.0,0.009273664342998034
2003-10-17,53564.136113034016,54304.65412381329,51753.98097557358,52000.8203125,425000,0.0,0.0,-0.03215918810836704
2003-10-20,51178.016162500004,52165.3733875,50848.8970875,51424.85546875,380600,0.0,0.0,-0.011076072267489745
2003-10-21,51918.54053352452,52988.17766020569,51507.141638647154,52000.8203125,441100,0.0,0.0,0.011200125668802352
2003-10-22,52247.65969848633,53810.975500488275,52165.37991943359,52659.05859375,393500,0.0,0.0,0.012658228798974713
2003-10-23,51342.57415966386,52247.6515887605,48791.90140493697,48956.4609375,554000,0.0,0.0,-0.0703126443033194
2003-10-24,48545.06640625,49696.98323622881,47969.10799126059,48545.06640625,361000,0.0,0.0,-0.008403273508173048
2003-10-27,48709.61661714771,49532.41419514007,48133.65831255306,48462.77734375,360100,0.0,0.0,-0.0016951066007688809
2003-10-28,47969.10789841066,49367.864046391755,47393.14948453609,47886.828125,504400,0.0,0.0,-0.011884362603999166
2003-10-29,48709.621250000004,51260.293984375,48545.06171875,49367.859375,819200,0.0,0.0,0.030927737500884955
2003-10-30,50437.49811335089,51507.13510433549,49696.9801965154,50766.6171875,523400,0.0,0.0,0.0283333697310022
2003-10-31,51671.69437003969,51918.53367435516,50026.09900793651,51836.25390625,330700,0.0,0.0,0.021069686695874168
2003-11-03,51178.02196557971,51836.26019021739,49532.426403985504,51095.7421875,329100,0.0,0.0,-0.014285594790265366
2003-11-04,51918.54058227539,52905.8979309082,51013.46301269531,52659.05859375,600000,0.0,0.0,0.03059582539212924
2003-11-05,53152.72732409591,53235.007087755504,51424.852287244496,52329.9296875,384100,0.0,0.0,-0.006250185913674211
2003-11-06,52823.610460069445,54551.48556857639,51507.13418692129,53317.2890625,644400,0.0,0.0,0.018867966781080048
2003-11-07,53810.96354954615,54716.040918116494,53317.28498487141,54386.921875,370500,0.0,0.0,0.020061650382226848
2003-11-10,54469.20292824074,56114.79818287036,54386.92316550926,55538.83984375,437100,0.0,0.0,0.02118005448805338
2003-11-11,55045.171243990386,55374.2903545673,53317.29591346154,53481.85546875,241900,0.0,0.0,-0.03703686250535676
2003-11-12,53481.84359681373,54798.31974688914,53481.84359681373,54551.48046875,229600,0.0,0.0,0.01999977357975169
2003-11-13,54880.60065104166,57184.43396173007,54880.60065104166,56773.03515625,546500,0.0,0.0,0.04072400360926265
2003-11-14,56197.081090328466,57595.83713503649,55785.68225364963,56361.640625,254600,0.0,0.0,-0.007246301525323906
2003-11-17,56114.79647616367,56361.6357568506,54633.76079204204,54798.3203125,285400,0.0,0.0,-0.027737310255063208
2003-11-18,54798.32088994565,56773.03515625,54633.76136775362,56773.03515625,197500,0.0,0.0,0.03603604695342377
2003-11-19,55538.849909855766,55785.68924278846,53481.85546875,53481.85546875,224200,0.0,0.0,-0.057970825030616346
2003-11-20,53481.84672162577,54716.043184432514,53317.28719325153,53646.40625,172900,0.0,0.0,0.003076759020564479
2003-11-21,52823.61724759615,54633.77235576923,52823.61724759615,53481.85546875,223200,0.0,0.0,-0.0030673216111284374
2003-11-24,52823.618614665356,53564.13663262795,51671.70169783465,52247.66015625,175000,0.0,0.0,-0.023076897794265028
2003-11-25,53893.24423250189,54716.04185437215,53564.12518375379,54222.36328125,235600,0.0,0.0,0.03779505377072434
2003-11-26,54140.078125,54386.91738696809,53070.4413231383,54140.078125,155800,0.0,0.0,-0.0015175501632636035
2003-11-27,54633.75664893617,55291.994680851065,53564.11984707447,54140.078125,137100,0.0,0.0,0.0
2003-11-28,54140.0848351227,54716.043184432514,53564.126485812885,53646.40625,207000,0.0,0.0,-0.009118418223560742
2003-12-01,53893.24476116398,57019.87575494143,53893.24476116398,56197.078125,351200,0.0,0.0,0.04754599708158458
2003-12-02,56773.04584703947,56855.32562362938,55456.56942160088,56279.3671875,192200,0.0,0.0,0.0014642943235760875
2003-12-03,56361.63563058036,58336.349871651786,55867.9570703125,57595.83203125,536700,0.0,0.0,0.0233916070762501
2003-12-04,58171.78623235193,60228.780087809915,57842.66721547865,59735.1015625,750600,0.0,0.0,0.03714278370159296
2003-12-05,60228.79726616829,60475.63659922635,58830.04104550591,59159.16015625,304600,0.0,0.0,-0.009641590809842393
2003-12-08,58007.22968637428,58418.628478476225,56937.59282690922,57102.15234375,182600,0.0,0.0,-0.03477074061002683
2003-12-09,57184.43396173007,57842.672050498186,56443.91611186594,56773.03515625,121000,0.0,0.0,-0.005763656429599084
2003-12-10,55950.2421875,56443.92079503677,55538.84334788603,55950.2421875,172700,0.0,0.0,-0.014492671855318662
2003-12-11,55867.95907302342,57431.27456991215,55867.95907302342,56197.078125,181300,0.0,0.0,0.004411704540488115
2003-12-12,56773.028786399154,58089.5048162287,56361.630027077415,57924.9453125,262600,0.0,0.0,0.03074656628333372
2003-12-15,59323.7069921875,59488.26651227679,57595.83203125,57595.83203125,193900,0.0,0.0,-0.00568171932618089
2003-12-16,56443.92039233576,57102.158531021894,56197.081090328466,56361.640625,190200,0.0,0.0,-0.021428484713622353
2003-12-17,56032.521955422795,57924.95661764706,54962.88497242647,55950.2421875,276200,0.0,0.0,-0.007299262990536848
2003-12-18,55867.95703125,57019.87367106959,55703.39751127577,55867.95703125,126800,0.0,0.0,-0.0014706845409935276
2003-12-19,56032.52086424332,56773.038761127595,55209.72320103858,55456.5625,125300,0.0,0.0,-0.007363693843680075
2003-12-22,54962.882476993866,55867.95988305215,53481.84672162577,53646.40625,205000,0.0,0.0,-0.0326409746366807
2003-12-23,54386.93296096184,54551.49251606309,52247.65874464564,52823.6171875,181500,0.0,0.0,-0.015337263388449207
2003-12-24,52823.61359797297,53481.85177364865,51178.01815878378,51753.9765625,106400,0.0,0.0,-0.0202492877608752
2003-12-25,51753.9765625,51753.9765625,51753.9765625,51753.9765625,0,0.0,0.0,0.0
2003-12-26,51424.85546875,52412.21269375,51342.5757,51424.85546875,106900,0.0,0.0,-0.006359339235556982
2003-12-29,51424.86102764423,53975.53413461538,51424.86102764423,53481.85546875,75500,0.0,0.0,0.0400001124213174
2003-12-30,54304.6484375,55045.16637073863,53893.24958570075,54304.6484375,79200,0.0,0.0,0.015384525490720335
2003-12-31,54304.6484375,54304.6484375,54304.6484375,54304.6484375,0,0.0,0.0,0.0
2004-01-01,54304.6484375,54304.6484375,54304.6484375,54304.6484375,0,0.0,0.0,0.0
2004-01-02,54716.034835587685,55950.23111007462,54304.63607742537,55127.43359375,110500,0.0,0.0,0.015151284096737161
2004-01-05,55127.43359375,55785.6716068097,54798.31458722015,55127.43359375,106700,0.0,0.0,0.0
2004-01-06,56279.35658967391,57019.87443953804,56114.797067481886,56773.03515625,306300,0.0,0.0,0.029850864718769854
2004-01-07,56773.03392670612,59488.26598407033,56773.03392670612,59076.8671875,382000,0.0,0.0,0.040579687608904846
2004-01-08,59735.113582573635,59981.95289489832,58171.797937850635,58665.4765625,163900,0.0,0.0,-0.006963649979852771
2004-01-09,58665.46668392984,59488.26425312941,57102.151302450635,58336.34765625,218600,0.0,0.0,-0.005610265620178856
2004-01-12,58583.1747949358,58747.73427469686,57184.41921696683,57678.09765625,144600,0.0,0.0,-0.01128370263902656
2004-01-13,58007.21661577211,59405.97219374108,57431.25843660841,57678.09765625,186100,0.0,0.0,0.0
2004-01-14,57678.11498775399,58171.79357538099,56361.638754082,56690.7578125,174700,0.0,0.0,-0.01711810693955873
2004-01-15,56114.80573219476,57595.841660610466,56114.80573219476,56608.484375,128100,0.0,0.0,-0.0014512672025326356
2004-01-16,56773.032274770805,58583.186927009876,56773.032274770805,58336.34765625,152200,0.0,0.0,0.0305230443868425
2004-01-19,58994.59680729883,59817.39453125,58007.239538557435,59817.39453125,240500,0.0,0.0,0.025388063094507585
2004-01-20,60393.347431392234,61627.54390478581,58994.59142821285,61462.984375,366100,0.0,0.0,0.02751022268096781
2004-01-21,61462.984375,61462.984375,61462.984375,61462.984375,0,0.0,0.0,0.0
2004-01-22,61462.984375,61462.984375,61462.984375,61462.984375,0,0.0,0.0,0.0
2004-01-23,61462.984375,61462.984375,61462.984375,61462.984375,0,0.0,0.0,0.0
2004-01-26,62944.020703125,62944.020703125,60887.0265625,61709.82421875,178600,0.0,0.0,0.004016073190393321
2004-01-27,61792.11568712095,62285.79437436826,60228.79984417116,61051.59765625,151500,0.0,0.0,-0.010666479297797182
2004-01-28,60887.021892409466,61298.4206889798,58418.62911298746,59076.8671875,134200,0.0,0.0,-0.03234527096028983
2004-01-29,58665.468390929665,59735.105262012534,57760.391038474925,59076.8671875,117400,0.0,0.0,0.0
2004-01-30,58830.03408705962,60969.30805386179,58665.47455115176,60722.46875,141800,0.0,0.0,0.027855261134229314
2004-02-02,60393.36182618491,61874.397947263016,60393.36182618491,61627.55859375,173700,0.0,0.0,0.014905353197616877
2004-02-03,61627.55710515203,61792.11667018582,59488.28275971284,60887.0390625,178600,0.0,0.0,-0.01201604522631694
2004-02-04,59817.381388774666,62861.73229851973,59652.821880139796,62532.61328125,247300,0.0,0.0,0.027026675037701064
2004-02-05,62368.07415557614,62697.19328040768,59899.68071933962,61051.59765625,242600,0.0,0.0,-0.02368389144939309
2004-02-06,60475.63918779481,61956.675249536725,59817.40093813174,61051.59765625,164600,0.0,0.0,0.0
2004-02-09,61874.392670157074,62861.75,61380.714005235604,62861.75,301400,0.0,0.0,0.029649549123055507
2004-02-10,63190.85853658537,67880.80506859756,63108.578772865854,67469.40625,740200,0.0,0.0,0.07329824973055943
2004-02-11,69361.83210655121,72570.74248870483,66811.15975150603,68292.1953125,841600,0.0,0.0,0.012194994861096875
2004-02-12,69526.41189182986,69690.97144660342,66235.22079635863,67222.578125,208500,0.0,0.0,-0.015662363504431398
2004-02-13,68539.05456318849,70184.6501109241,66317.5005737454,67222.578125,364500,0.0,0.0,0.0
2004-02-16,66399.77990989963,67963.0956698601,65659.26191833941,67633.9765625,161800,0.0,0.0,0.0061199443546333665
2004-02-17,68127.6387845553,69937.7934382512,67963.07927058294,68456.7578125,135100,0.0,0.0,0.012165205889375308
2004-02-18,67469.41493055555,68621.33177083333,66646.6171875,66646.6171875,211100,0.0,0.0,-0.026442102764461795
2004-02-19,66811.17753708965,67551.69551471749,65001.02248066604,65165.58203125,191900,0.0,0.0,-0.02222221049994688
2004-02-20,65823.80667305237,66235.20546475894,64260.49126456737,64425.05078125,107600,0.0,0.0,-0.011363840035141237
2004-02-23,65001.02394979508,65494.70261270492,64260.50595543033,65247.86328125,90100,0.0,0.0,0.012771623615692507
2004-02-24,64342.77671875,64836.4553125,61462.984921875,61709.82421875,221200,0.0,0.0,-0.0542245965549758
2004-02-25,61298.42885968543,62532.625413907284,60228.79184602649,62121.2265625,178500,0.0,0.0,0.0066667236369311045
2004-02-26,62368.06562922869,63108.58355886333,60640.19046008119,60804.75,101800,0.0,0.0,-0.021192056811297766
2004-02-27,59735.10131740196,62944.01171875,59735.10131740196,62944.01171875,116300,0.0,0.0,0.03518247700631938
2004-03-01,62944.01171875,62944.01171875,62944.01171875,62944.01171875,0,0.0,0.0,0.0
2004-03-02,61709.83267636541,63849.106875812744,61709.83267636541,63273.1484375,124800,0.0,0.0,0.005229039423490622
2004-03-03,63355.42064525463,63355.42064525463,62038.94437210648,62203.50390625,113700,0.0,0.0,-0.016905188972958674
2004-03-04,62203.50318396227,65412.4140625,62203.50318396227,65412.4140625,172500,0.0,0.0,0.051587289376596956
2004-03-05,64589.62455498418,66482.05941455696,64342.78522547468,65001.0234375,94100,0.0,0.0,-0.006289182732301057
2004-03-08,65412.42869704075,65412.42869704075,63355.43408392626,63602.2734375,87000,0.0,0.0,-0.021518891950138785
2004-03-09,63273.14087818287,63355.42064525463,61956.66460503472,62203.50390625,117300,0.0,0.0,-0.02199244548427237
2004-03-10,61709.83688766892,62861.75384290541,60064.24123733109,60887.0390625,131700,0.0,0.0,-0.021163837421990128
2004-03-11,59652.83882236613,60064.23771079624,57924.963490959664,59159.16015625,237300,0.0,0.0,-0.028378435424924353
2004-03-12,59323.71815580986,60064.236135563384,53646.4136443662,58418.640625,237400,0.0,0.0,-0.012517411154826297
2004-03-15,57842.67391376414,59405.98942494696,57842.67391376414,58171.79296875,207400,0.0,0.0,-0.004225494698422705
2004-03-16,56773.03628472222,57513.55414930555,52412.2088599537,55538.83984375,376000,0.0,0.0,-0.04526168080145698
2004-03-17,56114.79524270533,57513.55113585194,55785.676209023775,57102.15234375,270500,0.0,0.0,0.02814809427777276
2004-03-18,58089.51910821027,60887.03135988045,57678.12024767054,58500.91796875,237400,0.0,0.0,0.02449584766226587
2004-03-19,59076.87637350563,59488.27523404536,58171.798880318216,58500.91796875,119500,0.0,0.0,0.0
2004-03-22,58007.232142857145,58336.35119047619,57019.875,57019.875,106500,0.0,0.0,-0.025316576562800952
2004-03-23,56361.64623679578,58500.92040052817,55867.96758362676,58418.640625,124400,0.0,0.0,0.024531194166946158
2004-03-24,57595.84286971831,59488.2777068662,57595.84286971831,58418.640625,133100,0.0,0.0,0.0
2004-03-25,58418.64158501059,59076.879800052964,58007.24270060911,58254.08203125,84900,0.0,0.0,-0.002816885021449389
2004-03-26,59241.438380281696,59652.83725792254,57349.003543133804,58418.640625,169000,0.0,0.0,0.0028248422773484716
2004-03-29,58007.22975852273,58994.586860795454,57924.950000000004,58830.02734375,138800,0.0,0.0,0.007042045387374962
2004-03-30,58830.03950264085,58912.319278169016,58254.081073943664,58418.640625,91000,0.0,0.0,-0.00699280175999617
2004-03-31,58418.62741316996,58830.02619776975,57595.82984397039,58336.34765625,114300,0.0,0.0,-0.0014086765434727644
2004-04-01,58336.360849471836,58830.03950264085,58171.8012984155,58418.640625,108300,0.0,0.0,0.001410663712354987
2004-04-02,58583.18476307189,63108.571226511434,58583.18476307189,62944.01171875,314000,0.0,0.0,0.07746450525610804
2004-04-05,62944.01171875,62944.01171875,62944.01171875,62944.01171875,0,0.0,0.0,0.0
2004-04-06,64260.504503038195,66235.21911004577,64178.224727746216,65165.58203125,332400,0.0,0.0,0.035294387056652
2004-04-07,65741.54090394695,65988.3802314962,64754.18359375,64754.18359375,141800,0.0,0.0,-0.0063131245770614575
2004-04-08,65823.81027918782,67222.56624762056,64425.05431075508,64836.453125,195300,0.0,0.0,0.001270489822960963
2004-04-09,64095.94769683442,64178.22747564935,62697.19145698052,63355.4296875,145600,0.0,0.0,-0.022842449981720803
2004-04-12,62944.02249531454,63766.82017499185,62944.02249531454,63108.58203125,82500,0.0,0.0,-0.0038962352156329816
2004-04-13,63602.26630070234,65165.58203125,63190.867424242424,65165.58203125,152200,0.0,0.0,0.03259461603782232
2004-04-14,64342.76653645834,64836.445052083334,63355.409505208336,64178.20703125,104300,0.0,0.0,-0.015151786713521687
2004-04-15,64178.20703125,64178.20703125,64178.20703125,64178.20703125,0,0.0,0.0,0.0
2004-04-16,63849.10546875,65412.421195433315,63437.706593307026,63849.10546875,100900,0.0,0.0,-0.005127933261515838
2004-04-19,64013.66662397541,65576.98238985655,64013.66662397541,65247.86328125,89500,0.0,0.0,0.021907242117661374
2004-04-20,65412.40998220916,66482.046875,65330.13022122525,66482.046875,149400,0.0,0.0,0.01891531050495976
2004-04-21,65823.79453316954,67880.78811233108,65247.8363310043,66975.7109375,145500,0.0,0.0,0.007425524419069074
2004-04-22,68456.756126021,72406.18436406067,68456.756126021,70513.75,410900,0.0,0.0,0.05282570372118345
2004-04-23,73804.9418728669,74463.1799274744,72159.34673634812,72323.90625,625100,0.0,0.0,0.025670968428143537
2004-04-26,73229.00487401464,73640.40377780124,71336.56991659629,73064.4453125,201200,0.0,0.0,0.010239201681670806
2004-04-27,73640.39332966799,73640.39332966799,70760.60141174801,72488.4765625,166800,0.0,0.0,-0.007883023644900788
2004-04-28,75285.98871133655,75615.10778767026,72406.19679341657,72488.4765625,286400,0.0,0.0,0.0
2004-04-29,71665.69754464286,71665.69754464286,66728.91011332418,67387.1484375,158900,0.0,0.0,-0.07037433212714306
2004-04-30,64260.50131138393,69608.68643973215,64260.50131138393,69115.0078125,164700,0.0,0.0,0.025640784853844245
2004-05-03,69115.00698529411,70102.36422794117,68785.88790441176,69937.8046875,56500,0.0,0.0,0.011904749793737235
2004-05-04,69937.80658983451,70760.60431442081,68703.61000295509,69608.6875,75300,0.0,0.0,-0.004705855280567883
2004-05-05,69608.6875,69608.6875,69608.6875,69608.6875,0,0.0,0.0,0.0
2004-05-06,69608.66819957386,74874.57217684659,69608.66819957386,72406.1796875,457400,0.0,0.0,0.040188836881890566
2004-05-07,72406.18600682594,73228.98357508532,69690.95403156997,72323.90625,215800,0.0,0.0,-0.0011362764594829988
2004-05-10,71830.23059445768,74710.02219904648,67140.2842669845,69032.71875,310800,0.0,0.0,-0.045506218768431084
2004-05-11,70349.18914721387,72406.18298192772,66317.48123117471,68292.1953125,195200,0.0,0.0,-0.010727137086716576
2004-05-12,69032.72762573964,70431.48372781066,67963.09060650888,69526.40625,226800,0.0,0.0,0.018072503480849322
2004-05-13,69855.49848909197,70513.73640182783,68868.14161998821,69773.21875,150600,0.0,0.0,0.0035499102184646247
2004-05-14,69855.51236413044,70349.19089673914,65823.80434782608,66235.203125,179900,0.0,0.0,-0.05070735861673292
2004-05-17,65576.97456660583,66235.21270529197,56361.640625,56361.640625,196600,0.0,0.0,-0.1490681999021951
2004-05-18,55127.43874042479,60640.18261446727,53481.84355414345,59076.8671875,268300,0.0,0.0,0.04817508029203155
2004-05-19,64178.2171875,67058.008984375,63273.139765625,65823.8125,327300,0.0,0.0,0.11420621359433869
2004-05-20,66646.59721235796,75697.36967329546,65823.79971590909,72406.1796875,696400,0.0,0.0,0.09999978636150852
2004-05-21,74874.57917248603,77589.81116445531,73228.98402583798,73640.3828125,319200,0.0,0.0,0.017045549569480567
2004-05-24,73640.38031146865,77672.08828382839,73311.26129331683,74792.296875,362900,0.0,0.0,0.01564242360652779
2004-05-25,74051.7789104278,79070.84392546791,74051.7789104278,76931.5703125,348300,0.0,0.0,0.028602857872854992
2004-05-26,76931.5703125,76931.5703125,76931.5703125,76931.5703125,0,0.0,0.0,0.0
2004-05-27,78165.76279836684,82691.14906564071,77918.92354742462,81868.3515625,546400,0.0,0.0,0.0641710708613712
2004-05-28,81950.6498046875,81950.6498046875,78001.2208984375,78988.578125,360600,0.0,0.0,-0.0351756616877954
2004-05-31,77836.66384408603,78165.78293010753,74463.19321236559,76520.1875,264800,0.0,0.0,-0.031249969091654672
2004-06-01,75285.99092741935,77342.98521505376,74545.47298387096,76520.1875,298500,0.0,0.0,0.0
2004-06-02,75039.1410695469,78248.05170738936,75039.1410695469,78083.4921875,250000,0.0,0.0,0.020429964151616797
2004-06-03,78001.21875,78988.57594936709,69526.40278876583,71501.1171875,422400,0.0,0.0,-0.08429918815866866
2004-06-04,71007.42455998564,71912.50181393677,68209.91304777299,71583.3828125,260900,0.0,0.0,0.0011505502044713012
2004-06-07,71994.80251736111,74874.59461805555,71994.80251736111,74051.796875,149700,0.0,0.0,0.03448305969229715
2004-06-08,74051.78790983607,75697.38319672132,73804.94861680327,75285.984375,216800,0.0,0.0,0.016666543582775084
2004-06-09,75368.26413934426,76108.78201844262,73722.66885245901,75285.984375,177000,0.0,0.0,0.0
2004-06-10,74874.58296891818,77342.97581404736,74874.58296891818,76437.8984375,172000,0.0,0.0,0.015300511404118922
2004-06-11,76849.29683996637,77260.6956453195,73064.42783071748,73393.546875,157600,0.0,0.0,-0.03982777685848127
2004-06-14,72570.74596717878,76520.17431913408,71336.54960719273,73640.3828125,129700,0.0,0.0,0.0033631831136380352
2004-06-15,75285.99348958333,75285.99348958333,71912.52274305555,74051.796875,96000,0.0,0.0,0.005586799617100402
2004-06-16,74051.79332386363,76273.34712357954,74051.79332386363,76026.5078125,108300,0.0,0.0,0.02666661743311005
2004-06-17,74956.8694498698,78988.578125,74216.35152994792,78988.578125,136000,0.0,0.0,0.038961020277364256
2004-06-18,78988.58446298227,79399.98334039364,76273.35187206726,78906.3046875,140200,0.0,0.0,-0.0010415865110244837
2004-06-21,78988.58064516129,80305.05698924731,75779.66955645161,76520.1875,117400,0.0,0.0,-0.030239880031766364
2004-06-22,75944.22827460106,77836.66299867022,75532.82942154256,77342.984375,63300,0.0,0.0,0.010752677193845095
2004-06-23,76684.73383379889,77918.93019378492,73640.3828125,73640.3828125,211200,0.0,0.0,-0.04787249409135563
2004-06-24,73640.39506194321,74956.8713982461,72323.91872564031,73887.234375,148100,0.0,0.0,0.003352122206215613
2004-06-25,73887.23646978023,75615.11171016484,71665.68258928572,74874.59375,172700,0.0,0.0,0.013363057683128954
2004-06-28,74545.47905257394,75532.83639101862,73475.84193592552,75121.4375,77200,0.0,0.0,0.0032967624615658497
2004-06-29,75203.69881295908,78412.609375,75203.69881295908,78412.609375,140200,0.0,0.0,0.04381135378299961
2004-06-30,78083.50693267726,78988.58446298227,76931.59007592544,78906.3046875,88300,0.0,0.0,0.006296121458462922
2004-07-01,79399.95303347976,79811.3517538605,77178.39994342385,77260.6796875,79300,0.0,0.0,-0.020855431090295307
2004-07-02,76273.34495785362,76273.34495785362,74298.63052528782,75039.1484375,99700,0.0,0.0,-0.028753710930133347
2004-07-05,75039.14359956236,75285.98288771883,73640.38763334246,75203.703125,54500,0.0,0.0,0.0021929178425719176
2004-07-06,74627.74105160932,75697.37791342952,74134.0625,74134.0625,37700,0.0,0.0,-0.014223244076453145
2004-07-07,72406.19452247191,73475.83148700843,71830.23615695225,73228.9921875,75400,0.0,0.0,-0.012208562190963113
2004-07-08,72406.1796875,74874.57217684659,71912.50118963068,72406.1796875,98000,0.0,0.0,-0.011236157639493705
2004-07-09,73887.21549999999,73887.21549999999,71994.78125,71994.78125,57400,0.0,0.0,-0.005681813890410559
2004-07-12,72077.07106116122,73228.98772195603,71830.23177670519,72982.1484375,66700,0.0,0.0,0.013714427217597747
2004-07-13,73228.99828296703,75285.99261675825,72241.64100274726,74874.59375,69700,0.0,0.0,0.025930249424222396
2004-07-14,75697.38018497758,76026.49922926008,72406.18974215246,73393.546875,61000,0.0,0.0,-0.019780366087128187
2004-07-15,72982.15689379176,74874.59162722717,72241.63895462138,73887.234375,80000,0.0,0.0,0.006726579120652332
2004-07-16,73228.98662694012,74874.58183203991,71830.23070260532,74216.34375,95400,0.0,0.0,0.00445421158044268
2004-07-19,74545.46392290096,77342.97581404736,73228.98773883207,76437.8984375,115900,0.0,0.0,0.029933496791264336
2004-07-20,76437.8984375,77507.53533705598,76026.49962997847,76437.8984375,58500,0.0,0.0,0.0
2004-07-21,77754.38215169968,78165.78099906316,76602.4653790819,76849.3046875,67000,0.0,0.0,0.005382228690345103
2004-07-22,75368.26265043764,76108.780514907,74545.46502324946,75203.703125,36800,0.0,0.0,-0.021413356557898222
2004-07-23,75944.2314230456,76520.18984120521,74874.59436074918,75779.671875,60600,0.0,0.0,0.007658781762949207
2004-07-26,75121.41082537615,75121.41082537615,69114.98914930556,71089.703125,202500,0.0,0.0,-0.061889536256321986
2004-07-27,70842.88080276268,70842.88080276268,65988.37445274758,68127.6484375,277700,0.0,0.0,-0.04166643771590517
2004-07-28,69608.68010670732,69608.68010670732,67387.1264862805,67469.40625,162500,0.0,0.0,-0.009661895024952627
2004-07-29,65988.37203125,67222.568515625,65001.01484375,65823.8125,169200,0.0,0.0,-0.024390221308639437
2004-07-30,66646.60608552632,72899.86789108187,66646.60608552632,70349.1953125,186900,0.0,0.0,0.06874993472157209
2004-08-02,69279.56951687117,70349.20657592025,66235.21788726994,67058.015625,120100,0.0,0.0,-0.04678347311408704
2004-08-03,67469.40357490272,67716.24285627432,63273.135791585606,63437.6953125,539000,0.0,0.0,-0.053987883159941075
2004-08-04,61792.095417957986,62121.214434831265,57924.94696969697,59735.1015625,502400,0.0,0.0,-0.05836583015446384
2004-08-05,59735.10751284246,60393.34561215754,58254.07178938356,60064.2265625,452400,0.0,0.0,0.00550974203426513
2004-08-06,58089.51320500353,60475.62635365099,58089.51320500353,58171.79296875,347500,0.0,0.0,-0.03150683363550555
2004-08-09,57184.42918173209,59735.1015625,57184.42918173209,59735.1015625,220500,0.0,0.0,0.026873997069160493
2004-08-10,59652.84099053899,62779.47265625,59323.72186783257,62779.47265625,413300,0.0,0.0,0.05096452528108153
2004-08-11,63437.69937419769,65247.85422015405,63190.860077021825,64095.9375,261900,0.0,0.0,0.020969670308610633
2004-08-12,64178.222233280256,65001.019954219744,63684.54360071656,64589.62109375,152100,0.0,0.0,0.0077022602836567255
2004-08-13,64178.2171875,66482.050625,63355.41953125,65823.8125,236300,0.0,0.0,0.019108200131080055
2004-08-16,66482.05102201259,66646.61055424529,64754.17593356918,65412.4140625,131300,0.0,0.0,-0.006249994065597453
2004-08-17,65494.69351732991,67469.40789473684,63519.97913992298,64095.9375,578400,0.0,0.0,-0.02012579082071697
2004-08-18,63437.707180154066,64918.743145449494,63355.42740430432,64754.18359375,75500,0.0,0.0,0.010269700692809192
2004-08-19,65494.68369728916,70020.07013365964,65494.68369728916,68292.1953125,314200,0.0,0.0,0.054637577410388216
2004-08-20,69115.01120071685,69937.80895310633,68868.171875,68868.171875,85700,0.0,0.0,0.008434002741665836
2004-08-23,69444.11569543298,71089.71085409253,69279.55617956702,69361.8359375,63400,0.0,0.0,0.007168246942811818
2004-08-24,69361.84605440647,70184.643753747,68045.36973546163,68621.328125,92600,0.0,0.0,-0.01067601228386239
2004-08-25,68621.34520958085,69608.70269461078,68127.66646706586,68703.625,96200,0.0,0.0,0.0011992900348720692
2004-08-26,68703.61379400358,69526.41156399166,68292.21490900955,68950.453125,63000,0.0,0.0,0.003592650678912568
2004-08-27,69526.41156399166,70513.76888797733,68950.453125,68950.453125,70200,0.0,0.0,0.0
2004-08-30,68950.43785639256,69114.99737394958,68292.19978616446,68539.0390625,96300,0.0,0.0,-0.005966807234089488
2004-08-31,67469.40072866587,68950.43635441706,67469.40072866587,68456.7578125,66800,0.0,0.0,-0.0012005019493338542
2004-09-01,68621.32107029445,72077.07105225173,68127.64250144342,71254.2734375,165900,0.0,0.0,0.04086544140261905
2004-09-02,71089.71639344262,76026.50225409836,71089.71639344262,75285.984375,181600,0.0,0.0,0.05658202298612136
2004-09-03,75285.97795914805,75285.97795914805,72488.46620984637,73640.3828125,95300,0.0,0.0,-0.02185800685428041
2004-09-06,72406.20494186047,74051.80050872093,70431.49026162791,70760.609375,147100,0.0,0.0,-0.03910589988148694
2004-09-07,70349.1953125,71583.39172149124,69937.79650950292,70349.1953125,63900,0.0,0.0,-0.005814167884277022
2004-09-08,70349.2024585308,71336.55968601895,69444.125,69444.125,76600,0.0,0.0,-0.01286539680346821
2004-09-09,69197.26945134944,73722.65568181819,69114.98970170454,72406.1796875,199400,0.0,0.0,0.042653783707405024
2004-09-10,72735.31027809632,73475.82814291857,71665.67336224197,71747.953125,78100,0.0,0.0,-0.009090751167108335
2004-09-13,72488.47826767818,74216.35345907572,71254.2817023942,73887.234375,181800,0.0,0.0,0.029816617155236758
2004-09-14,74051.796875,75532.8328125,73558.11822916666,74051.796875,158700,0.0,0.0,0.002227211525671624
2004-09-15,75697.38815789473,79729.096875,75285.98930921052,78165.78125,310800,0.0,0.0,0.05555549694417872
2004-09-16,77342.984375,78577.18093417553,76108.78781582447,77342.984375,159900,0.0,0.0,-0.010526305268649727
2004-09-17,77013.8625,80634.17227564102,76767.02319711538,80222.7734375,130400,0.0,0.0,0.03723400494267515
2004-09-20,79070.87928093113,81456.99322385204,78824.03990752551,80634.1953125,64100,0.0,0.0,0.005128492289294018
2004-09-21,79811.37749335107,79975.93703457447,76355.62712765958,77342.984375,140800,0.0,0.0,-0.04081656578508441
2004-09-22,77342.98061708861,80222.77244857595,77342.98061708861,78001.21875,201100,0.0,0.0,0.008510589296742532
2004-09-23,77754.3783588774,78494.89624800957,77342.97953158175,77507.5390625,64600,0.0,0.0,-0.006329127870197571
2004-09-24,75615.09863905916,77754.37237639925,72323.90827392058,77178.4140625,214400,0.0,0.0,-0.0042463611150729275
2004-09-27,77178.4140625,77178.4140625,77178.4140625,77178.4140625,0,0.0,0.0,0.0
2004-09-28,77178.4140625,77178.4140625,77178.4140625,77178.4140625,0,0.0,0.0,0.0
2004-09-29,77178.4140625,77178.4140625,77178.4140625,77178.4140625,0,0.0,0.0,0.0
2004-09-30,76026.48765839492,78330.32061774023,76026.48765839492,77918.921875,244700,0.0,0.0,0.009594752904618309
2004-10-01,77836.65290766596,78988.56954689146,77342.9743479979,78083.4921875,76800,0.0,0.0,0.0021120712214679482
2004-10-04,78083.49076851136,79893.64545439887,78083.49076851136,79729.0859375,150100,0.0,0.0,0.021074797039667192
2004-10-05,79482.23894817074,79729.07819956256,77260.68568564422,77589.8046875,111500,0.0,0.0,-0.026831879794495528
2004-10-06,77918.94276928192,78577.18093417553,77096.14506316489,77342.984375,149600,0.0,0.0,-0.0031810920712339597
2004-10-07,77589.80997746866,81127.83948863637,77260.69095317398,78741.7265625,226500,0.0,0.0,0.01808492649725224
2004-10-08,77836.64300626305,80222.75574112734,77836.64300626305,78824.0,94900,0.0,0.0,0.0010448518351282576
2004-10-11,78330.33039419087,80881.00291753112,78330.33039419087,79317.6875,87600,0.0,0.0,0.006263162234852349
2004-10-12,79399.9649586397,79646.80422794117,77754.36982996324,78330.328125,192700,0.0,0.0,-0.012448161388971424
2004-10-13,79399.96595149253,84336.75139925373,79235.40643656717,82691.15625,368500,0.0,0.0,0.05567228210816322
2004-10-14,81045.56584935081,82197.48252132128,79975.92893966395,80798.7265625,98900,0.0,0.0,-0.0228855148884195
2004-10-15,79811.37900246306,84336.76647167488,78988.58128078817,83513.96875,142500,0.0,0.0,0.0336050121458249
2004-10-18,83925.36394457547,89273.54890182783,83513.96510170991,87216.5546875,239400,0.0,0.0,0.044334929747905205
2004-10-19,88862.14172535212,90096.33813820423,85570.95129107982,87627.9453125,93800,0.0,0.0,0.004716886908386009
2004-10-20,87627.95735837439,87627.95735837439,83513.96875,83513.96875,88100,0.0,0.0,-0.0469482257951922
2004-10-21,85570.94776119402,85570.94776119402,80798.7218283582,82691.15625,79900,0.0,0.0,-0.009852393705094942
2004-10-22,82279.77430555555,89273.55512152778,81868.37543402778,88862.15625,145600,0.0,0.0,0.07462708565040765
2004-10-25,88039.34600360577,88039.34600360577,83925.35787259616,85570.953125,100500,0.0,0.0,-0.03703717379691651
2004-10-26,86393.75905797101,88039.35446859903,83925.36594202898,85159.5625,55200,0.0,0.0,-0.004807596619837207
2004-10-27,86805.14303768383,86805.14303768383,81456.95886948529,83925.3515625,111400,0.0,0.0,-0.014492922477143955
2004-10-28,85982.3625,90507.75,85159.56477272727,90507.75,223900,0.0,0.0,0.07843158610539769
2004-10-29,88450.73470356308,90096.32976781542,87216.53840537384,88039.3359375,68800,0.0,0.0,-0.027272957978736634
2004-11-01,88039.35278436019,89273.54931872037,86393.75740521327,86805.15625,64000,0.0,0.0,-0.014018502915289499
2004-11-02,87216.54837740384,88450.74481670673,83925.35787259616,85570.953125,133900,0.0,0.0,-0.014218085403192804
2004-11-03,85570.94923857869,85570.94923857869,79975.92563451777,81045.5625,265700,0.0,0.0,-0.05288465840025669
2004-11-04,81045.57193167097,82115.20892163212,79399.9765625,79399.9765625,156900,0.0,0.0,-0.020304454515939763
2004-11-05,80305.06146907217,81045.5794539304,79317.70415592783,79811.3828125,111800,0.0,0.0,0.005181440446347718
2004-11-08,79399.97779605263,80387.33503289473,78165.78125,78165.78125,128600,0.0,0.0,-0.020618632386886437
2004-11-09,78248.05687792056,79646.8128894081,78248.05687792056,79235.4140625,109100,0.0,0.0,0.013684156870113817
2004-11-10,78988.58212809918,80222.77872385073,78577.18326284866,79646.8203125,113900,0.0,0.0,0.005192201679863562
2004-11-11,79317.69599358975,81539.24971955128,79153.13645833333,80222.7734375,119500,0.0,0.0,0.007231338586276337
2004-11-12,80634.17881944444,81621.53611111111,79975.940625,81456.9765625,182500,0.0,0.0,0.015384697787362622
2004-11-15,81456.95781088418,81456.95781088418,78248.04735166753,79564.5234375,188100,0.0,0.0,-0.023232548086878246
2004-11-16,79564.5394847973,79893.65857263513,78577.18222128379,79153.140625,81400,0.0,0.0,-0.005170430170717388
2004-11-17,78824.01738782051,80222.7734375,78824.01738782051,80222.7734375,149700,0.0,0.0,0.013513460161581614
2004-11-18,80634.17227564102,82279.76762820513,79153.13645833333,80222.7734375,249000,0.0,0.0,0.0
2004-11-19,81456.97203947368,81786.09111842104,78165.78125,78165.78125,287800,0.0,0.0,-0.025641000670496128
2004-11-22,78083.49404761905,80798.7261904762,77754.375,79482.25,163100,0.0,0.0,0.016842008471577907
2004-11-23,79482.25864605125,80140.49681289226,78659.4609375,78659.4609375,91200,0.0,0.0,-0.01035185922014037
2004-11-24,78165.76200417537,79235.3987473904,77754.36325678497,78824.0,123200,0.0,0.0,0.0020917898564132287
2004-11-25,78741.73938537206,78741.73938537206,76767.0249180273,76849.3046875,168400,0.0,0.0,-0.02505195514690961
2004-11-26,77342.98695054946,77918.94536401099,74380.91510989012,74874.59375,173100,0.0,0.0,-0.025695885545483632
2004-11-29,75121.4074656556,76602.44288118879,75039.1277203482,75615.0859375,113500,0.0,0.0,0.009889765679029106
2004-11-30,75697.38815789473,78165.78125,75697.38815789473,78165.78125,201300,0.0,0.0,0.03373262465916249
2004-12-01,78001.22253989361,78494.90116356383,76931.5855219415,77342.984375,123900,0.0,0.0,-0.010526305268649727
2004-12-02,78824.01940789474,78824.01940789474,77589.8228618421,78165.78125,167700,0.0,0.0,0.010638287126478518
2004-12-03,78165.78099906316,78741.73938537206,76273.34630119111,76849.3046875,149800,0.0,0.0,-0.016842108419405033
2004-12-06,75779.65695321075,76849.29380488474,74710.02010153676,74956.859375,82500,0.0,0.0,-0.02462540578858119
2004-12-07,75039.15416666666,76273.35078125,73722.67777777778,74051.796875,143700,0.0,0.0,-0.012074445321569316
2004-12-08,73228.98357508532,73722.66211604096,70596.0313566553,72323.90625,244300,0.0,0.0,-0.023333540817607634
2004-12-09,73804.96117369186,73804.96117369186,70184.65092659884,70760.609375,254400,0.0,0.0,-0.021615216268825344
2004-12-10,70678.31703506097,70842.87656250001,66975.72766768294,67469.40625,234900,0.0,0.0,-0.0465117973696082
2004-12-13,67140.28464912281,70513.75483369884,67140.28464912281,70349.1953125,194200,0.0,0.0,0.04268288729011904
2004-12-14,72077.07290486975,72899.8705407701,71583.39432332956,72653.03125,169500,0.0,0.0,0.03274857554896071
2004-12-15,72653.02572451117,73804.94232716481,72406.18645251397,73640.3828125,196200,0.0,0.0,0.013589956888412802
2004-12-16,74051.796875,74380.91597222222,73969.51710069444,74051.796875,232200,0.0,0.0,0.005586799617100402
2004-12-17,74710.02010153676,75203.69864846322,74051.78203896816,74956.859375,108800,0.0,0.0,0.012222019426858077
2004-12-20,74874.58890145285,75285.98774157073,74463.19006133497,75039.1484375,100400,0.0,0.0,0.0010978189746226885
2004-12-21,74874.5725,75121.41175,71994.78125,71994.78125,67800,0.0,0.0,-0.040570385603931114
2004-12-22,72406.18031609195,73558.0968211207,69114.99030172414,71583.3828125,107900,0.0,0.0,-0.005714281373693342
2004-12-23,71583.39899289099,71583.39899289099,69361.84523104265,69444.125,195200,0.0,0.0,-0.029884838190776808
2004-12-24,67963.0865566725,71171.99742314978,67963.0865566725,70596.0390625,306900,0.0,0.0,0.016587638803138516
2004-12-27,69197.28125,70349.19794143876,68621.32290428062,69197.28125,63400,0.0,0.0,-0.01981354522258183
2004-12-28,68045.36493533195,69361.84116140849,68045.36493533195,68785.8828125,71100,0.0,0.0,-0.005945297706331454
2004-12-29,68127.64869668246,70020.08338270141,68127.64869668246,69444.125,62800,0.0,0.0,0.009569437224412392
2004-12-30,69444.13178699285,69444.13178699285,68539.05424000596,68950.453125,112600,0.0,0.0,-0.0071089077009753865
2004-12-31,68950.453125,68950.453125,68950.453125,68950.453125,0,0.0,0.0,0.0
2005-01-03,69114.99586838942,69526.39465332031,68456.7578125,68456.7578125,127600,0.0,0.0,-0.007160146019707492
2005-01-04,68950.45104418887,69197.29036773607,67963.09375,67963.09375,137000,0.0,0.0,-0.00721132694966542
2005-01-05,67469.40587121212,67963.08445075757,66399.76894886364,67880.8046875,218200,0.0,0.0,-0.001210790415202334
2005-01-06,66646.61968329253,67469.41745716034,63931.38702952876,67222.578125,672900,0.0,0.0,-0.00969679964063852
2005-01-07,67222.5601902174,68539.03627717392,65330.12581521739,66235.203125,415800,0.0,0.0,-0.014688145375263417
2005-01-10,66399.7796380538,66728.89874406646,64754.184107990506,65001.0234375,399300,0.0,0.0,-0.018633289086029348
2005-01-11,64754.18237847222,66975.73628472222,64754.18237847222,66646.6171875,261800,0.0,0.0,0.025316428311044525
2005-01-12,66728.91002994012,71912.5368263473,66235.23128742515,68703.625,541100,0.0,0.0,0.030864399414495702
2005-01-13,68868.1549008168,71089.70828471411,68868.1549008168,70513.75,329400,0.0,0.0,0.026346863065813464
2005-01-14,69937.81102767962,70678.32902679623,69197.29302856301,69855.53125,229900,0.0,0.0,-0.009334615589158157
2005-01-17,70102.36046765734,71007.43789153555,69115.00327797203,70596.0390625,188700,0.0,0.0,0.01060056088972905
2005-01-18,70760.60285572562,73393.55552012472,70678.32308496315,72570.7578125,388100,0.0,0.0,0.027972089882432938
2005-01-19,72077.07294083526,73969.50750435035,70760.59672273781,70925.15625,197000,0.0,0.0,-0.02267582166844273
2005-01-20,70596.0428492647,71912.51917279411,69773.24514705883,69937.8046875,106600,0.0,0.0,-0.01392103471749484
2005-01-21,69115.00739644971,70760.60281065089,69032.72762573964,69526.40625,311300,0.0,0.0,-0.005882347027308499
2005-01-24,68785.89540036675,68950.45495874084,67222.57959581296,67304.859375,273500,0.0,0.0,-0.03195256298753402
2005-01-25,67058.01605902778,67798.53402777777,66152.93854166666,66646.6171875,174300,0.0,0.0,-0.009780009847914495
2005-01-26,65412.41257674748,66646.6090404597,64754.17446276764,65330.1328125,510800,0.0,0.0,-0.019753206247457022
2005-01-27,65001.023148911605,65659.26135801451,60969.314118156326,62368.0703125,855400,0.0,0.0,-0.045339912418381756
2005-01-28,62697.18319141134,63519.98087108866,62203.504583604954,63108.58203125,253100,0.0,0.0,0.011873250447538508
2005-01-31,62121.228466211716,63273.14528545273,61792.109375,61792.109375,320800,0.0,0.0,-0.02086043789730707
2005-02-01,61216.14250319693,64425.053198929025,61216.14250319693,64342.7734375,294700,0.0,0.0,0.041278151665299134
2005-02-02,64507.34515765766,65247.863150538935,63602.267610802766,63931.38671875,216900,0.0,0.0,-0.006393674017636242
2005-02-03,63273.14704312984,64260.50434419298,62532.62906733248,63849.10546875,211100,0.0,0.0,-0.0012870243275338034
2005-02-04,61874.39235151934,62532.63056802486,58747.76082311809,59570.55859375,805000,0.0,0.0,-0.0670102868879513
2005-02-07,59241.43384850543,60969.309002420174,59241.43384850543,60557.91015625,388600,0.0,0.0,0.01657448890539004
2005-02-08,60557.91015625,60557.91015625,60557.91015625,60557.91015625,0,0.0,0.0,0.0
2005-02-09,60557.91015625,60557.91015625,60557.91015625,60557.91015625,0,0.0,0.0,0.0
2005-02-10,60557.91015625,60557.91015625,60557.91015625,60557.91015625,0,0.0,0.0,0.0
2005-02-11,59405.99903962362,59981.95747906595,59076.87993137086,59570.55859375,254200,0.0,0.0,-0.01630425422463322
2005-02-14,60064.228371820616,62121.222494143236,59981.94860692771,61462.984375,273000,0.0,0.0,0.03176780318874739
2005-02-15,61462.994774756495,63931.388139204544,60393.35765016234,63355.4296875,329700,0.0,0.0,0.030790000383869254
2005-02-16,64260.49808304398,64342.77785011574,61874.38483796296,62203.50390625,248600,0.0,0.0,-0.018181958309364532
2005-02-17,62121.23245018116,62944.03023097826,61874.393115942024,62450.3515625,167700,0.0,0.0,0.003968388286004432
2005-02-18,61956.673447646106,63602.269023944806,61792.11389001623,63355.4296875,179200,0.0,0.0,0.014492762688360639
2005-02-21,62944.03564453125,63355.4345703125,61709.8388671875,61874.3984375,181900,0.0,0.0,-0.023376548108112738
2005-02-22,61627.54674321019,62203.50512398785,60887.02882506747,60969.30859375,146800,0.0,0.0,-0.01462785686173973
2005-02-23,60146.51433688003,62038.94912449732,60146.51433688003,61380.7109375,151600,0.0,0.0,0.006747695738051673
2005-02-24,61380.71499594156,63519.98924512987,61380.71499594156,63355.4296875,211100,0.0,0.0,0.03217165001576361
2005-02-25,64671.9080293969,64918.74737302055,60722.47853141846,61051.59765625,450900,0.0,0.0,-0.03636360833812713
2005-02-28,61133.86786099138,61709.82623922414,59323.71295797414,59652.83203125,337800,0.0,0.0,-0.022911204271438224
2005-03-01,59652.83203125,59652.83203125,59652.83203125,59652.83203125,0,0.0,0.0,0.0
2005-03-02,60064.22675862971,60228.78628399582,58583.191030334725,58994.58984375,322500,0.0,0.0,-0.011034550499717577
2005-03-03,58830.02734375,60064.22372159091,58830.02734375,58830.02734375,222600,0.0,0.0,-0.0027894507010871594
2005-03-04,58665.472495567374,59652.82967641844,57760.39507978723,58007.234375,275200,0.0,0.0,-0.013985935514568726
2005-03-07,58007.230831473214,58747.748671875,57431.272511160714,57595.83203125,234700,0.0,0.0,-0.007092259235984333
2005-03-08,58089.52152288733,58912.319278169016,57842.68219630282,58418.640625,251600,0.0,0.0,0.014285905155490441
2005-03-09,58418.630952380954,59159.14880952381,58418.630952380954,58747.75,168300,0.0,0.0,0.005633636309900103
2005-03-10,58830.03352956799,59323.71213261331,58089.515625,58089.515625,169000,0.0,0.0,-0.011204418467090194
2005-03-11,58583.20474704336,62614.9140625,58583.20474704336,62614.9140625,431400,0.0,0.0,0.07790387626424633
2005-03-14,63355.43406834112,63355.43406834112,60804.760748706605,61627.55859375,252100,0.0,0.0,-0.015768694783553583
2005-03-15,61956.666654198016,62779.46435212893,60146.51171875,60146.51171875,213400,0.0,0.0,-0.024032217222218488
2005-03-16,60064.237138329,63355.42821440182,60064.237138329,63273.1484375,363400,0.0,0.0,0.051983675019598996
2005-03-17,63108.57024739584,64178.20703125,61462.9751953125,64178.20703125,437600,0.0,0.0,0.014303991757957268
2005-03-18,63766.827613949165,64342.786056913865,61792.1129523559,63519.98828125,191800,0.0,0.0,-0.01025610998573856
2005-03-21,63519.994140625,63602.27392578125,61874.3984375,61874.3984375,168500,0.0,0.0,-0.02590664589646574
2005-03-22,61380.7109375,62450.34799137064,60722.47275050268,61380.7109375,138300,0.0,0.0,-0.007978865451090833
2005-03-23,61216.147766030015,62203.504988062756,60311.0703125,60311.0703125,124300,0.0,0.0,-0.01742633163843843
2005-03-24,60393.34796875,62532.621875,60393.34796875,61709.82421875,212700,0.0,0.0,0.02319232437763752
2005-03-25,62614.90656349522,64589.62109375,61874.38861464968,64589.62109375,261500,0.0,0.0,0.046666748957048476
2005-03-28,65001.0234375,65741.54142602849,64178.225672468354,65001.0234375,189400,0.0,0.0,0.006369480681003958
2005-03-29,65001.02673451835,65330.14585722477,62368.07375286698,62779.47265625,171200,0.0,0.0,-0.03417716620086875
2005-03-30,62121.2265625,63108.58380587748,61792.10748137417,62121.2265625,103100,0.0,0.0,-0.01048505293050539
2005-03-31,62944.0107421875,64178.20703125,62697.171484375,64178.20703125,117500,0.0,0.0,0.03311236082372715
2005-04-01,63108.59473035252,64589.63085179495,63108.59473035252,63602.2734375,109600,0.0,0.0,-0.008973974506167881
2005-04-04,63190.86807387863,63766.82650684367,62285.79053636213,62368.0703125,93500,0.0,0.0,-0.01940501586335297
2005-04-05,62368.0703125,62368.0703125,62368.0703125,62368.0703125,0,0.0,0.0,0.0
2005-04-06,62450.34929224388,63931.385243838595,62203.5099669781,63849.10546875,142900,0.0,0.0,0.023746688791703274
2005-04-07,63437.70754602714,64671.90419089148,63437.70754602714,63684.546875,158200,0.0,0.0,-0.0025773046081364326
2005-04-08,63766.8166113025,64013.65590141076,62532.62016076116,62697.1796875,83300,0.0,0.0,-0.01550403097690256
2005-04-11,62121.22889787198,62368.06821799598,60722.47275050268,61380.7109375,176100,0.0,0.0,-0.02099725628109017
2005-04-12,60969.30859375,62038.9455866228,60969.30859375,60969.30859375,64500,0.0,0.0,-0.006702469513083731
2005-04-13,60969.305785642566,61956.66296435743,60969.305785642566,61462.984375,74100,0.0,0.0,0.008097119561244481
2005-04-14,60887.037000868055,61627.55501844618,59241.44140625,59241.44140625,153800,0.0,0.0,-0.03614440449549028
2005-04-15,59241.42857142857,59899.666666666664,58747.75,58747.75,151000,0.0,0.0,-0.008333548180647687
2005-04-18,58007.23134928139,58007.23134928139,53893.24331032527,54386.921875,297500,0.0,0.0,-0.07422970454187605
2005-04-19,55209.73343428781,57184.44819199706,55209.73343428781,56032.53125,370500,0.0,0.0,0.030257446427694124
2005-04-20,56443.923776576245,58089.519221957475,56114.8046875,56114.8046875,179000,0.0,0.0,0.0014683155599899411
2005-04-21,55291.99765850144,57760.39041111311,55291.99765850144,57102.15234375,165600,0.0,0.0,0.01759513664439316
2005-04-22,58500.91000419463,61627.54091862416,58007.23143875839,61298.421875,269200,0.0,0.0,0.07348706413006689
2005-04-25,61380.7109375,61545.270484249326,59488.27614988271,61380.7109375,141800,0.0,0.0,0.001342433621991157
2005-04-26,61298.4361521403,64095.94867451985,61298.4361521403,63190.87109375,367200,0.0,0.0,0.029490700394349867
2005-04-27,62121.22889787198,62944.02663161863,61298.43116412534,61380.7109375,123900,0.0,0.0,-0.02864591237497649
2005-04-28,62121.22674344346,62450.34582552793,60393.3515625,60393.3515625,150100,0.0,0.0,-0.016085825007881804
2005-04-29,60393.35575432441,63355.4276986782,60393.35575432441,63026.30859375,175200,0.0,0.0,0.04359680267993071
2005-05-02,63766.827613949165,64589.62538961302,63026.309615851686,63519.98828125,112400,0.0,0.0,0.007832914516414435
2005-05-03,63519.98867753623,63602.26845561594,62203.512228260865,62450.3515625,92900,0.0,0.0,-0.016839372104634598
2005-05-04,61956.67250748867,63684.54783638277,61874.392729922285,63519.98828125,105800,0.0,0.0,0.01712779339087489
2005-05-05,63519.98828125,63519.98828125,63519.98828125,63519.98828125,0,0.0,0.0,0.0
2005-05-06,63684.55322202458,64425.0712827458,63519.99365297542,63602.2734375,258100,0.0,0.0,0.0012954214645894968
2005-05-09,63602.24974979575,64342.767534722225,62697.172457107845,62944.01171875,171900,0.0,0.0,-0.01034965706684765
2005-05-10,63355.42821440182,63766.82709891092,63026.309106794535,63273.1484375,62100,0.0,0.0,0.005229039423490622
2005-05-11,62038.9455866228,62614.90396740047,60969.30859375,60969.30859375,65000,0.0,0.0,-0.036411019534229205
2005-05-12,60969.32080078125,62532.63671875,60969.32080078125,61874.3984375,51200,0.0,0.0,0.014845007506658625
2005-05-13,60640.18672607095,62450.341553714854,60557.90696117804,61462.984375,59600,0.0,0.0,-0.006649180806429511
2005-05-16,61792.09315988469,63355.408432904405,60969.295647769046,61545.25390625,76400,0.0,0.0,0.0013385215847647736
2005-05-17,62038.93972315436,62779.457571308725,61133.86235318792,61298.421875,72300,0.0,0.0,-0.004010577836367268
2005-05-18,62038.94869340879,62285.78801181758,61545.27005659122,61792.109375,104900,0.0,0.0,0.008053837030367994
2005-05-19,62861.73912878788,67880.8046875,62532.62007575757,67880.8046875,584100,0.0,0.0,0.0985351588428438
2005-05-20,67551.69871256113,68703.6156211797,66564.34136231663,67304.859375,164000,0.0,0.0,-0.008484656526266177
2005-05-23,67140.29539877301,67551.69426763804,65988.37856595092,67058.015625,110300,0.0,0.0,-0.0036675472215856875
2005-05-24,68127.63913240629,68950.43670646916,67469.40107315598,68045.359375,210000,0.0,0.0,0.014723724536100047
2005-05-25,67551.69005698973,68868.1663552989,66893.45190783514,68127.6484375,167800,0.0,0.0,0.0012093265912007656
2005-05-26,68127.64026860744,68785.87833883554,67222.56292204381,68539.0390625,85400,0.0,0.0,0.006038526713239012
2005-05-27,69526.39588183934,70925.15177532015,68374.4792636787,70678.3125,284300,0.0,0.0,0.031212480752016658
2005-05-30,71254.28334994306,72735.31926252847,71254.28334994306,72241.640625,288700,0.0,0.0,0.02211892261858961
2005-05-31,72406.1919592299,72817.59077718007,72077.07290486975,72653.03125,153900,0.0,0.0,0.005694646763844791
2005-06-01,71912.51531541375,72899.87250509908,70020.08070185024,70596.0390625,129100,0.0,0.0,-0.02831254459874999
2005-06-02,71418.82596921323,72488.46276368301,70596.0284350057,72159.34375,169900,0.0,0.0,0.022144368271369785
2005-06-03,72899.8788083713,73393.55744589977,72159.36085207858,72241.640625,116200,0.0,0.0,0.0011404881297856218
2005-06-06,72241.640625,72241.640625,72241.640625,72241.640625,0,0.0,0.0,0.0
2005-06-07,72241.64538517442,72241.64538517442,70431.49026162791,70760.609375,137200,0.0,0.0,-0.020501074410642195
2005-06-08,69937.81159156977,70842.88915334303,69937.81159156977,70760.609375,190200,0.0,0.0,0.0
2005-06-09,70760.57561910377,70760.57561910377,68703.58214180425,69773.21875,185200,0.0,0.0,-0.013953958759276186
2005-06-10,70349.1994507126,71089.71733966746,68785.88390736342,69279.5625,133900,0.0,0.0,-0.007075153745863316
2005-06-13,69361.8633233533,69855.54206586827,68456.78562874252,68703.625,102000,0.0,0.0,-0.008313238121271382
2005-06-14,68950.45165023895,69526.41007691159,68539.0527740442,68868.171875,82900,0.0,0.0,0.002395024643896182
2005-06-15,68703.61491642443,70760.609375,68703.61491642443,70760.609375,159000,0.0,0.0,0.02747913075774533
2005-06-16,70349.20353860295,70925.16193014706,69279.5665257353,69937.8046875,90500,0.0,0.0,-0.011628004546138104
2005-06-17,69937.79876893939,70266.91782196969,67798.52492424242,67880.8046875,140200,0.0,0.0,-0.029411846842937073
2005-06-20,68209.92944726322,68209.92944726322,65988.37565344403,66893.453125,106000,0.0,0.0,-0.014545372098127451
2005-06-21,65659.24359681373,66564.32088950163,62121.21417994281,62944.01171875,332200,0.0,0.0,-0.05904077636521321
2005-06-22,62203.514191513765,64178.228927752294,62203.514191513765,62779.47265625,241500,0.0,0.0,-0.0026140542683424917
2005-06-23,62944.03221760321,63684.55024369266,62697.1928755734,62779.47265625,177400,0.0,0.0,0.0
2005-06-24,61709.83317478951,64013.66694664832,61709.83317478951,63519.98828125,215000,0.0,0.0,0.011795505659225602
2005-06-27,63026.30499875498,63519.983627988055,61709.82865413347,61956.66796875,174400,0.0,0.0,-0.024611470417438164
2005-06-28,61545.270484249326,62121.22889787198,61380.7109375,61380.7109375,88200,0.0,0.0,-0.009296126633867807
2005-06-29,62285.783673321755,62944.021809895836,61874.38483796296,62203.50390625,160000,0.0,0.0,0.013404748107068931
2005-06-30,62368.072341720785,63602.269023944806,62368.072341720785,63355.4296875,196700,0.0,0.0,0.018518663884049547
2005-07-01,63355.43065388997,64589.627354939774,62861.75197347005,63190.87109375,164400,0.0,0.0,-0.00259738738355475
2005-07-04,63355.4139228129,64507.33053959132,63273.13416447159,64425.05078125,179500,0.0,0.0,0.019530980759372207
2005-07-05,64425.06486191861,64754.183967215766,63437.70754602714,63684.546875,96900,0.0,0.0,-0.011494036826828702
2005-07-06,64507.34477848101,65165.58299050633,64178.225672468354,65001.0234375,98200,0.0,0.0,0.020671836844250224
2005-07-07,64507.34322033898,68868.17126967313,64342.78367130751,67963.09375,273900,0.0,0.0,0.045569594997963314
2005-07-08,67963.1050379492,68045.38482613073,66152.94969795538,66399.7890625,87600,0.0,0.0,-0.02300225903856823
2005-07-11,67222.55833783993,67963.07611634735,65330.12401498764,66564.3203125,107000,0.0,0.0,0.002477888142764062
2005-07-12,66399.77125589622,66646.61055424529,65412.4140625,65412.4140625,85900,0.0,0.0,-0.017305160551360554
2005-07-13,65412.41849741541,66152.93644266918,64589.620780466794,65659.2578125,87000,0.0,0.0,0.0037736529607994562
2005-07-14,65165.566167091834,65823.80420918367,64178.20910395408,64507.328125,164600,0.0,0.0,-0.017544055870834074
2005-07-15,63931.38620397287,64507.344638242896,63108.588440729975,63684.546875,210100,0.0,0.0,-0.012754849315811723
2005-07-18,63355.42872611723,64671.90516717941,63355.42872611723,63519.98828125,101300,0.0,0.0,-0.002583964271159811
2005-07-19,63190.86179921773,64178.21901483051,62944.02249531454,63108.58203125,108100,0.0,0.0,-0.006476799840994918
2005-07-20,63108.588440729975,63931.38620397287,62368.07045381137,63684.546875,175000,0.0,0.0,0.009126569243225857
2005-07-21,64095.93924686278,65165.57623044329,62532.62365547588,63108.58203125,173800,0.0,0.0,-0.009044028292774176
2005-07-22,62614.90342344361,63684.54040702412,62614.90342344361,63108.58203125,92900,0.0,0.0,0.0
2005-07-25,62944.02648689516,64260.502857862906,62944.02648689516,63766.82421875,125800,0.0,0.0,0.010430311794583647
2005-07-26,63355.42866492147,64342.7859947644,62532.63089005236,62861.75,139900,0.0,0.0,-0.01419349685104554
2005-07-27,62861.736989299614,63849.09411478599,62861.736989299614,63437.6953125,139500,0.0,0.0,0.009162094795324593
2005-07-28,63437.70805682915,64589.62493464447,63437.70805682915,63931.38671875,179300,0.0,0.0,0.00778230362591259
2005-07-29,64589.617854669166,64836.45715857236,63026.30226328227,63108.58203125,175100,0.0,0.0,-0.012870121074015195
2005-08-01,64095.929483695654,66482.04239130435,63931.36997282608,66235.203125,217700,0.0,0.0,0.04954351679462188
2005-08-02,67880.81397548427,68703.61172064165,67222.57577935836,67963.09375,311500,0.0,0.0,0.026087194474803788
2005-08-03,68209.94929011876,68703.62805458283,66975.75237895858,67551.7109375,225000,0.0,0.0,-0.006053032459252927
2005-08-04,68456.7685851319,70513.76283348321,67551.69111585732,68621.328125,354300,0.0,0.0,0.015834050280230993
2005-08-05,67551.69426763804,68292.2122315951,65823.81901840492,67058.015625,116900,0.0,0.0,-0.02278172898595443
2005-08-08,65494.685326086954,66728.8816576087,65001.006793478264,66235.203125,97400,0.0,0.0,-0.01227015879207205
2005-08-09,65412.413671875,66317.49109375,65412.413671875,65823.8125,78500,0.0,0.0,-0.006211057045052315
2005-08-10,65906.09700261455,68127.65083416335,61380.70956797809,61956.66796875,569100,0.0,0.0,-0.05874993234781101
2005-08-11,59405.98084605824,59817.379605379974,56197.070523348724,57924.9453125,889200,0.0,0.0,-0.06507326472565533
2005-08-12,57678.11072443182,59241.42613636364,57019.87265625,58830.02734375,284700,0.0,0.0,0.01562508218811698
2005-08-15,58830.02734375,58830.02734375,58830.02734375,58830.02734375,0,0.0,0.0,0.0
2005-08-16,58418.63939861918,59159.157362827034,56526.204601199126,56608.484375,164000,0.0,0.0,-0.03776205908879304
2005-08-17,54386.926596966914,56690.76009880515,54386.926596966914,55950.2421875,231500,0.0,0.0,-0.01162797758617784
2005-08-18,55950.2421875,56361.641027113976,55538.84334788603,55950.2421875,131300,0.0,0.0,0.0
2005-08-19,55538.84126726147,57760.39491795193,55538.84126726147,57348.99609375,220000,0.0,0.0,0.02499996160092577
2005-08-22,57595.839542426365,58912.315874824686,57595.839542426365,58665.4765625,64000,0.0,0.0,0.022955597454538124
2005-08-23,58500.91702095021,58994.59564559958,57431.28000087658,58665.4765625,120100,0.0,0.0,0.0
2005-08-24,58500.895055055276,58500.895055055276,57513.53817648894,57678.09765625,65300,0.0,0.0,-0.016830663690221348
2005-08-25,57678.11401092872,58747.750932672054,56855.31637881847,58583.19140625,73300,0.0,0.0,0.01569215675929847
2005-08-26,58583.195694633156,60887.02923318614,58418.636156165085,60557.91015625,128100,0.0,0.0,0.03370794083760553
2005-08-29,60475.64109569771,60475.64109569771,58830.04541962431,59406.00390625,82300,0.0,0.0,-0.01902156542436617
2005-08-30,59652.82492897727,59817.38444602273,57842.67024147727,58830.02734375,88200,0.0,0.0,-0.009695595135619017
2005-08-31,57678.11931320126,59159.15518714937,57678.11931320126,58665.4765625,59600,0.0,0.0,-0.0027970543050832575
2005-09-01,58665.476787551444,60557.911522633745,58665.476787551444,59981.953125,70400,0.0,0.0,0.02244039662913977
2005-09-02,59981.94642857143,60722.46428571429,58747.75,58747.75,101900,0.0,0.0,-0.02057624103083089
2005-09-05,58912.32082319193,59323.71971162204,58418.642157075796,59159.16015625,69200,0.0,0.0,0.007002994263610063
2005-09-06,59076.866619318185,59899.66420454546,58747.74758522728,58830.02734375,64300,0.0,0.0,-0.005563513944936038
2005-09-07,58912.320377244476,59652.83837081319,58830.04060018128,59570.55859375,85900,0.0,0.0,0.012587640758230378
2005-09-08,59652.82999956658,60146.50859266644,59076.87164095007,59323.7109375,98300,0.0,0.0,-0.004143786160096474
2005-09-09,59241.43384850543,60722.46969471807,59241.43384850543,60557.91015625,81800,0.0,0.0,0.02080448440001126
2005-09-12,61216.153446569915,62368.0703125,60887.034342018465,62368.0703125,130900,0.0,0.0,0.029891390762651238
2005-09-13,62450.3515625,62450.3515625,61298.434669384056,62450.3515625,61800,0.0,0.0,0.0013192848453980055
2005-09-14,62450.35643879339,62532.636223297726,61051.60010221962,61627.55859375,98900,0.0,0.0,-0.013175153512571591
2005-09-15,62450.342109375,63190.86,60969.306328125,61709.82421875,113300,0.0,0.0,0.0013348837253523982
2005-09-16,61956.67822265625,62285.79736328125,61133.88037109375,61874.3984375,45700,0.0,0.0,0.0026669046757712422
2005-09-19,61874.3984375,61874.3984375,61874.3984375,61874.3984375,0,0.0,0.0,0.0
2005-09-20,62944.01244653042,65576.96460115653,62532.61367237009,64918.7265625,135700,0.0,0.0,0.04920174097652219
2005-09-21,65083.288847980526,65247.84836466316,63355.4139228129,64425.05078125,36100,0.0,0.0,-0.007604520411760074
2005-09-22,64425.055313621415,69279.56139727871,63849.096964712924,68785.8828125,351900,0.0,0.0,0.06768845314622807
2005-09-23,69115.01380813954,71830.2464934593,67798.53735465117,70760.609375,256900,0.0,0.0,0.028708311673236953
2005-09-26,71747.9454787234,74051.77859042553,71747.9454787234,73475.8203125,213500,0.0,0.0,0.03837178567966504
2005-09-27,72817.59335498596,73475.83148700843,72406.19452247191,73228.9921875,73800,0.0,0.0,-0.0033593109127630916
2005-09-28,72077.06068892046,73228.97718394887,71089.70369318183,72406.1796875,60700,0.0,0.0,-0.011236157639493705
2005-09-29,71171.98406070402,72406.18031609195,69690.94855423851,71583.3828125,121943,0.0,0.0,-0.011363627780821117
2005-09-30,71583.38984284051,71583.38984284051,69937.79467403959,70678.3125,65895,0.0,0.0,-0.01264358119077258
2005-10-03,70678.3125,70678.3125,70678.3125,70678.3125,0,0.0,0.0,0.0
2005-10-04,70102.3600811124,71501.11609212052,70102.3600811124,71007.4375,92721,0.0,0.0,0.004656661829609998
2005-10-05,70266.91370779977,71501.11008440047,69526.39588183934,70678.3125,125335,0.0,0.0,-0.0046350778395573
2005-10-06,69197.2909759558,70596.04715501792,68209.93367308841,68868.171875,130687,0.0,0.0,-0.025610976846681233
2005-10-07,67387.13748719262,70842.88812756147,67387.13748719262,70266.9296875,135486,0.0,0.0,0.0203106569321867
2005-10-10,70266.9248655914,79317.69973118279,70266.9248655914,76520.1875,238641,0.0,0.0,0.08899289950920419
2005-10-11,77178.41482810854,78741.73026705743,77013.85530821918,78083.4921875,126243,0.0,0.0,0.020429964151616797
2005-10-12,78083.49636270491,78083.49636270491,75285.984375,75285.984375,100549,0.0,0.0,-0.035827134956802564
2005-10-13,75697.36251402918,75697.36251402918,73311.25,73311.25,159426,0.0,0.0,-0.026229774258696437
2005-10-14,73311.26129331683,74874.57662953796,70184.6306208746,74792.296875,108211,0.0,0.0,0.02020217736022789
2005-10-17,74134.06179678925,75285.9784062843,72406.18688254665,74956.859375,58500,0.0,0.0,0.0022002600117365656
2005-10-18,74956.859375,75615.0974375686,74545.46058589462,74956.859375,38216,0.0,0.0,0.0
2005-10-19,73393.55181962026,73475.83158623418,70760.59928797469,71501.1171875,115085,0.0,0.0,-0.04610308137660013
2005-10-20,71583.39856670341,75285.9881477398,71583.39856670341,74627.75,80050,0.0,0.0,0.04372844698777101
2005-10-21,73228.9770354906,78824.0,73228.9770354906,78824.0,231185,0.0,0.0,0.05622908368535828
2005-10-24,80305.05101246106,80305.05101246106,76520.18180490655,79235.4140625,232625,0.0,0.0,0.00521940097559126
2005-10-25,79811.36714633825,79975.9266662276,78001.21242755532,78083.4921875,92362,0.0,0.0,-0.014537967506440652
2005-10-26,76931.58784237379,78083.50466568206,76602.46875,76602.46875,95650,0.0,0.0,-0.018967177261278945
2005-10-27,76437.89208834442,81210.11785919908,76437.89208834442,80387.3203125,196051,0.0,0.0,0.04940900240241941
2005-10-28,79070.84617136879,79070.84617136879,75861.93566077214,76191.0546875,111451,0.0,0.0,-0.052200590947519054
2005-10-31,77342.98157051281,80634.17227564102,77013.8625,80222.7734375,121380,0.0,0.0,0.05291590681525826
2005-11-01,79811.38775088922,81786.10249936483,78741.75059546494,80963.3046875,93700,0.0,0.0,0.009230935534495499
2005-11-02,80222.76822651476,81456.96466076883,79811.36941509673,80798.7265625,41468,0.0,0.0,-0.002032749597305039
2005-11-03,81045.58446868647,81045.58446868647,79070.86972021087,80963.3046875,55508,0.0,0.0,0.0020368900848046767
2005-11-04,82032.93676707475,82197.49631926547,77342.98952963918,79811.3828125,151312,0.0,0.0,-0.014227703271823655
2005-11-07,77589.82717013889,78083.50581597222,73640.39800347222,74051.796875,394605,0.0,0.0,-0.07216496863650301
2005-11-08,74051.77859042553,75615.0939162234,72899.86203457447,73475.8203125,240965,0.0,0.0,-0.007778022773333282
2005-11-09,73475.82961059843,74216.34749021253,70760.59738534676,73558.109375,283094,0.0,0.0,0.0011199475167478212
2005-11-10,71994.7981988573,75203.70920429208,71994.7981988573,73804.953125,207623,0.0,0.0,0.003355765286755741
2005-11-11,74463.17478061361,76767.0078125,74380.89502947482,76767.0078125,268538,0.0,0.0,0.04013354879425646
2005-11-14,76849.29055815509,78412.60589070855,76767.01080381016,76931.5703125,164632,0.0,0.0,0.002143661772019856
2005-11-15,76108.76261172806,76931.56004536836,74298.60825771939,75944.203125,151710,0.0,0.0,-0.01283435634407648
2005-11-16,74874.59816538883,76684.75328587076,74545.47905257394,75121.4375,79638,0.0,0.0,-0.010833817344106822
2005-11-17,75121.41785063445,76849.29274095573,74874.57858058855,76191.0546875,115261,0.0,0.0,0.0142385079824916
2005-11-18,76191.06883445945,76767.02723817568,75532.83065878379,76108.7890625,98434,0.0,0.0,-0.0010797281299939065
2005-11-21,75203.7128434066,76108.79035027474,74463.19488324175,74874.59375,103870,0.0,0.0,-0.016216199570413425
2005-11-22,74545.46165248325,75285.9794834682,73228.98550851004,73722.6640625,95775,0.0,0.0,-0.015384787146173973
2005-11-23,72817.5874276947,73887.22430516366,72077.06958944695,72899.8671875,339882,0.0,0.0,-0.011160704587431347
2005-11-24,73146.71211741991,73640.39071438788,70925.15843106408,71912.515625,333104,0.0,0.0,-0.013543941856032582
2005-11-25,71172.0078125,72241.64492413295,70184.65047868497,71172.0078125,246859,0.0,0.0,-0.010297342626163997
2005-11-28,70842.85774410774,73475.80948372615,70842.85774410774,73311.25,172353,0.0,0.0,0.03005735335071269
2005-11-29,72899.8705407701,73722.66817667044,71089.71574178935,72653.03125,241502,0.0,0.0,-0.008978413954202069
2005-11-30,71665.66136791089,72488.45885778357,70596.02463107639,71089.703125,242973,0.0,0.0,-0.02151772745201186
2005-12-01,70513.75785922549,70596.03762335527,68703.60304837022,68785.8828125,426563,0.0,0.0,-0.032407229334592946
2005-12-02,69115.0078125,70184.64483816964,67469.41238839286,69115.0078125,327861,0.0,0.0,0.004784775400748176
2005-12-05,68950.43670646916,69526.39500831318,67880.79986018743,68045.359375,202464,0.0,0.0,-0.015476355589828183
2005-12-06,67058.01681974313,69444.13030167265,67058.01681974313,68868.171875,245003,0.0,0.0,0.01209211778080932
2005-12-07,68785.8767339704,69032.71600454686,66152.92451448829,66728.8828125,335615,0.0,0.0,-0.03106353783258453
2005-12-08,65906.10097903482,66564.33919106013,63108.588577927214,65001.0234375,364760,0.0,0.0,-0.025893725507964427
2005-12-09,65001.0252637987,66070.66238839286,63190.870129870134,63355.4296875,539215,0.0,0.0,-0.025316428311044636
2005-12-12,63190.86037735849,65494.69382861636,63026.30084512579,65412.4140625,374924,0.0,0.0,0.032467373122494037
2005-12-13,65001.010503575686,69855.51635131107,64754.171223182355,69032.71875,540897,0.0,0.0,0.05534583518108471
2005-12-14,70266.92437803399,70513.76369083738,67304.85262439321,67798.53125,278318,0.0,0.0,-0.01787829774558891
2005-12-15,67798.52194714459,68785.87906287971,67304.84338927704,67716.2421875,134133,0.0,0.0,-0.0012137292797179677
2005-12-16,65823.82235221675,68703.61458012623,65823.82235221675,66811.1796875,174313,0.0,0.0,-0.013365515728028243
2005-12-19,66317.50092124277,71172.0078125,66317.50092124277,71172.0078125,228301,0.0,0.0,0.06527093437650944
2005-12-20,70596.04176540284,71172.00014810426,68868.16661729857,69444.125,91578,0.0,0.0,-0.024277561721344765
2005-12-21,69279.5720993005,69937.81031402068,67222.57767829987,67633.9765625,189203,0.0,0.0,-0.026066257404784077
2005-12-22,67880.8130777892,67963.09285121682,64754.18168753951,65083.30078125,219500,0.0,0.0,-0.03771293528620101
2005-12-23,64918.731767503195,65083.29129036125,62203.49964034527,64342.7734375,291797,0.0,0.0,-0.011378146696016112
2005-12-26,64342.786056913865,65165.58383257772,63519.98828125,63519.98828125,145200,0.0,0.0,-0.012787530165283001
2005-12-27,62614.91602320504,65001.02977441785,62614.91602320504,63602.2734375,153230,0.0,0.0,0.0012954214645894968
2005-12-28,62779.47022251309,63766.82755235602,62614.91066753927,62861.75,138721,0.0,0.0,-0.011643034084743653
2005-12-29,62944.03175354003,63931.389114379876,62779.47219340006,63190.87109375,163850,0.0,0.0,0.005235633652419747
2006-01-02,63931.38684682377,65247.86328125,63273.14862961065,65247.86328125,158344,0.0,0.0,0.03255204671016876
2006-01-03,65576.9821414994,68209.93500038017,65412.42258781935,67633.9765625,276413,0.0,0.0,0.03656998346389817
2006-01-04,68127.6358057229,71171.9866810994,67798.51679216868,68292.1953125,346741,0.0,0.0,0.009732072302324868
2006-01-05,69937.79239226683,70513.75068255608,69114.99483471074,69690.953125,310683,0.0,0.0,0.020481957068437806
2006-01-06,69773.24704491725,70678.32454196218,69197.28863770685,69608.6875,294460,0.0,0.0,-0.0011804347811464888
2006-01-09,70760.61976047905,71172.01871257485,68209.94625748503,68703.625,304173,0.0,0.0,-0.013002148618302845
2006-01-10,69114.99576140568,69279.5552751233,65906.08524391183,66728.8828125,143962,0.0,0.0,-0.028742911127324078
2006-01-11,66482.06885068153,67716.26567340457,66152.94969795538,66399.7890625,81205,0.0,0.0,-0.004931803682742819
2006-01-12,66152.93195754717,66728.89032036164,65247.8545302673,65412.4140625,222223,0.0,0.0,-0.014870152660735325
2006-01-13,65001.01963894111,66482.05552944863,64754.18032385652,65659.2578125,109226,0.0,0.0,0.0037736529607994562
2006-01-16,66317.49809027778,67058.01605902778,65823.81944444444,66646.6171875,159641,0.0,0.0,0.015037626191565456
2006-01-17,68292.21349234533,68374.49326763731,65165.58203125,65165.58203125,193902,0.0,0.0,-0.02222221049994688
2006-01-18,64918.7265625,65659.2443559886,63190.85171102662,64918.7265625,173838,0.0,0.0,-0.0037881265087392757
2006-01-19,63766.82716477638,65330.14292752574,63355.428279842345,63931.38671875,114334,0.0,0.0,-0.015208860309350758
2006-01-20,63437.699955174176,64836.455985314205,60146.50929602117,60228.7890625,268591,0.0,0.0,-0.057915178229101194
2006-01-23,58171.804648381614,59488.28113264485,54386.93475612482,57513.56640625,464226,0.0,0.0,-0.04508180719742494
2006-01-24,57842.67424684475,59488.26953125,56526.19801932054,59488.26953125,385014,0.0,0.0,0.03433456223270159
2006-01-25,59241.42857142857,59899.666666666664,56937.59523809524,57019.875,597124,0.0,0.0,-0.04149380290770299
2006-01-26,58171.79259019488,58747.750932672054,57348.99495808462,58583.19140625,573574,0.0,0.0,0.027417043728173773
2006-01-27,59570.5621304205,63108.59275418857,59323.72278457622,62614.9140625,351024,0.0,0.0,0.06882046811502107
2006-01-31,62861.7483230745,65741.54045829388,62779.46854778252,65165.58203125,337960,0.0,0.0,0.04073578965873881
2006-02-01,63437.699296875,64589.616015625,61545.2646875,61709.82421875,247927,0.0,0.0,-0.053030414288984584
2006-02-02,62697.1894888218,63602.26702737434,61216.15351664491,63026.30859375,135757,0.0,0.0,0.021333464997944418
2006-02-03,61298.425390625,62779.461171875,60311.068203125,61709.82421875,101641,0.0,0.0,-0.02088785468122034
2006-02-06,60146.51090692476,61298.42766848009,58500.91553327429,60969.30859375,69158,0.0,0.0,-0.01199996328582964
2006-02-07,60146.49340654681,61709.808556648575,60064.21366180461,60640.171875,97221,0.0,0.0,-0.005398400053100438
2006-02-08,59652.82832799333,61545.26288184691,58583.19140625,58583.19140625,115951,0.0,0.0,-0.033921085728288114
2006-02-09,59405.991899787536,59405.991899787536,57760.396556303116,58089.515625,186487,0.0,0.0,-0.008426918530719196
2006-02-10,58089.50951704546,58994.586860795454,57513.551207386365,58830.02734375,173179,0.0,0.0,0.012747768866423481
2006-02-13,58830.014014577384,60146.48985266583,57595.81791636947,57678.09765625,154062,0.0,0.0,-0.019580641714972424
2006-02-14,56279.3671875,57102.16495339912,55374.28964501096,56279.3671875,453287,0.0,0.0,-0.0242506345664546
2006-02-15,54633.76954467354,55127.44818513746,47886.828125,47886.828125,2322768,0.0,0.0,-0.14912283989511588
2006-02-16,48545.05934120216,49532.41648034526,48133.66053322588,49450.13671875,839639,0.0,0.0,0.03264589982174759
2006-02-17,50026.103553921566,51671.69906556372,49614.704676011024,50355.22265625,593677,0.0,0.0,0.0183030017216681
2006-02-20,48462.783668456235,50766.6171875,48298.224131381685,50766.6171875,342904,0.0,0.0,0.008169848320568107
2006-02-21,51095.74173821885,52247.65862120607,50766.62262879393,51507.140625,291591,0.0,0.0,0.014586818632507548
2006-02-22,51589.41460193453,52659.05158730159,51013.45622519842,51836.25390625,368734,0.0,0.0,0.006389663205071283
2006-02-23,52412.2079720846,54386.92224418826,51671.69012004573,53975.5234375,381843,0.0,0.0,0.04126975562545554
2006-02-24,53481.85693884408,54304.65473790322,52823.61869959677,53564.13671875,225786,0.0,0.0,-0.007621727267292933
2006-02-27,53728.68470812785,55621.11923842944,53152.726372818666,54222.36328125,225163,0.0,0.0,0.01228856848671267
2006-02-28,55045.171243990386,55209.73079927885,53481.85546875,53481.85546875,124372,0.0,0.0,-0.013656870849745206
2006-03-02,52741.33176875,53728.68899375,51095.736393750005,51424.85546875,442674,0.0,0.0,-0.038461642401354745
2006-03-03,51013.462293388424,51260.30162706611,49532.426291322314,49779.265625,243795,0.0,0.0,-0.031999892440145006
2006-03-06,49696.98828125,50355.22653663079,49038.7500258692,49696.98828125,213781,0.0,0.0,-0.0016528436632596843
2006-03-07,48545.05766997466,49367.85525760135,48545.05766997466,48709.6171875,193383,0.0,0.0,-0.019867825554381158
2006-03-08,47557.708300954706,48709.62511101243,46241.23194660302,46323.51171875,361342,0.0,0.0,-0.048986331786699644
2006-03-09,46734.910264756945,47886.82706705729,46734.910264756945,47393.1484375,235939,0.0,0.0,0.02309057925582647
2006-03-10,47475.42331149193,51095.73288810484,47393.143548387096,51013.453125,384727,0.0,0.0,0.07638877784780007
2006-03-13,50931.17336189516,51753.97099294355,49450.137626008065,51013.453125,256549,0.0,0.0,0.0
2006-03-14,50519.77935376214,51178.01752123787,49779.261415351946,50848.8984375,172694,0.0,0.0,-0.0032257115999732022
2006-03-15,51178.016984247966,51753.97537474594,50437.499053607724,50602.05859375,157055,0.0,0.0,-0.004854379373692819
2006-03-16,49861.53973358995,51178.01603018638,48380.50389991896,50766.6171875,176006,0.0,0.0,0.003252013817681476
2006-03-17,51424.852287244496,52412.20945115959,50848.893941627364,52329.9296875,334842,0.0,0.0,0.030794104208797357
2006-03-20,53070.45159848625,56197.082855451335,52659.05274888559,55374.28515625,305651,0.0,0.0,0.05817618114394674
2006-03-21,55867.95930638482,55867.95930638482,53399.56640625,53399.56640625,143412,0.0,0.0,-0.035661295571182916
2006-03-22,52823.61112351191,52823.61112351191,51342.57529761905,51836.25390625,123913,0.0,0.0,-0.029275752692572876
2006-03-23,52247.66405642496,53810.97998882193,51836.26512684681,52905.90234375,94608,0.0,0.0,0.020635141563943638
2006-03-24,53152.736358173075,53646.41502403846,51836.25991586538,53481.85546875,72603,0.0,0.0,0.01088636805129628
2006-03-27,53893.243517889496,57019.87443953804,53481.84471240942,56773.03515625,314737,0.0,0.0,0.061538248040460486
2006-03-28,56608.47563405797,56773.03515625,55374.27921761775,56773.03515625,87860,0.0,0.0,0.0
2006-03-29,55703.39206652496,57513.54660930717,55374.27305874638,56855.30859375,72232,0.0,0.0,0.0014491639785254584
2006-03-30,56608.48321026723,58500.91796875,56608.48321026723,58500.91796875,179088,0.0,0.0,0.028943812208608755
2006-03-31,58500.90939174107,59323.7069921875,57595.83203125,57595.83203125,81219,0.0,0.0,-0.01547131171486027
2006-04-03,58418.63414607041,59076.87227729374,57019.87811722084,57842.67578125,83785,0.0,0.0,0.0042857918931715755
2006-04-04,57595.84618651645,57924.96530758226,56443.92926278612,57513.56640625,72498,0.0,0.0,-0.0056897328927975055
2006-04-05,57595.83756775068,61709.825965447155,56937.59942411924,60722.46875,288595,0.0,0.0,0.05579383342503497
2006-04-06,62697.18793345442,63437.70590117239,61792.110417354685,62285.7890625,224177,0.0,0.0,0.025745335205924036
2006-04-07,62861.73921423885,63108.57850434712,61709.822527066935,62697.1796875,92457,0.0,0.0,0.006604887426041817
2006-04-10,62697.194786759756,62697.194786759756,61133.87890625,61133.87890625,77377,0.0,0.0,-0.024934148378633947
2006-04-11,60887.021306818184,61216.14034090909,58830.02734375,58830.02734375,177208,0.0,0.0,-0.037685349003177104
2006-04-12,58830.03031838389,60064.22675862971,58007.23269155335,58994.58984375,138883,0.0,0.0,0.0027972535018290223
2006-04-13,58747.74451188016,59735.1015625,58418.62549500688,59735.1015625,162514,0.0,0.0,0.012552197086398653
2006-04-14,59652.835696632035,61956.669351122655,59159.15705638404,61380.7109375,143337,0.0,0.0,0.027548448599827413
2006-04-17,60969.30832435345,62121.225080818964,59405.9927262931,59652.83203125,93056,0.0,0.0,-0.02815019376379313
2006-04-18,58830.03552097429,61051.58930987822,58583.196211096074,60804.75,83052,0.0,0.0,0.019310365149915354
2006-04-19,61709.833115183246,62861.75,61216.15445026178,62861.75,175146,0.0,0.0,0.033829593905081445
2006-04-20,62944.01897760827,63684.53684793307,62697.1796875,62697.1796875,168606,0.0,0.0,-0.002617972177039296
2006-04-21,63766.81712686864,65083.293351423345,63684.53736283397,64671.89453125,131946,0.0,0.0,0.03149607133195653
2006-04-24,65001.023819578506,65001.023819578506,63437.70805682915,63931.38671875,94092,0.0,0.0,-0.011450226066010538
2006-04-25,62944.02426531457,63849.101738410594,61956.667021937086,62121.2265625,172973,0.0,0.0,-0.028314107501114294
2006-04-26,62285.787475119425,64754.1806379379,62285.787475119425,64589.62109375,110135,0.0,0.0,0.039735122241454146
2006-04-27,65412.403768155134,67469.3975973424,65165.56450865266,66564.3203125,169972,0.0,0.0,0.030573011349358747
2006-04-28,66070.66053204115,67058.01785007912,65001.0234375,65001.0234375,79811,0.0,0.0,-0.023485507966742203
2006-05-02,63355.4199095912,66235.21172366352,62121.22341784591,65412.4140625,106602,0.0,0.0,0.006328986887345955
2006-05-03,65412.42014953988,67469.41449386503,65412.42014953988,67058.015625,135960,0.0,0.0,0.02515732810178295
2006-05-04,66564.33381187679,66564.33381187679,57348.99958823006,57760.3984375,514150,0.0,0.0,-0.13865034777488616
2006-05-08,56443.921209849075,58336.35588598104,52000.81370936533,53152.73046875,778930,0.0,0.0,-0.07977209460796497
2006-05-09,53070.45468391629,55703.407474436164,52823.615359805044,53810.97265625,332203,0.0,0.0,0.012383976922634377
2006-05-10,53070.44661662422,54057.80376298002,51918.52994587579,52494.48828125,266530,0.0,0.0,-0.024464980096342792
2006-05-11,51836.25550176056,52905.89252005086,51507.1364192097,52576.7734375,245378,0.0,0.0,0.0015675008737896512
2006-05-12,51836.25018367947,52576.76804344632,51671.69065928684,52494.48828125,178148,0.0,0.0,-0.0015650476602147023
2006-05-15,51671.69464817177,51753.974416719815,48380.50390625,48380.50390625,239220,0.0,0.0,-0.07836983480929438
2006-05-16,49203.30717975206,51507.140960743796,49203.30717975206,49779.265625,354356,0.0,0.0,0.02891168147939238
2006-05-17,50272.93870625,51753.97454375,49532.4207875,51424.85546875,169664,0.0,0.0,0.03305773645088794
2006-05-18,49861.541073258195,52576.773507940576,49861.541073258195,50190.66015625,283100,0.0,0.0,-0.023999976300370873
2006-05-19,50190.659459593946,51671.6953125,49038.742685111465,51671.6953125,180700,0.0,0.0,0.029508182431539076
2006-05-22,50190.659459593946,51671.6953125,49038.742685111465,51671.6953125,182230,0.0,0.0,0.0
2006-05-23,50437.48497097844,51095.7229477612,49450.12800580431,49614.6875,194600,0.0,0.0,-0.03980917986258492
2006-05-24,48874.184326171875,48874.184326171875,46076.67209201389,47393.1484375,554099,0.0,0.0,-0.04477583502868987
2006-05-25,48133.65739312163,48462.77641803187,45418.42543761221,45829.82421875,342105,0.0,0.0,-0.03298629169597467
2006-05-26,47310.869318181816,47393.14909090909,44348.7975,45253.875,334570,0.0,0.0,-0.01256712694338391
2006-05-29,45747.54780573105,45994.38709245262,44677.91089660424,45582.98828125,280300,0.0,0.0,0.007272598893464988
2006-05-30,45665.27260785398,46570.3500829646,45665.27260785398,46488.0703125,185543,0.0,0.0,0.019855697605114964
2006-05-31,45747.54780573105,45994.38709245262,44677.91089660424,45582.98828125,284756,0.0,0.0,-0.01946912455530847
2006-06-01,45994.38994069343,46899.46738138686,45089.3125,45089.3125,184692,0.0,0.0,-0.0108302636545895
2006-06-02,45994.38570267341,46076.66546242774,42620.91555274566,42703.1953125,303851,0.0,0.0,-0.0529197952951711
2006-06-05,42950.04273343374,43196.88205948795,40646.209023594376,40975.328125,387681,0.0,0.0,-0.040462245854333556
2006-06-07,42703.20094747341,42703.20094747341,38383.51299035904,38671.4921875,451983,0.0,0.0,-0.05622495396429483
2006-06-08,37025.8925065445,40070.24366819372,37025.8925065445,39288.5859375,484063,0.0,0.0,0.01595732967861707
2006-06-09,41098.74055809738,45418.42800414365,41098.74055809738,44677.91015625,417561,0.0,0.0,0.13717277143349715
2006-06-12,45089.31606506238,48133.66769719251,43690.55990975936,46158.953125,288455,0.0,0.0,0.033149334057264834
2006-06-13,46158.948353897606,47722.263895295204,44595.6328125,44595.6328125,220895,0.0,0.0,-0.03386819255338125
2006-06-14,44595.637147928304,45253.87533461359,43114.60122788641,44184.23828125,129752,0.0,0.0,-0.00922499593132109
2006-06-15,44842.47160804778,45418.429958976834,42456.35843991313,42620.91796875,135702,0.0,0.0,-0.03538185500786173
2006-06-16,43443.71464879852,46734.90515249538,43279.15512361368,44513.3515625,198608,0.0,0.0,0.04440152122339436
2006-06-19,45253.86366306391,45253.86366306391,43443.70911654135,43772.828125,55013,0.0,0.0,-0.016635984744043597
2006-06-20,43443.7202268431,45253.8752362949,42785.48204158791,43526.0,128647,0.0,0.0,-0.005638843446330366
2006-06-21,43443.71609778598,44677.912577836716,43443.71609778598,44595.6328125,102810,0.0,0.0,0.0245745718076551
2006-06-22,45912.11017335766,46076.66970802919,44842.473197992695,45089.3125,110121,0.0,0.0,0.011070135265837555
2006-06-23,44266.51772727272,45665.273863636365,44266.51772727272,45253.875,85377,0.0,0.0,0.0036497008021578736
2006-06-26,44595.63332457983,49121.02047006302,44595.63332457983,48956.4609375,190015,0.0,0.0,0.08181809706903542
2006-06-27,49367.87350700165,50766.62992303336,48051.39688014827,49943.83203125,230630,0.0,0.0,0.020168351119385974
2006-06-28,48627.34266826923,49532.42011217948,47886.82475961538,48133.6640625,115333,0.0,0.0,-0.03624407449587319
2006-06-29,46899.464677680226,47064.02420286507,43937.39322435305,44513.3515625,573156,0.0,0.0,-0.07521373181354196
2006-06-30,45171.59172161698,45582.99055332569,44019.67499283257,44842.47265625,296036,0.0,0.0,0.007393761246845099
2006-07-03,44595.639085952156,45089.31774742026,43772.84131683865,43855.12109375,245890,0.0,0.0,-0.02201822299293721
2006-07-04,44101.955678501945,44431.07475072957,42209.521013193094,42291.80078125,267100,0.0,0.0,-0.035647383327435334
2006-07-05,41551.29052927372,42291.80857831028,41222.171396368576,41633.5703125,150800,0.0,0.0,-0.015564020840697412
2006-07-06,41633.565359375,41962.684453125,41016.46705859375,41139.88671875,159400,0.0,0.0,-0.011857825068674832
2006-07-07,41304.44607115186,41551.285390302175,39741.130383199896,39823.41015625,293600,0.0,0.0,-0.032000004557620754
2006-07-10,39288.589177598384,40851.9047679112,38301.23196266397,40769.625,148700,0.0,0.0,0.023760266638076954
2006-07-11,40810.771468495936,41386.72993680132,39658.85453188516,40481.65234375,139700,0.0,0.0,-0.007063411945780751
2006-07-12,40193.66049557265,40481.6396393485,39494.282574974146,39782.26171875,146400,0.0,0.0,-0.01727673117344919
2006-07-13,39576.56471795551,39617.7045981197,38671.48735434322,38836.046875,132000,0.0,0.0,-0.0237848428638745
2006-07-14,38136.66379766949,38260.08342161017,36408.7890625,36408.7890625,284100,0.0,0.0,-0.06250012572887542
2006-07-18,35380.30404121046,35791.70292541059,33570.14895072993,33816.98828125,338200,0.0,0.0,-0.07118612972271243
2006-07-19,33652.42934229651,35956.263135901165,33570.14956395349,35380.3046875,305900,0.0,0.0,0.04622872957367363
2006-07-20,36367.649343039775,36696.76834161932,35709.41134588068,36203.08984375,178500,0.0,0.0,0.02325545705491594
2006-07-21,35380.292654454024,36161.95028286638,35092.31352819684,35791.69140625,200282,0.0,0.0,-0.011363627780821117
2006-07-24,34804.34462015739,34968.90416918886,33446.7283406477,33981.546875,272924,0.0,0.0,-0.050574433901548144
2006-07-25,34598.63865879604,37313.87070574079,34557.498779296875,36861.33203125,298104,0.0,0.0,0.0847455581361023
2006-07-26,37601.853135726546,38013.25196653318,35462.57921553204,35956.2578125,304100,0.0,0.0,-0.024553486509459432
2006-07-27,35544.861273364484,35709.42081629673,34639.78378723715,35215.7421875,175000,0.0,0.0,-0.02059490253022278
2006-07-28,34763.196869599655,36408.79198768721,34763.196869599655,35709.4140625,148015,0.0,0.0,0.014018499805329432
2006-07-31,36696.777580492424,38095.53367660985,36696.777580492424,38013.25390625,255190,0.0,0.0,0.06451631605373676
2006-08-01,38260.09022588315,39288.587274966034,37601.85211447011,37848.69140625,206040,0.0,0.0,-0.004329082177649157
2006-08-02,38218.94811517191,38589.20703125,37560.71004214419,38589.20703125,77297,0.0,0.0,0.019565157935096167
2006-08-03,39206.31133868243,39206.31133868243,37930.97487331081,38054.39453125,90241,0.0,0.0,-0.013859121271056485
2006-08-04,37601.86323169926,39000.619632003174,36532.22598440803,38918.33984375,227878,0.0,0.0,0.022702905226636316
2006-08-07,38918.332795329676,38918.332795329676,37025.89800824176,37437.296875,139230,0.0,0.0,-0.0380551425034088
2006-08-08,37684.13491486711,38177.81353820598,36902.477094580565,37149.31640625,89642,0.0,0.0,-0.007692341402520175
2006-08-09,37025.894772597254,37231.59418800057,35956.2578125,35956.2578125,129225,0.0,0.0,-0.032115223351708244
2006-08-10,36079.6743207659,37067.03142874582,35544.85588727678,36861.33203125,180117,0.0,0.0,0.02517153546594475
2006-08-11,37272.73305876359,37930.97117017663,36984.75388502038,37848.69140625,136710,0.0,0.0,0.026785775787021127
2006-08-14,37478.43499481397,38424.65234375,37272.73557113222,38424.65234375,91639,0.0,0.0,0.015217459735078043
2006-08-16,39082.87550403226,40563.91078629032,38753.756552419356,39535.4140625,267246,0.0,0.0,0.028907528136183025
2006-08-17,40111.379330153395,40728.47747369422,39823.40019650102,40563.91796875,207617,0.0,0.0,0.026014749829711636
2006-08-18,40563.92873263889,41098.747265624996,40029.11019965278,40728.48828125,98798,0.0,0.0,0.004057061564585185
2006-08-21,40893.056194196426,40893.056194196426,39412.019953762756,40317.09765625,81900,0.0,0.0,-0.010100807625344377
2006-08-22,40399.357404208546,41715.833409233666,40399.357404208546,40934.17578125,83800,0.0,0.0,0.015305618729336778
2006-08-23,41057.60320035679,43279.156880536415,41057.60320035679,41798.12109375,94144,0.0,0.0,0.02110572146650469
2006-08-24,42291.79294087666,42703.19170489297,40234.799120795105,40358.21875,107675,0.0,0.0,-0.03444897296987126
2006-08-25,40481.6396393485,40975.31817153568,39412.00281960962,39782.26171875,159838,0.0,0.0,-0.014271121201304249
2006-08-28,40193.65924439347,40893.0371432212,40029.09973878695,40358.21875,133557,0.0,0.0,0.014477734708043144
2006-08-29,40810.76225961539,42785.4765625,40728.482496995195,42785.4765625,128431,0.0,0.0,0.06014283800619924
2006-08-30,42374.07833509711,42374.07833509711,41139.881878735054,41304.44140625,89420,0.0,0.0,-0.03461537127175707
2006-08-31,41469.007563320825,44842.47841668621,41304.448009498126,43855.12109375,149849,0.0,0.0,0.06175315778787027
2006-09-01,43855.11184024638,45582.98679080018,43608.27256159584,45500.70703125,150367,0.0,0.0,0.03752323323842144
2006-09-04,44266.514826642335,45747.55063868613,44266.514826642335,45089.3125,162403,0.0,0.0,-0.009041497552278788
2006-09-05,45253.87447154936,45418.43401508227,44184.237438585464,45007.03515625,77213,0.0,0.0,-0.001824763767467097
2006-09-06,44924.7509709608,44924.7509709608,42785.47711520076,43032.31640625,228928,0.0,0.0,-0.04387577948968224
2006-09-07,42538.634655214424,42703.194170321636,41633.557322124754,42209.515625,164672,0.0,0.0,-0.019120531962125487
2006-09-08,42374.07627348266,43196.87387102601,42374.07627348266,42703.1953125,160135,0.0,0.0,0.011695933492484878
2006-09-11,42456.36309375,43279.160828125,40934.18728515625,41139.88671875,134149,0.0,0.0,-0.036608702986036024
2006-09-12,41098.74257457027,41386.721751769466,39987.965748230534,40687.34375,203051,0.0,0.0,-0.011000102451515725
2006-09-13,41222.16312282555,42127.24055666004,40934.183939332754,41386.72265625,293088,0.0,0.0,0.01718910210868696
2006-09-14,41386.724709903494,45007.03462488511,41386.724709903494,44760.1953125,509815,0.0,0.0,0.08151098805936874
2006-09-15,44924.75195654554,47310.86515570272,44431.073363616466,46981.74609375,455240,0.0,0.0,0.049632285242276364
2006-09-18,46899.46632826182,47310.86515570272,45912.10914240368,46981.74609375,179225,0.0,0.0,0.0
2006-09-19,46488.07206700212,48545.06640625,45665.274331302964,48545.06640625,175753,0.0,0.0,0.0332750577081673
2006-09-20,48874.18382428279,50190.66015625,47969.10634605533,50190.66015625,350133,0.0,0.0,0.033898269624946575
2006-09-21,49779.26759416051,50437.505843339495,48791.910220392034,50108.38671875,250187,0.0,0.0,-0.0016392180785005372
2006-09-22,49367.86057692308,49614.69987980769,48133.6640625,48133.6640625,525163,0.0,0.0,-0.03940902482719688
2006-09-25,47475.42243399785,48874.17838092672,46076.666487068964,47722.26171875,144698,0.0,0.0,-0.008547081377719534
2006-09-26,47722.25548986486,47804.535240709454,45665.26171875,45665.26171875,121264,0.0,0.0,-0.04310357317351976
2006-09-27,46158.9457305602,49203.296875,46158.9457305602,49203.296875,156614,0.0,0.0,0.07747760602009857
2006-09-28,49450.14034455128,49532.42011217948,47557.705689102564,48133.6640625,113341,0.0,0.0,-0.021739047593037908
2006-09-29,48380.50431496569,48545.06385345197,46899.46846858919,47969.10546875,126767,0.0,0.0,-0.0034187838585553187
2006-10-02,48215.94123053633,48545.0602833045,46899.46501946367,47557.703125,114061,0.0,0.0,-0.008576402243273273
2006-10-04,46570.35225694444,47310.870225694445,44184.23880208333,44431.078125,164233,0.0,0.0,-0.06574381844686705
2006-10-09,44431.07489224138,45336.15234375,40563.92578125,42950.0390625,213438,0.0,0.0,-0.03333340366698567
2006-10-10,42620.91555274566,43525.99291004335,42456.356033236996,42703.1953125,107006,0.0,0.0,-0.005747229930124109
2006-10-11,41962.67947836998,43608.274752031546,41715.84018732074,43032.31640625,122819,0.0,0.0,0.007707177211014438
2006-10-12,43196.87687440019,43279.15663987524,42620.91851607485,42867.7578125,119003,0.0,0.0,-0.003824070082504294
2006-10-13,44019.678409090906,45829.83340909091,43855.118863636366,45253.875,244491,0.0,0.0,0.05566228114697935
2006-10-16,46076.6698516187,47639.985435870054,44842.47333773606,45747.55078125,234080,0.0,0.0,0.010909027818059691
2006-10-17,45747.55063868613,45912.11017335766,43772.83622262773,45089.3125,116297,0.0,0.0,-0.014388492280110965
2006-10-18,44760.18728070176,46981.7406935307,44595.62776864035,46899.4609375,143663,0.0,0.0,0.04014584248761843
2006-10-19,47722.26732621441,49532.42229376047,47722.26732621441,49121.0234375,353657,0.0,0.0,0.04736861481117094
2006-10-20,49121.02047006302,49285.58000262605,48133.66327468487,48956.4609375,231634,0.0,0.0,-0.0033501439604446404
2006-10-23,48956.462418729025,49367.86126258389,48380.50403733221,49038.7421875,105333,0.0,0.0,0.0016807025758058813
2006-10-24,49367.85976890756,49861.53836659664,47886.823975840336,48956.4609375,134015,0.0,0.0,-0.0016778825542750342
2006-10-25,48956.46527409957,49203.30459480932,48462.78663268008,48545.06640625,46189,0.0,0.0,-0.008403273508173048
2006-10-26,48545.0635625,51424.85546875,48215.944487500004,51424.85546875,233892,0.0,0.0,0.05932197184365662
2006-10-27,51507.14168701172,52659.05859375,51013.46301269531,52659.05859375,262290,0.0,0.0,0.024000128221070227
2006-10-30,52000.81028225806,52329.92933467742,50684.33407258065,51013.453125,111296,0.0,0.0,-0.031250187768174675
2006-10-31,51095.7377503034,51424.85683404127,50108.380499089806,50848.8984375,67655,0.0,0.0,-0.0032257115999732022
2006-11-01,51836.25991586538,53975.53413461538,51836.25991586538,53481.85546875,280259,0.0,0.0,0.05178002104580992
2006-11-02,51836.25991586538,53975.53413461538,51836.25991586538,53481.85546875,280259,0.0,0.0,0.0
2006-11-03,54057.81111751695,55045.168398202186,54057.81111751695,54633.76953125,240823,0.0,0.0,0.021538408725798153
2006-11-06,54386.93167880639,54962.890108082705,53975.53280075188,54716.05078125,158169,0.0,0.0,0.0015060511238005336
2006-11-07,55045.15955668605,55045.15955668605,52329.92747093023,53070.4453125,167538,0.0,0.0,-0.030075369937223484
2006-11-08,52412.21560733037,52988.17402059774,50931.1796875,50931.1796875,186674,0.0,0.0,-0.04030992414710577
2006-11-09,52494.49046875,52494.49046875,49203.29984375,49367.859375,384407,0.0,0.0,-0.030694759518474002
2006-11-10,50437.49876841162,52000.814390923566,50108.379689988054,51671.6953125,454090,0.0,0.0,0.04666671730690175
2006-11-13,51671.69027478448,51671.69027478448,47557.7021955819,47722.26171875,408844,0.0,0.0,-0.07643321106196765
2006-11-14,47722.26342429578,48051.382482394365,44842.4716659331,46734.90625,736987,0.0,0.0,-0.020689620172844148
2006-11-15,47310.85971765351,47804.53825383772,46158.943133223685,46899.4609375,258029,0.0,0.0,0.003521023164564596
2006-11-16,47310.86971112543,48874.185405927834,47310.86971112543,47886.828125,351817,0.0,0.0,0.021052847255873752
2006-11-17,47969.10194096021,48380.50075692042,46488.06620350346,47557.703125,169467,0.0,0.0,-0.006872975573593565
2006-11-20,47310.85983084606,48051.37763689408,45829.82421875,45829.82421875,205500,0.0,0.0,-0.036332261499435026
2006-11-21,45829.834545378995,47557.709815492024,45829.834545378995,46405.79296875,192543,0.0,0.0,0.012567553112376117
2006-11-22,46488.07206700212,48545.06640625,46488.07206700212,48545.06640625,301609,0.0,0.0,0.04609927555683835
2006-11-23,48545.05932748211,48874.178373770126,45994.38671875,45994.38671875,242534,0.0,0.0,-0.052542511038188855
2006-11-24,44842.46703673246,47310.85971765351,44019.66947642544,46899.4609375,402907,0.0,0.0,0.019677927749845114
2006-11-27,46899.46821263227,47310.867056602736,45912.11098710317,46652.62890625,124897,0.0,0.0,-0.005263003589293658
2006-11-28,45500.702802979395,45994.38131440413,45500.702802979395,45912.1015625,164894,0.0,0.0,-0.015873217889566638
2006-11-29,45912.108440290176,46734.90608258928,45665.26914760045,46076.66796875,102256,0.0,0.0,0.003584379731038423
2006-11-30,46488.07105495505,48298.226034086045,46158.95196784033,48051.38671875,327639,0.0,0.0,0.04285723853424672
2006-12-01,48051.38496224832,49367.86126258389,47310.86704330956,49038.7421875,171993,0.0,0.0,0.020547907899705287
2006-12-04,48956.46527409957,49696.98323622881,48133.66753840042,48545.06640625,137900,0.0,0.0,-0.010067056356429904
2006-12-05,49285.57719555948,50026.0950499168,48133.66053322588,49450.13671875,230316,0.0,0.0,0.018643919547372878
2006-12-06,49943.814720944814,50026.09448160535,48298.21950773412,49203.296875,121829,0.0,0.0,-0.004991691836039092
2006-12-07,49285.58436837923,49696.98323622881,48298.22708554025,48545.06640625,70615,0.0,0.0,-0.01337777162417031
2006-12-08,47969.10789841066,48545.06631228523,47393.14948453609,47886.828125,112728,0.0,0.0,-0.013559323943272084
2006-12-11,47886.82952445652,48874.18683423913,47310.87109375,47310.87109375,42289,0.0,0.0,-0.012027462536181477
2006-12-12,47146.2972339527,47804.535240709454,44760.18445945946,45665.26171875,170457,0.0,0.0,-0.03478290162400732
2006-12-13,45747.55008600918,45829.82985235092,44184.234525516054,44842.47265625,195729,0.0,0.0,-0.01801783306460647
2006-12-14,45089.31264051259,45994.39008402653,43937.39589422212,45747.55078125,188900,0.0,0.0,0.020183501742601972
2006-12-15,45171.59398506637,46734.9096238938,45171.59398506637,46488.0703125,141600,0.0,0.0,0.016187085835281723
2006-12-18,46488.06695642606,47146.30507262324,46488.06695642606,46734.90625,89643,0.0,0.0,0.005309661937798804
2006-12-19,47310.85734487008,47393.1370967742,45912.1015625,45912.1015625,68075,0.0,0.0,-0.017605784487906173
2006-12-20,45747.54446252245,46652.621781025584,45747.54446252245,45829.82421875,84681,0.0,0.0,-0.0017920622439379086
2006-12-21,46241.22486720163,46488.06414585217,45089.3082334991,45500.70703125,106170,0.0,0.0,-0.00718128845376087
2006-12-22,45253.87393727022,45500.71324965533,44677.91554170496,44760.1953125,103613,0.0,0.0,-0.016274729934227516
2006-12-26,44760.19410377359,44842.4738723467,42703.19988944576,43608.27734375,188660,0.0,0.0,-0.025735320427172192
2006-12-27,43443.717806603774,44184.23572376179,43361.43803803066,43608.27734375,60673,0.0,0.0,0.0
2006-12-28,43855.12109375,44431.07953212946,43443.72220919325,43855.12109375,108166,0.0,0.0,0.00566047927218527
2007-01-02,44101.956087360595,44760.194237918215,43855.11678090149,44266.515625,134224,0.0,0.0,0.009380763773757517
2007-01-03,44431.07998934659,44513.359767104645,43443.72265625,43443.72265625,155008,0.0,0.0,-0.018587253980417606
2007-01-04,43526.00243400805,44019.68110055634,42620.92487866951,43443.72265625,147157,0.0,0.0,0.0
2007-01-05,43690.554515714626,43690.554515714626,42127.23900573613,43032.31640625,115946,0.0,0.0,-0.009469866412122774
2007-01-08,42867.75426205184,43361.43281401405,41798.11739946705,42456.35546875,164710,0.0,0.0,-0.013384381450967986
2007-01-09,42538.63522741037,43279.15305535368,42044.95667544816,42456.35546875,215074,0.0,0.0,0.0
2007-01-10,43196.876801775834,44595.6328125,43032.3172711024,44595.6328125,304289,0.0,0.0,0.05038768212981948
2007-01-11,44348.7975,45665.273863636365,43937.398636363636,45253.875,128010,0.0,0.0,0.014760238749555343
2007-01-12,45665.27473958333,45747.554513888885,44431.078125,44431.078125,75241,0.0,0.0,-0.018181799348674588
2007-01-15,44595.634034959534,46241.229386803054,44595.634034959534,45747.55078125,124931,0.0,0.0,0.029629545619989317
2007-01-16,45829.830548842176,46241.229386803054,45089.31264051259,45747.55078125,89942,0.0,0.0,0.0
2007-01-17,45418.42985491071,46158.94773297991,44266.513155691966,46076.66796875,98609,0.0,0.0,0.007194203446513114
2007-01-18,46076.67386968085,46817.19184258644,45171.596347240695,46405.79296875,89931,0.0,0.0,0.007142986125281858
2007-01-19,46570.33897804054,47393.13648648648,45665.26171875,45665.26171875,123693,0.0,0.0,-0.01595773291706659
2007-01-22,46241.23227272727,46241.23227272727,44760.196363636365,45253.875,67143,0.0,0.0,-0.009008745450397537
2007-01-23,45007.02994556634,45747.54780573105,44101.95256092058,45582.98828125,146283,0.0,0.0,0.007272598893464988
2007-01-24,45665.27260785398,46652.6298534292,45665.27260785398,46488.0703125,129094,0.0,0.0,0.019855697605114964
2007-01-25,47146.30578044041,47886.82367227979,46570.347420120896,47639.984375,168998,0.0,0.0,0.02477870246617364
2007-01-26,46734.91129725086,48380.50676546392,46734.91129725086,47886.828125,114925,0.0,0.0,0.0051814406162891125
2007-01-29,48462.78653887457,48791.905632517184,46981.750617482816,47886.828125,89699,0.0,0.0,0.0
2007-01-30,47886.82124191811,48545.059334590514,47393.14267241379,47722.26171875,72936,0.0,0.0,-0.003436569359332564
2007-01-31,48133.66312420145,48956.46078444421,47969.1035921529,48298.22265625,113043,0.0,0.0,0.012069020133505193
2007-02-01,48462.782339810925,49038.74070378151,48462.782339810925,48956.4609375,75081,0.0,0.0,0.01362862327118819
2007-02-02,48956.46173878205,49121.02127403846,47475.42592147436,48133.6640625,269576,0.0,0.0,-0.016806706596917187
2007-02-05,48133.663368358015,48545.06220056621,46158.948973758714,47228.5859375,249588,0.0,0.0,-0.01880343295338549
2007-02-06,46570.35082673373,48051.38671875,46323.51151139769,48051.38671875,222556,0.0,0.0,0.0174216687820985
2007-02-07,46899.462943603074,47228.5819818038,44842.468954848555,45500.70703125,314786,0.0,0.0,-0.05308233251267869
2007-02-08,45171.5944782839,45829.832649187854,43361.43950829802,43690.55859375,262311,0.0,0.0,-0.039782863951032366
2007-02-09,43772.82785663168,44101.946863072524,42703.191085698956,43114.58984375,190482,0.0,0.0,-0.013182911103416184
2007-02-12,43032.31695579847,43855.11460313688,42867.7574263308,43279.15625,201831,0.0,0.0,0.003816954002030304
2007-02-13,43032.32001370103,44184.236801830695,43032.32001370103,44101.95703125,159200,0.0,0.0,0.019011479255675257
2007-02-14,44513.345206925675,45994.38072212838,44184.226203547296,45665.26171875,192880,0.0,0.0,0.03544751282561598
2007-02-15,45747.54780573105,45912.10733021209,44595.63113436372,45582.98828125,73846,0.0,0.0,-0.0018016635491265864
2007-02-16,45582.99409090909,45582.99409090909,43690.55931818182,45253.875,97498,0.0,0.0,-0.007220090074379293
2007-02-20,44595.63470027881,45089.313313197024,44101.956087360595,44266.515625,53958,0.0,0.0,-0.021818228273269402
2007-02-21,44431.07953212946,44595.639085952156,43608.28176301595,43855.12109375,84932,0.0,0.0,-0.009293582868258543
2007-02-22,43855.108462324766,44348.78698160047,43855.108462324766,44019.66796875,81459,0.0,0.0,0.003752056108755175
2007-02-23,44101.95595518868,44266.515492334904,42867.75942659198,43608.27734375,152602,0.0,0.0,-0.009345609451031023
2007-02-26,43361.442432281896,43855.12109375,43032.32332463649,43855.12109375,86909,0.0,0.0,0.00566047927218527
2007-02-27,43279.14993477229,43690.548698410814,42950.03092386148,43361.4296875,109872,0.0,0.0,-0.01125732625830922
2007-02-28,42044.95869891827,42785.4765625,41386.72059795673,42785.4765625,189354,0.0,0.0,-0.013282613814876831
2007-03-01,42785.4765625,42785.4765625,42785.4765625,42785.4765625,0,0.0,0.0,0.0
2007-03-05,41551.28494855572,41962.683809432514,40234.80859375,40234.80859375,179838,0.0,0.0,-0.059615275408328006
2007-03-06,40029.10150505514,41962.67578125,40029.10150505514,41962.67578125,150430,0.0,0.0,0.0429445857428139
2007-03-07,42456.356033236996,42785.47507225433,41468.99891618497,42703.1953125,117322,0.0,0.0,0.0176470998920637
2007-03-08,42703.201337394064,44019.677679201974,42044.96316649011,43690.55859375,193744,0.0,0.0,0.023121531633043313
2007-03-09,43608.27852136949,44760.1953125,43361.439208984375,44760.1953125,163161,0.0,0.0,0.024482102156117014
2007-03-12,44842.4660064088,45336.14453125,44266.5077274274,45336.14453125,164736,0.0,0.0,0.012867442037035826
2007-03-13,45089.3082334991,45582.98679080018,44266.510637997286,45500.70703125,125109,0.0,0.0,0.0036298300550583473
2007-03-14,44101.95725769927,45747.55267776268,44101.95725769927,45418.43359375,127503,0.0,0.0,-0.001808179320015757
2007-03-15,45665.271033653844,49038.74150641025,45665.271033653844,48133.6640625,270622,0.0,0.0,0.059782565225315
2007-03-16,48298.22708554025,48709.62595338983,47393.149576271186,48545.06640625,198273,0.0,0.0,0.008547081377719534
2007-03-19,48462.78421108291,48627.34375,47557.706747038916,48627.34375,123711,0.0,0.0,0.0016948652013668575
2007-03-20,48380.50336538461,48545.06290064102,47639.98545673077,48133.6640625,75889,0.0,0.0,-0.01015230628343744
2007-03-21,48462.789178719,50026.104958677686,48380.50940082644,49779.265625,157406,0.0,0.0,0.03418816320243634
2007-03-22,49779.26530051917,52000.819289137384,49532.42596845048,51507.140625,222515,0.0,0.0,0.03471073705700123
2007-03-23,50766.61692088294,51836.25390625,48874.182254464286,51836.25390625,139006,0.0,0.0,0.006389663205071283
2007-03-26,51753.96967827951,52165.368483353275,50602.05302407297,51589.41015625,69941,0.0,0.0,-0.004761990525905646
2007-03-27,51671.69657422512,51671.69657422512,49532.42251223491,50437.5,220977,0.0,0.0,-0.02232842268909807
2007-03-28,50026.0977427598,50190.65727480835,47886.82382612862,48298.22265625,199552,0.0,0.0,-0.04241442069392809
2007-03-29,48133.67666932661,50026.11182042834,47886.8373017916,49943.83203125,172401,0.0,0.0,0.034071841249981194
2007-03-30,49943.82240761309,51013.45946082391,48791.905581078354,50931.1796875,69004,0.0,0.0,0.019769160997342272
2007-04-02,50190.65974339431,51095.73721417683,49367.86204268293,50602.05859375,49463,0.0,0.0,-0.006462074818792685
2007-04-03,50602.05954323002,51836.25611745514,50272.94045676998,50437.5,105845,0.0,0.0,-0.003252013817681476
2007-04-04,50519.77917155712,52659.05320813772,49943.82077709311,52576.7734375,110913,0.0,0.0,0.04241434324659221
2007-04-05,51918.52734375,52576.76540833003,51260.28927916997,51918.52734375,87599,0.0,0.0,-0.012519712616683942
2007-04-06,52576.7734375,53564.13068515258,51507.1364192097,52576.7734375,75119,0.0,0.0,0.012678443080478496
2007-04-09,52576.7734375,52576.7734375,51260.29710729655,52576.7734375,76826,0.0,0.0,0.0
2007-04-10,52329.93885869565,52412.21863677536,51095.7421875,51095.7421875,50134,0.0,0.0,-0.028168926184878207
2007-04-11,51095.74274376978,52165.379870450946,50931.18318581883,52000.8203125,97817,0.0,0.0,0.017713376619107324
2007-04-12,52000.819471153845,53481.85546875,51342.581249999996,53481.85546875,87065,0.0,0.0,0.028480996017941518
2007-04-13,53070.4446537537,56032.51598326553,52576.76609883506,55621.1171875,165804,0.0,0.0,0.03999976627587265
2007-04-16,55127.43863258136,55621.1171875,53564.12320867234,55621.1171875,122160,0.0,0.0,0.0
2007-04-17,55127.449659304504,55127.449659304504,53810.97324953007,54716.05078125,95200,0.0,0.0,-0.01627199258150469
2007-04-18,54716.043184432514,54716.043184432514,53317.28719325153,53646.40625,85670,0.0,0.0,-0.019549008307020332
2007-04-19,54140.08602335165,54140.08602335165,51178.014447605965,52412.2109375,175778,0.0,0.0,-0.02300611352694293
2007-04-20,52329.92753820961,57431.272675582244,52247.6477779294,56526.1953125,276957,0.0,0.0,0.07849286075540296
2007-04-23,57431.283318661975,59652.83725792254,57431.283318661975,58418.640625,215107,0.0,0.0,0.03347908526370458
2007-04-24,59241.44140625,60557.91788194445,58171.80426974827,59241.44140625,91113,0.0,0.0,0.014084558840246064
2007-04-25,59241.42857142857,59241.42857142857,56361.63690476191,57019.875,157583,0.0,0.0,-0.037500208528275625
2007-04-26,58007.24249588816,58171.802049067985,55292.00986842105,56279.3671875,106549,0.0,0.0,-0.01298683682663282
2007-04-27,55374.277910040684,56279.35526072486,54222.36128189719,55621.1171875,104321,0.0,0.0,-0.011696115875059143
2007-04-30,55374.28278916252,58007.23531405583,54633.76489153627,57842.67578125,74693,0.0,0.0,0.0399409200333225
2007-05-02,56773.04838385193,58007.245087848714,56279.36970225322,57513.56640625,98486,0.0,0.0,-0.0056897328927975055
2007-05-03,57513.55263601619,57842.67167828238,56690.75503035072,57184.43359375,42835,0.0,0.0,-0.005722698713815699
2007-05-04,57184.44728518419,58830.042890513236,56197.089921986764,57513.56640625,67507,0.0,0.0,0.005755636487339011
2007-05-07,57266.72376760564,58583.20017605634,56773.04511443662,58418.640625,72975,0.0,0.0,0.0157367083160338
2007-05-08,58830.02843191964,59323.7069921875,55950.23683035714,57595.83203125,113550,0.0,0.0,-0.01408469257324485
2007-05-09,56937.59467844203,57102.15420063406,55538.838739809784,56773.03515625,115059,0.0,0.0,-0.014285701690246788
2007-05-10,56773.034557995496,56855.314318224475,54304.64175112613,54798.3203125,208500,0.0,0.0,-0.03478261886677747
2007-05-11,54304.6484375,54716.04728929924,51836.255326704544,54304.6484375,180600,0.0,0.0,-0.009008886991147214
2007-05-14,53893.25,55867.96450381679,53481.85114503816,53893.25,132551,0.0,0.0,-0.007575749946590382
2007-05-15,53481.84710683926,54798.3233433153,53070.448282940495,53235.0078125,81023,0.0,0.0,-0.012213815041772436
2007-05-16,53893.25302514098,55456.568761748116,53646.413698308264,54716.05078125,84300,0.0,0.0,0.027820846274061006
2007-05-17,55703.400953014185,58500.91296542553,55045.162832446804,58007.234375,311145,0.0,0.0,0.06015024013534642
2007-05-18,57595.83648204125,58171.79484686167,55374.28278916252,57842.67578125,150636,0.0,0.0,-0.0028368632899505863
2007-05-21,57184.435098379625,57760.393437499995,55538.83984375,55538.83984375,77143,0.0,0.0,-0.03982934583131437
2007-05-22,56032.527191024434,56279.36651785714,53810.97324953007,54716.05078125,179560,0.0,0.0,-0.014814660601748075
2007-05-23,54716.04957757994,56608.484375,54716.04957757994,56608.484375,132650,0.0,0.0,0.03458644340608186
2007-05-25,56773.02762356734,57842.664375895416,56032.50987195559,57431.265625,88767,0.0,0.0,0.014534592457016382
2007-05-28,57595.82512535817,57595.82512535817,55950.230121776505,57431.265625,77937,0.0,0.0,0.0
2007-05-29,57102.15241477273,59241.42613636364,56361.634588068184,58830.02734375,171486,0.0,0.0,0.024355404735171282
2007-05-30,58994.58795200893,58994.58795200893,56937.59395089286,57595.83203125,131530,0.0,0.0,-0.020979002870225916
2007-05-31,57678.10559930648,61545.25390625,57678.10559930648,61545.25390625,282420,0.0,0.0,0.06857131385578641
2007-06-01,61298.43945573264,63519.9936373498,60228.802257176234,61627.55859375,289243,0.0,0.0,0.0013373035656880639
2007-06-04,61709.83505249023,63273.150873819985,60311.07879130045,63190.87109375,150021,0.0,0.0,0.025367100947570886
2007-06-05,61298.41664113562,63849.08901143791,61133.857133374186,62944.01171875,144106,0.0,0.0,-0.003906567051968013
2007-06-07,61956.65803101054,65001.009089639214,61792.09851432791,64425.05078125,158371,0.0,0.0,0.023529467252860536
2007-06-08,63519.9793581495,67551.68789253982,63437.699592141544,67140.2890625,246531,0.0,0.0,0.042145690974608074
2007-06-11,66646.59196483415,68621.30580082924,66317.4729921683,66975.7109375,170738,0.0,0.0,-0.0024512573195327736
2007-06-12,66728.90023619187,71172.00826671511,66728.90023619187,70760.609375,198140,0.0,0.0,0.05651150819484352
2007-06-13,70020.09136991279,73969.5207303779,69608.69247819767,70760.609375,225041,0.0,0.0,0.0
2007-06-14,71583.38188559322,72817.578125,69690.94765183616,72817.578125,191761,0.0,0.0,0.029069404124248965
2007-06-15,71583.38984284051,72406.18742724098,69444.1161233993,70678.3125,173177,0.0,0.0,-0.029378423178640922
2007-06-18,69937.79467403959,70925.15177532015,68621.31853899884,70678.3125,138300,0.0,0.0,0.0
2007-06-19,71172.002955594,72406.19953863899,69608.68728373702,71336.5625,171208,0.0,0.0,0.009313323659219996
2007-06-20,71583.3828125,73640.37657147988,71254.26381106323,71583.3828125,150413,0.0,0.0,0.0034599412117735096
2007-06-21,71583.4067015896,71583.4067015896,70842.88870122832,71172.0078125,35056,0.0,0.0,-0.0057467946307807605
2007-06-22,70760.6089234104,71830.24603504335,69444.13247832369,71172.0078125,55353,0.0,0.0,0.0
2007-06-25,71994.80500768442,72735.32300204918,70266.9296875,70266.9296875,73977,0.0,0.0,-0.012716771000537141
2007-06-26,70596.04369419643,71089.72232142858,68292.21010044643,69115.0078125,159507,0.0,0.0,-0.01639351370727271
2007-06-27,69115.00592417062,70596.04176540284,68539.04754146919,69444.125,56127,0.0,0.0,0.0047618773102486855
2007-06-28,69197.2826622248,71171.99703070684,68209.92547798378,71007.4375,113843,0.0,0.0,0.022511803554296383
2007-06-29,71254.28437853507,72817.60008660916,70842.88550798925,72735.3203125,79200,0.0,0.0,0.024333828586618145
2007-07-02,71254.28437853507,72817.60008660916,70842.88550798925,72735.3203125,80991,0.0,0.0,0.0
2007-07-03,69114.9985101311,70102.35563170441,67880.80210816448,69032.71875,119204,0.0,0.0,-0.05090513861205459
2007-07-04,69526.40030469678,70102.35865041616,68703.60266795481,69197.28125,76339,0.0,0.0,0.0023838333905978892
2007-07-05,69114.9985101311,69937.79611144219,68785.87946960668,69032.71875,52166,0.0,0.0,-0.002378164243266423
2007-07-06,69032.73276878042,69608.69120666059,67304.8574551399,67633.9765625,90956,0.0,0.0,-0.020262017965213097
2007-07-09,67469.4078125,67798.526875,65247.854140625,65823.8125,135755,0.0,0.0,-0.026764122923147116
2007-07-10,65906.08390681408,68374.4765625,65823.80415162456,68374.4765625,282106,0.0,0.0,0.0387498682562637
2007-07-11,68374.49536669075,72817.60336885838,67469.41781069365,71172.0078125,318345,0.0,0.0,0.04091484704007664
2007-07-12,72653.0243322019,72653.0243322019,68785.87581168831,69690.953125,157746,0.0,0.0,-0.02080951111287721
2007-07-13,71583.38857797477,71994.78736290566,67222.56145770733,68456.7578125,272358,0.0,0.0,-0.01770954847304651
2007-07-16,68456.77618453866,69197.29419615025,64425.067010208855,65988.3828125,228198,0.0,0.0,-0.03605743361029112
2007-07-18,66070.66053204115,66152.9403085443,65001.0234375,65001.0234375,87185,0.0,0.0,-0.014962624221379839
2007-07-19,64754.183154790095,65576.98090770992,64095.944952454236,65165.58203125,111942,0.0,0.0,0.0025316308120628683
2007-07-20,65165.575449751865,66893.45055637407,65083.29568276985,66317.4921875,132323,0.0,0.0,0.01767666489493802
2007-07-23,65823.81767515924,66893.45471238057,64178.222233280256,64589.62109375,126972,0.0,0.0,-0.026054530060708236
2007-07-24,63766.818359375,64095.937421875,61133.865859375,61709.82421875,236456,0.0,0.0,-0.04458606237711249
2007-07-25,61133.874731824806,63766.827613949165,61133.874731824806,63519.98828125,118612,0.0,0.0,0.029333482722026627
2007-07-26,63355.41082442434,63766.80959601151,62532.61328125,62532.61328125,85125,0.0,0.0,-0.01554431961838787
2007-07-27,61545.26751512096,61545.26751512096,59899.67212701613,61216.1484375,84332,0.0,0.0,-0.02105245206735562
2007-07-30,61216.13490140374,61709.81340867312,60146.498135653404,61545.25390625,69537,0.0,0.0,0.005376121777507903
2007-07-31,61051.5982054862,62697.19384444809,60311.08016795335,62614.9140625,52143,0.0,0.0,0.01738005919805574
2007-08-01,61709.821810787675,62532.619434931505,59652.827750428085,60064.2265625,80060,0.0,0.0,-0.040736101585222895
2007-08-02,60228.801744286706,62614.915474593145,59406.00390625,59406.00390625,93563,0.0,0.0,-0.010958647000391952
2007-08-03,59735.11505492676,61956.66892060586,59735.11505492676,61792.109375,88591,0.0,0.0,0.040166065916764415
2007-08-06,61051.598627533785,61051.598627533785,58994.60406461149,60887.0390625,87278,0.0,0.0,-0.014647020819557488
2007-08-07,60969.30953991881,61627.54769959405,59323.71414073072,60804.75,72222,0.0,0.0,-0.0013515037644634686
2007-08-08,61545.26792963464,62368.06562922869,59405.99391069012,60804.75,157459,0.0,0.0,0.0
2007-08-09,61298.43116412534,61709.83003099866,59817.39524338137,61380.7109375,119061,0.0,0.0,0.009472301711626052
2007-08-10,60887.026885474865,62038.9436103352,58336.35413756983,58912.3125,170102,0.0,0.0,-0.040214562519704455
2007-08-13,59076.881846788194,60557.91788194445,57760.40537109375,59241.44140625,80783,0.0,0.0,0.005586759240693517
2007-08-14,58747.7563332749,59570.55404102385,57842.67885475105,58665.4765625,57765,0.0,0.0,-0.009722330012200464
2007-08-16,57924.94992795389,59981.94388846362,53481.84297325288,57102.15234375,138244,0.0,0.0,-0.026648112490563203
2007-08-17,56855.31469837368,57019.874219931924,53235.00522409229,54386.921875,86132,0.0,0.0,-0.04755040497255769
2007-08-20,55127.44135138694,58583.19140625,55127.44135138694,58583.19140625,118865,0.0,0.0,0.07715585634528987
2007-08-21,58418.643608940976,60393.35832248264,57266.72669270833,59241.44140625,64497,0.0,0.0,0.011236158089021009
2007-08-22,60064.24217667936,60064.24217667936,58583.206068213294,59406.00390625,50112,0.0,0.0,0.0027778274142842285
2007-08-23,59817.391302506774,61298.42712567751,59735.111534552845,60722.46875,73303,0.0,0.0,0.02216046791882431
2007-08-24,60640.19569557148,60640.19569557148,58912.320377244476,59570.55859375,42755,0.0,0.0,-0.018970081091276403
2007-08-27,59899.661070936636,61216.13713842975,59652.821808281675,59735.1015625,31505,0.0,0.0,0.0027621525235665967
2007-08-28,58994.59226606146,59652.83039455308,58089.514839385476,58912.3125,87988,0.0,0.0,-0.01377396272841569
2007-08-29,57595.84776182433,67716.26101140204,57349.00841427365,60887.0390625,112315,0.0,0.0,0.033519759770082036
2007-08-30,60887.011109226594,61298.409832937585,58912.29723541384,60640.171875,128905,0.0,0.0,-0.004054511293390295
2007-08-31,61133.856184895834,64342.76653645834,61133.856184895834,64178.20703125,248903,0.0,0.0,0.05834474156081049
2007-09-03,65001.02248066604,65412.421357125946,63931.38540187027,65165.58203125,71773,0.0,0.0,0.015384895366728157
2007-09-04,65165.58036290323,65330.13990927419,63766.82421875,63766.82421875,63529,0.0,0.0,-0.02146467151677134
2007-09-05,64754.165299479166,65576.96282552084,62614.89173177083,64178.20703125,119477,0.0,0.0,0.0064513611511962665
2007-09-06,63684.53859375,65906.092265625,63273.139765625,65823.8125,127414,0.0,0.0,0.02564118794949688
2007-09-07,65823.81944444444,66975.73628472222,65412.420572916664,66646.6171875,106647,0.0,0.0,0.012500106819245627
2007-09-10,65741.53312696541,65823.81289308176,63684.53897405661,65412.4140625,82300,0.0,0.0,-0.018518616204146743
2007-09-11,65412.42515563964,65412.42515563964,63190.87109374999,63190.87109375,113802,0.0,0.0,-0.033962100322843414
2007-09-12,63684.55166807433,63684.55166807433,60393.36036739865,60887.0390625,101136,0.0,0.0,-0.03645830467872546
2007-09-13,61627.546197493226,62203.50457317073,59323.7126947832,60722.46875,142805,0.0,0.0,-0.002702879217546972
2007-09-14,59981.9501953125,63849.09924768518,59981.9501953125,62203.50390625,73668,0.0,0.0,0.024390232919342614
2007-09-17,61462.996165424316,64095.94914707569,60064.23989392202,62779.47265625,207454,0.0,0.0,0.009259426138888749
2007-09-18,62779.45797034846,65001.01152893222,62779.45797034846,64342.7734375,106185,0.0,0.0,0.02490146404717164
2007-09-19,65576.97680273678,66893.453125,64425.06002075646,66893.453125,218417,0.0,0.0,0.03964205381941799
2007-09-20,66893.453125,68292.20921740467,66399.7745041513,66893.453125,184282,0.0,0.0,0.0
2007-09-21,66893.4604790648,68456.77628361859,66564.34136231663,67304.859375,105278,0.0,0.0,0.006150172113722929
2007-09-27,66811.17673611111,67963.09357638888,66399.77786458333,66646.6171875,112378,0.0,0.0,-0.009780009847914495
2007-09-28,66152.94146397784,67058.01902132081,64836.4650169335,66811.1796875,123765,0.0,0.0,0.0024691800866205593
2007-10-01,67469.40621284186,69526.40030469678,67140.28715814506,69197.28125,158526,0.0,0.0,0.035714106137036516
2007-10-02,69444.12795508275,70760.60431442081,68703.61000295509,69608.6875,105745,0.0,0.0,0.005945410608166002
2007-10-04,67880.806640625,68950.44359375,65823.8125,65823.8125,251151,0.0,0.0,-0.054373600996283744
2007-10-05,65741.53877520161,65823.8185483871,63108.58603326613,63766.82421875,292282,0.0,0.0,-0.031249910983961904
2007-10-08,64013.66977973383,64342.788904565365,60557.91896900269,61051.59765625,383900,0.0,0.0,-0.04258055181147968
2007-10-09,61709.82789083788,62038.94697292234,58336.357299472074,60393.3515625,464278,0.0,0.0,-0.010781799641939704
2007-10-10,60064.23100699182,61545.266840040924,59981.951238489084,60311.0703125,294861,0.0,0.0,-0.0013624223175434658
2007-10-11,60146.518983289934,61380.71567925347,58336.36382921007,59241.44140625,283009,0.0,0.0,-0.01773520019969388
2007-10-12,58665.4710148243,59488.26864476573,55867.95907302342,56197.078125,272791,0.0,0.0,-0.05138908184851865
2007-10-15,56773.042754483125,58500.91796875,55538.84617286393,58500.91796875,226628,0.0,0.0,0.040995722920425415
2007-10-16,58089.51381077649,59570.549573657474,55950.23993105951,56690.7578125,717847,0.0,0.0,-0.03094242311235096
2007-10-17,56773.03628472222,58336.351776620366,54880.60174189814,55538.83984375,401354,0.0,0.0,-0.020319325639637342
2007-10-18,54880.60701535602,56279.36311619718,51424.856648571986,52576.7734375,383247,0.0,0.0,-0.053333242368463596
2007-10-19,52659.05052264809,53235.008887739554,46817.187105291814,47228.5859375,995566,0.0,0.0,-0.10172148555973282
2007-10-22,45665.271013657824,47886.82473864658,44677.91380255171,45747.55078125,891598,0.0,0.0,-0.03135887147266969
2007-10-23,47228.58407223183,48709.61980968858,46158.947150735294,47557.703125,651241,0.0,0.0,0.0395682897299916
2007-10-24,48133.66146734429,49779.25673118512,46981.74478265571,47557.703125,508816,0.0,0.0,0.0
2007-10-25,48545.06344334609,51013.45649978742,47886.82529496174,48380.50390625,406700,0.0,0.0,0.01730110428351339
2007-10-26,48545.06171875,50684.335625,48133.662890625,49367.859375,375686,0.0,0.0,0.020408127014618582
2007-10-29,49943.81508140297,49943.81508140297,47064.0234375,47064.0234375,343909,0.0,0.0,-0.04666671730690164
2007-10-30,47064.0306372549,48133.66769719251,43526.000362076644,46158.953125,651500,0.0,0.0,-0.019230619194763765
2007-10-31,46488.06868957959,46981.74729513264,45253.87217569694,45747.55078125,203360,0.0,0.0,-0.008912731244920313
2007-11-01,46241.23387714461,50355.22265625,46158.9541015625,50355.22265625,473308,0.0,0.0,0.10071953134786171
2007-11-02,48791.90543562279,49779.262712566255,46570.3515625,46570.3515625,285020,0.0,0.0,-0.07516342683235522
2007-11-05,46899.46980794271,49532.42249891493,44595.636203342016,47393.1484375,458186,0.0,0.0,0.017667826146765542
2007-11-06,47475.42685329117,48709.62339193825,47228.58754556175,47969.10546875,284867,0.0,0.0,0.012152748872751973
2007-11-07,48133.66753840042,49943.822556938554,47886.82821769067,48545.06640625,342500,0.0,0.0,0.01200691428100975
2007-11-08,47722.26762454296,47722.26762454296,43937.398123286104,45007.03515625,357771,0.0,0.0,-0.07288137625339597
2007-11-09,45089.31317806604,45994.39063237028,43361.43803803066,43608.27734375,220617,0.0,0.0,-0.031078648207862658
2007-11-12,41962.68062561516,42374.07945527805,40810.763902559054,41798.12109375,276250,0.0,0.0,-0.04150946472228478
2007-11-13,40975.32590634441,42291.802240684796,40522.787166414906,40851.90625,173700,0.0,0.0,-0.022637736314216395
2007-11-14,41715.843844410876,42127.242698892245,40769.626479103725,40851.90625,139704,0.0,0.0,0.0
2007-11-15,40851.90625,41222.16521903323,39329.730488418936,40851.90625,169288,0.0,0.0,0.0
2007-11-16,40687.33039314516,40687.33039314516,39411.99445564516,39535.4140625,132747,0.0,0.0,-0.03222596711750747
2007-11-19,39494.289893617024,40728.48645279255,38671.4921875,38671.4921875,262641,0.0,0.0,-0.02185184841201515
2007-11-20,37807.548195363124,38260.08685711393,37313.86965527133,38095.52734375,161808,0.0,0.0,-0.014893783797051752
2007-11-21,38548.07295026882,39453.15043682796,37848.69489247312,38260.09375,191703,0.0,0.0,0.004319835364531288
2007-11-22,38136.67430320946,39206.31133868243,37848.69510135135,38054.39453125,122026,0.0,0.0,-0.0053763385969225475
2007-11-23,38095.53550347222,38836.05347222222,37025.8984375,37025.8984375,274022,0.0,0.0,-0.027026999284022413
2007-11-26,37807.553283051624,39741.12782527516,37478.43421203485,39247.44921875,164100,0.0,0.0,0.05999991559961715
2007-11-27,38218.94502329488,40563.91796875,37848.686137170385,40563.91796875,104923,0.0,0.0,0.03354278497597418
2007-11-28,41139.888867781156,41469.007978723406,40358.230979293316,40605.0703125,166980,0.0,0.0,0.0010145061377380138
2007-11-29,41386.71691629685,41880.39544810158,41057.59789509369,41715.8359375,91399,0.0,0.0,0.027355342976910446
2007-11-30,41469.007978723406,42291.805756079026,40605.0703125,40605.0703125,203067,0.0,0.0,-0.026626953530649256
2007-12-03,41016.471938302864,42127.24901185771,40893.05226346344,41633.5703125,152435,0.0,0.0,0.025329349071053997
2007-12-04,41880.404536862006,44513.3572778828,41715.844990548205,43526.0,258163,0.0,0.0,0.04545441751200996
2007-12-05,44019.668465006805,45418.424285390196,43608.2696943058,45336.14453125,191200,0.0,0.0,0.04158766096700828
2007-12-06,46241.2265625,46899.46466303381,45418.42893683274,46241.2265625,198382,0.0,0.0,0.01996380681701182
2007-12-07,46241.23100110619,47228.588246681415,45665.27260785398,46488.0703125,139629,0.0,0.0,0.005338174792278938
2007-12-10,46899.472214673915,47557.710421195654,46488.07333559783,47310.87109375,123499,0.0,0.0,0.017699181224753113
2007-12-11,47393.14547038328,47393.14547038328,45747.55014155053,47228.5859375,140132,0.0,0.0,-0.0017392441599087816
2007-12-12,46405.79181818182,46817.19068181818,44842.476136363635,45253.875,221800,0.0,0.0,-0.04181177349059817
2007-12-13,45007.02429155466,46241.220570116486,45007.02429155466,45912.1015625,105021,0.0,0.0,0.014545197786929753
2007-12-14,46488.07104804616,46488.07104804616,44677.91606918418,45007.03515625,67900,0.0,0.0,-0.019713025007533913
2007-12-17,43855.121545040245,44842.47887813684,42950.043989701706,43443.72265625,87745,0.0,0.0,-0.03473484744268718
2007-12-18,42950.03092386148,43608.26894568311,41304.435869307395,43361.4296875,153100,0.0,0.0,-0.0018942430279547118
2007-12-20,43279.16284967238,43279.16284967238,40810.76953125,40810.76953125,104679,0.0,0.0,-0.05882324855596932
2007-12-21,40810.767202970295,41880.40424659653,40399.36834003713,41551.28515625,65720,0.0,0.0,0.018145103204509905
2007-12-24,41386.714407977386,41715.833409233666,40728.476405464826,40934.17578125,73879,0.0,0.0,-0.014851751821379655
2007-12-26,40934.18728515625,41386.7260390625,40851.90751171875,41139.88671875,87900,0.0,0.0,0.005025408074644133
2007-12-27,40893.04277715216,41386.72136198699,40893.04277715216,41098.7421875,62338,0.0,0.0,-0.0010001128960631656
2007-12-28,40893.0395891854,41057.599104634835,40234.801527387644,40275.94140625,74680,0.0,0.0,-0.020020096417944666
2008-01-02,40317.09325269507,41222.17085632701,39987.974124101645,40070.25390625,83601,0.0,0.0,-0.005106956977747545
2008-01-03,40029.1012207528,40728.47914547304,39905.68158697864,40440.5,49680,0.0,0.0,0.009239923825195673
2008-01-04,40070.2468349359,40481.64567307692,39494.28846153846,40111.38671875,88832,0.0,0.0,-0.008138209993694412
2008-01-07,39082.88690476191,40317.083333333336,38794.90773809524,39741.125,88327,0.0,0.0,-0.009230838149430598
2008-01-08,39864.54802246094,39905.68790690105,38836.05091145833,39494.2890625,70008,0.0,0.0,-0.00621109587360702
2008-01-09,38794.906813915964,39329.725253556375,37766.40981460748,39041.74609375,88587,0.0,0.0,-0.011458440688319471
2008-01-10,39124.03156672297,39699.98997043919,39082.89168074324,39576.5703125,93522,0.0,0.0,0.013698778160836866
2008-01-11,39206.31069647607,40234.80782912234,38342.37310505319,38671.4921875,118350,0.0,0.0,-0.022869038874602454
2008-01-14,38177.812564766835,40070.24723931347,37848.69349093264,39699.98828125,97005,0.0,0.0,0.02659571781619663
2008-01-15,39782.26543611754,41098.741644965274,38959.4678055877,39987.96484375,120597,0.0,0.0,0.007253819836415598
2008-01-16,39699.98932014628,39946.828631981385,38383.51299035904,38671.4921875,156628,0.0,0.0,-0.03292172185791442
2008-01-17,38630.35304462804,39329.7311082688,36120.819992740595,37190.45703125,116692,0.0,0.0,-0.03829785385754325
2008-01-18,36943.61649324143,39412.009577422374,36203.09856798715,38424.65234375,109480,0.0,0.0,0.033185806548786
2008-01-21,39494.28423236514,40481.641338174275,38589.206885373445,39658.84375,240626,0.0,0.0,0.03211978068685761
2008-01-22,39165.17123655914,39165.17123655914,37437.29603494624,38260.09375,195320,0.0,0.0,-0.03526956077734866
2008-01-23,38383.51471354166,38918.33324652778,36408.800130208336,37025.8984375,141157,0.0,0.0,-0.032258031581535285
2008-01-24,37560.71697048611,38260.095052083336,36737.91922743055,37025.8984375,161584,0.0,0.0,0.0
2008-01-25,37807.55041122847,38218.94921875,37231.592080698334,38218.94921875,127251,0.0,0.0,0.032222061627049436
2008-01-28,37807.549837167404,38301.228398697334,37108.171875,37108.171875,91452,0.0,0.0,-0.02906352389209743
2008-01-29,37766.42413105867,40317.09765625,37601.86454878827,40317.09765625,199151,0.0,0.0,0.08647490887072973
2008-01-30,40563.926787405304,40810.76609848485,37478.43539891098,38013.25390625,131024,0.0,0.0,-0.05714309521094352
2008-01-31,37519.56934357542,38301.22703823324,36779.0515275838,36820.19140625,152219,0.0,0.0,-0.03138543474711175
2008-02-01,37437.29280271252,37519.57256711409,36203.096336689036,36779.0546875,116133,0.0,0.0,-0.0011172326155538537
2008-02-04,37108.17880626355,38095.53611374729,36943.61925501627,37930.9765625,189887,0.0,0.0,0.03132005117552694
2008-02-05,38013.25390625,39741.129083806816,38013.25390625,38013.25390625,180443,0.0,0.0,0.002169133283832725
2008-02-11,37067.036728493484,37396.15581154337,36244.239020868765,36285.37890625,139595,0.0,0.0,-0.04545454078362676
2008-02-12,36408.79088868301,37025.889039338654,35298.01421750285,36079.671875,192297,0.0,0.0,-0.005669143810830279
2008-02-13,36203.09561353211,37478.43193628154,35791.69679974197,35873.9765625,227430,0.0,0.0,-0.005701141440882407
2008-02-14,36326.50660799294,36326.50660799294,33487.85546875,33487.85546875,607621,0.0,0.0,-0.06651398373951867
2008-02-15,32623.922961176657,33199.88124800702,32130.24442960778,32253.6640625,385698,0.0,0.0,-0.03685489527395136
2008-02-18,32335.952583589704,32623.931805072054,31513.154807925843,31759.994140625,332880,0.0,0.0,-0.015305855512055433
2008-02-19,31513.146265146683,32377.08369539222,31513.146265146683,32253.6640625,268723,0.0,0.0,0.015543766150873939
2008-02-20,32171.383488488875,34269.51719425989,32171.383488488875,33282.16015625,438567,0.0,0.0,0.03188772884088498
2008-02-21,33323.30527712264,33570.1445754717,32582.787382075472,32706.20703125,205146,0.0,0.0,-0.017305160551360554
2008-02-22,32747.344290172856,33158.74308778809,31965.68657470391,32130.24609375,147123,0.0,0.0,-0.01761014161469976
2008-02-25,32253.663894169837,32747.342423162234,32253.663894169837,32459.36328125,150260,0.0,0.0,0.010243220252334817
2008-02-26,32500.51146064962,32706.210900273985,31965.69291762627,32377.091796875,160658,0.0,0.0,-0.0025345994516942083
2008-02-27,32582.79041411043,33816.98702070552,32130.251658358895,33529.0078125,177806,0.0,0.0,0.03557811871590588
2008-02-28,33775.83963792239,36449.931692081904,33158.741471577894,35915.11328125,388813,0.0,0.0,0.07116540644726244
2008-02-29,37025.895074503314,38136.67192673841,36367.656939845474,37272.734375,462951,0.0,0.0,0.037800830060551904
2008-03-03,37272.734071081235,37519.573369565216,35709.41851401602,35956.2578125,265547,0.0,0.0,-0.03532009616614018
2008-03-04,36449.94001736111,37396.157421874996,36203.100694444445,37025.8984375,187653,0.0,0.0,0.029748385679561506
2008-03-05,37067.03386290548,37437.29280271252,36285.3761010906,36779.0546875,161997,0.0,0.0,-0.006666786233875621
2008-03-06,37108.18112155124,37272.74068306588,36532.22265625,36532.22265625,174170,0.0,0.0,-0.006711211947866946
2008-03-07,36532.20884232955,36573.34871715199,35832.83097034801,36203.08984375,132890,0.0,0.0,-0.009009383732191067
2008-03-10,34722.06125536152,35709.41844745711,33529.00464824602,33570.14453125,238657,0.0,0.0,-0.07272708831935637
2008-03-11,33529.00967478198,36079.6828034157,32953.05122638081,35380.3046875,137627,0.0,0.0,0.05392172662721029
2008-03-12,36408.797946279265,37642.99448683111,36326.51817690914,36902.4765625,192860,0.0,0.0,0.043023142068581155
2008-03-13,36984.74746537642,37642.985462535515,36203.08984375,36203.08984375,190385,0.0,0.0,-0.018952297620607683
2008-03-14,37067.036484375,37930.97407169118,34927.76245863971,34968.90234375,188110,0.0,0.0,-0.03409066754596546
2008-03-17,34968.89390265805,36120.81040768678,34516.35527568247,35791.69140625,142212,0.0,0.0,0.02352916469644506
2008-03-18,36449.93359375,36696.772873165915,35462.576476086346,36449.93359375,101122,0.0,0.0,0.01839092151384203
2008-03-19,37272.734071081235,37396.15372032322,35873.97804633867,35956.2578125,139759,0.0,0.0,-0.013543941856032582
2008-03-20,34968.905289446724,35709.42328381148,34968.905289446724,35133.46484375,51647,0.0,0.0,-0.02288316467861018
2008-03-21,35791.69551530756,36573.35323345796,35215.73719667043,36449.93359375,80828,0.0,0.0,0.03747050727432577
2008-03-24,36779.05695429604,38465.792228486345,36449.937876405245,38424.65234375,136824,0.0,0.0,0.05417619609432167
2008-03-25,38836.04630863539,39247.445104277715,37766.40943996535,38589.20703125,109444,0.0,0.0,0.00428252898758541
2008-03-26,38589.205883841794,38630.34576218278,37519.56904697624,38095.52734375,82842,0.0,0.0,-0.012793206325805384
2008-03-27,38136.6705799932,38877.18845533288,37848.69140625,37848.69140625,105165,0.0,0.0,-0.006479394162803076
2008-03-28,37890.74628303965,38521.55781938326,37470.20525881057,38185.125,102185,1000.0,0.0,0.008888909530289535
2008-03-31,38521.55819549892,38942.099223834055,37848.69255016269,38773.8828125,60360,0.0,0.0,0.015418512116956551
2008-04-01,38353.33901300905,38857.98821054865,37175.82421875,37175.82421875,75553,0.0,0.0,-0.04121481981770514
2008-04-02,37974.85652317056,38143.07294187785,36671.17927818907,36923.50390625,177311,0.0,0.0,-0.0067872150195056324
2008-04-03,36923.50097083821,37175.82557883939,35703.93203216588,35872.1484375,308149,0.0,0.0,-0.028473881336381957
2008-04-04,35830.093546597636,36292.68865107249,35325.44434171598,35535.71484375,166101,0.0,0.0,-0.009378685370243889
2008-04-07,35745.983415570176,36124.47029879386,35661.87521929824,35956.25390625,140900,0.0,0.0,0.011834264889537316
2008-04-08,36208.583836270736,36334.7461492891,35199.285332123814,35493.6640625,149923,0.0,0.0,-0.012865351461699204
2008-04-10,35577.770116956905,35619.82421875,35031.06679364669,35619.82421875,116750,0.0,0.0,0.003554441604784575
2008-04-11,35703.93640052918,36797.343168978834,35661.882294050345,36755.2890625,142110,0.0,0.0,0.03187732866891291
2008-04-14,36166.52639477402,37638.4199108404,35872.147691560735,37217.87890625,105153,0.0,0.0,0.01258566741138667
2008-04-15,37428.16176989278,37470.21588424097,36460.91713988431,37259.9453125,84484,0.0,0.0,0.0011302741447454245
2008-04-16,37428.14233236755,38269.224182533115,37007.60140728477,38101.0078125,154194,0.0,0.0,0.022572832379274654
2008-04-17,38269.241485934035,38437.45793202605,37596.375701565965,37932.80859375,64009,0.0,0.0,-0.004414560884523855
2008-04-18,38647.72323794158,39194.42661345109,38479.50681470788,38689.77734375,141411,0.0,0.0,0.019955515503925048
2008-04-21,39026.210776330074,39110.3189892101,38605.669711929964,38731.83203125,147125,0.0,0.0,0.0010869715565007265
2008-04-22,38689.77792480999,38731.83203125,38016.91222176982,38731.83203125,109266,0.0,0.0,0.0
2008-04-23,39278.534421569886,40960.69863662641,39278.534421569886,40918.64453125,228551,0.0,0.0,0.05646034244482978
2008-04-24,41213.01279836683,42306.41926036432,40119.60633636935,41843.82421875,216414,0.0,0.0,0.02261022323927242
2008-04-25,42222.31991027227,42474.64453125,41297.12963335396,42474.64453125,139857,0.0,0.0,0.015075589391691624
2008-04-28,42306.426171875,42474.642578125,41339.1818359375,42054.1015625,103390,0.0,0.0,-0.009901035627045474
2008-04-29,41465.3373665201,41843.82421875,40371.93090452261,41843.82421875,88755,0.0,0.0,-0.005000162551029419
2008-04-30,41297.127734375004,44577.34765625,40960.694921875,42895.18359375,254436,0.0,0.0,0.025125795613319957
2008-05-01,42895.18359375,42895.18359375,42895.18359375,42895.18359375,0,0.0,0.0,0.0
2008-05-02,43063.40337711069,44829.67578125,42895.186957668855,44829.67578125,242405,0.0,0.0,0.045098121174188543
2008-05-05,44829.67578125,44829.67578125,44829.67578125,44829.67578125,0,0.0,0.0,0.0
2008-05-06,44997.897281718164,45754.871254681646,44325.031527972846,44913.7890625,132761,0.0,0.0,0.0018762857367169428
2008-05-07,44577.34691153327,46764.16015625,44409.13050809353,46764.16015625,299952,0.0,0.0,0.04119828525656355
2008-05-08,46175.4092090708,47521.140625,46091.30099557522,47521.140625,167062,0.0,0.0,0.016187192632579173
2008-05-09,47689.36186968918,49035.09342156753,46343.63031781082,47016.49609375,240705,0.0,0.0,-0.010619369076854901
2008-05-12,47016.49609375,47016.49609375,47016.49609375,47016.49609375,0,0.0,0.0,0.0
2008-05-13,47100.59414990859,47352.91876142596,44493.23983089579,46007.1875,228749,0.0,0.0,-0.021467116386926333
2008-05-14,45418.42377336449,45923.072926401874,43988.584506425235,44997.8828125,248040,0.0,0.0,-0.021937978440868644
2008-05-15,44997.88790636447,47016.48474702381,44661.45509958791,45923.078125,282302,0.0,0.0,0.02056086319338979
2008-05-16,45502.538712913425,45754.863326848244,43147.508982855055,43231.6171875,220994,0.0,0.0,-0.05860802558082012
2008-05-19,43231.616022347036,44072.698046128105,42306.42579618786,43988.58984375,148955,0.0,0.0,0.017509700203139023
2008-05-20,43736.26877422481,43736.26877422481,42054.10459060078,43399.8359375,132192,0.0,0.0,-0.013384241421270593
2008-05-21,42474.63574815427,42979.284885756104,40750.41786134801,41297.12109375,170616,0.0,0.0,-0.04844983392974378
2008-05-22,40413.98950120804,41339.1796875,39657.0157124237,41339.1796875,330929,0.0,0.0,0.001018438879904604
2008-05-23,40666.318739540424,41633.5631356205,40540.15642700824,40834.53515625,160147,0.0,0.0,-0.012207415218802531
2008-05-26,40287.82949445618,40624.26230860613,39068.26054316262,39825.234375,156898,0.0,0.0,-0.024716842677111273
2008-05-27,39362.637687969924,39825.23278900376,38101.014685150374,39152.3671875,263745,0.0,0.0,-0.016895498496360073
2008-05-28,38984.152148437504,39026.20625,37848.69140625,37848.69140625,254064,0.0,0.0,-0.03329749578120578
2008-05-29,38185.12108155567,40456.042379357445,38058.95878723335,40413.98828125,379254,0.0,0.0,0.06777769005182543
2008-05-30,40792.48246256511,41717.67278645834,39614.967504882814,40371.94140625,371037,0.0,0.0,-0.0010404039984222013
2008-06-02,41213.01577042399,41255.069868148916,40329.87971820062,40666.3125,132661,0.0,0.0,0.007291477285866321
2008-06-03,40077.5587890625,42390.534375,39951.396484375,42054.1015625,288131,0.0,0.0,0.03412625775941702
2008-06-04,42054.1015625,42895.18359375,41423.2900390625,42895.18359375,177258,0.0,0.0,0.020000000000000018
2008-06-05,42895.18478667665,42895.18478667665,41633.56170471557,42138.2109375,57168,0.0,0.0,-0.017647031504028687
2008-06-06,42138.2109375,42138.2109375,42138.2109375,42138.2109375,0,0.0,0.0,0.0
2008-06-09,40876.59092052314,42474.64694416499,40287.83343812877,41801.78125,100461,0.0,0.0,-0.007983957553371113
2008-06-10,41717.66793592437,41717.66793592437,40035.50390625,40035.50390625,128066,0.0,0.0,-0.04225363826451778
2008-06-11,40035.509297520664,41044.807851239675,39614.968233471074,40708.375,111144,0.0,0.0,0.016806859614547198
2008-06-12,39699.075883152174,39951.400518002716,38689.77734375,38689.77734375,123549,0.0,0.0,-0.049586790341053844
2008-06-13,38773.875484107906,39530.8491920406,38521.55091479701,39362.6328125,78707,0.0,0.0,0.017391040087199938
2008-06-16,39194.4164329594,39993.44423577724,38984.145958533656,39362.6328125,64474,0.0,0.0,0.0
2008-06-17,39867.287486587986,39867.287486587986,38353.33986051502,39194.421875,102676,0.0,0.0,-0.0042733660195255485
2008-06-18,39488.79762436225,41213.015625,39320.581234056124,41213.015625,138785,0.0,0.0,0.0515020672185893
2008-06-19,41128.91751567398,41128.91751567398,40161.67303422153,40245.78125,70732,0.0,0.0,-0.023469148285603092
2008-06-20,40540.15642700824,41843.83365650747,40540.15642700824,40834.53515625,103621,0.0,0.0,0.014628959557096533
2008-06-23,40287.83393595042,41002.753744834714,39741.13055268595,40708.375,35770,0.0,0.0,-0.003089545546857808
2008-06-24,40834.52662828947,40834.52662828947,39867.28243421052,39951.390625,79268,0.0,0.0,-0.018595298264792004
2008-06-25,39993.449105920066,42222.31640625,39993.449105920066,42222.31640625,126425,0.0,0.0,0.05684222115234561
2008-06-26,42558.75117110454,43315.72500616371,42054.10194773175,42642.859375,252737,0.0,0.0,0.00996020598926095
2008-06-27,41297.127734375004,42054.1015625,40876.586718750004,42054.1015625,115712,0.0,0.0,-0.013806715148308446
2008-06-30,42054.1015625,42895.18359375,41381.2359375,42895.18359375,122980,0.0,0.0,0.020000000000000018
2008-07-01,42895.18359375,43652.157421875,41549.45234375,42054.1015625,82640,0.0,0.0,-0.019607843137254943
2008-07-02,42642.858984375,42811.075390625,41128.911328125,42054.1015625,134309,0.0,0.0,0.0
2008-07-03,41465.34021045919,42222.31396683674,40750.420551658164,41213.015625,71313,0.0,0.0,-0.020000092886302556
2008-07-04,40750.427840455275,40876.5901557508,38605.66848043131,39488.8046875,126511,0.0,0.0,-0.04183656331263674
2008-07-07,38605.67272909968,39236.484375,38185.1316318328,39236.484375,60696,0.0,0.0,-0.006389667008074085
2008-07-08,38479.506135264855,39194.42592138453,37049.6665630255,37512.26171875,103801,0.0,0.0,-0.0439443717681447
2008-07-09,38689.76605854606,39068.25290042314,37890.73828125,37890.73828125,145776,0.0,0.0,0.010089409306686115
2008-07-10,37344.04409340659,38647.72130837912,37091.71947115385,38269.234375,83731,0.0,0.0,0.009989145393276555
2008-07-11,38353.34662921348,38353.34662921348,36545.019978932585,37428.15625,417580,0.0,0.0,-0.021977918783487538
2008-07-14,37428.151759350396,38311.287924458666,37344.04355314961,37386.09765625,150980,0.0,0.0,-0.0011237153513272702
2008-07-15,37764.583400859636,37764.583400859636,37175.82597590191,37301.98828125,65781,0.0,0.0,-0.0022497500480888055
2008-07-16,37301.98248501951,38269.22667572463,36250.63010381828,37722.5234375,88872,0.0,0.0,0.011273800020504154
2008-07-17,38353.347364864865,38900.05078125,37722.535730574324,38900.05078125,44985,0.0,0.0,0.031215497703937167
2008-07-18,38857.9966722973,39278.53776182432,37806.64394847973,38900.05078125,52607,0.0,0.0,0.0
2008-07-21,39026.20738045738,40750.42559446466,38942.09917489605,40456.046875,88917,0.0,0.0,0.03999984736523787
2008-07-22,39614.95975731383,40582.20399767287,39530.8515625,39530.8515625,56747,0.0,0.0,-0.022869147728611372
2008-07-23,39951.39970633299,41213.02285495403,39951.39970633299,41170.96875,60875,0.0,0.0,0.04148954861007503
2008-07-24,41213.01953125,42222.31796875,41170.9654296875,42054.1015625,123127,0.0,0.0,0.021450377275856525
2008-07-25,41002.74652031724,42012.04489620197,40876.58422333165,41591.50390625,44884,0.0,0.0,-0.011000060376096688
2008-07-28,41843.82723629783,42138.20592037228,40582.204304550156,40666.3125,66669,0.0,0.0,-0.02224472114149667
2008-07-29,40456.041239200866,40456.041239200866,38689.769168466526,38942.09375,96298,0.0,0.0,-0.04239919097656075
2008-07-30,39572.90705265411,39909.33984375,39110.311964897264,39909.33984375,91958,0.0,0.0,0.024838060838729303
2008-07-31,40371.93493150685,40750.42182148973,38605.66277825343,39909.33984375,130593,0.0,0.0,0.0
2008-08-01,39278.5298941799,40245.774206349204,38984.151190476194,39741.125,66954,0.0,0.0,-0.004214924235995454
2008-08-04,39657.024151954814,39951.4029102408,38605.67144379058,38857.99609375,39238,0.0,0.0,-0.022222040927376896
2008-08-05,38689.777180989586,40371.94140625,38521.56075846354,40371.94140625,58699,0.0,0.0,0.038960972378694114
2008-08-06,40876.592471590906,41675.62051373106,40792.484256628784,41633.56640625,102556,0.0,0.0,0.0312500453546356
2008-08-07,41128.914409022174,41927.94239856351,41128.914409022174,41717.671875,87374,0.0,0.0,0.002020136058710875
2008-08-08,41128.91286238705,41927.940821881275,40834.534140468124,41885.88671875,67789,0.0,0.0,0.004032220308315182
2008-08-11,41969.999266098486,42138.21569602272,41423.295868844696,41633.56640625,57140,0.0,0.0,-0.0060239935755508345
2008-08-12,41465.344140625,42138.209765625004,41086.857226562504,42054.1015625,56708,0.0,0.0,0.010100867942623992
2008-08-13,41801.7785444416,41843.83264760502,39320.58645779969,41044.8046875,278551,0.0,0.0,-0.023999962845479006
2008-08-14,40792.478515625,42306.426171875,39825.234179687504,42054.1015625,166277,0.0,0.0,0.024590124930168766
2008-08-15,42054.1015625,42054.1015625,42054.1015625,42054.1015625,0,0.0,0.0,0.0
2008-08-18,42012.039473684206,43147.5,41717.66081871345,43147.5,145870,0.0,0.0,0.025999804938764637
2008-08-19,43231.62225424757,43315.73046875,42306.431894720874,43315.73046875,103541,0.0,0.0,0.0038989621356972926
2008-08-20,43231.61640625,43399.832812500004,42222.31796875,42895.18359375,105688,0.0,0.0,-0.00970887182206015
2008-08-21,42306.426171875,43315.724609375,41717.668750000004,42895.18359375,74658,0.0,0.0,0.0
2008-08-22,42054.1015625,42895.18359375,41717.668750000004,42895.18359375,85093,0.0,0.0,0.0
2008-08-25,42726.959064327486,43736.25730994152,42726.959064327486,43147.5,45671,0.0,0.0,0.005882161704671374
2008-08-26,42222.32026672363,43315.72696685791,42138.212059020996,43063.40234375,38392,0.0,0.0,-0.0019490736717074908
2008-08-27,43063.3918128655,43399.824561403504,42306.41812865497,43147.5,55654,0.0,0.0,0.0019528799786578954
2008-08-28,43483.94180143483,43483.94180143483,42642.85975498541,43231.6171875,39371,0.0,0.0,0.0019495263340865154
2008-08-29,43736.271851053636,44409.13757183908,43483.9472057591,43904.48828125,78620,0.0,0.0,0.015564328552218898
2008-09-01,43988.590234375,44325.023046875,42222.31796875,42895.18359375,83427,0.0,0.0,-0.022988644829076366
2008-09-02,42811.07614951097,44072.69921875,42811.07614951097,44072.69921875,140959,0.0,0.0,0.02745099860515743
2008-09-03,44156.807423365935,44409.13203721374,43315.72537720658,44072.69921875,98157,0.0,0.0,0.0
2008-09-04,43568.046006944445,43652.154203869046,41044.800099206346,42390.53125,189307,0.0,0.0,-0.0381680268866843
2008-09-05,41381.23420260782,41969.991599799396,41044.80140421264,41927.9375,67252,0.0,0.0,-0.010912666964984052
2008-09-08,42138.206303655046,42306.42269608481,40413.98828125,40413.98828125,204579,0.0,0.0,-0.03610836375507376
2008-09-09,40582.212714610476,41381.240736970685,38731.83203125,38731.83203125,194866,0.0,0.0,-0.04162311916095729
2008-09-10,38731.829825708424,39951.398843021714,38101.01826502913,39699.07421875,139266,0.0,0.0,0.02497279722579604
2008-09-11,39110.31027519168,39825.229925383355,38395.390625,38395.390625,229636,0.0,0.0,-0.03283914346632966
2008-09-12,38395.39551211454,39026.20704845815,37512.25936123348,38185.125,373139,0.0,0.0,-0.005476324672761379
2008-09-15,38185.125,38185.125,38185.125,38185.125,0,0.0,0.0,0.0
2008-09-16,35745.98246729651,36418.84801962209,35241.33330305232,36166.5234375,171547,0.0,0.0,-0.052863557799012084
2008-09-17,37091.71835409628,37680.475788288284,36418.852715019704,37344.04296875,111746,0.0,0.0,0.03255827266021005
2008-09-18,36502.967729811,36881.454722401206,35998.318406357386,36713.23828125,367,0.0,0.0,-0.01689170848555055
2008-09-19,37512.2610798573,38521.559584248076,37428.15287115807,38311.2890625,100802,0.0,0.0,0.04352791679687229
2008-09-22,38773.881640625004,38984.152148437504,37217.8798828125,37848.69140625,171448,0.0,0.0,-0.012074708723460836
2008-09-23,37596.366796875,38269.232421875,37259.933984375,37848.69140625,77345,0.0,0.0,0.0
2008-09-24,37764.58161587953,38101.01441423925,37133.770118955035,37175.82421875,103930,0.0,0.0,-0.017777819060578848
2008-09-25,37175.82894925459,37259.93715954702,36124.4763205992,36671.1796875,120280,0.0,0.0,-0.013574535114018516
2008-09-26,37007.60957792208,37217.88008688754,35535.71601516381,35619.82421875,174802,0.0,0.0,-0.02866980221823545
2008-09-29,35998.31331457346,36502.96256664692,35493.6640625,35493.6640625,119172,0.0,0.0,-0.0035418522976199407
2008-09-30,33895.61251100352,35830.1015625,30194.850847271126,35830.1015625,218250,0.0,0.0,0.009478804425701925
2008-10-01,35914.20734627016,36713.235378564226,34862.85467219902,36502.96484375,106613,0.0,0.0,0.018779273624895954
2008-10-02,36502.95897071678,36755.283571896856,35199.281864619756,36082.41796875,95116,0.0,0.0,-0.011520896365545652
2008-10-03,36082.41796875,36082.41796875,36082.41796875,36082.41796875,0,0.0,0.0,0.0
2008-10-06,35409.55633022616,35409.55633022616,34147.93318306846,34400.2578125,63260,0.0,0.0,-0.04661993987506252
2008-10-07,33096.57889642296,33979.71505503145,32844.254279677676,33433.01171875,96630,0.0,0.0,-0.028117408277054556
2008-10-08,31961.11677858127,32255.49548575241,30447.169141701102,30531.27734375,153030,0.0,0.0,-0.08679249118836163
2008-10-09,29774.30390625,31540.576171875,29732.2498046875,31120.03515625,177357,0.0,0.0,0.019283759597451766
2008-10-10,28554.7349609375,29774.30390625,26956.679101562502,29437.87109375,217981,0.0,0.0,-0.05405405405405406
2008-10-13,29942.518709474065,31077.97939087266,28680.895730142292,29185.544921875,686673,0.0,0.0,-0.00857148164931576
2008-10-14,30363.056426512365,31456.462890625,30068.677763097425,31456.462890625,307297,0.0,0.0,0.07780968197883165
2008-10-15,30783.601028662943,32171.386320938735,30783.601028662943,32003.169921875,137035,0.0,0.0,0.017379799920636874
2008-10-16,29900.463116404073,30573.32867176619,28680.89429731024,30194.841796875,196925,0.0,0.0,-0.05650465655166115
2008-10-17,30783.60499509629,30783.60499509629,29269.657208452212,29479.927734375,151679,0.0,0.0,-0.023676695089490107
2008-10-20,29437.870356721698,31330.30487965381,29017.329351625674,31204.142578125,108517,0.0,0.0,0.05848775679797491
2008-10-21,31708.796038674933,32928.36511708551,31540.579614066577,32213.4453125,146982,0.0,0.0,0.03234515198897192
2008-10-22,32087.276491715602,32802.19615142617,29437.868341023488,31330.302734375,118261,0.0,0.0,-0.027415340692611645
2008-10-23,29521.981993428515,30026.631258273446,26704.356931377646,27797.763671875,232124,0.0,0.0,-0.11275151384426829
2008-10-24,27839.814314112547,28008.030714802047,23634.404296875,23634.404296875,231127,0.0,0.0,-0.14977317686934544
2008-10-27,20228.023621606044,25106.29958856301,20101.86131211578,20522.40234375,462262,0.0,0.0,-0.13167253610603913
2008-10-28,19428.996592881944,22709.216796875,19260.780172164352,22709.216796875,316367,0.0,0.0,0.10655743009497054
2008-10-29,24265.216994229097,25484.785959277004,21237.321632730836,24139.0546875,275714,0.0,0.0,0.06296288874311862
2008-10-30,25568.896238772457,28134.196683780876,24811.922336966694,28092.142578125,308622,0.0,0.0,0.16376316064572483
2008-10-31,28092.142028158294,28807.061810312025,26662.302463850836,27629.546875,237593,0.0,0.0,-0.01646708512312678
2008-11-03,28176.25070971112,29269.65745367006,27293.11449343659,28933.224609375,176595,0.0,0.0,0.04718418800977897
2008-11-04,28849.115873893803,33264.796875,28849.115873893803,33264.796875,325408,0.0,0.0,0.1497092814266363
2008-11-05,34063.82696472773,35914.207688737624,32087.28391862624,33979.71875,306683,0.0,0.0,0.021491845499206796
2008-11-06,32297.55215123859,33096.58013414684,30783.604394149283,32255.498046875,268164,0.0,0.0,-0.05074264198037248
2008-11-07,30615.388312947496,35914.205520957636,30278.95547434368,35241.33984375,370426,0.0,0.0,0.09256846050046574
2008-11-10,36124.47131375718,36713.228704202586,34904.90243354885,36587.06640625,284063,0.0,0.0,0.03818602154363493
2008-11-11,36250.63630525056,39194.423476210584,35325.446051520266,37344.04296875,390830,0.0,0.0,0.02068973101299787
2008-11-12,37848.699985811574,40287.83842934166,36502.9684307605,37049.671875,390485,0.0,0.0,-0.007882678744675076
2008-11-13,35283.38949505072,35325.44359456806,31498.520538489855,32129.33203125,634507,0.0,0.0,-0.13280387098569957
2008-11-14,34316.1507923674,34484.36721782018,31077.984602401357,32507.82421875,417716,0.0,0.0,0.011780269416490352
2008-11-17,32549.880350079115,34358.207036194624,31246.202971716775,33222.74609375,256208,0.0,0.0,0.02199230161296506
2008-11-18,32886.31101093342,33895.60955858355,32213.4453125,32213.4453125,181991,0.0,0.0,-0.030379812024023956
2008-11-19,33222.73817208384,35577.76771339611,33138.62997417983,34610.5234375,535927,0.0,0.0,0.07441234868689572
2008-11-20,33643.2824488491,34862.85143761989,32802.200387627876,32886.30859375,397543,0.0,0.0,-0.0498176471345082
2008-11-21,32381.654535060978,34694.6298589939,31919.05947027439,34484.359375,328422,0.0,0.0,0.04859319423748598
2008-11-24,35367.50215822643,35830.09731130669,33811.50027968377,35241.33984375,397828,0.0,0.0,0.02195141456792693
2008-11-25,36797.33489280523,37049.65947492732,35241.33330305232,36166.5234375,325658,0.0,0.0,0.0262527928237688
2008-11-26,37554.30243566176,37638.410615808825,35493.65202205882,35745.9765625,262279,0.0,0.0,-0.011628070243653754
2008-11-27,36166.52694666076,36587.06795766844,34778.741610335404,35577.76953125,372108,0.0,0.0,-0.004705621371286273
2008-11-28,35577.777986662884,37344.05065266742,34904.91220913734,37049.671875,367130,0.0,0.0,0.04137140588470967
2008-12-01,37259.9453125,37428.16176989278,35830.1054246614,37259.9453125,46330,0.0,0.0,0.005675446687070096
2008-12-02,35493.66586813501,36923.505488415336,35283.395335740846,36755.2890625,169515,0.0,0.0,-0.013544202648915205
2008-12-03,37091.71213815789,40203.715197368416,36755.279375,39951.390625,598873,0.0,0.0,0.08695623525270713
2008-12-04,40161.6594034395,40876.578994914344,38143.06290986349,39278.5234375,355476,0.0,0.0,-0.01684214684329277
2008-12-05,39320.58728234243,39951.398843021714,38731.829825708424,39699.07421875,156999,0.0,0.0,0.010706888763758693
2008-12-08,39699.07638150903,40624.26672090861,38479.50729775505,39572.9140625,484582,0.0,0.0,-0.003177911795998911
2008-12-09,40287.83336447011,40287.83336447011,37386.10006368886,38689.77734375,305956,0.0,0.0,-0.02231669665153313
2008-12-10,38942.09419880319,39741.12204953457,38479.49912732713,39530.8515625,220862,0.0,0.0,0.021738926313202622
2008-12-11,39699.0681122449,41423.286112882655,39110.31074617347,41213.015625,407778,0.0,0.0,0.042553195694264856
2008-12-12,41297.13123573783,43483.944702396046,40456.04913317698,41465.34765625,319545,0.0,0.0,0.006122629645595179
2008-12-15,43315.72622521335,43652.15905026355,41717.6703062249,41885.88671875,356357,0.0,0.0,0.010141939867146288
2008-12-16,42054.10095151199,42054.10095151199,40329.8828125,40329.8828125,235717,0.0,0.0,-0.03714864428436371
2008-12-17,41002.751749424846,41128.9140625,38731.83011407209,41128.9140625,268611,0.0,0.0,0.019812387100523576
2008-12-18,41213.02319360524,41927.94298369838,41128.91498300604,41759.7265625,143199,0.0,0.0,0.015337446037145819
2008-12-19,41759.724409356175,42012.049028143825,40329.88490289282,41885.88671875,154002,0.0,0.0,0.003021096320187322
2008-12-22,41507.390625,42474.63478343465,41465.336531155015,41507.390625,104621,0.0,0.0,-0.00903636340067182
2008-12-23,41213.016493055555,42726.96403769841,40708.36731150794,42390.53125,197210,0.0,0.0,0.021276707875442336
2008-12-24,42811.07772064209,43652.15979766846,41717.67102050781,43063.40234375,132062,0.0,0.0,0.015873146051926357
2008-12-25,43063.40234375,43063.40234375,43063.40234375,43063.40234375,0,0.0,0.0,0.0
2008-12-26,43315.72500616371,43315.72500616371,42474.642967209074,42642.859375,56987,0.0,0.0,-0.009765669823137757
2008-12-29,42532.496520996094,43890.819763183594,42023.12530517578,43466.34375,95130,470.0,0.0,0.019311190362689024
2008-12-30,43805.926835788974,44654.87890625,43126.76517942015,44654.87890625,178942,0.0,0.0,0.027343803359352048
2008-12-31,44654.87890625,44654.87890625,44654.87890625,44654.87890625,0,0.0,0.0,0.0
2009-01-02,44654.882073863635,46777.26240056818,44145.510795454546,46692.3671875,173656,0.0,0.0,0.04562745059789708
2009-01-05,47116.83154478392,47286.62192872909,45418.927705332244,45673.61328125,123563,0.0,0.0,-0.021818424886428378
2009-01-06,46182.99097222222,46437.67658420139,44569.982096354164,45843.41015625,150278,0.0,0.0,0.0037176142372274956
2009-01-07,45843.40285570018,47286.62109375,44739.765379544435,47286.62109375,191256,0.0,0.0,0.03148131721835368
2009-01-08,46692.35476043537,47456.41147469704,46098.08842712074,47286.62109375,103064,0.0,0.0,0.0
2009-01-09,47626.20802642981,48984.53125,46267.88480285962,48984.53125,138598,0.0,0.0,0.03590677694825639
2009-01-12,48814.73837049649,49069.42396199473,48220.47199033392,48305.3671875,79602,0.0,0.0,-0.013864868054647372
2009-01-13,47880.89465725807,48050.68506384409,46947.04742103495,47371.5234375,102693,0.0,0.0,-0.019332090911869715
2009-01-14,47711.10400219298,48475.16082785088,46692.36156798246,48390.265625,60238,0.0,0.0,0.021505371024094
2009-01-15,47965.79538352273,47965.79538352273,45843.41505681818,46692.3671875,108187,0.0,0.0,-0.035087603169154935
2009-01-16,47116.83782762097,47456.41864079301,45418.93376176075,47371.5234375,107162,0.0,0.0,0.014545337726672658
2009-01-19,46947.04705810547,49239.217529296875,46947.04705810547,48899.63671875,179392,0.0,0.0,0.032258056536141
2009-01-20,48984.53366720085,50342.856957799144,48050.68640491453,49663.6953125,110513,0.0,0.0,0.015625036196987407
2009-01-21,48135.5807052153,51276.70325564381,48050.68550114967,50767.33203125,209744,0.0,0.0,0.02222220299568045
2009-01-22,51531.38671875,51786.07232032537,50088.1683098229,51531.38671875,153807,0.0,0.0,0.015050124891922367
2009-01-23,51701.17955411586,54502.72130335366,51022.017917936995,52210.55078125,302313,0.0,0.0,0.013179619368808515
2009-01-28,54248.0390625,55012.09595070423,53229.296544894365,54248.0390625,141413,0.0,0.0,0.03902445484221384
2009-01-29,54248.037266454856,56370.417441198784,53908.45643849583,55945.94140625,323272,0.0,0.0,0.03129887039407664
2009-01-30,55266.775781250006,55351.67098214286,53483.9765625,53483.9765625,245155,0.0,0.0,-0.04400613845913337
2009-02-02,53483.97688852396,55096.98571532071,52465.234471599695,54927.1953125,232960,0.0,0.0,0.026984133244346342
2009-02-03,54502.71897321429,55351.67098214286,53483.9765625,53483.9765625,158938,0.0,0.0,-0.026275121855194428
2009-02-04,53568.87445133588,56030.83540076336,53144.39842557252,55606.359375,189711,0.0,0.0,0.03968259185103484
2009-02-05,56030.83224826389,56030.83224826389,54417.823441116896,55012.08984375,134130,0.0,0.0,-0.01068707856312523
2009-02-06,54757.40479637252,55691.25200995406,54163.13838772971,55436.56640625,147573,0.0,0.0,0.007716059573552592
2009-02-09,55096.987741411096,55776.149377668866,54163.140491556675,54672.51171875,142232,0.0,0.0,-0.013782503806257784
2009-02-10,54842.30553110329,55776.15283890845,54248.0390625,54248.0390625,123650,0.0,0.0,-0.007763913581172233
2009-02-11,54248.03854495268,55096.99063485804,52635.02957413249,53823.5625,168474,0.0,0.0,-0.00782473560032193
2009-02-12,54332.930513595165,57304.262651057405,53399.08327039275,56200.625,419444,0.0,0.0,0.04416397558225538
2009-02-13,57983.43303882312,63246.936477193594,56794.90000435237,60954.765625,651969,0.0,0.0,0.08459230880439494
2009-02-16,61973.49840389785,64944.83051915323,61039.65116767473,63162.03125,450046,0.0,0.0,0.036211534936896106
2009-02-17,62822.44788157008,64520.35187836927,60615.17268573113,62992.23828125,441199,0.0,0.0,-0.002688212607950269
2009-02-18,61973.4898711801,66133.35425979356,61209.43314674089,65284.40234375,410252,0.0,0.0,0.03638803962268922
2009-02-19,65284.4035264757,65963.56507161459,60869.85348307292,61124.5390625,313672,0.0,0.0,-0.06371909877257598
2009-02-20,60020.899756205676,61464.1179964539,57898.51999113475,59851.109375,216090,0.0,0.0,-0.020833362623772333
2009-02-23,59426.63519965278,62397.96695963542,58917.26404079861,61124.5390625,153759,0.0,0.0,0.02127662629478211
2009-02-24,59511.52974926318,61464.11917042303,59171.948980365814,61209.43359375,148738,0.0,0.0,0.001388878060302412
2009-02-25,62567.774743210306,62822.460393454036,60700.07997475626,60954.765625,83270,0.0,0.0,-0.004160599989214808
2009-02-26,61973.49836101399,62652.65998688812,58662.58543487763,60700.0703125,71380,0.0,0.0,-0.004178431495691637
2009-02-27,60445.38686260623,61718.81495662181,59256.85397485836,59936.015625,134503,0.0,0.0,-0.012587377305601888
2009-03-02,60020.902026871314,61124.539546460175,55606.351948515854,57558.94140625,218231,0.0,0.0,-0.03966019752835381
2009-03-03,55945.934095149256,56964.67644589552,54163.13498134328,56879.78125,143986,0.0,0.0,-0.011799385806220752
2009-03-04,58577.68132716049,63416.70717592593,57983.414994855964,61888.59375,269190,0.0,0.0,0.08805963015197071
2009-03-05,62228.18521275209,64095.87972118394,60954.75713882128,61039.65234375,210720,0.0,0.0,-0.013717251512925244
2009-03-06,61464.11326002038,62482.85546875,59851.10476286515,62482.85546875,94131,0.0,0.0,0.02364369831060764
2009-03-09,63246.92412173202,65623.98972630719,62143.28651960784,64944.828125,147612,0.0,0.0,0.03940237106291211
2009-03-10,65284.40959402378,69189.58884152066,65284.40959402378,67831.265625,317047,0.0,0.0,0.044444455137281125
2009-03-11,68765.10280106707,69614.0546875,67152.09421684452,69614.0546875,160350,0.0,0.0,0.026282703795562634
2009-03-12,69614.06042671893,70378.1171875,67916.15651387213,70378.1171875,154178,0.0,0.0,0.010975693104358086
2009-03-13,69274.48055555555,70378.11811342592,67576.57662037037,68765.109375,174430,0.0,0.0,-0.02291916687970863
2009-03-16,68934.89799528303,69529.16435731133,66642.72774174529,67491.6796875,100642,0.0,0.0,-0.01851854376549522
2009-03-17,67661.48031794831,68510.43239220111,66218.26179171856,68170.8515625,95867,0.0,0.0,0.010063045965735373
2009-03-18,69444.25911458334,69529.154296875,68001.041015625,69274.46875,71494,0.0,0.0,0.016188989314416702
2009-03-19,69274.47948870392,72840.07769768134,68680.21312054103,71396.859375,189641,0.0,0.0,0.030637414668012175
2009-03-20,73009.86876409245,75556.72465121195,72840.07837161781,75302.0390625,216156,0.0,0.0,0.05469679929461191
2009-03-23,76405.67354368932,79122.3197141316,75981.19757955772,78697.84375,35830,0.0,0.0,0.04509578664505365
2009-03-24,79037.42525475544,79037.42525475544,73434.34247622282,78103.578125,222434,0.0,0.0,-0.00755123135124014
2009-03-25,76575.4618434271,77424.41374856487,73943.7109375,73943.7109375,305259,0.0,0.0,-0.05326090413991513
2009-03-26,73773.92211538462,77424.4153846154,73179.65576923077,77254.625,236339,0.0,0.0,0.04477614148008491
2009-03-27,76915.05389170317,77679.11071844194,75981.20665902244,77509.3203125,129344,0.0,0.0,0.0032968293160442474
2009-03-30,77679.11288371128,78103.58891039823,75641.62795561393,76745.265625,122829,0.0,0.0,-0.009857584667489094
2009-03-31,76235.89018438177,79971.27901301518,75981.2045824295,78273.375,216383,0.0,0.0,0.01991144812068013
2009-04-01,78952.54333820404,79886.390625,77339.53438828375,79886.390625,178170,0.0,0.0,0.020607462307585367
2009-04-02,80820.2191591138,84810.29300415408,80820.2191591138,84300.921875,200583,0.0,0.0,0.05526011646617679
2009-04-03,84895.19699691991,85744.14896688912,81414.4939200462,82687.921875,249664,0.0,0.0,-0.01913383583624062
2009-04-06,83197.30621859297,87017.59068781407,82772.8301664573,84470.734375,249369,0.0,0.0,0.021560736557088678
2009-04-07,85744.15015243903,88291.00609756098,84810.30297256098,87017.578125,360216,0.0,0.0,0.030150605044979573
2009-04-08,86593.10123847926,93809.19300835252,85744.14926555299,92111.2890625,526077,0.0,0.0,0.058536574416986564
2009-04-09,98902.90747364458,105694.5234375,98478.4314759036,105694.5234375,352783,0.0,0.0,0.1474654682748322
2009-04-10,114184.04925796333,120975.66557070464,107392.43294522201,109939.2890625,916028,0.0,0.0,0.04016069600342198
2009-04-13,120551.17968750001,126069.36749009683,116730.89582416374,120551.1796875,1280524,0.0,0.0,0.09652500680595799
2009-04-14,120126.72247159091,127342.8153409091,112486.15355113638,116730.9140625,850320,0.0,0.0,-0.03168998955384028
2009-04-15,116306.42790570176,120975.6640625,109939.28769188597,120975.6640625,861518,0.0,0.0,0.03636354631582228
2009-04-16,123946.99153880865,125644.89553249096,114608.51957355595,117579.8515625,431751,0.0,0.0,-0.028070211693532077
2009-04-17,117579.86137218046,118428.81343984963,109514.81672932331,112910.625,581203,0.0,0.0,-0.039711111218898365
2009-04-20,111212.70430871211,113335.08416193181,106543.46863162878,112061.65625,613356,0.0,0.0,-0.007518944740585787
2009-04-21,108665.85130111524,118428.7988789498,108665.85130111524,114184.0390625,681426,0.0,0.0,0.018939420347002134
2009-04-22,116306.4291437729,119702.23729395604,113335.09701236263,115881.953125,347678,0.0,0.0,0.014869977244110544
2009-04-23,118853.28399122808,121400.14007675438,115457.47587719298,120975.6640625,433600,0.0,0.0,0.04395603284322869
2009-04-24,124795.96390625,132436.53312500002,121400.15536458333,127342.8203125,703531,0.0,0.0,0.052631711504476764
2009-04-27,127342.80190677966,128191.75391949152,122249.08983050847,125220.421875,300397,0.0,0.0,-0.01666680879449367
2009-04-28,123522.53353794644,126493.86595982144,118853.29687500001,118853.296875,307028,0.0,0.0,-0.05084733707698186
2009-04-29,118004.328125,123522.51613084532,115881.9481227518,118004.328125,361418,0.0,0.0,-0.007142997058742773
2009-04-30,119277.76054414336,125220.42477054197,119277.76054414336,121400.140625,270566,0.0,0.0,0.02877701652097775
2009-05-04,122249.09677419356,123947.00089605735,117579.8604390681,118428.8125,184717,0.0,0.0,-0.02447549162383844
2009-05-06,120551.19265232976,122673.5728046595,117579.8604390681,118428.8125,243745,0.0,0.0,0.0
2009-05-07,118853.2785467128,122673.5625,116306.42257785467,122673.5625,348640,0.0,0.0,0.035842206895386974
2009-05-08,123522.51262979233,135832.3162939297,121824.60867611821,132860.984375,836963,0.0,0.0,0.08304496639200476
2009-05-11,131587.5946514423,133709.97521033653,128191.78575721153,132436.546875,452913,0.0,0.0,-0.0031945984895160873
2009-05-12,139228.12639664803,151962.40625,137530.2224162011,151962.40625,1029274,0.0,0.0,0.1474355820635329
2009-05-13,156207.1488764045,158754.00456460673,150264.48560393258,151113.4375,950617,0.0,0.0,-0.005586702467736182
2009-05-14,151113.45081676138,158754.0185546875,146868.69096235797,149415.546875,759396,0.0,0.0,-0.011235867922070097
2009-05-15,152811.3674132948,154509.27149566475,144321.8470014451,146868.703125,278219,0.0,0.0,-0.017045373144005338
2009-05-18,145170.7870205966,150688.97483132104,144321.8350497159,149415.546875,279955,0.0,0.0,0.017340956213335534
2009-05-19,149840.0458511396,151537.9500534188,146868.713497151,148991.09375,289358,0.0,0.0,-0.002840756091834873
2009-05-20,149840.02800000002,165121.16400000002,148566.6,159178.5,642052,0.0,0.0,0.06837594109547229
2009-05-21,156631.6551856267,160876.41548876022,153660.32297343324,155782.703125,378067,0.0,0.0,-0.02133326344324138
2009-05-22,155358.2043138587,165545.62754755435,154084.77640964676,156207.15625,588492,0.0,0.0,0.0027246486065877207
2009-05-25,155358.2043138587,158329.53609035327,132860.97800611414,156207.15625,373222,0.0,0.0,0.0
2009-05-26,157905.08327656676,159602.98739782016,151113.46679155313,155782.703125,284682,0.0,0.0,-0.002717245068597829
2009-05-27,157480.60363981215,158754.0317015896,146444.22710440753,146868.703125,320494,0.0,0.0,-0.05722073003732264
2009-05-28,143048.41296561604,148991.07700573065,137530.22492836675,148142.125,372129,0.0,0.0,0.008670478106667767
2009-05-29,148142.11727061172,159602.96875,143472.88148271278,159602.96875,984923,0.0,0.0,0.07736384063614588
2009-06-01,159178.4832415803,169365.90616904147,156207.15155440415,163847.71875,516365,0.0,0.0,0.026595683233492595
2009-06-02,167243.52639248705,171063.80999028496,162149.81492875647,163847.71875,309630,0.0,0.0,0.0
2009-06-03,166819.0737418831,166819.0737418831,158329.55344967532,163423.265625,234047,0.0,0.0,-0.0025905342365347694
2009-06-04,162998.75138121546,164696.65504143646,153660.28125,153660.28125,257660,0.0,0.0,-0.059740480265537466
2009-06-05,152811.34850543478,157905.06012228262,149415.54076086957,156207.15625,306749,0.0,0.0,0.01657471260160137
2009-06-08,155358.22709468665,159178.5113675068,151537.94282186648,155782.703125,192195,0.0,0.0,-0.002717245068597829
2009-06-09,155782.6765718006,156631.6284877232,142623.921875,142623.921875,481115,0.0,0.0,-0.0844688209026736
2009-06-10,144321.8470014451,150264.5112897399,141774.99087789017,146868.703125,414708,0.0,0.0,0.02976205670266352
2009-06-11,147293.17694627194,148991.08100328947,142623.94078947368,145170.796875,389687,0.0,0.0,-0.011560708400583541
2009-06-12,147717.64673913043,150688.97871376813,144321.83876811594,146444.21875,201755,0.0,0.0,0.008771887338308693
2009-06-15,144321.81587837837,146019.7195945946,138379.15287162163,141350.484375,266207,0.0,0.0,-0.034782761781096294
2009-06-16,140077.0707667151,151113.44603924418,138379.16687863372,146019.734375,460242,0.0,0.0,0.03303313759868387
2009-06-17,145595.2535807292,147717.6333705357,140077.06612723216,142623.921875,268825,0.0,0.0,-0.023255846304164995
2009-06-18,144321.84996290802,146019.7540801187,140501.565699184,143048.421875,179505,0.0,0.0,0.0029763590456588496
2009-06-19,144321.8350497159,149840.02286044034,141350.50315163354,149415.546875,326555,0.0,0.0,0.044510277824412414
2009-06-22,148142.08526400864,151113.416487069,146444.18170797414,147717.609375,152005,0.0,0.0,-0.011363860960335592
2009-06-23,145170.76038547905,145595.23629303894,139652.5735872006,141774.953125,194665,0.0,0.0,-0.04022984311175659
2009-06-24,140926.00844594595,141774.96030405405,134983.3454391892,141350.484375,238477,0.0,0.0,-0.002993961490685537
2009-06-25,143472.89496026014,146868.703125,142199.46689848267,146868.703125,284250,0.0,0.0,0.03903926310829098
2009-06-26,148142.1272131728,150264.5072592068,146019.7471671388,149840.03125,198564,0.0,0.0,0.02023118650725131
2009-06-29,151113.46148459383,152811.3655462185,147717.65336134454,151537.9375,201817,0.0,0.0,0.011331459529444032
2009-06-30,153235.8541239754,155358.234375,150264.521772541,155358.234375,312011,0.0,0.0,0.02521016808084764
2009-07-01,153660.28125,154509.23308011048,150264.473929558,153660.28125,270495,0.0,0.0,-0.01092927666068555
2009-07-02,152811.35097493036,154933.73084958218,150688.97110027855,152386.875,147103,0.0,0.0,-0.008287152930093966
2009-07-03,149415.53846153847,154933.72596153847,149415.53846153847,154509.25,161876,0.0,0.0,0.013927544613012044
2009-07-06,156207.18230563003,159602.990616622,154933.75418900806,158329.5625,265205,0.0,0.0,0.024725461420594508
2009-07-07,160876.39311655404,162998.77297297298,156207.15743243243,157056.109375,337341,0.0,0.0,-0.008043053393771649
2009-07-08,154509.23308011048,159602.94406077347,151113.42575966852,153660.28125,239862,0.0,0.0,-0.02162175122326404
2009-07-09,151113.49162772586,151962.44382788162,131587.5910241433,136256.828125,1705850,0.0,0.0,-0.11325928199158497
2009-07-10,137954.72510675466,139652.62941576086,133709.96433423914,136681.296875,547018,0.0,0.0,0.0031152108546854684
2009-07-13,133709.94449013157,134983.37253289475,120551.18804824562,120975.6640625,813476,0.0,0.0,-0.11490696365621533
2009-07-14,125220.42494829964,126493.85299862133,110788.24037798714,115457.4765625,940176,0.0,0.0,-0.045614029422885616
2009-07-15,120975.66234691723,125644.8984375,119277.75831397805,125644.8984375,746268,0.0,0.0,0.08823527222583372
2009-07-16,126069.35804521276,129040.68971631206,115457.45921985815,119702.21875,741218,0.0,0.0,-0.04729742123557912
2009-07-17,122249.078125,123098.03005642361,116730.89057074653,122249.078125,473429,0.0,0.0,0.02127662629478211
2009-07-20,122673.57709059233,123947.00522648083,119277.76872822299,121824.625,505633,0.0,0.0,-0.0034720353847249585
2009-07-21,122249.1103448276,128191.77543103449,121824.63426724139,123098.0625,588818,0.0,0.0,0.010453038537980408
2009-07-22,123947.0095982143,124371.48565848215,112061.67991071429,118853.296875,1055126,0.0,0.0,-0.034482798013169336
2009-07-23,116730.89435634328,118853.27425373135,113335.0865205224,113759.5625,559569,0.0,0.0,-0.0428573250295039
2009-07-24,115032.98620090996,116306.41409243295,108665.84674329503,110788.2265625,878885,0.0,0.0,-0.0261194388603595
2009-07-27,110788.24934659092,117155.39011363637,110788.24934659092,116730.9140625,622264,0.0,0.0,0.05364006342900973
2009-07-28,118428.82369791665,120551.20405092592,114608.5390625,114608.5390625,553230,0.0,0.0,-0.01818177315791114
2009-07-29,113759.58185096153,115457.48605769231,109939.2973858173,110363.7734375,546034,0.0,0.0,-0.03703707995688854
2009-07-30,111637.17846145073,116306.4140625,109514.79864279197,116306.4140625,536088,0.0,0.0,0.05384593549046568
2009-07-31,116306.4332706767,116730.90930451128,111637.19689849624,112910.625,503465,0.0,0.0,-0.02919691996242957
2009-08-03,113335.0828450521,123098.03005642361,113335.0828450521,122249.078125,1015067,0.0,0.0,0.08270659315719842
2009-08-04,123946.98756602114,123946.98756602114,117579.84779379402,120551.1796875,830408,0.0,0.0,-0.013888844509435838
2009-08-05,120551.18355144403,121400.1355482852,115457.4715703971,117579.8515625,744253,0.0,0.0,-0.024647856061653317
2009-08-06,116306.42470136519,124371.46875,115457.47269624574,124371.46875,789428,0.0,0.0,0.057761743166429236
2009-08-07,124795.95903409092,125220.43508522728,116306.43801136364,116730.9140625,1107312,0.0,0.0,-0.06143333969029774
2009-08-10,114608.53552756654,115033.01158507603,106543.49043488593,111637.203125,1447764,0.0,0.0,-0.04363634927738791
2009-08-11,111212.71875,114184.05093034351,109514.81464694657,111212.71875,603890,0.0,0.0,-0.003802355873468999
2009-08-12,112061.66573033707,115032.99777621723,112061.66573033707,113335.09375,461851,0.0,0.0,0.019083923348470533
2009-08-13,114608.51207386363,117579.84386837122,112061.65625,112061.65625,506522,0.0,0.0,-0.01123603870491352
2009-08-14,113335.09139683735,114184.04339231928,104845.57144201807,105694.5234375,1286796,0.0,0.0,-0.05681812160883537
2009-08-17,104845.56122036639,104845.56122036639,97629.4699622845,98478.421875,953212,0.0,0.0,-0.06827318320581743
2009-08-18,98902.8973168545,103996.60876664959,94658.13777535861,103572.1328125,1204542,0.0,0.0,0.05172413245985519
2009-08-19,105270.03846153847,107816.89423076923,101874.23076923078,104845.5625,676698,0.0,0.0,0.01229509958827757
2009-08-20,107392.43294522201,110788.24110159268,106543.48090612935,109939.2890625,700462,0.0,0.0,0.04858313924826341
2009-08-21,112061.66842830883,115457.4765625,111212.71639476104,115457.4765625,697461,0.0,0.0,0.050193043333788934
2009-08-24,117155.39011363637,117155.39011363637,112486.15355113638,116730.9140625,518939,0.0,0.0,0.01102949361023553
2009-08-25,115457.46641791046,118853.27425373135,113759.5625,113759.5625,260039,0.0,0.0,-0.0254547099743353
2009-08-26,118004.32976694914,126493.8498940678,117579.85376059322,125220.421875,1245152,0.0,0.0,0.10074633835726998
2009-08-27,124795.95731707316,125644.9094076655,119702.24477351915,121824.625,524509,0.0,0.0,-0.02711855481839709
2009-08-28,123098.02637411347,123522.50232712766,115881.93517287234,119702.21875,503248,0.0,0.0,-0.01742181640206153
2009-08-31,118853.26984489051,120975.64966354928,115457.4621350365,116306.4140625,275278,0.0,0.0,-0.02836876979358416
2009-09-01,115881.95241477274,121824.61664117133,115881.95241477274,121400.140625,396971,0.0,0.0,0.04379574938801545
2009-09-02,119277.76000548246,123946.9961622807,118004.3319627193,120975.6640625,296757,0.0,0.0,-0.0034965079967345103
2009-09-03,121400.16679152398,127342.83229880137,120975.6906838613,123947.0234375,532427,0.0,0.0,0.024561628969152816
2009-09-04,126069.37680288462,126069.37680288462,120975.66460882868,121400.140625,309480,0.0,0.0,-0.02054815631602691
2009-09-07,127342.79084158417,132860.97844471948,126069.36293316832,128616.21875,829035,0.0,0.0,0.059440442884577616
2009-09-08,130314.13664410828,134983.37281050955,126918.32852308916,133285.46875,475239,0.0,0.0,0.036303741824939895
2009-09-09,133709.94025735292,133709.94025735292,127342.80024509803,129889.65625,422694,0.0,0.0,-0.025477739860520265
2009-09-10,129465.18193855931,129889.65794491525,123946.9938559322,125220.421875,547894,0.0,0.0,-0.035947699838492775
2009-09-11,124795.93502475249,128616.21875,123098.0311468647,128616.21875,300133,0.0,0.0,0.0271185548183972
2009-09-14,128191.77888257575,131587.58759469696,125644.92234848485,126069.3984375,275033,0.0,0.0,-0.019801704149384314
2009-09-15,125220.42420504386,126918.3282620614,120551.18804824562,120975.6640625,474710,0.0,0.0,-0.04040420941268519
2009-09-16,123522.51839632602,128191.75448690879,122673.56637985642,125644.8984375,516964,0.0,0.0,0.0385964764995026
2009-09-17,127767.29261363637,130738.625,123947.00811688311,130738.625,449737,0.0,0.0,0.04054065565609721
2009-09-18,132436.51225490196,132436.51225490196,126493.84824346405,129889.65625,421229,0.0,0.0,-0.006493633767373663
2009-09-21,129465.20065104167,131587.58098958334,127342.8203125,127342.8203125,265264,0.0,0.0,-0.019607688641488763
2009-09-22,130314.1557162267,137105.77295225154,129040.72748447205,136681.296875,697614,0.0,0.0,0.07333335746438885
2009-09-23,138803.6467013889,140926.02662037036,134134.41087962964,137530.21875,535090,0.0,0.0,0.006210958590598947
2009-09-24,137530.2322265625,139228.136328125,133285.47197265626,135832.328125,265251,0.0,0.0,-0.012345582232268448
2009-09-25,136256.78250558037,142623.921875,134134.40271577382,142623.921875,463741,0.0,0.0,0.049999833204287025
2009-09-28,141774.97359422492,142623.9255319149,139228.11778115502,139652.59375,297497,0.0,0.0,-0.020833308227242275
2009-09-29,141350.4915756777,142199.4434770331,134983.35231551205,140926.015625,464094,0.0,0.0,0.009118497843868312
2009-09-30,141774.97115384616,146868.6826923077,141350.4951923077,143472.875,637417,0.0,0.0,0.018072315205285516
2009-10-01,145595.2548076923,147717.63461538462,140501.54326923078,143472.875,424987,0.0,0.0,0.0
2009-10-05,140926.02186468648,141774.97380363036,126918.31487211221,128616.21875,505919,0.0,0.0,-0.10355027910327996
2009-10-06,132860.95176848874,133709.90353697748,128191.71704180064,132012.0,363345,0.0,0.0,0.02640243417978727
2009-10-07,134134.42010703363,140501.56030198777,133285.46808103975,138803.65625,476741,0.0,0.0,0.05144726426385482
2009-10-08,138379.21429984178,138803.69041732597,129889.69195015823,134134.453125,367059,0.0,0.0,-0.03363890585555096
2009-10-09,134983.40535996837,137530.26206487342,134134.453125,134134.453125,251429,0.0,0.0,0.0
2009-10-12,136256.8337124209,136681.30982990508,131587.59642009495,134134.453125,198846,0.0,0.0,0.0
2009-10-13,129040.704778157,131163.08479095562,114608.52069112628,124371.46875,1033326,0.0,0.0,-0.0727850611647245
2009-10-14,126493.84432483277,129465.17623850334,126069.36833716555,126918.3203125,287877,0.0,0.0,0.020477779896765913
2009-10-15,127342.80766752578,128616.23574420103,121400.1433097079,123522.5234375,385943,0.0,0.0,-0.026755765965376987
2009-10-16,123522.52918118467,126493.86149825783,121824.625,121824.625,218704,0.0,0.0,-0.013745658607428823
2009-10-19,120126.70755302346,121400.1355482852,115457.4715703971,117579.8515625,500491,0.0,0.0,-0.034843312158769235
2009-10-20,119277.77293526786,120126.72505580357,117155.39263392858,118853.296875,353404,0.0,0.0,0.010830472190408447
2009-10-21,119277.75831397805,125644.8984375,118004.33028927365,125644.8984375,414440,0.0,0.0,0.05714272755633232
2009-10-22,123522.51554038808,123522.51554038808,117579.8515625,117579.8515625,348202,0.0,0.0,-0.06418921082587226
2009-10-23,120126.72247159091,120551.19852272728,113759.58170454546,116730.9140625,426815,0.0,0.0,-0.00722009331291551
2009-10-26,115881.94756881769,119702.23155460288,115881.94756881769,117579.8515625,205902,0.0,0.0,0.007272602179277499
2009-10-27,116306.41112588653,120551.17065602836,115881.93517287234,119702.21875,245046,0.0,0.0,0.018050432614909795
2009-10-28,121400.14567669174,121400.14567669174,112486.14896616542,112910.625,351761,0.0,0.0,-0.05673740905491775
2009-10-29,108665.86259541985,112486.14682729008,108665.86259541985,111212.71875,310640,0.0,0.0,-0.015037612713595383
2009-10-30,114608.5077213035,116730.88749392024,108665.84435797665,109090.3203125,374868,0.0,0.0,-0.019084134093250937
2009-11-02,106119.01292067308,110363.7734375,104845.584765625,110363.7734375,255112,0.0,0.0,0.011673383315330632
2009-11-03,111212.70626230315,112910.61017470474,107816.8984375,107816.8984375,166839,0.0,0.0,-0.023077092425100143
2009-11-04,107816.91054389313,111212.71875,106967.95849236642,111212.71875,217295,0.0,0.0,0.031496178815313636
2009-11-05,110363.7594126506,110788.23541039156,104845.57144201807,105694.5234375,481070,0.0,0.0,-0.049618383351499484
2009-11-06,111637.20055111435,119702.24545784884,109090.34426477713,109514.8203125,1084054,0.0,0.0,0.036144700318924805
2009-11-09,110788.22653398722,117579.84195369526,109514.79864279197,116306.4140625,602456,0.0,0.0,0.062015293734859034
2009-11-10,118004.3422159091,118853.29431818183,115033.00985795456,116730.9140625,352565,0.0,0.0,0.0036498416998040906
2009-11-11,118004.32979314946,120126.70982540035,117579.85378669928,119277.7578125,221756,0.0,0.0,0.02181807424755
2009-11-12,120126.70982540035,120551.18583185053,118004.32979314946,119277.7578125,269056,0.0,0.0,0.0
2009-11-13,119702.22233072917,123098.03005642361,119702.22233072917,122249.078125,328866,0.0,0.0,0.024910933664353374
2009-11-16,123522.50602213542,123946.98198784723,121400.12619357639,122249.078125,155453,0.0,0.0,0.0
2009-11-17,122673.5728046595,123098.04883512545,116306.43234767026,118428.8125,321357,0.0,0.0,-0.031249852216421403
2009-11-18,118428.79388115877,119702.22177235402,115032.98617130474,116306.4140625,290787,0.0,0.0,-0.017921301351392027
2009-11-19,117579.85594846492,121400.14007675438,117155.37993421053,120975.6640625,262512,0.0,0.0,0.040146109203322844
2009-11-20,120975.6502278646,122249.078125,120126.69829644097,122249.078125,166519,0.0,0.0,0.010526200226866456
2009-11-23,122249.08650519031,123098.03849480968,120551.18252595155,122673.5625,113573,0.0,0.0,0.0034722910103743843
2009-11-24,123098.06250000001,123522.53857758621,120975.68211206897,123098.0625,128863,0.0,0.0,0.003460403295942438
2009-11-25,123522.50711633664,129040.69471947195,122249.0792079208,128616.21875,370999,0.0,0.0,0.044827320088811407
2009-11-26,128616.248515625,131163.104921875,126918.34424479168,127342.8203125,232147,0.0,0.0,-0.009900760960600108
2009-11-27,124371.49073275863,126493.87112068967,120126.72995689655,123098.0625,257505,0.0,0.0,-0.033333310838281616
2009-11-30,125220.45620343543,128191.7890625,124795.98008071192,128191.7890625,217432,0.0,0.0,0.041379421081465084
2009-12-01,127767.26739823191,129889.6472553454,124795.93559827303,129040.6953125,194837,0.0,0.0,0.006622157754472946
2009-12-02,129889.67570260067,130314.15176698826,125644.91505872483,126493.8671875,262278,0.0,0.0,-0.01973662741689597
2009-12-03,127342.81754032259,131587.578125,127342.81754032259,131587.578125,317457,0.0,0.0,0.04026844186801304
2009-12-04,131587.60449526814,135407.88978706623,131163.128351735,134558.9375,322616,0.0,0.0,0.022580850087364546
2009-12-07,134983.37281050955,135407.84882563693,132860.99273487262,133285.46875,132039,0.0,0.0,-0.009464022038669806
2009-12-08,132012.07076322116,132861.02298677884,129889.69020432692,132436.546875,142863,0.0,0.0,-0.006369200505962902
2009-12-09,131163.08867436307,135407.84882563693,129889.66062898088,133285.46875,304562,0.0,0.0,0.006410027254797335
2009-12-10,133709.94476512738,134134.42078025476,129465.1846138535,133285.46875,541150,0.0,0.0,0.0
2009-12-11,131587.55114103618,132436.50308388157,126918.31545538652,129040.6953125,599568,0.0,0.0,-0.031847233440442047
2009-12-14,128191.7807828073,129889.68516403653,126493.87640157806,127767.3046875,286049,0.0,0.0,-0.009868132079699388
2009-12-15,128616.26518522351,129889.69355339404,126918.36069432947,128191.7890625,134855,0.0,0.0,0.0033223239391191317
2009-12-16,129040.72177419355,132012.05418346776,128191.76965725806,131587.578125,288294,0.0,0.0,0.026489910838551234
2009-12-17,132012.05316558442,133285.48133116882,129465.19683441559,130738.625,157329,0.0,0.0,-0.006451620564013605
2009-12-18,130314.0964630225,132436.47588424437,130314.0964630225,132012.0,149218,0.0,0.0,0.009739853084733019
2009-12-21,132012.0,133285.4276527331,130738.57234726688,132012.0,189589,0.0,0.0,0.0
2009-12-22,133709.96586771845,133709.96586771845,130738.63329288026,131163.109375,110935,0.0,0.0,-0.006430405001060513
2009-12-23,131163.0745668317,131587.55053630364,124795.93502475249,128616.21875,351619,0.0,0.0,-0.019417735955910786
2009-12-24,128191.74827550167,129465.17623850334,126918.32031249999,126918.3203125,169548,0.0,0.0,-0.013201277832621705
2009-12-28,126069.37623355263,126493.85224780702,120551.18804824562,120975.6640625,337474,0.0,0.0,-0.046822682772415414
2009-12-29,120975.66652542373,125661.34375,119697.75455508474,125661.34375,227909,500.0,0.0,0.038732415513579754
2009-12-30,124809.402618102,127365.2265625,123105.51998850335,127365.2265625,153549,0.0,0.0,0.013559323509144017
2010-01-04,125235.37327550167,129921.050506898,125235.37327550167,127365.2265625,235326,0.0,0.0,0.0
2010-01-05,127365.2198153409,128217.16108500873,121827.6015625,121827.6015625,265302,0.0,0.0,-0.043478311541200854
2010-01-06,121827.62109375,123105.533203125,115012.08984375,115864.03125,636683,0.0,0.0,-0.04895089648006057
2010-01-07,114160.13429054053,115012.07559121621,109900.42778716216,110326.3984375,773446,0.0,0.0,-0.047794235646362426
2010-01-08,112456.26752767527,115864.0332103321,112030.29681734317,115438.0625,490000,0.0,0.0,0.04633219369882502
2010-01-11,121827.62109375,122679.5625,115438.060546875,115864.03125,532591,0.0,0.0,0.003690019918690224
2010-01-12,116715.9552685018,119697.74974616425,115012.07270983754,117993.8671875,356980,0.0,0.0,0.01838220122778611
2010-01-13,117567.88730053192,121401.62275598405,116715.94608820922,120123.7109375,292637,0.0,0.0,0.01805046144148781
2010-01-14,119697.74033133866,121401.62275598405,117993.85790669326,120123.7109375,254418,0.0,0.0,0.0
2010-01-15,120123.72038583033,120549.69102549639,117567.89654783392,117993.8671875,192056,0.0,0.0,-0.017730419193494162
2010-01-18,116289.99010416666,117567.90208333333,114160.13680555555,115012.078125,258383,0.0,0.0,-0.025270712229151227
2010-01-19,116289.97807835821,116715.94869402985,113734.15438432836,114160.125,157600,0.0,0.0,-0.007407510053631605
2010-01-20,115012.07059762774,116715.953125,113734.15870209855,116715.953125,223565,0.0,0.0,0.022388098515133903
2010-01-21,115438.0298368174,124809.38281249999,115012.05924701365,124809.3828125,580162,0.0,0.0,0.06934296015928632
2010-01-22,123105.50745614036,126087.30175438598,119697.74254385965,121401.625,317406,0.0,0.0,-0.027303698934393772
2010-01-25,118845.81827445653,120123.73029891305,115438.0528759058,117567.90625,188363,0.0,0.0,-0.03157880917986067
2010-01-26,120123.72604166665,122253.57934027778,114586.10746527778,115012.078125,250182,0.0,0.0,-0.021739165104847635
2010-01-27,117993.87274305554,117993.87274305554,115012.078125,115012.078125,155854,0.0,0.0,0.0
2010-01-28,116715.9467936803,116715.9467936803,112030.27009758363,114586.09375,196005,0.0,0.0,-0.003703822954464142
2010-01-29,113308.18911637932,113308.18911637932,110752.36530172414,111178.3359375,143930,0.0,0.0,-0.02973971536140263
2010-02-01,111604.3046875,112882.21657323472,107344.59840171755,111604.3046875,258555,0.0,0.0,0.0038314006628006325
2010-02-02,113308.19053819444,114160.13182043651,106492.66028025793,107344.6015625,363327,0.0,0.0,-0.038167910609966826
2010-02-03,108196.54705668605,109900.4296875,106492.66442587209,109900.4296875,243360,0.0,0.0,0.023809563665033506
2010-02-04,109900.42565917969,110326.39630126953,107770.57244873047,109048.484375,96752,0.0,0.0,-0.007751974354627156
2010-02-05,104362.80312499999,106492.65625,103084.89125,106492.65625,233218,0.0,0.0,-0.023437539179461897
2010-02-08,106918.62817686722,107770.56943724066,101381.00998443984,102658.921875,306072,0.0,0.0,-0.03599998826210138
2010-02-09,105640.70867346939,109474.44406887755,102658.91447704082,104362.796875,666700,0.0,0.0,0.0165974371138895
2010-02-10,106066.69917130566,106492.6698507085,103936.84577429149,105214.7578125,237954,0.0,0.0,0.008163454439807927
2010-02-11,106066.69723412298,109474.46260710685,105214.75589087702,105640.7265625,318847,0.0,0.0,0.004048564658192699
2010-02-12,106918.6290452075,108196.54094614624,105640.71714426877,107770.5703125,198542,0.0,0.0,0.020161199371720784
2010-02-16,107344.59967885374,110326.39411437747,106918.6290452075,107770.5703125,160560,0.0,0.0,0.0
2010-02-17,109048.47547169811,112882.2109375,108622.50486438679,112882.2109375,267589,0.0,0.0,0.04743076528386081
2010-02-18,113308.1953125,115012.0779487782,112456.25399436092,113308.1953125,207900,0.0,0.0,0.0037737068707472954
2010-02-19,112456.24033018868,114160.12275943396,111178.32850825471,112882.2109375,159310,0.0,0.0,-0.0037595195460059516
2010-02-22,114160.13471441947,115438.0466701779,112882.22275866104,113734.1640625,153125,0.0,0.0,0.007547275322873581
2010-02-23,113734.16597156956,113734.16597156956,111604.31267622182,113308.1953125,105255,0.0,0.0,-0.00374530162956066
2010-02-24,112456.24033018868,114586.09336674528,111604.29911556604,112882.2109375,142471,0.0,0.0,-0.0037595195460059516
2010-02-25,112456.25190114068,113308.19320342205,111178.33994771862,112030.28125,114630,0.0,0.0,-0.007547067694941734
2010-02-26,111604.31267622182,113308.1953125,111178.34201715226,113308.1953125,80447,0.0,0.0,0.011406862932427098
2010-03-02,113734.16647931655,119697.75573291368,113734.16647931655,118419.84375,421708,0.0,0.0,0.04511278662061691
2010-03-03,117993.85294117646,124809.38235294117,117567.88235294117,123105.5,530062,0.0,0.0,0.03956816781393524
2010-03-04,122253.5620859099,123531.47388471731,120549.6796875,120549.6796875,142416,0.0,0.0,-0.02076121954339971
2010-03-05,121401.61764705883,124383.41176470587,120975.64705882352,123105.5,139891,0.0,0.0,0.02120138617643308
2010-03-08,125235.35670731707,125235.35670731707,120975.6506968641,122253.5625,195379,0.0,0.0,-0.006920385360524084
2010-03-09,120975.66192170819,121401.63256227759,117567.89679715304,119697.75,204114,0.0,0.0,-0.020905832498746224
2010-03-10,119271.7777534965,123105.51346700174,118845.80711866257,121827.6015625,110208,0.0,0.0,0.017793580601974446
2010-03-11,120975.65438596491,123105.50745614036,120975.65438596491,121401.625,105136,0.0,0.0,-0.003496552152686516
2010-03-12,120975.68351293103,125235.39067887931,120975.68351293103,123531.5078125,180690,0.0,0.0,0.01754410464027978
2010-03-15,124383.44924568966,124383.44924568966,122679.56637931034,123531.5078125,108010,0.0,0.0,0.0
2010-03-16,123531.50202450166,128217.1796875,123531.50202450166,128217.1796875,318058,0.0,0.0,0.037930985851092114
2010-03-17,128217.1796875,129495.09177740864,126939.26759759136,128217.1796875,209991,0.0,0.0,0.0
2010-03-18,126939.26177083334,129069.11515625,126939.26177083334,127791.203125,102760,0.0,0.0,-0.003322304885649663
2010-03-19,129495.08583333335,129921.05651041667,126939.26177083334,127791.203125,73711,0.0,0.0,0.0
2010-03-22,126939.25380067567,127365.2244510135,125235.37119932432,126087.3125,74330,0.0,0.0,-0.013333395283346094
2010-03-23,127791.19740099009,129921.05069100659,126939.25608498348,129069.109375,182787,0.0,0.0,0.023648667069495977
2010-03-24,129069.109375,130347.0213490099,127365.2267429868,129069.109375,167550,0.0,0.0,0.0
2010-03-25,129495.0898178808,131198.9725786424,128217.1777473096,128643.1484375,98227,0.0,0.0,-0.003300254720611795
2010-03-26,129069.10370710783,130772.98626429737,128217.16242851307,130347.015625,88678,0.0,0.0,0.01324491205474354
2010-03-29,129495.09177740864,130347.03317068107,127791.20899086379,128217.1796875,80524,0.0,0.0,-0.016339736873051236
2010-03-30,129069.09838867188,129069.09838867188,121827.59781901042,122679.5390625,375931,0.0,0.0,-0.043189536991039224
2010-03-31,123531.47430313588,124383.41550522648,120975.6506968641,122253.5625,167602,0.0,0.0,-0.0034722706472102294
2010-04-01,122253.58798363096,125235.3828125,121401.64660395408,125235.3828125,167528,0.0,0.0,0.024390457435545132
2010-04-02,125235.36279296875,125235.36279296875,122679.5390625,122679.5390625,112953,0.0,0.0,-0.02040831985818703
2010-04-05,121827.61729379251,125661.35350233845,121401.64660395408,125235.3828125,128568,0.0,0.0,0.020833496518909422
2010-04-06,126087.3125,126513.28315033783,123105.51794763513,126087.3125,103824,0.0,0.0,0.006802627726826049
2010-04-07,126087.33211206897,126513.3028286638,120549.71279633621,123531.5078125,199808,0.0,0.0,-0.020270117879624072
2010-04-08,121401.63092766608,122253.57219733391,119697.74838833041,121827.6015625,186738,0.0,0.0,-0.013793292741040908
2010-04-09,121401.62687059859,121827.59749119717,120549.6856294014,120975.65625,296687,0.0,0.0,-0.00699304017786917
2010-04-12,121401.62129790941,122679.5331010453,118419.82709059233,122253.5625,294862,0.0,0.0,0.010563333893879978
2010-04-13,122253.56811179577,122679.53873239436,118845.80314700704,120975.65625,123881,0.0,0.0,-0.010452916249373057
2010-04-14,120975.6521498227,122679.53457446808,119271.7697251773,120123.7109375,100151,0.0,0.0,-0.007042287175028195
2010-04-15,122253.5625,125235.35670731707,120549.68009581881,122253.5625,237647,0.0,0.0,0.01773048423061252
2010-04-16,122253.56622807018,123531.47807017545,120123.71315789474,121401.625,89084,0.0,0.0,-0.006968610832915445
2010-04-19,120549.68154366135,120549.68154366135,119271.7697251773,120123.7109375,109046,0.0,0.0,-0.010526334079136057
2010-04-20,120975.67591411565,125235.3828125,120549.70522427722,125235.3828125,175958,0.0,0.0,0.04255339628709587
2010-04-21,126087.30560064936,131624.92375202922,125235.36434659091,131198.953125,395181,0.0,0.0,0.04761889314802148
2010-04-22,129921.064453125,135032.712890625,128217.181640625,132902.859375,263448,0.0,0.0,0.012987193947931797
2010-04-23,134606.73456790124,139292.41203703705,132902.85185185185,138014.5,294283,0.0,0.0,0.03846147967800251
2010-04-26,137588.51751746895,139718.37072981367,136736.57623253105,137162.546875,133799,0.0,0.0,-0.006172924765151522
2010-04-27,136736.5615056818,140570.296875,135032.67911931817,140570.296875,131745,0.0,0.0,0.024844610118719856
2010-04-28,137162.54599926254,146533.9000737463,135884.63408001474,144404.046875,237633,0.0,0.0,0.0272728313536188
2010-04-29,145255.97805059524,145255.97805059524,140570.3013392857,143126.125,204837,0.0,0.0,-0.008849626465844196
2010-04-30,141848.1857223054,145255.94994386227,141848.1857223054,142274.15625,107031,0.0,0.0,-0.005952573298550479
2010-05-03,141422.25055147058,144830.015625,140570.30928308822,144830.015625,98032,0.0,0.0,0.017964326356706195
2010-05-04,145255.98569277106,149089.72138554216,138014.48493975904,141422.25,244005,0.0,0.0,-0.02352941557241517
2010-05-06,136736.5640764095,143552.09375,136736.5640764095,143552.09375,172320,0.0,0.0,0.01506017440678531
2010-05-07,141422.25188821752,146107.92890861028,138014.48678247735,140996.28125,311727,0.0,0.0,-0.01780407678658469
2010-05-10,143126.1,149941.62857142856,141848.18839285715,149089.6875,353722,0.0,0.0,0.05740155824145177
2010-05-11,151645.51071428572,151645.51071428572,147811.77589285714,149089.6875,207169,0.0,0.0,0.0
2010-05-12,150793.57572115384,159738.95733173078,149941.63461538462,155053.28125,322771,0.0,0.0,0.04000004192107509
2010-05-13,157183.12289742744,161868.79864775727,154201.32923812667,161442.828125,227451,0.0,0.0,0.04120871756785216
2010-05-14,159738.94603397098,163146.71021602902,158461.03446569922,161442.828125,355760,0.0,0.0,0.0
2010-05-17,158461.07600502513,169962.2831344221,155053.31092964823,169536.3125,416917,0.0,0.0,0.050132201405276966
2010-05-18,170388.25657894736,170388.25657894736,154201.37220394737,161868.84375,320329,0.0,0.0,-0.045226114906799064
2010-05-19,155479.25911458334,158461.053125,149941.64166666666,153349.40625,572314,0.0,0.0,-0.05263173136121202
2010-05-20,152923.44572141874,161016.88713842974,152923.44572141874,154627.328125,362020,0.0,0.0,0.008333399562803878
2010-05-24,154201.359375,161016.8890711326,151219.565132942,154201.359375,215259,0.0,0.0,-0.002754808966599076
2010-05-25,152923.43933310057,154627.3216655028,147385.8217527933,152497.46875,189661,0.0,0.0,-0.011049776940398659
2010-05-26,152497.48609293194,162720.78125,152497.48609293194,162720.78125,252162,0.0,0.0,0.06703922749537439
2010-05-27,162720.75120192306,168684.3389423077,162294.78064903847,166128.515625,235584,0.0,0.0,0.02094221984937783
2010-05-28,167832.45106589148,167832.45106589148,155905.2718023256,164850.65625,295401,0.0,0.0,-0.007691992974189321
2010-05-31,164424.66808956183,166980.49194587627,160590.9323050902,165276.609375,183165,0.0,0.0,0.002583872789405417
2010-06-01,164850.63824013158,164850.63824013158,157183.16669407894,161868.84375,188330,0.0,0.0,-0.020618559624901556
2010-06-03,161868.8536227154,163146.765625,158461.08828328984,163146.765625,153937,0.0,0.0,0.007894798315688734
2010-06-04,162720.78503289472,163572.72631578948,160590.9318256579,161868.84375,105142,0.0,0.0,-0.007832958686642688
2010-06-07,158035.11544215426,163998.70470412233,157183.17411901595,160164.96875,141238,0.0,0.0,-0.010526269049228265
2010-06-08,162720.75120192306,169110.3094951923,161442.83954326922,166128.515625,268116,0.0,0.0,0.03723377790750515
2010-06-09,168258.36838942306,171666.1328125,162294.78064903847,166128.515625,253403,0.0,0.0,0.0
2010-06-10,167832.4429667102,168258.4136341384,163146.765625,163146.765625,196834,0.0,0.0,-0.01794845387489452
2010-06-11,164850.59912109375,168258.3634440104,163146.7169596354,163572.6875,119131,0.0,0.0,0.002610666986675003
2010-06-14,163146.7217548077,166554.48617788462,163146.7217548077,166128.515625,108970,0.0,0.0,0.01562502985102565
2010-06-15,164850.60396634616,167832.39783653847,163998.66286057694,166128.515625,91913,0.0,0.0,0.0
2010-06-16,166980.49730861245,181463.49962619616,164424.6733702153,178055.734375,280277,0.0,0.0,0.07179513225124556
2010-06-17,176351.85174940192,181037.52896979664,173796.02781100478,178055.734375,323465,0.0,0.0,0.0
2010-06-18,176351.85026346604,184871.2633196721,176351.85026346604,181889.46875,191040,0.0,0.0,0.021531091871075825
2010-06-21,184019.29411764705,185723.17647058822,180185.5588235294,181037.5,138009,0.0,0.0,-0.004683991634342521
2010-06-22,181463.4799107143,182315.4211309524,176351.8325892857,178907.65625,168175,0.0,0.0,-0.011764655112890932
2010-06-23,175925.81952933985,177203.73105134474,172944.0259779951,174221.9375,285428,0.0,0.0,-0.02619071116471572
2010-06-24,175073.93791020286,179759.61508054892,174221.99660650358,178481.703125,202163,0.0,0.0,0.024450225305294948
2010-06-25,175499.9019396552,177203.78448275864,169962.283674569,172944.078125,317082,0.0,0.0,-0.031026289547011476
2010-06-28,173370.05447425556,174221.99577388336,170814.2305753722,171666.171875,215159,0.0,0.0,-0.00738912984968676
2010-06-29,172944.057890625,175925.8519921875,169536.29320312498,170388.234375,173968,0.0,0.0,-0.007444317573124026
2010-06-30,167406.4580390049,173796.01750614253,166980.4874078624,173370.046875,181544,0.0,0.0,0.01750010797950674
2010-07-01,171240.175546875,174647.94023437498,161868.82265625,170388.234375,332872,0.0,0.0,-0.017199121496171088
2010-07-02,169536.28004807694,172518.07391826922,166128.515625,166128.515625,152092,0.0,0.0,-0.02500007565443152
2010-07-05,165276.6166888298,165276.6166888298,159738.99808843085,160164.96875,220818,0.0,0.0,-0.03589718991086066
2010-07-06,160164.9403125,170388.234375,158887.02855468748,170388.234375,202079,0.0,0.0,0.06382959834967039
2010-07-07,171240.19978762136,175925.87689623787,168258.40526395632,175499.90625,198074,0.0,0.0,0.0300001458067225
2010-07-08,178481.6867776764,178481.6867776764,171240.18635948905,175073.921875,133313,0.0,0.0,-0.002427262692626053
2010-07-09,175073.921875,179759.59861618007,174221.98064933092,175073.921875,91319,0.0,0.0,0.0
2010-07-12,176351.815052599,176777.78562035892,169110.3154006807,172092.109375,172770,0.0,0.0,-0.01703173418442616
2010-07-13,172518.11273734178,174221.9953322785,168258.40625,168258.40625,108166,0.0,0.0,-0.02227704186393642
2010-07-14,170814.21574665452,175499.89248783456,169110.33329531632,175073.921875,145146,0.0,0.0,0.04050624142293047
2010-07-15,175499.8943597561,176351.83559451217,171240.1881859756,174647.953125,122617,0.0,0.0,-0.002433079384056569
2010-07-16,174221.98813728502,176351.84129299756,172518.105612715,173370.046875,59773,0.0,0.0,-0.007317041094007992
2010-07-19,171666.15880335364,177203.7768292683,171240.1881859756,174647.953125,78851,0.0,0.0,0.00737097481966642
2010-07-20,173796.0355450237,180185.59567535546,172944.0941943128,179759.625,109475,0.0,0.0,0.02926843277310809
2010-07-21,179759.60561615566,181037.51750442217,176777.81121020045,180611.546875,92680,0.0,0.0,0.004739228149813979
2010-07-22,178907.66757246378,179759.60884661836,173796.01992753625,176351.84375,111496,0.0,0.0,-0.02358488811320636
2010-07-23,176351.822578125,177203.76374999998,169536.29320312498,170388.234375,119409,0.0,0.0,-0.03381654111569221
2010-07-26,169110.34465460526,169536.31529605263,161868.84375,161868.84375,314818,0.0,0.0,-0.04999987620183943
2010-07-27,163998.69791666666,168684.375,156331.22632575757,168684.375,339802,0.0,0.0,0.042105269254448574
2010-07-28,167832.3929036458,168684.333984375,162294.77587890625,163572.6875,189567,0.0,0.0,-0.030303266084958924
2010-07-29,163572.71618037135,168258.3929459549,160590.921875,160590.921875,203984,0.0,0.0,-0.018228994525751774
2010-07-30,161868.8513962766,162720.7927194149,158461.0861037234,160164.96875,123511,0.0,0.0,-0.002652410983302933
2010-08-02,158461.0918230563,160164.9745308311,153775.4143766756,158887.0625,266963,0.0,0.0,-0.007978687599250689
2010-08-03,161016.90294780929,165276.609375,160164.96166237112,165276.609375,166946,0.0,0.0,0.040214393635731094
2010-08-04,165276.59104330707,166128.53223425196,162294.796875,162294.796875,105965,0.0,0.0,-0.018041346027582783
2010-08-05,163146.71021602902,165276.56282981532,160164.91655672825,161442.828125,106589,0.0,0.0,-0.005249513640638748
2010-08-06,163146.76403061225,167406.47066326533,162294.82270408163,166980.5,136783,0.0,0.0,0.0343011327249072
2010-08-09,165276.62904228855,171240.21875,163998.71696206467,171240.21875,136226,0.0,0.0,0.025510276649069796
2010-08-10,170814.2254679952,176351.84375,169536.31355676329,176351.84375,156525,0.0,0.0,0.0298506100804663
2010-08-11,175073.921875,179333.6280033455,171240.18635948905,175073.921875,212281,0.0,0.0,-0.0072464333109644175
2010-08-12,172518.10441975703,174221.98693254477,166554.515625,166554.515625,177356,0.0,0.0,-0.048661766177162114
2010-08-13,168684.3377757353,176777.77822457108,168684.3377757353,173795.984375,261832,0.0,0.0,0.043478069164478717
2010-08-16,176351.82916666666,178055.71157407408,171666.1525462963,172518.09375,230643,0.0,0.0,-0.0073528202023511735
2010-08-17,170388.25431034484,173796.01939655174,167832.43049568965,172944.078125,169983,0.0,0.0,0.002469215638432054
2010-08-18,173796.0,181463.4705882353,171666.14705882352,181037.5,206766,0.0,0.0,0.04679791272847322
2010-08-19,181037.5,182315.41176470587,178055.70588235292,181037.5,166799,0.0,0.0,0.0
2010-08-20,178907.65410958906,188704.97802511416,177629.74229452055,186575.125,184500,0.0,0.0,0.030588275909687157
2010-08-23,188278.98844365426,195520.48799917943,188278.98844365426,194668.546875,277523,0.0,0.0,0.0433788902727521
2010-08-24,192964.67005093614,199354.22866189427,192112.7289028084,193390.640625,180447,0.0,0.0,-0.006564523496549013
2010-08-25,190834.86498855834,192112.77703089244,182315.4513729977,186149.1875,144644,0.0,0.0,-0.03744469278139351
2010-08-26,185723.18011363636,189556.91548295453,180185.56235795454,187427.0625,148225,0.0,0.0,0.006864789565627305
2010-08-27,187427.07683741648,195520.51879175944,184871.2530623608,191260.8125,209082,0.0,0.0,0.0204546235152141
2010-08-30,190834.83695652173,195946.484375,189130.95448369565,195946.484375,117671,0.0,0.0,0.024498860031769487
2010-08-31,193816.63128396738,198502.3080842391,192538.7194293478,195946.484375,116783,0.0,0.0,0.0
2010-09-01,196372.44117647057,204465.88235294117,196372.44117647057,202762.0,198552,0.0,0.0,0.03478253588850588
2010-09-02,201484.10241168478,202336.0436480978,194668.57252038043,195946.484375,270713,0.0,0.0,-0.03361337738333614
2010-09-03,195094.546875,201484.10627046943,194242.60562227076,195094.546875,128853,0.0,0.0,-0.004347807018418193
2010-09-06,195946.50347222222,196798.44479166667,189556.94357638888,191686.796875,139122,0.0,0.0,-0.017467171966540906
2010-09-07,191686.80264261746,195946.50936800893,189130.97860738254,190408.890625,114930,0.0,0.0,-0.0066666367785014335
2010-09-08,190408.8377246732,195520.484375,189982.8671704793,195520.484375,104579,0.0,0.0,0.026845352300628678
2010-09-09,198076.34485446985,204891.875,196372.46231808732,204891.875,242019,0.0,0.0,0.04793047979068055
2010-09-10,205317.83293524417,208725.59779723993,200206.18564225052,200632.15625,191936,0.0,0.0,-0.020790081353884826
2010-09-13,199780.20214208245,203187.96678416486,193816.61401843818,196372.4375,215660,0.0,0.0,-0.02123148566819033
2010-09-14,195946.4868495475,197224.39872030544,187001.1037542421,188279.015625,315571,0.0,0.0,-0.04121465302379823
2010-09-15,188279.00369318182,192538.7096590909,184871.23892045455,187427.0625,205336,0.0,0.0,-0.004524949964136549
2010-09-16,188704.9887249443,195946.4894209354,188279.01809576838,191260.8125,199231,0.0,0.0,0.0204546235152141
2010-09-17,192964.67285791758,196798.40808026033,192112.731697397,196372.4375,262486,0.0,0.0,0.0267259400040456
2010-09-20,196372.44296052633,203613.9430263158,195520.5017763158,202336.03125,161836,0.0,0.0,0.030368792208937068
2010-09-24,201058.1444148936,203613.96828457448,198076.34990026595,200206.203125,105603,0.0,0.0,-0.010526193045510723
2010-09-27,204465.90436590437,204891.875,201058.13929313928,204891.875,137056,0.0,0.0,0.023404229248953357
2010-09-28,204465.8987603306,208299.6343620868,197650.3688016529,206169.78125,215654,0.0,0.0,0.006236978650324687
2010-09-29,207021.73936027836,209577.56330299785,198502.32621788007,198928.296875,149454,0.0,0.0,-0.03512388833656965
2010-09-30,201910.078125,204465.90189873418,196372.45994857594,201910.078125,140365,0.0,0.0,0.014989226253083743
2010-10-01,201484.10241168478,201910.0730298913,191686.77819293478,195946.484375,260284,0.0,0.0,-0.029535889468122578
2010-10-04,194242.6019021739,196798.42561141303,191260.80757472824,195946.484375,137309,0.0,0.0,0.0
2010-10-05,195094.5174370897,199354.22305798685,192538.6940645514,194668.546875,143196,0.0,0.0,-0.00652187000994775
2010-10-06,196372.48244724024,199354.27719155842,195094.57041396102,196798.453125,119382,0.0,0.0,0.010941193552791217
2010-10-07,195094.55828263276,196798.44088772126,188279.02786227877,192538.734375,138476,0.0,0.0,-0.02164508248087893
2010-10-08,193390.681122449,193816.6517857143,186575.15051020408,187853.0625,307348,0.0,0.0,-0.024336255716077893
2010-10-11,189982.92769469525,190834.8690744921,184871.2794159142,188705.015625,133256,0.0,0.0,0.0045352101991948945
2010-10-12,189556.94515306124,189556.94515306124,184019.32653061225,187853.0625,116956,0.0,0.0,-0.004514734927305919
2010-10-13,188279.0107615894,194668.56995033112,187853.0401490066,192964.6875,128919,0.0,0.0,0.027210762134900035
2010-10-14,193390.6750524109,203188.0,192538.73375262055,203188.0,262142,0.0,0.0,0.05298022468489205
2010-10-15,203187.9780190678,204891.86043432204,198076.3307733051,201058.125,108223,0.0,0.0,-0.010482287339803498
2010-10-18,202762.02699468087,202762.02699468087,198928.2911901596,200206.203125,84480,0.0,0.0,-0.0042371919811745595
2010-10-19,200206.18298760775,201910.06539601294,193816.62395608836,197650.359375,104550,0.0,0.0,-0.012766056746025156
2010-10-20,195946.49667553193,202336.05634973405,193390.67280585106,200206.203125,86881,0.0,0.0,0.012931136366672646
2010-10-21,199780.21135042285,202336.0349497886,197650.35835095137,201484.09375,69398,0.0,0.0,0.006382872283942964
2010-10-22,200632.16919095092,209151.5818954499,199354.25728527608,208299.640625,171445,0.0,0.0,0.03382672422497368
2010-10-25,208725.6290952621,212985.33581149194,205743.8343939012,211281.453125,130828,0.0,0.0,0.014315015095816452
2010-10-26,211281.453125,216393.1011844758,209151.59976688508,211281.453125,105811,0.0,0.0,0.0
2010-10-27,208725.60624999998,215967.106875,208725.60624999998,212985.3125,76318,0.0,0.0,0.008064405795202179
2010-10-28,212985.3024396378,214689.18485915492,210429.47881036217,211707.390625,51682,0.0,0.0,-0.0060000469515943955
2010-10-29,214689.18863636366,214689.18863636366,207873.65883838385,210855.453125,80457,0.0,0.0,-0.004024127346168305
2010-11-01,210855.47556322673,221930.71266351742,207873.68095930232,219800.859375,130862,0.0,0.0,0.04242435335403427
2010-11-02,216819.05494639376,222782.6438840156,216393.08430799222,218522.9375,98022,0.0,0.0,-0.005813998537738896
2010-11-03,218522.9417449422,221078.765625,213411.2939848266,221078.765625,125088,0.0,0.0,0.01169592608556247
2010-11-04,217245.02609165068,224486.52696137235,214689.2022552783,221930.703125,139897,0.0,0.0,0.0038535473888301475
2010-11-05,225338.4706439394,233431.91287878787,223634.58806818182,224912.5,198166,0.0,0.0,0.013435711386542648
2010-11-08,224486.52643762183,224486.52643762183,218522.9375,218522.9375,95539,0.0,0.0,-0.028409103540265712
2010-11-09,220652.79916666666,225338.47636904762,218522.94589285715,223634.59375,69744,0.0,0.0,0.02339185217112516
2010-11-10,218096.96686159846,222356.67324561405,213837.26047758287,218522.9375,201639,0.0,0.0,-0.022857180386475884
2010-11-11,217245.0342987805,219374.8875762195,209577.5625,209577.5625,193182,0.0,0.0,-0.04093563404528189
2010-11-12,213411.27797067902,215541.1310442387,204891.86567644033,207021.71875,122502,0.0,0.0,-0.012195216508446571
2010-11-15,207447.68457620722,215967.09667379275,207447.68457620722,211707.390625,100536,0.0,0.0,0.022633721250563177
2010-11-16,209151.58931587837,222782.65012668917,209151.58931587837,220652.796875,153460,0.0,0.0,0.04225363235355872
2010-11-17,218948.89824766354,229598.1637266355,217245.01577102803,227894.28125,226883,0.0,0.0,0.03281845722128929
2010-11-18,230024.15625,234283.86284722222,229172.21493055555,230024.15625,243169,0.0,0.0,0.009345890508167365
2010-11-19,230876.10170558607,233857.89637706042,226616.39503205128,232579.984375,114051,0.0,0.0,0.011111129225150673
2010-11-22,231302.0635693916,233431.91682509505,219374.88533745246,224060.5625,284610,0.0,0.0,-0.03663007329669321
2010-11-23,222782.65360482284,223208.62426181103,215541.15243602364,216393.09375,264508,0.0,0.0,-0.03422051906167112
2010-11-24,212133.3792782738,218948.9095362103,209151.58479042657,214689.203125,243788,0.0,0.0,-0.007874052704142764
2010-11-25,215541.1324701195,217245.01494023905,210003.51444223107,213837.25,142404,0.0,0.0,-0.0039683091305898754
2010-11-26,214689.18485915492,216819.0378835513,210855.44941524143,211707.390625,119404,0.0,0.0,-0.009960188765053779
2010-11-29,208725.625313755,214689.21460843374,207021.74265813254,212133.390625,55259,0.0,0.0,0.002012211282479859
2010-11-30,211281.453125,213837.2771547379,206595.77573714717,211281.453125,142235,0.0,0.0,-0.004016046212668267
2010-12-01,212559.36939338234,217671.01755514706,209577.57463235292,217245.046875,146824,0.0,0.0,0.02822582702738119
2010-12-02,217671.0092557731,218522.95058358434,208725.625313755,212133.390625,182585,0.0,0.0,-0.02352944899563658
2010-12-03,210855.45162447807,211281.42223382046,200632.15700026095,204039.921875,508395,0.0,0.0,-0.038152733646289905
2010-12-06,204039.92342715233,204039.92342715233,192964.6875,192964.6875,287734,0.0,0.0,-0.054279742283889765
2010-12-07,195520.50555098683,199780.2115542763,193390.6525493421,194242.59375,227835,0.0,0.0,0.006622487598929139
2010-12-08,195094.53759449243,199354.24365550757,195094.53759449243,197224.390625,209603,0.0,0.0,0.01535089095256681
2010-12-09,198928.296875,199780.2381892398,196372.4729322805,198928.296875,151447,0.0,0.0,0.008639429659791809
2010-12-10,198502.31188591704,198928.28251228167,193816.63499590612,195094.546875,175293,0.0,0.0,-0.01927201941717227
2010-12-13,198076.33604307432,198076.33604307432,187001.10004926802,189130.953125,416657,0.0,0.0,-0.030567711120193297
2010-12-14,189130.97291666665,192112.76753472222,187001.11961805556,191686.796875,205593,0.0,0.0,0.01351361957294639
2010-12-15,192112.7613764045,193816.64396067418,187427.08426966294,189556.9375,205586,0.0,0.0,-0.011111142810680374
2010-12-16,187427.06668466522,197224.390625,187427.06668466522,197224.390625,387983,0.0,0.0,0.04044934058401317
2010-12-17,198076.3291529605,200632.1527549342,194242.59375,194242.59375,220651,0.0,0.0,-0.015118803843433115
2010-12-20,191686.7922161697,193390.6748136468,183167.3792287844,185723.203125,301137,0.0,0.0,-0.0438595390461316
2010-12-21,187427.0769457547,188704.9888340212,177203.78183962262,180611.546875,648085,0.0,0.0,-0.027522981318385042
2010-12-22,180611.55303030304,185297.23011363635,167832.43371212122,168684.375,1324630,0.0,0.0,-0.06603770401930453
2010-12-23,172518.0799427599,175073.9033493193,167406.43312964108,172092.109375,857636,0.0,0.0,0.020201837751718354
2010-12-24,170388.2305194805,172944.0539772727,163572.7012987013,163998.671875,578544,0.0,0.0,-0.047029683867514605
2010-12-27,163572.72911392406,171240.20079113924,163572.72911392406,168258.40625,485897,0.0,0.0,0.025974200438932726
2010-12-28,168684.39458955222,173796.04291044775,166980.51181592038,171240.21875,422434,0.0,0.0,0.017721625721151657
2010-12-29,172180.1483011222,173889.1324033666,170898.4102244389,171325.65625,166833,600.0,0.0,0.0004989336069742834
2010-12-30,172607.4256594724,178161.625,170471.1951438849,178161.625,303038,0.0,0.0,0.039900438145848316
2011-01-03,179870.56574577294,179870.56574577294,176025.35175120772,176879.84375,243796,0.0,0.0,-0.007194485625060976
2011-01-04,178588.80788438258,179016.0538362591,170898.38075060534,176452.578125,278453,0.0,0.0,-0.0024155698916372703
2011-01-05,176879.84739963504,176879.84739963504,172607.38731751827,175598.109375,291427,0.0,0.0,-0.004842483794114338
2011-01-06,173889.13372179336,180725.07018260096,170471.16549138955,179870.578125,523503,0.0,0.0,0.024330949605362084
2011-01-07,181152.31721967962,187988.25371853547,180725.07118850114,186706.515625,564784,0.0,0.0,0.03800475637126932
2011-01-10,186706.4879032258,187988.2258064516,182434.02822580645,185424.75,178975,0.0,0.0,-0.006865136016862006
2011-01-11,184143.03943792905,187988.25371853547,180725.07118850114,186706.515625,335255,0.0,0.0,0.0069125919004879854
2011-01-12,189269.97055571934,189697.21653891512,180725.05089180425,181152.296875,369571,0.0,0.0,-0.02974839271895391
2011-01-13,179443.26711491443,180297.75886308067,173461.82487775062,174743.5625,543348,0.0,0.0,-0.03537760484164443
2011-01-14,173461.875,176452.5969827586,171325.64501231528,173461.875,416809,0.0,0.0,-0.00733467649201669
2011-01-17,171752.88814484127,174316.3640873016,161498.984375,161498.984375,921067,0.0,0.0,-0.06896553277197082
2011-01-18,164489.68810250642,169189.39347686374,164062.44215938303,166198.671875,467036,0.0,0.0,0.02910041520191453
2011-01-19,169189.43003731343,172180.15228544775,165344.21571828358,171752.90625,357297,0.0,0.0,0.033419246449679196
2011-01-20,170898.375,173889.0965625,169616.6371875,170898.375,272333,0.0,0.0,-0.004975352491306095
2011-01-21,171325.64501231528,175170.85899014777,167053.1850369458,173461.875,274674,0.0,0.0,0.01500014262862348
2011-01-24,171752.87709330145,179443.30442583733,169616.64727870814,178588.8125,267044,0.0,0.0,0.029556566824842534
2011-01-25,177734.33497536945,179016.0729679803,171752.8910098522,173461.875,317973,0.0,0.0,-0.028708055270819433
2011-01-26,174743.61299261084,175170.85899014777,171752.8910098522,173461.875,187445,0.0,0.0,0.0
2011-01-27,171752.85271139705,174743.57402726717,170471.1150045956,174316.328125,378441,0.0,0.0,0.004925884290135851
2011-01-28,172607.37770356232,173461.86967239185,166625.93392175573,167907.671875,338635,0.0,0.0,-0.03676452067877678
2011-01-31,165344.17938311686,166198.67126623375,161926.21185064933,164489.6875,278837,0.0,0.0,-0.02035633236308909
2011-02-01,164916.9340456298,167907.65564749358,164062.44215938303,166198.671875,190862,0.0,0.0,0.01038961409054906
2011-02-07,166625.95123218527,180725.07018260096,166198.7052033848,179870.578125,641527,0.0,0.0,0.0822624278266364
2011-02-08,182434.02871718036,188842.71825057076,178588.8149971461,187133.734375,846760,0.0,0.0,0.040379901625448245
2011-02-09,186706.4884061073,189697.21018835617,183715.76662385845,187133.734375,295082,0.0,0.0,0.0
2011-02-10,186706.5158730159,193115.20634920636,181152.31746031746,188415.5,499173,0.0,0.0,0.006849463188884242
2011-02-11,191406.22222222222,194824.19047619047,187988.25396825396,188415.5,348681,0.0,0.0,0.0
2011-02-14,189269.9840546697,192260.7061503417,186706.50797266516,187561.0,203226,0.0,0.0,-0.0045351895146630294
2011-02-15,185852.0130208333,192687.94913194442,181152.30694444443,192260.703125,303003,0.0,0.0,0.025056931478292466
2011-02-16,190551.72273489932,195251.4289010067,189697.23070469798,190978.96875,193825,0.0,0.0,-0.006666647703699846
2011-02-17,191833.46420454545,192687.95625000002,182434.05170454548,187988.25,251716,0.0,0.0,-0.01565993768620133
2011-02-18,187133.72122797355,194824.1481277533,184997.4915335903,193969.65625,199960,0.0,0.0,0.031817979315196476
2011-02-21,196105.9178834607,197814.9019173035,191833.45779885372,195678.671875,255574,0.0,0.0,0.008810736988662304
2011-02-22,193115.1438301282,200805.56991185897,192687.89793669872,199951.078125,218486,0.0,0.0,0.02183378601797359
2011-02-23,199951.09939427313,201660.08314977973,190978.93467786344,193969.65625,195168,0.0,0.0,-0.029914426724224508
2011-02-24,196105.90857263512,196105.90857263512,189697.21875,189697.21875,191991,0.0,0.0,-0.02202631887171791
2011-02-25,189269.96754291846,199096.625,187988.2296137339,199096.625,235756,0.0,0.0,0.04954952060940543
2011-02-28,195251.41745022126,200805.61532079647,193115.1875,193115.1875,161855,0.0,0.0,-0.03004288746732897
2011-03-02,191406.18061674008,198669.36157764317,190978.93467786344,193969.65625,148918,0.0,0.0,0.004424658469702081
2011-03-03,196533.15782563025,203796.33974527312,196105.91183035713,203369.09375,198544,0.0,0.0,0.04845828817619502
2011-03-04,205505.32412109376,206787.06210937502,199523.88017578126,205078.078125,214192,0.0,0.0,0.008403363281447529
2011-03-07,203796.33974527312,205932.56972163866,201232.86377363445,203369.09375,115809,0.0,0.0,-0.008333335238095652
2011-03-08,205078.09063136458,209777.796875,202514.6144984725,209777.796875,222553,0.0,0.0,0.031512669928490444
2011-03-09,210632.2660965795,214904.7258551308,208068.7902414487,212341.25,243633,0.0,0.0,0.012219849589360843
2011-03-10,212341.25445094623,214477.484375,210632.2705117032,214477.484375,130301,0.0,0.0,0.01006038334520487
2011-03-11,210632.26259375,214477.4763125,207641.5408125,213622.984375,187245,0.0,0.0,-0.003984101186612077
2011-03-14,210205.03825207468,212768.5143283195,205932.578125,205932.578125,214648,0.0,0.0,-0.03599990081825666
2011-03-15,205078.05555555556,211059.4988425926,190551.69328703705,207641.53125,248028,0.0,0.0,0.008298605012183602
2011-03-16,207641.51763157896,211059.48500000002,201232.8288157895,202941.8125,143905,0.0,0.0,-0.022633808957715384
2011-03-17,198242.1203703704,207641.53125,197814.8744212963,207641.53125,186629,0.0,0.0,0.023157961841894892
2011-03-18,211914.01446280992,211914.01446280992,205505.32450929753,206787.0625,94413,0.0,0.0,-0.0041151148561470174
2011-03-21,205505.3221442886,213622.99599198397,202941.84619238478,213195.75,157220,0.0,0.0,0.03099172367226788
2011-03-22,213622.98487103175,216186.4606894841,209777.77114335317,215331.96875,199627,0.0,0.0,0.01001998749975086
2011-03-23,215331.96875,215331.96875,210632.26308283728,215331.96875,218761,0.0,0.0,0.0
2011-03-24,217468.20950126264,217895.45549242423,211486.765625,211486.765625,127154,0.0,0.0,-0.0178570936183855
2011-03-25,211486.76160804657,213622.99152327934,208496.03972672066,211059.515625,133198,0.0,0.0,-0.0020202209757067546
2011-03-28,209350.5191221766,211486.74890913756,207641.5352926078,208068.78125,135541,0.0,0.0,-0.014170099680858694
2011-03-29,208068.78678125,214477.4763125,207214.29484375,213622.984375,191219,0.0,0.0,0.026694072467923435
2011-03-30,213622.99962197582,216186.47561743952,209777.78562878026,211914.015625,230353,0.0,0.0,-0.007999929197693545
2011-03-31,211059.51253742515,214050.234375,206787.0527694611,214050.234375,202671,0.0,0.0,0.010080592091559648
2011-04-01,214050.24562121977,215331.9836189516,210632.27762726814,211914.015625,162645,0.0,0.0,-0.009979987904416454
2011-04-04,214050.23574561405,227294.86111111112,213622.98976608188,219177.1875,488590,0.0,0.0,0.03427414583022581
2011-04-05,219177.1875,221313.4173976608,216186.46564327486,219177.1875,109179,0.0,0.0,0.0
2011-04-06,218322.69053819444,219177.18247767855,214050.2308407738,215331.96875,143820,0.0,0.0,-0.01754388216155023
2011-04-07,214477.4738258317,218322.6875,212768.4899706458,218322.6875,114431,0.0,0.0,0.013888874779537375
2011-04-08,216613.71681915398,227722.11255346957,215759.22483959125,224731.390625,273945,0.0,0.0,0.029354270041220598
2011-04-11,222167.90811567163,229858.33570429104,222167.90811567163,229003.84375,187397,0.0,0.0,0.019011376706733696
2011-04-12,229858.33012667304,231140.06802700766,223449.640625,223449.640625,135429,0.0,0.0,-0.02425375502021454
2011-04-13,225158.60965703972,236694.25,223449.62590252707,236694.25,269605,0.0,0.0,0.05927335276957324
2011-04-14,234558.05450182816,237976.02250914075,231994.5784963437,233703.5625,202012,0.0,0.0,-0.012635235118723886
2011-04-15,233276.321484375,246093.70178571428,233276.321484375,239257.765625,307322,0.0,0.0,0.023766018222336704
2011-04-18,244811.95787693298,249511.66387457045,240112.25187929554,248657.171875,185155,0.0,0.0,0.0392856893294411
2011-04-19,245239.203125,249511.66310975607,241393.9891387195,245239.203125,147877,0.0,0.0,-0.013745707490464887
2011-04-20,246948.19759874328,249511.6736983842,234130.8171005386,237976.03125,315083,0.0,0.0,-0.029616683558125523
2011-04-21,237976.00989130436,246093.68347826088,232421.81217391306,245666.4375,277791,0.0,0.0,0.03231588580415079
2011-04-22,241393.98987865122,248657.171875,241393.98987865122,248657.171875,159725,0.0,0.0,0.012173964036092721
2011-04-25,246948.2000212224,255493.12043718167,245239.21593803057,251647.90625,135599,0.0,0.0,0.012027541182296764
2011-04-26,251647.90625,251647.90625,247802.69206281833,251647.90625,110052,0.0,0.0,0.0
2011-04-27,251647.89991629464,251647.89991629464,233703.56749441964,239257.765625,463735,0.0,0.0,-0.04923601713852921
2011-04-28,238830.49702102804,240966.72686915888,226440.36390186916,228576.59375,632286,0.0,0.0,-0.04464294752188358
2011-04-29,229858.32060185185,244811.92881944447,229431.07465277778,242248.453125,354868,0.0,0.0,0.05981303313126296
2011-05-02,244384.725,246948.20113636364,234985.3125,234985.3125,278182,0.0,0.0,-0.029982196093744418
2011-05-03,233703.52235704786,240966.703125,231567.2927194149,240966.703125,173782,0.0,0.0,0.025454316958639644
2011-05-04,244811.96751570917,244811.96751570917,233703.57108393178,237976.03125,141011,0.0,0.0,-0.012411141606766374
2011-05-06,234558.0428546989,239684.99461108577,230712.82903740875,234130.796875,121463,0.0,0.0,-0.016158074217821006
2011-05-09,233276.3228379017,234130.81486294896,223022.4185373346,226013.140625,159739,0.0,0.0,-0.03467145868184929
2011-05-11,228576.61670014178,229431.10872518903,223876.91056238185,226013.140625,145176,0.0,0.0,0.0
2011-05-12,223022.39867604963,229858.33426765268,223022.39867604963,223876.890625,102542,0.0,0.0,-0.009451884054584525
2011-05-13,224731.38098526705,231994.5625,223876.88904235727,231994.5625,106149,0.0,0.0,0.03625953465915033
2011-05-16,237976.01962925628,245666.4475526434,231994.5756888441,238403.265625,346062,0.0,0.0,0.027624367812499884
2011-05-17,237976.0501326107,241394.01853666973,226440.40676891143,231567.359375,292138,0.0,0.0,-0.02867371062254087
2011-05-18,231994.55740870786,231994.55740870786,223876.8841292135,228149.34375,222268,0.0,0.0,-0.01476035152028865
2011-05-19,225158.61395420792,227722.08963490097,215331.95717821782,215759.203125,246433,0.0,0.0,-0.054307149963038204
2011-05-20,213195.72463989258,219604.41375732422,210205.0030517578,218749.921875,129129,0.0,0.0,0.013861372802101757
2011-05-23,215331.96875,218749.9365079365,213622.98487103175,215331.96875,82808,0.0,0.0,-0.015624934151762249
2011-05-24,214477.4624633789,224304.11911010742,213195.72463989258,218749.921875,100391,0.0,0.0,0.015872947917771718
2011-05-25,219177.2077047414,225585.89798850575,215759.2395534004,223022.421875,125691,0.0,0.0,0.019531435546941367
2011-05-26,226440.37861717268,230712.8385910816,224304.14863021823,225158.640625,114869,0.0,0.0,0.009578493193824755
2011-05-27,223022.42386363636,235839.80454545456,222595.1778409091,234985.3125,161984,0.0,0.0,0.04364332564685469
2011-05-30,234985.3125,237121.54261363638,231140.09829545455,234985.3125,110819,0.0,0.0,0.0
2011-05-31,234985.32494469028,241394.015625,233276.34076327435,241394.015625,192930,0.0,0.0,0.027272781676514368
2011-06-01,240966.74898097827,241393.99498980978,234558.05884850543,235839.796875,106829,0.0,0.0,-0.023008933074083915
2011-06-02,234558.0203068592,240539.46344765343,233703.52842960288,236694.25,99320,0.0,0.0,0.003623023494431221
2011-06-03,234558.05951450893,242248.4876953125,234558.05951450893,239257.765625,103618,0.0,0.0,0.010830493875537694
2011-06-07,239257.71941489363,246948.14611037233,234985.26013962764,240966.703125,149036,0.0,0.0,0.007142662623868645
2011-06-08,243530.22572544642,246093.70178571428,237548.78158482144,239257.765625,134547,0.0,0.0,-0.007092006811885154
2011-06-09,240539.51511824326,245239.2214527027,237121.546875,237121.546875,146417,0.0,0.0,-0.008928524198241528
2011-06-10,240966.75336624775,246520.95158213645,235839.8011669659,237976.03125,194103,0.0,0.0,0.0036035711906452494
2011-06-13,237976.01962925628,238403.265625,230712.8377016129,238403.265625,120425,0.0,0.0,0.0017952832172043465
2011-06-14,238403.23375451265,243102.9390794224,235412.51218411553,236694.25,95355,0.0,0.0,-0.007168591506159228
2011-06-15,239257.7649456522,242248.48700747284,235412.5508661685,235839.796875,145755,0.0,0.0,-0.0036099445804027575
2011-06-16,232849.07049817184,237121.53050731262,230712.84049360146,233703.5625,117020,0.0,0.0,-0.00905798937798552
2011-06-17,236266.99792220743,240966.703125,233276.27642952127,240966.703125,110630,0.0,0.0,0.031078433496280145
2011-06-20,241821.22414723661,247375.421875,240966.73218911915,247375.421875,127063,0.0,0.0,0.026595868503357156
2011-06-21,250366.14372841103,253784.11156088082,243530.20806347148,247375.421875,176707,0.0,0.0,0.0
2011-06-22,250793.3721064815,251220.61805555556,240112.22337962964,242248.453125,129406,0.0,0.0,-0.0207254573277319
2011-06-23,243530.19097222225,245239.17476851854,238830.48553240742,242248.453125,93850,0.0,0.0,0.0
2011-06-24,242248.49488636365,246093.7090909091,234985.3125,234985.3125,239992,0.0,0.0,-0.029982196093744418
2011-06-27,235839.7581227437,236694.25,230285.5609205776,236694.25,126983,0.0,0.0,0.007272529001147721
2011-06-28,239257.72563176896,240112.21750902527,236267.00406137184,236694.25,90850,0.0,0.0,0.0
2011-06-29,239257.76628521128,243530.2263974472,237121.53622909333,242675.734375,103803,0.0,0.0,0.02527093233147837
2011-06-30,243102.9738777921,250366.1558741409,242675.72787800687,248657.171875,126331,0.0,0.0,0.024647859891739454
2011-07-01,248657.19859402458,251220.6748681898,242675.75395430578,243103.0,127466,0.0,0.0,-0.022336664706345544
2011-07-04,245239.2578125,249938.96484375,243103.02734375,249511.71875,112894,0.0,0.0,0.0263621541075183
2011-07-05,246948.18787585912,252502.38587306702,246948.18787585912,248657.171875,76923,0.0,0.0,-0.003424876712328717
2011-07-06,247802.69234822932,253784.13664629005,245666.46224177908,253356.890625,104614,0.0,0.0,0.018900394927529263
2011-07-07,254638.61100898692,264465.2688163807,253784.1190257353,261474.546875,259605,0.0,0.0,0.03204040051949941
2011-07-08,266174.2727365416,268310.5028548124,259338.33635807503,261901.8125,183771,0.0,0.0,0.0016340620152379692
2011-07-11,264892.489,268310.4566,262329.0133,267028.71875,109893,0.0,0.0,0.019575680676131357
2011-07-12,263183.57038834953,266601.53883495147,260620.09405339806,264038.0625,88993,0.0,0.0,-0.011199755082523355
2011-07-13,261901.77627952758,273437.41732283466,260620.03838582677,271301.1875,122664,0.0,0.0,0.02750787114263109
2011-07-14,274719.17950468016,276000.9175117005,268737.7354719189,273864.6875,121723,0.0,0.0,0.009448908143831813
2011-07-15,274291.9143051242,276855.39013975154,270446.7005531832,275146.40625,57534,0.0,0.0,0.004680116891667474
2011-07-18,272155.7141719745,273864.6982484076,268310.5,268310.5,77071,0.0,0.0,-0.02484461397540061
2011-07-19,270019.4925548589,274719.1989126175,270019.4925548589,272582.96875,58909,0.0,0.0,0.01592359877828109
2011-07-20,273437.3939393939,284118.5421401515,273437.3939393939,281982.3125,92358,0.0,0.0,0.0344825056132565
2011-07-21,285827.54338727676,290527.2488839286,278991.60811941966,287109.28125,129717,0.0,0.0,0.018181880645439463
2011-07-22,287963.76501865673,296081.43791977613,282836.8137126866,286254.78125,173530,0.0,0.0,-0.0029762186589012973
2011-07-25,287109.2801204819,287109.2801204819,281555.0827371988,283691.3125,99403,0.0,0.0,-0.008955199765768085
2011-07-26,289672.8074886536,290100.0535173979,269164.9981089259,282409.625,251036,0.0,0.0,-0.00451789478044029
2011-07-27,278991.60356445314,282409.5711425781,270019.438671875,273437.40625,206087,0.0,0.0,-0.031770230033767444
2011-07-28,270019.4476923077,277709.875,267455.97192307696,277709.875,197248,0.0,0.0,0.015625033928583054
2011-07-29,277709.875,283264.0725,275573.6451923077,277709.875,125566,0.0,0.0,0.0
2011-08-01,281127.8621522411,284973.0760722566,276000.91025888716,276428.15625,87574,0.0,0.0,-0.00461531571392626
2011-08-02,273437.46081504703,276428.1830427116,265747.0322296238,272582.96875,151775,0.0,0.0,-0.013910259910435596
2011-08-03,268310.48630401236,281982.3582175926,262329.042341821,276855.40625,208596,0.0,0.0,0.01567389745438752
2011-08-04,276855.3932496075,281982.3449764521,270873.94956828887,272155.6875,140108,0.0,0.0,-0.016975354802196474
2011-08-05,260192.80013736265,279418.8691130298,244811.94495682887,272155.6875,245938,0.0,0.0,0.0
2011-08-08,267883.21064999996,273437.408,250793.37265,267028.71875,159339,0.0,0.0,-0.01883836710191844
2011-08-09,257629.34236584327,261474.55643100513,244384.71614139696,250793.40625,251102,0.0,0.0,-0.06079987417083765
2011-08-10,263183.5543032787,265747.03048155736,252075.15753073772,260620.078125,276861,0.0,0.0,0.039182337454296556
2011-08-11,255065.8728326613,271301.2215221774,253784.1347782258,264892.53125,221158,0.0,0.0,0.016393415103462594
2011-08-12,268737.69724025973,269164.9431818182,257202.0568181818,263183.5,243699,0.0,0.0,-0.006451791003450613
2011-08-16,269165.0039619651,271728.4801901743,263183.559429477,269592.25,106949,0.0,0.0,0.02435088065931179
2011-08-17,273010.1743645675,288391.02925834595,272582.9283952959,281555.09375,213959,0.0,0.0,0.04437384142162837
2011-08-18,290527.2619047619,305053.625,287536.5400910364,305053.625,353303,0.0,0.0,0.08345979799912606
2011-08-19,303344.615625,310180.55062500003,292236.22125,299072.15625,306223,0.0,0.0,-0.01960792549178858
2011-08-22,299072.19377897994,301635.6697256569,270873.95836553327,276428.15625,252537,0.0,0.0,-0.07571416973056988
2011-08-23,277709.8505434783,284973.03125,263610.73505434784,284973.03125,200346,0.0,0.0,0.03091173893397481
2011-08-24,286682.01224035607,292236.209198813,278137.0938427299,287963.75,158346,0.0,0.0,0.010494743088079517
2011-08-25,287109.2944785276,292663.49213957053,272582.93136503064,278564.375,131714,0.0,0.0,-0.03264082718744976
2011-08-26,280700.59673076926,285400.3023076923,268310.46384615387,277709.875,119526,0.0,0.0,-0.0030675135684525845
2011-08-29,280273.336858006,284973.0422016616,274719.1396336858,282836.8125,137898,0.0,0.0,0.018461487910719665
2011-08-30,284973.0832261029,294372.4952665441,281127.8692095588,290527.28125,178436,0.0,0.0,0.027190480199602796
2011-08-31,290527.2335479256,300353.8899767525,288818.24982117314,298644.90625,136720,0.0,0.0,0.027941007691510977
2011-09-01,303771.86189069424,303771.86189069424,286682.0243722304,289245.5,200597,0.0,0.0,-0.03147351939808951
2011-09-02,289245.5590734649,293945.2653508772,286682.0829221491,292236.28125,121941,0.0,0.0,0.010339940465798003
2011-09-05,287536.51624815364,296935.9268833087,286682.0243722304,289245.5,132070,0.0,0.0,-0.010234120271471303
2011-09-06,292236.22156573116,292236.22156573116,281982.3190546529,289245.5,119661,0.0,0.0,0.0
2011-09-07,290100.0697368421,295654.2684210526,277709.9342105263,284118.625,193123,0.0,0.0,-0.017724994857309828
2011-09-08,286254.81728645065,293090.7532216495,285827.57129050075,290100.03125,132410,0.0,0.0,0.021052496118478592
2011-09-09,289245.5159615385,289245.5159615385,277709.875,277709.875,153238,0.0,0.0,-0.04270994455468535
2011-09-14,279846.15491283673,282409.63114104595,269592.25,269592.25,140544,0.0,0.0,-0.029230595419050154
2011-09-15,274291.9064821694,290100.0070115156,269592.2009193908,287536.53125,161017,0.0,0.0,0.06656082009034003
2011-09-16,288818.2552919708,299926.64972627733,285400.2877737226,292663.46875,150124,0.0,0.0,0.017830560442917642
2011-09-19,288391.03125,292236.245,284973.06347222225,288391.03125,96723,0.0,0.0,-0.014598465323492849
2011-09-20,290954.48375184636,291808.97562776954,285827.5324963072,289245.5,112802,0.0,0.0,0.00296288253589716
2011-09-21,287963.797289823,296935.96308075223,286682.0593196903,289672.78125,126475,0.0,0.0,0.0014772269577227881
2011-09-22,286254.82123161765,294799.74126838235,280273.37720588234,290527.28125,137703,0.0,0.0,0.0029498801934813024
2011-09-23,290527.22283406754,291381.71466593246,279846.0749357562,290954.46875,203811,0.0,0.0,0.0014703868709404766
2011-09-26,299072.12000739644,299926.6117788461,284118.5140070266,288818.21875,218565,0.0,0.0,-0.007342214089983812
2011-09-27,291808.97562776954,293517.95937961596,283264.0568685377,289245.5,131857,0.0,0.0,0.0014794123855803587
2011-09-28,289245.5098832831,289672.7558358434,283691.3125,283691.3125,129805,0.0,0.0,-0.019202329854742795
2011-09-29,287109.3027522936,288391.0407110092,277282.64506880735,279418.875,118212,0.0,0.0,-0.015060163324528975
2011-09-30,280273.32344213646,287963.75,278564.33976261126,287963.75,143731,0.0,0.0,0.03058087969182477
2011-10-04,287109.31506849313,287536.56107305933,272582.950913242,280700.625,162281,0.0,0.0,-0.02522235871702605
2011-10-05,281982.34399841016,283691.32790143084,268737.71875,268737.71875,106546,0.0,0.0,-0.04261802498658496
2011-10-06,274291.8999,275146.3918,257202.0619,267028.71875,198849,0.0,0.0,-0.006359360375421841
2011-10-07,267456.00735887093,272582.9595766129,259765.57903225804,264892.53125,161064,0.0,0.0,-0.007999841777318162
2011-10-10,264892.4806501548,277709.85874613,264892.4806501548,276000.875,127278,0.0,0.0,0.04193528484016107
2011-10-11,281982.29355203616,287109.2443438914,278564.32635746605,283264.03125,154879,0.0,0.0,0.02631570008609585
2011-10-12,283264.0214815485,297790.3815575253,281982.2838277858,295226.90625,130377,0.0,0.0,0.042232241584678754
2011-10-13,295226.888903417,307189.7729689679,294372.3971844491,306335.28125,171211,0.0,0.0,0.037626567107651665
2011-10-14,304199.145862069,314025.80366379314,300353.93193965516,309753.34375,114315,0.0,0.0,0.01115791327088611
2011-10-17,313598.5334166667,324706.92833333334,309753.3197916667,320434.46875,129109,0.0,0.0,0.03448267860708132
2011-10-18,320861.70540540543,329833.8702702703,312316.7864864865,316162.0,145948,0.0,0.0,-0.013333361940326527
2011-10-19,323425.2346829829,325134.21875,312316.8382473719,325134.21875,74312,0.0,0.0,0.028378548813582816
2011-10-20,325134.18872798106,325561.43470528454,313598.5473407859,315307.53125,68802,0.0,0.0,-0.03022347982251561
2011-10-21,320434.52228483604,320434.52228483604,307617.14139344264,312744.09375,71387,0.0,0.0,-0.008129959629690875
2011-10-24,313171.24639900663,322570.65625,305908.06605960266,322570.65625,93694,0.0,0.0,0.0314204574806618
2011-10-25,317016.49479877215,320434.46239768073,308044.32985163707,313171.28125,122318,0.0,0.0,-0.029138964806257106
2011-10-26,316162.07829301077,320434.5388104839,309753.38751680107,317871.0625,68476,0.0,0.0,0.015007063327266756
2011-10-27,317870.9989809783,320007.22881283966,310180.57158627716,314453.03125,100320,0.0,0.0,-0.010752885849746097
2011-10-28,314453.0698630137,317871.0380136986,299926.7052226027,311889.59375,194231,0.0,0.0,-0.00815205211986647
2011-10-31,306335.3496177098,311889.5470305832,300353.90625,300353.90625,121576,0.0,0.0,-0.03698644562423781
2011-11-01,304199.1116262482,305053.6035128388,295654.1927603423,299499.40625,99229,0.0,0.0,-0.002844977149352501
2011-11-02,299072.1603067047,305908.0953994294,293090.7171005706,299499.40625,134197,0.0,0.0,0.0
2011-11-03,299926.6517610497,309753.3084426796,296508.68421961326,309326.0625,89227,0.0,0.0,0.03281026955291333
2011-11-04,311035.09837177745,315734.8045284939,306762.638229308,314880.3125,130866,0.0,0.0,0.017955971621369526
2011-11-07,314880.2362689394,315307.482179752,308471.5476067493,310180.53125,67525,0.0,0.0,-0.014925611616318557
2011-11-08,309753.3307072829,311889.5605742297,303344.64110644255,305053.625,81431,0.0,0.0,-0.01652878157548776
2011-11-09,307189.8062332888,319579.9375,306762.5603275401,319579.9375,162457,0.0,0.0,0.047618881762181875
2011-11-10,313598.55844740634,316162.0344020173,277709.89508285304,296508.71875,308598,0.0,0.0,-0.0721923251205342
2011-11-11,299072.1963028169,303344.65625,284545.83248239435,303344.65625,217656,0.0,0.0,0.023054760510309524
2011-11-14,298644.9119069343,303771.86318430654,292663.46875,292663.46875,220755,0.0,0.0,-0.035211391662680724
2011-11-15,289672.7569754464,294799.70842633926,286682.0352957589,287109.28125,103579,0.0,0.0,-0.018978068987299923
2011-11-16,288818.26726017444,297363.1864098837,284973.05364280526,293945.21875,131847,0.0,0.0,0.023809531584064736
2011-11-17,296081.4462890625,296081.4462890625,286254.78934151784,287109.28125,117011,0.0,0.0,-0.023255821370627427
2011-11-18,281127.8894004702,281982.3814655172,265319.7861971003,272582.96875,267313,0.0,0.0,-0.050595064139884904
2011-11-21,270873.95836553327,278991.632196677,264892.51448995364,276428.15625,137635,0.0,0.0,0.014106484780149975
2011-11-22,272582.92346153845,281127.8426923077,269592.20173076924,277709.875,90571,0.0,0.0,0.004636715620390142
2011-11-23,276000.93701018806,277282.6751077586,269592.2465223354,272582.96875,66969,0.0,0.0,-0.018461375383212464
2011-11-24,271728.47668495297,281127.8894004702,269592.2465223354,272582.96875,76173,0.0,0.0,0.0
2011-11-25,272582.94946697325,272582.94946697325,255493.10937500003,255493.109375,246001,0.0,0.0,-0.06269599107152579
2011-11-28,253356.85500807755,265746.98788368335,253356.85500807755,264465.25,115339,0.0,0.0,0.035116957349448974
2011-11-29,267883.1984023312,274291.8873593247,264037.98502813507,265746.96875,122905,0.0,0.0,0.004846454307323889
2011-11-30,261474.57018442624,263183.5543032787,254638.6337090164,260620.078125,212161,0.0,0.0,-0.019292376688680446
2011-12-01,270019.44039999996,270019.44039999996,258911.0457,267028.71875,210298,0.0,0.0,0.0245899727722676
2011-12-02,265319.7604810665,279418.8781877898,265319.7604810665,276428.15625,156356,0.0,0.0,0.035200099614753455
2011-12-05,280700.585639313,281127.83158396947,273437.4045801527,279846.09375,85574,0.0,0.0,0.012364650353883677
2011-12-06,278991.632196677,279846.12417890265,269592.22039219475,276428.15625,78633,0.0,0.0,-0.012213633051649464
2011-12-07,277709.8942233385,280700.6161611283,271301.20435664605,276428.15625,61442,0.0,0.0,0.0
2011-12-08,273864.6714089482,276428.14727237046,270873.94956828887,272155.6875,67112,0.0,0.0,-0.015455982516252798
2011-12-09,268310.4993951613,273437.4516129032,264038.03921370965,264892.53125,77410,0.0,0.0,-0.026687504923078254
2011-12-12,268737.71875,270446.7026530207,264892.5049682035,268737.71875,67472,0.0,0.0,0.014516028375186618
2011-12-13,268310.4920127795,272582.9520766773,265319.7699680511,267456.0,59063,0.0,0.0,-0.00476940399718262
2011-12-14,264892.5303248355,269164.99049136514,258483.8400750411,259765.578125,84742,0.0,0.0,-0.02875397027922355
2011-12-15,254638.6150914634,258911.0750762195,243530.21913109755,245239.203125,227373,0.0,0.0,-0.05592109279779123
2011-12-16,243530.17328070934,252075.09164143598,241393.94369052767,246948.140625,154694,0.0,0.0,0.006968451529052455
2011-12-19,246948.1754347826,250366.14326086958,236267.02597826088,245666.4375,150831,0.0,0.0,-0.005190171190421422
2011-12-20,246093.7223198594,249084.4446397188,242248.5079086116,243103.0,82340,0.0,0.0,-0.010434626423074134
2011-12-21,249938.9571496212,257629.38660037878,247802.72674663298,253784.171875,113079,0.0,0.0,0.04393681639058333
2011-12-22,254211.32066582915,260192.76350502513,251220.59924623117,255065.8125,80325,0.0,0.0,0.0050501204055832805
2011-12-23,255065.8526565074,260192.8044686985,254638.60667215814,259338.3125,99389,0.0,0.0,0.01675057883345299
2011-12-26,259338.29282693894,260192.7847308168,253356.84949979372,258911.046875,47867,0.0,0.0,-0.0016475221916931737
2011-12-27,257202.1045203735,261474.56472835314,247802.69206281833,251647.90625,108823,0.0,0.0,-0.02805264863227941
2011-12-28,254222.25235552763,255506.203125,249942.41645728642,255506.203125,48551,507.6,0.0,0.015332123888871063
2011-12-29,254222.31128048783,265349.88719512196,251654.40914634147,263209.96875,119099,0.0,0.0,0.03015099254256115
2012-01-02,260214.04537953794,264921.8652794967,255934.20910684817,259358.078125,63951,0.0,0.0,-0.014634288523694083
2012-01-03,258502.12281613977,264065.9102277454,255506.23728681364,257218.171875,115913,0.0,0.0,-0.00825077925264639
2012-01-04,259358.14477040817,259786.12850765308,251226.45376275512,251654.4375,116953,0.0,0.0,-0.02163040944752459
2012-01-05,252510.3644891501,252510.3644891501,235819.00141274862,236674.96875,371625,0.0,0.0,-0.05952396031164764
2012-01-06,236674.97817095587,240526.83134191175,231967.15762867648,232823.125,285404,0.0,0.0,-0.01627482521849921
2012-01-09,235391.02430555556,236246.99166666667,230683.20381944446,231111.1875,177794,0.0,0.0,-0.007352953019593711
2012-01-10,231539.15158498203,240098.82447167268,230683.18429631297,237958.90625,140447,0.0,0.0,0.029629542490235306
2012-01-11,238814.88494318182,238814.88494318182,234963.03196022726,235391.015625,122105,0.0,0.0,-0.010791319667195709
2012-01-12,234535.02019404332,238814.85632897113,233251.069353565,237102.921875,109119,0.0,0.0,0.007272606583792696
2012-01-13,239242.89721550967,244378.70180689805,237102.9786357645,243522.734375,147227,0.0,0.0,0.027076058149061888
2012-01-16,243094.71731448764,243094.71731448764,234107.0605123675,242238.75,153953,0.0,0.0,-0.00527254417660572
2012-01-17,245662.58599290779,246518.55319148934,237958.88120567374,241382.75,203005,0.0,0.0,-0.003533703835575386
2012-01-18,241382.79408482142,244378.67982700892,235819.0062779018,239670.859375,137904,0.0,0.0,-0.007092017242325777
2012-01-19,241382.74999999997,243950.65159574465,240098.79920212764,241382.75,118379,0.0,0.0,0.0071426732038437635
2012-01-20,240526.7955572289,249942.43524096385,240526.7955572289,248658.484375,197040,0.0,0.0,0.030141898602944917
2012-01-25,248230.5525442478,249514.50367809736,241382.8131637168,241810.796875,142715,0.0,0.0,-0.02753852343792562
2012-01-26,244806.6435546875,249086.47998046875,243950.67626953125,246518.578125,141178,0.0,0.0,0.019468862891319105
2012-01-27,249086.44463832487,255506.19836611676,246518.54314720814,252938.296875,157745,0.0,0.0,0.02604152108464941
2012-01-30,252510.4049744898,252510.4049744898,247802.58386479592,251654.4375,81369,0.0,0.0,-0.005075780895427151
2012-01-31,252082.390625,255078.27642190154,245662.63534592532,252082.390625,125550,0.0,0.0,0.0017005586281386709
2012-02-01,252082.39268369935,255506.26219383447,248230.5394847973,253366.34375,95549,0.0,0.0,0.005093386816177992
2012-02-02,252510.38182409012,255078.2840121317,243094.7404679376,246946.59375,258918,0.0,0.0,-0.025337816795171664
2012-02-03,246946.57841815197,246946.57841815197,226831.3458606942,228115.296875,547558,0.0,0.0,-0.07625655648469543
2012-02-06,231111.1505126953,231111.1505126953,217843.65853881836,219127.609375,353370,0.0,0.0,-0.039399758030803866
2012-02-07,222551.50568181818,228115.29332386362,220839.57102272726,225975.375,236493,0.0,0.0,0.031250127012891316
2012-02-08,223407.49763607013,237102.97641835795,223407.49763607013,231967.171875,279309,0.0,0.0,0.026515264661027826
2012-02-09,231967.11851308667,237102.921875,231539.13489959386,237102.921875,167674,0.0,0.0,0.022139986268261636
2012-02-10,239242.875,239670.8586762075,235391.02191413238,239242.875,141020,0.0,0.0,0.00902541861600592
2012-02-13,235391.0205341113,245234.64502917413,235391.0205341113,238386.90625,194039,0.0,0.0,-0.0035778233730053843
2012-02-14,238386.95175107758,249514.5293911638,237103.0004849138,248230.578125,194916,0.0,0.0,0.041292837890503975
2012-02-15,247374.5838114754,264493.93217213114,242666.76301229506,261070.0625,389467,0.0,0.0,0.05172402397795839
2012-02-16,261070.03034497445,263209.94862649066,247802.5369995741,251226.40625,247685,0.0,0.0,-0.03770503655508184
2012-02-17,252082.37548649267,257646.16306089744,233251.0944654304,233679.078125,555428,0.0,0.0,-0.06984667092494379
2012-02-20,234535.0454441392,235818.99642284797,229827.22518887362,233679.078125,297911,0.0,0.0,0.0
2012-02-21,234535.03709532376,238814.87353866908,233679.06980665468,237958.90625,143198,0.0,0.0,0.018314982065748442
2012-02-22,236246.9885752688,240954.80899977597,234963.0375504032,238814.890625,120448,0.0,0.0,0.0035971941058625667
2012-02-23,239670.8348540146,239670.8348540146,231967.12944799272,234535.03125,123948,0.0,0.0,-0.017921241693929613
2012-02-24,235819.02528251847,237958.94384225094,231111.204451107,231967.171875,108932,0.0,0.0,-0.010948724211108707
2012-02-27,231111.164504717,232395.11541863208,226831.328125,226831.328125,117026,0.0,0.0,-0.022140390420277045
2012-02-28,226831.30848623853,233679.04610091745,226831.30848623853,233251.0625,86339,0.0,0.0,0.02830179776341235
2012-02-29,234107.03658055054,239670.82355595668,232823.08574007222,237102.921875,136872,0.0,0.0,0.01651379133589148
2012-03-02,238814.890625,240526.8253248208,233251.10285058242,238814.890625,138352,0.0,0.0,0.007220361252665342
2012-03-05,241810.7634564057,243094.7144128114,238814.87789145907,240526.8125,128226,0.0,0.0,0.007168405079430951
2012-03-06,242238.777907754,242238.777907754,236674.9897225936,240098.859375,75161,0.0,0.0,-0.0017792325127994335
2012-03-07,237530.91020331325,249086.46799698795,234107.04122740965,248658.484375,182451,0.0,0.0,0.03565041925764034
2012-03-08,252938.36272905758,253366.34642233857,244378.68886343803,245234.65625,212923,0.0,0.0,-0.013769198881774525
2012-03-09,247374.57471640487,249086.50948952878,242238.77039703313,245234.65625,131074,0.0,0.0,0.0
2012-03-12,247802.5039893617,248230.48758865247,240954.7664007092,241382.75,92085,0.0,0.0,-0.015707022444956698
2012-03-13,243950.6748148955,248230.51121515682,243950.6748148955,245662.609375,174849,0.0,0.0,0.017730593321187982
2012-03-14,249086.42366293533,260213.99585406305,246518.5223880597,258074.078125,293943,0.0,0.0,0.05052241682841574
2012-03-15,260214.1003236246,268345.79095873784,259786.11660598704,264493.9375,300964,0.0,0.0,0.02487603335306887
2012-03-16,262353.99653063325,264493.91493626643,255078.27395148028,260214.078125,163302,0.0,0.0,-0.016181313702133493
2012-03-19,258502.15490033224,263637.9593023256,253794.334198505,257646.1875,128146,0.0,0.0,-0.009868377005207485
2012-03-20,260214.078125,261498.02916837996,254650.29027035364,260214.078125,111005,0.0,0.0,0.009966732478818408
2012-03-21,259786.1266758675,272625.6387026814,257646.20800473186,271341.6875,226071,0.0,0.0,0.04276328727170009
2012-03-22,273053.56396484375,278189.36767578125,271341.62939453125,273909.53125,254975,0.0,0.0,0.009463506229576257
2012-03-23,272197.645766129,272625.6294858871,265349.90625,265349.90625,210850,0.0,0.0,-0.03124982530157938
2012-03-26,267917.7423904221,268345.7260044643,256790.1684253247,263637.90625,265469,0.0,0.0,-0.006451858318679893
2012-03-27,266205.80406096566,266633.7876687807,255506.2138655892,261497.984375,194824,0.0,0.0,-0.008116897548756774
2012-03-28,263637.9107717042,267489.7633641479,260214.0418006431,266205.8125,116871,0.0,0.0,0.018003305594312957
2012-03-29,266205.8670081967,266633.8507172131,259358.12766393443,261070.0625,114621,0.0,0.0,-0.019292403692349858
2012-03-30,261497.9909223706,263209.92539649416,254222.26940734556,256362.1875,165219,0.0,0.0,-0.018032994495491006
2012-04-02,259786.04670055822,268345.71875,256790.16148325359,268345.71875,127879,0.0,0.0,0.04674453501454856
2012-04-03,268345.7785413323,273053.599217496,266633.84375,266633.84375,140961,0.0,0.0,-0.006379363933861959
2012-04-04,268773.75530179444,268773.75530179444,261070.0489396411,262354.0,96727,0.0,0.0,-0.016051389762857138
2012-04-05,265349.8899922118,274765.53125,265349.8899922118,274765.53125,190038,0.0,0.0,0.0473083362555935
2012-04-06,274765.48662790697,280757.2573643411,271341.61763565894,276049.4375,159605,0.0,0.0,0.004672734036758941
2012-04-09,273909.55555555556,276905.44131944445,269201.73506944446,269629.71875,101422,0.0,0.0,-0.023255684953170763
2012-04-10,272625.6387026814,274337.5736395899,266205.88268927444,271341.6875,107374,0.0,0.0,0.006349332551087716
2012-04-12,272197.59957298136,276477.43604425463,270485.66498447204,275621.46875,112921,0.0,0.0,0.015772663940552878
2012-04-13,277761.4020217729,277761.4020217729,271769.63063763606,275193.5,90541,0.0,0.0,-0.0015527409818288929
2012-04-16,272197.62083333335,272197.62083333335,267917.7840277778,269629.71875,66710,0.0,0.0,-0.020217705905117622
2012-04-17,267917.8111979167,274337.5670572917,267061.84375,267061.84375,77118,0.0,0.0,-0.009523709077414177
2012-04-18,269201.7583940129,270057.725829288,262354.0189118123,264493.9375,138217,0.0,0.0,-0.009615399242146494
2012-04-19,266633.8574092742,272197.645766129,264921.92253024195,265349.90625,116012,0.0,0.0,0.0032362509254111327
2012-04-20,266633.8202614379,267489.7875816994,258074.14705882355,261926.0,82390,0.0,0.0,-0.01290336333028197
2012-04-23,264493.8968491736,264921.8805010331,258502.12572314052,258930.109375,87531,0.0,0.0,-0.011437927601689046
2012-04-24,256790.21186440677,261926.01610169493,247802.55444915255,252510.375,145249,0.0,0.0,-0.024793309632841876
2012-04-25,254650.31098967488,255078.2947056239,240954.8320793058,243522.734375,267908,0.0,0.0,-0.035593153845658865
2012-04-26,243094.72879464287,243522.7124720982,234535.0552455357,239670.859375,197278,0.0,0.0,-0.01581731171788059
2012-04-27,239670.81697952218,250798.390625,238386.86617427474,250798.390625,177313,0.0,0.0,0.04642838632538693
2012-04-30,250370.40702325085,255078.22664249144,245234.6038022611,250798.390625,139631,0.0,0.0,0.0
2012-05-02,250798.44565217392,251226.42934782608,235819.01630434784,236247.0,350244,0.0,0.0,-0.05802027113785435
2012-05-03,237958.91472069596,241810.76765682234,228971.25786973443,233679.078125,301257,0.0,0.0,-0.010869648609294513
2012-05-04,234963.0207396583,239242.85718300362,230683.18429631297,237958.90625,158985,0.0,0.0,0.018314982065748442
2012-05-07,237958.91544789763,240526.8174131627,231539.16053473493,234107.0625,112715,0.0,0.0,-0.01618701233209252
2012-05-08,235819.0042078097,240098.84094479354,235391.0205341113,238386.90625,84034,0.0,0.0,0.018281566153092843
2012-05-09,239242.875,240098.84235241503,234107.07088550983,239242.875,95574,0.0,0.0,0.0035906701566164045
2012-05-10,239242.8373193958,245662.59145140104,239242.8373193958,244378.640625,171595,0.0,0.0,0.02146674430743234
2012-05-11,245234.64718191966,245234.64718191966,235819.0062779018,239670.859375,152091,0.0,0.0,-0.019264291011521384
2012-05-14,236246.97261663285,237102.9399087221,209711.98656186613,210995.9375,694026,0.0,0.0,-0.1196429217543461
2012-05-15,205432.13782696176,218271.64644114688,199012.3835198692,212707.859375,609693,0.0,0.0,0.008113530029458582
2012-05-16,210567.93596938776,215703.73928571428,206716.08348214286,209711.96875,237586,0.0,0.0,-0.014084531872977535
2012-05-17,209711.98613322718,211851.90435907643,200724.3295846603,201580.296875,243933,0.0,0.0,-0.038775430527257404
2012-05-18,201152.30891047296,202436.25981841216,187028.8489231419,190024.734375,492493,0.0,0.0,-0.057324861006458394
2012-05-21,191736.7042253521,194732.59022887322,177613.24163732392,182321.0625,454512,0.0,0.0,-0.04054036386546056
2012-05-22,186600.890625,187884.84170728212,181037.10260177753,186600.890625,333594,0.0,0.0,0.023474128914754422
2012-05-23,193020.6232712766,212707.8708776596,192164.65598404256,201152.3125,856639,0.0,0.0,0.07798152423743288
2012-05-24,204576.1867793501,211851.9089033019,202864.2521619497,204148.203125,314569,0.0,0.0,0.014893642473039037
2012-05-25,205432.16274089937,210139.98313704497,199868.375,199868.375,212746,0.0,0.0,-0.020964319349798366
2012-05-29,199868.376177444,211423.9353996945,199868.376177444,210139.984375,167947,0.0,0.0,0.05139186914888372
2012-05-30,212279.90625,212707.88993195567,207144.10206653227,212279.90625,126274,0.0,0.0,0.0101833160469893
2012-05-31,208000.058203125,209711.99283854166,203720.22161458334,205432.15625,167906,0.0,0.0,-0.032258116752395205
2012-06-01,204576.14466873705,210995.89816252587,202864.2104037267,206716.0625,125581,0.0,0.0,0.006249782280616012
2012-06-04,197300.47774920886,204576.20035601265,196872.4940664557,202864.265625,164221,0.0,0.0,-0.018633273236810077
2012-06-05,205432.13999999998,215275.76337499998,204576.17275,213991.8125,294328,0.0,0.0,0.054852178330754287
2012-06-07,222123.51097261233,233251.0857034176,220411.5763986423,228543.265625,410303,0.0,0.0,0.06800004614662525
2012-06-08,231539.15260611006,232823.1035447761,224263.4306203358,229399.234375,205234,0.0,0.0,0.003745324753539281
2012-06-11,212279.9004901961,224691.42693014708,210567.96580882353,218271.671875,1393117,0.0,0.0,-0.04850740906052775
2012-06-12,216131.7590190637,225975.38368725867,215703.77533783784,221695.546875,407872,0.0,0.0,0.015686300336585912
2012-06-13,224691.41826923075,225975.36923076923,219127.63076923077,222551.5,204186,0.0,0.0,0.0038609396402653484
2012-06-14,222123.54420509707,225119.430157767,214847.82117718447,220411.609375,248047,0.0,0.0,-0.009615260400401726
2012-06-15,221267.53412499998,221267.53412499998,208856.009,213991.8125,308022,0.0,0.0,-0.029126400797144902
2012-06-18,222551.51353965185,223407.48089941975,216131.75834139268,221267.5625,223904,0.0,0.0,0.034000132598531074
2012-06-19,220839.56962927757,227687.30822243346,219127.6349809886,225119.40625,214589,0.0,0.0,0.017408081448901935
2012-06-20,231539.17118055557,235819.00798611113,228971.26909722225,231111.1875,226029,0.0,0.0,0.026616013918169257
2012-06-21,233679.10672278597,236247.00899446497,231539.1881630535,231967.171875,221773,0.0,0.0,0.0037037773214678715
2012-06-22,234535.03346188748,238814.86983892924,232823.0989110708,235818.984375,390457,0.0,0.0,0.01660498970119617
2012-06-25,240954.8193171902,246090.62363656194,234963.04761125654,245234.65625,382176,0.0,0.0,0.039927539760866715
2012-06-26,243950.69614955358,245234.64718191966,237530.9409877232,239670.859375,273720,0.0,0.0,-0.022687645213277263
2012-06-27,240098.80011467892,241810.73451834862,226831.30848623853,233251.0625,325100,0.0,0.0,-0.026785888329274532
2012-06-28,236246.98295454544,236674.96661931818,225547.39133522726,225975.375,204888,0.0,0.0,-0.03119251600408035
2012-06-29,228543.27421016482,233679.078125,228543.27421016482,233679.078125,219059,0.0,0.0,0.0340908965191451
2012-07-02,230255.1912407919,236674.9456434162,227259.30585290055,232395.109375,198844,0.0,0.0,-0.005494581544494004
2012-07-03,237958.9232750896,240526.8253248208,235819.00490031362,238814.890625,152815,0.0,0.0,0.027624424916966817
2012-07-04,237530.91668567518,240526.80212135037,233679.06398266423,234535.03125,143727,0.0,0.0,-0.017921241693929613
2012-07-05,234107.02970183486,237958.88211009174,231111.14449541285,233251.0625,123614,0.0,0.0,-0.005474528658498623
2012-07-06,233251.0867582685,234963.02133998057,218699.64281371597,219983.59375,378516,0.0,0.0,-0.056880635859911655
2012-07-09,216987.7039912731,217415.68762833677,207144.08033880906,208428.03125,353515,0.0,0.0,-0.05252920139641093
2012-07-10,210995.95242632114,214419.82183689025,207572.08301575202,210567.96875,190448,0.0,0.0,0.010267033120095359
2012-07-11,208428.02217105264,211851.89111842107,200296.33342105264,203292.21875,296431,0.0,0.0,-0.03455297613968178
2012-07-12,201580.30226293104,203292.2368893678,185744.9069683908,186172.890625,731304,0.0,0.0,-0.08421044460168248
2012-07-13,187028.85180664062,191736.671875,185744.90087890625,191736.671875,575863,0.0,0.0,0.02988502370738222
2012-07-16,189596.74693480862,193876.58320873207,178041.1889952153,178897.15625,636203,0.0,0.0,-0.06696431882040044
2012-07-17,181465.06165540538,192592.63619087837,180181.1107474662,190024.734375,493966,0.0,0.0,0.06220097825059745
2012-07-18,193020.63127253606,193448.61493389422,177185.23580228366,178041.203125,672994,0.0,0.0,-0.06306300750486182
2012-07-19,181893.0649630542,184888.95073891626,173761.375,173761.375,449570,0.0,0.0,-0.024038413860836494
2012-07-20,176757.24880918014,185316.921875,174189.34688943418,185316.921875,419097,0.0,0.0,0.066502390850671
2012-07-23,183177.01352941175,183177.01352941175,177185.24205882353,181893.0625,307049,0.0,0.0,-0.018475697418012693
2012-07-24,179753.09375,185316.87998511904,178041.15952380953,179753.09375,264870,0.0,0.0,-0.011764982790368972
2012-07-25,178041.199513382,184032.97065085158,175473.2975973236,175901.28125,295995,0.0,0.0,-0.02142835163302992
2012-07-26,177185.22612028304,182321.0297759434,175901.27520636792,181465.0625,261054,0.0,0.0,0.03163013487145938
2012-07-27,184888.94318181818,189596.76349431818,182321.04119318182,188312.8125,248663,0.0,0.0,0.03773591404130472
2012-07-30,193448.62291202674,196872.49234409802,190880.7208379733,192164.671875,360457,0.0,0.0,0.020454579398308415
2012-07-31,191736.671875,193448.6064453125,187456.83544921875,191736.671875,221139,0.0,0.0,-0.0022272564245232607
2012-08-01,190452.69693654266,196016.48358862146,190452.69693654266,195588.5,156402,0.0,0.0,0.020089157109763223
2012-08-02,197728.45663811563,202864.26070663813,197300.47296573877,199868.375,272950,0.0,0.0,0.02188203805438449
2012-08-03,198584.4239828694,201580.3096895075,196016.52194860813,199868.375,156117,0.0,0.0,0.0
2012-08-06,204148.2110045601,204148.2110045601,197728.4559415236,199440.390625,146700,0.0,0.0,-0.0021413311385555245
2012-08-07,199868.36156914895,204148.19800531917,195588.52513297874,201152.3125,188772,0.0,0.0,0.008583626765046093
2012-08-08,202436.26293945312,206288.11572265625,189596.75366210938,191736.671875,707573,0.0,0.0,-0.04680851295209443
2012-08-09,191308.69397615132,196444.4978412829,187028.857421875,195160.546875,386235,0.0,0.0,0.017857173416633287
2012-08-10,195588.53988394854,196872.4909116331,189168.7847455257,191308.703125,256979,0.0,0.0,-0.019736795226686366
2012-08-13,190880.71172216156,196872.48294213973,190024.74440502183,196016.515625,263910,0.0,0.0,0.024608459641922042
2012-08-14,196872.46875,200724.3213994565,195588.51786684783,196872.46875,158926,0.0,0.0,0.004366739824299026
2012-08-16,197728.4476102941,204576.18605567227,197300.46395745798,203720.21875,251666,0.0,0.0,0.034782669427972035
2012-08-17,205004.17259114585,207572.07454427084,202008.28697916667,205432.15625,205099,0.0,0.0,0.008403375524060452
2012-08-20,206288.12992075665,213135.86867331289,206288.12992075665,209284.015625,190680,0.0,0.0,0.018750031374409115
2012-08-21,210567.9486882716,211851.8995949074,207144.07960390946,208000.046875,151563,0.0,0.0,-0.0061350540611789794
2012-08-22,210995.95172479635,212707.886424389,207572.082325611,210139.984375,113499,0.0,0.0,0.010288158739147013
2012-08-23,211423.90851358147,213135.84299547283,210139.95765216296,212707.859375,112441,0.0,0.0,0.012219830545992405
2012-08-24,209711.98141718106,210567.9486882716,204576.17779063786,208000.046875,241700,0.0,0.0,-0.02213276234283479
2012-08-27,208856.00153061224,211423.9031887755,207572.05070153062,209711.96875,173496,0.0,0.0,0.008230391775001955
2012-08-28,210139.9945652174,217843.7010869565,210139.9945652174,216559.75,289909,0.0,0.0,0.032653268627520715
2012-08-29,219983.60655637257,220839.57389705884,213135.86783088237,218271.671875,258156,0.0,0.0,0.007905078736930582
2012-08-30,219555.60642804517,219983.59006630647,214419.80276890963,217843.671875,172112,0.0,0.0,-0.001960859127175696
2012-08-31,217843.66890470296,219127.61980198018,216131.734375,216131.734375,153911,0.0,0.0,-0.007858559696800937
2012-09-03,220839.57102272726,226831.34232954544,220411.58735795453,225975.375,337323,0.0,0.0,0.04554463347765836
2012-09-04,226831.3324976679,237530.92365321828,226831.3324976679,229399.234375,403390,0.0,0.0,0.0151514711503411
2012-09-05,231967.1219795539,232823.08921933084,226831.31854089219,230255.1875,224041,0.0,0.0,0.003731281524683494
2012-09-06,234535.0552455357,240526.8267299107,234107.07156808037,239670.859375,365686,0.0,0.0,0.0408923333160518
2012-09-07,241382.8030104712,246518.60732984293,240526.83562390925,245234.65625,349929,0.0,0.0,0.02321432354984232
2012-09-10,243094.7095037453,243522.69314723782,227259.31469452244,228543.265625,531808,0.0,0.0,-0.06806293563983168
2012-09-11,230255.2228860294,235819.01079963235,227259.33708639705,232823.125,247971,0.0,0.0,0.018726692135494938
2012-09-12,232823.12222222224,232823.12222222224,223407.48125,231111.1875,282504,0.0,0.0,-0.007352953019593711
2012-09-13,228971.2470574388,231539.14889359698,222551.4924670433,227259.3125,447306,0.0,0.0,-0.01666676131807765
2012-09-14,228543.26708255595,230255.20166744402,223835.4469741138,229399.234375,295160,0.0,0.0,0.009416212041915673
2012-09-17,229399.223,229827.206625,213991.8125,213991.8125,513894,0.0,0.0,-0.06716422536011357
2012-09-18,213991.80603027344,219983.5765991211,213991.80603027344,219127.609375,280963,0.0,0.0,0.02399996904087165
2012-09-19,219127.6377952756,219983.6051304134,214847.80111958663,217415.703125,161838,0.0,0.0,-0.007812371315886302
2012-09-20,216131.72409057617,223835.42910766602,216131.72409057617,219127.609375,176988,0.0,0.0,0.007873885029434868
2012-09-21,222979.47703644814,225119.3952421722,215703.7551369863,218699.640625,245837,0.0,0.0,-0.0019530571762301774
2012-09-24,218699.64425872095,222551.49709302327,216559.72601744186,220839.5625,154941,0.0,0.0,0.00978475258982825
2012-09-25,221695.51775,222979.46862499998,213563.82887499998,213991.8125,240757,0.0,0.0,-0.03100780459117236
2012-09-26,212279.88323045266,215275.76867926953,205860.12869727364,208000.046875,303812,0.0,0.0,-0.027999976050485542
2012-09-27,210567.96015625,217415.69869791667,202436.27063802083,205432.15625,487380,0.0,0.0,-0.012345625222590417
2012-09-28,205860.12046052632,207572.05493421052,199868.3498026316,203292.21875,301282,0.0,0.0,-0.010416760156067295
2012-10-02,205860.1333266985,208000.05155254778,201580.296875,201580.296875,149808,0.0,0.0,-0.008420990658305705
2012-10-04,204148.20669087136,206716.1086618257,203292.2393672199,206288.125,172650,0.0,0.0,0.023354604581812488
2012-10-05,206716.06650230533,212707.8365458504,205004.1322041496,208855.984375,243608,0.0,0.0,0.012447926292412648
2012-10-08,207144.07361401673,210139.9589762029,201152.30288964434,204576.171875,248339,0.0,0.0,-0.02049169198003742
2012-10-09,203292.24752923165,203720.23120824056,191736.6881959911,192164.671875,516414,0.0,0.0,-0.06066933351154735
2012-10-10,190024.75737847222,190452.74106626157,184460.96943721065,184888.953125,371547,0.0,0.0,-0.03786189562841569
2012-10-11,181893.035065407,187028.83840843025,181893.035065407,184032.953125,304580,0.0,0.0,-0.0046298060837700605
2012-10-12,185316.90999571918,189168.76262842465,184032.9591181507,187456.828125,263642,0.0,0.0,0.018604684334301957
2012-10-15,184888.9614014252,187884.84735005937,175473.3198485748,180181.140625,429051,0.0,0.0,-0.03881260326856928
2012-10-16,180609.1162471065,184888.953125,175901.29568142362,184888.953125,278736,0.0,0.0,0.02612822009933935
2012-10-17,187456.83544921875,192164.65551757812,185744.90087890625,191736.671875,270516,0.0,0.0,0.037036927486794546
2012-10-18,191736.67816091955,194304.5801005747,184888.9396551724,186172.890625,262784,0.0,0.0,-0.02901782531005459
2012-10-19,186172.9006879391,186172.9006879391,179753.14549180327,182749.03125,266436,0.0,0.0,-0.018390751540172
2012-10-22,178041.23501199041,180609.13744004795,175473.33258393285,178469.21875,287809,0.0,0.0,-0.023419070791927954
2012-10-23,178897.16608231707,180609.1006859756,175473.296875,175473.296875,215941,0.0,0.0,-0.016786770827952657
2012-10-24,171621.44751506025,178897.16972891567,171621.44751506025,177613.21875,195309,0.0,0.0,0.012195142583571572
2012-10-25,177613.2016116828,181465.05417675545,176329.25075665858,176757.234375,138963,0.0,0.0,-0.004819373135762195
2012-10-26,176329.26049382717,179325.1459876543,173333.375,173333.375,150447,0.0,0.0,-0.019370405896576237
2012-10-29,175045.28044577208,177185.19829963235,173333.34616268383,174617.296875,128590,0.0,0.0,0.007407239805951926
2012-10-30,174617.33865248226,183177.01211583923,174617.33865248226,181037.09375,226850,0.0,0.0,0.0367649539300543
2012-10-31,180609.0907595694,183604.9761513158,178469.17262260767,178897.15625,164098,0.0,0.0,-0.01182043666120225
2012-11-01,179753.10055012227,181037.0512683374,172905.36338630808,175045.28125,280510,0.0,0.0,-0.021531225429973766
2012-11-02,177613.2194636418,178469.18678635816,176329.2684795673,178041.203125,122812,0.0,0.0,0.017115125032826306
2012-11-05,178469.1962146806,178469.1962146806,173761.37569103195,174189.359375,147027,0.0,0.0,-0.02163456369869443
2012-11-06,175045.3223256501,181037.09375,174189.3549793144,181037.09375,162436,0.0,0.0,0.03931201308489807
2012-11-07,187028.88336267605,188740.81822183097,181037.1113556338,182321.0625,359302,0.0,0.0,0.007092296520032848
2012-11-08,176329.26752021562,176757.25117924527,157070.00286388138,158781.9375,1805336,0.0,0.0,-0.1291080946832459
2012-11-09,158781.92708333334,159637.8943452381,148938.30357142858,152790.15625,888980,0.0,0.0,-0.03773591218459593
2012-11-12,152790.1437866569,153646.11097873902,144658.45546187685,145942.40625,706176,0.0,0.0,-0.04481800508663336
2012-11-13,148082.30584319527,150650.2071005917,142946.50332840235,144658.4375,443366,0.0,0.0,-0.00879777703404827
2012-11-14,145086.47066026644,145942.4380387931,133530.91105015672,136526.796875,928018,0.0,0.0,-0.056212694990570466
2012-11-15,133958.86860576924,139522.65548076923,131818.9505769231,139094.671875,592138,0.0,0.0,0.01880857867302832
2012-11-16,137382.775390625,139522.69401041666,131818.98697916666,133530.921875,492981,0.0,0.0,-0.03999973489279274
2012-11-19,135670.84049479166,137810.75911458334,133530.921875,133530.921875,317684,0.0,0.0,0.0
2012-11-20,137382.74265813254,143374.51336596385,135670.80817018074,142090.5625,574222,0.0,0.0,0.06410231057202465
2012-11-21,142090.59976340694,142518.58349763407,134386.8925473186,135670.84375,380439,0.0,0.0,-0.045180472489156354
2012-11-22,136954.78056426332,137382.76425352664,133958.89473942007,136526.796875,172366,0.0,0.0,0.006309042542532284
2012-11-23,137382.7535947086,140806.62284317485,136526.78628259202,139522.671875,253598,0.0,0.0,0.021943494380395778
2012-11-26,142090.57598784193,144658.47796352583,140806.625,140806.625,245674,0.0,0.0,0.009202469446329964
2012-11-27,142090.56325075074,144230.48137199698,140378.62875375376,142518.546875,200372,0.0,0.0,0.012157963980743203
2012-11-28,143802.49774774775,145942.415868994,142090.56325075074,142518.546875,189444,0.0,0.0,0.0
2012-11-29,143802.49545454545,143802.49545454545,138666.69204545455,141234.59375,197778,0.0,0.0,-0.009009024812231092
2012-11-30,139522.66969814242,141234.60429566563,136954.76780185758,138238.71875,221554,0.0,0.0,-0.021212048128258276
2012-12-03,137810.7351006192,140378.63699690404,137810.7351006192,138238.71875,180894,0.0,0.0,0.0
2012-12-04,138666.7298895899,141234.63229495267,134814.87628154573,135670.84375,237653,0.0,0.0,-0.018575656829139975
2012-12-05,135242.86096938775,135670.84470663266,120691.41390306123,125827.21875,900630,0.0,0.0,-0.07255519850778547
2012-12-06,125827.19091796875,128823.07641601562,122831.30541992188,123259.2890625,319940,0.0,0.0,-0.020408379943628097
2012-12-07,123259.29682274247,128395.10085702341,123259.29682274247,127967.1171875,375396,0.0,0.0,0.03819450980779915
2012-12-10,130535.03580729167,134814.873046875,129679.068359375,133530.921875,358083,0.0,0.0,0.04347839358878258
2012-12-11,133958.90559895834,135242.85677083334,132246.970703125,133530.921875,210358,0.0,0.0,0.0
2012-12-12,134814.873046875,134814.873046875,130535.03580729167,133530.921875,189752,0.0,0.0,0.0
2012-12-13,133102.90501893937,141234.59375,133102.90501893937,141234.59375,417724,0.0,0.0,0.0576920444105935
2012-12-14,141662.57736742424,146798.38077651514,139950.64289772726,141234.59375,426475,0.0,0.0,0.0
2012-12-17,141662.59899129748,143374.53372231012,135242.84375,135242.84375,257632,0.0,0.0,-0.04242409625651644
2012-12-18,137382.76074840766,139094.69546178344,131818.9729299363,134386.875,316808,0.0,0.0,-0.006329124161144395
2012-12-20,134386.87754237288,134386.87754237288,125399.22012711865,126255.1875,491005,0.0,0.0,-0.06050953636655365
2012-12-21,127539.14973958333,130107.05208333333,127111.166015625,128395.1171875,260856,0.0,0.0,0.016949241689574235
2012-12-24,129251.06748112415,131390.98581690434,127539.1328125,127539.1328125,204310,0.0,0.0,-0.006666798502547255
2012-12-26,128395.1211734694,130107.05612244898,125827.21875,125827.21875,220905,0.0,0.0,-0.013422657224875012
2012-12-27,126772.6226911512,128491.57350730241,122475.2456507732,125053.671875,311337,600.0,0.0,-0.006147691117109777
2012-12-28,126342.88299418605,130640.2599667774,125913.1452969269,129351.046875,322995,0.0,0.0,0.03436424485236644
2013-01-02,131499.72778003247,134507.89148741882,130640.25243506493,132359.203125,221280,0.0,0.0,0.02325575496042931
2013-01-03,133648.4252016129,134937.6383064516,130640.26129032257,133218.6875,208307,0.0,0.0,0.006493574717190587
2013-01-04,134507.92389589906,138805.30165615142,134078.18611987383,136226.875,332869,0.0,0.0,0.022580822228863262
2013-01-07,137516.0668789809,138375.5422969745,134078.16520700636,134937.640625,215037,0.0,0.0,-0.009463876896537493
2013-01-08,134937.6416868932,134937.6416868932,131499.73998786407,132788.953125,176504,0.0,0.0,-0.01592355913478094
2013-01-09,133648.43662605932,133648.43662605932,124623.94412076272,126772.6328125,704242,0.0,0.0,-0.0453073856741425
2013-01-10,124623.92605633802,124623.92605633802,119467.07394366196,122045.5,703635,0.0,0.0,-0.03728827513972632
2013-01-11,122475.23767605633,125483.40140845069,121186.02464788732,122045.5,364460,0.0,0.0,0.0
2013-01-14,123334.7265625,126342.890625,122045.51339285714,126342.890625,323545,0.0,0.0,0.035211381206189385
2013-01-15,127202.35556537104,127632.09325309188,121186.02793727916,121615.765625,338051,0.0,0.0,-0.037415045489426424
2013-01-16,122045.49671052632,123764.44736842105,120756.28371710527,122475.234375,172873,0.0,0.0,0.0070670833307102665
2013-01-17,123764.45979020979,124623.93520541958,121615.77125218531,122904.984375,206869,0.0,0.0,0.00350887264836075
2013-01-18,123764.45070422534,124194.18838028169,121186.02464788732,122045.5,154455,0.0,0.0,-0.006993079893144127
2013-01-21,122475.2456507732,125483.4095790378,121186.0325386598,125053.671875,383483,0.0,0.0,0.02464795404173037
2013-01-22,124623.93417096221,125913.14728307561,121186.0325386598,125053.671875,322493,0.0,0.0,0.0
2013-01-23,125913.156171875,130640.27125,125913.156171875,128921.3203125,459981,0.0,0.0,0.030927907829575663
2013-01-24,129351.05135037252,131499.73991100994,127632.10050186259,129780.7890625,317216,0.0,0.0,0.0066666145515472675
2013-01-25,131069.99766403653,132788.94845307307,126772.62069144518,129351.046875,329207,0.0,0.0,-0.0033112927622365174
2013-01-28,130640.26311188811,130640.26311188811,121615.77125218531,122904.984375,349484,0.0,0.0,-0.04983386416832969
2013-01-29,122045.5079467354,125053.671875,121615.7702426976,125053.671875,185948,0.0,0.0,0.017482509036769844
2013-01-30,124623.953125,124623.953125,122045.5265086207,124623.953125,169330,0.0,0.0,-0.003436274549615259
2013-01-31,123334.71611752718,125053.66686480978,118177.86387567935,118607.6015625,519561,0.0,0.0,-0.048276044946716556
2013-02-01,118177.87388392857,120756.30022321429,116029.18526785714,120326.5625,279476,0.0,0.0,0.01449283953857039
2013-02-04,121186.03107954546,122045.50647727273,118177.8671875,118177.8671875,178766,0.0,0.0,-0.01785719850926515
2013-02-05,120756.27892099057,122475.22951061321,113021.00126768868,113880.4765625,738899,0.0,0.0,-0.036363751752109374
2013-02-06,113020.99942016602,113020.99942016602,107434.41009521484,110012.8359375,977288,0.0,0.0,-0.03396227994249179
2013-02-07,110442.578125,111302.05344114786,109153.3651507782,110442.578125,263391,0.0,0.0,0.003906291332623546
2013-02-08,110012.83773584905,114739.95185731133,110012.83773584905,113880.4765625,404847,0.0,0.0,0.031128379071420742
2013-02-12,114739.96425634398,115599.43964403195,113880.48886865602,114310.2265625,248781,0.0,0.0,0.0037736933754763946
2013-02-13,113450.7369402985,115599.42513992537,112591.26166044775,115169.6875,189496,0.0,0.0,0.007518670580449527
2013-02-14,115169.6875,117748.11333955223,114310.21222014925,115169.6875,262738,0.0,0.0,0.0
2013-02-15,116029.15950278811,117318.37238615242,113450.73373605948,115599.421875,249614,0.0,0.0,0.0037313149347566466
2013-02-18,115169.69861891386,115599.43630032771,112591.27253043071,114739.9609375,171618,0.0,0.0,-0.007434820378508067
2013-02-19,114739.96445741759,118177.86601419415,114739.96445741759,117318.390625,306784,0.0,0.0,0.022471941479085045
2013-02-20,118177.86948364695,120756.29572692653,117748.1317764337,119896.8203125,418954,0.0,0.0,0.021978051981140556
2013-02-21,119467.06828291815,121186.01890569394,119037.3306272242,120756.28125,182919,0.0,0.0,0.0071683380364875315
2013-02-22,120326.54929577465,123764.45070422534,119467.07394366196,122045.5,288131,0.0,0.0,0.010676204472800377
2013-02-25,122904.98883928571,123334.7265625,119467.08705357143,120326.5625,188943,0.0,0.0,-0.014084398851248126
2013-02-26,119467.06828291815,122045.49421708185,119037.3306272242,120756.28125,155923,0.0,0.0,0.0035712708904154233
2013-02-27,121186.02701822916,125053.6661783854,120756.28933376736,123764.453125,389477,0.0,0.0,0.024911100638915995
2013-02-28,123764.45979020979,124194.19749781469,121615.77125218531,122904.984375,241175,0.0,0.0,-0.006944390964439107
2013-03-04,123334.72105884881,125913.14728307561,122475.2456507732,125053.671875,279523,0.0,0.0,0.017482509036769844
2013-03-05,125483.41062062937,126772.62374344406,122475.2466673951,122904.984375,193062,0.0,0.0,-0.01718212242618322
2013-03-06,124194.19749781469,125053.67291302448,120756.29583697552,122904.984375,221561,0.0,0.0,0.0
2013-03-07,122475.25111607143,122475.25111607143,118607.61160714286,120326.5625,240456,0.0,0.0,-0.02097898541797849
2013-03-08,120326.53257978724,121615.74542885637,119037.31973071808,121186.0078125,138544,0.0,0.0,0.007142606708306909
2013-03-11,120756.29119829136,120756.29119829136,116888.65197841726,119467.078125,222374,0.0,0.0,-0.014184225708297471
2013-03-12,120326.55164930555,125913.14154730903,120326.55164930555,123764.453125,356988,0.0,0.0,0.035971207025784935
2013-03-13,123764.46428571429,127202.36607142857,122904.98883928571,126342.890625,308287,0.0,0.0,0.020833425389080285
2013-03-14,126342.89507415255,127632.10828919492,124194.20638241526,126772.6328125,191849,0.0,0.0,0.0034013958788985388
2013-03-15,127202.3797413793,127632.11751077586,124623.953125,124623.953125,199017,0.0,0.0,-0.016949081515708175
2013-03-18,124623.95414169521,126772.6430062072,123334.74082298802,125483.4296875,191856,0.0,0.0,0.006896559938504909
2013-03-19,125913.1674604024,126342.9052333048,124194.21636879281,125483.4296875,141920,0.0,0.0,0.0
2013-03-20,124623.953125,125913.16643318966,124194.21535560345,124623.953125,112236,0.0,0.0,-0.0068493231707199564
2013-03-21,125913.14965335265,129780.7890625,124623.9365169702,129780.7890625,402008,0.0,0.0,0.04137917156525761
2013-03-22,129351.04818548386,134078.1629032258,128061.83508064515,133218.6875,504250,0.0,0.0,0.026490041109584972
2013-03-25,133218.71056782335,136656.61277602523,132359.23501577287,136226.875,385236,0.0,0.0,0.022580822228863262
2013-03-26,136226.85375199045,137086.3291699841,134507.9029160032,134937.640625,260199,0.0,0.0,-0.009463876896537493
2013-03-27,133648.42749800955,134937.640625,129780.78811703822,134937.640625,458101,0.0,0.0,0.0
2013-03-28,134507.9006048387,135797.11370967742,131499.7366935484,133218.6875,218673,0.0,0.0,-0.012738870466670438
2013-03-29,134937.640625,137086.3291699841,133218.68978901274,134937.640625,250494,0.0,0.0,0.01290324321052938
2013-04-01,134937.6616719243,138375.5638801262,134507.92389589906,136226.875,232169,0.0,0.0,0.009554297592788474
2013-04-02,136656.5880952381,138375.5388888889,134937.6373015873,135367.375,226010,0.0,0.0,-0.006309327729935865
2013-04-03,137086.30737540193,137516.04501607717,132788.9309686495,133648.40625,219330,0.0,0.0,-0.012698545347429535
2013-04-04,132788.9309686495,134507.8815313505,130210.50512459807,133648.40625,247634,0.0,0.0,0.0
2013-04-05,134078.17991803278,135797.13094262296,130640.27786885247,131070.015625,232350,0.0,0.0,-0.0192923409814324
2013-04-08,130210.50127986349,131069.97653583618,124623.91211604096,125913.125,328217,0.0,0.0,-0.03934454879256444
2013-04-09,124194.1964669244,125913.14728307561,119037.3440184708,125053.671875,376252,0.0,0.0,-0.006825762802726065
2013-04-10,125053.64974402731,127632.0755119454,123764.43686006826,125913.125,217783,0.0,0.0,0.006872674045581784
2013-04-11,126342.89507415255,127632.10828919492,124194.20638241526,126772.6328125,173352,0.0,0.0,0.006826197129965683
2013-04-12,128061.81313993174,129780.76365187713,125913.125,125913.125,179502,0.0,0.0,-0.006779916086236293
2013-04-15,126342.89507415255,127632.10828919492,124194.20638241526,126772.6328125,139307,0.0,0.0,0.006826197129965683
2013-04-16,125053.64711288927,126342.85996972318,124194.171875,124194.171875,201641,0.0,0.0,-0.020339255250094945
2013-04-17,125053.66896446078,131929.47206903595,124623.93127042483,131499.734375,357474,0.0,0.0,0.05882371442802459
2013-04-18,131070.00124402867,135797.11604299364,129780.78811703822,134937.640625,412424,0.0,0.0,0.026143826573794104
2013-04-19,135797.10353915664,144821.59459713855,134078.1528614458,142672.90625,730548,0.0,0.0,0.057324743408674106
2013-04-22,143962.09697791917,145681.0473895958,142672.88416916167,143532.359375,352307,0.0,0.0,0.0060239406877575785
2013-04-23,143962.10611979166,148689.22005208334,143962.10611979166,144391.84375,330558,0.0,0.0,0.005988087834287281
2013-04-24,146110.81098942598,146970.2863481873,141813.43419561934,142243.171875,246488,0.0,0.0,-0.014880839659615508
2013-04-25,142243.14977477476,144821.57545045044,140953.93693693695,143102.625,190358,0.0,0.0,0.006042139764397714
2013-04-26,143962.12259252265,146110.81098942598,141813.43419561934,142243.171875,171215,0.0,0.0,-0.006005851569808707
2013-04-29,143102.63218941717,143532.36982361964,137945.78057898773,140094.46875,272467,0.0,0.0,-0.015105843722946766
2013-04-30,141383.69324171686,144391.85692771085,140094.48023343374,142672.90625,227972,0.0,0.0,0.01840499145331176
2013-05-02,141813.4192868098,142243.15692101227,139234.9934815951,140094.46875,169885,0.0,0.0,-0.018072369644464348
2013-05-03,141383.70249640805,149548.71875,140524.2271012931,149548.71875,385411,0.0,0.0,0.06748481995296474
2013-05-06,149548.70058139533,149978.43822674418,146970.27470930232,147829.75,206243,0.0,0.0,-0.011494372966669109
2013-05-07,147829.72226331363,148689.1973927515,144391.82174556213,145251.296875,182014,0.0,0.0,-0.017442044818448244
2013-05-08,145251.3380597015,148689.2395522388,143532.38731343282,143962.125,208794,0.0,0.0,-0.008875458620582477
2013-05-09,145251.33226656626,146110.8076054217,140953.95557228915,142672.90625,237639,0.0,0.0,-0.008955263406955183
2013-05-10,146110.8076054217,148259.49595256025,142672.90625,142672.90625,351116,0.0,0.0,0.0
2013-05-13,144391.8673469388,147829.7689504373,143962.12964650147,147400.03125,240326,0.0,0.0,0.033132604670692345
2013-05-14,147400.03125,148689.24435131197,145681.08044825072,147400.03125,187234,0.0,0.0,0.0
2013-05-15,148259.48622881356,152556.86264124294,146540.53566384182,152127.125,405409,0.0,0.0,0.03206982868261776
2013-05-16,153846.07628939828,154705.55157593123,149978.4375,149978.4375,276331,0.0,0.0,-0.014124289143043978
2013-05-20,151267.66197183097,155994.7764084507,150408.1866197183,152556.875,249991,0.0,0.0,0.017192054691195224
2013-05-21,154275.81906512607,155135.2943802521,151267.6554621849,153416.34375,137885,0.0,0.0,0.005633759540499161
2013-05-22,152556.88603206052,152986.62373919308,146540.5581322046,149118.984375,458189,0.0,0.0,-0.028011092364466528
2013-05-23,147400.02061370484,148689.23362198795,142243.1685805723,142672.90625,350438,0.0,0.0,-0.04322774965251641
2013-05-24,143532.38731343282,146540.55111940298,142672.9119402985,143962.125,230787,0.0,0.0,0.00903618482223223
2013-05-27,143102.63661504426,147829.75073746312,143102.63661504426,145681.0625,132610,0.0,0.0,0.011940206495284711
2013-05-28,147400.00384829377,148689.21670994067,144391.84050445104,144821.578125,144872,0.0,0.0,-0.005899767342786966
2013-05-29,145251.34346064815,145681.08116319444,138805.2779224537,139235.015625,425940,0.0,0.0,-0.03857548420842416
2013-05-30,139664.77027821317,140524.24578761755,135367.3927311912,137086.34375,224890,0.0,0.0,-0.015431979271557594
2013-05-31,138375.5422969745,139664.75542396496,133218.68978901274,134937.640625,268692,0.0,0.0,-0.01567408588063679
2013-06-03,135797.13722397477,137945.82610410094,135367.39944794954,136226.875,165129,0.0,0.0,0.009554297592788474
2013-06-04,137086.33146619497,137516.06918238994,133218.69202044024,136656.59375,130917,0.0,0.0,0.0031544344682354897
2013-06-05,135797.0878594249,136656.56309904152,133648.39976038339,134507.875,92391,0.0,0.0,-0.01572349120548744
2013-06-07,133218.68395353618,134507.89702405428,128491.56936163652,130640.2578125,213832,0.0,0.0,-0.028753834580317328
2013-06-10,131069.99801587302,135797.1126984127,131069.99801587302,135367.375,134191,0.0,0.0,0.0361842303946196
2013-06-11,135367.3783339968,137945.8045879777,133648.42749800955,134937.640625,167085,0.0,0.0,-0.0031745786235420903
2013-06-12,132788.92452076677,135797.0878594249,132359.18690095848,134507.875,120378,0.0,0.0,-0.0031849202565675805
2013-06-13,135367.375,140524.2273809524,134507.89960317462,135367.375,333002,0.0,0.0,0.006389960439119324
2013-06-14,137086.3291699841,137516.0668789809,134078.16520700636,134937.640625,105960,0.0,0.0,-0.0031745786235420903
2013-06-17,134937.61261980832,137086.30071884984,130640.23642172525,134507.875,94368,0.0,0.0,-0.0031849202565675805
2013-06-18,134507.875,136656.56309904152,132359.18690095848,134507.875,103797,0.0,0.0,0.0
2013-06-19,137516.0648148148,140524.22873263888,137086.3271122685,139235.015625,268146,0.0,0.0,0.03514396926574004
2013-06-20,137516.0648148148,141383.7041377315,136656.58940972222,139235.015625,172735,0.0,0.0,0.0
2013-06-21,135797.1126984127,136656.5880952381,131929.47341269843,135367.375,193475,0.0,0.0,-0.02777778712947232
2013-06-24,137516.03833865814,138805.25119808307,134507.875,134507.875,146319,0.0,0.0,-0.0063493881003454655
2013-06-25,133218.68395353618,136656.58547491775,129780.7824321546,130640.2578125,184004,0.0,0.0,-0.028753834580317328
2013-06-26,133218.6875,134078.1629032258,129780.78588709676,133218.6875,131029,0.0,0.0,0.019736869252054534
2013-06-27,135367.35864257812,137945.78452148437,134507.8833496094,137516.046875,174249,0.0,0.0,0.03225793209379879
2013-06-28,138375.54021990742,140094.49103009258,136656.58940972222,139235.015625,171322,0.0,0.0,0.01250013208685763
2013-07-01,138375.53507462685,145251.3380597015,137945.7973880597,143962.125,288178,0.0,0.0,0.03395057883809538
2013-07-02,144391.84955752213,147400.0130899705,143102.63661504426,145681.0625,210386,0.0,0.0,0.011940206495284711
2013-07-03,145681.07481617646,148689.23860294116,144821.5994485294,146110.8125,250663,0.0,0.0,0.0029499372988166517
2013-07-04,147399.9846985947,148259.45982803256,143962.0841808432,145251.296875,122734,0.0,0.0,-0.005882628467349105
2013-07-05,146970.28368858382,149548.7097182081,145251.33300216764,148689.234375,255509,0.0,0.0,0.023668893661986434
2013-07-08,149978.45978926512,151697.4106177954,148689.24666786744,149118.984375,188573,0.0,0.0,0.0028902563242483303
2013-07-09,149548.70058139533,150837.91351744186,145681.06177325582,147829.75,184951,0.0,0.0,-0.008645675669020636
2013-07-10,148259.5056573276,150408.19414511495,146540.5548670977,149548.71875,163119,0.0,0.0,0.011628029878965496
2013-07-11,151267.64714285714,151267.64714285714,149118.9589732143,150408.171875,129374,0.0,0.0,0.005746977521330354
2013-07-12,150408.18420584046,151267.65954415954,148689.23352920226,150837.921875,115867,0.0,0.0,0.0028572250738951865
2013-07-15,150837.91859019885,151267.65625,148689.23029119318,151267.65625,85757,0.0,0.0,0.0028489810099354695
2013-07-16,151697.38735875706,153846.07556497175,150837.91207627117,152127.125,135556,0.0,0.0,0.005681774751501223
2013-07-17,152556.88163951843,153416.35702903682,149978.45547096318,151697.40625,94414,0.0,0.0,-0.0028247345764274012
2013-07-18,151697.3802804709,155135.28125,151267.64265927978,155135.28125,202856,0.0,0.0,0.022662714445719212
2013-07-19,155565.00966225626,155994.74725800837,152556.84649199166,154275.796875,138465,0.0,0.0,-0.0055402250737209835
2013-07-22,154275.83241855525,155135.30780807364,149548.71777620396,151697.40625,189551,0.0,0.0,-0.01671286538282546
2013-07-23,151267.6685552408,153846.09472379604,150408.1931657224,151697.40625,112380,0.0,0.0,0.0
2013-07-24,151697.37130048746,154705.53447075209,151267.63370473537,154275.796875,90372,0.0,0.0,0.016996932833187373
2013-07-25,154275.83241855525,159002.94706090653,150837.9308604816,151697.40625,373158,0.0,0.0,-0.01671286538282546
2013-07-26,149548.7097182081,151267.66040462427,146970.28368858382,148689.234375,288405,0.0,0.0,-0.019830081142208078
2013-07-29,149548.67252218936,149978.4100869083,143532.34661612427,145251.296875,263509,0.0,0.0,-0.02312163025420788
2013-07-30,146540.53706395347,147829.75,145251.32412790696,147829.75,146412,0.0,0.0,0.017751670246489937
2013-07-31,147829.74413489737,148259.48176319647,146110.79362170087,146540.53125,92644,0.0,0.0,-0.008720969561268999
2013-08-01,145681.08044825072,149548.7197521866,145681.08044825072,147400.03125,102369,0.0,0.0,0.005865271489521762
2013-08-02,148259.48176319647,149548.69464809383,145251.31836510263,146540.53125,130323,0.0,0.0,-0.005831070676927008
2013-08-05,146970.27470930232,149118.9629360465,146540.53706395347,147829.75,86342,0.0,0.0,0.008797693982701471
2013-08-06,148259.46875,148259.46875,146110.78079710147,148259.46875,70020,0.0,0.0,0.0029068489258758934
2013-08-07,148689.24666786744,149978.45978926512,147400.03354646973,149118.984375,99628,0.0,0.0,0.005797374240220421
2013-08-08,149548.7048319328,154705.55672268907,149548.7048319328,153416.34375,252527,0.0,0.0,0.02881832513151461
2013-08-09,153846.08140756303,154705.55672268907,151267.6554621849,153416.34375,126364,0.0,0.0,0.0
2013-08-12,153846.078125,154275.81577339384,151697.38988303073,153846.078125,111430,0.0,0.0,0.0028010990517430834
2013-08-13,153846.0951123978,158143.47207084467,153416.35741655313,157713.734375,201242,0.0,0.0,0.025139777998484547
2013-08-14,158143.45385674931,159002.92914944905,152986.60210055098,155994.765625,281042,0.0,0.0,-0.010899296480500364
2013-08-16,153846.04816937872,154275.78573409765,144821.55931028107,145251.296875,558799,0.0,0.0,-0.06887070028892195
2013-08-19,143962.13290387427,146970.296875,140094.49351242688,146970.296875,232900,0.0,0.0,0.011834661975371752
2013-08-20,145681.07331004532,146970.2863481873,142243.171875,142243.171875,209210,0.0,0.0,-0.03216381201175955
2013-08-21,143532.3724431818,144391.84772727272,140953.9465909091,141813.421875,129771,0.0,0.0,-0.003021234652849647
2013-08-22,140094.47861842107,140524.21628289475,137516.05263157896,138805.265625,154882,0.0,0.0,-0.021212070128675875
2013-08-23,140524.1939423077,141813.40673076923,139234.98115384617,139664.71875,121552,0.0,0.0,0.006191790499662453
2013-08-26,140094.48582089553,144391.86268656715,140094.48582089553,143962.125,121695,0.0,0.0,0.030769447634748426
2013-08-27,142672.90377286586,143962.11675876525,140953.953125,140953.953125,118061,0.0,0.0,-0.020895578437731488
2013-08-28,137516.03603603604,143532.3626126126,137516.03603603604,143102.625,109678,0.0,0.0,0.015243785841852375
2013-08-29,142672.90045592704,144391.8510638298,140953.94984802432,141383.6875,106584,0.0,0.0,-0.012011921514367696
2013-08-30,143102.65494791666,143532.39265046295,138375.54021990742,139235.015625,159514,0.0,0.0,-0.015197452499603248
2013-09-02,139664.7434059633,142672.90711009174,139235.00573394494,140524.21875,100850,0.0,0.0,0.009259187562934645
2013-09-03,141383.6713604042,143532.359375,140953.93375748504,143532.359375,85491,0.0,0.0,0.021406563592797134
2013-09-04,143962.11925828314,144391.85692771085,142243.1685805723,142672.90625,65649,0.0,0.0,-0.005987870113348781
2013-09-05,143532.34661612427,146540.5095691568,142672.8714866864,145251.296875,109528,0.0,0.0,0.018072041095749336
2013-09-06,145251.33226656626,146540.5452748494,142243.1685805723,142672.90625,114662,0.0,0.0,-0.017751239957732756
2013-09-09,142672.8900222552,145681.0533660979,142672.8900222552,144821.578125,104677,0.0,0.0,0.015060125509989808
2013-09-10,145681.05599340177,147829.74413489737,144821.5807368035,146540.53125,153126,0.0,0.0,0.01186945445047094
2013-09-11,146110.8125,146970.28786764704,144391.86176470589,146110.8125,97450,0.0,0.0,-0.0029324224931797094
2013-09-12,146110.8125,147400.02555147058,143532.3863970588,146110.8125,163831,0.0,0.0,0.0
2013-09-13,144821.5994485294,146970.28786764704,144821.5994485294,146110.8125,104111,0.0,0.0,0.0
2013-09-16,147829.72226331363,147829.72226331363,144391.82174556213,145251.296875,122518,0.0,0.0,-0.005882628467349105
2013-09-17,143962.11119186046,148689.22529069768,143962.11119186046,147829.75,136009,0.0,0.0,0.017751670246489937
2013-09-23,148689.24335488505,149978.45644755746,147400.03026221265,149548.71875,120366,0.0,0.0,0.011628029878965496
2013-09-24,149548.69915254237,153416.3379237288,148689.2238700565,152127.125,201504,0.0,0.0,0.01724124600699728
2013-09-25,154275.8104946524,161151.61263368983,151697.38469251338,160721.875,626466,0.0,0.0,0.05649715657217613
2013-09-26,161581.35148195876,170176.1042203608,161151.61384503866,166738.203125,663433,0.0,0.0,0.03743316287841969
2013-09-27,165878.71875,168886.8820433938,165019.24352331605,165878.71875,202968,0.0,0.0,-0.005154693758788187
2013-09-30,165878.7476276178,168457.1737565445,162870.58381053663,164159.796875,170263,0.0,0.0,-0.010362522015802567
2013-10-01,162870.5625,167167.9388192612,160721.8743403694,162870.5625,144852,0.0,0.0,-0.007853532957169063
2013-10-02,165449.0223156005,167597.71091710182,164589.546875,164589.546875,177354,0.0,0.0,0.01055429752690884
2013-10-04,162870.58809840426,164159.80119680852,159432.68650265958,161581.375,159642,0.0,0.0,-0.01827680999258474
2013-10-07,160721.8775628307,163730.04104662698,160292.13992228836,162440.828125,91128,0.0,0.0,0.00531901108651911
2013-10-08,162011.10843422773,165449.00993946334,161581.37074607328,164159.796875,101303,0.0,0.0,0.010582122547893258
2013-10-10,165878.72785115978,167597.67839884022,165019.2525773196,166738.203125,160325,0.0,0.0,0.015706685187746317
2013-10-11,168457.1930379747,172324.83267405065,168027.45530063292,169746.40625,262994,0.0,0.0,0.01804147501064768
2013-10-14,169746.40625,171465.3571993671,168027.45530063292,169746.40625,98737,0.0,0.0,0.0
2013-10-15,170605.87611607142,171035.6138392857,167597.71205357142,168457.1875,133584,0.0,0.0,-0.007594969333850066
2013-10-16,167597.6883116883,169316.63896103896,162870.57402597403,165449.0,174775,0.0,0.0,-0.017857281987448625
2013-10-17,166308.4654880799,167597.67839884022,162011.08911887885,166738.203125,167248,0.0,0.0,0.007792148184637027
2013-10-18,167597.6875,168886.90048076923,165019.26153846155,167597.6875,106984,0.0,0.0,0.005154693758788298
2013-10-21,167597.6751285347,168027.4127570694,165448.98698586118,167167.9375,114513,0.0,0.0,-0.0025641761912734706
2013-10-22,165878.7471945137,172324.8125,165878.7471945137,172324.8125,281993,0.0,0.0,0.03084846937230412
2013-10-23,174903.25909810126,177481.6855221519,168886.93077531646,169746.40625,336062,0.0,0.0,-0.014962478197967033
2013-10-24,171035.5588644802,174903.1971302599,168886.87093904705,173613.984375,153360,0.0,0.0,0.022784447756165616
2013-10-25,173614.02556109725,175762.71399625935,170605.8617518703,172324.8125,125562,0.0,0.0,-0.0074255071078573875
2013-10-28,173184.28787406484,173614.02556109725,168027.4356296758,172324.8125,112887,0.0,0.0,0.0
2013-10-29,171895.03361858192,177481.62221118584,171895.03361858192,175762.671875,183788,0.0,0.0,0.019949880258828045
2013-10-30,178770.8535108959,180489.8040254237,176192.4277391041,177481.640625,180507,0.0,0.0,0.009780055865459936
2013-10-31,177481.67856599757,185216.95753497566,175762.72768400243,176622.203125,336969,0.0,0.0,-0.0048424022731224925
2013-11-01,177911.37120535714,182208.74732142856,176192.42075892858,180489.796875,207237,0.0,0.0,0.021897551279341787
2013-11-04,181349.32256861575,182638.5357622315,177911.42071897376,180060.109375,141124,0.0,0.0,-0.0023806747386256877
2013-11-05,179630.34619372038,181779.0345453199,177051.92017180094,181349.296875,135503,0.0,0.0,0.007159761839948153
2013-11-06,180489.83242753622,183927.73399758452,177481.66855374395,177911.40625,199492,0.0,0.0,-0.018957286762295356
2013-11-07,177051.9177631579,179630.34375,174473.4917763158,179630.34375,136612,0.0,0.0,0.009661761076659392
2013-11-08,179200.60106707318,179200.60106707318,174903.22454268293,176192.4375,132953,0.0,0.0,-0.019138783449552887
2013-11-11,175762.72879464287,179630.36830357142,167167.97433035713,168457.1875,191023,0.0,0.0,-0.04390228156075082
2013-11-12,170176.11908373787,177051.921875,168886.9060603762,177051.921875,189577,0.0,0.0,0.05102028890871746
2013-11-13,178341.09737927874,179630.3101314181,172754.50878667482,175762.671875,251155,0.0,0.0,-0.007281762244355727
2013-11-14,175333.00089928057,182638.54260341724,175333.00089928057,179200.640625,192208,0.0,0.0,0.019560289527488672
2013-11-15,179630.3479217233,181349.29861953884,176622.18420054612,177051.921875,163050,0.0,0.0,-0.01199057515925106
2013-11-18,179200.6251812645,186076.42854553365,177481.6743401972,185216.953125,207472,0.0,0.0,0.04611659203431051
2013-11-19,184357.46875,188225.10795454547,183068.25568181818,184357.46875,150868,0.0,0.0,-0.00464041957552308
2013-11-20,183927.73201650943,186076.4204746462,180489.83048349057,182208.78125,108590,0.0,0.0,-0.011655006518416444
2013-11-21,183068.23691860464,186935.87572674418,181349.28633720928,184787.1875,148318,0.0,0.0,0.014150834182147909
2013-11-22,191663.0300720621,195100.93195676277,188654.86592294901,193811.71875,260327,0.0,0.0,0.048837429543106214
2013-11-25,197679.31505926725,201976.69147359914,195960.3644935345,199398.265625,208435,0.0,0.0,0.02882460829010114
2013-11-26,200257.76231263383,203265.926124197,198109.073875803,200687.5,182316,0.0,0.0,0.006465624818545956
2013-11-27,201117.2466684435,205414.62373400852,198538.82042910447,201546.984375,209269,0.0,0.0,0.004282700093428904
2013-11-28,201976.69984076434,204125.3881369427,199398.27388535033,202406.4375,148458,0.0,0.0,0.0042642817388967025
2013-11-29,205844.34128289475,209282.2425986842,202836.17763157896,204125.390625,211890,0.0,0.0,0.008492581294505586
2013-12-02,205414.6053091398,205844.34297715055,199828.015625,199828.015625,101968,0.0,0.0,-0.02105262352146453
2013-12-03,201117.22856404958,211860.6702608471,201117.22856404958,207993.03125,349509,0.0,0.0,0.040860214717452825
2013-12-04,210571.46732068606,211001.20500909563,202406.45124090437,206703.828125,201934,0.0,0.0,-0.006198299612502067
2013-12-05,206703.81328781514,207993.0262605042,201117.22373949582,204555.125,176065,0.0,0.0,-0.010395081428780428
2013-12-06,204555.14977134147,213149.90396341463,204125.4120617378,211430.953125,231712,0.0,0.0,0.03361357054730352
2013-12-09,211430.94269750518,213149.89345114343,206274.09043659043,206703.828125,135040,0.0,0.0,-0.02235777179325904
2013-12-10,206703.7904050207,210141.6912849379,202836.15191511388,207563.265625,174024,0.0,0.0,0.004157820916022237
2013-12-11,208852.46234631145,212720.10053790984,207563.24961577868,209711.9375,142572,0.0,0.0,0.010351888945907994
2013-12-12,208852.50328608247,212290.40457474228,207993.02796391753,208422.765625,84527,0.0,0.0,-0.0061473461662142626
2013-12-13,208422.765625,209711.97860824742,206703.8149806701,208422.765625,72027,0.0,0.0,0.0
2013-12-16,211430.92844387755,214439.09205994898,209282.24014668367,210571.453125,129127,0.0,0.0,0.010309274486195008
2013-12-17,213149.8765432099,214009.35185185185,204984.8611111111,208852.5,189375,0.0,0.0,-0.008163277118003243
2013-12-18,210141.70967017455,212290.3979081109,205844.33319430184,209282.234375,116613,0.0,0.0,0.0020575974671119823
2013-12-19,212290.40540364585,212290.40540364585,204125.38981119794,206274.078125,115779,0.0,0.0,-0.014373681832017704
2013-12-20,204984.85683139533,207993.0203488372,198968.5297965116,203265.90625,269989,0.0,0.0,-0.014583373259227872
2013-12-23,205414.6053091398,205414.6053091398,198109.06495295698,199828.015625,189289,0.0,0.0,-0.016913267396509113
2013-12-24,202406.4320136037,210141.70967017455,201546.95671842917,209282.234375,264870,0.0,0.0,0.047311778183004805
2013-12-26,210141.70857558138,211430.9215116279,203265.90625,203265.90625,192855,0.0,0.0,-0.028747438323979857
2013-12-27,206367.9065682281,213692.02851323827,205506.24516293278,211537.875,239945,600.0,0.0,0.04069530843911506
2013-12-30,211537.87515719316,215415.35148390342,209814.55234532192,214122.859375,144641,0.0,0.0,0.01221996001898007
2014-01-02,216277.00198108383,218000.3247060327,210676.203125,210676.203125,139646,0.0,0.0,-0.01609662910377896
2014-01-03,213261.17830300634,214553.67029272154,204213.734375,204213.734375,181884,0.0,0.0,-0.030674887121283634
2014-01-06,203352.07264957263,203782.9033119658,198182.1047008547,201628.75,225073,0.0,0.0,-0.01265822978513853
2014-01-07,203352.1015789474,208091.2395394737,202490.44013157894,204644.59375,133902,0.0,0.0,0.014957409347625239
2014-01-08,205506.23008510045,207229.55276925222,189996.32592773438,193012.140625,638009,0.0,0.0,-0.05684222051431542
2014-01-09,191719.6325296946,196027.93887867648,189565.47935520363,190427.140625,380438,0.0,0.0,-0.013392939903310808
2014-01-10,191719.63810257846,193873.7913396861,181810.53321188342,192150.46875,730115,0.0,0.0,0.009049803086597086
2014-01-13,193442.97057769497,194304.63191657112,185688.01852780965,187842.171875,289892,0.0,0.0,-0.022421474706915023
2014-01-14,186118.85706150343,189134.671875,184395.53431093396,189134.671875,215949,0.0,0.0,0.006880776489637697
2014-01-15,189996.34385486576,196027.9738185123,189134.6824314877,192581.328125,251594,0.0,0.0,0.018223291455931045
2014-01-16,194735.45860745615,198182.10389254388,193012.13596491228,196458.78125,289620,0.0,0.0,0.020134107302880455
2014-01-17,194735.50043202765,196458.82344470045,186118.88536866358,186980.546875,356618,0.0,0.0,-0.04824540962075219
2014-01-20,183533.88529146634,186549.7003079928,177502.25525841347,179225.578125,338211,0.0,0.0,-0.0414747356321743
2014-01-21,178794.7346347981,182672.21080760096,176640.58120546318,181379.71875,206078,0.0,0.0,0.012019158467981628
2014-01-22,181379.7040632217,186980.50252598152,180087.21211027712,186549.671875,189618,0.0,0.0,0.02850347966481226
2014-01-23,187411.31678132317,187411.31678132317,180518.0269686768,183964.671875,211403,0.0,0.0,-0.013856899205548334
2014-01-24,182241.38510139225,183103.0464966707,176209.7553344431,177933.078125,210599,0.0,0.0,-0.03278669588310057
2014-01-27,172332.26781170483,175348.08249840967,169316.453125,169316.453125,317122,0.0,0.0,-0.048426212207416164
2014-01-28,166300.64373425694,171901.44261649874,164146.4903180101,171039.78125,437862,0.0,0.0,0.010178149218184496
2014-01-29,171901.44261649874,173624.7653494962,170178.11988350126,171039.78125,160955,0.0,0.0,0.0
2014-02-03,167162.30164473684,169316.45501644738,163715.65625,163715.65625,238500,0.0,0.0,-0.04282117847949485
2014-02-04,160699.85433070865,167593.14566929135,160699.85433070865,164146.5,273909,0.0,0.0,0.002631658815465343
2014-02-05,166300.62063769036,171470.58811865482,166300.62063769036,169747.265625,242011,0.0,0.0,0.03412053028849238
2014-02-06,170178.1431640625,172332.296875,168023.989453125,172332.296875,143636,0.0,0.0,0.015228706279786453
2014-02-07,173193.958359375,174055.61984375,170178.1431640625,172332.296875,116811,0.0,0.0,0.0
2014-02-10,174055.56816789217,177502.21308210783,173193.90693933822,175778.890625,182623,0.0,0.0,0.019999697169358566
2014-02-11,175348.06001072304,181810.51922487744,174917.22939644608,175778.890625,195472,0.0,0.0,0.0
2014-02-12,176209.7580367823,180087.234375,169747.2974730861,180087.234375,214144,0.0,0.0,0.024510017867795275
2014-02-13,183103.03415697676,187842.1715116279,181810.5421511628,185257.1875,427186,0.0,0.0,0.02870804886833067
2014-02-14,185688.02560866982,186118.85629453682,180518.05737826604,181379.71875,198085,0.0,0.0,-0.020930193329206204
2014-02-17,182672.234375,183533.89585790093,178794.75770194575,182672.234375,120733,0.0,0.0,0.00712602067037893
2014-02-18,182672.21860047846,183533.8800089713,179656.40367075359,180087.234375,84471,0.0,0.0,-0.014151028528470055
2014-02-19,178794.74482913667,181379.72909172662,176640.5912769784,179656.40625,203178,0.0,0.0,-0.002392330175401969
2014-02-20,179656.40884164665,182672.2238581731,177502.25525841347,179225.578125,150736,0.0,0.0,-0.002398067143792759
2014-02-21,179225.57266009852,180948.8954741379,174055.6042179803,174917.265625,231981,0.0,0.0,-0.024038491297236564
2014-02-24,174055.60339095746,174486.4340924202,161561.51304853725,161992.34375,689442,0.0,0.0,-0.07389163001615495
2014-02-25,163715.68475452196,167593.161498708,160269.03875968992,166731.5,375780,0.0,0.0,0.029255433561192534
2014-02-26,167162.30454545454,168885.62727272726,165438.9818181818,165869.8125,187972,0.0,0.0,-0.00516811460341926
2014-02-27,165869.8077687659,171039.77580311705,165869.8077687659,169316.453125,195648,0.0,0.0,0.02077919166273845
2014-02-28,169316.44977094242,169316.44977094242,163284.8205170157,164577.3125,244351,0.0,0.0,-0.02798984113789149
2014-03-03,165008.14356475516,168885.61952319587,162853.9902545103,167162.296875,210960,0.0,0.0,0.015706808768067626
2014-03-04,168454.77375475888,170178.0962484137,166731.45126110406,169747.265625,154035,0.0,0.0,0.015463826462811747
2014-03-05,170178.15337375624,174055.63028606967,168885.66106965175,173193.96875,305576,0.0,0.0,0.020304911023511618
2014-03-06,173193.9706145585,180518.09375,173193.9706145585,180518.09375,385843,0.0,0.0,0.042288568434921237
2014-03-07,180948.888064133,182241.38012173396,177933.07326306414,181379.71875,156610,0.0,0.0,0.004773067242739959
2014-03-10,181810.53277811737,184826.34730287286,176209.734375,176209.734375,225039,0.0,0.0,-0.028503651955298914
2014-03-11,177071.41914254925,178794.74195658867,174486.43492149014,174917.265625,123885,0.0,0.0,-0.007334831725297475
2014-03-12,174917.26002209596,175778.92140151517,168885.6303661616,170608.953125,193519,0.0,0.0,-0.024630573114700183
2014-03-13,172332.2674418605,186980.51017441862,172332.2674418605,185257.1875,366409,0.0,0.0,0.08585853266602994
2014-03-14,183964.69549418605,189565.49418604653,182241.37281976745,185257.1875,254214,0.0,0.0,0.0
2014-03-17,192150.47127808988,197320.43911516856,188703.8260533708,191719.640625,317988,0.0,0.0,0.03488368366274597
2014-03-18,192581.29379949096,193012.12443438914,185688.00364111993,190427.140625,242099,0.0,0.0,-0.0067416149737528075
2014-03-19,192581.29939742154,197320.4365190583,186549.6703335202,192150.46875,282023,0.0,0.0,0.009049803086597086
2014-03-20,192150.5209037162,194735.50548986488,187411.38249577704,191288.859375,166289,0.0,0.0,-0.004484034728642783
2014-03-21,193873.7913396861,194304.62198710762,190857.97680773542,192150.46875,98444,0.0,0.0,0.004504231860732233
2014-03-24,192581.3077953297,196458.7837912088,190427.15446428573,196027.953125,139601,0.0,0.0,0.02017941668435297
2014-03-25,194735.50548986488,196458.8285472973,188703.87478885136,191288.859375,159197,0.0,0.0,-0.024175601869280583
2014-03-26,190857.98141409818,191288.8120719178,185688.01352026255,188703.828125,177089,0.0,0.0,-0.013513757457941367
2014-03-27,186549.67278792136,191719.640625,186549.67278792136,191719.640625,173158,0.0,0.0,0.015981724006162157
2014-03-28,191719.6376065341,192581.29889914772,187842.1617897727,189565.484375,114264,0.0,0.0,-0.01123597062344539
2014-03-31,189996.32522219038,190427.15589162844,185688.01852780965,187842.171875,128925,0.0,0.0,-0.009090855889097083
2014-04-01,187411.34912443053,192150.4866884966,186549.68774914579,189134.671875,165993,0.0,0.0,0.006880776489637697
2014-04-02,189134.66246565935,197320.44512362638,187411.33980082418,196027.953125,317263,0.0,0.0,0.03644641768567847
2014-04-03,197320.46067650334,198182.1220768374,192581.3229746659,193442.984375,155215,0.0,0.0,-0.013186735405800287
2014-04-04,192581.29379949096,193012.12443438914,188703.81808540726,190427.140625,173705,0.0,0.0,-0.015590349578941676
2014-04-07,189565.5044642857,189565.5044642857,180087.2292410714,180948.890625,333943,0.0,0.0,-0.04977362979295641
2014-04-08,180087.2292410714,182672.21339285714,178794.73716517855,180948.890625,112139,0.0,0.0,0.0
2014-04-09,182672.21080760096,183964.7028652019,180518.05737826604,181379.71875,76076,0.0,0.0,0.0023809381948234343
2014-04-10,182672.1800351288,185687.99432816159,181810.51880854802,183964.671875,102914,0.0,0.0,0.014251610614541166
2014-04-11,180518.06231083535,180948.89300847455,174055.60184624695,177933.078125,340384,0.0,0.0,-0.03278669588310057
2014-04-14,178363.89826642335,178794.72893856445,176209.74490571776,177071.40625,92877,0.0,0.0,-0.0048426739090899895
2014-04-15,178363.90083841461,180087.22355182926,174486.4247332317,176640.578125,135627,0.0,0.0,-0.0024330756395063435
2014-04-16,177071.41709558823,183103.046875,175778.925,183103.046875,193921,0.0,0.0,0.03658541439683716
2014-04-17,184395.53592995167,184395.53592995167,177502.24486714974,178363.90625,134115,0.0,0.0,-0.025882369004133987
2014-04-18,178363.90625,180087.2290157005,177502.24486714974,178363.90625,74548,0.0,0.0,0.0
2014-04-21,178363.9088226392,179656.40091555688,177502.24742736077,177933.078125,71685,0.0,0.0,-0.0024154445484959597
2014-04-22,177933.0859750601,180948.90099158656,177933.0859750601,179225.578125,117470,0.0,0.0,0.007263966956678081
2014-04-23,180087.1967677696,181810.51922487744,174055.56816789217,175778.890625,174856,0.0,0.0,-0.019231002271317132
2014-04-24,176209.7553344431,177933.078125,171470.6176604116,177933.078125,155729,0.0,0.0,0.01225509782397971
2014-04-25,174917.265625,177071.41914254925,173624.77351447043,174917.265625,106167,0.0,0.0,-0.016949139147030112
2014-04-28,174917.22939644608,176209.72123927696,173193.90693933822,175778.890625,65823,0.0,0.0,0.004925900235870362
2014-04-29,175778.9087837838,176640.57010135136,174055.58614864864,175348.078125,48235,0.0,0.0,-0.0024508773406647366
2014-04-30,175348.08608993902,176640.578125,172763.10201981707,176640.578125,99295,0.0,0.0,0.007371053129413996
2014-05-02,175778.9270320197,177502.2498460591,173193.94281096058,174917.265625,91248,0.0,0.0,-0.009756039740656308
2014-05-07,174055.58704188484,174486.41770287958,164146.48183900525,164577.3125,228952,0.0,0.0,-0.059113393340869624
2014-05-08,165008.15415877526,171039.7838147096,163715.66208964647,170608.953125,214910,0.0,0.0,0.03664928375227894
2014-05-09,168885.63271208227,171039.7861905527,166300.64853791773,167593.140625,87805,0.0,0.0,-0.017676754031720754
2014-05-12,166300.64373425694,171901.44261649874,165438.9823677582,171039.78125,88311,0.0,0.0,0.020565523219784332
2014-05-13,171901.44261649874,172763.10398299748,169316.45851700252,171039.78125,117120,0.0,0.0,0.0
2014-05-14,171470.58811865482,174055.57185913707,167593.11250793148,169747.265625,189979,0.0,0.0,-0.007556812897876686
2014-05-15,171039.7593294903,180518.03314623787,170178.09807342233,177502.21875,305281,0.0,0.0,0.0456852904018612
2014-05-16,163715.66395888594,165438.98673740053,155099.050066313,162423.171875,1531052,0.0,0.0,-0.08495131486912755
2014-05-19,163715.65851206434,165438.98123324398,158545.69034852547,160699.84375,341509,0.0,0.0,-0.010610112492608237
2014-05-20,159407.35079225354,160699.84282570423,151221.5679137324,152944.890625,526234,0.0,0.0,-0.04825737812828457
2014-05-21,153375.71875,155960.7027738764,152514.05740870786,153375.71875,288552,0.0,0.0,0.002816884717360857
2014-05-22,153806.55455508473,154237.38524011298,150359.90907485876,152514.0625,266536,0.0,0.0,-0.005617944333186742
2014-05-23,152944.89597841224,156822.37221448467,152944.89597841224,154668.21875,158546,0.0,0.0,0.01412431230726674
2014-05-26,155529.901264245,155960.73201566952,149498.270744302,151221.59375,238612,0.0,0.0,-0.02228398974175161
2014-05-27,151221.57537030347,152944.89816654625,147774.92977781792,149067.421875,212141,0.0,0.0,-0.014245134055135611
2014-05-28,150359.8868343195,150790.71745562128,144328.25813609466,145620.75,378761,0.0,0.0,-0.02312156359617057
2014-05-29,145620.7678436556,146913.25986593656,140881.6304286254,142604.953125,364644,0.0,0.0,-0.020709939174190506
2014-05-30,143466.61479970327,148205.7522255193,143466.61479970327,145189.9375,371721,0.0,0.0,0.01812689053467964
2014-06-02,146482.4291918429,146913.25986593656,142604.953125,142604.953125,264314,0.0,0.0,-0.01780415653805212
2014-06-03,141743.3251953125,145189.97140066963,137435.01743861608,144759.140625,295902,0.0,0.0,0.015105979510485534
2014-06-05,145189.93977272726,145620.77045454545,141743.2943181818,142174.125,216216,0.0,0.0,-0.017857356805512592
2014-06-09,142174.1331521739,149067.42445652172,142174.1331521739,148636.59375,247031,0.0,0.0,0.04545460540024426
2014-06-10,150359.9065580986,153806.5519806338,149929.07588028169,152944.890625,306155,0.0,0.0,0.028985438688445386
2014-06-11,153375.7216066482,155960.70567867038,152083.22957063714,155529.875,252747,0.0,0.0,0.01690141046514615
2014-06-12,154668.21364265928,157253.19771468145,152944.89092797783,155529.875,174045,0.0,0.0,0.0
2014-06-13,155529.8699207989,157253.1925792011,152514.05526859505,156391.53125,173441,0.0,0.0,0.00554013336666026
2014-06-16,155099.05202513968,155960.71342527933,151652.40642458102,154237.390625,112620,0.0,0.0,-0.013774023489523168
2014-06-17,153806.55736420612,155099.04944289694,152514.06528551533,154668.21875,74685,0.0,0.0,0.002793279393888959
2014-06-18,155099.0463362069,155529.87702047414,149929.078125,149929.078125,140115,0.0,0.0,-0.03064068794029473
2014-06-19,150359.91397218208,152514.06746748555,146051.60698157514,149067.421875,291569,0.0,0.0,-0.005747092297076706
2014-06-20,149067.43229166666,149929.09375,146482.44791666666,147344.109375,181092,0.0,0.0,-0.011560624570572386
2014-06-23,146913.26837969653,149929.0832731214,146913.26837969653,149067.421875,130804,0.0,0.0,0.011695835736561744
2014-06-24,151221.5679137324,155529.8746919014,150790.7372359155,152944.890625,221841,0.0,0.0,0.026011510102129654
2014-06-25,153806.57825854703,154668.23976139602,151221.59375,151221.59375,103353,0.0,0.0,-0.011267436708463086
2014-06-26,152083.23712465086,154668.22132506984,151652.40642458102,154237.390625,152510,0.0,0.0,0.01994289836665608
2014-06-27,154668.22391456584,155099.05462184874,152083.23967086835,153806.5625,99279,0.0,0.0,-0.002793279393888848
2014-06-30,153806.5575770548,157684.03381849316,152944.89619006848,157253.203125,218511,0.0,0.0,0.022408930860801313
2014-07-01,156822.34875690608,158545.67127071822,155960.6875,155960.6875,221901,0.0,0.0,-0.008219327805822685
2014-07-02,157684.05706885026,162423.19539605617,156822.39555481283,161130.703125,365386,0.0,0.0,0.03314947957638359
2014-07-03,160699.84631216398,162423.1690608199,159407.35425067204,160269.015625,136437,0.0,0.0,-0.005347754855457465
2014-07-04,161561.49922520661,161992.32988980715,156391.53125,156391.53125,180331,0.0,0.0,-0.024193599491947992
2014-07-07,152083.2341498559,153806.55691642652,148205.75792507204,149498.25,460855,0.0,0.0,-0.04407707498547819
2014-07-08,149929.07492581604,150359.90560089023,143897.44547477746,145189.9375,429468,0.0,0.0,-0.0288184811527894
2014-07-09,143897.4790736607,146482.46372767858,143035.81752232142,144759.140625,245205,0.0,0.0,-0.0029671262514318064
2014-07-10,145620.7810582822,146051.6117714724,140019.98178680983,140450.8125,405373,0.0,0.0,-0.02976204546668848
2014-07-11,140881.6458173077,143035.7994230769,138727.49221153845,140019.984375,211392,0.0,0.0,-0.003067466234842886
2014-07-14,141743.2917768127,143466.6144731873,140881.6304286254,142604.953125,106261,0.0,0.0,0.01846142721368227
2014-07-15,143897.43446048634,145189.92638677813,141312.45060790275,141743.28125,240599,0.0,0.0,-0.006042369890509325
2014-07-16,141743.3125483746,142604.97402283282,138296.6666505418,139158.328125,217660,0.0,0.0,-0.018236865283517645
2014-07-17,140019.95704381028,140019.95704381028,133557.49748794214,133988.328125,450928,0.0,0.0,-0.03715192665548561
2014-07-18,133988.3567708333,135711.6796875,132695.8645833333,134419.1875,210166,0.0,0.0,0.003215648564538043
2014-07-21,135280.82308148732,138296.63760878163,134849.99243473102,136142.484375,142086,0.0,0.0,0.012820319085770304
2014-07-22,136142.4948899371,138727.47897012578,136142.4948899371,137004.15625,90820,0.0,0.0,0.006329191647675092
2014-07-23,137004.14258440514,137434.97322146303,133126.66685088424,133988.328125,223865,0.0,0.0,-0.022012676166530576
2014-07-24,134419.17701612905,135711.66910282258,130972.5314516129,133557.515625,289637,0.0,0.0,-0.003215298720632531
2014-07-25,134419.15127388536,135711.64311305733,133988.32066082803,135280.8125,119111,0.0,0.0,0.01290303182816488
2014-07-28,133988.34671001552,139158.31507181676,133126.68531638198,138727.484375,210575,0.0,0.0,0.025477906373455594
2014-07-29,139158.28801751594,140019.94924363057,133988.32066082803,135280.8125,287389,0.0,0.0,-0.024844910080565996
2014-07-30,134850.00771169356,135280.83840725807,130972.5314516129,133557.515625,284144,0.0,0.0,-0.012738664435505198
2014-07-31,134419.1875,134850.01822916666,132695.8645833333,134419.1875,171930,0.0,0.0,0.006451691400275683
2014-08-01,132695.84629478827,134419.16897394136,131834.18495521173,132265.015625,146674,0.0,0.0,-0.016025776639960743
2014-08-04,133126.680129717,137004.15625,132695.84944968554,137004.15625,173533,0.0,0.0,0.03583064351979881
2014-08-05,137434.97322146303,137434.97322146303,133126.66685088424,133988.328125,100099,0.0,0.0,-0.022012676166530576
2014-08-06,133126.6953125,135280.8489583333,132695.8645833333,134419.1875,93065,0.0,0.0,0.003215648564538043
2014-08-07,134850.00771169356,134850.00771169356,132265.02353830644,133557.515625,133970,0.0,0.0,-0.006410333904153354
2014-08-08,133126.680129717,138727.47897012578,132695.84944968554,137004.15625,179937,0.0,0.0,0.025806414628716245
2014-08-11,136573.3491605987,137004.17991504856,131834.2108616505,133126.703125,217475,0.0,0.0,-0.028301718948763654
2014-08-12,133557.5178039966,133988.34850659012,126233.39585990645,126664.2265625,449107,0.0,0.0,-0.048543803841007205
2014-08-13,127095.0464965398,127525.87716262975,121494.24783737025,124510.0625,294224,0.0,0.0,-0.01700688600847433
2014-08-14,130972.51366559486,136142.48131028938,129249.19111736336,133988.328125,688312,0.0,0.0,0.07612449495798779
2014-08-18,132695.88633474577,133557.54793432204,127095.0859375,127095.0859375,323966,0.0,0.0,-0.05144658705696492
2014-08-19,127525.8932466443,130110.87756921141,126664.2318057886,128387.5546875,207825,0.0,0.0,0.010169305449272636
2014-08-20,128818.35687500001,130110.84875,127956.69562500001,129249.1875,142232,0.0,0.0,0.0067111864120883435
2014-08-21,128387.54929123711,128818.37999355671,124940.90367268042,125371.734375,180734,0.0,0.0,-0.02999982591766781
2014-08-22,124510.06230878495,125802.55430506992,121063.41698535839,123217.5703125,261385,0.0,0.0,-0.01718221474113668
2014-08-25,123217.57542913733,125802.5595290493,121494.25269586268,122355.9140625,162334,0.0,0.0,-0.0069929657581682125
2014-08-26,122355.9140625,124510.06747909331,121494.25269586268,122355.9140625,138091,0.0,0.0,0.0
2014-08-27,122786.74983198925,123217.58053315412,117616.78141801075,120201.765625,269598,0.0,0.0,-0.017605593109292994
2014-08-28,119770.92498907342,124079.23164335663,117185.94099650349,123217.5703125,252823,0.0,0.0,0.025089520705615653
2014-08-29,122786.76804956896,126233.41417025862,121494.27575431034,124940.921875,215824,0.0,0.0,0.013986248536870916
2014-09-01,125371.734375,127956.71858891753,123648.41156572166,125371.734375,206705,0.0,0.0,0.0034481296722863597
2014-09-02,126233.39585990645,129680.04148065476,124940.90375212584,126664.2265625,204029,0.0,0.0,0.010309278992934878
2014-09-03,125802.55215443685,126664.21347056313,123648.39886412116,126233.3828125,156761,0.0,0.0,-0.0034014635520425163
2014-09-04,126664.2265625,128387.54937287414,124940.90375212584,126664.2265625,121460,0.0,0.0,0.0034130729954369166
2014-09-05,126664.22648195877,127956.71858891753,124940.90367268042,125371.734375,73789,0.0,0.0,-0.010204082262028735
2014-09-11,126233.38516435986,126664.21583044983,124510.0625,124510.0625,113749,0.0,0.0,-0.006872935748201803
2014-09-12,124510.0518837108,125371.71314242159,122786.72936628919,123648.390625,100311,0.0,0.0,-0.006920499899355503
2014-09-15,122355.92176258992,123217.58318345323,117616.78394784173,119770.9375,324172,0.0,0.0,-0.03135870273281205
2014-09-16,119340.10678956834,120632.59892086331,118909.27607913669,119770.9375,81673,0.0,0.0,0.0
2014-09-17,120201.74776391343,124510.05413537986,120201.74776391343,121925.0703125,172553,0.0,0.0,0.017985438349766625
2014-09-18,124940.90367268042,127095.05718427835,122355.91945876289,125371.734375,196520,0.0,0.0,0.02826870678578275
2014-09-19,125371.73959225172,126664.23175299658,124079.24743150685,125802.5703125,91481,0.0,0.0,0.0034364678741010124
2014-09-22,126233.3744011324,126233.3744011324,122355.89873693378,123648.390625,80561,0.0,0.0,-0.017123495029941815
2014-09-23,122786.73158679328,124510.05413537986,121925.0703125,121925.0703125,72069,0.0,0.0,-0.013937264397775095
2014-09-24,121494.23939732142,121494.23939732142,118478.42494419642,120632.578125,110245,0.0,0.0,-0.01060070897795895
2014-09-25,121494.23939732142,121925.07003348213,118909.25558035713,120632.578125,110813,0.0,0.0,0.0
2014-09-26,118909.27087093862,120201.76294562274,118478.44017937726,119340.1015625,103908,0.0,0.0,-0.010714158501700322
2014-09-29,121063.42409478781,122355.91616697416,115031.79442458486,116755.1171875,154464,0.0,0.0,-0.02166065171015641
2014-09-30,115893.4609375,118047.61448652417,114170.13809828067,115893.4609375,131290,0.0,0.0,-0.007380029850137082
2014-10-01,115893.43430397726,118047.58735795454,112877.62002840909,113739.28125,108853,0.0,0.0,-0.018587586133627765
2014-10-02,112877.6319375,113308.46259375,107707.6640625,107707.6640625,312294,0.0,0.0,-0.053030203120788544
2014-10-06,107707.6640625,109430.9866875,106415.17209375,107707.6640625,186984,0.0,0.0,0.0
2014-10-07,106846.01821862347,109000.17181174089,106415.1875,106415.1875,108805,0.0,0.0,-0.011999856962360722
2014-10-08,105553.53109975962,114170.14588341347,105122.70036057693,112015.9921875,280718,0.0,0.0,0.052631629178870654
2014-10-10,110723.48164828432,111154.31231617647,108138.49764093137,109861.8203125,138892,0.0,0.0,-0.019230931520868966
2014-10-13,107707.66697303922,114170.12699142157,107707.66697303922,109861.8203125,165882,0.0,0.0,0.0
2014-10-14,109861.82821584302,112877.64310804263,109861.82821584302,111154.3203125,100864,0.0,0.0,0.011764778667634479
2014-10-15,116324.28365836467,118478.4370594455,113739.29957706768,114600.9609375,284770,0.0,0.0,0.031007707260591433
2014-10-16,115462.63278301887,121063.43213443396,113308.47918632075,114170.140625,301452,0.0,0.0,-0.003759308028271735
2014-10-17,115462.63278301887,117185.95566037735,113308.47918632075,114170.140625,229787,0.0,0.0,0.0
2014-10-20,115893.44112723213,122355.90066964286,115893.44112723213,120632.578125,321439,0.0,0.0,0.05660356959028667
2014-10-21,121063.42963129496,122786.75247302158,117616.78394784173,119770.9375,195635,0.0,0.0,-0.007142685984105945
2014-10-22,121925.09110876334,122355.92181939502,118478.44542370997,121063.4296875,164259,0.0,0.0,0.01079136737574582
2014-10-23,120632.5935218978,122355.91628649634,117616.77868385035,118047.609375,155179,0.0,0.0,-0.024911076121705067
2014-10-24,120201.76234494275,120201.76234494275,111154.31786736642,112877.640625,211770,0.0,0.0,-0.04379562430253581
2014-10-27,113308.48964319924,114170.15116139848,110292.67432950193,112446.828125,211290,0.0,0.0,-0.0038166327504243203
2014-10-28,112015.98443441064,113308.4765625,109431.00017823193,113308.4765625,120091,0.0,0.0,0.00766271892117909
2014-10-29,114600.96176276408,124510.06747909331,112015.97766285212,122355.9140625,485210,0.0,0.0,0.07984784346658746
2014-10-30,121925.0681075784,127525.8662891986,120201.74559015679,123648.390625,356472,0.0,0.0,0.010563253704596542
2014-10-31,124079.24234693877,129249.21077806121,122786.75023915815,126664.2265625,415433,0.0,0.0,0.024390418041480233
2014-11-03,127956.7186702806,130110.8721832483,126233.39585990645,126664.2265625,266648,0.0,0.0,0.0
2014-11-04,129249.1927948505,133988.32986399502,128818.36215220099,129680.0234375,453781,0.0,0.0,0.023809381360821114
2014-11-05,130972.52069536423,131834.18201572847,127525.87541390728,130110.859375,198917,0.0,0.0,0.0033222999663293784
2014-11-06,130972.52672955974,137865.8176100629,127956.71196933962,137004.15625,449450,0.0,0.0,0.05298018096346935
2014-11-07,137435.0051760836,140450.8203366873,135711.68222716718,139158.328125,290555,0.0,0.0,0.015723405289027603
2014-11-10,137434.99741210937,140450.81240234376,135280.84384765624,137865.828125,241767,0.0,0.0,-0.009287981663871347
2014-11-11,138727.49221153845,140019.984375,137865.83076923076,140019.984375,149769,0.0,0.0,0.01562501947942363
2014-11-12,139589.1713169643,146482.46372767858,138727.509765625,144759.140625,385039,0.0,0.0,0.03384628466539197
2014-11-13,149498.2439104985,150790.73593277947,140881.6304286254,142604.953125,535271,0.0,0.0,-0.014881184640218592
2014-11-14,137865.80696202532,140450.7908425633,133988.33114121834,136142.484375,559497,0.0,0.0,-0.04531728112091127
2014-11-17,137435.0051760836,141312.4818111455,134850.02075270898,139158.328125,247406,0.0,0.0,0.022152113382130967
2014-11-18,138727.47083333333,141743.28541666665,134849.99494047617,135711.65625,242704,0.0,0.0,-0.024767988531049334
2014-11-19,138727.4824963343,147344.0963159824,137434.9904233871,146913.265625,776477,0.0,0.0,0.0825397735502178
2014-11-20,148205.7118263473,149067.37294161678,141312.42290419163,143897.40625,341970,0.0,0.0,-0.02052816239683941
2014-11-21,143897.44514728096,146482.4291918429,142174.12245090635,142604.953125,205975,0.0,0.0,-0.008981768043508476
2014-11-24,144759.09832317074,145189.92897294206,140450.7918254573,141312.453125,262686,0.0,0.0,-0.009063500051551987
2014-11-25,141312.46641791044,146913.26539179104,140881.63572761195,144328.28125,285269,0.0,0.0,0.021341559489681305
2014-11-26,145189.94482725154,146482.43691770185,137865.82298136645,138727.484375,283941,0.0,0.0,-0.038805955606846854
2014-11-27,139589.16399082568,142604.9792622324,135280.85646024466,140881.65625,233029,0.0,0.0,0.015528082879215033
2014-11-28,140019.9843260188,140881.64576802508,137004.16927899688,137435.0,150579,0.0,0.0,-0.024464904386727104
2014-12-01,137434.99484034267,138296.65625,133557.51849688473,138296.65625,146722,0.0,0.0,0.006269554698584701
2014-12-02,137434.97727705791,143466.6063738567,137434.97727705791,141312.453125,269121,0.0,0.0,0.021806723002386397
2014-12-03,143035.81752232142,144759.140625,142174.15597098213,144759.140625,221774,0.0,0.0,0.024390543252059915
2014-12-04,145620.7735520528,147774.9270069648,143897.45078812315,146913.265625,229779,0.0,0.0,0.014880752888553506
2014-12-05,146913.27605685132,151221.58327259475,145620.7838921283,147774.9375,243271,0.0,0.0,0.005865174062629874
2014-12-08,149929.08069164265,150359.9113832853,147344.09654178674,149498.25,165029,0.0,0.0,0.01166173729560871
2014-12-09,149498.22559171598,150359.8868343195,145620.75,145620.75,125031,0.0,0.0,-0.0259367584570388
2014-12-10,146051.60951086954,149067.42445652172,143897.45597826087,148636.59375,152514,0.0,0.0,0.020710261071996916
2014-12-11,147344.08530405405,149929.06925675675,143466.609375,143466.609375,241194,0.0,0.0,-0.034782715646025086
2014-12-12,143897.44609598853,151652.3982808023,141743.29271131806,150359.90625,301915,0.0,0.0,0.048048092200896564
2014-12-15,151652.38611111112,156822.35381944446,150359.89418402777,155099.03125,462124,0.0,0.0,0.03151854186527858
2014-12-16,155099.06515580736,155529.89589235128,151221.58852691218,152083.25,204959,0.0,0.0,-0.01944423008767182
2014-12-17,152944.88807935393,155960.7027738764,150790.7347261236,153375.71875,174103,0.0,0.0,0.008498429314207856
2014-12-18,154237.3699652778,155960.69253472224,152514.04739583333,155099.03125,183470,0.0,0.0,0.011235888666373484
2014-12-19,155529.87806619622,161561.50768649194,154237.3860047043,160269.015625,336844,0.0,0.0,0.033333440791558866
2014-12-22,160699.823125,161561.484375,158976.50062500002,161561.484375,129351,0.0,0.0,0.008064370676763577
2014-12-23,162423.16055440772,162423.16055440772,154237.37792699726,156391.53125,283498,0.0,0.0,-0.03199991102458577
2014-12-24,157684.02324380167,157684.02324380167,153806.5472623967,156391.53125,123948,0.0,0.0,0.0
2014-12-26,157253.2029073816,157253.2029073816,154237.38805710306,154668.21875,159393,0.0,0.0,-0.011019218791618601
2014-12-29,155485.15833333335,160316.61805555556,155485.15833333335,158120.5,139059,3430.0,0.0,0.022320559956665376
2014-12-30,158120.49622252746,161634.28502747254,157242.0490212912,159877.390625,161301,0.0,0.0,0.011111086955834404
2015-01-02,158998.958015928,159438.18165685594,155924.39252943214,158559.734375,171149,0.0,0.0,-0.008241667222919746
2015-01-05,158998.97060723515,169979.5625,158120.52325581395,169979.5625,551543,0.0,0.0,0.07202224555946635
2015-01-06,167783.4392719072,172175.67590206183,167344.21560889174,170418.78125,251262,0.0,0.0,0.002583950349913433
2015-01-07,171297.22080592104,172614.89173519737,164269.64251644738,166904.984375,213581,0.0,0.0,-0.020618601126159652
2015-01-08,167344.19825752618,169101.09272742146,165148.08017015707,167783.421875,133762,0.0,0.0,0.0052630992614717265
2015-01-09,168222.6571810233,170418.77542098446,166026.53894106217,169540.328125,179194,0.0,0.0,0.010471274398664354
2015-01-12,169979.54878339695,174811.0088263359,169979.54878339695,172614.890625,171975,0.0,0.0,0.018134697118983745
2015-01-13,172614.90455426357,174811.02293281656,169540.3388242894,169979.5625,130889,0.0,0.0,-0.015267096108904976
2015-01-14,170858.02986292428,173054.14849869453,167783.46377284595,168222.6875,97220,0.0,0.0,-0.01033580139965351
2015-01-15,167783.44327799478,169101.1142985026,166465.77225748697,168661.890625,118100,0.0,0.0,0.002610843587907752
2015-01-16,168222.6571810233,169540.328125,165148.09164507771,169540.328125,121713,0.0,0.0,0.005208274950226244
2015-01-19,170418.76752645502,171297.21478174604,165587.3076223545,166026.53125,163517,0.0,0.0,-0.02072543396524107
2015-01-20,166026.5755635246,166905.02305327868,157681.32441086066,160755.890625,326889,0.0,0.0,-0.03174577331296258
2015-01-21,161195.1051212938,163830.4474393531,158998.98652291106,162952.0,179255,0.0,0.0,0.013661144026895666
2015-01-22,162512.73717286502,164708.8552427686,158559.72464703856,159438.171875,147707,0.0,0.0,-0.021563577771368303
2015-01-23,159438.19899523162,161195.09375,153289.06735354222,161195.09375,322591,0.0,0.0,0.011019455719659454
2015-01-26,160755.8580969657,168661.88390501318,160755.8580969657,166465.765625,260805,0.0,0.0,0.03269747082485264
2015-01-27,169101.0966435185,171297.21478174604,166026.53125,166026.53125,255246,0.0,0.0,-0.002638586819042832
2015-01-28,190623.09375,190623.09375,189305.42259504608,190623.09375,964586,0.0,0.0,0.14814838516961437
2015-01-29,180960.16766826925,197211.44486177884,175689.48317307694,182717.0625,1892717,0.0,0.0,-0.04147467704185237
2015-01-30,184473.9542079208,189744.63861386137,174371.80909653465,177446.375,781159,0.0,0.0,-0.028846170291293993
2015-02-02,180081.70043640898,183595.48971321696,176128.6875,176128.6875,357795,0.0,0.0,-0.00742583498817595
2015-02-03,179203.25145348837,188866.171875,171736.44930959304,188866.171875,660131,0.0,0.0,0.07231919203962733
2015-02-04,185791.60329662473,201164.43099256293,185352.37964816936,191940.734375,1163648,0.0,0.0,0.016279053413730926
2015-02-05,194136.83862704918,195015.28586065574,185352.36629098363,187548.484375,385720,0.0,0.0,-0.022883365609192352
2015-02-06,185791.61025528167,194576.08355340373,185791.61025528167,187109.28125,348357,0.0,0.0,-0.002341811113342973
2015-02-09,195454.52356264304,198968.31275028604,188866.16883581236,191940.734375,453310,0.0,0.0,0.025821557822909957
2015-02-10,192819.20578379952,192819.20578379952,179203.27097902098,188426.96875,436237,0.0,0.0,-0.0183065133956144
2015-02-11,186670.07663335322,190183.8663111575,183595.51066527446,184034.734375,375425,0.0,0.0,-0.02331000919951909
2015-02-12,186230.82235221675,187109.26962746304,175689.45504926107,178324.796875,442684,0.0,0.0,-0.031026412048744567
2015-02-13,178324.80990239294,180960.1519206549,171297.2311870277,174371.796875,365767,0.0,0.0,-0.02216741624986074
2015-02-16,173054.12822997416,173932.57558139536,169101.11514857883,169979.5625,250810,0.0,0.0,-0.025188903559608344
2015-02-17,168222.66024901054,175689.4624010554,163391.20003298152,166465.765625,688792,0.0,0.0,-0.02067187856775432
2015-02-23,166904.984375,169540.32623355262,165148.08980263158,166904.984375,261351,0.0,0.0,0.002638492955899574
2015-02-24,169101.12922408135,173054.14263451443,166905.01066272965,167344.234375,383476,0.0,0.0,0.0026317368630113247
2015-02-25,167783.41944444444,168661.86666666667,157242.05277777778,158120.5,761887,0.0,0.0,-0.0551183278554469
2015-02-26,158998.94342376373,160755.83782623627,157242.0490212912,159877.390625,251069,0.0,0.0,0.011111086955834404
2015-02-27,161195.09633228293,161634.32002801122,155045.96459208685,156802.859375,370454,0.0,0.0,-0.019230556853479408
2015-03-02,156363.6161703601,158559.734375,154167.49796572022,158559.734375,259000,0.0,0.0,0.011204355628479767
2015-03-03,159877.39548898072,162951.96078684574,156802.8301911157,159438.171875,342350,0.0,0.0,0.005540104513056532
2015-03-04,160316.61910296144,160755.84271694213,158120.50103305784,159438.171875,227719,0.0,0.0,0.0
2015-03-05,160316.66688012294,164269.6805840164,159438.21939036885,160755.890625,307343,0.0,0.0,0.008264763290393828
2015-03-06,162073.51860119047,166465.7548776455,161634.29497354498,166026.53125,370874,0.0,0.0,0.03278660958866486
2015-03-09,165148.10959383755,165148.10959383755,155924.41198354342,156802.859375,262856,0.0,0.0,-0.05555540915994417
2015-03-10,157242.0901056851,157681.31382106413,148457.61579810496,150653.734375,516051,0.0,0.0,-0.039215643289349345
2015-03-11,149775.2626167385,155485.16998922414,149775.2626167385,152849.828125,277454,0.0,0.0,0.01457709468079682
2015-03-12,153728.271484375,157242.060546875,151971.376953125,154606.71875,243339,0.0,0.0,0.011494227023685077
2015-03-13,156363.6531762295,161195.11436987706,155924.42943135247,160755.890625,247794,0.0,0.0,0.03977299256278277
2015-03-16,162073.5185169199,162073.5185169199,157681.28224274862,158998.953125,102992,0.0,0.0,-0.01092922625210957
2015-03-17,160755.84271694213,160755.84271694213,158559.72464703856,159438.171875,93826,0.0,0.0,0.0027624002634452083
2015-03-18,159877.4013252149,163830.41399534384,151971.375984957,153289.046875,289435,0.0,0.0,-0.03856745801639605
2015-03-19,154167.48497596153,154606.70857988164,146700.68370931954,148457.578125,427503,0.0,0.0,-0.031518682179163315
2015-03-20,149775.2616847826,151532.15625,147579.14347826087,151532.15625,205765,0.0,0.0,0.020710146048666056
2015-03-23,152410.609375,154167.50400756486,151092.9384005764,152410.609375,121309,0.0,0.0,0.00579714000473075
2015-03-24,151971.40205357142,154167.52058035714,151971.40205357142,153728.296875,90379,0.0,0.0,0.008645641569202667
2015-03-25,153728.27727754237,155485.171875,152410.60632944916,155485.171875,100097,0.0,0.0,0.011428442490510005
2015-03-26,153728.27727754237,156363.6191737288,153289.05362817796,155485.171875,124493,0.0,0.0,0.0
2015-03-27,157242.06961455333,157242.06961455333,149336.04376801153,152410.609375,197652,0.0,0.0,-0.019773991712031203
2015-03-30,151971.37989130436,153728.27445652173,150653.7089673913,151532.15625,74327,0.0,0.0,-0.0057637268730984514
2015-03-31,154167.4885072314,159877.39548898072,152849.81766528924,159438.171875,324017,0.0,0.0,0.05217384758886778
2015-04-01,160316.65280577957,164708.8898689516,159877.42909946237,163391.21875,347303,0.0,0.0,0.024793603868584313
2015-04-02,163391.17942994507,163830.40303056317,158998.94342376373,159877.390625,221362,0.0,0.0,-0.021505611818566583
2015-04-03,161195.070375,165587.306625,160755.84675,164708.859375,179224,0.0,0.0,0.030219837408608008
2015-04-06,164269.67115902965,166026.56603773584,162952.0,162952.0,106342,0.0,0.0,-0.010666453411592669
2015-04-07,165148.0918918919,165587.31554054056,161634.3027027027,162512.75,74564,0.0,0.0,-0.002695579066228082
2015-04-08,162951.9659343274,173054.109375,162951.9659343274,173054.109375,314063,0.0,0.0,0.06486481445301995
2015-04-09,173493.33300285533,174371.78025856597,171297.21486357867,173054.109375,175027,0.0,0.0,0.0
2015-04-10,172614.88574714467,174811.0038864213,169979.54398001268,173054.109375,144123,0.0,0.0,0.0
2015-04-13,170857.990125,171297.21375,162073.517625,164708.859375,360016,0.0,0.0,-0.04822335644117093
2015-04-14,164269.64157824934,167344.20706233423,162512.74701591514,165587.3125,150811,0.0,0.0,0.0053333690023313896
2015-04-15,165587.34303977274,166465.79048295456,162952.0007102273,164269.671875,117426,0.0,0.0,-0.007957376716286713
2015-04-16,162952.00934938525,164269.6805840164,159438.21939036885,160755.890625,219835,0.0,0.0,-0.021390322449014176
2015-04-17,161195.07905405405,163830.42094594595,160755.8554054054,162512.75,113192,0.0,0.0,0.010928740266807901
2015-04-20,160755.8765120968,164708.8898689516,159877.42909946237,163391.21875,119085,0.0,0.0,0.005405537411679928
2015-04-21,163391.20178571428,169979.55669642857,162073.53080357143,169101.109375,244165,0.0,0.0,0.0349461291046278
2015-04-22,173054.1340777635,175689.47622107968,165148.1076478149,170858.015625,269269,0.0,0.0,0.010389679029862986
2015-04-23,175250.2323502445,182277.8105898533,173932.56143031784,179642.46875,549040,0.0,0.0,0.05141376067646819
2015-04-24,180960.125,182717.01941747573,177007.1125606796,180960.125,234061,0.0,0.0,0.00733488166338736
2015-04-27,182717.03317535546,187548.4931872038,182277.8095379147,185352.375,243379,0.0,0.0,0.024271921783873607
2015-04-28,186230.82719714966,188426.94544239907,183595.48530285037,184913.15625,186132,0.0,0.0,-0.002369641878071427
2015-04-29,187109.28125,189744.62323943662,184473.93926056338,187109.28125,139931,0.0,0.0,0.01187652108988324
2015-04-30,185352.37606968216,186670.04698960882,179642.46875,179642.46875,160083,0.0,0.0,-0.03990615778179096
2015-05-04,180081.69822080294,186230.82937956206,180081.69822080294,180520.921875,97034,0.0,0.0,0.0048900080872440466
2015-05-06,180081.70546875,182717.0475,174811.02140625,175689.46875,119421,0.0,0.0,-0.026763951096734906
2015-05-07,177446.33616504853,184473.91383495147,177007.1125606796,180960.125,170957,0.0,0.0,0.029999841695121487
2015-05-08,182717.04106280193,185352.38300120772,180520.9227807971,181838.59375,96002,0.0,0.0,0.00485448797076149
2015-05-11,181838.62220149254,183595.51710199006,176128.71377487562,176567.9375,119350,0.0,0.0,-0.028985355315969574
2015-05-12,177885.56353400735,184034.69412530639,177885.56353400735,179203.234375,149188,0.0,0.0,0.014925115580511239
2015-05-13,171297.25014400922,191062.31746831798,169540.35527073732,190623.09375,446686,0.0,0.0,0.06372574364982087
2015-05-14,190623.06830561926,197211.42320097476,189744.62098623853,191501.515625,244278,0.0,0.0,0.004608160835706698
2015-05-15,191501.52800707548,193258.42275943398,185791.6200619104,186230.84375,152681,0.0,0.0,-0.027522872901544426
2015-05-18,187109.30257009345,189305.4211448598,184913.1839953271,187987.75,81600,0.0,0.0,0.009434024002804353
2015-05-19,187109.2744952494,187987.7217933492,182277.8143557007,184913.15625,146827,0.0,0.0,-0.016355287778060057
2015-05-20,186230.8269450801,193258.40532036615,184913.15599971396,191940.734375,153130,0.0,0.0,0.03800474918885066
2015-05-21,190623.08924278847,192819.20778245194,182717.0625,182717.0625,178262,0.0,0.0,-0.04805479100116106
2015-05-22,184473.9375,187109.2794642857,183156.26651785715,184473.9375,112352,0.0,0.0,0.009615276077459933
2015-05-26,184913.18179445105,186230.85292362768,181399.39211664678,184034.734375,77983,0.0,0.0,-0.0023808410605428154
2015-05-27,181838.60103908187,183156.27206110422,173932.57490694788,177007.140625,210846,0.0,0.0,-0.038186235733522755
2015-05-28,176128.67876602564,176567.90240384615,169540.32419871795,171297.21875,200654,0.0,0.0,-0.032258144246829046
2015-05-29,170418.767607868,175250.22751427663,169540.32035215735,173054.109375,150589,0.0,0.0,0.010256387335535688
2015-06-01,170858.01642219388,173493.35857780612,166465.77949617346,172175.6875,128557,0.0,0.0,-0.005075995468541539
2015-06-02,171297.2138746803,175689.45012787724,168222.64849744245,171736.4375,113842,0.0,0.0,-0.002551173202081758
2015-06-03,173932.5705541237,174811.01788015463,169540.33392396907,170418.78125,121502,0.0,0.0,-0.007672549105951942
2015-06-04,169540.31925,172175.661,164269.63575000002,164708.859375,152137,0.0,0.0,-0.03350523829074736
2015-06-05,164708.87276785713,170858.00401785714,163830.42544642856,169101.109375,124575,0.0,0.0,0.026666750147300577
2015-06-08,168661.8914728682,171736.4572028424,165148.10206718347,169979.5625,107186,0.0,0.0,0.005194839514931493
2015-06-09,169101.10259046053,171297.22080592104,166026.5370888158,166904.984375,112233,0.0,0.0,-0.018087928217840887
2015-06-10,168222.64415461433,168222.64415461433,158559.72464703856,159438.171875,219278,0.0,0.0,-0.04473690541933528
2015-06-11,162512.7713373656,166465.78469422043,161195.10021841398,163391.21875,195338,0.0,0.0,0.024793603868584313
2015-06-12,164708.89210137795,168661.90551181103,164708.89210137795,167344.234375,135269,0.0,0.0,0.02419356226878011
2015-06-15,166026.55676529254,170858.0174119016,164708.8856798537,165148.109375,101421,0.0,0.0,-0.013123398055523872
2015-06-16,164269.6661626344,166026.56098790324,161195.10021841398,163391.21875,99580,0.0,0.0,-0.010638272709563079
2015-06-17,163391.22371967655,164269.67115902965,155924.42048517521,162952.0,239648,0.0,0.0,-0.002688141708961922
2015-06-18,164269.63767123286,167783.42671232877,160316.625,160316.625,124418,0.0,0.0,-0.016172707300309286
2015-06-19,162951.964875,168222.648375,161634.294,164708.859375,148181,0.0,0.0,0.027397248257939655
2015-06-22,166904.98648648648,168661.88108108108,162073.52635135135,162512.75,69508,0.0,0.0,-0.013333280209293585
2015-06-23,166465.79182213932,187109.3069029851,165148.12064676618,176567.9375,524082,0.0,0.0,0.08648667566083268
2015-06-24,177007.16555433418,178324.83676193468,171736.48072393215,174811.046875,142126,0.0,0.0,-0.009950224541757424
2015-06-25,175250.22185202205,180520.90521599265,173054.103783701,179203.234375,179456,0.0,0.0,0.025125342926071825
2015-06-26,179203.25579268293,185352.38711890244,176128.69012957317,180081.703125,176850,0.0,0.0,0.004902080886340032
2015-06-29,176128.69155384132,181838.59926007557,173932.57320528966,174371.796875,188120,0.0,0.0,-0.03170730924305276
2015-06-30,173932.57320528966,176567.91522355162,170418.78384760706,174371.796875,160935,0.0,0.0,0.0
2015-07-01,176128.70759994033,186230.85292362768,175689.4838902148,184034.734375,213960,0.0,0.0,0.05541571328147166
2015-07-02,185791.58464805825,186670.03185679612,180960.125,180960.125,123072,0.0,0.0,-0.01670667977673712
2015-07-03,184034.7336237981,187987.7469951923,180520.94396033656,182717.0625,125742,0.0,0.0,0.00970897594152298
2015-07-06,178324.81578947368,180081.7105263158,175250.25,175250.25,130341,0.0,0.0,-0.040865436417575896
2015-07-07,178764.00697815535,185791.58464805825,176128.66535194175,180960.125,211715,0.0,0.0,0.03258126593257349
2015-07-08,184034.71383928572,191501.51607142857,182277.81919642858,184473.9375,324511,0.0,0.0,0.019417606503090212
2015-07-09,186230.84375,186670.06743808964,177446.36998820756,186230.84375,198515,0.0,0.0,0.00952387244404096
2015-07-10,187987.74776252982,189744.642601432,183156.28695554892,184034.734375,124783,0.0,0.0,-0.011792404151635072
2015-07-13,185352.38438933485,192379.96294438074,184473.93706995412,191501.515625,243904,0.0,0.0,0.04057267382354701
2015-07-14,193258.38470319635,194136.8319063927,189744.59589041097,192379.9375,208762,0.0,0.0,0.004587023095525389
2015-07-15,193697.6072198276,196772.1724137931,190623.04202586206,191062.265625,113073,0.0,0.0,-0.006849320631471811
2015-07-16,195454.5265397609,213462.69640072764,193697.6319191788,211266.578125,643485,0.0,0.0,0.10574726743613105
2015-07-17,212584.2581407563,212584.2581407563,204678.23201155462,209070.46875,267548,0.0,0.0,-0.01039496826469466
2015-07-20,211705.81165187893,219611.8378131524,208192.0222468685,210388.140625,224302,0.0,0.0,0.006302525090598143
2015-07-21,213462.70888831967,216537.27465420082,207752.80103739756,214341.15625,163876,0.0,0.0,0.018789156143767416
2015-07-22,212584.2302701271,214780.34835143006,207313.546875,207313.546875,125918,0.0,0.0,-0.032787027456375406
2015-07-23,206435.1114130435,207313.55869565217,201164.4277173913,202042.875,179804,0.0,0.0,-0.025423673244942213
2015-07-24,202042.86347987287,211705.78303760593,199846.7453985699,207313.546875,157080,0.0,0.0,0.02608689801607711
2015-07-27,205995.8788642473,210827.3387096774,203360.53713037632,204238.984375,121054,0.0,0.0,-0.014830494901781899
2015-07-28,200285.98529411765,204238.99816176473,197650.64338235295,201603.65625,152306,0.0,0.0,-0.012903159174358803
2015-07-29,204239.0115271855,215658.82722547973,203360.56416577825,205995.90625,229432,0.0,0.0,0.021786559240539516
2015-07-30,208631.21772378177,211705.78303760593,202042.86347987287,207313.546875,153442,0.0,0.0,0.006396440827328265
2015-07-31,210827.3576309795,211266.5812927107,189744.62186788156,192819.1875,467569,0.0,0.0,-0.06991515795028769
2015-08-03,194136.83862704918,198529.07479508198,187109.26075819673,187548.484375,245907,0.0,0.0,-0.027334951429561438
2015-08-04,187987.72153890162,191940.734375,185352.37964816936,191940.734375,150697,0.0,0.0,0.023419277498493596
2015-08-05,191940.71282327586,192379.9364224138,188426.9240301724,191062.265625,87795,0.0,0.0,-0.004576770808241815
2015-08-06,190623.0772911833,193697.6430539443,187987.7352088167,189305.40625,115048,0.0,0.0,-0.00919521899969622
2015-08-07,190183.86656746033,195015.3273809524,186230.85317460317,193697.65625,135591,0.0,0.0,0.023201925856251027
2015-08-10,195015.31751179244,195454.54119988208,185352.39637382075,186230.84375,110529,0.0,0.0,-0.03854880149072537
2015-08-11,186230.82227488153,190183.83501184836,182717.03317535546,185352.375,113038,0.0,0.0,-0.004717095902649016
2015-08-12,184913.1589752907,191501.51380813954,184913.1589752907,188866.171875,128397,0.0,0.0,0.018957387921249902
2015-08-13,191501.51380813954,192819.1847747093,187987.7245639535,188866.171875,92135,0.0,0.0,0.0
2015-08-14,188866.171875,188866.171875,188866.171875,188866.171875,0,0.0,0.0,0.0
2015-08-17,191062.29015261628,194136.85574127908,188866.171875,188866.171875,105879,0.0,0.0,0.0
2015-08-18,190623.08726689976,192379.98208041958,187987.74504662005,188426.96875,82367,0.0,0.0,-0.0023254726912699253
2015-08-19,187987.73684210525,187987.73684210525,177885.59210526317,183595.5,164222,0.0,0.0,-0.02564106816583278
2015-08-20,181399.3537397541,188426.93160860657,176567.89395491805,187548.484375,125466,0.0,0.0,0.021530943705047267
2015-08-21,183595.48745437956,183595.48745437956,171297.22513686132,180520.921875,210886,0.0,0.0,-0.0374706440492929
2015-08-24,176128.69736842107,184913.17105263157,176128.69736842107,183595.5,188418,0.0,0.0,0.017031699667083178
2015-08-25,185352.40398002422,185352.40398002422,177446.37726997578,181399.390625,135322,0.0,0.0,-0.011961673216391522
2015-08-26,180960.13207274827,190183.828125,178764.0139650693,190183.828125,125348,0.0,0.0,0.04842594823352919
2015-08-27,190183.86356351982,192379.98208041958,187109.29763986013,188426.96875,96451,0.0,0.0,-0.009237690671813015
2015-08-28,190183.8397811785,192819.18167191077,188426.945187357,191940.734375,89138,0.0,0.0,0.018647891266891703
2015-08-31,191940.734375,194136.8526172769,189744.6161327231,191940.734375,144637,0.0,0.0,0.0
2015-09-01,188426.94996882795,190623.0682668329,174811.01652119702,176128.6875,421875,0.0,0.0,-0.08237983941494964
2015-09-02,176567.91695099254,183156.27206110422,175689.46960297765,177007.140625,232956,0.0,0.0,0.004987564135456424
2015-09-03,177007.1560449475,179642.49831856953,166026.56323818897,167344.234375,294129,0.0,0.0,-0.054590488360418354
2015-09-04,167344.23719676552,169540.35579514827,162512.77628032345,162952.0,204703,0.0,0.0,-0.02624670274063634
2015-09-07,163391.20654296875,170418.7853190104,163391.20654296875,168661.890625,145153,0.0,0.0,0.03504032245691979
2015-09-08,168222.65434350134,170857.99618700266,164269.64157824934,165587.3125,89081,0.0,0.0,-0.018229240248681666
2015-09-09,168222.66293492267,171736.4522390464,165587.32095682988,170418.78125,150188,0.0,0.0,0.029177771394774066
2015-09-10,169540.33392396907,171297.22857603093,168222.66293492267,170418.78125,95788,0.0,0.0,0.0
2015-09-11,172175.66602564103,173493.33693910256,170418.77147435897,171297.21875,85506,0.0,0.0,0.0051545815171119
2015-09-14,173054.13488520408,173932.58227040817,169979.5690369898,172175.6875,54472,0.0,0.0,0.005128330491355415
2015-09-15,171297.23266601562,172175.68001302084,164269.65388997397,168661.890625,138230,0.0,0.0,-0.020408205862398554
2015-09-16,168661.86910994764,169540.31634489528,167344.19825752618,167783.421875,81605,0.0,0.0,-0.005208460232152712
2015-09-17,169540.325265252,171297.2198275862,165587.3125,165587.3125,156519,0.0,0.0,-0.013088953309321139
2015-09-18,166904.99107142858,171297.22767857142,166465.76741071427,169101.109375,115091,0.0,0.0,0.0212202059562987
2015-09-21,168661.90551181103,169540.3529363517,164269.6683891076,167344.234375,116729,0.0,0.0,-0.010389494229183005
2015-09-22,167783.425760582,168661.87301587302,165148.08399470898,166026.53125,90556,0.0,0.0,-0.007874206900054692
2015-09-23,164708.90432889343,165587.35181864756,160316.66688012294,160755.890625,142342,0.0,0.0,-0.03174577331296258
2015-09-24,162951.97637697888,167344.21293700527,162073.5290649736,166465.765625,91588,0.0,0.0,0.03551891615169245
2015-09-25,166465.7869504593,167344.234375,163830.44467683727,167344.234375,63924,0.0,0.0,0.005277173638085664
2015-09-30,164269.636739418,167344.2021329365,163391.18948412698,166026.53125,72471,0.0,0.0,-0.007874206900054692
2015-10-01,167344.2060096154,172175.66602564103,167344.2060096154,171297.21875,134202,0.0,0.0,0.03174605564735611
2015-10-02,172614.90455426357,173054.12822997416,169101.11514857883,169979.5625,112998,0.0,0.0,-0.007692222089858092
2015-10-05,170858.00491301547,172614.8995650773,169540.33392396907,170418.78125,72847,0.0,0.0,0.002583950349913433
2015-10-06,172175.675,172614.89866071427,167783.43839285715,169101.109375,84055,0.0,0.0,-0.0077319639615718305
2015-10-07,167783.45808727032,170858.02407316273,166905.01066272965,167344.234375,73860,0.0,0.0,-0.010389494229183005
2015-10-08,168222.6532852564,172175.66602564103,167783.4296474359,171297.21875,115226,0.0,0.0,0.02362187373687341
2015-10-12,171297.2335271318,174811.02293281656,168661.8914728682,169979.5625,142015,0.0,0.0,-0.007692222089858092
2015-10-13,170858.00491301547,174371.79421713916,169979.55758698453,170418.78125,111939,0.0,0.0,0.002583950349913433
2015-10-14,172614.8915719697,174811.00978535353,170857.9970012626,173932.5625,189450,0.0,0.0,0.020618509440255783
2015-10-15,174811.0088263359,176128.67974713742,171297.21970419848,172614.890625,130804,0.0,0.0,-0.007575763020222226
2015-10-16,169979.54878339695,177885.57430820612,169979.54878339695,172614.890625,4472384,0.0,0.0,0.0
2015-10-19,174811.01788015463,177007.13619523196,168222.66293492267,170418.78125,496527,0.0,0.0,-0.012722595177324325
2015-10-20,171297.2227169689,173054.11730893783,169101.10447700776,169540.328125,247722,0.0,0.0,-0.00515467320301588
2015-10-21,170858.01490122615,171297.23858991827,161195.09375,161195.09375,703041,0.0,0.0,-0.04922270982540011
2015-10-22,162073.50862809067,163391.17942994507,159438.16702438187,159877.390625,366776,0.0,0.0,-0.008174585803731982
2015-10-23,162073.52337533157,166026.53614058357,162073.52337533157,165587.3125,325113,0.0,0.0,0.03571437995502991
2015-10-26,166026.54196899736,166904.98928100264,163830.42368898416,166465.765625,212759,0.0,0.0,0.005305075079348187
2015-10-27,166465.76378183646,166465.76378183646,162951.97457272117,163830.421875,203414,0.0,0.0,-0.015831145461684182
2015-10-28,162952.0,164269.67115902965,161634.32884097035,162952.0,161507,0.0,0.0,-0.005361775090039322
2015-10-29,163830.4179376658,166465.75978116711,163391.19429708223,165587.3125,184701,0.0,0.0,0.016172323751779683
2015-10-30,162951.97637697888,166465.765625,161634.30540897098,166465.765625,198143,0.0,0.0,0.005305075079348187
2015-11-02,165148.11357526883,165587.33728158602,161195.10021841398,163391.21875,162595,0.0,0.0,-0.01846954455444061
2015-11-03,162073.54350897606,165587.33307014627,161195.0961186835,165148.109375,152198,0.0,0.0,0.010752662465221885
2015-11-04,162073.53080357143,184473.9375,159438.18883928572,184473.9375,892999,0.0,0.0,0.1170211890292796
2015-11-05,184913.17268573114,190623.08063089623,182717.054245283,186230.84375,372646,0.0,0.0,0.00952387244404096
2015-11-06,184034.7050367647,187987.71779411763,184034.7050367647,186670.046875,108736,0.0,0.0,0.0023583801488307188
2015-11-09,187109.26954976303,187109.26954976303,181838.58590047393,185352.375,122570,0.0,0.0,-0.00705882865011731
2015-11-10,182277.8387920673,185352.40474759616,178764.04912860578,182717.0625,174729,0.0,0.0,-0.01421785126842856
2015-11-11,180960.15789473685,186670.06578947368,180520.93421052632,183595.5,107718,0.0,0.0,0.004807638038729856
2015-11-12,182277.80097336066,190623.04969262297,182277.80097336066,187548.484375,137102,0.0,0.0,0.021530943705047267
2015-11-13,186670.07885514016,188866.19742990652,184913.1839953271,187987.75,109574,0.0,0.0,0.0023421443605040615
2015-11-16,184473.9277251185,187987.71682464457,182717.03317535546,185352.375,117282,0.0,0.0,-0.014018865590975982
2015-11-17,187987.73684210525,188426.9605263158,182277.82894736843,183595.5,117463,0.0,0.0,-0.009478567512285707
2015-11-18,183595.5128504673,188866.19742990652,181838.6179906542,187987.75,90044,0.0,0.0,0.023923516643926446
2015-11-19,187548.50402630024,187548.50402630024,180960.14908392433,185791.609375,219866,0.0,0.0,-0.011682360286774052
2015-11-20,187109.27902809632,191940.73928469038,184473.93706995412,191501.515625,178280,0.0,0.0,0.03073285316386487
2015-11-23,193697.62896882152,195454.52356264304,190623.06342963388,191940.734375,154958,0.0,0.0,0.0022935523437845884
2015-11-24,191501.51380813954,192379.96111918605,187548.50090843023,188866.171875,122439,0.0,0.0,-0.01601829080216577
2015-11-25,188866.16883581236,193258.40532036615,186670.05059353547,191940.734375,100127,0.0,0.0,0.016279053413730926
2015-11-26,192379.96701388888,192819.19068287036,188866.17766203702,189744.625,83574,0.0,0.0,-0.011441601399260093
2015-11-27,191940.74278041295,198529.09779575892,190623.07177734375,196772.203125,228179,0.0,0.0,0.037037033987128654
2015-11-30,197211.42591292135,198529.09691011236,192379.96558988764,195454.53125,277323,0.0,0.0,-0.006696433002597146
2015-12-01,196332.99851190476,196772.22222222222,193258.43253968254,193697.65625,124946,0.0,0.0,-0.008988663443943556
2015-12-02,193697.6430539443,195015.3140951276,189305.40625,189305.40625,113772,0.0,0.0,-0.022675803543699358
2015-12-03,187548.48362926135,194576.06147017045,187548.48362926135,193258.390625,94145,0.0,0.0,0.020881518670309962
2015-12-04,191940.76490495392,195015.33093317974,190183.87003168202,190623.09375,69063,0.0,0.0,-0.01363613174298628
2015-12-07,191940.71977982955,195893.7323153409,188426.930859375,193258.390625,84399,0.0,0.0,0.013824646443185706
2015-12-08,192379.98585304053,195454.55183699323,188866.1961570946,195015.328125,89607,0.0,0.0,0.009091131796751695
2015-12-09,201164.45278776978,202042.9001798561,181399.38646582735,183156.28125,435189,0.0,0.0,-0.0608108449167577
2015-12-10,186670.0448655765,199407.5302799335,185352.37396064302,198089.859375,354211,0.0,0.0,0.08153462181630755
2015-12-11,198089.84046238687,200285.9584276018,193258.38093891402,194136.828125,101208,0.0,0.0,-0.019955747671649315
2015-12-14,191940.76140873015,194576.1036706349,188866.19543650793,193697.65625,104799,0.0,0.0,-0.002262177038955371
2015-12-15,194136.85896867613,194576.08263150117,185352.38571217493,185791.609375,141828,0.0,0.0,-0.04081643024526782
2015-12-16,189744.5948275862,193697.6072198276,187109.2532327586,191062.265625,121187,0.0,0.0,0.028368645213475485
2015-12-17,193258.43253968254,194136.87996031746,189305.4191468254,193697.65625,95548,0.0,0.0,0.013793360067092086
2015-12-18,190623.0772911833,192819.19569315546,188426.95888921112,189305.40625,98058,0.0,0.0,-0.022675803543699358
2015-12-21,191501.515625,193697.63392345182,190183.8446459289,191501.515625,105231,0.0,0.0,0.011600880389542434
2015-12-22,192379.94623267898,192819.16985421476,189305.3808819284,190183.828125,70644,0.0,0.0,-0.006880820215440564
2015-12-23,191501.5165148064,193258.4111617312,187987.72722095673,192819.1875,119034,0.0,0.0,0.01385690571581022
2015-12-24,193258.43457943923,193697.65829439252,186670.07885514016,187987.75,103602,0.0,0.0,-0.02505682947139276
2015-12-28,188866.18929856116,189305.41299460432,182717.05755395684,183156.28125,98670,0.0,0.0,-0.025700976526396024
2015-12-29,185156.49881235155,189162.28845011877,184266.32333729215,187381.9375,63597,2747.0,0.0,0.023071314951149224
2015-12-30,187827.02406103286,190942.63820422534,187827.02406103286,189607.375,51355,0.0,0.0,0.011876478222454079
2016-01-04,189607.35983455883,190052.44753370096,181150.69355085783,181595.78125,115726,0.0,0.0,-0.04225359773057347
2016-01-05,180260.52916910048,194058.24868574768,180260.52916910048,190497.546875,200196,0.0,0.0,0.04901967195341994
2016-01-06,191832.8136737089,194948.4278169014,189162.2872652582,189607.375,152521,0.0,0.0,-0.004672878415511117
2016-01-07,191832.81374572893,200289.48070899773,191832.81374572893,195393.515625,215966,0.0,0.0,0.03051643231177059
2016-01-08,193168.0960383295,196728.79826945078,192277.9204805492,194503.359375,107497,0.0,0.0,-0.00455571029137114
2016-01-11,193168.0520596591,199399.27954545454,192722.96438210228,195838.578125,140836,0.0,0.0,0.006864759324931358
2016-01-12,197618.9323630137,197618.9323630137,194058.23087899544,194948.40625,95630,0.0,0.0,-0.0045454367751374125
2016-01-13,196728.7908871882,197173.87864937642,194948.43983843538,196283.703125,71899,0.0,0.0,0.006849488542561399
2016-01-14,192277.90384615384,194058.2548076923,188272.1141826923,190942.640625,123468,0.0,0.0,-0.027210932007934674
2016-01-15,192722.96438210228,198954.19186789772,192722.96438210228,195838.578125,175863,0.0,0.0,0.02564088086335481
2016-01-18,194948.42340686274,206075.61652369282,194058.24795751635,204295.265625,224078,0.0,0.0,0.04318192861164594
2016-01-19,204740.34375,206075.60686141305,201624.72982336956,204740.34375,125942,0.0,0.0,0.0021786022482623846
2016-01-20,202514.93978575326,207855.99314274016,198509.1497680131,203850.203125,144187,0.0,0.0,-0.004347656200513694
2016-01-21,203850.17769058296,204740.35313901343,197618.9495515695,198509.125,115464,0.0,0.0,-0.026200994863492366
2016-01-22,200289.48317307694,206075.62379807694,200289.48317307694,202514.921875,136550,0.0,0.0,0.020179409258894276
2016-01-25,201624.73927696078,205630.5287990196,200734.5638276144,204295.265625,99980,0.0,0.0,0.008791173181297296
2016-01-26,204740.3733002092,212751.953125,203405.1099960774,212751.953125,194873,0.0,0.0,0.04139443698868139
2016-01-27,214087.1875,214977.36291580042,210526.48583679835,214087.1875,163631,0.0,0.0,0.006276014651745543
2016-01-28,213197.01671281646,214532.27986550634,208746.13953718354,210971.578125,141483,0.0,0.0,-0.014552993158453265
2016-01-29,210081.43523454157,210526.52302105544,205185.4695828891,208746.171875,146061,0.0,0.0,-0.010548369926310475
2016-02-01,208301.0625,212751.93990384616,205630.5360576923,208301.0625,110765,0.0,0.0,-0.002132299581841135
2016-02-02,209191.234375,213197.0239694149,206075.62024601066,209191.234375,114209,0.0,0.0,0.004273486963130679
2016-02-03,208301.0540140086,209191.2294585129,204295.2645137392,206520.703125,96881,0.0,0.0,-0.012765980649135367
2016-02-04,207855.94780793317,214087.17536534448,205630.50939457203,213197.0,199487,0.0,0.0,0.032327494406016344
2016-02-05,212751.93391927084,214087.1971028646,207855.9689127604,213642.109375,133513,0.0,0.0,0.002087784420043537
2016-02-11,209191.23209635416,215867.5480143229,206965.79345703125,213642.109375,213777,0.0,0.0,0.0
2016-02-12,213642.10443037975,215422.4553006329,201179.6483386076,210971.578125,224239,0.0,0.0,-0.012500022855103432
2016-02-15,209636.3293656116,212306.8558543455,205630.53963251074,207410.890625,148855,0.0,0.0,-0.016877569631158162
2016-02-16,209191.23099226804,216312.63460051548,206965.79236469074,215867.546875,182004,0.0,0.0,0.04077247932602379
2016-02-17,213197.028853729,216312.64305409664,209636.32691045167,211861.765625,125879,0.0,0.0,-0.018556662675745295
2016-02-18,213197.02032574153,213197.02032574153,208301.05534957626,210081.40625,150396,0.0,0.0,-0.008403401008897804
2016-02-19,211416.6707356771,214977.37255859375,210971.5830078125,213642.109375,122043,0.0,0.0,0.01694915884541781
2016-02-22,213642.109375,215867.5480143229,210081.40755208334,213642.109375,83856,0.0,0.0,0.0
2016-02-23,212306.8741671109,213642.13752665246,207855.99630197228,208746.171875,121311,0.0,0.0,-0.022916537916250812
2016-02-24,209191.2416174893,211861.76810622317,205630.53963251074,207410.890625,125147,0.0,0.0,-0.006396674190507268
2016-02-25,207855.94891036185,210081.38733552632,202514.8966899671,202959.984375,147745,0.0,0.0,-0.021459366172084327
2016-02-26,205630.5255142405,211416.6658425633,204295.26236155062,210971.578125,102524,0.0,0.0,0.0394737601831765
2016-02-29,211861.75846354166,215422.46028645834,208301.056640625,213642.109375,109487,0.0,0.0,0.012658251285477595
2016-03-02,215867.5430181962,215867.5430181962,209191.22725474683,210971.578125,112515,0.0,0.0,-0.012500022855103432
2016-03-03,213197.02052190722,216757.72232603093,210971.5818943299,215867.546875,130082,0.0,0.0,0.02320676933600585
2016-03-04,219873.328125,223434.02979504046,217647.88958122468,219873.328125,202270,0.0,0.0,0.018556662675745184
2016-03-07,222098.77603051392,223434.0392130621,206075.61783993576,207855.96875,291374,0.0,0.0,-0.05465583059791601
2016-03-08,207855.9783731223,212751.94360246783,206075.62738063306,207410.890625,141003,0.0,0.0,-0.002141281425193653
2016-03-09,211416.64926931105,216312.61377870562,210526.4739039666,213197.0,179593,0.0,0.0,0.027896844556061895
2016-03-10,226104.56748102466,235451.4098375237,223879.12882471536,234561.234375,640145,0.0,0.0,0.1002088883755401
2016-03-11,244798.2785765209,246578.62969344106,231445.64519961976,234116.171875,501855,0.0,0.0,-0.0018974256389207023
2016-03-14,231445.61882411066,231445.61882411066,221208.60106842883,225214.390625,586634,0.0,0.0,-0.038022923314980805
2016-03-15,225214.390625,227884.91699604742,222988.95198246048,225214.390625,240959,0.0,0.0,0.0
2016-03-16,222988.97241357714,223879.1479521543,217202.83141282565,222098.796875,280282,0.0,0.0,-0.013833901738489307
2016-03-17,222098.77882434474,224769.30522303426,220318.42789188508,220763.515625,169810,0.0,0.0,-0.006012104832569198
2016-03-18,222543.88786764705,227884.9411764706,221208.62454044117,226994.765625,232841,0.0,0.0,0.028225904911682642
2016-03-21,227884.9463220676,227884.9463220676,222543.89289264416,223879.15625,143053,0.0,0.0,-0.013725467926194557
2016-03-22,224324.21025,224769.29796875,218983.15762500002,222543.859375,163675,0.0,0.0,-0.005964364424836943
2016-03-23,221208.610519802,227439.83898514853,221208.610519802,224769.3125,125571,0.0,0.0,0.010000065296117633
2016-03-24,220763.5056818182,222098.76882102274,214087.18998579547,215422.453125,173685,0.0,0.0,-0.04158423261182509
2016-03-25,214532.29205010223,218538.08173568506,211416.6778502045,217647.90625,136660,0.0,0.0,0.010330646098940521
2016-03-28,216312.63460051548,218983.16095360825,215867.546875,215867.546875,50344,0.0,0.0,-0.008179997711326492
2016-03-29,214532.2752079002,216312.62603950105,212751.92437629937,214087.1875,88711,0.0,0.0,-0.00824746193104664
2016-03-30,216312.62786354581,223434.03125,215422.45244023905,223434.03125,128656,0.0,0.0,0.04365905245964341
2016-03-31,224324.20562130178,226104.55645956608,221208.59165433925,225659.46875,138325,0.0,0.0,0.00996015462617672
2016-04-01,225659.48318481445,227884.921875,223434.0444946289,227884.921875,155898,0.0,0.0,0.009861997536941391
2016-04-04,226994.74639892578,230110.36056518555,224324.21997070312,227884.921875,120602,0.0,0.0,0.0
2016-04-05,226104.58679859719,226994.76233717432,219428.27025926852,222098.796875,93601,0.0,0.0,-0.025390556568608003
2016-04-06,222988.9446051308,223434.0323189135,217202.80432595575,221208.59375,113758,0.0,0.0,-0.0040081402399537724
2016-04-07,222098.77652544464,226549.6538105237,219873.33788290512,225214.390625,100807,0.0,0.0,0.01810868559440859
2016-04-08,223434.0601828657,225214.41126002002,219873.3580285571,222098.796875,57930,0.0,0.0,-0.013833901738489307
2016-04-11,222098.77753586066,222988.95299692624,216757.72476946723,217202.8125,92302,0.0,0.0,-0.022044173331364436
2016-04-12,218092.99637957316,219428.2596227134,214977.38214557926,218983.171875,74812,0.0,0.0,0.008196760228415645
2016-04-14,221653.67746913582,221653.67746913582,216312.625,216312.625,128458,0.0,0.0,-0.012195215057549724
2016-04-15,217202.79081108829,219428.22924152977,215422.44006673511,216757.703125,68040,0.0,0.0,0.0020575688774522316
2016-04-18,214532.27986550634,216312.63073575948,210081.40268987342,210971.578125,112224,0.0,0.0,-0.026693976345852133
2016-04-19,212751.92289904863,216312.62453752643,210081.39667019027,210526.484375,94078,0.0,0.0,-0.0021097332349492293
2016-04-20,211861.77758891214,215422.4797332636,210526.51428478034,212751.953125,94532,0.0,0.0,0.010570968097467048
2016-04-21,215867.53833160084,215867.53833160084,210081.39812889814,214087.1875,109303,0.0,0.0,0.006276014651745543
2016-04-22,211416.67788209033,213642.11659663866,210081.41465336134,211861.765625,108088,0.0,0.0,-0.010394932555223613
2016-04-25,211861.74794238684,217202.80041152265,210526.4848251029,216312.625,88222,0.0,0.0,0.02100831814494608
2016-04-26,215867.55408653847,215867.55408653847,206520.71153846156,208301.0625,106768,0.0,0.0,-0.03703696212830854
2016-04-27,207410.89688876653,209636.33569658588,200734.58046530836,202069.84375,159560,0.0,0.0,-0.02991448375353345
2016-04-28,203405.07655902003,206520.69042316257,199399.28730512247,199844.375,147136,0.0,0.0,-0.01101336403641373
2016-04-29,199844.4131072598,204295.2909047489,199844.4131072598,203850.203125,74458,0.0,0.0,0.020044737936707024
2016-05-02,204295.2591994382,204295.2591994382,198064.03125,198064.03125,63212,0.0,0.0,-0.028384430264471905
2016-05-03,198509.11491935485,207855.95665322582,198509.11491935485,206965.78125,120079,0.0,0.0,0.04494379895138079
2016-05-04,204740.3605769231,209191.23798076925,204740.3605769231,208301.0625,99261,0.0,0.0,0.006451700575502706
2016-05-09,204740.3641362661,210971.59260997854,202960.01314377683,207410.890625,111219,0.0,0.0,-0.004273486963130568
2016-05-10,205630.54181794604,214532.296875,205630.54181794604,214532.296875,115049,0.0,0.0,0.03433477494137738
2016-05-11,214532.29208245798,215422.4675682773,210971.59013918065,211861.765625,100150,0.0,0.0,-0.012448154841487646
2016-05-12,211416.67303856384,213642.11170212767,209191.234375,209191.234375,129682,0.0,0.0,-0.01260506463788702
2016-05-13,212306.828125,220763.49423480083,208301.03891509434,212306.828125,353148,0.0,0.0,0.014893519603287553
2016-05-16,210971.57354469853,214977.36291580042,207855.9595893971,214087.1875,104771,0.0,0.0,0.008385784813061958
2016-05-17,214087.2253131663,214532.31309968018,206965.82072894456,208746.171875,89897,0.0,0.0,-0.02494785272939326
2016-05-18,209191.25098064853,212751.953125,206520.72437238495,212751.953125,123970,0.0,0.0,0.019189723164833472
2016-05-19,211416.6680697737,211861.75579202586,204295.2645137392,206520.703125,131779,0.0,0.0,-0.029288802798152935
2016-05-20,206965.79197303922,207855.9674223856,202069.827001634,204295.265625,120596,0.0,0.0,-0.010775856688096885
2016-05-23,204295.24743009868,204740.33511513157,199844.37057976975,202959.984375,101479,0.0,0.0,-0.006536036192101524
2016-05-24,201624.76422625544,206965.81758324234,201624.76422625544,203850.203125,81929,0.0,0.0,0.004386178648669858
2016-05-25,206520.70444915254,210526.49397510593,203850.17809851695,210081.40625,132636,0.0,0.0,0.030567559067768313
2016-05-26,210081.43523454157,213642.13752665246,207855.99630197228,208746.171875,97049,0.0,0.0,-0.0063557951121626655
2016-05-27,210971.5889423077,211416.6766826923,207855.9747596154,208301.0625,68418,0.0,0.0,-0.002132299581841135
2016-05-30,209191.25098064853,214087.2164291318,208301.07544456067,212751.953125,91018,0.0,0.0,0.02136758483889145
2016-05-31,212306.83666839916,214532.2752079002,210971.57354469853,214087.1875,138389,0.0,0.0,0.006276014651745543
2016-06-01,212751.93375267668,213642.10920770877,207410.88102248395,207855.96875,86258,0.0,0.0,-0.02910598631690653
2016-06-02,208301.0356561822,209636.2987052603,205185.421875,205185.421875,93927,0.0,0.0,-0.01284806441239128
2016-06-03,204740.34624730021,208301.04792116632,203405.08311960043,206075.609375,104431,0.0,0.0,0.004338453930427422
2016-06-07,207855.99263535033,210971.60708598726,206520.72929936307,209636.34375,104509,0.0,0.0,0.017278776395708517
2016-06-08,208746.16819267516,210081.43152866242,205630.55374203823,209636.34375,75255,0.0,0.0,0.0
2016-06-09,209191.22333963282,210081.39875809936,206075.609375,206075.609375,122747,0.0,0.0,-0.01698529134455007
2016-06-10,206075.62379807694,209191.23798076925,205185.4483173077,208301.0625,80335,0.0,0.0,0.01079920681418578
2016-06-13,208746.1320564516,209636.30745967742,204740.34274193548,206965.78125,93548,0.0,0.0,-0.0064103429621248376
2016-06-14,207410.86997282607,207855.95767663044,202959.9929347826,204740.34375,90970,0.0,0.0,-0.010752683301360921
2016-06-15,205630.5274390244,206965.79060421285,199844.38705654102,200734.5625,106364,0.0,0.0,-0.01956517790597878
2016-06-16,200734.58074688207,203405.10732001133,196283.703125,196283.703125,95692,0.0,0.0,-0.022172860117200766
2016-06-17,198064.06160612128,199844.4127216819,189607.39380720822,194503.359375,222369,0.0,0.0,-0.009070257599869236
2016-06-20,196283.67344097994,201624.72577951002,194503.32266146992,199844.375,128448,0.0,0.0,0.02745976029495001
2016-06-21,199844.38104166667,204295.258125,198954.205625,200289.46875,76560,0.0,0.0,0.002227201791394018
2016-06-22,201179.65865384616,203405.09735576925,200289.48317307694,202514.921875,59708,0.0,0.0,0.01111118392239474
2016-06-23,202514.91472630718,207410.87969771243,202514.91472630718,204295.265625,99584,0.0,0.0,0.008791173181297296
2016-06-24,206075.62255313198,206965.79802852348,192277.90268456377,198954.21875,195666,0.0,0.0,-0.02614376235621585
2016-06-27,196283.69701986754,203405.10099337748,195393.52152317882,201624.75,89961,0.0,0.0,0.01342284303785335
2016-06-28,198509.13699776784,203405.10226004463,198509.13699776784,199399.3125,65741,0.0,0.0,-0.011037521435240505
2016-06-29,200734.56851493364,202960.0071902655,199399.3053097345,201179.65625,65618,0.0,0.0,0.008928535046980102
2016-06-30,202514.91492319916,211416.66942531778,201624.73947298728,210081.40625,156868,0.0,0.0,0.04424776424181798
2016-07-01,212306.8581107365,216312.6478864108,210081.41934647303,214532.296875,155071,0.0,0.0,0.021186504338719825
2016-07-04,214532.28850560082,220318.4290669552,214532.28850560082,218538.078125,160441,0.0,0.0,0.018672159429375057
2016-07-05,217202.81135902635,220318.42545638944,216757.72363083164,219428.25,83563,0.0,0.0,0.004073303300905051
2016-07-06,219428.25,222098.77636916834,216312.63590263692,219428.25,164178,0.0,0.0,0.0
2016-07-07,220763.50498007968,223879.11896165338,220318.4172684263,223434.03125,108892,0.0,0.0,0.018255540250628588
2016-07-08,222988.94353834662,224769.29438496017,222543.85582669324,223434.03125,93271,0.0,0.0,0.0
2016-07-11,226104.5685166994,230555.44584970528,225214.3930500982,226549.65625,110035,0.0,0.0,0.013944272421571924
2016-07-12,226549.63962183855,228775.078125,224769.28881930935,228775.078125,91140,0.0,0.0,0.009823108592776686
2016-07-13,228775.05987035224,230555.41053082192,226549.62154476516,227439.796875,203620,0.0,0.0,-0.005836655202759555
2016-07-14,227439.80994709645,228329.98532849408,225659.45918430117,226104.546875,103384,0.0,0.0,-0.005870784349732094
2016-07-15,226104.53387964773,230555.41053082192,224769.2708842955,227439.796875,101990,0.0,0.0,0.005905453996633669
2016-07-18,226104.57092285156,227884.921875,225214.39544677734,227884.921875,70344,0.0,0.0,0.001957111315240123
2016-07-19,227439.8341369629,228330.0096130371,224324.21997070312,227884.921875,80747,0.0,0.0,0.0
2016-07-20,227884.921875,228775.09735107422,226104.57092285156,227884.921875,64030,0.0,0.0,0.0
2016-07-21,230110.38525099403,230110.38525099403,222988.98067842945,223879.15625,201706,0.0,0.0,-0.017578019607621287
2016-07-22,223879.1154203869,227884.90476190476,222098.7646019345,224324.203125,95896,0.0,0.0,0.0019878888345596923
2016-07-25,226994.72225639762,228329.98532849408,225214.37149360235,226104.546875,78775,0.0,0.0,0.007936476426522399
2016-07-26,226549.62154476516,227884.8845401174,225659.44621453033,227439.796875,53741,0.0,0.0,0.005905453996633669
2016-07-27,228775.08451704547,237231.7510653409,227439.8213778409,235006.3125,226738,0.0,0.0,0.033268213078639475
2016-07-28,235006.32574349444,242127.72955390337,233225.97479089219,239457.203125,163239,0.0,0.0,0.01893945136048214
2016-07-29,239012.1011578685,239012.1011578685,223434.03125,223434.03125,315640,0.0,0.0,-0.06691455369014598
2016-08-01,230110.35681761478,231890.70774076847,220318.42674026947,222988.953125,213386,0.0,0.0,-0.0019919889665419577
2016-08-02,223879.09216617933,230555.40704191034,222988.9168494152,228329.96875,110591,0.0,0.0,0.023951929233041458
2016-08-03,228329.99500739644,229665.2581360947,224324.20562130178,225659.46875,64619,0.0,0.0,-0.011695792780158198
2016-08-04,226104.5445328542,226104.5445328542,214977.35238064683,216757.703125,252476,0.0,0.0,-0.039447782423266964
2016-08-05,217202.8100515464,219428.24867912373,210971.5818943299,215867.546875,202077,0.0,0.0,-0.004106687961565325
2016-08-08,215867.5576410061,227439.83908155488,214532.29439786586,218983.171875,151755,0.0,0.0,0.014433040283744702
2016-08-09,219873.34025049114,227439.83171660115,217647.9015839882,226549.65625,110425,0.0,0.0,0.03455281202757954
2016-08-10,226549.6504618522,235451.40490043187,226104.56273992322,231890.703125,132136,0.0,0.0,0.02357561235540384
2016-08-11,238567.03267326733,242127.73465346536,219873.34727722773,224769.3125,292185,0.0,0.0,-0.030710117003531767
2016-08-12,226994.72732247083,233225.95513132296,224324.20111867707,228775.078125,151343,0.0,0.0,0.017821674945061705
2016-08-16,230555.45190009562,234116.15385994266,230110.36415511472,232780.890625,129629,0.0,0.0,0.017509829011232103
2016-08-17,233671.0589124763,235006.32210626185,232335.7957186907,234561.234375,96652,0.0,0.0,0.007648152497483407
2016-08-18,237676.848493833,237676.848493833,233225.9711812144,234561.234375,88929,0.0,0.0,0.0
2016-08-19,233671.0589124763,235451.4098375237,232335.7957186907,234561.234375,76287,0.0,0.0,0.0
2016-08-22,234116.15861294896,235896.509629017,233225.98310491492,235451.421875,73485,0.0,0.0,0.003795117732782849
2016-08-23,232335.7862215909,236786.66335227274,232335.7862215909,235006.3125,79583,0.0,0.0,-0.001890450996028803
2016-08-24,237231.7714808044,244353.17550274223,236341.59597806216,243463.0,243579,0.0,0.0,0.03598493763864319
2016-08-25,243017.90503020448,244353.16824465615,236341.5889579461,239457.203125,130231,0.0,0.0,-0.016453411298636755
2016-08-26,240347.38588483146,243017.9123946629,236786.68387172284,237676.859375,51626,0.0,0.0,-0.007434914159047623
2016-08-29,237676.83009303437,240347.35627385497,230555.4269441794,233225.953125,93703,0.0,0.0,-0.01872671265391257
2016-08-30,233671.05181850283,237231.75356049906,231890.70094750472,236341.578125,54616,0.0,0.0,0.013358826315226446
2016-08-31,237231.7763020833,240347.390625,236341.60078125,240347.390625,94909,0.0,0.0,0.016949250029469454
2016-09-01,241682.61449795082,244353.140625,237676.82530737706,244353.140625,82726,0.0,0.0,0.016666500890995417
2016-09-02,243908.0805065056,243908.0805065056,238121.93991054833,239457.203125,68894,0.0,0.0,-0.020036319105526168
2016-09-05,243463.00109797297,249249.1418918919,243017.9133445946,247023.703125,110833,0.0,0.0,0.03159854830531117
2016-09-06,249249.1285842294,250584.39177307347,246578.60220654123,248358.953125,62109,0.0,0.0,0.005405351725799035
2016-09-07,248804.07442067735,253700.04010695187,247468.8110516934,249694.25,110670,0.0,0.0,0.005376479720978544
2016-09-08,251474.5891100179,252809.85241502683,246133.53588998213,248804.0625,92445,0.0,0.0,-0.003565110129688631
2016-09-09,246578.60452782846,248358.95546304746,239902.2885207573,243908.078125,99764,0.0,0.0,-0.019678072479222486
2016-09-12,242127.73800738007,245688.44003690037,240347.38699261993,241237.5625,60913,0.0,0.0,-0.010948860921414005
2016-09-13,244798.21961009176,247023.6579701835,240792.43056192662,242572.78125,116321,0.0,0.0,0.0055348708391960155
2016-09-19,241237.5529451439,249694.21993030576,241237.5529451439,247468.78125,117225,0.0,0.0,0.020183633030756543
2016-09-20,249249.1622103387,249694.25,246578.63547237078,249694.25,86735,0.0,0.0,0.008992927264436457
2016-09-21,249249.1418918919,249249.1418918919,245688.43986486486,247023.703125,82966,0.0,0.0,-0.010695267812534714
2016-09-22,251474.5478515625,251474.5478515625,247468.75859374998,249249.109375,77248,0.0,0.0,0.009008877374305557
2016-09-23,251029.4867724868,252809.83774250443,249249.13580246916,252364.75,118567,0.0,0.0,0.012500107353693446
2016-09-26,254590.1632922535,254590.1632922535,252364.72480193662,252809.8125,82182,0.0,0.0,0.0017635684064434276
2016-09-27,251029.47017045456,255925.43501420456,250584.38245738638,254590.171875,95995,0.0,0.0,0.007042287470546693
2016-09-28,255925.4519127155,258150.890625,254590.18868534482,258150.890625,74250,0.0,0.0,0.013986080938537704
2016-09-29,258595.97953869047,261711.59375,256815.62856079932,261711.59375,72700,0.0,0.0,0.013793108039950264
2016-09-30,259931.19881556684,263491.90016920475,259041.02347715737,263046.8125,106773,0.0,0.0,0.005101870845184875
2016-10-04,266162.4314279732,266607.5191059464,262156.6423262144,265717.34375,133987,0.0,0.0,0.010152304164491532
2016-10-05,266607.57902594726,272393.72014003294,266162.4912479407,270168.28125,170698,0.0,0.0,0.01675064727497677
2016-10-06,269723.2112704918,273283.9137295082,266607.59661885246,271503.5625,172820,0.0,0.0,0.004942405688121543
2016-10-07,272393.67234848486,273283.8477483165,263046.8306502525,264382.09375,211553,0.0,0.0,-0.026229743302171205
2016-10-10,266607.5601951115,266607.5601951115,257260.71751715266,259486.15625,169974,0.0,0.0,-0.01851841564062051
2016-10-11,261266.48648721838,261711.5741984402,253699.99539644714,256815.609375,161723,0.0,0.0,-0.010291673797145018
2016-10-12,253700.0011061947,255925.43971238937,244353.15896017698,251474.5625,291038,0.0,0.0,-0.02079720499855231
2016-10-13,252364.73188164894,253699.99501329788,251029.46875,251029.46875,125130,0.0,0.0,-0.0017699354780664756
2016-10-14,250139.2922891037,255035.2570847979,250139.2922891037,253254.90625,68817,0.0,0.0,0.008865244033226638
2016-10-17,252809.83774250443,254145.10097001764,249249.13580246916,252364.75,83563,0.0,0.0,-0.003514862804360752
2016-10-18,252364.72382198955,256815.60078534033,252364.72382198955,255035.25,73530,0.0,0.0,0.01058190575347795
2016-10-19,256815.6546345811,256815.6546345811,245688.45989304813,249694.25,128279,0.0,0.0,-0.02094220308761241
2016-10-20,249249.1622103387,250139.3377896613,245688.45989304813,249694.25,56261,0.0,0.0,0.0
2016-10-21,250139.30766636692,253254.92181879497,247023.69351393887,247468.78125,54419,0.0,0.0,-0.008912775324221522
2016-10-24,249249.15026833632,250139.32580500896,246133.53588998213,248804.0625,36473,0.0,0.0,0.005395756358661963
2016-10-25,249249.1407678245,249694.2285191956,239457.21023765995,243463.0,87204,0.0,0.0,-0.021466942486117913
2016-10-26,242127.72363636363,246578.60090909092,238567.02181818182,244798.25,66347,0.0,0.0,0.005484406254749219
2016-10-27,245243.3090537383,248358.92278037383,237231.7308995327,238121.90625,116276,0.0,0.0,-0.027272841002744075
2016-10-28,236786.6934803002,241237.57117729832,232780.90355300187,237231.78125,122394,0.0,0.0,-0.0037381063087302824
2016-10-31,236341.59738303404,241237.56267722117,235451.421875,235451.421875,74749,0.0,0.0,-0.007504725402385337
2016-11-01,233671.05075209888,246133.50679221083,233225.9630363806,238567.015625,86945,0.0,0.0,0.013232426991475421
2016-11-02,239012.099375,240792.45020833332,230555.43291666667,233671.046875,86029,0.0,0.0,-0.0205224043113148
2016-11-03,235006.33286516854,239457.2103815543,230555.45534878277,237676.859375,111920,0.0,0.0,0.017142956106765306
2016-11-04,238567.04966730037,238567.04966730037,232780.90853730988,234116.171875,66781,0.0,0.0,-0.014981212345885342
2016-11-07,237231.7714808044,245243.35100548447,235006.3327239488,243463.0,107982,0.0,0.0,0.039923889281730185
2016-11-08,244798.21961009176,246133.4826261468,240792.43056192662,242572.78125,48435,0.0,0.0,-0.0036564847635985886
2016-11-09,243017.9123946629,245688.43890449437,232335.8063553371,237676.859375,103576,0.0,0.0,-0.02018331096247017
2016-11-10,242127.73076923078,247023.69591346156,233671.0637019231,243017.90625,158661,0.0,0.0,0.022471884259346542
2016-11-11,243017.86147660817,243462.94913499025,227439.79343323587,228329.96875,219777,0.0,0.0,-0.060439733543297236
2016-11-14,227884.90688259108,228329.99459134616,218983.15270748988,219873.328125,201089,0.0,0.0,-0.03703692805327374
2016-11-15,219873.3037627551,222098.74205994897,214087.164190051,218092.953125,184610,0.0,0.0,-0.008097275896000622
2016-11-16,219873.32852564103,226994.73187869822,218538.0653969428,225659.46875,127075,0.0,0.0,0.03469399408179519
2016-11-17,225214.35854941292,230555.41053082192,222988.92022382581,227439.796875,104788,0.0,0.0,0.007889445698254116
2016-11-18,227439.80994709645,229220.16070989173,225214.37149360235,226104.546875,79706,0.0,0.0,-0.005870784349732094
2016-11-21,227884.91944990176,229220.18264980352,224769.30531679763,226549.65625,75109,0.0,0.0,0.0019685998408782712
2016-11-22,226104.56623314065,231000.53125,223434.0398603083,231000.53125,81479,0.0,0.0,0.01964635512440771
2016-11-23,231000.5372596154,233225.97596153847,228775.0985576923,231445.625,76888,0.0,0.0,0.0019268083393206847
2016-11-24,231445.6486083499,233225.99975149106,223434.0684642147,223879.15625,96765,0.0,0.0,-0.03269220902317771
2016-11-25,224769.29509943182,239457.18963068182,223879.11967329547,235006.3125,145749,0.0,0.0,0.04970161776728599
2016-11-28,236786.70605842912,236786.70605842912,228330.0379849138,232335.828125,117132,0.0,0.0,-0.011363458056046882
2016-11-29,232335.79347067038,240792.4602828212,231000.53028980445,239012.109375,107348,0.0,0.0,0.028735478741608755
2016-11-30,239012.12014590992,243017.90986902572,237676.85690487133,242127.734375,162654,0.0,0.0,0.01303542740218111
2016-12-01,237676.8101403061,237676.8101403061,214087.164190051,218092.953125,443257,0.0,0.0,-0.09926488310825088
2016-12-02,221208.58718297104,223434.02568581782,210081.39466873708,214977.359375,208702,0.0,0.0,-0.01428562319578619
2016-12-05,214977.37371710528,217647.90009868421,206075.6191118421,211416.671875,192249,0.0,0.0,-0.01656308138843976
2016-12-06,215422.45062370063,219873.3277027027,213642.0997920998,214087.1875,107273,0.0,0.0,0.01263152806879364
2016-12-07,213197.00857272258,217202.7978778468,211416.65777044513,214977.359375,60499,0.0,0.0,0.004157987618946146
2016-12-08,218538.05751863532,218538.05751863532,194058.234375,194058.234375,421158,0.0,0.0,-0.09730850290848214
2016-12-09,207410.87428977274,218092.97940340912,204295.26029829547,215422.453125,503100,0.0,0.0,0.11009179187272
2016-12-12,221653.68980532786,225659.47938012294,211416.67200307376,217202.8125,250199,0.0,0.0,0.00826450237277232
2016-12-13,220318.4457978457,227439.85010646292,218538.09472069138,222098.796875,203050,0.0,0.0,0.02254107264379912
2016-12-14,228329.9929279497,235896.48392166346,224769.29128384913,230110.34375,248282,0.0,0.0,0.036071995831247206
2016-12-15,231000.52308238638,239457.18963068182,228775.08451704547,235006.3125,217390,0.0,0.0,0.021276613081414375
2016-12-16,235896.48792613638,239457.18963068182,233671.04936079547,235006.3125,140013,0.0,0.0,0.0
2016-12-19,238567.01671374767,239012.1044314972,232780.87638300378,236341.578125,81315,0.0,0.0,0.005681828759386942
2016-12-20,236341.6136446221,238567.05256782947,229220.20909035852,229665.296875,110972,0.0,0.0,-0.02824844152673356
2016-12-21,227884.90873786405,234116.13671116505,225214.38246359222,229220.171875,122204,0.0,0.0,-0.0019381465378387475
2016-12-22,233225.953125,238121.91778983778,231445.60233778626,233225.953125,109252,0.0,0.0,0.017475692550237065
2016-12-23,231445.6400300601,231890.72779934868,222098.796875,222098.796875,205021,0.0,0.0,-0.04770976857809761
2016-12-26,222988.94709375,226104.561125,219873.33306250002,222543.859375,87598,0.0,0.0,0.002003894241041193
2016-12-27,223434.0348125,224324.21025,218983.15762500002,222543.859375,84794,0.0,0.0,0.0
2016-12-28,223285.10743380856,225997.07230142565,221929.125,221929.125,60617,3820.0,0.0,-0.0027623066155428866
2016-12-29,221477.15404040404,225545.10176767677,220573.16565656566,223737.125,85611,0.0,0.0,0.008146745047546089
2017-01-02,222381.13268649194,224641.10354712702,217861.1909652218,224189.109375,84051,0.0,0.0,0.002020158143178019
2017-01-03,225093.11583011583,235488.98262548263,225093.11583011583,234133.0,160386,0.0,0.0,0.044354922737869895
2017-01-04,233229.0230769231,237748.96538461538,231873.0403846154,235037.0,105440,0.0,0.0,0.0038610533329346275
2017-01-05,235036.96479885056,237748.92977729885,234132.97647270115,235940.953125,67168,0.0,0.0,0.0038460035015763783
2017-01-06,234133.00173944337,236392.9727987044,230065.0538327735,235488.984375,79682,0.0,0.0,-0.001915601102791764
2017-01-09,235036.96087786258,244980.8322996183,234132.97256679388,236844.9375,155502,0.0,0.0,0.005758032073554409
2017-01-10,236844.95493358633,239556.92006641364,233680.99561195445,238200.9375,73158,0.0,0.0,0.0057252648687076135
2017-01-11,238652.9313084112,243172.87318925234,238200.9371203271,241816.890625,107964,0.0,0.0,0.015180264036534385
2017-01-12,243172.90455776174,250404.8125,241816.92181859206,250404.8125,202480,0.0,0.0,0.0355141522695277
2017-01-13,250404.81004025045,258540.70639534883,249952.81579830055,252664.78125,169924,0.0,0.0,0.009025260846374561
2017-01-16,254472.73565439894,259896.66607687282,253116.7530487805,259444.671875,133136,0.0,0.0,0.026833540438275794
2017-01-17,261704.65169039147,261704.65169039147,253116.76156583632,254020.75,174277,0.0,0.0,-0.02090589039968116
2017-01-18,255828.7125327225,258992.671875,252212.7589986911,258992.671875,155163,0.0,0.0,0.019572896603919254
2017-01-19,271196.46875,279332.3628125,267580.5158333333,271196.46875,550008,0.0,0.0,0.04712024006953386
2017-01-20,271196.53662420384,284756.363455414,270744.5423964968,283852.375,271677,0.0,0.0,0.046666928623125825
2017-01-23,283852.3634185303,286112.3344648562,279784.41553514375,282948.375,148060,0.0,0.0,-0.0031847540468878943
2017-01-24,279332.4165640394,281592.3875718391,273456.49194376025,275264.46875,238339,0.0,0.0,-0.027156566105035918
2017-01-25,277072.39448649756,278428.3768412439,273456.44154050737,276168.40625,195677,0.0,0.0,0.0032838873251781475
2017-01-26,277524.454821718,286564.33934359805,275264.483691248,278880.4375,132980,0.0,0.0,0.00982020820855567
2017-01-31,275716.45713404607,277976.4280941612,273004.4919819079,274812.46875,107498,0.0,0.0,-0.01458678416624326
2017-02-01,275716.46070846904,280688.39688517916,273004.49552117265,277524.4375,108724,0.0,0.0,0.009868434144693516
2017-02-02,274812.46655791195,282948.36194942903,274812.46655791195,277072.4375,132966,0.0,0.0,-0.001628685401803609
2017-02-03,277976.4116890823,285660.3125,275264.44669699366,285660.3125,155263,0.0,0.0,0.03099505341450648
2017-02-06,287920.2833267405,288824.27165743674,282496.3533425633,285660.3125,136934,0.0,0.0,0.0
2017-02-07,290632.29500622925,294700.24314784055,268484.5773463455,272100.53125,510053,0.0,0.0,-0.04746820141492358
2017-02-08,272100.51158940396,277976.43625827815,268484.5579470199,273004.5,176126,0.0,0.0,0.003322186641265601
2017-02-09,273004.4951022147,273456.48929940374,261252.64597529813,265320.59375,239732,0.0,0.0,-0.02814571279960587
2017-02-10,264868.6192307692,269840.55576923076,263512.63653846155,264416.625,162629,0.0,0.0,-0.003407080985397548
2017-02-13,264416.64221938775,268484.5905612245,263512.6536989796,265772.625,98995,0.0,0.0,0.005128270584347616
2017-02-14,266224.52469405596,266676.5187937063,255828.6604020979,258540.625,177240,0.0,0.0,-0.02721122989999436
2017-02-15,257636.66015625,261704.607421875,256280.677734375,260348.625,88972,0.0,0.0,0.006993098280009269
2017-02-16,259896.64831606217,263060.60751295334,259444.65414507771,261704.625,63776,0.0,0.0,0.005208400850974293
2017-02-17,260348.70848056537,262156.6856227915,254020.78848277385,255828.765625,146940,0.0,0.0,-0.022452256527755288
2017-02-20,258088.7138016351,265320.6217190189,256280.73682228915,262608.65625,121866,0.0,0.0,0.02650167430717354
2017-02-21,265320.5721275252,270744.50205176766,264868.57796717173,268484.53125,127415,0.0,0.0,0.02237502405254399
2017-02-22,269388.5327429984,279784.3989394564,268936.5385605437,274360.46875,164343,0.0,0.0,0.02188557185266138
2017-02-23,276620.4571721311,278880.428227459,272100.5150614754,275716.46875,82303,0.0,0.0,0.00494240298603521
2017-02-24,275264.41578125,275716.40989583335,267580.5158333333,271196.46875,128559,0.0,0.0,-0.016393652582640694
2017-02-27,269388.55770089285,275716.47684151784,252212.77717633927,253116.765625,331502,0.0,0.0,-0.06666644004744249
2017-02-28,255828.7078010949,258540.67290145985,246788.8241332117,247692.8125,427826,0.0,0.0,-0.021428660055793136
2017-03-02,248596.80384250474,251308.76897533206,236844.95493358633,238200.9375,752617,0.0,0.0,-0.03832115637186684
2017-03-03,240008.89822168509,246788.81060082873,235940.9507941989,245432.828125,565452,0.0,0.0,0.030360462477188932
2017-03-06,244076.87217450273,254472.7389523056,244076.87217450273,249952.796875,364685,0.0,0.0,0.01841631693906076
2017-03-07,244076.8687157221,249500.79913162708,237296.95569584097,247240.828125,271178,0.0,0.0,-0.010849923601199962
2017-03-08,249500.84562720847,256280.75991055652,248144.86277053886,255828.765625,212754,0.0,0.0,0.034735110560534466
2017-03-09,255828.7483903197,259444.70243117228,254472.765625,254472.765625,183620,0.0,0.0,-0.005300420367847392
2017-03-10,256732.6948275862,264416.5959051724,250404.77629310344,262156.625,246851,0.0,0.0,0.030195213056014136
2017-03-13,264868.60307757166,269388.5451096121,262608.63206155144,268032.5625,188407,0.0,0.0,0.022413843251148036
2017-03-14,268936.5392343486,270292.52178511,265320.5857656514,267128.5625,148524,0.0,0.0,-0.0033727245360346547
2017-03-15,266676.59138655465,269840.55094537814,263060.637605042,268936.5625,111252,0.0,0.0,0.006768276604640411
2017-03-16,269840.53931281617,271648.5161256324,265772.5914839798,268032.5625,105307,0.0,0.0,-0.003361387501931823
2017-03-17,268032.54125642125,268936.5295911815,261252.62874571918,263964.59375,109573,0.0,0.0,-0.01517714382184443
2017-03-20,261252.62874571918,267580.5470890411,260800.63457833903,263964.59375,102195,0.0,0.0,0.0
2017-03-21,264416.5916313559,272552.48675847455,263060.6091101695,266676.5625,210201,0.0,0.0,0.010273986792973089
2017-03-22,267580.5798319328,270292.5451680672,263512.6318277311,268936.5625,126975,0.0,0.0,0.008474685509717306
2017-03-23,269840.5474851443,272552.51278650254,265320.6053162139,266224.59375,128121,0.0,0.0,-0.010084046307388905
2017-03-24,267128.5609913793,268032.54935344827,258992.6657327586,262156.625,103729,0.0,0.0,-0.015280213945297882
2017-03-27,257636.71298330405,259896.68414982426,252212.78218365554,257184.71875,233923,0.0,0.0,-0.018965403792484792
2017-03-28,259444.65414507771,261704.625,255376.7066062176,261704.625,143427,0.0,0.0,0.01757455214278747
2017-03-29,265772.5905172414,278428.4281609195,256732.70648604268,275264.46875,362242,0.0,0.0,0.05181354265328708
2017-03-30,277072.4478476821,281140.3956953643,271196.523178808,273004.5,183304,0.0,0.0,-0.008210172421681317
2017-03-31,275264.4745389344,282496.38191598357,273456.49769467214,275716.46875,195125,0.0,0.0,0.009933787721447818
2017-04-03,277976.42369538837,282044.37135922327,276620.4411407767,279332.40625,105293,0.0,0.0,0.013114695383969588
2017-04-04,280688.3959821428,290632.26830357144,277976.4308035714,284756.34375,185510,0.0,0.0,0.019417501795855552
2017-04-05,286564.3103482003,290632.25797143974,279784.3976428012,288824.28125,198091,0.0,0.0,0.014285678227317744
2017-04-06,289276.295133438,294700.22566719,284304.358810832,287920.3125,145824,0.0,0.0,-0.003129822555388073
2017-04-07,287468.2987089202,291084.2521517997,284304.33944640064,288824.28125,112471,0.0,0.0,0.0031396490999571203
2017-04-10,290632.261627907,296508.18604651163,286112.3197674419,291536.25,178968,0.0,0.0,0.009389684060713055
2017-04-11,292892.2288732394,293344.22305359936,287920.2928892801,288824.28125,104679,0.0,0.0,-0.00930233804544034
2017-04-12,290632.27893518517,307356.0648148148,290180.2847222222,305096.09375,349162,0.0,0.0,0.056338104364277664
2017-04-13,308712.04083856347,324079.84375,308260.0466352859,324079.84375,616917,0.0,0.0,0.06222219946072327
2017-04-14,321819.8611888112,326791.79724650347,316395.9309440559,323175.84375,247336,0.0,0.0,-0.0027894360523617046
2017-04-17,328599.79750521557,335831.70501564676,320011.9073365786,324983.84375,287191,0.0,0.0,0.005594477542073317
2017-04-18,326339.8147663877,327243.8031729428,316395.94229428173,324079.84375,209978,0.0,0.0,-0.0027816767429688083
2017-04-19,321367.85332520894,329503.74834610027,320463.86498955433,324531.8125,135228,0.0,0.0,0.001394621599326129
2017-04-20,326339.8137789905,334023.7152114598,323627.8485675307,331311.75,147532,0.0,0.0,0.020891441882912476
2017-04-21,329955.7326828411,331311.7151459212,318655.87882383965,321367.84375,258129,0.0,0.0,-0.030013744607608972
2017-04-24,320463.90864701703,326339.83362926135,313683.99520596594,318203.9375,204716,0.0,0.0,-0.009845123933623134
2017-04-25,320463.891354739,329051.78125,315039.9608945742,329051.78125,199431,0.0,0.0,0.03409085329121675
2017-04-26,328147.80911458336,333571.73984375,322723.8783854167,325435.84375,199837,0.0,0.0,-0.010988961938646291
2017-04-27,325887.7852936006,326339.7794479606,319107.8729781997,321367.84375,130026,0.0,0.0,-0.012500159641680497
2017-04-28,327695.8148871528,333571.73984375,322723.8783854167,325435.84375,251934,0.0,0.0,0.012658391556949367
2017-05-02,328599.7746799191,338091.6526280323,328147.7804919137,335379.6875,246398,0.0,0.0,0.030555465665419668
2017-05-04,343515.57628797885,344419.5646466315,338543.6403153897,342159.59375,192796,0.0,0.0,0.02021561383320214
2017-05-08,340803.6222677596,341255.6164617486,324983.82547814207,330859.75,406515,0.0,0.0,-0.033025067706434874
2017-05-10,327243.8182758621,334927.7200862069,325887.8356034483,327695.8125,338289,0.0,0.0,-0.009562775466039564
2017-05-11,311876.015625,337639.6864809782,308712.0560461956,332667.75,769014,0.0,0.0,0.01517241694994187
2017-05-12,331763.7523148148,333571.7291666666,315039.96643518517,317299.9375,454470,0.0,0.0,-0.04619567872148711
2017-05-15,317299.9058147632,325435.8008356546,309164.0107938719,324531.8125,320966,0.0,0.0,0.022791920657091236
2017-05-16,324983.8321565551,327695.79737622035,320915.88432705717,324079.84375,326369,0.0,0.0,-0.001392679338639513
2017-05-17,328147.7896361816,339899.63885180245,327243.80123498,338543.65625,381194,0.0,0.0,0.044630398276659156
2017-05-18,334927.72785762034,343515.618315508,334927.72785762034,338091.6875,281899,0.0,0.0,-0.0013350383079286932
2017-05-19,338091.6576086957,346227.5531126482,337639.6634140316,343063.59375,244631,0.0,0.0,0.01470579264093863
2017-05-22,345775.56476151315,352555.47779605264,342611.60534539475,343515.59375,234915,0.0,0.0,0.0013175399786937714
2017-05-23,343967.5785192563,344871.56689907034,338543.64824037184,340351.625,201756,0.0,0.0,-0.009210553487428164
2017-05-24,337187.6627906977,340351.62209302327,328599.773255814,330407.75,398623,0.0,0.0,-0.029216475755037163
2017-05-25,330407.80676369864,334927.74940068496,325887.8641267124,329955.8125,279153,0.0,0.0,-0.0013678174921744057
2017-05-26,332667.7237715803,340803.61918990704,330407.7528220451,340351.625,262536,0.0,0.0,0.03150668091352382
2017-05-29,338995.6711741425,348939.54419525067,337639.6884894459,342611.625,244166,0.0,0.0,0.006640191595970846
2017-05-30,343515.5294117647,348487.46470588236,343063.53529411764,345775.5,136075,0.0,0.0,0.009234581576150536
2017-05-31,345775.54718461033,345775.54718461033,340803.61121202115,342159.59375,181784,0.0,0.0,-0.010457381306657076
2017-06-01,341707.58791390725,343967.5587334437,337639.6404387417,341255.59375,108621,0.0,0.0,-0.0026420419491745006
2017-06-02,342159.5470588235,345775.5,338995.5882352941,345775.5,152299,0.0,0.0,0.013244929410039852
2017-06-05,347131.53630573244,358431.3910031847,346227.54792993626,354815.4375,294502,0.0,0.0,0.026143950337719213
2017-06-07,358431.4108796296,360239.38773148146,351651.49768518517,353911.46875,209531,0.0,0.0,-0.0025477153879472914
2017-06-08,354363.4375,357075.40258290817,349391.50151466834,354363.4375,352413,0.0,0.0,0.0012770672609065947
2017-06-09,357075.43950123154,367923.3009544335,353459.4856834975,367019.3125,312692,0.0,0.0,0.03571439279764865
2017-06-12,373347.25323016825,380579.1612830529,368375.3164438101,376059.21875,381708,0.0,0.0,0.024630601012310516
2017-06-13,379675.1424632353,385551.0672870711,365211.3275122549,368827.28125,419834,0.0,0.0,-0.019230847535232742
2017-06-14,368375.2744728916,376963.16430722893,364307.32665662654,375155.1875,258154,0.0,0.0,0.017156828064762264
2017-06-15,379223.10961943446,381031.0863041516,371991.2028805656,375607.15625,237230,0.0,0.0,0.001204751433698359
2017-06-16,373799.1800613497,374251.17423312884,362951.3199386503,368375.25,248402,0.0,0.0,-0.019253909649118994
2017-06-19,367019.2674846626,378319.1217791411,364759.29662576684,368375.25,361697,0.0,0.0,0.0
2017-06-20,369731.2557132964,373799.20351454295,317299.92849722994,326339.8125,1104285,0.0,0.0,-0.11411037386469369
2017-06-21,313684.0190068493,339447.6920376712,303288.1509417808,329955.8125,2411292,0.0,0.0,0.011080474589657996
2017-06-22,335379.7356321839,336735.7183908046,306904.0977011494,314588.0,1853507,0.0,0.0,-0.04657536529986117
2017-06-23,323627.8586118252,352103.4942159383,320915.8933161954,351651.5,1569094,0.0,0.0,0.11781600061032216
2017-06-26,368827.2948387097,368827.2948387097,345323.5946774194,350295.53125,984804,0.0,0.0,-0.003856001609548132
2017-06-27,348939.5625,357527.4532869171,344419.6199805699,348939.5625,433731,0.0,0.0,-0.0038709279138141595
2017-06-28,348939.5286998617,352103.4881569848,320463.8935857538,326791.8125,864760,0.0,0.0,-0.06347159330779528
2017-06-29,332215.7218048217,344419.5646466315,327695.7800115588,342159.59375,622353,0.0,0.0,0.047026212598273
2017-06-30,343967.58213932806,351651.4834486166,335379.6924407115,343063.59375,544845,0.0,0.0,0.0026420419491743896
2017-07-03,351199.4925050813,352555.475101626,329955.7651592141,333571.71875,588918,0.0,0.0,-0.02766797518863806
2017-07-04,336283.691,342159.6157083333,330859.7605,338995.65625,455165,0.0,0.0,0.01626018392783779
2017-07-05,341707.62162162166,354363.45945945947,337187.6795366795,351199.5,666318,0.0,0.0,0.036000000368736185
2017-07-06,357075.42824074073,367019.3009259259,352555.48611111107,366115.3125,749146,0.0,0.0,0.04247105277769481
2017-07-07,361595.3855878635,364307.35097977245,351651.5124841972,357527.4375,587627,0.0,0.0,-0.02345674902630579
2017-07-10,362047.3376403567,362499.33181968296,341707.5995706737,342159.59375,504924,0.0,0.0,-0.04298367660244262
2017-07-11,342611.63320623344,345323.5986405836,337639.6965765915,340803.65625,256912,0.0,0.0,-0.0039628802604632085
2017-07-12,343063.58948863635,346227.5488119835,327243.79287190083,328147.78125,451643,0.0,0.0,-0.03713538504621017
2017-07-13,332215.75,339447.6574829932,330859.7673469388,332215.75,320885,0.0,0.0,0.012396758358395932
2017-07-14,333571.6975308642,334023.6917009602,319559.8782578875,329503.75,332900,0.0,0.0,-0.00816336973788867
2017-07-17,329503.74834610027,335831.66669568245,321819.84749303624,324531.8125,275830,0.0,0.0,-0.01508916818093875
2017-07-18,323627.8241643454,326791.7833391365,317299.9058147632,324531.8125,277583,0.0,0.0,0.0
2017-07-19,325887.8125,334475.70214979193,323175.84734743414,325887.8125,310300,0.0,0.0,0.004178326893607753
2017-07-20,329955.75032341527,349843.49417852523,327695.7794307891,349391.5,494831,0.0,0.0,0.07212202051894767
2017-07-21,347131.5178807947,349391.48870033113,340351.60542218544,341255.59375,328289,0.0,0.0,-0.023285930682343414
2017-07-24,343967.58162568306,344419.57581967214,329051.7732240437,330859.75,341839,0.0,0.0,-0.03046351163291372
2017-07-25,332215.7145553691,342159.58628355706,330859.7320469798,336735.65625,285270,0.0,0.0,0.017759507616142534
2017-07-26,338091.6821180556,341255.64171006944,324983.84952256945,325435.84375,313859,0.0,0.0,-0.033556923035233166
2017-07-27,325887.8356034483,329051.7951724138,318203.93379310344,327695.8125,222813,0.0,0.0,0.006944437109196011
2017-07-28,326339.7956081081,327243.7839615932,317299.9120732575,317751.90625,224837,0.0,0.0,-0.030344929262713705
2017-07-31,316395.9400969529,326791.8067001385,315943.9458968144,326339.8125,155231,0.0,0.0,0.027027080187658203
2017-08-01,327243.8021828104,333571.7210095498,320463.889154161,331311.75,224578,0.0,0.0,0.015235461042621079
2017-08-02,332667.7316421896,340803.627253004,329955.7664385848,338543.65625,259489,0.0,0.0,0.021828100723864985
2017-08-03,339899.65046604525,343063.60997836216,331763.7545772304,339447.65625,265414,0.0,0.0,0.0026702612301570117
2017-08-04,340351.60960570467,343967.5629614094,333571.6970637584,336735.65625,214489,0.0,0.0,-0.007989449772493495
2017-08-07,330859.7705078125,348487.5451660156,328147.80517578125,347131.5625,586112,0.0,0.0,0.03087260305538253
2017-08-08,352103.486133312,357979.4108056266,348939.5266943734,353459.46875,319488,0.0,0.0,0.0182291296257453
2017-08-09,349391.53465982026,356171.44801026955,349391.53465982026,352103.5,177736,0.0,0.0,-0.0038362779042115935
2017-08-10,355719.4432899746,358431.4085501269,348487.5359295685,356171.4375,333593,0.0,0.0,0.011553243577527628
2017-08-11,351651.47089262615,354815.4301423027,346227.5407503234,349391.5,164739,0.0,0.0,-0.01903560135980864
2017-08-14,351651.4570715206,356171.3986791237,347583.5096246778,350747.46875,193927,0.0,0.0,0.0038809437264502034
2017-08-16,350295.52205403644,353911.4758300781,345775.5798339844,347131.5625,204087,0.0,0.0,-0.01030914424810081
2017-08-17,347131.5648754915,349843.53022608126,343967.60529980337,344871.59375,124096,0.0,0.0,-0.006510409868016542
2017-08-18,342611.64796587924,346227.6020341207,341255.6651902887,344419.625,117774,0.0,0.0,-0.001310542121157221
2017-08-21,346227.5295529801,347131.5178807947,340351.60542218544,341255.59375,122327,0.0,0.0,-0.009186559128272709
2017-08-22,342611.6157623169,345323.5810585885,338091.6736018642,339447.65625,121554,0.0,0.0,-0.005297898505143506
2017-08-23,340803.60591216217,342159.588429054,332667.7108108108,334475.6875,154708,0.0,0.0,-0.01464723252158262
2017-08-24,336283.7090968586,345775.5879826571,334927.72639888746,345323.59375,255495,0.0,0.0,0.03243257030453073
2017-08-25,345775.54657179816,352103.4650711514,343063.58150064683,349391.5,233062,0.0,0.0,0.011779983538990457
2017-08-28,351651.4235294118,351651.4235294118,342611.5411764706,345775.5,161923,0.0,0.0,-0.010349421780438295
2017-08-29,343063.5995476974,346227.5589638158,340803.6285361842,343515.59375,85301,0.0,0.0,-0.006535761643031379
2017-08-30,346227.56479960575,350295.51268889615,343063.6053301577,343967.59375,106471,0.0,0.0,0.0013158063512219709
2017-08-31,344419.5719278283,348035.52543888165,339899.6300390117,347583.53125,117134,0.0,0.0,0.010512436536763037
2017-09-01,347583.5093118687,359335.3574810606,343967.5560290404,357979.375,260702,0.0,0.0,0.02990890768792709
2017-09-04,357979.375,357979.375,357979.375,357979.375,0,0.0,0.0,0.0
2017-09-05,372443.22228915663,376511.1701054217,366115.3034638554,375155.1875,267601,0.0,0.0,0.04797989409306047
2017-09-06,375155.1551822324,396850.875,374251.16685649205,396850.875,480874,0.0,0.0,0.057831234174257506
2017-09-07,411314.6986126077,422614.552970097,401822.8209523168,419450.59375,609603,0.0,0.0,0.05694763492709942
2017-09-08,418546.60811742005,421710.5673580485,406342.7653321389,409958.71875,261062,0.0,0.0,-0.02262930400250507
2017-09-11,409958.71875,412670.68381339585,400918.83520534734,409958.71875,250514,0.0,0.0,0.0
2017-09-12,414026.6328125,421710.533203125,409054.697265625,412218.65625,232854,0.0,0.0,0.005512597724206758
2017-09-13,414026.69907407404,431202.4791666666,413122.71064814815,427134.53125,305238,0.0,0.0,0.03618437635911831
2017-09-14,423518.55374869384,432558.4375,419450.606060606,432558.4375,278400,0.0,0.0,0.012698355794665162
2017-09-15,428490.4927884615,431654.45212339744,413574.6844951923,423066.5625,321873,0.0,0.0,-0.021943566873551035
2017-09-18,423066.5545212766,428038.490525266,414478.6650598404,424874.53125,156379,0.0,0.0,0.004273485333646576
2017-09-19,423066.60932388227,425778.5747682661,409506.78210196295,414478.71875,236379,0.0,0.0,-0.02446795873928953
2017-09-20,416738.60151231266,427586.46098768734,416738.60151231266,422162.53125,178658,0.0,0.0,0.018538497038335544
2017-09-21,419450.6008918618,419450.6008918618,404082.7987040134,405438.78125,292359,0.0,0.0,-0.039614482011186336
2017-09-25,397754.8959505062,404986.80314960633,392330.9655511811,401822.84375,192332,0.0,0.0,-0.008918578259464405
2017-09-26,401822.84375,401822.84375,401822.84375,401822.84375,0,0.0,0.0,0.0
2017-09-27,400014.8739248058,416738.6596143174,400014.8739248058,407246.78125,207544,0.0,0.0,0.013498330382069046
2017-09-28,411766.73712837836,418546.650472973,402726.8526689189,418094.65625,172190,0.0,0.0,0.02663710432947708
2017-09-29,422614.59028525295,423066.58449946175,410410.74650161463,419902.625,146992,0.0,0.0,0.00432430485052393
2017-10-10,420354.5860714286,424874.5278571429,392330.94700000004,395494.90625,434789,0.0,0.0,-0.0581270925610432
2017-10-11,399562.8705257271,404986.8008948546,395042.92855145416,404082.8125,224604,0.0,0.0,0.021714328337193445
2017-10-12,400918.84228738584,401822.83065781964,387811.0109160959,395946.90625,287236,0.0,0.0,-0.020134254658505157
2017-10-13,393686.9642125293,401822.86014344264,382839.1029713115,386003.0625,300196,0.0,0.0,-0.025114083714348978
2017-10-16,387359.06007105566,393234.9851363109,385099.0888921114,389619.03125,135382,0.0,0.0,0.009367720366208143
2017-10-17,389618.9792829241,406794.7579520089,388714.99093191966,404986.78125,187978,0.0,0.0,0.03944301681233653
2017-10-18,410862.6816492291,414478.6348430617,408602.7109030837,410410.6875,199326,0.0,0.0,0.01339279823716466
2017-10-19,408602.7426383981,409054.7368227326,381483.0915783274,383743.0625,325330,0.0,0.0,-0.06497790094708489
2017-10-20,382839.06620017585,390974.9613496483,381935.07785023446,385551.03125,147571,0.0,0.0,0.00471140439183837
2017-10-23,388714.9985276796,390070.9810806831,381483.0915783274,383743.0625,169747,0.0,0.0,-0.004689311150688269
2017-10-24,386907.02399289096,387359.01817979856,373347.1983856635,381483.09375,211212,0.0,0.0,-0.0058892758484722085
2017-10-25,384195.07757867133,391426.98492132867,378771.14707167837,387811.03125,155506,0.0,0.0,0.016587727224805837
2017-10-26,382387.13829627406,386907.08082932694,374703.2359900841,376059.21875,239779,0.0,0.0,-0.030302935071551018
2017-10-27,376511.1576940166,386455.0298059834,366115.29139514215,381483.09375,222948,0.0,0.0,0.014422927904888638
2017-10-30,368827.27777777775,375155.1967592592,361595.37037037034,366115.3125,401475,0.0,0.0,-0.04028430486639356
2017-10-31,368827.2467760844,388262.99629982415,368827.2467760844,385551.03125,296521,0.0,0.0,0.05308633123614581
2017-11-01,383291.07720144757,387359.0249547648,370635.23974668275,374703.1875,268389,0.0,0.0,-0.028135947956954177
2017-11-02,380579.12390734267,395042.9385926574,380127.1296984266,387811.03125,302109,0.0,0.0,0.03498193820408857
2017-11-03,374703.1892661476,392330.9629469435,371539.22988754325,391878.96875,301980,0.0,0.0,0.010489483723266302
2017-11-06,395042.9534574468,404986.82642777154,392330.9881019037,403630.84375,271422,0.0,0.0,0.029988532014069813
2017-11-07,404986.80898876407,411766.7220856742,394138.94803370786,402274.84375,245562,0.0,0.0,-0.0033595054020200132
2017-11-08,403178.81969026546,409506.73838495574,398206.8835730088,408602.75,176966,0.0,0.0,0.015730305656230792
2017-11-09,395042.90728919243,402726.80823188834,378771.11705760093,380579.09375,1059233,0.0,0.0,-0.0685841107285744
2017-11-10,379223.13080357143,384195.0669642857,371539.2294642857,379675.125,344227,0.0,0.0,-0.0023752454216358077
2017-11-13,384195.0588714455,386907.02399289096,379223.12281546206,381483.09375,280583,0.0,0.0,0.004761883597193872
2017-11-14,381031.08792309975,383291.0587885986,374251.17532660335,380579.09375,233254,0.0,0.0,-0.0023696987227235233
2017-11-15,382387.13829627406,382839.1325495793,374251.2417367789,376059.21875,233771,0.0,0.0,-0.011876309219888692
2017-11-16,376511.145201659,395494.90042191074,376511.145201659,395042.90625,377982,0.0,0.0,0.05048058006156775
2017-11-17,400466.84810216894,406342.7725099886,395042.9178795662,395946.90625,347382,0.0,0.0,0.002288359025558462
2017-11-20,399562.84375,405890.7620899321,398658.855415724,399562.84375,178237,0.0,0.0,0.00913237972799541
2017-11-21,405438.7855846774,420354.59375,402726.8204637097,420354.59375,458836,0.0,0.0,0.05203624492423797
2017-11-22,427134.5455942623,431654.48787568306,412218.73606557376,413574.71875,306445,0.0,0.0,-0.016128942328229257
2017-11-23,418546.60968137253,422162.5631127451,413122.67953431373,414930.65625,149214,0.0,0.0,0.0032785792712335393
2017-11-24,413122.7013583974,414478.68396679475,406794.78251920966,411766.71875,131490,0.0,0.0,-0.007625219906850389
2017-11-27,412670.6658967391,418998.5841032609,406794.7418478261,415834.625,151282,0.0,0.0,0.009879152599678198
2017-11-28,420806.65625,428038.56441326527,416738.70790816325,420806.65625,209674,0.0,0.0,0.011956751436944524
2017-11-29,420354.62736486486,422614.5984797297,415834.68513513514,418094.65625,162006,0.0,0.0,-0.00644476497631441
2017-11-30,419902.5795031501,423518.53282502864,394590.90625,394590.90625,309466,0.0,0.0,-0.05621633677600968
2017-12-01,397302.89735122357,411314.71739432705,396398.90896134597,406342.78125,147394,0.0,0.0,0.02978242735415293
2017-12-04,408150.74634197325,408602.74052396877,401822.82779403566,405438.78125,85823,0.0,0.0,-0.0022247226767978523
2017-12-05,406794.7616407982,409958.7208980044,400014.8489467849,407698.75,95098,0.0,0.0,0.005574130681412104
2017-12-06,407698.7415943601,419902.58419197396,407698.7415943601,416738.625,219700,0.0,0.0,0.0221729279277898
2017-12-07,420806.56073369563,428490.4614130435,413122.6600543478,415834.625,197198,0.0,0.0,-0.0021692253747778167
2017-12-08,420354.6619897959,423518.6218112245,417190.70216836734,420806.65625,144435,0.0,0.0,0.011956751436944524
2017-12-11,424422.5541075328,424874.54830786027,404986.80349344976,414026.6875,194495,0.0,0.0,-0.016111838178652804
2017-12-12,415834.6633583691,423970.5589458155,414930.67495976394,421258.59375,177682,0.0,0.0,0.017467246601102326
2017-12-13,421258.5689036885,442050.30084528687,419902.5863857582,441146.3125,393983,0.0,0.0,0.04721023866352869
2017-12-14,440242.3634259259,447926.2650462963,436626.4097222222,439338.375,249738,0.0,0.0,-0.0040982718176976185
2017-12-15,442954.3451763485,444762.3220954357,431654.48943205393,435722.4375,145371,0.0,0.0,-0.008230415792838452
2017-12-18,438886.380787037,438886.380787037,425778.54861111107,427134.53125,118854,0.0,0.0,-0.019709580023635986
2017-12-19,424874.52600216685,432106.43282773567,401370.82881906827,417190.625,376168,0.0,0.0,-0.023280501861788983
2017-12-21,396850.93413130735,400918.88220326835,391878.9975989106,394138.96875,207584,0.0,0.0,-0.05525449247571179
2017-12-22,395042.9004152348,400466.8303980527,393234.9237542955,394590.90625,111036,0.0,0.0,0.0011466450562687136
2017-12-26,391878.97913024476,397302.9096372378,386907.0428321679,387811.03125,199194,0.0,0.0,-0.017182035603487744
2017-12-27,398183.9876819709,410598.5,396804.5974244121,410598.5,124365,7280.0,0.0,0.058759207226650956
2017-12-28,411977.9530726257,415656.3276536313,408759.3753142458,411518.15625,97832,0.0,0.0,0.002239794470754175
2018-01-02,411977.8902575588,416116.06103023514,406460.3292273236,410598.5,121955,0.0,0.0,-0.002234789002702686
2018-01-03,406000.57719109196,410598.54522270116,397264.4379310345,400023.21875,234234,0.0,0.0,-0.02575577175756849
2018-01-04,403241.843158284,403241.843158284,388068.5468934911,388528.34375,284220,0.0,0.0,-0.02873551949289188
2018-01-05,392206.70279176545,395425.280657583,383470.5628702607,388068.53125,204527,0.0,0.0,-0.0011834722161115918
2018-01-08,388068.49970238097,390827.28050595237,381631.34449404763,386229.3125,143648,0.0,0.0,-0.004739417401549484
2018-01-09,386229.32851239666,393586.0776269185,384849.93805342383,389447.90625,126554,0.0,0.0,0.008333375137082655
2018-01-10,394045.89116255735,401402.6405891628,389447.9227709289,400942.84375,196524,0.0,0.0,0.02951598228036434
2018-01-11,403241.7951917447,403241.7951917447,392666.46875,392666.46875,111785,0.0,0.0,-0.020642281385025996
2018-01-12,397264.4183796856,397724.21516021766,378412.75037787185,380251.9375,226567,0.0,0.0,-0.0316159698828371
2018-01-15,382091.15625,387148.9212545127,377493.18806407944,382091.15625,118447,0.0,0.0,0.0048368425473177545
2018-01-16,382091.12701494724,394505.64016705746,380711.7366647128,392206.65625,112640,0.0,0.0,0.026474049018244017
2018-01-17,391746.89078947366,393126.28125,383010.7512061404,393126.28125,95534,0.0,0.0,0.002344746029536493
2018-01-18,394505.65668402775,402322.2023292824,391287.07906539354,397264.4375,137838,0.0,0.0,0.010526277299096165
2018-01-19,397264.40492957743,397724.20169454225,388068.4696302817,391746.84375,102264,0.0,0.0,-0.013888969736939982
2018-01-22,391287.0634073751,398643.8119555749,386229.2987804878,395885.03125,101635,0.0,0.0,0.010563422695093472
2018-01-23,396344.87549942924,404621.21860730596,395885.07866010274,402782.03125,123817,0.0,0.0,0.017421724631069946
2018-01-24,404621.23421354766,404621.23421354766,397264.48450057406,400483.0625,74063,0.0,0.0,-0.005707724207222764
2018-01-25,398184.0142479436,399563.40459753235,387148.8914512339,391287.0625,159325,0.0,0.0,-0.02296226947175828
2018-01-26,388988.082730812,413817.1092880979,388988.082730812,413357.3125,331267,0.0,0.0,0.056404241579032455
2018-01-29,415656.3120824053,416116.10888780624,406460.3759743875,412897.53125,142122,0.0,0.0,-0.0011123094622887963
2018-01-30,414276.9366525424,420714.09216101695,406000.59385593224,406920.1875,133555,0.0,0.0,-0.014476579048327776
2018-01-31,404621.1566742081,416116.0758979072,401862.37606052036,406460.34375,179159,0.0,0.0,-0.0011300588275680035
2018-02-01,404621.1566742081,411518.1082084276,404621.1566742081,406460.34375,92822,0.0,0.0,0.0
2018-02-02,406920.15553734323,406920.15553734323,400023.2037485747,403241.78125,123848,0.0,0.0,-0.00791851542097699
2018-02-05,399103.5746135553,404621.1355529132,384390.0787752675,386689.0625,147065,0.0,0.0,-0.04104911623663754
2018-02-06,369676.6573741007,386229.34352517984,369216.8605365707,383470.5625,157741,0.0,0.0,-0.008323224813218011
2018-02-07,389907.717603912,390367.514440709,374734.4219896088,376113.8125,169627,0.0,0.0,-0.019184653841583965
2018-02-08,372435.39110429445,381631.3266871166,359101.28450920247,374734.375,304673,0.0,0.0,-0.0036676065971387173
2018-02-09,362319.88934159064,367837.4511082138,351284.7658083442,352664.15625,192589,0.0,0.0,-0.05889563440770551
2018-02-12,353583.68972929934,365538.4048566879,353583.68972929934,360940.4375,125518,0.0,0.0,0.023467883263228462
2018-02-13,362319.8608343711,371055.9996108344,360480.6737235367,369216.8125,116383,0.0,0.0,0.022930029833523324
2018-02-14,372435.40546875005,374734.389453125,366458.047109375,367837.4375,63425,0.0,0.0,-0.0037359485085745048
2018-02-19,372895.1875,375653.96817200986,367377.6261559802,372895.1875,82155,0.0,0.0,0.013749959858286642
2018-02-20,373355.0301339286,374734.4206393495,360020.9219148597,360480.71875,116107,0.0,0.0,-0.03329211308204405
2018-02-21,359561.1097908745,366458.06202471483,359561.1097908745,362779.6875,102987,0.0,0.0,0.006377508228378792
2018-02-22,362319.8756281407,374274.5923366834,361860.0788316583,365998.25,133776,0.0,0.0,0.008871947936721192
2018-02-23,370596.2337264151,372435.420990566,364159.0783018868,365538.46875,82581,0.0,0.0,-0.001256238930104181
2018-02-26,365538.45159471646,366917.8419780928,353123.9381443299,356802.3125,167315,0.0,0.0,-0.023899416879088697
2018-02-27,355882.67340764333,364618.8113853503,353123.89299363055,360940.4375,165665,0.0,0.0,0.011597808800636544
2018-02-28,364159.059,370136.4172916667,343008.40658333333,344847.59375,260471,0.0,0.0,-0.04458587090286881
2018-03-02,340249.59475267376,347146.54599766043,336571.2207553476,343927.96875,155630,0.0,0.0,-0.0026667577697140343
2018-03-05,343928.0009868421,352204.34325657896,343468.2041940789,349445.5625,115211,0.0,0.0,0.016042875983752092
2018-03-06,351744.5476017442,357262.10913275194,348066.17324773903,355882.71875,116147,0.0,0.0,0.018421055926271857
2018-03-07,353583.7193548387,361400.26451612904,350365.14193548384,356342.5,95611,0.0,0.0,0.001291945986067855
2018-03-08,358641.54681467183,360480.73423423426,351744.5939913127,357262.15625,100594,0.0,0.0,0.002580821120130139
2018-03-09,357721.8603503185,366457.99832802545,354043.4864649682,360940.4375,191204,0.0,0.0,0.010295748333965848
2018-03-12,366917.8446759259,373814.7966435185,365078.6574845679,372435.40625,172174,0.0,0.0,0.03184727327760273
2018-03-13,371975.578471367,374734.359028633,367837.407635468,373354.96875,87075,0.0,0.0,0.002469052309657993
2018-03-14,368297.2492870722,370596.23336501897,361400.2970532319,362779.6875,70631,0.0,0.0,-0.028325004714431
2018-03-15,364159.06312500004,370136.421484375,359561.09515625,367837.4375,58220,0.0,0.0,0.013941657083543335
2018-03-16,370136.43830128206,376573.59375,369216.8446657509,376573.59375,112526,0.0,0.0,0.023750046513413947
2018-03-19,377953.0156818182,382091.1873863636,376113.82825757575,379332.40625,80464,0.0,0.0,0.007326091223038622
2018-03-20,376573.5643623361,385769.5,375653.97079856973,385769.5,116195,0.0,0.0,0.016969532905547702
2018-03-21,386689.10930059524,388068.49970238097,382550.93809523806,386229.3125,108423,0.0,0.0,0.0011919358580707584
2018-03-22,390827.3122778436,393126.2964677133,385309.7502221564,388068.53125,117749,0.0,0.0,0.0047619864429631065
2018-03-23,376573.6093367971,381171.5777047677,374734.4219896088,376113.8125,85341,0.0,0.0,-0.030805689684481496
2018-03-26,376113.76721556886,384849.90606287424,376113.76721556886,383930.3125,62056,0.0,0.0,0.020782273184928535
2018-03-27,388988.06137858855,392206.6387186005,383470.5002242823,384390.09375,88621,0.0,0.0,0.0011975643366268773
2018-03-28,383930.34363745496,387608.71818727494,377493.1881752701,383010.75,84389,0.0,0.0,-0.0035883956751942003
2018-03-29,382551.0,383470.59375,371515.875,377033.4375,71771,0.0,0.0,-0.015606122021379343
2018-03-30,379792.15729166666,388988.0933035714,377952.9700892857,386229.3125,59203,0.0,0.0,0.02439007813464822
2018-04-02,390827.28154274006,397264.4367681499,387608.7039300351,392666.46875,67113,0.0,0.0,0.016666669363682773
2018-04-03,387608.67109001195,392206.6387186005,383010.70346142346,384390.09375,74092,0.0,0.0,-0.021077366311278656
2018-04-04,386689.15632396453,394505.7028846154,384849.968897929,388528.34375,99687,0.0,0.0,0.010765756108926716
2018-04-05,388528.29559178744,393126.26358695654,378412.76600241545,380711.75,75506,0.0,0.0,-0.02011846465191125
2018-04-06,376113.78047648515,379792.1548576733,371056.01570235146,371515.8125,64938,0.0,0.0,-0.024154593337347707
2018-04-09,371975.60914236977,374734.3899271092,369676.62515508686,370596.21875,50451,0.0,0.0,-0.002475247941162717
2018-04-10,370136.4211683417,370136.4211683417,356802.3140703518,365998.25,119415,0.0,0.0,-0.012406949983215343
2018-04-11,362779.6554497439,370136.4038492318,358641.484475032,359101.28125,110321,0.0,0.0,-0.01884426701493791
2018-04-12,360480.7034220532,362779.6875,357262.1257129277,362779.6875,79709,0.0,0.0,0.010243367100211342
2018-04-13,362779.6548387097,362779.6548387097,354503.3129032258,356342.5,95436,0.0,0.0,-0.017744068154311954
2018-04-16,355882.73306772904,355882.73306772904,345307.406374502,346227.0,120610,0.0,0.0,-0.028387015301290175
2018-04-17,348066.2034921671,352204.375,345767.2193211488,352204.375,76023,0.0,0.0,0.017264323695147965
2018-04-18,352664.18754063715,356342.5623780884,352664.18754063715,353583.78125,54757,0.0,0.0,0.0039164937971027936
2018-04-19,349445.56216931215,354043.5300925926,343008.40707671957,347606.375,135132,0.0,0.0,-0.016905204839623877
2018-04-20,347606.4375,349905.421875,339330.09375,339330.09375,140700,0.0,0.0,-0.02380934828942649
2018-04-23,340249.63938973646,340249.63938973646,330593.90638002777,331513.5,178130,0.0,0.0,-0.02303536849212917
2018-04-24,331053.6875,335191.85859375,328754.70355902775,331053.6875,125603,0.0,0.0,-0.0013870098804422692
2018-04-25,329214.53089689265,332433.1087129237,323696.9689265537,325536.15625,128570,0.0,0.0,-0.016666575417620177
2018-04-26,327375.3131944444,331513.48428819445,327375.3131944444,331053.6875,118279,0.0,0.0,0.01694905817393355
2018-04-27,331973.29667941586,337031.061587274,329674.31263038947,330593.90625,100688,0.0,0.0,-0.0013888419533161223
2018-04-30,331053.6875,332433.0778645833,325995.9228298611,331053.6875,64303,0.0,0.0,0.00139077351792527
2018-05-02,331053.71830985916,331513.5151408451,323696.9690140845,326455.75,132623,0.0,0.0,-0.013888797115422569
2018-05-03,325995.9531690141,327835.1404929578,325076.3595070423,326455.75,157640,0.0,0.0,0.0
2018-05-04,325995.96838924964,326915.5620941559,318639.21875,318639.21875,92203,0.0,0.0,-0.023943616401304046
2018-05-08,318179.37426900584,321397.95175438595,313121.6096491228,314501.0,165688,0.0,0.0,-0.012987160733804015
2018-05-09,314501.0177824268,330593.90611924685,314501.0177824268,329674.3125,136092,0.0,0.0,0.048245673304695424
2018-05-10,329674.29480367433,362319.8665345821,319098.96875,319098.96875,701565,0.0,0.0,-0.03207815516412127
2018-05-11,318639.18552631576,319558.7791353383,303465.8909774436,305764.875,457226,0.0,0.0,-0.04178670273436913
2018-05-14,306224.65662313433,312661.8115671642,305764.8598414179,308063.84375,236987,0.0,0.0,0.007518747043786522
2018-05-15,307144.23868458276,327835.09308698727,306684.4419200849,325076.3125,240218,0.0,0.0,0.055223841080831226
2018-05-16,328294.92233009706,343008.4202496533,325536.1414701803,331513.5,235645,0.0,0.0,0.01980208108826753
2018-05-17,332892.9061634349,334732.0934903047,325536.15685595566,331973.3125,113179,0.0,0.0,0.0013870098804422692
2018-05-18,332892.9054532578,332892.9054532578,323237.17200779036,324616.5625,92312,0.0,0.0,-0.022160666906018256
2018-05-21,323696.9689265537,329674.32772775425,323696.9689265537,325536.15625,95935,0.0,0.0,0.002832861462513936
2018-05-23,324156.7342862216,328754.7021484375,323237.14071377844,323696.9375,113362,0.0,0.0,-0.005649814051952973
2018-05-24,323697.0,330593.953125,320018.625,330134.15625,124638,0.0,0.0,0.01988656055789839
2018-05-25,328754.7042410714,337490.8432348901,325536.126717033,334732.0625,136145,0.0,0.0,0.01392738728469567
2018-05-28,330593.87344858155,331053.670212766,323237.1252216312,324156.71875,174851,0.0,0.0,-0.03159345917154266
2018-05-29,321857.75035511365,327375.31178977276,317259.78249289776,323696.9375,139442,0.0,0.0,-0.0014183918561768705
2018-05-30,322777.375,327835.14013532765,319099.00035612535,322777.375,148090,0.0,0.0,-0.0028408130985174695
2018-05-31,322777.37517705385,332433.1086225213,320478.39102337114,324616.5625,148694,0.0,0.0,0.005698006249663656
2018-06-01,326455.73547111417,334732.0780605227,325536.14185006876,334272.28125,102259,0.0,0.0,0.029744997222684866
2018-06-04,332892.8908184319,337490.85892365885,329674.313144773,334272.28125,78419,0.0,0.0,0.0
2018-06-05,335191.8739481066,336571.2643758766,326915.5313814867,327835.125,79083,0.0,0.0,-0.019257224158486852
2018-06-07,326915.5466536827,326915.5466536827,320478.39102337114,324616.5625,135937,0.0,0.0,-0.009817625551868492
2018-06-08,326455.72046232875,337950.6401969178,325995.92367294524,335651.65625,124079,0.0,0.0,0.033994241282744087
2018-06-11,332433.1093317174,337950.67131232686,331053.7188365651,331973.3125,60638,0.0,0.0,-0.010958813047716065
2018-06-12,335651.65659059945,341169.2180688011,334732.0630108992,337490.84375,73910,0.0,0.0,0.016620406045440683
2018-06-14,337950.6552068846,338870.24882649514,330134.10944019473,330593.90625,103368,0.0,0.0,-0.020435924789441007
2018-06-15,331513.48428819445,333812.46822916664,327375.3131944444,331053.6875,106746,0.0,0.0,0.00139077351792527
2018-06-18,331513.45220588235,337490.80987394956,325076.29779411765,328294.875,69321,0.0,0.0,-0.00833342930215808
2018-06-19,328294.9067708333,332892.87465277774,326915.51640624995,331053.6875,86763,0.0,0.0,0.008403458933070374
2018-06-20,327835.1085759943,328294.90536221594,314960.7985617898,323696.9375,110560,0.0,0.0,-0.02222222641758065
2018-06-21,320938.18870523415,339789.858815427,320938.18870523415,333812.5,104273,0.0,0.0,0.031250102574726935
2018-06-22,330134.1110738255,343008.42181208055,330134.1110738255,342548.625,76681,0.0,0.0,0.02617075454034823
2018-06-25,342548.6405829973,348525.99941196234,339789.8595850135,342088.84375,103655,0.0,0.0,-0.001342236448912959
2018-06-26,342088.8434103261,342088.8434103261,331053.71942934784,338410.46875,68983,0.0,0.0,-0.010752689154306827
2018-06-27,335651.6434114927,349445.54656538967,335651.6434114927,348066.15625,104140,0.0,0.0,0.028532472815234078
2018-06-28,347146.57508680556,347146.57508680556,331053.6875,331053.6875,119217,0.0,0.0,-0.048877112711241955
2018-06-29,334732.0330188679,343927.9679919137,331053.65902964957,341169.1875,104413,0.0,0.0,0.03055546692860811
2018-07-02,340709.40539733967,343927.9827762619,335191.84417633014,337031.03125,63400,0.0,0.0,-0.012129337588553502
2018-07-03,333812.48404993064,337031.0617198336,329214.51595006936,331513.5,110259,0.0,0.0,-0.016370988836061362
2018-07-04,328294.89244186046,337031.03103625175,324616.51829685364,336111.4375,55494,0.0,0.0,0.013869533216595897
2018-07-05,336111.4232648248,347146.54523247975,335651.6265161725,341169.1875,94327,0.0,0.0,0.015047836627100741
2018-07-06,337950.703125,341169.28125,331973.34375,339330.09375,68432,0.0,0.0,-0.005390562270515709
2018-07-09,344387.8283322281,349445.5935013263,340249.65683023876,346686.8125,136359,0.0,0.0,0.021680124708950865
2018-07-10,345767.2043984476,356802.3279430789,345767.2043984476,355422.9375,95345,0.0,0.0,0.025198896193953102
2018-07-11,355422.9064516129,361400.26451612904,353583.7193548387,356342.5,114186,0.0,0.0,0.0025872345394140073
2018-07-12,356802.2668789809,363239.42117834394,353123.89299363055,360940.4375,106607,0.0,0.0,0.012903140938844038
2018-07-13,365538.4527294304,367837.4367088608,361860.0783623418,363239.46875,99337,0.0,0.0,0.006369558550778809
2018-07-16,362319.82770700636,365078.6081210191,356342.4701433121,360940.4375,79698,0.0,0.0,-0.006329244060155559
2018-07-17,358641.54681467183,364159.10907335905,352664.18770109396,357262.15625,119341,0.0,0.0,-0.01019082615258371
2018-07-18,357262.10913275194,367837.4354005168,353123.9379844961,355882.71875,91837,0.0,0.0,-0.003861135236038593
2018-07-19,353583.74848993286,354043.5453020134,340709.4377516779,342548.625,96395,0.0,0.0,-0.03746766293354897
2018-07-20,342548.625,346686.79630872485,335651.67281879194,342548.625,76502,0.0,0.0,0.0
2018-07-23,345307.36072834645,351284.718503937,341169.1899606299,350365.125,73463,0.0,0.0,0.02281865822698892
2018-07-24,352204.3750813802,354963.15608723956,347606.40673828125,353123.96875,69172,0.0,0.0,0.007874196240279296
2018-07-25,353123.96875,356802.3434244791,346227.01623535156,353123.96875,52286,0.0,0.0,0.0
2018-07-26,355422.9064516129,360480.6709677419,350365.14193548384,356342.5,52223,0.0,0.0,0.009114451396185386
2018-07-27,357721.92157179816,357721.92157179816,348525.9852846054,355422.9375,42650,0.0,0.0,-0.002580558030546465
2018-07-30,354043.51612903224,359561.0774193548,352204.3290322581,356342.5,33380,0.0,0.0,0.0025872345394140073
2018-07-31,357262.15612840466,357262.15612840466,351744.59387159534,354503.375,46116,0.0,0.0,-0.00516111606109293
2018-08-01,358641.53076171875,359101.3275960286,348526.000406901,353123.96875,47939,0.0,0.0,-0.003891094830902553
2018-08-02,349905.38973817567,350365.18657094595,339789.8594172297,340249.65625,72332,0.0,0.0,-0.036458336559743953
2018-08-03,339330.01594129554,343468.1868674089,338410.42240215925,340709.40625,49902,0.0,0.0,0.0013512137089779497
2018-08-06,340709.40625,345767.17071524967,339330.01594129554,340709.40625,103852,0.0,0.0,0.0
2018-08-07,338870.23360233515,339330.0303914835,333352.67213255493,334732.0625,76964,0.0,0.0,-0.017543817811751405
2018-08-08,333812.53125,338410.5,328294.96875,330134.15625,89955,0.0,0.0,-0.013736079584548366
2018-08-09,329214.46875,333352.6394465782,320938.12735684356,329214.46875,176183,0.0,0.0,-0.0027857992957976974
2018-08-10,329674.3283414127,333352.7029951523,328294.9378462604,331973.3125,64765,0.0,0.0,0.008380080500334897
2018-08-13,327835.14058110956,332892.9057233146,325995.9532566713,327375.34375,60439,0.0,0.0,-0.013850416816261424
2018-08-14,335651.65949675324,357262.1088068182,335191.8627029221,354043.53125,244138,0.0,0.0,0.08146058647704746
2018-08-16,347146.5610239541,347146.5610239541,337031.0320934548,340709.40625,210451,0.0,0.0,-0.03766238844393521
2018-08-17,343008.48443808884,346686.85960632574,341169.2968539704,341629.09375,100602,0.0,0.0,0.002699331110703751
2018-08-20,345767.2020408163,351744.5605867347,334272.28176020406,337950.65625,123040,0.0,0.0,-0.01076734261600043
2018-08-21,337950.641875,345767.1873333333,337950.641875,344847.59375,119255,0.0,0.0,0.020408119861433205
2018-08-22,343008.37449460913,345307.3582378706,338410.4070080862,341169.1875,72708,0.0,0.0,-0.010666759219629895
2018-08-23,345307.43790531775,357262.15612840466,345307.43790531775,354503.375,145971,0.0,0.0,0.03908379768322434
2018-08-24,354963.12579923274,364159.06170076726,354503.329004156,359561.09375,141200,0.0,0.0,0.014267053875016034
2018-08-27,356802.3128205128,368297.2326923077,356802.3128205128,358641.5,86533,0.0,0.0,-0.0025575452015934586
2018-08-28,359101.2508338628,367377.5920822745,359101.2508338628,361860.03125,87385,0.0,0.0,0.008974229836758996
2018-08-29,365998.26532869786,365998.26532869786,360480.703539823,363699.28125,59665,0.0,0.0,0.005082766376951264
2018-08-30,365998.25,366917.8435929648,362319.8756281407,365998.25,57125,0.0,0.0,0.006321070369176063
2018-08-31,362319.8580645161,362319.8580645161,351284.73548387096,356342.5,150723,0.0,0.0,-0.02638195674432875
2018-09-03,351284.7970168612,356342.56241893646,351284.7970168612,354503.375,58990,0.0,0.0,-0.00516111606109293
2018-09-04,358181.6756850369,374734.359028633,358181.6756850369,373354.96875,148337,0.0,0.0,0.05317747327511335
2018-09-05,371056.04612151015,377952.99865164974,361400.31257931475,362319.90625,102735,0.0,0.0,-0.029556490267012125
2018-09-06,361860.06367334165,371975.59277221526,361860.06367334165,367377.625,110869,0.0,0.0,0.01395926269231862
2018-09-07,374274.6102231604,381631.359318456,369676.6420386007,381171.5625,149853,0.0,0.0,0.03754702671399768
2018-09-10,386229.32851239666,393126.2808072609,381631.36031582055,389447.90625,148466,0.0,0.0,0.021712909787177548
2018-09-11,384849.9536029412,391287.1093382353,381171.5788970588,390827.3125,91177,0.0,0.0,0.003541953180034696
2018-09-12,387148.9221517119,393126.2808072609,386689.1253320543,389447.90625,80426,0.0,0.0,-0.003529452026206581
2018-09-13,392666.4698994253,400023.21875,387608.70506465517,400023.21875,170853,0.0,0.0,0.02715462666580959
2018-09-14,395885.03161127167,400942.7962427745,394505.6412572254,397724.21875,78789,0.0,0.0,-0.0057471663949506535
2018-09-17,394045.8907340116,398184.06228197674,392206.7033793605,395425.28125,76032,0.0,0.0,-0.005780230098195394
2018-09-18,395425.2348265896,399103.60910404625,392666.4541184971,397724.21875,84013,0.0,0.0,0.005813835404586909
2018-09-19,397264.4081632653,406000.54676870746,397264.4081632653,405540.75,94664,0.0,0.0,0.01965314376521099
2018-09-20,405540.7662401575,410138.73411136103,403241.78230455564,408759.34375,101479,0.0,0.0,0.007936548300016666
2018-09-21,411058.3440283964,413357.32805540087,409219.15680679283,412897.53125,107747,0.0,0.0,0.010123774693529652
2018-09-27,399103.65653538815,413817.1553938356,398643.85969606164,402782.03125,189535,0.0,0.0,-0.024498814437995065
2018-09-28,404621.20338983054,409678.9684322034,399563.4383474576,406920.1875,196680,0.0,0.0,0.010273934607156088
2018-10-01,409219.12706043955,419334.65604395606,407839.7367445055,418415.0625,140969,0.0,0.0,0.02824847563012578
2018-10-02,413817.13769185357,418415.10588842974,383010.7507747934,389447.90625,220739,0.0,0.0,-0.06923067271269667
2018-10-04,394505.6258660508,401862.37413394917,388528.2678983834,398184.0,145190,0.0,0.0,0.02243199567849774
2018-10-05,397264.4676258993,398184.06130095926,381171.57831235015,383470.5625,97695,0.0,0.0,-0.03695135289213025
2018-10-08,383470.4852853745,389447.8429696789,375653.9406212842,386689.0625,95119,0.0,0.0,0.008393082324278822
2018-10-10,393586.0613095238,394505.6549107143,382550.93809523806,386229.3125,94867,0.0,0.0,-0.001188939756991414
2018-10-11,376573.593170581,383930.34224351053,371975.625,371975.625,140419,0.0,0.0,-0.03690472742148487
2018-10-12,375653.9552556818,386229.2808014354,364159.0361842105,384390.09375,133178,0.0,0.0,0.03337441465418611
2018-10-15,383470.5779161604,383930.374772175,374274.64079586876,378412.8125,59950,0.0,0.0,-0.015550039782990632
2018-10-16,378412.7518534994,393586.04567022534,374734.37759489915,387608.6875,65046,0.0,0.0,0.024301172413394356
2018-10-17,392666.46709735575,392666.46709735575,377033.3759014423,382550.9375,70511,0.0,0.0,-0.013048598143198253
2018-10-18,379332.3599008414,393586.0606971154,378412.76630108175,382550.9375,70807,0.0,0.0,0.0
2018-10-19,384849.9533841825,388988.12492594786,379332.3913284953,388068.53125,39856,0.0,0.0,0.01442316096794305
2018-10-22,388528.2819827081,394045.843383646,386229.2980656507,392206.65625,54955,0.0,0.0,0.010663387177184402
2018-10-23,386689.1409558823,394505.68720588234,385309.75044117647,390827.3125,53625,0.0,0.0,-0.0035168800121555543
2018-10-24,397264.4358669834,398184.0294685273,383010.73504305223,387148.90625,128593,0.0,0.0,-0.00941184541702167
2018-10-25,383470.5171856639,391287.0625,375194.1750881316,391287.0625,141556,0.0,0.0,0.01068879747093443
2018-10-26,386689.12374084245,391287.09191849816,371975.6255723443,376573.59375,149605,0.0,0.0,-0.03760274785471596
2018-10-29,377033.37407178216,382550.9356435643,366458.0477258663,371515.8125,130336,0.0,0.0,-0.013431056595428092
2018-10-30,371515.76991676574,392666.42018430436,356802.274078478,386689.0625,134531,0.0,0.0,0.040841464856896215
2018-10-31,382550.9848661234,395425.2968568102,376573.62572759023,394965.5,104836,0.0,0.0,0.021403340054388043
2018-11-01,388988.1255800464,402782.0307424594,388988.1255800464,396344.875,102391,0.0,0.0,0.0034923936394444244
2018-11-02,396344.8606961668,408759.37489430665,396344.8606961668,407839.78125,107244,0.0,0.0,0.02900228304957908
2018-11-05,402782.0171270718,416116.125,402782.0171270718,416116.125,120791,0.0,0.0,0.020293125218519892
2018-11-06,418415.0929148107,421633.67055261694,403241.79833658127,412897.53125,102513,0.0,0.0,-0.007734845050765604
2018-11-07,409219.21875,420714.140625,400942.875,413817.1875,103109,0.0,0.0,0.002227323198605413
2018-11-08,416575.9364297945,423013.0921803653,394045.8913027968,402782.03125,199058,0.0,0.0,-0.02666674218310472
2018-11-09,395885.03302355274,408759.3430405789,392666.4555192962,405080.96875,161416,0.0,0.0,0.005707646621835316
2018-11-12,408299.57849162014,415656.3276536313,404621.20391061454,411518.15625,119316,0.0,0.0,0.015891113126997425
2018-11-13,409219.18763982103,416116.1402404922,403701.6255592841,411058.375,145076,0.0,0.0,-0.0011172805938619579
2018-11-14,415196.54731850437,433128.62411299127,411058.3757505458,421173.90625,161194,0.0,0.0,0.02460850298938677
2018-11-15,424852.26676346356,435887.3905755016,421633.6889849525,435427.59375,63878,0.0,0.0,0.03384276017218246
2018-11-16,434048.15504291846,434507.95181732834,424852.219554721,428530.59375,86025,0.0,0.0,-0.015839602494186256
2018-11-19,423472.8449197861,431289.39037433156,423472.8449197861,429910.0,70406,0.0,0.0,0.0032189212861770677
2018-11-20,429910.0167410714,438186.35930934874,426691.4390756303,437726.5625,74960,0.0,0.0,0.018181857830708692
2018-11-21,434967.7971214511,440025.5622042587,429450.2352129338,437266.78125,111749,0.0,0.0,-0.0010503846222491564
2018-11-22,434048.15762004175,443703.8899399791,432668.7672886221,440485.3125,78653,0.0,0.0,0.007360566564876603
2018-11-23,432209.0005274262,440025.5462816456,432209.0005274262,435887.375,95835,0.0,0.0,-0.010438344638335706
2018-11-26,439565.75190162275,453359.65625,439565.75190162275,453359.65625,137824,0.0,0.0,0.04008439393318053
2018-11-27,451060.70277061855,452440.09329896903,440025.5785438144,446002.9375,117092,0.0,0.0,-0.016227113834635598
2018-11-28,448301.8626237624,468073.1242574258,446462.6754950495,464394.75,204294,0.0,0.0,0.041236976157808414
2018-11-29,460716.37629183073,467153.53125,456578.20524729334,467153.53125,270370,0.0,0.0,0.005940595258667303
2018-11-30,467153.5939941406,470831.96875,463475.21923828125,470831.96875,189538,0.0,0.0,0.007874151117208239
2018-12-03,468073.1061678463,475429.8543983822,453819.406471183,454739.0,150403,0.0,0.0,-0.034179855698254324
2018-12-04,456118.421319797,462555.57645939087,445543.09501903557,452899.84375,109621,0.0,0.0,-0.0040444216352677476
2018-12-05,454279.28150100406,461636.030998996,451980.29728288157,457957.65625,85288,0.0,0.0,0.011167618116450173
2018-12-06,446462.6876605858,453359.63958119217,434048.17420349433,447382.28125,262296,0.0,0.0,-0.023092473410307734
2018-12-07,449681.2655450358,456578.21747057314,443244.1104145343,449221.46875,128138,0.0,0.0,0.0041109976346431765
2018-12-10,446922.5167085427,458877.23423366837,443244.1420854271,457497.84375,154162,0.0,0.0,0.01842381893062628
2018-12-11,458417.4374057789,462555.60885678395,451980.28181532666,457497.84375,124685,0.0,0.0,0.0
2018-12-12,457497.8288083996,463475.1873757455,454279.25111829024,462555.59375,70653,0.0,0.0,0.011055243361461242
2018-12-13,468992.7498772102,468992.7498772102,462555.5944867387,468073.15625,223965,0.0,0.0,0.011928431035215459
2018-12-14,466233.967875,468073.155125,451520.469875,459796.8125,90733,0.0,0.0,-0.01768173124113015
2018-12-17,459796.77734375,462555.55800781253,440945.1094726563,441404.90625,99691,0.0,0.0,-0.040000073401987746
2018-12-18,440025.54667845916,446002.905201782,434967.78177410905,438646.15625,87914,0.0,0.0,-0.006249930530761949
2018-12-19,442324.51586787566,446002.8902202073,437726.54792746116,443703.90625,58809,0.0,0.0,0.011530364344780386
2018-12-20,443703.9037433155,443703.9037433155,428530.60962566844,429910.0,121353,0.0,0.0,-0.03108808837537702
2018-12-21,430829.58037109376,444623.48369140626,423013.03515625,441404.90625,227454,0.0,0.0,0.02673793642855471
2018-12-24,441864.7496065058,447842.10834207764,435887.3908709339,438186.375,76016,0.0,0.0,-0.007291562020330433
2018-12-26,434508.00009899685,443703.93660902855,430829.62549498415,435427.59375,102465,0.0,0.0,-0.00629590833352589
2018-12-27,451775.3079803719,453638.2989411157,439200.1189953512,450843.8125,87402,6050.0,0.0,0.03540478134890823
2018-12-28,442460.36810021434,443391.86361200426,432213.9174705252,434542.65625,122528,0.0,0.0,-0.036156992284329115
2019-01-02,432679.6674585118,440131.63159127405,429419.43315042823,435008.40625,83710,0.0,0.0,0.001071816525492153
2019-01-03,435008.41288503853,435008.41288503853,419638.7366267877,423364.71875,86434,0.0,0.0,-0.026766580444673838
2019-01-04,424296.194605334,435939.888200431,423830.44686153013,432213.90625,85521,0.0,0.0,0.020902042867737114
2019-01-07,428487.96164021164,443857.6385251323,428487.96164021164,440131.65625,99745,0.0,0.0,0.018319054258796097
2019-01-08,443391.8432835821,444789.0864872068,430816.65445095947,436871.375,59862,0.0,0.0,-0.007407513646662367
2019-01-09,435474.1255597998,444789.0801172287,434542.6301040569,441994.59375,62707,0.0,0.0,0.011727064401964915
2019-01-10,436871.3885063559,443391.8569915254,434076.90201271186,439665.875,95616,0.0,0.0,-0.005268658899744705
2019-01-11,444323.368360572,456432.8102655771,439665.8907048008,455967.0625,104444,0.0,0.0,0.037076308230653554
2019-01-14,453638.3236398964,459227.2968264249,448049.35045336786,449446.59375,64728,0.0,0.0,-0.01430030650514369
2019-01-15,449446.59371713985,454569.8191377497,440597.38617245003,442926.125,88024,0.0,0.0,-0.014507772092777205
2019-01-16,443391.8590225564,444789.1022757788,427556.4354860365,433611.15625,116641,0.0,0.0,-0.02103052455982357
2019-01-17,434076.9088189386,449912.3325312175,431282.4222814776,447583.59375,115113,0.0,0.0,0.032223427138816874
2019-01-18,451309.5913968374,467610.7634287149,449446.6003074799,463884.78125,123645,0.0,0.0,0.036420431239276185
2019-01-21,465747.7723393574,469473.7545180723,459693.0512989458,463884.78125,61535,0.0,0.0,0.0
2019-01-22,463884.77230342745,466679.2588835686,459227.2946698589,462021.78125,48434,0.0,0.0,-0.0040160834657689826
2019-01-23,461556.0105242768,464816.2447055785,450378.064759814,450843.8125,68089,0.0,0.0,-0.024193596933369643
2019-01-24,444789.138562566,453172.59876583953,435939.9305702218,441063.15625,95774,0.0,0.0,-0.02169411219323325
2019-01-25,438734.38831638114,441063.12710786937,430350.92866702355,435008.40625,136450,0.0,0.0,-0.013727625883509731
2019-01-28,434076.9263754045,437337.16080097086,429885.1963996764,431748.1875,103224,0.0,0.0,-0.0074946109159240715
2019-01-29,434542.65175214823,436871.39050751884,428953.67873925884,433611.15625,89814,0.0,0.0,0.004314942839221514
2019-01-30,433145.417446524,438734.39057486627,429419.4353609625,435474.15625,108943,0.0,0.0,0.004296476170289942
2019-01-31,437802.9308964781,441994.6610859125,432213.95731056563,436405.6875,124938,0.0,0.0,0.0021391194784592393
2019-02-01,436405.6187697785,445254.8255537975,434076.8801424051,441528.84375,79604,0.0,0.0,0.011739435109905605
2019-02-07,441528.8862162162,441528.8862162162,427556.4531081081,430816.6875,104632,0.0,0.0,-0.024261509529070246
2019-02-08,428953.7008495146,432679.6830501618,428487.95307443367,431748.1875,71333,0.0,0.0,0.0021621725133385006
2019-02-11,430350.9261049724,432213.9171270718,416378.4934392265,421501.71875,165882,0.0,0.0,-0.0237325113264083
2019-02-12,414981.258866782,423830.4664071511,395885.6004901961,403803.3125,313420,0.0,0.0,-0.041988930205281605
2019-02-13,401940.2880701501,406132.01760969975,395419.8198975173,403337.53125,256490,0.0,0.0,-0.0011534854608207246
2019-02-14,405666.3058035714,417310.0,403337.5669642857,417310.0,302509,0.0,0.0,0.03464212394690214
2019-02-15,414515.533459596,421036.0025252525,411721.04671717173,414981.28125,140722,0.0,0.0,-0.0055803090028995195
2019-02-18,419172.9865771812,419172.9865771812,412652.51789709175,416378.5,84523,0.0,0.0,0.0033669440361052683
2019-02-19,417309.99328107503,420104.47984322504,414981.2544792833,415912.75,64168,0.0,0.0,-0.0011185736055056017
2019-02-20,413584.02010192524,416378.50672423554,410789.53347961494,411255.28125,82879,0.0,0.0,-0.011198186999556992
2019-02-21,411721.04011824325,414981.2745988176,407063.56228885136,413584.03125,74236,0.0,0.0,0.005662541263717902
2019-02-22,413584.0017421603,413584.0017421603,400077.3170005807,401008.8125,125350,0.0,0.0,-0.030405474582742342
2019-02-25,401474.56921965315,407529.29010115605,401008.82145953755,402871.8125,91850,0.0,0.0,0.004645783189615171
2019-02-26,405666.31458098197,412652.53125,403803.3234692438,412652.53125,77697,0.0,0.0,0.024277495834980956
2019-02-27,413118.2458634594,419172.9664905451,409392.26393909904,418707.21875,109221,0.0,0.0,0.01467260477394694
2019-02-28,420104.4516675705,435008.3789994577,417309.96529284166,429419.40625,187327,0.0,0.0,0.02558395704755201
2019-03-04,425227.7120535714,427556.4508928571,411721.02678571426,417310.0,146351,0.0,0.0,-0.02819948533706962
2019-03-05,418707.2613412921,419638.7569171348,412652.5400983146,414515.53125,66258,0.0,0.0,-0.006696385780355141
2019-03-06,414515.4890850946,420104.4619716352,407063.52523637377,418707.21875,72925,0.0,0.0,0.010112256800992814
2019-03-07,421036.0096590909,422899.00085227273,405666.33231534093,409858.0625,79647,0.0,0.0,-0.021134472618881683
2019-03-08,407529.28099593497,409392.27199477353,399611.5692508711,401008.8125,70249,0.0,0.0,-0.021591011156453677
2019-03-11,405200.53125,413583.99051724136,401008.8016163793,405200.53125,58961,0.0,0.0,0.010452934248171841
2019-03-12,410323.72105300456,413118.20723497734,406597.7394770408,410789.46875,45592,0.0,0.0,0.013793016220286614
2019-03-13,410789.5200256557,410789.5200256557,402406.0604332953,408460.78125,41269,0.0,0.0,-0.005668810125746493
2019-03-14,410789.547,410789.547,403803.3302142857,407529.3125,91620,0.0,0.0,-0.0022804361954884556
2019-03-15,404734.7949943757,414049.75,404269.0472440945,414049.75,65117,0.0,0.0,0.015999922704946545
2019-03-18,414981.26116071426,418707.2433035714,413118.2700892857,417310.0,58091,0.0,0.0,0.00787405378218442
2019-03-19,417309.97327394213,422433.1983922606,413583.9913697105,418241.46875,55644,0.0,0.0,0.0022320786705327667
2019-03-20,414981.2589727723,425693.4575770077,413118.2679111661,423364.71875,74321,0.0,0.0,0.012249502698314263
2019-03-21,418707.2172988661,432679.64946679265,418707.2172988661,431282.40625,100842,0.0,0.0,0.01870181228935963
2019-03-22,433611.18057008367,449912.35277196654,431748.18946129706,445254.875,160944,0.0,0.0,0.032397493028965885
2019-03-25,442926.10726880876,451775.31445924763,441063.116281348,445720.59375,91266,0.0,0.0,0.0010459599122862873
2019-03-26,447583.5959914241,452706.82133575884,444789.10943996883,448049.34375,80586,0.0,0.0,0.005224685672267082
2019-03-27,448515.08023119124,449912.3234717868,442460.35952194355,445720.59375,66291,0.0,0.0,-0.005197530210644397
2019-03-28,441528.8881777109,465747.7723393574,435474.1671372992,463884.78125,130105,0.0,0.0,0.04075240802130886
2019-03-29,463884.77230342745,465282.015593498,457364.3036164315,462021.78125,82323,0.0,0.0,-0.0040160834657689826
2019-04-01,460624.51315621816,464816.2428007136,453638.29708205914,456898.53125,77034,0.0,0.0,-0.011088762928317064
2019-04-02,455035.54479272634,460624.51770727366,454569.7970498474,457830.03125,71221,0.0,0.0,0.0020387458840183115
2019-04-03,457830.0624059679,469473.756770311,454569.8279839519,464350.53125,112052,0.0,0.0,0.01424218499209684
2019-04-04,464816.27902457374,468542.2612211635,460624.54905341024,464350.53125,39054,0.0,0.0,0.0
2019-04-05,468542.21875,470405.2096794235,464350.4891587972,468542.21875,48512,0.0,0.0,0.00902698978014782
2019-04-08,468542.2612211635,468542.2612211635,457364.3146313942,464350.53125,37200,0.0,0.0,-0.008946232233207896
2019-04-09,465747.76335685485,468542.24993699597,457364.3036164315,462021.78125,58655,0.0,0.0,-0.00501506909819005
2019-04-10,462021.75678391964,470405.216080402,459227.2703517588,463419.0,55961,0.0,0.0,0.003024140433855349
2019-04-11,466679.2678217822,477857.21435643564,465282.0245049505,470405.25,132088,0.0,0.0,0.015075450078654518
2019-04-12,470405.2856348814,477857.25055583,468542.2944046442,471336.78125,65829,0.0,0.0,0.001980273923388287
2019-04-15,469473.7090909091,472268.1954545455,460624.50227272726,461090.25,92619,0.0,0.0,-0.021739299069395535
2019-04-16,465282.01132735756,475062.71426817286,461090.2814955796,474131.21875,82689,0.0,0.0,0.02828289852149335
2019-04-17,471336.754625,474131.2413125,462021.799,465747.78125,73017,0.0,0.0,-0.01768168213454091
2019-04-18,464816.27902457374,467610.7656720161,458295.81018054165,464350.53125,72771,0.0,0.0,-0.003000014291533515
2019-04-19,466679.29983452143,467610.79544297355,454104.1091204175,457364.34375,43300,0.0,0.0,-0.015045072697975947
2019-04-22,457830.0693479939,458295.81712962966,451309.60040509264,452706.84375,52629,0.0,0.0,-0.010183347398296183
2019-04-23,457830.0645979459,465282.0290268036,455967.0734907315,464816.28125,123679,0.0,0.0,0.02674896054075826
2019-04-24,468542.25891089113,470405.25,461556.0423267327,470405.25,90022,0.0,0.0,0.01202403826081544
2019-04-25,469473.74558823527,476925.7098039216,467610.75453431375,475062.71875,45223,0.0,0.0,0.009900971024451755
2019-04-26,475994.21875,477857.2098214285,463884.77678571426,469473.75,66508,0.0,0.0,-0.01176469659565349
2019-04-29,465282.0200892857,475994.21875,464350.5245535714,475994.21875,38932,0.0,0.0,0.01388888888888884
2019-04-30,476925.7186311787,489966.65625,473199.73645437264,489966.65625,80788,0.0,0.0,0.029354216815264733
2019-05-02,489966.63829022984,489966.63829022984,482514.6742097701,486240.65625,51664,0.0,0.0,-0.007604599113983035
2019-05-03,490898.1835862235,496487.15721339115,476925.7495183044,483446.21875,47618,0.0,0.0,-0.005747025601584466
2019-05-07,475062.70958083833,484377.6646706587,464816.2589820359,466679.25,73948,0.0,0.0,-0.03468217993999978
2019-05-08,463419.0201693227,472268.22758964146,461090.281374502,467610.75,59234,0.0,0.0,0.0019960176073823277
2019-05-09,466679.2314413265,470405.2133290816,456432.78125,456432.78125,109131,0.0,0.0,-0.023904430661613296
2019-05-10,439200.13670318725,471336.73207171314,435474.1546314741,467610.75,172770,0.0,0.0,0.0244898464991663
2019-05-13,463884.77678571426,494624.1294642857,463884.77678571426,475994.21875,103193,0.0,0.0,0.017928306288937934
2019-05-14,487172.1791875,487172.1791875,462953.29456249997,465747.78125,86710,0.0,0.0,-0.02152639065009654
2019-05-15,465282.0267991475,473199.73896690074,460158.80127883656,464350.53125,54135,0.0,0.0,-0.003000014291533515
2019-05-16,461090.30343749997,470405.2590625,460624.55565625,465747.78125,65313,0.0,0.0,0.003009041458914119
2019-05-17,469473.7659574468,471336.7570921986,458295.8191489362,459693.0625,44950,0.0,0.0,-0.012999994833577055
2019-05-20,462953.25606295146,462953.25606295146,449446.5715299277,451309.5625,55373,0.0,0.0,-0.01823716885003024
2019-05-21,448515.10931056703,461090.2992912371,448515.10931056703,451775.34375,51349,0.0,0.0,0.0010320659890736827
2019-05-22,449912.3614604723,456432.8304671458,447583.62252951745,453638.34375,45831,0.0,0.0,0.004123731022007471
2019-05-23,455501.35253309575,460158.83057535643,448049.3876654786,457364.34375,43133,0.0,0.0,0.00821359140234712
2019-05-24,457364.30342105264,461090.2855263158,440131.63618421054,442460.375,80965,0.0,0.0,-0.03258664334827699
2019-05-27,432213.9458333333,448515.118359375,420570.251171875,447117.875,68926,0.0,0.0,0.010526366344104865
2019-05-28,449446.5573959431,450843.8005795574,440131.60283851426,441994.59375,268971,0.0,0.0,-0.011458457682999135
2019-05-29,446652.12721354165,453638.34401041665,441994.64934895834,447117.875,74685,0.0,0.0,0.01159127582654973
2019-05-30,447117.8593913956,449446.5982423925,436405.6606768101,443857.625,64101,0.0,0.0,-0.007291701321491595
2019-05-31,441063.1095715409,449912.3166273585,440131.61409198114,444323.34375,60060,0.0,0.0,0.001049252561561742
2019-06-03,439665.9064516129,442926.14092741936,425693.47298387095,433145.4375,117244,0.0,0.0,-0.025157143794563464
2019-06-04,435474.17208014225,435939.91985776805,423364.72986187093,425693.46875,103734,0.0,0.0,-0.017204310849978643
2019-06-05,429885.1471368335,431748.13802366704,422433.1835894995,428022.15625,58290,0.0,0.0,0.00547033880232628
2019-06-07,432679.6334670838,433611.12891050056,422433.1835894995,428022.15625,37979,0.0,0.0,0.0
2019-06-10,429885.1506131329,442460.3392009494,429419.4028876583,441528.84375,69962,0.0,0.0,0.03155604751477159
2019-06-11,438734.3682108626,439665.86368477106,430816.6566826411,437337.125,58643,0.0,0.0,-0.009493646472558459
2019-06-12,436871.37952127657,439665.8659574468,430350.9111702127,437802.875,43390,0.0,0.0,0.0010649679009071544
2019-06-13,438268.65625,439200.15179994685,430816.6918504251,438268.65625,89590,0.0,0.0,0.001063906329989317
2019-06-14,439200.11594781687,439200.11594781687,433611.1431043664,437337.125,53436,0.0,0.0,-0.0021254799692282944
2019-06-17,438268.67869530414,438734.4264941302,432213.95731056563,436405.6875,36815,0.0,0.0,-0.002129792891467863
2019-06-18,430816.69430388405,434076.9287472648,421035.9909737418,425693.46875,124510,0.0,0.0,-0.024546469161220497
2019-06-19,429419.4309351554,435474.1517617899,426159.1966438907,434542.65625,69801,0.0,0.0,0.02078769854276752
2019-06-20,434542.64376934984,451775.310242518,431282.40957172343,451309.5625,68773,0.0,0.0,0.038585179173649786
2019-06-21,452706.8393041237,461090.2992912371,450843.8481958763,451775.34375,107048,0.0,0.0,0.0010320659890736827
2019-06-24,452706.82359813084,455035.562402648,446186.35494548286,448515.09375,49963,0.0,0.0,-0.00721652928851324
2019-06-25,445720.57557297155,448515.0619402002,440597.35056638566,441994.59375,60279,0.0,0.0,-0.014537972279779043
2019-06-26,445254.8638275499,447117.8548895899,439200.14287592005,442926.125,38387,0.0,0.0,0.002107562543009145
2019-06-27,442926.1184056653,449446.58702572767,437802.89306133054,448049.34375,55773,0.0,0.0,0.011566756758816243
2019-06-28,444789.0914897799,449912.3166273585,441994.6050511006,444323.34375,49898,0.0,0.0,-0.008316048337030923
2019-07-01,445254.8295940171,449446.5591613248,431748.1454326923,435939.875,47799,0.0,0.0,-0.018867945760502214
2019-07-02,433611.15829248365,435939.89705882355,424761.95098039217,427556.4375,80270,0.0,0.0,-0.01923071960324807
2019-07-03,432213.95731056563,440131.66989060835,429885.21831643546,436405.6875,104962,0.0,0.0,0.02069726759756718
2019-07-04,434542.69630469586,440131.66989060835,432679.70510939165,436405.6875,59132,0.0,0.0,0.0
2019-07-05,440131.658203125,448049.37057291664,438734.41484374995,447117.875,95571,0.0,0.0,0.024546397553537824
2019-07-08,442926.13611401676,449912.35277196654,435474.1716788703,445254.875,65206,0.0,0.0,-0.004166686469423753
2019-07-09,446652.0850748194,455035.54444014444,440597.3644220846,451309.5625,62017,0.0,0.0,0.013598250889448327
2019-07-10,453638.31025179854,455035.5535071942,443391.8597122302,453172.5625,56184,0.0,0.0,0.004127986984543419
2019-07-11,450378.0629141183,462487.5041093272,449912.315175841,456898.53125,113768,0.0,0.0,0.008221964563443818
2019-07-12,460624.5135678392,465747.73869346734,458295.7748743719,463419.0,60722,0.0,0.0,0.014271152792198816
2019-07-15,461556.0067907445,466679.2318913481,459227.2681086519,462953.25,31493,0.0,0.0,-0.0010050300052436567
2019-07-16,467610.772375,467610.772375,458295.81675,465747.78125,51409,0.0,0.0,0.006036314141870669
2019-07-17,464816.3175076065,465282.0653207404,457364.3524974645,459227.34375,27261,0.0,0.0,-0.013999932501020385
2019-07-18,455035.59340312815,462487.5580852674,453638.350025227,461556.0625,36282,0.0,0.0,0.005070949676001302
2019-07-19,461556.02913346613,467610.75,460624.53361553786,467610.75,48490,0.0,0.0,0.013117989323344625
2019-07-22,466679.2768125,466679.2768125,458761.56453125,465747.78125,38966,0.0,0.0,-0.00398401608602883
2019-07-23,466679.27012286865,466679.27012286865,460158.80127883656,464350.53125,50141,0.0,0.0,-0.003000014291533515
2019-07-24,460158.83937626774,464350.56969447265,457364.3524974645,459227.34375,50198,0.0,0.0,-0.011033017419423863
2019-07-25,456898.5289859694,462487.501817602,454569.79030612245,456432.78125,49828,0.0,0.0,-0.0060853573682697615
2019-07-26,450843.8480691057,461090.29916158534,449446.604738313,458295.8125,48115,0.0,0.0,0.00408172095987025
2019-07-29,456432.82152061857,461090.2992912371,448049.36153350514,451775.34375,53965,0.0,0.0,-0.014227641999238205
2019-07-30,455035.562402648,455035.562402648,442926.1206191589,448515.09375,51738,0.0,0.0,-0.00721652928851324
2019-07-31,449446.5892718069,451309.5803154206,442926.1206191589,448515.09375,52791,0.0,0.0,0.0
2019-08-01,453638.3172310757,469473.7410358566,448049.344123506,467610.75,101832,0.0,0.0,0.04257528122485854
2019-08-02,456432.82091346156,487172.1741586538,456432.82091346156,484377.6875,130529,0.0,0.0,0.03585661257787587
2019-08-05,484377.665229885,489966.63829022984,479720.1876795977,486240.65625,94026,0.0,0.0,0.0038461076925637716
2019-08-06,479720.1873154528,480651.68282480317,469473.7367125984,473199.71875,102094,0.0,0.0,-0.026819924110366933
2019-08-07,481583.1919642857,481583.1919642857,473199.7321428571,475994.21875,53661,0.0,0.0,0.005905540280923827
2019-08-08,483446.1919471154,484377.6875,474131.2364182692,484377.6875,95530,0.0,0.0,0.017612543219570398
2019-08-09,489035.1384943182,496487.10250946967,487172.1474905303,491829.625,94988,0.0,0.0,0.015384559801797204
2019-08-12,492761.16543416027,497418.6433683206,485309.2007395038,488103.6875,34352,0.0,0.0,-0.007575667081868076
2019-08-13,480651.68318965513,490898.1338002873,480651.68318965513,486240.65625,34146,0.0,0.0,-0.0038168759993234547
2019-08-14,484377.6696940726,489035.1472872849,480651.68761950283,487172.15625,68518,0.0,0.0,0.0019157180462530121
2019-08-16,482514.6875,489966.65178571426,477857.2098214285,482514.6875,107523,0.0,0.0,-0.009560211293376808
2019-08-19,486240.65198863635,491829.625,481583.1744791666,491829.625,54574,0.0,0.0,0.019304982296523443
2019-08-20,492761.1383928571,502076.09375,489966.65178571426,502076.09375,60720,0.0,0.0,0.020833370397320028
2019-08-21,502076.08028218284,503939.07130363805,495555.6117070895,499281.59375,81693,0.0,0.0,-0.005565889383674749
2019-08-22,500213.1026785714,505802.0758928571,497418.6160714285,502076.09375,54112,0.0,0.0,0.005597041899764621
2019-08-23,503007.6165254237,503939.1121115819,492761.1650776836,494624.15625,65827,0.0,0.0,-0.014842247206676484
2019-08-26,488103.68714689265,498350.13859463274,485309.20038841804,494624.15625,45583,0.0,0.0,0.0
2019-08-27,497418.64300847455,497418.64300847455,490898.1739053672,494624.15625,67500,0.0,0.0,0.0
2019-08-28,497418.6160714285,503007.58928571426,490898.1473214285,502076.09375,45023,0.0,0.0,0.015065858401451582
2019-08-29,502076.0712195693,502076.0712195693,492761.1162804307,497418.59375,42842,0.0,0.0,-0.009276482306124545
2019-08-30,498350.1338454376,503939.1073091248,495555.64711359405,500213.125,56457,0.0,0.0,0.005618067529265858
2019-09-02,507665.0846590909,514185.55363636365,500213.12011363637,512322.5625,73755,0.0,0.0,0.02420855610296102
2019-09-03,511391.0669318182,514185.55363636365,509528.07579545456,512322.5625,58061,0.0,0.0,0.0
2019-09-04,512322.53573049005,514185.52676951,505802.06709392014,513254.03125,67327,0.0,0.0,0.001818129471898855
2019-09-05,506733.5580110497,512322.53107734805,503007.5759668508,505802.0625,131466,0.0,0.0,-0.014519065211920812
2019-09-06,502076.0588768116,516048.49094202893,502076.0588768116,514185.5,95754,0.0,0.0,0.01657454194347019
2019-09-09,515116.99547101447,519774.4728260869,511391.0135869565,514185.5,74803,0.0,0.0,0.0
2019-09-10,515117.02228902,517911.5088475499,510459.54469147004,513254.03125,55423,0.0,0.0,-0.0018115422352439348
2019-09-11,515117.08570772054,515117.08570772054,505802.1293658088,506733.625,160588,0.0,0.0,-0.012704052677618427
2019-09-16,509528.03953598486,514185.51704545453,485309.15648674243,491829.625,138992,0.0,0.0,-0.02941190255531201
2019-09-17,487172.15176005743,491829.6293103448,483446.16971982754,486240.65625,61047,0.0,0.0,-0.01136362769932775
2019-09-18,486240.69632633583,494624.1566078244,485309.2007395038,488103.6875,73000,0.0,0.0,0.003831500361093143
2019-09-19,489035.125,494624.09785714286,487172.13404761907,489035.125,43304,0.0,0.0,0.0019082779414567597
2019-09-20,484377.66074856045,489966.63375719765,480651.6787428023,485309.15625,92522,0.0,0.0,-0.007619020719626168
2019-09-23,483446.16971982754,490898.1338002873,481583.1786997126,486240.65625,29218,0.0,0.0,0.001919395066018792
2019-09-24,486240.64753320685,490898.125,478788.6835863378,490898.125,61486,0.0,0.0,0.009578525962677498
2019-09-25,491829.6293103448,492761.1248204023,480651.68318965513,486240.65625,55997,0.0,0.0,-0.009487648277328398
2019-09-26,484377.6698113207,493692.625,483446.1742924528,493692.625,58345,0.0,0.0,0.015325680101436312
2019-09-27,493692.6248804971,493692.6248804971,485309.1652127151,487172.15625,36979,0.0,0.0,-0.013207547408673581
2019-09-30,487172.14725287905,489035.13825575815,479720.18324136274,485309.15625,54094,0.0,0.0,-0.0038241101756315565
2019-10-01,485309.1785289924,492761.14288260456,481583.1963521863,489966.65625,35413,0.0,0.0,0.00959697533009396
2019-10-02,489966.64718137257,489966.64718137257,473199.7276960784,475062.71875,68237,0.0,0.0,-0.03041826889623167
2019-10-04,473199.7724802371,477857.25055583,469473.7900197628,471336.78125,71827,0.0,0.0,-0.007843043356051571
2019-10-07,474131.2276785714,479720.2008928571,471336.7410714285,475994.21875,45676,0.0,0.0,0.009881336838700294
2019-10-08,483446.1652471209,489035.13825575815,475994.2012356046,485309.15625,51425,0.0,0.0,0.019569434108804407
2019-10-10,488103.6427543186,490898.1292586372,476925.69673704414,485309.15625,87767,0.0,0.0,0.0
2019-10-11,489966.6426841086,489966.6426841086,480651.6875,480651.6875,51706,0.0,0.0,-0.009596910938150072
2019-10-14,485309.17410714284,486240.6696428571,476925.71428571426,482514.6875,33164,0.0,0.0,0.003875987640218126
2019-10-15,485309.1381165377,486240.63358317217,478788.6698500967,481583.15625,29253,0.0,0.0,-0.0019305759474937956
2019-10-16,480651.73740118573,484377.71986166004,466679.3031744071,471336.78125,77584,0.0,0.0,-0.02127643973220872
2019-10-17,475994.20990794577,481583.18301841087,470405.23679748067,480651.6875,67373,0.0,0.0,0.019762739978188337
2019-10-18,481583.1785194175,484377.66504854365,477857.1964805825,479720.1875,36742,0.0,0.0,-0.001937993820109063
2019-10-21,484377.65683520597,497418.59375,480651.67485955055,497418.59375,75446,0.0,0.0,0.03689318630144167
2019-10-22,496487.14778148854,500213.13012881676,487172.1919131679,488103.6875,50826,0.0,0.0,-0.018726493876667583
2019-10-23,488103.6517686424,490898.1383245698,480651.68761950283,487172.15625,55185,0.0,0.0,-0.0019084700113026765
2019-10-24,487172.15193761815,495555.6115311909,486240.6564272212,492761.125,42903,0.0,0.0,0.011472266381192586
2019-10-25,491829.6338432122,492761.1293618547,483446.1741754302,487172.15625,76847,0.0,0.0,-0.011342146257986574
2019-10-28,490898.1564936647,490898.1564936647,476925.7231968811,477857.21875,47162,0.0,0.0,-0.019120422586753727
2019-10-29,479720.2098562378,483446.1920687135,475062.7320906433,477857.21875,76306,0.0,0.0,0.0
2019-10-30,490898.1835862235,491829.67919075146,480651.7319364162,483446.21875,72757,0.0,0.0,0.011695962268017945
2019-10-31,483446.1740552326,489966.6426841086,480651.6875,480651.6875,55467,0.0,0.0,-0.00578043873675449
2019-11-01,479720.1667053903,503939.04890799255,479720.1667053903,501144.5625,79749,0.0,0.0,0.042635603978816716
2019-11-04,502076.09375,509528.05803571426,499281.6071428571,502076.09375,52520,0.0,0.0,0.001858807457379097
2019-11-05,505802.1200478142,514185.5806010929,502076.1375796904,511391.09375,56688,0.0,0.0,0.01855296461224909
2019-11-06,513254.0401785714,516048.52678571426,500213.1026785714,502076.09375,77336,0.0,0.0,-0.01821502195451563
2019-11-07,503007.5625,506733.5444444444,500213.0760416667,503007.5625,49236,0.0,0.0,0.001855234219663604
2019-11-08,499281.5935727788,503939.0711247637,489966.6384688091,492761.125,58561,0.0,0.0,-0.02037034482955713
2019-11-11,493692.62033045973,495555.6113505747,482514.6742097701,486240.65625,54526,0.0,0.0,-0.013232514537342976
2019-11-12,487172.14331694756,498350.0892439138,483446.16134129214,497418.59375,48897,0.0,0.0,0.02298848801786102
2019-11-13,491829.6338432122,494624.1203991396,480651.68761950283,487172.15625,86729,0.0,0.0,-0.020599224935989868
2019-11-14,493692.6384268061,493692.6384268061,485309.1785289924,489966.65625,57581,0.0,0.0,0.005736165263447335
2019-11-15,496487.1638775045,514185.5806010929,491829.68579234974,511391.09375,90461,0.0,0.0,0.04372631734570209
2019-11-18,515117.0625,518843.04486889695,507665.09776220616,515117.0625,83408,0.0,0.0,0.0072859476739763895
2019-11-19,512322.61029411765,524432.0538101605,510459.6189839572,522569.0625,80813,0.0,0.0,0.014466614566858826
2019-11-20,516980.00449640286,522568.9775179856,512322.52697841724,517911.5,53708,0.0,0.0,-0.008912817145580676
2019-11-21,518842.958237061,520705.94911044365,499281.55406654347,503939.03125,112569,0.0,0.0,-0.02697848715465867
2019-11-22,502076.0982645404,508596.56707317074,491829.64727954974,496487.125,58118,0.0,0.0,-0.014787317091743968
2019-11-25,497418.5982476636,503939.06676401873,490898.12973130844,498350.09375,69441,0.0,0.0,0.0037523002232937586
2019-11-26,497418.597768714,498350.0932701535,477857.19223848364,485309.15625,188666,0.0,0.0,-0.026168225236739007
2019-11-27,455967.06905940594,475062.7277227723,449912.348019802,470405.25,305519,0.0,0.0,-0.030710127880469007
2019-11-28,463419.0379195892,467610.76791082165,459693.05570516037,464816.28125,170595,0.0,0.0,-0.01188117851575854
2019-11-29,472268.2825177485,472268.2825177485,455035.61343179515,459227.34375,168117,0.0,0.0,-0.012023971029952008
2019-12-02,465747.7861909651,469473.7684804928,449912.3614604723,453638.34375,176172,0.0,0.0,-0.012170442540204274
2019-12-03,452706.8393041237,452706.8393041237,441994.64043170103,451775.34375,109541,0.0,0.0,-0.00410679570117356
2019-12-04,450378.10446875,465747.78125,450378.10446875,465747.78125,153060,0.0,0.0,0.030927844321960052
2019-12-05,466679.25448207173,471336.73207171314,463419.0201693227,467610.75,118540,0.0,0.0,0.003999951958976622
2019-12-06,471336.7410714285,503939.0848214285,470405.24553571426,502076.09375,199337,0.0,0.0,0.07370519978422219
2019-12-09,503007.5625,505802.0489583333,493692.6076388889,503007.5625,68853,0.0,0.0,0.001855234219663604
2019-12-10,500213.0760416667,505802.0489583333,495555.5986111111,503007.5625,66681,0.0,0.0,0.0
2019-12-11,506733.6293577982,513254.09885321104,503007.6467889908,507665.125,77125,0.0,0.0,0.009259428380860468
2019-12-12,509528.0443680037,512322.53090018657,496487.10721781716,499281.59375,152110,0.0,0.0,-0.016513900280229032
2019-12-13,503939.04890799255,507665.030785316,494624.09421468404,501144.5625,81844,0.0,0.0,0.0037312986765798417
2019-12-16,497418.536900369,506733.49077490775,495555.54612546123,504870.5,59733,0.0,0.0,0.0074348556859777926
2019-12-17,501144.5982142857,508596.5625,499281.6071428571,502076.09375,68773,0.0,0.0,-0.005534897067663858
2019-12-18,502076.0403766174,505802.02212338266,500213.04950323474,503939.03125,37838,0.0,0.0,0.003710468439326986
2019-12-19,505802.0804409006,505802.0804409006,492761.1428236398,496487.125,63932,0.0,0.0,-0.014787317091743968
2019-12-20,498350.11160714284,505802.0758928571,496487.12053571426,502076.09375,65798,0.0,0.0,0.011257026554313931
2019-12-23,503939.0579861111,505802.0489583333,497418.58958333335,503007.5625,43978,0.0,0.0,0.001855234219663604
2019-12-24,503007.5938086304,504870.5848968105,496487.125,496487.125,33551,0.0,0.0,-0.012962901526952675
2019-12-26,498350.1338454376,500213.125,493692.65595903166,500213.125,43562,0.0,0.0,0.007504726331020173
2019-12-27,506063.8327171904,510767.0281885397,501360.63724584103,508885.75,50220,5220.0,0.0,0.017337859737287076
2019-12-30,510767.0281885397,512648.30637707945,506063.8327171904,508885.75,36232,0.0,0.0,0.0
2020-01-02,509826.38909426983,512648.30637707945,507004.4718114602,508885.75,40246,0.0,0.0,0.0
2020-01-03,514529.6201327433,534283.0424778761,509826.4243362832,531461.125,112404,0.0,0.0,0.04436236424384066
2020-01-06,528639.1971070812,552155.1756260794,528639.1971070812,544630.0625,107006,0.0,0.0,0.024778740872156924
2020-01-07,548392.5949074074,560620.9031986531,539926.843013468,558739.625,84378,0.0,0.0,0.025906690562091494
2020-01-08,552155.1965024834,568146.0625,549333.2789735099,568146.0625,109267,0.0,0.0,0.016835100070090814
2020-01-09,561561.5325863487,571908.5625,560620.8935032894,571908.5625,71171,0.0,0.0,0.006622416748685911
2020-01-10,569086.6452508224,581314.9533305921,569086.6452508224,571908.5625,53031,0.0,0.0,0.0
2020-01-13,569086.6851587947,578493.0766490229,568146.046009772,577552.4375,66084,0.0,0.0,0.009868491871023455
2020-01-14,577552.431557377,578493.0706967213,569086.6793032787,573789.875,64120,0.0,0.0,-0.0065146682027464875
2020-01-15,571908.5945072698,585077.5424071082,571908.5945072698,582255.625,56839,0.0,0.0,0.01475409443221709
2020-01-16,586958.8243670886,599187.1332080696,580374.3503757911,594483.9375,79907,0.0,0.0,0.02100162192507793
2020-01-17,595424.5908280506,602949.7041402535,587899.4775158478,593543.3125,49319,0.0,0.0,-0.0015822546929621373
2020-01-20,594483.9658730159,602949.7185515873,589780.7699404762,592602.6875,40779,0.0,0.0,-0.0015847621903750664
2020-01-21,592602.6592167722,602949.6897745254,589780.7417919304,594483.9375,59896,0.0,0.0,0.003174555295954562
2020-01-22,600127.8040435459,605771.6391912908,594483.968895801,604831.0,56758,0.0,0.0,0.017405117022190275
2020-01-23,602009.1021671826,607652.9375,600127.8237229101,607652.9375,51057,0.0,0.0,0.004665662804981929
2020-01-28,599187.1508152174,613296.7383540373,598246.5116459627,605771.625,90471,0.0,0.0,-0.0030960312768997245
2020-01-29,605771.6167180277,618940.5649075501,602949.6992488444,610474.8125,80218,0.0,0.0,0.007763961377359019
2020-01-30,612356.1306297709,625525.0796755725,612356.1306297709,616118.6875,77424,0.0,0.0,0.0092450579195682
2020-01-31,619881.2004716981,619881.2004716981,594483.9433962264,598246.5,107016,0.0,0.0,-0.029007702351180553
2020-02-03,598246.505859375,609534.17578125,595424.5883789062,602009.0625,94982,0.0,0.0,0.006289318031948321
2020-02-04,607652.9205411585,620821.8692835366,600127.8069740854,617059.3125,71409,0.0,0.0,0.02500003893213809
2020-02-05,613296.803652968,624584.4748858447,612356.1643835616,618000.0,69095,0.0,0.0,0.0015244685250577206
2020-02-06,623643.7757462687,634931.4458955224,617999.9406716417,630228.25,79693,0.0,0.0,0.019786812297734713
2020-02-07,623643.7477678572,636812.6956845238,622703.1086309523,632109.5,58755,0.0,0.0,0.0029850296301379142
2020-02-10,621762.4968171297,629287.6102430555,600127.7957175926,609534.1875,120937,0.0,0.0,-0.03571424333916828
2020-02-11,609534.1816770186,617059.2950310559,593543.3157996895,605771.625,120028,0.0,0.0,-0.006172849000368852
2020-02-12,598246.4284615385,620821.7653846154,597305.7894230769,611415.375,172621,0.0,0.0,0.009316629843796331
2020-02-13,608593.5039745627,615177.9777424483,586958.8044515103,591662.0,156229,0.0,0.0,-0.03230761902250168
2020-02-14,597305.9360730593,621762.5570776255,592602.7397260274,618000.0,157977,0.0,0.0,0.04451528068390398
2020-02-17,620821.9034954407,626465.7389817629,612356.1502659575,618940.625,44676,0.0,0.0,0.001522046925566345
2020-02-18,613296.7698473282,618940.6051526717,607652.9345419847,616118.6875,52270,0.0,0.0,-0.004559302437127988
2020-02-19,627406.3411572053,648100.4033842795,620821.8668122271,646219.125,140128,0.0,0.0,0.04885493349039183
2020-02-20,658447.4019970414,668794.4325998521,633990.7842085798,635872.0625,110032,0.0,0.0,-0.016011693401986493
2020-02-21,621762.5113976083,648100.4090059791,621762.5113976083,629287.625,79837,0.0,0.0,-0.010354972152908481
2020-02-24,630228.1608220212,646219.0246040724,621762.409407994,623643.6875,96037,0.0,0.0,-0.008968772427393579
2020-02-25,627406.3465994021,629287.625,609534.201793722,629287.625,92439,0.0,0.0,0.009049939273216845
2020-02-26,625525.0260416666,633050.1391369047,617999.9129464285,632109.5,89770,0.0,0.0,0.004484237235715449
2020-02-27,628347.0118501529,634931.4865252293,610474.8663035168,615178.0625,68808,0.0,0.0,-0.026785608347920764
2020-02-28,615178.0082819723,619881.2040639445,602949.6992488444,610474.8125,122145,0.0,0.0,-0.007645347398908542
2020-03-02,617999.9432677762,625525.056732224,601068.4379727686,621762.5,75909,0.0,0.0,0.01849001345981005
2020-03-03,634931.4432989691,645278.4742268041,629287.6082474227,638694.0,111858,0.0,0.0,0.027231458957399424
2020-03-04,656566.1262152778,680082.1049479167,650922.2913194444,677260.1875,156369,0.0,0.0,0.06038288679712034
2020-03-05,679141.5316455696,681963.4493670886,663150.664556962,668794.5,115007,0.0,0.0,-0.012499904255777627
2020-03-06,661269.4178571429,665031.975,652803.6642857143,658447.5,94325,0.0,0.0,-0.01547112005257223
2020-03-09,658447.5,658447.5,658447.5,658447.5,0,0.0,0.0,0.0
2020-03-10,626465.6710428994,648100.3713942308,626465.6710428994,635872.0625,117053,0.0,0.0,-0.03428585802208983
2020-03-11,631168.9463213213,639634.6996996996,615178.0788288289,626465.75,112122,0.0,0.0,-0.01479277523692113
2020-03-12,626465.75,626465.75,626465.75,626465.75,0,0.0,0.0,0.0
2020-03-13,546511.3958658347,621762.5347113884,545570.7566302652,602949.75,229329,0.0,0.0,-0.0375375668981105
2020-03-16,598246.5189075631,617059.3025210084,557799.0341386555,559680.3125,201806,0.0,0.0,-0.07176292468816847
2020-03-17,527698.4639298093,561561.4669627383,527698.4639298093,542748.6875,271203,0.0,0.0,-0.030252314798012492
2020-03-18,548392.6853070175,571908.6666666667,536164.375,536164.375,211341,0.0,0.0,-0.012131420400717241
2020-03-19,545570.741745283,553095.8554245284,474082.16179245285,498538.78125,400206,0.0,0.0,-0.07017548256539796
2020-03-20,525817.2621252205,539926.8487654321,509826.3972663139,533342.375,236382,0.0,0.0,0.06981120638746696
2020-03-23,500420.0568181818,561561.6051136364,499479.41761363635,538045.625,175741,0.0,0.0,0.008818444249812263
2020-03-24,552155.184803544,611415.4516563945,549333.2673343606,610474.8125,236136,0.0,0.0,0.13461532653480823
2020-03-25,637753.318548387,649040.9879032258,588840.0846774193,612356.0625,183766,0.0,0.0,0.003081617720305241
2020-03-26,612356.1192,620821.872,584136.9432,587899.5,171361,0.0,0.0,-0.03993846717243854
2020-03-27,606712.2633641479,607652.9025321543,574730.5316519293,585077.5625,167169,0.0,0.0,-0.004800033849322927
2020-03-30,574730.5651041666,594483.9887820513,568146.0905448718,586958.875,95800,0.0,0.0,0.0032154924758374115
2020-03-31,584136.9351993866,617999.9459355829,584136.9351993866,613296.75,193212,0.0,0.0,0.044871755282684944
2020-04-01,608593.5355987055,630228.2362459546,577552.4433656958,581315.0,123474,0.0,0.0,-0.05214726802318781
2020-04-02,600127.8069740854,626465.7044588415,583196.3014481708,617059.3125,148473,0.0,0.0,0.06148871524044619
2020-04-03,610474.9035935085,618000.0179675425,596365.3141421948,608593.625,99891,0.0,0.0,-0.013719406430641956
2020-04-06,613296.6957964601,637753.3125,612356.0566924779,637753.3125,97158,0.0,0.0,0.04791323192056107
2020-04-07,633990.7983333333,646219.1075,624584.4066666667,634931.4375,99068,0.0,0.0,-0.004424712415743048
2020-04-08,627406.2436840121,634931.3560520362,619881.1313159879,623643.6875,106457,0.0,0.0,-0.01777790377563404
2020-04-09,623643.801240458,628346.9973282443,609534.2129770992,616118.6875,163906,0.0,0.0,-0.012066184827694615
2020-04-10,617999.8482692308,619881.1263461539,606712.1798076923,611415.375,87704,0.0,0.0,-0.007633776730721187
2020-04-13,612356.0625,619881.1754032258,609534.1451612903,612356.0625,50919,0.0,0.0,0.0015385407996977296
2020-04-14,614237.3949123475,617059.3125,609534.1989329269,617059.3125,80586,0.0,0.0,0.007680580446609131
2020-04-16,617059.3267175573,623643.801240458,606712.2953244274,616118.6875,112493,0.0,0.0,-0.0015243672381980433
2020-04-17,621762.4823767334,624584.3998459168,606712.2558744223,610474.8125,143976,0.0,0.0,-0.009160369770475407
2020-04-20,610474.8494937695,617999.9632009346,600127.8181464174,603890.375,116669,0.0,0.0,-0.01078576440039447
2020-04-21,605771.6534267913,611415.4887071651,583196.312305296,603890.375,124368,0.0,0.0,0.0
2020-04-22,602949.738183161,636812.75,594483.9852289513,636812.75,139859,0.0,0.0,0.05451713814779713
2020-04-23,631168.8918305598,639634.6444780636,620821.860816944,621762.5,104028,0.0,0.0,-0.02363371336393627
2020-04-24,617059.2297090353,633050.0938935681,609534.117151608,614237.3125,98673,0.0,0.0,-0.012102993506363013
2020-04-27,611415.4712301587,614237.3887896825,587899.4915674604,592602.6875,216386,0.0,0.0,-0.03522193223974812
2020-04-28,593543.3214699074,609534.1875,592602.6822916666,609534.1875,100854,0.0,0.0,0.028571419531403963
2020-04-29,608593.5567651633,609534.1959564541,601068.4432348367,604831.0,89309,0.0,0.0,-0.007716035616131878
2020-05-04,595424.6280048076,597305.9064503205,585077.5965544871,586958.875,127354,0.0,0.0,-0.029548956650700786
2020-05-06,601068.4715288611,602949.75,591662.0791731669,602949.75,79496,0.0,0.0,0.02724360373629242
2020-05-07,602949.7413893188,613296.7728328173,601068.4629450464,607652.9375,86250,0.0,0.0,0.007800297620158325
2020-05-08,614237.381443299,647159.7525773196,611415.4639175258,638694.0,194176,0.0,0.0,0.05108353894857953
2020-05-11,644337.8022174535,666913.1412732475,644337.8022174535,657506.75,131682,0.0,0.0,0.029455028542619832
2020-05-12,662209.9544846051,704538.7157797858,649981.6456659973,702657.4375,344771,0.0,0.0,0.06866954217580279
2020-05-13,703598.1338418863,710182.6083564494,672557.039701803,678200.875,175101,0.0,0.0,-0.03480581175802322
2020-05-14,686666.6716467463,713945.2106573705,684785.3930942896,708301.375,214951,0.0,0.0,0.04438286812885628
2020-05-15,713945.0723154362,713945.0723154362,688547.8167785235,700776.125,100195,0.0,0.0,-0.010624361699142493
2020-05-18,700776.1928301238,705479.3887551582,680082.1307599725,683844.6875,110727,0.0,0.0,-0.024160979371264935
2020-05-19,683844.6791325137,693251.0708674863,670675.7307035519,688547.875,111353,0.0,0.0,0.006877566772060417
2020-05-20,701716.8183333334,705479.375,694191.7050000001,705479.375,89022,0.0,0.0,0.02459015649420171
2020-05-21,697013.6505681819,746867.5284090909,694191.7329545455,744986.25,208754,0.0,0.0,0.056000042524276594
2020-05-22,746867.4941455696,751570.6899525317,730876.6284018988,743104.9375,93494,0.0,0.0,-0.0025252982857065787
2020-05-25,748748.7733990147,782611.7832512315,744986.2167487685,763799.0,103070,0.0,0.0,0.027848102543390763
2020-05-26,764739.670411985,776967.9800249687,739342.4119850188,753452.0,114011,0.0,0.0,-0.013546757720290237
2020-05-27,727114.0520965692,744986.1956797966,727114.0520965692,740283.0,93977,0.0,0.0,-0.017478220244952603
2020-05-28,731817.3011363636,754392.6420454546,725232.8267045455,744986.25,111114,0.0,0.0,0.006353313530095939
2020-05-29,756273.8857594937,764739.6382120254,743104.9375,743104.9375,106253,0.0,0.0,-0.0025252982857065787
2020-06-01,739342.3272058824,771324.056372549,737461.0490196078,767561.5,84776,0.0,0.0,0.03291131745440734
2020-06-02,764739.604861111,774145.9960648147,760036.4092592592,761917.6875,67525,0.0,0.0,-0.007352912437635251
2020-06-03,759095.8380681819,770383.5085227273,743104.9715909091,744986.25,120560,0.0,0.0,-0.0222221347237066
2020-06-04,736520.3859374999,753451.8890625,733698.46875,752511.25,104491,0.0,0.0,0.01010085756616319
2020-06-05,753452.0678571428,761917.8214285714,744045.6749999999,757214.625,70207,0.0,0.0,0.006250238783805484
2020-06-08,760977.1078262234,765680.3037954831,745926.8807245923,749689.4375,71804,0.0,0.0,-0.00993798488770603
2020-06-09,749689.3328125,760977.0015624999,746867.415625,752511.25,78631,0.0,0.0,0.0037639752660914017
2020-06-10,760977.066149635,787314.9621350365,755333.2312956204,773205.375,127949,0.0,0.0,0.027500087207998458
2020-06-11,773205.395,787314.9825,765680.2816666667,776027.3125,131861,0.0,0.0,0.003649660997248061
2020-06-12,763799.0172936893,786374.3577063107,753451.9862712378,775086.6875,107916,0.0,0.0,-0.0012121029567500052
2020-06-15,767561.5222222222,802365.1696759259,758155.1310185185,761917.6875,152388,0.0,0.0,-0.016990357610805917
2020-06-16,776027.3517857143,823059.3125,771324.1557142857,823059.3125,149986,0.0,0.0,0.08024702143432005
2020-06-17,823059.3154590069,835287.6252886837,797662.0565819861,814593.5625,113585,0.0,0.0,-0.010285710727560682
2020-06-18,806127.7924429086,811771.6276292067,782611.8125,782611.8125,115343,0.0,0.0,-0.03926099035431552
2020-06-19,792958.8019253209,806127.75,775086.6581096849,806127.75,99988,0.0,0.0,0.030048022690687404
2020-06-22,792018.2210022523,842812.7387387387,789196.3033502252,835287.625,113368,0.0,0.0,0.03617277162335619
2020-06-23,846575.2173913043,900191.647826087,841872.0217391305,865388.0,143448,0.0,0.0,0.03603594031457136
2020-06-24,860684.8528632026,888904.0283669141,855041.0177624603,887022.75,91604,0.0,0.0,0.025000057777551765
2020-06-25,879497.574698465,884200.7702850878,857862.875,857862.875,88590,0.0,0.0,-0.032873874993623375
2020-06-26,869150.5874587459,872913.1441144114,847515.8866886689,855041.0,84137,0.0,0.0,-0.0032894243150456415
2020-06-29,855041.0833567416,869150.6721910113,834347.0197331461,837168.9375,80756,0.0,0.0,-0.020901994758146136
2020-06-30,842812.758698092,856922.3472923681,829643.8093434343,838109.5625,97938,0.0,0.0,0.0011235784772531954
2020-07-01,850337.7805151176,855040.9762038074,837168.8325867861,839990.75,74232,0.0,0.0,0.0022445603584198004
2020-07-02,845634.6395876557,906776.1875,841872.0827930497,906776.1875,220292,0.0,0.0,0.079507348741638
2020-07-03,903954.3044888771,905835.5829581567,885141.5197960804,887963.4375,81378,0.0,0.0,-0.02074685050107805
2020-07-06,887022.7618090452,937817.2783919598,885141.4834170855,935936.0,138049,0.0,0.0,0.05402538040875138
2020-07-07,918063.8232848232,921826.3799376299,903013.5966735967,904894.875,187793,0.0,0.0,-0.03316586283677514
2020-07-08,899251.093915344,904894.9292328042,880438.3095238096,888904.0625,132370,0.0,0.0,-0.017671458797907325
2020-07-09,898310.4260163675,902072.9827745511,887022.7557418162,890785.3125,130821,0.0,0.0,0.002116370122900557
2020-07-10,890785.3552039195,917123.2537738347,884200.8805614406,887963.4375,128027,0.0,0.0,-0.003167850839480457
2020-07-13,892666.5855569949,919945.1218911917,875735.080246114,907716.8125,117007,0.0,0.0,0.022245707611131316
2020-07-14,893607.2443181819,907716.8323863636,882319.5738636364,889844.6875,91158,0.0,0.0,-0.01968909769422167
2020-07-15,888903.9904364224,901132.2992995689,870091.207570043,872913.125,110775,0.0,0.0,-0.019027547995559613
2020-07-16,860684.8869453925,868210.0007110353,823059.3181171786,826821.875,199187,0.0,0.0,-0.05280164621192973
2020-07-17,820237.3863636364,843753.3664772727,819296.7471590909,827762.5,84865,0.0,0.0,0.0011376392285218362
2020-07-20,827762.4854481956,828703.1246362049,797662.0314318975,808009.0625,117063,0.0,0.0,-0.023863653523806594
2020-07-21,808949.7016880093,823999.9286961583,805187.144935972,808009.0625,127020,0.0,0.0,0.0
2020-07-22,801424.4982578397,814593.4454123112,785433.6338559814,809890.25,93362,0.0,0.0,0.002328176238741042
2020-07-23,793899.4028976572,799543.2375154131,757214.4778822442,762858.3125,339183,0.0,0.0,-0.0580719887663792
2020-07-24,757214.4798160847,778849.1792394015,748748.7278678304,754392.5625,197544,0.0,0.0,-0.011097408078646342
2020-07-27,749689.3566082802,759095.7475318471,738401.6875,738401.6875,145319,0.0,0.0,-0.021197021013843798
2020-07-28,741223.6649874055,755333.2525188917,739342.386649874,746867.5,177440,0.0,0.0,0.011465050315178305
2020-07-29,749689.4125615763,775086.6699507389,748748.7733990147,763799.0,179741,0.0,0.0,0.02267001844369987
2020-07-30,768502.1991666667,782611.7866666667,759095.8075,776027.3125,137745,0.0,0.0,0.01600985665076804
2020-07-31,782611.7336621456,782611.7336621456,761917.6733970407,762858.3125,101033,0.0,0.0,-0.01696976354810964
2020-08-03,766620.9023252369,793899.4375,764739.6240373222,793899.4375,152000,0.0,0.0,0.04069055090751217
2020-08-04,801424.585106383,808949.6985815603,777908.6054964539,795780.75,122293,0.0,0.0,0.0023697113401721648
2020-08-05,791077.5540780142,796721.3891843972,786374.3581560283,795780.75,69372,0.0,0.0,0.0
2020-08-06,795780.7614168618,803305.875,790136.9262295082,803305.875,98102,0.0,0.0,0.009456279257823219
2020-08-07,808949.6791907514,832465.6582369942,805187.1225433525,813652.875,141611,0.0,0.0,0.01288052325025002
2020-08-10,814593.4780023781,814593.4780023781,785433.6652794293,791077.5,112532,0.0,0.0,-0.027745707897855132
2020-08-11,777908.5662202381,795780.7098214285,763798.9791666666,790136.875,113783,0.0,0.0,-0.0011890427928995528
2020-08-12,786374.3638235293,799543.3125,777908.6111029411,799543.3125,94342,0.0,0.0,0.011904820288257012
2020-08-13,790136.822742475,851278.3625975475,784492.9882943144,843753.25,363276,0.0,0.0,0.05529398696584065
2020-08-14,844693.9296158258,844693.9296158258,808009.0039420872,820237.3125,133502,0.0,0.0,-0.02787063338718987
2020-08-18,824940.5465377698,834346.9381744604,775086.6708633094,784493.0625,170816,0.0,0.0,-0.04357793708634783
2020-08-19,786374.3043995243,798602.612960761,773205.3567181926,791077.5,175606,0.0,0.0,0.008393238659137214
2020-08-20,783552.4604086846,792958.8524904215,733698.5823754789,736520.5,271930,0.0,0.0,-0.06896543006216205
2020-08-21,751570.7216737545,776027.3409021872,744986.2472660997,774146.0625,158623,0.0,0.0,0.05108556041549428
2020-08-24,780730.4696789536,792018.1391200952,761917.6872770512,791077.5,106150,0.0,0.0,0.021871114922837886
2020-08-25,788255.6707021792,791077.5883777239,768502.2469733655,776968.0,101156,0.0,0.0,-0.017835799905824623
2020-08-26,777908.6910910758,780730.6089547678,767561.6589242055,769442.9375,93233,0.0,0.0,-0.009685163996458024
2020-08-27,773205.41801854,815534.181778679,772264.7788238702,811771.625,232351,0.0,0.0,0.05501212037572323
2020-08-28,813652.8774824766,813652.8774824766,792958.8158586449,805187.125,99519,0.0,0.0,-0.0081112714428766
2020-08-31,808009.0441666667,810830.9616666667,773205.395,776027.3125,135345,0.0,0.0,-0.036214951276077545
2020-09-01,772264.7756642512,784493.0851449275,770383.4972826086,778849.25,98347,0.0,0.0,0.0036363894086524073
2020-09-02,790136.9205882353,804246.5084558823,784493.0854411764,799543.3125,108559,0.0,0.0,0.02657004869684343
2020-09-03,797662.1233532934,799543.4019461077,783552.5339071855,785433.8125,70056,0.0,0.0,-0.01764694892623464
2020-09-04,764739.5625,776027.2313191883,760036.3671586716,764739.5625,123738,0.0,0.0,-0.02634754153775365
2020-09-07,767561.5566502463,770383.474137931,760977.0825123152,763799.0,69441,0.0,0.0,-0.0012299121768006849
2020-09-08,765680.2298088779,769442.7862207151,760977.0342940814,762858.3125,54468,0.0,0.0,-0.0012315903791442206
2020-09-09,755333.232221871,760977.0670828066,744045.5625,744045.5625,102424,0.0,0.0,-0.02466087042867482
2020-09-10,755333.2427710843,789196.2524096385,750630.0469879517,780730.5,172103,0.0,0.0,0.04930469227816947
2020-09-11,777908.6910910758,789196.3625458436,761917.8231968215,769442.9375,99961,0.0,0.0,-0.014457693788061277
2020-09-14,775086.6650602409,780730.5,758155.1602409638,780730.5,72282,0.0,0.0,0.014669785048225137
2020-09-15,771324.1307645631,783552.440154733,768502.2132129854,775086.6875,70656,0.0,0.0,-0.0072288869206467155
2020-09-16,777908.5707116788,797661.9927007299,773205.375,773205.375,91741,0.0,0.0,-0.0024272285027473472
2020-09-17,772264.8535714286,773205.4928571428,754392.7071428571,757214.625,91497,0.0,0.0,-0.02068111593249078
2020-09-18,761917.7192448233,774146.028319123,758155.1626065774,772264.75,83953,0.0,0.0,0.01987563961802774
2020-09-21,763799.1144278607,777908.7039800995,756274.0,756274.0,65547,0.0,0.0,-0.0207063057066893
2020-09-22,759095.7827191867,764739.6175349428,738401.7217280813,740283.0,101535,0.0,0.0,-0.021144452936369573
2020-09-23,743105.0357142857,762858.4607142857,740283.1178571428,757214.625,107700,0.0,0.0,0.02287182739573912
2020-09-24,748748.752223634,751570.669631512,738401.7217280813,740283.0,81161,0.0,0.0,-0.022360404092829023
2020-09-25,749689.4980070153,749689.4980070153,731817.3518813775,737461.1875,67824,0.0,0.0,-0.003811802378279605
2020-09-28,746867.4917083855,760036.4399249061,737461.1001251565,751570.6875,76993,0.0,0.0,0.019132532313776762
2020-09-29,760977.10507134,761917.7442617866,744045.5996433003,758155.1875,76019,0.0,0.0,0.008760985639158614
2020-10-05,761917.7352661596,762858.3744455007,733698.5598859316,742164.3125,111800,0.0,0.0,-0.021091822971929464
2020-10-06,746867.4597081218,747808.0988261421,739342.3467639594,741223.625,69582,0.0,0.0,-0.0012674922307046588
2020-10-07,734639.1840820312,738401.7407226562,715826.4008789062,722410.875,172973,0.0,0.0,-0.02538066700181074
2020-10-08,705479.360852197,722410.8655126499,705479.360852197,706420.0,226092,0.0,0.0,-0.022135429508865045
2020-10-12,710182.5766744032,717707.6900696286,705479.3808023873,709241.9375,123601,0.0,0.0,0.003994702160188046
2020-10-13,710182.5766744032,714885.7725464191,706420.0199767904,709241.9375,77742,0.0,0.0,0.0
2020-10-14,706420.0482878989,713004.5227726063,706420.0482878989,707360.6875,94309,0.0,0.0,-0.0026524799233266227
2020-10-15,705479.375,711123.21,701716.8183333334,705479.375,72571,0.0,0.0,-0.0026596226412426427
2020-10-16,708301.3014993481,728054.7242503259,701716.8272490222,721470.25,135943,0.0,0.0,0.022666679660195532
2020-10-19,728054.6673151752,734639.1410505837,724292.1108949416,725232.75,105467,0.0,0.0,0.005215045249613581
2020-10-20,733698.5516372796,748748.7783375315,727114.0774559194,746867.5,147983,0.0,0.0,0.029831457556212193
2020-10-21,751570.7328491965,764739.6818603213,746867.5367737948,760977.125,108005,0.0,0.0,0.018891737824982435
2020-10-22,759095.7560881628,771324.0644266338,750630.004161529,762858.3125,85163,0.0,0.0,0.0024720683949599476
2020-10-23,767561.5326633166,767561.5326633166,744045.5543341709,748748.75,80718,0.0,0.0,-0.018495652821506114
2020-10-26,746867.4717336684,760977.0587311558,741223.6369346734,748748.75,49132,0.0,0.0,0.0
2020-10-27,738401.7299392583,752511.3171355498,733698.5342071612,735579.8125,81633,0.0,0.0,-0.017587925856303643
2020-10-28,729935.9457605985,755333.2016053615,728995.3066552369,754392.5625,78286,0.0,0.0,0.025575402805117164
2020-10-29,747808.0592712177,766620.8406365314,745926.7811346863,764739.5625,88029,0.0,0.0,0.013715670745362063
2020-10-30,762858.436452964,764739.7149645619,728054.7839884021,729936.0625,92285,0.0,0.0,-0.045510264809923484
2020-11-02,735579.8693766067,747808.1792255784,730876.6732808483,731817.3125,48696,0.0,0.0,0.0025772805272241683
2020-11-03,731817.2559143222,744986.2039641944,731817.2559143222,735579.8125,48350,0.0,0.0,0.005141310455128112
2020-11-04,744045.5973715652,788255.6391875747,740283.0406212665,787315.0,197108,0.0,0.0,0.0703325276480451
2020-11-05,796721.3691429419,796721.3691429419,776967.9467674971,792958.8125,108701,0.0,0.0,0.007168430043883234
2020-11-06,786374.3918042453,797662.0625,780730.556456368,797662.0625,91315,0.0,0.0,0.00593126644897457
2020-11-09,791077.5200681279,801424.5506516588,788255.6026362559,793899.4375,71482,0.0,0.0,-0.004717066508349799
2020-11-10,754392.6334692597,769442.8605708908,749689.4375,749689.4375,172812,0.0,0.0,-0.05568715370200772
2020-11-11,736520.4943820224,759095.8352059925,736520.4943820224,753452.0,116090,0.0,0.0,0.0050188282131158335
2020-11-12,748748.7582174463,761917.7062262959,744045.5625,744045.5625,102690,0.0,0.0,-0.0124844548823283
2020-11-13,744045.5718595297,760977.0766553219,744045.5718595297,760036.4375,70746,0.0,0.0,0.021491795403322467
2020-11-16,760036.3624999999,762858.2796875,747808.0546875,752511.25,103301,0.0,0.0,-0.009901087801464814
2020-11-17,746867.5083967047,746867.5083967047,735579.8382446134,742164.3125,105203,0.0,0.0,-0.013749877493525853
2020-11-18,736520.3859374999,760036.3624999999,736520.3859374999,752511.25,77490,0.0,0.0,0.013941572406177993
2020-11-19,750630.0742753623,780730.5283816425,750630.0742753623,778849.25,111578,0.0,0.0,0.03500014119390249
2020-11-20,781671.1675724637,782611.806763285,765680.3013285024,778849.25,78708,0.0,0.0,0.0
2020-11-23,790136.8795620438,790136.8795620438,769442.8184306569,773205.375,84643,0.0,0.0,-0.007246427983335635
2020-11-24,769442.9089939024,773205.4660060976,761917.7949695121,771324.1875,84186,0.0,0.0,-0.00243297261093145
2020-11-25,771324.2142857142,773205.4928571428,757214.625,757214.625,116634,0.0,0.0,-0.018292648835156577
2020-11-26,755333.1917892157,767561.5,755333.1917892157,767561.5,67165,0.0,0.0,0.013664388745793232
2020-11-27,762858.3444343065,779789.8489963503,761917.7052919707,773205.375,78210,0.0,0.0,0.0073529938643353
2020-11-30,771324.0787037037,773205.3569444445,761917.6875,761917.6875,122666,0.0,0.0,-0.014598563156651645
2020-12-01,772264.7486062207,808949.6757629109,766620.9136590376,801424.5625,193153,0.0,0.0,0.05185189377822397
2020-12-02,805187.144935972,813652.8976280559,795780.7530558789,808009.0625,129594,0.0,0.0,0.008215994752469369
2020-12-03,829643.7441628702,843753.3316486333,808949.6825170843,825881.1875,154197,0.0,0.0,0.022118718501378254
2020-12-04,809890.2902249135,822118.5989042675,808949.6510957323,815534.125,87676,0.0,0.0,-0.012528512159625915
2020-12-07,823999.9460390357,825881.2244546498,808009.0795063146,819296.75,86365,0.0,0.0,0.004613694123467793
2020-12-08,823059.2641590389,825881.1816361556,808009.0376144164,822118.625,79721,0.0,0.0,0.003444264852753287
2020-12-09,828703.1534414107,846575.2986348124,823059.3181171786,826821.875,123243,0.0,0.0,0.00572088973169782
2020-12-10,817415.4350085421,831525.0224943053,808009.0433513668,825881.1875,116303,0.0,0.0,-0.0011377148191682451
2020-12-11,843753.3779560811,843753.3779560811,827762.5112612613,835287.625,75400,0.0,0.0,0.01138957714786315
2020-12-14,842812.7186440679,849397.1930084747,832465.6875,832465.6875,118049,0.0,0.0,-0.003378402140220893
2020-12-15,834346.9830714286,836228.2615,815534.1987857143,823059.3125,74491,0.0,0.0,-0.011299414668067054
2020-12-16,820237.3692396313,831525.0394585253,814593.5341301843,816474.8125,72835,0.0,0.0,-0.008000030981971329
2020-12-17,818356.0908698157,823059.2867943548,812712.2557603687,816474.8125,66222,0.0,0.0,0.0
2020-12-18,819296.738557358,828703.1305040556,811771.625,811771.625,75312,0.0,0.0,-0.005760358345408223
2020-12-21,811771.6108217592,815534.1675347222,800483.9406828703,812712.25,62278,0.0,0.0,0.0011587310655258865
2020-12-22,813652.875,823999.9057803468,808009.0400289018,813652.875,84346,0.0,0.0,0.0011573899618222416
2020-12-23,821178.0367398649,845634.6563907658,818356.1190878379,835287.625,141506,0.0,0.0,0.02658965593896534
2020-12-24,840931.3327759198,849397.0844481606,835287.4983277592,843753.25,96941,0.0,0.0,0.01013498194708684
2020-12-28,844693.9375,849397.1331430958,835287.5462138085,844693.9375,112704,0.0,0.0,0.0011148845945185837
2020-12-29,853763.4622124863,872757.0876232202,853763.4622124863,867059.0,139932,8550.0,0.0,0.026477119708225638
2020-12-30,867059.0486707841,887002.356471536,865159.6860230934,884153.3125,118667,0.0,0.0,0.01971528177436599
2021-01-04,901247.4941206544,935436.0186605317,887951.956799591,928788.25,151790,0.0,0.0,0.05048325541391896
2021-01-05,924039.8871192893,943033.512753807,911694.0304568527,935436.0625,122865,0.0,0.0,0.007157511413392603
2021-01-06,941134.138247639,946832.2258656874,902197.2061909758,905046.25,169260,0.0,0.0,-0.032487321922122336
2021-01-07,913593.4069429778,914543.0882391763,891750.7371304118,899348.1875,118410,0.0,0.0,-0.006295879906689894
2021-01-08,907895.3050251256,949681.2814070352,901247.5360552764,944932.875,198693,0.0,0.0,0.050686361671240965
2021-01-11,943033.4685582822,955379.3246421268,906945.5815439672,928788.25,220317,0.0,0.0,-0.01708547287022899
2021-01-12,914543.0882391763,920241.1760163674,879404.880279831,899348.1875,192743,0.0,0.0,-0.031697281377106146
2021-01-13,898398.4625,906945.59375,886052.6062500001,892700.375,123066,0.0,0.0,-0.007391811750329436
2021-01-14,885102.9187965922,898398.4562034078,883203.5563099042,891750.6875,97237,0.0,0.0,-0.0010638367884633348
2021-01-15,898398.430882353,911693.9679144386,886052.5750668449,887951.9375,110598,0.0,0.0,-0.0042598789698157224
2021-01-18,887951.9562899787,901247.4936034116,880354.5063965885,890801.0,100252,0.0,0.0,0.0032085773786603156
2021-01-19,901247.5496342739,919291.4942528736,896499.1431556949,908845.0,100320,0.0,0.0,0.020255926969098503
2021-01-20,920241.1626295337,920241.1626295337,902197.2182642487,916442.4375,93411,0.0,0.0,0.008359442479190626
2021-01-21,912643.68125,924989.5375,910744.31875,921190.8125,68683,0.0,0.0,0.0051813128743287695
2021-01-22,922140.4876137513,949681.2436804853,914543.0376643074,939234.75,135835,0.0,0.0,0.01958762208128295
2021-01-25,939234.7873115578,945882.5562814071,923090.2055276382,944932.875,80768,0.0,0.0,0.00606677404131406
2021-01-26,942083.8195173137,946832.2258656874,902197.2061909758,905046.25,127191,0.0,0.0,-0.04221106710886735
2021-01-27,914543.0314417178,942083.7873210635,913593.350204499,928788.25,108151,0.0,0.0,0.026232913511326172
2021-01-28,911693.9256198348,935435.9549328513,903146.7950671487,919291.375,98895,0.0,0.0,-0.010225016304846624
2021-01-29,913593.3814270725,918341.787775446,892700.3934942287,905046.25,141061,0.0,0.0,-0.015495767052094878
2021-02-01,905046.25,905046.25,887951.9871458552,905046.25,83021,0.0,0.0,0.0
2021-02-02,907895.2992886179,944932.8690294715,905995.9367378049,934486.375,132535,0.0,0.0,0.03252886247526021
2021-02-03,952530.3435019841,980071.1011904762,946832.2557043651,957278.75,201313,0.0,0.0,0.02439027000259908
2021-02-04,951580.6255197505,954429.6693087318,909794.6499480249,913593.375,138692,0.0,0.0,-0.04563495742488799
2021-02-05,921190.8497694673,927838.6187884222,910744.3555968239,926888.9375,74762,0.0,0.0,0.014553041718368354
2021-02-08,943983.2103805395,995266.0004816955,941134.1664860308,985769.1875,239999,0.0,0.0,0.06352460107983537
2021-02-09,976272.3633200795,983869.8136182902,951580.6498508946,955379.375,135965,0.0,0.0,-0.030828527494424218
2021-02-10,966775.5558666018,993366.6320593964,943033.5235516067,975322.6875,154288,0.0,0.0,0.020874757213593886
2021-02-15,974372.9560810811,975322.6373248248,943033.4750375375,948731.5625,111745,0.0,0.0,-0.02726392540725142
2021-02-16,950630.9004310345,967725.1623768474,943033.4506773399,963926.4375,85534,0.0,0.0,0.016015989770552297
2021-02-17,943033.4750375375,954429.6499624625,938285.0688188188,948731.5625,88009,0.0,0.0,-0.015763521373486578
2021-02-18,954429.6878140704,958228.4129396986,941134.149874372,944932.875,69587,0.0,0.0,-0.004003964503921487
2021-02-19,943033.5870737211,954429.7633525577,925939.3226554664,946832.3125,82183,0.0,0.0,0.0020101295554988408
2021-02-22,943033.5545784102,946832.2798737916,882253.9498523093,884153.3125,216700,0.0,0.0,-0.0661986279645479
2021-02-23,887002.356471536,897448.8510338345,880354.5872046186,884153.3125,127023,0.0,0.0,0.0
2021-02-24,893650.0814373662,920241.1571868309,883203.5873929337,887002.3125,161574,0.0,0.0,0.003222291835274893
2021-02-25,914543.1180555555,924039.9313271604,903146.9421296297,923090.25,95195,0.0,0.0,0.04068528006233363
2021-02-26,903146.9068509615,915492.7636217949,885102.9623397435,888901.6875,130379,0.0,0.0,-0.037037074652234714
2021-03-02,901247.5438689218,930687.6638477801,892700.4122621565,898398.5,113384,0.0,0.0,0.010683760233046069
2021-03-03,900297.8373180873,915492.7375259876,895549.4310031185,913593.375,69600,0.0,0.0,0.016913290705627748
2021-03-04,911694.0,923090.175,898398.4625,911694.0,97325,0.0,0.0,-0.0020790157327924552
2021-03-05,899348.2136815252,902197.2576530612,879404.9058807733,884153.3125,127784,0.0,0.0,-0.03020825792425963
2021-03-08,884153.3125,894599.8070622985,879404.9058807733,884153.3125,86957,0.0,0.0,0.0
2021-03-09,887002.356471536,889851.400443072,880354.5872046186,884153.3125,92247,0.0,0.0,0.0
2021-03-10,888901.7253218885,896499.1759656653,881304.2746781115,885103.0,70912,0.0,0.0,0.0010741208414575265
2021-03-11,884153.3125,896499.1697099892,880354.5872046186,884153.3125,97451,0.0,0.0,-0.0010729683437972204
2021-03-12,888901.6187165775,897448.7496657755,885102.8938502674,887951.9375,47055,0.0,0.0,0.004296341987634733
2021-03-15,887952.0315860215,889851.39422043,880354.5810483871,883203.625,58908,0.0,0.0,-0.005347488191048577
2021-03-16,887951.9319968553,916442.36831761,883203.5259433961,905995.875,82668,0.0,0.0,0.025806336562533838
2021-03-17,910744.31875,923090.175,889851.33125,892700.375,70627,0.0,0.0,-0.014675011627398371
2021-03-18,898398.4562034078,907895.2686368477,887002.2812832801,891750.6875,67977,0.0,0.0,-0.0010638367884633348
2021-03-19,884153.262459807,895549.4377009646,882253.8999196141,886052.625,75701,0.0,0.0,-0.006389748367869874
2021-03-22,886052.6813304721,892700.4506437768,880354.5933476395,885103.0,90722,0.0,0.0,-0.0010717478547055403
2021-03-23,885102.9938238453,891750.7630907625,883203.6311761546,884153.3125,78190,0.0,0.0,-0.0010729683437972204
2021-03-24,889851.368790064,891750.7313701923,883203.5997596154,888901.6875,48361,0.0,0.0,0.005370533518189946
2021-03-25,885102.9635761589,887002.3261589403,847115.7119205297,860411.25,190165,0.0,0.0,-0.032051280699138096
2021-03-26,856612.4749443207,863260.243596882,839518.2126948775,852813.75,173281,0.0,0.0,-0.00883007980195516
2021-03-29,845216.339178657,845216.339178657,787285.7811001198,792034.1875,343144,0.0,0.0,-0.07126944482309294
2021-03-30,792034.2550295858,809128.5195266273,792034.2550295858,802480.75,180279,0.0,0.0,0.013189534826740124
2021-03-31,813876.8496563574,839518.2439862543,808178.7620274915,829071.75,152553,0.0,0.0,0.033135997343238355
2021-04-01,840467.9378571428,842367.3004285714,824323.3559999999,830971.125,91499,0.0,0.0,0.0022909657698504393
2021-04-02,835719.5310734464,849964.7503531073,832870.4872175142,840467.9375,52468,0.0,0.0,0.011428570998781806
2021-04-05,840467.9375,845216.3439265537,830971.1246468927,840467.9375,39659,0.0,0.0,0.0
2021-04-06,835719.5632183908,842367.3324712644,824323.3873563219,826222.75,79923,0.0,0.0,-0.016949114730506865
2021-04-07,826222.7376152073,833820.1880760369,817675.6058467742,824323.375,65101,0.0,0.0,-0.0022988655299069904
2021-04-08,824323.3189655173,854713.1187430478,818625.2315072303,853763.4375,127478,0.0,0.0,0.03571421531022345
2021-04-09,853763.4741216217,886052.6377702702,846166.0238513513,878455.1875,109902,0.0,0.0,0.02892106749417933
2021-04-12,864209.9751655628,876555.8319536423,855662.8435430463,860411.25,60204,0.0,0.0,-0.020540532695072722
2021-04-13,855662.7692833698,868008.625,844266.5947757112,868008.625,76606,0.0,0.0,0.008829934522590177
2021-04-14,859461.5682996726,873706.7876637555,858511.8870087337,869908.0625,57371,0.0,0.0,0.002188270306645812
2021-04-15,866109.3,883203.5625,862310.5750000001,873706.75,61393,0.0,0.0,0.004366768930825993
2021-04-16,871807.3371710526,876555.7431469298,865159.5688048246,866109.25,81063,0.0,0.0,-0.008695709401352336
2021-04-19,861360.9191135346,861360.9191135346,845216.3373881432,849015.0625,85734,0.0,0.0,-0.01973675665050334
2021-04-20,849014.9868197279,855662.7551729025,835719.4501133787,837618.8125,89387,0.0,0.0,-0.013422906734354867
2021-04-21,837618.8432030339,839518.2056592766,811977.4500437573,813876.8125,132714,0.0,0.0,-0.028344635585653144
2021-04-22,815776.19375,818625.2375,802480.65625,807229.0625,118343,0.0,0.0,-0.008168005154957081
2021-04-23,811027.9069493522,811977.5883392226,802480.7744405182,806279.5,64336,0.0,0.0,-0.001176323480053143
2021-04-26,801530.9198606272,817675.5,792983.7891986063,817675.5,125444,0.0,0.0,0.014134056490336278
2021-04-27,815776.1812354312,818625.2249417249,808178.7313519813,814826.5,53668,0.0,0.0,-0.003484267291853582
2021-04-28,814826.6088323353,814826.6088323353,792983.9375,792983.9375,76542,0.0,0.0,-0.026806396821900114
2021-04-29,790134.8434886499,804380.0630227001,789185.1621863799,794883.25,70652,0.0,0.0,0.00239514624468673
2021-04-30,790134.8,803430.3375,786336.0750000001,788235.4375,79050,0.0,0.0,-0.00836325649081171
2021-05-03,794883.2700457317,794883.2700457317,776839.324847561,778738.6875,53108,0.0,0.0,-0.012048113480053968
2021-05-04,773990.3308374083,778738.737775061,761644.4727995109,776839.375,72026,0.0,0.0,-0.002438959988102507
2021-05-06,772090.8940756824,773990.2566687345,760694.7185173697,765443.125,86423,0.0,0.0,-0.014670021070958161
2021-05-07,765443.0875,801530.975,765443.0875,788235.4375,95745,0.0,0.0,0.029776624487939607
2021-05-10,774939.8883826879,840467.8936503417,769241.8009681093,833820.125,257577,0.0,0.0,0.057831309442998746
2021-05-11,825273.00625,825273.00625,800581.2937500001,807229.0625,107129,0.0,0.0,-0.031890646079092866
2021-05-12,805329.7438016529,808178.7877066116,795832.930785124,804380.0625,82939,0.0,0.0,-0.003529357566954494
2021-05-13,803430.2809155767,804379.9620986921,792983.7879013079,798681.875,106031,0.0,0.0,-0.007083949199698125
2021-05-14,791084.4875150421,799631.6188327316,789185.125,789185.125,91373,0.0,0.0,-0.011890529004429995
2021-05-17,786336.1067484663,792983.8757668711,763543.7558282209,773990.25,84788,0.0,0.0,-0.019253879119934036
2021-05-18,776839.2811360875,792034.1815006075,774939.9185905225,781587.6875,72893,0.0,0.0,0.009815934373850421
2021-05-20,780638.0,792983.8564476885,765443.099756691,780638.0,107149,0.0,0.0,-0.0012150747960701924
2021-05-21,790134.7573270809,811027.7436987105,790134.7573270809,810078.0625,146618,0.0,0.0,0.03771282271680354
2021-05-24,808178.7814716313,808178.7814716313,790134.8368794327,803430.375,68299,0.0,0.0,-0.008206230742114462
2021-05-25,798681.9863213039,821474.3378928987,798681.9863213039,815776.25,72102,0.0,0.0,0.01536645288025107
2021-05-26,816725.8498831776,829071.7057535046,807229.0376752337,812927.125,58256,0.0,0.0,-0.003492532419275496
2021-05-27,812927.1562867216,826222.6938895418,805329.7062279672,808178.75,134891,0.0,0.0,-0.005841083233629307
2021-05-28,799631.6248532864,819574.931411385,799631.6248532864,809128.4375,69042,0.0,0.0,0.0011750958559599844
2021-05-31,823373.6936923963,830971.1441532258,813876.8806163594,824323.375,80686,0.0,0.0,0.01877938877905283
2021-06-01,829071.6811926606,832870.4059633028,820524.5504587156,828122.0,54286,0.0,0.0,0.004608173339740507
2021-06-02,829071.7568062061,834769.8444818502,807229.087382904,811027.8125,62526,0.0,0.0,-0.02064211251482273
2021-06-03,811027.793772033,815776.2000587544,803430.3437132785,808178.75,50460,0.0,0.0,-0.0035129035725885993
2021-06-04,799631.631227758,806279.4001334519,792034.181049822,800581.3125,74482,0.0,0.0,-0.009400689513303861
2021-06-07,797732.2686832739,809128.4439501779,795832.90613879,800581.3125,50361,0.0,0.0,0.0
2021-06-08,798681.949955516,810078.1252224199,796782.587411032,800581.3125,43630,0.0,0.0,0.0
2021-06-09,801530.9627039627,826222.6748251747,800581.2814685315,814826.5,78067,0.0,0.0,0.017793554855179083
2021-06-10,816725.9952885748,820524.7208480566,803430.4558303887,806279.5,81019,0.0,0.0,-0.010489349573191364
2021-06-11,808178.6868311533,817675.4986623068,795832.831450654,798681.875,89254,0.0,0.0,-0.009423066070760822
2021-06-14,798681.918997669,820524.5874125874,797732.2377622378,814826.5,55683,0.0,0.0,0.020214087116976254
2021-06-15,816725.8308909731,825272.961679367,807229.0189038687,810078.0625,70241,0.0,0.0,-0.005827544268626528
2021-06-16,805329.75,813876.8817806604,800581.3434551887,805329.75,52423,0.0,0.0,-0.005861549299762681
2021-06-17,800581.3193264563,801531.0006067961,780638.0124393203,782537.375,128351,0.0,0.0,-0.028301916078475875
2021-06-18,785386.5074877751,789185.2330378973,776839.375,776839.375,87955,0.0,0.0,-0.007281441349686335
2021-06-21,777789.0061737804,782537.4128048781,773990.2808689025,778738.6875,57153,0.0,0.0,0.0024449230576140124
2021-06-22,780638.0001539409,781587.681419335,770191.5062346059,771141.1875,67222,0.0,0.0,-0.00975616098436105
2021-06-23,776839.2934848485,790134.8315151515,773040.5683333334,783487.0625,85430,0.0,0.0,0.0160098762718468
2021-06-24,789185.11875,796782.56875,781587.6687500001,788235.4375,62944,0.0,0.0,0.006060565933084572
2021-06-25,780638.0248184019,784436.75,775889.6183414044,784436.75,54054,0.0,0.0,-0.004819229533815528
2021-06-28,781587.6875,788235.4564094775,776839.2811360875,781587.6875,38667,0.0,0.0,-0.003631984987954695
2021-06-29,805329.7128953771,805329.7128953771,778738.6374695863,780638.0,81336,0.0,0.0,-0.0012150747960701924
2021-06-30,780638.050152439,786336.138109756,777789.0061737804,778738.6875,58171,0.0,0.0,-0.0024330259351965644
2021-07-01,780638.0121402878,796782.5938998801,779688.3308603117,792034.1875,91901,0.0,0.0,0.017073121206656383
2021-07-02,789185.2330378973,792034.277200489,774940.0122249388,776839.375,74312,0.0,0.0,-0.01918454119759827
2021-07-05,772090.8931598063,786336.112590799,772090.8931598063,784436.75,70101,0.0,0.0,0.009779853138880856
2021-07-06,787285.8118295589,803430.3942193086,784436.7678784267,796782.625,91810,0.0,0.0,0.01573852193946812
2021-07-07,802480.6815797362,803430.3628597122,786336.0998201439,792034.1875,106417,0.0,0.0,-0.0059595143656653304
2021-07-08,789185.1436600719,795832.912619904,784436.7372601918,792034.1875,72782,0.0,0.0,0.0
2021-07-09,787285.691484375,788235.37265625,756895.893984375,759744.9375,168113,0.0,0.0,-0.04076749527936252
2021-07-12,759745.0129533679,760694.6942195597,731254.5749676166,733153.9375,153684,0.0,0.0,-0.034999904161914897
2021-07-13,735053.2688223938,737902.3125,726506.1377895753,737902.3125,77487,0.0,0.0,0.006476641203335243
2021-07-14,737902.3811857327,752147.6008997429,737902.3811857327,738852.0625,81156,0.0,0.0,0.0012870944892180436
2021-07-15,739801.7785292289,772090.9447294776,737902.4158115672,763543.8125,130217,0.0,0.0,0.03341907162910562
2021-07-16,776839.3173420739,797732.3063170441,765443.1415375447,796782.625,215329,0.0,0.0,0.04353229239219325
2021-07-19,793933.5060459492,800581.274637243,783487.0125453447,785386.375,75493,0.0,0.0,-0.014302834477596726
2021-07-20,781587.662469475,792983.8373778999,773040.5312881563,777788.9375,69730,0.0,0.0,-0.009673503057651134
2021-07-21,785386.4512515451,788235.495210136,763543.7809023486,768292.1875,74161,0.0,0.0,-0.012209931952137043
2021-07-22,766392.7941593198,767342.475440806,750248.2123740554,754046.9375,106312,0.0,0.0,-0.018541448464227672
2021-07-23,754046.9247229064,771141.1875,754046.9247229064,771141.1875,59714,0.0,0.0,0.02267000786008766
2021-07-26,774939.9185905225,790134.8189550425,774939.9185905225,781587.6875,84115,0.0,0.0,0.013546805914837812
2021-07-27,790134.8387096775,790134.8387096775,763543.7624069479,765443.125,79839,0.0,0.0,-0.02065611160232106
2021-07-28,771141.2314585908,776839.3193757726,764493.4622218789,768292.1875,71311,0.0,0.0,0.003722108680511038
2021-07-29,776839.2077883473,802480.5997324614,771141.1206896552,798681.875,131076,0.0,0.0,0.039554856855810394
2021-07-30,795832.9129247572,803430.3631674757,781587.6937196602,782537.375,79822,0.0,0.0,-0.020213930609105146
2021-08-02,791084.5065230583,791084.5065230583,769241.8370752427,782537.375,68330,0.0,0.0,0.0
2021-08-03,785386.39375,786336.0750000001,762594.0437500001,769241.8125,90490,0.0,0.0,-0.016990322666696867
2021-08-04,764493.4186422414,772090.8687653941,755946.2872536946,771141.1875,62411,0.0,0.0,0.0024691520522357457
2021-08-05,772090.8997858017,778738.6689106487,769241.855875153,775889.625,54637,0.0,0.0,0.006157675892522585
2021-08-06,775889.599863305,782537.3687727825,771141.1934993925,781587.6875,56948,0.0,0.0,0.007343908613290262
2021-08-09,770191.506082725,781587.6812652068,769241.8248175182,780638.0,57545,0.0,0.0,-0.0012150747960701924
2021-08-10,777788.9751533743,785386.4254601226,771141.2061349693,773990.25,48300,0.0,0.0,-0.008515790929982892
2021-08-11,772090.8562500001,773040.5375,744550.1,750248.1875,140713,0.0,0.0,-0.03067488576244981
2021-08-12,755946.3120347394,765443.125,735053.3235111663,765443.125,132552,0.0,0.0,0.020253214540421727
2021-08-13,765443.1259541985,765443.1259541985,740751.4122137405,746449.5,106869,0.0,0.0,-0.024813894565974493
2021-08-17,746449.405155642,753097.1733949416,727455.781614786,732204.1875,96478,0.0,0.0,-0.01908409410147638
2021-08-18,727455.8253489848,750248.1749682741,724606.7816465736,748348.8125,97227,0.0,0.0,0.022049348085707354
2021-08-19,740751.3349941383,814826.4684935522,736952.6101992966,810078.0625,462871,0.0,0.0,0.08248726926389027
2021-08-20,815776.232748184,816725.9140435836,778738.6622276029,784436.75,213974,0.0,0.0,-0.03165289085951517
2021-08-23,792983.8690837378,800581.3193264563,778738.6498786408,782537.375,98003,0.0,0.0,-0.002421323325303204
2021-08-24,787285.7990702479,810078.1503099174,780638.0299586777,804380.0625,148646,0.0,0.0,0.027912644428005784
2021-08-25,802480.7004181601,810078.1508363201,791084.52479092,794883.25,112832,0.0,0.0,-0.011806374800593766
2021-08-26,736952.6431593794,748348.8180535967,670474.9562764456,673324.0,1048836,0.0,0.0,-0.15292717515433873
2021-08-27,651481.3309939302,658129.0996775418,617292.8063353567,625839.9375,1048784,0.0,0.0,-0.07052186243175651
2021-08-30,626789.6186440678,627739.2998844376,602097.906394453,616343.125,647555,0.0,0.0,-0.015174506980069502
2021-08-31,612544.40625,626789.625,611594.725,626789.625,536884,0.0,0.0,0.016949162854700495
2021-09-01,619192.2197802197,622041.2637362637,603047.6373626373,604947.0,416109,0.0,0.0,-0.03484841504835057
2021-09-02,603047.6125592417,611594.7440758294,595450.1623222749,601148.25,325788,0.0,0.0,-0.006279475722666628
2021-09-03,601148.2439710611,606846.3315916398,589752.0687299035,590701.75,339807,0.0,0.0,-0.017377576995358468
2021-09-06,591651.4372037915,602097.9312796209,589752.0746445497,601148.25,318363,0.0,0.0,0.017684897666208066
2021-09-07,603997.3782467532,604947.0596590909,581205.0243506493,585003.75,404637,0.0,0.0,-0.026856104130719816
2021-09-08,593550.7940155229,594500.4752859478,581204.9375,581204.9375,356279,0.0,0.0,-0.006493654955203265
2021-09-09,575506.781710311,582154.5498158756,568859.0136047463,580255.1875,402540,0.0,0.0,-0.0016341051817028163
2021-09-10,577406.2438220758,580255.2877883031,570758.4745675452,576456.5625,192941,0.0,0.0,-0.006546473141181508
2021-09-13,577406.20642978,582154.6127326565,555563.5374365483,561261.625,311165,0.0,0.0,-0.026359206379925615
2021-09-14,557462.9488731219,573607.5317195326,555563.5861853089,568859.125,215604,0.0,0.0,0.013536467952890874
2021-09-15,562211.3372483222,572657.8316904362,562211.3372483222,566010.0625,153174,0.0,0.0,-0.005008379710881861
2021-09-16,567909.3811544991,571708.1061120543,555563.5250424448,559362.25,156629,0.0,0.0,-0.01174504296025658
2021-09-17,558412.5562180579,562211.2810902896,550815.1064735946,557462.875,197939,0.0,0.0,-0.0033956081233583735
2021-09-23,550815.2119006849,568859.1584974314,549865.5305008561,554613.9375,229079,0.0,0.0,-0.0051105421145758445
2021-09-24,554613.8867449665,568859.1064387584,554613.8867449665,566010.0625,211003,0.0,0.0,0.020547851810882367
2021-09-27,562211.255574614,567909.3426243567,552714.4438250429,553664.125,169276,0.0,0.0,-0.021812222640476442
2021-09-28,552714.5575744308,555563.6016856392,542268.0625,542268.0625,167510,0.0,0.0,-0.020582988829193183
2021-09-29,532771.2667682928,547966.169207317,529922.2225609756,545117.125,172387,0.0,0.0,0.005253974366229652
2021-09-30,544167.3740671641,586903.0317164179,544167.3740671641,572657.8125,553567,0.0,0.0,0.05052251385424733
2021-10-01,577406.231932773,579305.5945378151,563161.012394958,565060.375,236723,0.0,0.0,-0.013266976079192139
2021-10-05,556513.2320159858,565060.3635657193,533720.8812166962,534670.5625,264045,0.0,0.0,-0.053781531752248646
2021-10-06,536569.9693080357,547966.1456473215,530871.8811383928,531821.5625,196509,0.0,0.0,-0.005328514789889938
2021-10-07,532771.248795972,551764.876204028,532771.248795972,542268.0625,181281,0.0,0.0,0.019642866586478513
2021-10-08,542267.9814013841,555563.5185986159,537519.5752595155,548915.75,101743,0.0,0.0,0.01225904300790348
2021-10-12,544167.3434139785,548915.7495519713,527073.0813172043,529922.125,151971,0.0,0.0,-0.0346020769125317
2021-10-13,530871.8551432291,551764.8440755209,530871.8551432291,547016.4375,158836,0.0,0.0,0.03225815963053069
2021-10-14,544167.368556701,554613.8625429553,544167.368556701,552714.5,113142,0.0,0.0,0.010416620250099928
2021-10-15,555563.5734143327,580255.2877883031,555563.5734143327,576456.5625,246295,0.0,0.0,0.042955382028153855
2021-10-18,579305.6008808725,579305.6008808725,563161.0185612417,566010.0625,150754,0.0,0.0,-0.01812192050463468
2021-10-19,579305.5564387917,598299.1812400636,578355.8751987282,597349.5,297797,0.0,0.0,0.05536904655294883
2021-10-20,600198.5753205128,606846.3443509615,587852.7185496795,592601.125,206803,0.0,0.0,-0.007949073364922898
2021-10-21,592601.0936995153,598299.1811389338,585953.3250201939,587852.6875,117132,0.0,0.0,-0.008012872908400248
2021-10-22,584053.956508758,596399.8125,584053.956508758,596399.8125,98729,0.0,0.0,0.014539569490358062
2021-10-25,595450.1563504823,599248.8814308682,584053.9811093247,590701.75,109647,0.0,0.0,-0.009554098409445766
2021-10-26,593550.8871610845,600198.6570972886,588802.4800637958,595450.25,144237,0.0,0.0,0.008038743748431498
2021-10-27,595450.1376173708,609695.3562206572,592601.0938967136,606846.3125,170523,0.0,0.0,0.019138563633149808
2021-10-28,605896.643921095,606846.3251811594,589752.0625,589752.0625,146467,0.0,0.0,-0.028168993776327866
2021-10-29,593550.8871610845,601148.3385167464,584054.0729665072,595450.25,135990,0.0,0.0,0.009662005209180702
2021-11-01,601148.2190393518,621091.5248842592,593550.7691936728,615393.4375,255925,0.0,0.0,0.03349261756124888
2021-11-02,615393.468895801,618242.5127332815,605896.6561041991,610645.0625,196240,0.0,0.0,-0.007715998758924036
2021-11-03,611594.7678843227,633437.4381659057,602097.954718417,623940.625,460304,0.0,0.0,0.02177297961858171
2021-11-04,579305.5945378151,598299.2205882353,538469.2985294118,565060.375,1349029,0.0,0.0,-0.09436835436064128
2021-11-05,572657.8179086539,599248.8940304486,565060.367588141,592601.125,713135,0.0,0.0,0.0487394820420739
2021-11-08,631538.0246422894,631538.0246422894,586903.0063593005,597349.5,621616,0.0,0.0,0.008012767441168744
2021-11-09,597349.6128389154,605896.745614035,588802.4800637958,595450.25,229981,0.0,0.0,-0.0031794619397856883
2021-11-10,591651.4509297521,595450.1761363636,564110.6931818181,574557.1875,371237,0.0,0.0,-0.03508783899242629
2021-11-11,560311.965648855,746449.5,559362.284351145,746449.5,3655331,0.0,0.0,0.2991735483249873
2021-11-12,718908.6731643357,736952.6160839162,659078.7571678322,679022.0625,1418735,0.0,0.0,-0.0903308763687296
2021-11-15,671424.64375,700864.7625000001,615393.4500000001,626789.625,1243312,0.0,0.0,-0.07692303444116733
2021-11-16,636286.4078014184,676173.0184397163,626789.5957446808,669525.25,881816,0.0,0.0,0.06818176832457934
2021-11-17,677122.7619827586,701814.4756034482,676173.0806896552,688518.9375,595201,0.0,0.0,0.028368889000078834
2021-11-18,697065.9771381579,731254.4991776316,679022.0349506579,721757.6875,687280,0.0,0.0,0.0482757237160234
2021-11-19,712260.9375,734103.6062500001,709411.89375,712260.9375,287805,0.0,0.0,-0.01315780928207988
2021-11-22,692317.6799799465,711311.3063168449,670475.0096925134,710361.625,353347,0.0,0.0,-0.0026665964676744203
2021-11-23,696116.4727224576,711311.3752648305,668575.7118644068,672374.4375,333227,0.0,0.0,-0.053475844081526835
2021-11-24,672374.3250000001,687569.225,668575.6,674273.6875,215946,0.0,0.0,0.0028246909669287223
2021-11-25,685669.9269642857,698965.4657142857,661927.8934821428,664776.9375,293337,0.0,0.0,-0.014084414349922247
2021-11-26,670474.9307553957,682820.7864208632,653380.6690647482,660028.4375,251704,0.0,0.0,-0.007142997496058623
2021-11-29,648632.2875544267,675223.3623004354,647682.6063134978,654330.375,291632,0.0,0.0,-0.008633056056770227
2021-11-30,658129.1762114537,668575.671071953,646733.0,646733.0,346895,0.0,0.0,-0.011610915968863544
2021-12-01,660028.474946505,681871.1439015692,651481.3436162625,665726.5625,288900,0.0,0.0,0.029368475862527443
2021-12-02,665726.55625,673324.00625,639135.4812500001,655280.0625,229201,0.0,0.0,-0.015691877999835735
2021-12-03,670475.010989011,701814.4945054945,663827.2417582418,691368.0,352625,0.0,0.0,0.0550725400713683
2021-12-06,687569.2377106742,694217.0065835674,674273.6999648876,676173.0625,168956,0.0,0.0,-0.021978074628851818
2021-12-07,686619.5878661089,698965.4449093445,676173.0934449093,680921.5,222365,0.0,0.0,0.0070225179962710715
2021-12-08,694217.0062329235,709411.9065061475,689468.599897541,695166.6875,279082,0.0,0.0,0.020920454854193915
2021-12-09,704663.4686227951,715109.9620929443,691367.9314789688,699915.0625,279949,0.0,0.0,0.006830556016825806
2021-12-10,699915.1256017882,704663.5321526823,685669.905949106,690418.3125,157302,0.0,0.0,-0.013568432098144734
2021-12-13,690418.2305672269,693267.2741596638,674273.650210084,678072.375,149373,0.0,0.0,-0.01788182218877632
2021-12-14,674273.7320659971,675223.4133787662,653380.7431850788,661927.875,190779,0.0,0.0,-0.02380940530131459
2021-12-15,655280.0176448737,661927.7859398217,633437.3503900446,639135.4375,266446,0.0,0.0,-0.03443341542309275
2021-12-16,640085.2244485294,645783.3125,627739.3670036765,645783.3125,211953,0.0,0.0,0.010401355659456657
2021-12-17,635336.75625,644833.56875,632487.7125,636286.4375,232203,0.0,0.0,-0.0147059777113705
2021-12-20,633437.4255725191,641034.8759541985,622041.25,622041.25,142411,0.0,0.0,-0.022388010588391682
2021-12-21,621091.4943438914,638185.7556561086,615393.407239819,629638.625,105016,0.0,0.0,0.012213619273641507
2021-12-22,636286.4060150376,642934.1744360902,630588.3187969925,631538.0,74586,0.0,0.0,0.003016611314148543
2021-12-23,631538.0692644818,637236.1571074695,618242.5309641769,622990.9375,124253,0.0,0.0,-0.013533726394927892
2021-12-24,624890.3001143293,632487.7505716464,621091.5748856708,622990.9375,88674,0.0,0.0,0.0
2021-12-27,624890.3063165906,628689.0315829528,613494.1305175038,623940.625,99039,0.0,0.0,0.0015244001843928157
2021-12-28,626789.6627286585,627739.3440358231,620141.8935785061,622990.9375,109106,0.0,0.0,-0.0015220799254737072
2021-12-29,633397.4286931818,637230.3934659091,628606.2227272728,632439.1875,106055,5860.0,0.0,0.015165950949326712
2021-12-30,632439.0979782271,632439.0979782271,616149.0,616149.0,135434,0.0,0.0,-0.025757713661600068
2022-01-04,634355.706240487,641063.394977169,626689.7762557078,629564.5,111602,0.0,0.0,0.02177314253532825
2022-01-05,624773.2624,626689.7448,596026.0264,598900.75,196204,0.0,0.0,-0.04870628823575662
2022-01-06,591234.731905158,596025.93718802,573986.3928868552,575902.875,206173,0.0,0.0,-0.038400143930359065
2022-01-07,580694.125,594109.5008250825,577819.4016089109,580694.125,125308,0.0,0.0,0.008319545201089573
2022-01-10,578777.7125407166,593151.3312296417,574944.7475570033,588360.125,101203,0.0,0.0,0.013201442325596169
2022-01-11,583568.8305049669,596025.9648178808,575902.9016970198,578777.625,146671,0.0,0.0,-0.016286793738783722
2022-01-12,583568.8742897727,596984.2507102273,582610.6331168831,590276.5625,113698,0.0,0.0,0.019867626188901033
2022-01-13,585485.3848140496,592193.0733471074,578777.6962809917,579735.9375,138024,0.0,0.0,-0.017857095588137972
2022-01-14,573028.2431389366,573986.484348199,548113.9716981133,558654.625,232460,0.0,0.0,-0.03636364616433663
2022-01-17,550030.4970238095,570153.5639880953,549072.2557397959,563445.875,101567,0.0,0.0,0.008576408008794445
2022-01-18,562487.545198962,573986.4387975779,551946.892733564,553863.375,81971,0.0,0.0,-0.017006957411836554
2022-01-19,553863.4102233677,559612.8573883162,550030.4454467354,557696.375,108563,0.0,0.0,0.006920479260792423
2022-01-20,557696.339532872,560571.062932526,544280.9636678201,553863.375,126446,0.0,0.0,-0.0068729153923584585
2022-01-21,548113.9380530973,557696.3495575221,539489.7676991151,541406.25,192639,0.0,0.0,-0.022491331910148404
2022-01-24,540448.0264550265,551946.9206349206,539489.7852733686,543322.75,142063,0.0,0.0,0.0035398556998555986
2022-01-25,549072.243951613,554821.6915322581,533740.3837365592,534698.625,178822,0.0,0.0,-0.015872931880728358
2022-01-26,534698.625,534698.625,534698.625,534698.625,0,0.0,0.0,0.0
2022-01-27,539489.7935517724,541406.2759444963,508826.0752681903,513617.28125,225429,0.0,0.0,-0.03942659053967079
2022-01-28,514575.52244636195,521283.2108208955,500201.90450093284,513617.28125,230623,0.0,0.0,0.0
2022-02-03,514575.54998825194,522241.47996945493,503076.6550164474,509784.34375,238330,0.0,0.0,-0.007462633443079847
2022-02-04,509784.3261792453,514575.5322523585,495410.7079599057,507867.84375,310866,0.0,0.0,-0.0037594328337000604
2022-02-07,512659.0130208333,523199.66562499997,506909.5661458333,517450.21875,201268,0.0,0.0,0.018867851386781265
2022-02-08,517450.21875,517450.21875,517450.21875,517450.21875,0,0.0,0.0,0.0
2022-02-09,517450.21875,517450.21875,517450.21875,517450.21875,0,0.0,0.0,0.0
2022-02-10,527990.8661363637,541406.2420454546,523199.66045454546,527032.625,251453,0.0,0.0,0.01851850845313807
2022-02-11,518408.518896771,520325.00140655576,487744.79874021525,489661.28125,623308,0.0,0.0,-0.07090897598606916
2022-02-14,478641.46764705883,491577.72352941177,476245.8647058824,488703.0,217183,0.0,0.0,-0.001957028841557018
2022-02-15,488702.9641812866,506909.54519980506,487744.72307504877,491577.6875,181104,0.0,0.0,0.005882279216620212
2022-02-16,462351.36944796954,476245.86656091374,454685.4400063452,471933.78125,538594,0.0,0.0,-0.03996093954121949
2022-02-17,472892.0039296407,490619.4650698603,467621.6776447106,480078.8125,265895,0.0,0.0,0.01725884345135542
2022-02-18,472892.02243020304,476245.86656091374,466663.4547588833,471933.78125,242560,0.0,0.0,-0.016966029405848904
2022-02-21,471933.78125,471933.78125,471933.78125,471933.78125,0,0.0,0.0,0.0
2022-02-22,471933.78125,471933.78125,471933.78125,471933.78125,0,0.0,0.0,0.0
2022-02-23,471933.78125,471933.78125,471933.78125,471933.78125,0,0.0,0.0,0.0
2022-02-24,435999.72373188403,437916.2060340022,424979.95049470454,429771.15625,324246,0.0,0.0,-0.08934012921966472
2022-02-25,433604.1758164415,435041.53772522527,424021.7630912162,425459.125,327605,0.0,0.0,-0.010033319331210988
2022-02-28,425459.125,425459.125,425459.125,425459.125,0,0.0,0.0,0.0
2022-03-02,429292.0663716814,438874.4785674779,427375.5839325221,433125.03125,206859,0.0,0.0,0.01801796177247339
2022-03-03,435999.75822905335,440790.96436343854,431687.67270810663,440311.84375,125339,0.0,0.0,0.016592928095748416
2022-03-04,440311.84375,440311.84375,440311.84375,440311.84375,0,0.0,0.0,0.0
2022-03-07,412043.7014134276,413960.18374558305,405336.01325088344,406773.375,162273,0.0,0.0,-0.07616980834393006
2022-03-08,399586.58732578397,418751.41165795585,399586.58732578397,412522.84375,186265,0.0,0.0,0.014134329096637588
2022-03-10,412522.84375,412522.84375,412522.84375,412522.84375,0,0.0,0.0,0.0
2022-03-11,430729.4282010509,440790.9610066372,425938.22210315266,433125.03125,210603,0.0,0.0,0.04994193124608026
2022-03-14,437916.20177165355,438874.4429133858,424021.7052165354,425938.1875,158520,0.0,0.0,-0.016593000245815226
2022-03-15,421626.125,426417.3309659091,413960.1954545455,421626.125,106615,0.0,0.0,-0.010123681385107108
2022-03-16,425938.2103693182,429771.1751420455,417314.03963068186,421626.125,112638,0.0,0.0,0.0
2022-03-17,429771.16341006424,456601.91608672374,429771.16341006424,447498.625,270376,0.0,0.0,0.06136360739031521
2022-03-18,451331.5896680942,452289.8308351177,443186.539748394,447498.625,133139,0.0,0.0,0.0
2022-03-21,447498.625,447498.625,447498.625,447498.625,0,0.0,0.0,0.0
2022-03-22,445582.1385664147,447977.74146193307,440790.932775378,443665.65625,89919,0.0,0.0,-0.008565319614110556
2022-03-23,447498.6114738806,456601.90228544775,446061.249766791,449415.09375,107935,0.0,0.0,0.012958941984818173
2022-03-24,446061.28614864865,447977.76858108107,439353.5976351351,443186.5625,90061,0.0,0.0,-0.013859194621230975
2022-03-25,445103.0537351672,449415.13929341966,442707.4506472492,444144.8125,69691,0.0,0.0,0.002162181981769873
2022-03-28,441270.0313867615,441270.0313867615,425459.05306345737,437916.1875,108484,0.0,0.0,-0.014023860742491512
2022-03-29,437916.2314664502,448456.88474025973,436478.8696563853,442707.4375,71994,0.0,0.0,0.010941020534894097
2022-03-30,445582.1875,453727.23823924735,442707.46370967745,445582.1875,96179,0.0,0.0,0.006493566081098523
2022-03-31,447498.59819518717,459476.61206550803,445102.995421123,447977.71875,140432,0.0,0.0,0.005376182704790011
2022-04-01,445582.14266595285,447977.7455835118,438874.454496788,447498.625,72574,0.0,0.0,-0.0010694588814301742
2022-04-04,446061.3104319853,458997.56755514705,441270.1040900735,456122.84375,125127,0.0,0.0,0.019272056422519723
2022-04-05,458997.50885416666,464746.9557291666,453248.06197916664,459955.75,112974,0.0,0.0,0.008403232380312042
2022-04-06,455164.55366561183,463309.6035733122,449415.10667194094,454206.3125,96750,0.0,0.0,-0.012499979617604517
2022-04-07,449415.1259469697,451810.7289637446,442707.4375,442707.4375,103079,0.0,0.0,-0.025316413892860656
2022-04-08,443186.55414164846,447019.5189342249,434562.38335835154,438874.46875,87055,0.0,0.0,-0.008658017519753147
2022-04-11,431687.68250413454,439832.7331174201,430250.3206312018,434562.40625,59322,0.0,0.0,-0.009825275351016849
2022-04-12,433125.02156113536,442228.31294350437,427854.6949713428,438874.46875,100684,0.0,0.0,0.009922769291550892
2022-04-13,435999.71851145034,442707.4064885496,434083.23623227916,439353.5625,63106,0.0,0.0,0.001091641879657601
2022-04-14,439832.6747063758,439832.6747063758,428333.78125,428333.78125,122783,0.0,0.0,-0.025081806978633492
2022-04-15,428333.8084791197,429771.1702525395,421626.1202031603,424500.84375,66988,0.0,0.0,-0.008948482860292706
2022-04-18,422105.2637186431,424500.86680444697,419230.54001567845,420188.78125,53410,0.0,0.0,-0.010157959786151749
2022-04-19,423542.6029579067,426417.3265073948,420667.87940841867,421147.0,46920,0.0,0.0,0.0022804482003289106
2022-04-20,421626.125,423063.48678977275,418272.28082386364,421626.125,57692,0.0,0.0,0.0011376668954070634
2022-04-21,422105.2504648169,423542.61227116705,418751.40625,418751.40625,55971,0.0,0.0,-0.006818170363612985
2022-04-22,414439.28624260356,416355.76849112427,401503.03106508875,404856.875,116904,0.0,0.0,-0.03318085872099685
2022-04-25,397670.0715909091,402461.2772727273,395274.46875,395274.46875,85605,0.0,0.0,-0.02366862672148029
2022-04-26,395753.62395833334,406773.3979910714,395274.50334821426,402461.3125,88379,0.0,0.0,0.018181907302860623
2022-04-27,391920.6650152439,393837.1474847561,389045.94131097564,392878.90625,108179,0.0,0.0,-0.023809509019578123
2022-04-28,394795.3481818182,399107.43329545454,390962.38363636367,395274.46875,72140,0.0,0.0,0.006097457669248518
2022-04-29,396232.7574881376,404377.8081257414,393837.1543594306,403898.6875,86030,0.0,0.0,0.021818304575230707
2022-05-02,397670.08823529416,412522.8264705883,397190.96764705883,407252.5,88322,0.0,0.0,0.008303598411668611
2022-05-03,406773.41369219654,416834.9468930636,406294.2930635838,414439.34375,75191,0.0,0.0,0.017647144584747698
2022-05-04,414439.322731974,416355.8051492317,401503.06641548465,405336.03125,103064,0.0,0.0,-0.021965367519477974
2022-05-06,399586.5672554348,399586.5672554348,393357.9996603261,396711.84375,55006,0.0,0.0,-0.021276636753471467
2022-05-10,390004.1650582108,393837.12982536765,378984.3913526348,390962.40625,110344,0.0,0.0,-0.014492729648936775
2022-05-11,387129.4539951574,397190.98683414044,387129.4539951574,395753.625,68474,0.0,0.0,0.012254934677622842
2022-05-12,388087.69291091594,396232.7432559599,381859.125,381859.125,153743,0.0,0.0,-0.03510896457360313
2022-05-13,412043.7087599545,433604.1353811149,403419.5381114904,421147.0,497078,0.0,0.0,0.10288578281322991
2022-05-16,426417.3476516052,430250.3125743163,402940.4375,402940.4375,160517,0.0,0.0,-0.04323089681275183
2022-05-17,402940.4462485172,406773.4112544484,399107.481242586,403898.6875,103457,0.0,0.0,0.002378143047506942
2022-05-18,405336.04692881746,418272.3037456946,405336.04692881746,417314.0625,139569,0.0,0.0,0.03321470313022501
2022-05-19,407731.6289653667,419230.52331926656,404856.9053768917,411564.59375,117248,0.0,0.0,-0.013777318491393964
2022-05-20,413481.06940972223,431208.53125,412043.70763888885,431208.53125,147275,0.0,0.0,0.04772990145000788
2022-05-23,430729.4542239011,437916.2638049451,426896.489114011,435999.78125,103258,0.0,0.0,0.011111213375373019
2022-05-24,432166.80056497175,435520.6449152542,423063.50875706214,424021.75,72359,0.0,0.0,-0.027472562522071198
2022-05-25,427854.6697834646,431208.51377952757,418751.37893700786,425938.1875,88365,0.0,0.0,0.0045196679179781984
2022-05-26,425459.09240924096,442707.4339933994,424979.971809681,435520.625,148982,0.0,0.0,0.022497249087345628
2022-05-27,441270.07265105325,443186.55505127495,429771.17824972287,432166.78125,64043,0.0,0.0,-0.007700769050834277
2022-05-30,436478.8481702302,440311.81280838815,434083.2452713816,436957.96875,59645,0.0,0.0,0.01108643169227852
2022-05-31,439353.62572115386,439353.62572115386,432166.8161401099,435999.78125,193455,0.0,0.0,-0.0021928596536208156
2022-06-02,435999.7275904605,436957.96875,424021.7130962171,436957.96875,88186,0.0,0.0,0.0021976788549133985
2022-06-03,437916.21503058955,440311.81795745273,428812.92390850943,430729.40625,72734,0.0,0.0,-0.014254374437472683
2022-06-07,424979.9824462061,427375.58550396375,419709.65571913926,423063.5,79090,0.0,0.0,-0.017797499169468378
2022-06-08,424500.8291122004,444623.89324618736,422105.22623910673,439832.6875,129839,0.0,0.0,0.03963751895401035
2022-06-09,438395.3516044576,452768.96968984965,435999.7485902256,446061.28125,189197,0.0,0.0,0.01416127979346693
2022-06-10,441749.1519420131,447977.7191602845,436957.94638949673,437916.1875,85094,0.0,0.0,-0.018260033077013405
2022-06-13,428333.8137886598,430729.416774055,413960.1958762887,418272.28125,113403,0.0,0.0,-0.04485768466825635
2022-06-14,412043.6921838407,417793.13905152224,404856.8835992389,409168.96875,100198,0.0,0.0,-0.021764082651604122
2022-06-15,407731.5897582117,411564.5541742701,390483.2498859489,393837.09375,114187,0.0,0.0,-0.03747076677598127
2022-06-16,399586.5778522444,403898.6632247506,383775.59815305483,384254.71875,122400,0.0,0.0,-0.024330808733020737
2022-06-17,374193.19095477386,387608.56783919595,373714.0703517588,381380.0,155193,0.0,0.0,-0.007481284183969428
2022-06-20,388566.7907149562,391920.63477784727,378026.1379458698,382817.34375,98357,0.0,0.0,0.003768796869264346
2022-06-21,383296.4763061968,398149.21476306196,382817.35571081407,394316.25,113707,0.0,0.0,0.03003757911634586
2022-06-22,395274.49204264523,395753.6126390606,386171.200710754,387608.5625,104767,0.0,0.0,-0.017010933482959456
2022-06-23,388087.6814516129,413001.9523596177,387608.5608572282,401023.9375,212504,0.0,0.0,0.03461062602299969
2022-06-24,401982.1682112069,417793.1474137931,401982.1682112069,416834.90625,102099,0.0,0.0,0.039426496205104966
2022-06-27,416834.940494012,416834.940494012,400065.71875,400065.71875,126766,0.0,0.0,-0.04022980620999761
2022-06-28,400065.70812421583,400544.8287327478,380421.76317440404,381859.125,250472,0.0,0.0,-0.0455090073873019
2022-06-29,378026.1344111969,381859.09901866154,370839.32577220077,372276.6875,145881,0.0,0.0,-0.025094169217509177
2022-06-30,368922.87643061514,370360.23828683834,334905.3125,334905.3125,442923,0.0,0.0,-0.10038602000830366
2022-07-01,338738.28187500004,342571.246875,332988.83437500003,335384.4375,175587,0.0,0.0,0.0014306282466032272
2022-07-04,335863.5352609309,343050.34414668544,334905.2940761636,339696.5,123724,0.0,0.0,0.012857073906418215
2022-07-05,340175.62844827585,355028.3671551724,340175.62844827585,347362.4375,146662,0.0,0.0,0.022567019383479048
2022-07-06,345445.96875,355028.38119798887,343529.4862604022,345445.96875,152793,0.0,0.0,-0.005517202043470837
2022-07-07,348799.7932180851,361736.04928523937,348799.7932180851,360298.6875,144863,0.0,0.0,0.04299577964028556
2022-07-08,362215.17921686743,362694.2998242972,356944.8525351405,357903.09375,98436,0.0,0.0,-0.006648910565348665
2022-07-11,355507.4967331499,359340.4616574966,345925.08442228334,348320.6875,89594,0.0,0.0,-0.026773745232538948
2022-07-12,346404.18789280724,350237.1526274441,340175.62019902235,343050.34375,82614,0.0,0.0,-0.015130722748128433
2022-07-13,345445.95894440654,354070.1299027967,342571.23529160983,351195.40625,78174,0.0,0.0,0.023743053019459337
2022-07-14,346883.29863945575,357423.9513605442,345925.0574829932,352153.625,109444,0.0,0.0,0.002728448985798826
2022-07-15,353591.0142709766,357423.97919532325,345925.08442228334,348320.6875,60211,0.0,0.0,-0.010884276713039709
2022-07-18,351195.3838435374,355507.46904761903,347362.41921768704,352153.625,59598,0.0,0.0,0.01100404781441533
2022-07-19,352632.7455782313,354549.22789115645,348799.78095238097,352153.625,37041,0.0,0.0,0.0
2022-07-20,356944.83933971776,364131.6481854839,353111.8746219758,356465.71875,108095,0.0,0.0,0.012244922226769539
2022-07-21,356465.7227393617,363652.5316655585,354070.11976396275,360298.6875,105212,0.0,0.0,0.010752699483812522
2022-07-22,358861.3349648594,364610.782254016,357903.09375,357903.09375,66150,0.0,0.0,-0.006648910565348665
2022-07-25,357903.06271114864,359819.54497466213,345925.0485641892,354549.21875,83050,0.0,0.0,-0.009370902511233181
2022-07-26,352632.7631935047,355507.48680649523,350237.1601826793,354070.125,57512,0.0,0.0,-0.0013512757176256107
2022-07-27,353591.00534482754,354549.2465517241,346404.19629310345,347362.4375,70268,0.0,0.0,-0.01894451699363231
2022-07-28,352153.62975823047,355986.59443587105,347362.4239111797,349278.90625,55318,0.0,0.0,0.005517202043470837
2022-07-29,352153.6686241611,365089.92583892617,351674.5479865772,356944.875,137501,0.0,0.0,0.021947986588439994
2022-08-01,356944.81694034854,359819.5402982574,354070.0935824397,357423.9375,48674,0.0,0.0,0.0013421190036697617
2022-08-02,357423.9741643929,357423.9741643929,349758.04442360165,351195.40625,66568,0.0,0.0,-0.017426172666457185
2022-08-03,351195.3741787122,370360.19678055187,350237.13304862025,364610.75,137306,0.0,0.0,0.03819908663739824
2022-08-04,368443.72758592735,372755.8128242542,366048.1246757458,369401.96875,111758,0.0,0.0,0.013140640395270742
2022-08-05,372276.74129032256,378505.30967741937,368443.77612903225,371318.5,93431,0.0,0.0,0.00518819988016106
2022-08-08,367485.48174066923,374193.1698037323,364610.75828507077,372276.6875,50862,0.0,0.0,0.002580500298261512
2022-08-09,372276.6772982403,400065.66994083737,367485.4716702063,394795.34375,272759,0.0,0.0,0.06048903142773354
2022-08-10,391920.67709656927,395753.6421537484,376109.6962357052,377067.9375,145587,0.0,0.0,-0.044902774388407396
2022-08-11,382817.33005401236,390004.13850308646,381859.08892746916,388087.65625,129476,0.0,0.0,0.029224756745592995
2022-08-12,385212.97597402596,385692.09659090906,366527.2719155844,368922.875,314496,0.0,0.0,-0.04938260967943375
2022-08-16,363652.5179811508,364131.6385582011,352632.7447089947,362215.15625,202248,0.0,0.0,-0.018181899807649504
2022-08-17,363173.4368464052,368443.76376633986,359819.5924428105,366527.28125,107508,0.0,0.0,0.011904871802282502
2022-08-18,363173.4368464052,369881.1256535948,361256.95433006535,366527.28125,65992,0.0,0.0,0.0
2022-08-19,365569.00058411213,367006.3623164219,358861.3125,358861.3125,62056,0.0,0.0,-0.020915138223425167
2022-08-22,355028.3924496644,357903.1162751678,349758.0654362416,356944.875,63890,0.0,0.0,-0.0053403290721119046
2022-08-23,353591.0142709766,358861.34104195324,348320.6875,348320.6875,72891,0.0,0.0,-0.024161118716160335
2022-08-24,349758.02718144044,351674.5095221607,344966.8213296399,345925.0625,62121,0.0,0.0,-0.006877642029229136
2022-08-25,346404.1867367707,357423.960312076,346404.1867367707,353111.875,54576,0.0,0.0,0.02077563402911875
2022-08-26,353590.9955902306,360298.68385345995,352153.63381953863,353111.875,56871,0.0,0.0,0.0
2022-08-29,344487.6875,346404.16976703756,336821.75843184977,344487.6875,98005,0.0,0.0,-0.024423385647962093
2022-08-30,344008.5834173387,357903.08051915327,344008.5834173387,356465.71875,64585,0.0,0.0,0.034770564187435626
2022-08-31,352632.74900924705,363652.522415786,350716.26667767507,362694.28125,77287,0.0,0.0,0.01747310378636513
2022-09-01,358861.3034234085,364131.6296419098,355986.5800314987,361256.90625,80965,0.0,0.0,-0.003963048424822646
2022-09-02,361256.9205163044,366048.1263586957,350237.1470788044,352632.75,91875,0.0,0.0,-0.023872640497097808
2022-09-05,353111.86096854304,367964.5986754967,352632.740397351,361736.03125,80910,0.0,0.0,0.025815189457019994
2022-09-06,364131.6388518024,364610.75942923897,356465.7096128171,358861.3125,41138,0.0,0.0,-0.00794700693781114
2022-09-07,356465.71913161466,357903.08090230665,350237.151458616,353111.875,46861,0.0,0.0,-0.01602133554031404
2022-09-08,355986.59375,367006.3671769852,355028.35258243605,355986.59375,116331,0.0,0.0,0.008141099049699285
2022-09-13,364131.6781045752,370360.2462826797,363652.5574754902,366527.28125,74764,0.0,0.0,0.029609787798364318
2022-09-14,351674.5479865772,363173.4432885906,351674.5479865772,356944.875,72772,0.0,0.0,-0.026143773574835327
2022-09-15,359340.44267299864,361736.04562415194,351674.513229308,353111.875,50201,0.0,0.0,-0.010738352805877982
2022-09-16,350237.1470788044,356465.7146739131,347841.5441576087,352632.75,66015,0.0,0.0,-0.0013568645914272537
2022-09-19,352632.8073654391,355028.41067634564,336821.8255134561,338259.1875,102295,0.0,0.0,-0.04076071351852595
2022-09-20,343050.3349089636,348799.7818627451,340175.6114320728,342092.09375,62410,0.0,0.0,0.011331270196467402
2022-09-21,337300.88359046285,344008.5716164095,337300.88359046285,341612.96875,46591,0.0,0.0,-0.001400573146101869
2022-09-22,335384.44254322763,339696.52823306917,332030.59811779537,332509.71875,85936,0.0,0.0,-0.026647846635652672
2022-09-23,334426.1764204546,334426.1764204546,311428.38778409094,316219.59375,138112,0.0,0.0,-0.04899142515665189
2022-09-26,313344.875,321010.80466360855,311428.39258409786,313344.875,100750,0.0,0.0,-0.009090893818150647
2022-09-27,314782.2231667933,322927.273081307,307595.414418693,315261.34375,111345,0.0,0.0,0.006116164338095587
2022-09-28,310949.2724594281,317177.84032071097,305199.82520285936,309991.03125,87924,0.0,0.0,-0.0167172810891123
2022-09-29,313344.8783632287,328197.6172458894,312865.7577541106,320531.6875,98931,0.0,0.0,0.03400310069454626
2022-09-30,320531.6642882948,334426.1609465318,316698.6996929191,331551.4375,114853,0.0,0.0,0.034379596245067034
2022-10-04,334426.18644662923,343050.3574438202,330593.2215589888,341133.875,96425,0.0,0.0,0.0289018125581193
2022-10-05,342092.09469696967,344487.6976010101,328676.7184343434,332030.5625,76530,0.0,0.0,-0.026685454500817274
2022-10-06,332030.5665567047,341612.97828994296,329155.8430367332,335863.53125,50969,0.0,0.0,0.011544023902920086
2022-10-07,332509.70505014324,337780.03178724926,329634.9813753581,334426.1875,78955,0.0,0.0,-0.004279546947686064
2022-10-11,329634.9925595238,330114.11318824405,315740.4943266369,321969.0625,93937,0.0,0.0,-0.037249251002510086
2022-10-12,319573.43708271516,324364.64303597924,315261.3517247774,322927.28125,62551,0.0,0.0,0.0029761205705904903
2022-10-13,324843.760755814,326760.24312015506,309032.78125,309032.78125,93182,0.0,0.0,-0.043026714702507074
2022-10-14,315261.338766766,322448.1474012668,309511.8918591654,321489.90625,81220,0.0,0.0,0.04031004396883864
2022-10-17,315740.48685213417,316219.6074695122,310470.1600609756,314303.125,60583,0.0,0.0,-0.02235460930587152
2022-10-18,321489.9258087201,341133.870604782,321489.9258087201,340654.75,161150,0.0,0.0,0.08384143492050877
2022-10-19,340654.7490517241,353591.00534482754,337780.02543103445,347362.4375,128667,0.0,0.0,0.01969057381410355
2022-10-20,343529.4643418296,347841.54966829607,339696.4996071927,343050.34375,106377,0.0,0.0,-0.012413817052397857
2022-10-21,342092.12005208334,348799.80868055555,334905.3108072917,344966.84375,75084,0.0,0.0,0.005586643578461725
2022-10-24,353111.8614625506,360298.67004048586,351195.37917510123,355028.34375,100744,0.0,0.0,0.029166571171377997
2022-10-25,355507.5130872483,360298.71946308727,353111.90989932884,356944.875,82069,0.0,0.0,0.005398248572935138
2022-10-26,356944.8209592641,373714.04073587386,354549.21813403413,364610.75,116441,0.0,0.0,0.021476355417625825
2022-10-27,370839.33115918096,371318.451742074,361736.040084214,362694.28125,58343,0.0,0.0,-0.005256204733404046
2022-10-28,363173.4102480418,371797.5809399478,357903.08371409925,367006.375,65727,0.0,0.0,0.011889059113749045
2022-10-31,370839.3389423077,375151.4242788461,367964.6153846154,373714.0625,73188,0.0,0.0,0.018276760178893348
2022-11-01,374672.29515239946,378026.1392266537,365569.00409370946,369401.96875,56216,0.0,0.0,-0.011538484051560105
2022-11-02,369401.9760065543,388566.7996644819,368922.8554151061,383775.59375,143083,0.0,0.0,0.0389105262449958
2022-11-03,376109.65689850843,378026.1392266537,367006.36583981843,369401.96875,87626,0.0,0.0,-0.037453202428925914
2022-11-04,366527.2562577256,390483.28607849195,365089.8944684796,387608.5625,126982,0.0,0.0,0.04928667221674088
2022-11-07,387129.4286600496,394316.23736042186,382338.2228598015,386171.1875,80727,0.0,0.0,-0.0037083159121388265
2022-11-08,388087.6558707524,394795.34375,382817.32967991504,394795.34375,89818,0.0,0.0,0.02233246945695555
2022-11-09,395753.5759580292,399586.5403740876,386650.2854698905,393837.09375,83718,0.0,0.0,-0.0024272069444841726
2022-11-10,391920.6650152439,397670.1124237805,388566.82069359755,392878.90625,87163,0.0,0.0,-0.0024329539172565084
2022-11-11,422584.3971774194,456601.9620295699,413001.98454301077,445582.1875,440586,0.0,0.0,0.1341463754138621
2022-11-14,442707.41699660633,443186.5375777715,421626.11142533936,423542.59375,195858,0.0,0.0,-0.0494624658890791
2022-11-15,428333.80264238775,438874.45550383354,425459.0791347207,437437.09375,137096,0.0,0.0,0.03280543729257457
2022-11-16,439353.58453091106,449894.2375949024,434562.3785927332,441749.1875,147285,0.0,0.0,0.009857631672325562
2022-11-17,441749.19401720545,459476.65625,441749.19401720545,459476.65625,208731,0.0,0.0,0.040130167189045496
2022-11-18,454685.44945260533,457560.17305293796,430250.2988497783,432166.78125,154174,0.0,0.0,-0.05943691508266913
2022-11-21,433604.1200299564,443665.65209694987,430250.2760076253,439832.6875,100645,0.0,0.0,0.01773830516965491
2022-11-22,439832.6883361204,440790.9294871795,425938.19164576364,429771.15625,68234,0.0,0.0,-0.02287581513595438
2022-11-23,432166.7760245902,447019.5144467213,432166.7760245902,438395.34375,94327,0.0,0.0,0.020066929514886533
2022-11-24,442228.3262037541,445582.17049782374,435999.75822905335,440311.84375,56798,0.0,0.0,0.004371624898217297
2022-11-25,438395.3352649007,440790.9381898455,429771.16473509936,434083.25,67781,0.0,0.0,-0.014145869202502048
2022-11-28,430729.4059050773,437916.21467991173,428333.80298013246,434083.25,67445,0.0,0.0,0.0
2022-11-29,434083.26320132014,437916.2279977998,431687.6602035204,435520.625,43469,0.0,0.0,0.003311288790802225
2022-11-30,437437.0924216259,450852.46875,435999.7306721573,450852.46875,174713,0.0,0.0,0.03520348490958369
2022-12-01,460434.8856748383,460914.0062634698,443186.5444841056,444623.90625,64809,0.0,0.0,-0.013815079059606439
2022-12-02,445103.0130125133,455164.5450612354,440790.9278487753,449894.21875,75419,0.0,0.0,0.011853416844924691
2022-12-05,452768.9665841584,454206.3283828383,432645.9014026403,435520.625,129458,0.0,0.0,-0.0319488296380781
2022-12-06,432166.8161401099,443186.59083104396,431687.6955013737,435999.78125,72616,0.0,0.0,0.0011001918680659806
2022-12-07,440311.81691576086,440790.9375,433604.1287364131,440790.9375,63548,0.0,0.0,0.01098889599500219
2022-12-08,445103.04442730686,447019.5268575644,441270.0795667918,446540.40625,88638,0.0,0.0,0.013043527579330139
2022-12-09,449894.2054286859,456601.89326255344,444623.87927350425,448456.84375,98990,0.0,0.0,0.004291744874991288
2022-12-12,444144.7587139423,451810.68766693375,444144.7587139423,448456.84375,48577,0.0,0.0,0.0
2022-12-13,442228.3214648664,442707.44207317074,406294.2758420441,412522.84375,218522,0.0,0.0,-0.08012811154696531
2022-12-14,418272.2706953642,436478.85292494483,418272.2706953642,434083.25,171253,0.0,0.0,0.05226475715625134
2022-12-15,434083.270593318,435041.5118087558,413481.0844614055,415876.6875,92393,0.0,0.0,-0.04194255940536751
2022-12-16,412043.7307582668,420667.90186716075,407252.52458665904,420188.78125,89694,0.0,0.0,0.010368683505492138
2022-12-19,413960.2169491525,424021.75,413001.97570621467,424021.75,51797,0.0,0.0,0.009122015915316695
2022-12-20,424500.86680444697,424500.86680444697,414918.4544612315,420188.78125,48869,0.0,0.0,-0.00903955693310543
2022-12-21,425459.04027617956,425459.04027617956,413960.14729574224,416355.75,45281,0.0,0.0,-0.009122164657983767
2022-12-22,416834.9369298746,421147.02248432155,413481.0926097491,420188.78125,55490,0.0,0.0,0.009206144625119261
2022-12-23,412522.8349461583,416355.7997307916,408689.87016152503,411564.59375,47636,0.0,0.0,-0.020524554402295836
2022-12-26,412043.705150463,416834.91102430556,409648.1022135417,413960.1875,40471,0.0,0.0,0.005820699317626854
2022-12-27,418751.3933738426,422584.3580729167,407731.61986400466,413960.1875,64630,0.0,0.0,0.0
2022-12-28,414622.00432525954,427761.4340397924,406835.6756055363,421921.6875,76809,6680.0,0.0,0.019232525833175584
2022-12-29,431167.95082310267,452093.70915876114,431167.95082310267,436034.40625,173209,0.0,0.0,0.033448668717698915
2023-01-02,436521.07430475083,437007.71987253765,417055.25159327924,419975.125,69875,0.0,0.0,-0.03683030747071925
2023-01-03,421435.07310022024,443820.76982378855,413648.7438050661,441874.1875,97157,0.0,0.0,0.05214371327349454
2023-01-04,435061.15698160534,438954.3216973244,432627.92903428094,436521.09375,56073,0.0,0.0,-0.012114520153997499
2023-01-05,433114.5451589596,441874.16517341044,420948.40625,420948.40625,88752,0.0,0.0,-0.03567453606014892
2023-01-06,419001.8529497663,430194.70151869155,414622.0426401869,416568.625,93529,0.0,0.0,-0.010404555962135853
2023-01-09,418515.20337301586,431654.63417658734,418515.20337301586,429221.40625,86163,0.0,0.0,0.030373821960307357
2023-01-10,429221.40239537443,445280.70656662993,427274.8200715859,441874.1875,85202,0.0,0.0,0.029478448804648893
2023-01-11,445280.69173906953,446740.628433296,431654.61592628923,434087.84375,77363,0.0,0.0,-0.017621178087031897
2023-01-12,437980.9785634744,442360.7883491091,433114.52324610244,437007.6875,85887,0.0,0.0,0.006726389121556764
2023-01-13,444307.4101225754,455986.9039264547,443820.7645474138,451607.09375,102033,0.0,0.0,0.0334076645962893
2023-01-16,452580.3708683106,467179.7376705142,452580.3708683106,463773.21875,107220,0.0,0.0,0.02693962333269928
2023-01-17,463773.24483637343,464259.8904238198,452580.3963251073,453553.6875,58281,0.0,0.0,-0.02203562180141516
2023-01-18,456960.1898734177,467179.7468354431,455986.89873417723,461340.0,71074,0.0,0.0,0.017167344714841493
2023-01-19,454526.9490271855,464259.860141258,453067.0123600746,456473.53125,62843,0.0,0.0,-0.010548551502145953
2023-01-20,453553.6720974808,454526.9632393209,439927.5961117196,444307.40625,82189,0.0,0.0,-0.026652421590983577
2023-01-25,449660.4926470588,457446.8215240642,448200.55598262034,455013.59375,161,0.0,0.0,0.024096351646175185
2023-01-26,455013.60602441616,461339.99840764335,450147.1503450106,458420.125,184,0.0,0.0,0.007486658193934348
2023-01-27,458420.1273659306,465719.8109227129,457933.48179547844,462799.9375,182,0.0,0.0,0.009554145337751008
2023-01-30,460366.7096477392,466693.10206361726,448200.5703864353,462799.9375,168,0.0,0.0,0.0
2023-01-31,449660.5167951542,459393.42841409694,441874.1875,441874.1875,310,0.0,0.0,-0.04521554197487332
2023-02-01,441874.1791757642,449660.5083242358,439440.9513168668,445767.34375,425,0.0,0.0,0.00881055368277206
2023-02-02,452093.73023847805,456960.1858922829,450147.14797695604,454040.3125,101,0.0,0.0,0.018558938571865635
2023-02-03,453553.6685303515,460853.3520367412,449660.50399361027,456960.1875,156,0.0,0.0,0.006430871708115182
2023-02-06,458420.1092226436,462313.2736321777,448687.19819880824,449173.84375,150,0.0,0.0,-0.017039435738589348
2023-02-07,447713.8964208243,455500.22505422996,443334.08656453365,448687.1875,319,0.0,0.0,-0.0010834474374934455
2023-02-08,456473.5510572805,465233.17144004285,454040.3231731799,454526.96875,349,0.0,0.0,0.013015261885542584
2023-02-09,462313.2873603352,462799.9329259776,429708.03446229047,435547.78125,2056,0.0,0.0,-0.04175591066069173
2023-02-10,433114.5534217877,433114.5534217877,414622.0219273743,435547.78125,1258,0.0,0.0,0.0
2023-02-13,415595.3338200934,419001.8529497663,408782.2955607476,416568.625,1467,0.0,0.0,-0.04357537121537114
2023-02-14,418028.5160883749,419001.80716192175,408295.6053529063,410242.1875,1326,0.0,0.0,-0.015187023506631148
2023-02-15,407808.984508547,407808.984508547,397589.4276175214,398562.71875,1420,0.0,0.0,-0.02846969206451977
2023-02-16,401969.2294437727,407808.9761185006,400022.64721886336,402455.875,1152,0.0,0.0,0.00976798899357667
2023-02-17,398076.06499395403,408295.62167472794,393209.60943168076,402455.875,659,0.0,0.0,0.0
2023-02-20,404402.4478806228,424354.9152249135,400509.28352076124,421921.6875,451,0.0,0.0,0.04836756948820797
2023-02-21,421921.714255618,435061.1448033708,421921.714255618,433114.5625,662,0.0,0.0,0.026528323458129943
2023-02-22,427761.44818892045,430681.3215553977,423868.2837002841,428248.09375,1045,0.0,0.0,-0.011235985051876396
2023-02-23,441874.1867403315,452093.7439226519,439927.6044198895,440414.25,464,0.0,0.0,0.028409131126459375
2023-02-24,438954.2952537058,439440.94081385405,425328.2195695553,426788.15625,369,0.0,0.0,-0.030939266270335275
2023-02-27,422408.3420823666,425328.21541473316,417055.24097302783,419488.46875,69326,0.0,0.0,-0.017103772429251873
2023-02-28,420461.77215189877,431167.9746835443,419488.4810126582,422895.0,97752,0.0,0.0,0.008120679121766727
2023-03-02,422894.98847543355,424354.9251445087,412675.4317919075,420948.40625,113539,0.0,0.0,-0.00460301907092775
2023-03-03,424841.575739645,428248.0946745562,411215.5,411215.5,97813,0.0,0.0,-0.023121375697095936
2023-03-06,417055.253164557,432141.2658227848,416568.60759493674,422895.0,151453,0.0,0.0,0.028402382692286565
2023-03-07,419975.1294270833,419975.1294270833,407808.9901041667,408782.28125,136350,0.0,0.0,-0.03337168505184507
2023-03-08,404889.10109622416,408782.26552984165,399049.3544457978,399536.0,124863,0.0,0.0,-0.022619085205273892
2023-03-09,402942.5263888889,406835.69089506177,393209.6151234568,394182.90625,123220,0.0,0.0,-0.013398276375595652
2023-03-10,385423.28125,388343.15459280304,380556.82567866164,385423.28125,107496,0.0,0.0,-0.0222222345543428
2023-03-13,388829.81092370744,389316.45649432536,380070.1906525851,385909.9375,89461,0.0,0.0,0.0012626540058029434
2023-03-14,380556.8322622108,387369.8701799486,377150.3133033419,378610.25,100594,0.0,0.0,-0.018915520930320673
2023-03-15,382990.0338370565,384449.97043363994,367417.3768068331,370337.25,130406,0.0,0.0,-0.021850966792367643
2023-03-16,364497.5197147651,366930.74748322146,356711.1908557047,362550.9375,160198,0.0,0.0,-0.021024923903820047
2023-03-17,367417.4093464798,373257.15625,363524.244744133,373257.15625,121667,0.0,0.0,0.029530247042872437
2023-03-20,372770.4858067729,381043.4600348606,365957.44820717134,366444.09375,114836,0.0,0.0,-0.018252999000605175
2023-03-21,374230.4558629776,380070.2028985507,368390.7088274045,369364.0,106709,0.0,0.0,0.007968217525678112
2023-03-22,375203.7204391892,380070.1759572072,373257.13823198195,378123.59375,100697,0.0,0.0,0.023715342453514587
2023-03-23,372770.49835526315,374717.0805921053,368877.33388157893,369850.625,82408,0.0,0.0,-0.02187900698804257
2023-03-24,371310.58159722225,371797.2271825397,362064.3154761905,367904.0625,89631,0.0,0.0,-0.005263104530376261
2023-03-27,368877.35063844087,370337.2873823925,361577.6669186828,362064.3125,70585,0.0,0.0,-0.01587302396259893
2023-03-28,362550.9375,364010.8741610738,357684.4819630872,362550.9375,91557,0.0,0.0,0.0013440291771369406
2023-03-29,362064.2911051213,364984.16442048515,355737.8989218329,361091.0,102447,0.0,0.0,-0.004026847951537849
2023-03-30,361091.0106830417,365957.4663526245,360117.7195491252,361577.65625,72852,0.0,0.0,0.0013477385202067538
2023-03-31,363524.2385178331,364010.8840847914,356224.55501345894,361577.65625,94059,0.0,0.0,0.0
2023-04-03,364497.5080549933,367417.3812837382,360117.69821187586,360604.34375,58662,0.0,0.0,-0.0026918491316483273
2023-04-04,361577.67347600515,375690.39559014264,361577.67347600515,375203.75,110313,0.0,0.0,0.04048594117912652
2023-04-05,374230.4250738189,377636.9438976378,370823.90625,370823.90625,83629,0.0,0.0,-0.011673240872459245
2023-04-06,367904.0419418758,374717.0797556143,366930.7508256275,368390.6875,84115,0.0,0.0,-0.006561655570176739
2023-04-07,368390.7253378378,371797.2445945946,360117.75,360117.75,112951,0.0,0.0,-0.02245696696662558
2023-04-10,360604.36511608347,366930.75748654106,359144.42841520865,361577.65625,66521,0.0,0.0,0.004053969153145154
2023-04-11,360117.6865671642,362550.9141791045,353304.64925373136,358657.75,104639,0.0,0.0,-0.008075460968144377
2023-04-12,358657.77223719674,361577.6455525606,353791.3167115903,361091.0,92738,0.0,0.0,0.006784322937396503
2023-04-13,357197.8170894526,367417.37316421897,357197.8170894526,364497.5,96608,0.0,0.0,0.009433910011603652
2023-04-14,366930.75164473685,371310.5616776316,363037.58717105264,369850.625,114690,0.0,0.0,0.014686314720951499
2023-04-17,370337.3004393236,370823.9460377984,360117.74287135276,366930.78125,96352,0.0,0.0,-0.007894656795564448
2023-04-18,372770.5284316976,377636.9844164456,361091.03406830237,366930.78125,135340,0.0,0.0,0.0
2023-04-19,365470.84303977276,368390.7166193182,362550.9694602273,364010.90625,75985,0.0,0.0,-0.007957563522070998
2023-04-20,364497.52965174965,369850.6308882907,359144.42841520865,361577.65625,77805,0.0,0.0,-0.006684552463186
2023-04-21,359631.0715684605,361091.0082595368,356224.5526226158,357197.84375,71258,0.0,0.0,-0.012113061812015657
2023-04-24,355737.89468707016,360117.704607978,352818.0214064649,353791.3125,41960,0.0,0.0,-0.009536819187475842
2023-04-25,352331.40326544945,356224.5679424157,346005.0106653792,346491.65625,61714,0.0,0.0,-0.0206326610973524
2023-04-26,343571.7482142857,362064.27857142856,343085.1026785714,357684.46875,94701,0.0,0.0,0.032303267042956385
2023-04-27,355251.2698002755,357684.49767561984,351358.1051997245,353304.6875,48629,0.0,0.0,-0.012244818080320963
2023-04-28,353791.35009118036,371310.5916362732,352331.413295756,366930.78125,113844,0.0,0.0,0.038567543064369936
2023-05-02,364497.5381362758,379583.55106314435,362064.31024484534,377636.96875,121504,0.0,0.0,0.02917767613697575
2023-05-03,373743.8063694268,387369.8826433121,373257.16078821657,382016.78125,103050,0.0,0.0,0.011597944222721202
2023-05-04,375690.37580645166,383476.7048387097,368877.33790322585,377150.3125,119381,0.0,0.0,-0.012738887370540075
2023-05-08,377636.97250316053,389316.46649810363,374230.45342130214,384936.65625,124323,0.0,0.0,0.02064520031386685
2023-05-09,383476.6875,387369.85184010153,376663.64990482235,383476.6875,101013,0.0,0.0,-0.0037927506416842727
2023-05-10,393696.25052487076,393696.25052487076,366930.7452357881,376663.65625,248005,0.0,0.0,-0.017766480915479388
2023-05-11,373257.13968120806,377636.9496644295,362550.9375,362550.9375,138162,0.0,0.0,-0.0374676943629334
2023-05-12,365957.4808959157,371797.22793148883,362550.96179183136,369364.0,97359,0.0,0.0,0.01879201457036639
2023-05-15,362550.93321917806,365957.4520547945,354764.6044520548,355251.25,112687,0.0,0.0,-0.03820824444179727
2023-05-16,358657.7804410763,363037.59051430516,355737.90705892374,357197.84375,65232,0.0,0.0,0.005479484590131589
2023-05-17,355251.2508526603,359144.41524556617,352331.3775579809,356711.1875,62731,0.0,0.0,-0.001362427737219507
2023-05-18,357684.4811320755,361091.0,354277.96226415096,361091.0,69131,0.0,0.0,0.01227831549297842
2023-05-19,361091.02283333335,367417.41541666666,361091.02283333335,364984.1875,70622,0.0,0.0,0.010781735075091836
2023-05-22,369850.6394974227,382503.4245328608,368390.7027625644,377636.96875,131707,0.0,0.0,0.03466665593560814
2023-05-23,374230.42933558556,379583.5304054054,371797.20157657657,378123.59375,69855,0.0,0.0,0.0012886053015697119
2023-05-24,375203.7377699607,375203.7377699607,367417.40858147905,371797.21875,96886,0.0,0.0,-0.01673097131352963
2023-05-25,352331.38320530724,364984.1676850559,347464.9276361732,348438.21875,278650,0.0,0.0,-0.06282725857534399
2023-05-26,347464.93543853075,349411.5177098951,322646.0114786357,324592.59375,464475,0.0,0.0,-0.06843573327158159
2023-05-30,325079.2123261206,326052.5033809892,311939.7830853941,314859.65625,408771,0.0,0.0,-0.02998508803776423
2023-05-31,308533.3040303738,315346.3422897196,304640.1393107477,312426.46875,647107,0.0,0.0,-0.007727847794091636
2023-06-01,314373.0511098131,317779.57023948594,311453.1775700934,312426.46875,177303,0.0,0.0,0.0
2023-06-02,313886.3732394366,316806.24647887325,310479.8544600939,310966.5,160514,0.0,0.0,-0.004672999556795676
2023-06-05,312913.09291992185,313399.7384765625,309506.5740234375,311453.15625,104551,0.0,0.0,0.0015649796682279948
2023-06-07,312426.4657738095,314859.6937003968,306586.71875,306586.71875,199238,0.0,0.0,-0.015624941993182984
2023-06-08,307560.01848874596,308046.66408762056,301233.6257033762,302693.5625,247450,0.0,0.0,-0.012698385193830264
2023-06-09,305126.78199404763,309993.23784722225,303180.1996527778,306586.71875,183416,0.0,0.0,0.012861708117760218
2023-06-12,306586.7157160194,309506.58919902914,299773.67758899677,300746.96875,167559,0.0,0.0,-0.019047628755118784
2023-06-13,303666.8232,309019.92425,302693.5321,304153.46875,141397,0.0,0.0,0.011326797454213722
2023-06-14,304640.1117086039,305126.75725446426,298313.71961241885,299773.65625,140976,0.0,0.0,-0.014400008383925411
2023-06-15,300746.96875,303666.8422330097,297827.0952669903,300746.96875,130445,0.0,0.0,0.0032468246615648955
2023-06-16,300746.9866735537,301720.277892562,293933.94814049586,294420.59375,219560,0.0,0.0,-0.021035540362366545
2023-06-19,293447.260709851,296853.77949089406,291987.32408940396,293933.90625,93767,0.0,0.0,-0.0016530348431171848
2023-06-20,291014.04679902754,303180.1858792544,291014.04679902754,300260.3125,142168,0.0,0.0,0.021523227213600782
2023-06-21,300746.9968905473,305126.8075248756,292960.66687396355,293447.3125,122923,0.0,0.0,-0.022690311427688292
2023-06-22,292960.6364480198,298800.3833539604,292960.6364480198,294907.21875,74379,0.0,0.0,0.0049750200046558835
2023-06-23,295393.8950041459,296367.18625621893,290040.7931177446,293447.3125,103810,0.0,0.0,-0.004950391706883273
2023-06-26,292960.6035416667,295880.4766666667,290527.3759375,291987.3125,82576,0.0,0.0,-0.004975339482790497
2023-06-27,291014.0731427379,294907.2380008347,289067.4907136895,291500.71875,78729,0.0,0.0,-0.001666489361588308
2023-06-28,292960.6341080402,293447.2796796482,287607.5328203518,290527.40625,74233,0.0,0.0,-0.0033389711839261205
2023-06-29,290527.42477640545,292960.65278960817,285660.96875,285660.96875,78211,0.0,0.0,-0.01675035606042763
2023-06-30,285660.9383474576,287607.52055084746,278847.9006355932,287120.875,105372,0.0,0.0,0.005110625565642568
2023-07-03,287120.89705882355,293933.93529411766,287120.89705882355,289554.125,99389,0.0,0.0,0.008474653749923178
2023-07-04,290040.7266156463,291987.3086734694,284687.62595663266,286147.5625,83120,0.0,0.0,-0.011764855707028898
2023-07-05,286147.5625,293447.24521683675,285174.2714710884,286147.5625,87384,0.0,0.0,0.0
2023-07-06,283714.3835326087,287120.9027173913,277874.6363586956,279821.21875,152808,0.0,0.0,-0.0221086760087289
2023-07-07,276901.33072450804,278847.9130143113,271548.22942754923,272034.875,152637,0.0,0.0,-0.02782613764882691
2023-07-10,272034.8446952847,279821.1729870996,271061.5536588078,273494.78125,109740,0.0,0.0,0.005366614298993877
2023-07-11,274954.7515323993,279334.56173380034,273981.4603765324,277874.625,101099,0.0,0.0,0.016014359506174358
2023-07-12,279334.5410839161,279821.18662587414,272034.85795454547,278361.25,116417,0.0,0.0,0.0017512394303726975
2023-07-13,280794.50150085764,288094.18524871353,280794.50150085764,283714.375,150106,0.0,0.0,0.01923085558783777
2023-07-14,283714.37648556876,286634.25,281767.7941426146,286634.25,78443,0.0,0.0,0.010291600487285946
2023-07-17,283714.3643148625,285660.9465743127,279334.55423109967,283227.71875,75297,0.0,0.0,-0.011884592472811595
2023-07-18,283227.7045254833,283714.35006590514,275441.37587873463,276901.3125,114562,0.0,0.0,-0.022336818860530405
2023-07-19,277387.9907608696,283227.73793478264,275928.0539673913,279821.21875,96925,0.0,0.0,0.01054493466873696
2023-07-20,278847.9054276316,285174.2976973684,277387.96875,277387.96875,91807,0.0,0.0,-0.008695730834386572
2023-07-21,274954.74095394736,278361.25986842107,272521.5131578947,277387.96875,67646,0.0,0.0,0.0
2023-07-24,277387.995923913,277387.995923913,268141.7293931159,268628.375,109381,0.0,0.0,-0.03157885249844672
2023-07-25,268628.3613172542,269601.65248144715,261815.32316790352,262301.96875,112665,0.0,0.0,-0.023550774373704897
2023-07-26,260842.0273512476,261328.6729246641,248189.2424424184,253542.34375,227144,0.0,0.0,-0.0333951934929958
2023-07-27,252082.39261049722,266195.1134323204,252082.39261049722,264248.53125,178301,0.0,0.0,0.04222642790806019
2023-07-28,260842.04395604396,267655.0824175824,259868.75274725276,265708.5,105838,0.0,0.0,0.005524983405182038
2023-07-31,267168.417721519,271548.2278481013,264248.5443037975,269115.0,152195,0.0,0.0,0.012820440445074244
2023-08-01,266681.73448581557,274954.7080008865,265708.44348404254,274468.0625,99581,0.0,0.0,0.019891356854876197
2023-08-02,272034.8742131295,273494.810926259,268628.35521582735,270574.9375,64742,0.0,0.0,-0.014184255044245808
2023-08-03,269115.0091811131,271548.23711222626,264735.1989051095,266681.78125,107472,0.0,0.0,-0.014388458465411258
2023-08-04,267168.4275748639,272034.8834505445,266195.1363997278,268141.71875,68528,0.0,0.0,0.005474455334582462
2023-08-07,265708.4936722913,277387.98789964477,263275.2657082593,273981.46875,115923,0.0,0.0,0.021778595390613775
2023-08-08,275441.3723070018,277387.95444344706,269114.9803635548,271061.5625,75996,0.0,0.0,-0.01065731293186234
2023-08-09,267168.4317857143,270088.3053571429,254029.00071428574,255488.9375,350159,0.0,0.0,-0.057450509974094954
2023-08-10,253055.7038718929,258895.4508843212,245756.02010635755,254515.640625,270810,0.0,0.0,-0.003809546059112656
2023-08-11,254515.63644449716,260355.3833610057,252082.4085626186,256462.21875,203724,0.0,0.0,0.0076481670054535655
2023-08-14,255488.9375,258895.45666666667,253055.70952380952,255488.9375,71712,0.0,0.0,-0.0037950278007566896
2023-08-16,252569.0402480545,255002.26799610895,249649.1669503891,250135.8125,109513,0.0,0.0,-0.020952472746496142
2023-08-17,247702.57722949606,249162.5138339921,244782.70402050397,246242.640625,114909,0.0,0.0,-0.01556423223084058
2023-08-18,240889.5534375,253055.6925,236023.0978125,243322.78125,231155,0.0,0.0,-0.011857651329554297
2023-08-21,241862.84292763157,254515.62746710528,239916.26069078947,249649.171875,139953,0.0,0.0,0.025999993064767857
2023-08-22,249649.171875,255002.2730263158,248189.23519736843,249649.171875,85116,0.0,0.0,0.0
2023-08-23,246242.66310975607,247215.95426829267,238456.3338414634,239429.625,199794,0.0,0.0,-0.04093563298546388
2023-08-24,240889.5598700495,248675.8890779703,239916.26871905942,245756.015625,137803,0.0,0.0,0.0264227562691961
2023-08-25,241376.19736842107,245269.36184210528,238942.96957236843,240402.90625,117381,0.0,0.0,-0.021782210951728387
2023-08-28,243322.77715773808,247215.9415922619,242836.1316034226,245269.359375,54222,0.0,0.0,0.020242904717379995
2023-08-29,245756.00086122047,250135.81077755906,245756.00086122047,247215.9375,60099,0.0,0.0,0.007936491251741895
2023-08-30,249162.5254901961,252082.39883578432,247702.58881740196,248189.234375,60798,0.0,0.0,0.003937031264418467
2023-08-31,247215.94657057652,248675.88326292246,243809.42762176937,244782.71875,102604,0.0,0.0,-0.01372547698766391
2023-09-01,243322.7779832347,250135.81576676527,242836.13242726823,246729.296875,65286,0.0,0.0,0.00795226940423066
2023-09-04,246242.64640748032,247702.58304625985,243322.77312992126,247215.9375,50214,0.0,0.0,0.0019723666024409336
2023-09-05,245755.99912848606,248189.2268426295,244296.0625,244296.0625,44914,0.0,0.0,-0.01181103058940125
2023-09-06,244296.07155432596,244782.71711519116,240402.90706740445,241862.84375,72261,0.0,0.0,-0.009960122668780214
2023-09-07,240402.9013257576,243809.42017045454,239429.61022727273,240889.546875,57226,0.0,0.0,-0.004024168656538429
2023-09-08,240889.54514953986,241376.1906952965,234563.15305470346,237969.671875,112150,0.0,0.0,-0.012121219197257838
2023-09-11,238456.3289173428,241862.84790187626,236996.39220968558,239916.265625,56910,0.0,0.0,0.008180007707127013
2023-09-12,240889.546875,244296.06571969698,239916.25577651517,240889.546875,84411,0.0,0.0,0.004056753915640199
2023-09-13,240402.8937371663,241376.18480492814,235049.7928644764,236996.375,73013,0.0,0.0,-0.01616164721759472
2023-09-14,236996.38413797406,246729.2951908683,236509.73858532935,243809.421875,153905,0.0,0.0,0.028747472930756857
2023-09-15,243322.78774752474,246242.66120049506,242836.1421720297,245756.015625,92141,0.0,0.0,0.007984079265804578
2023-09-18,245269.3635,248189.236875,243322.78125,243322.78125,57503,0.0,0.0,-0.009901016537934404
2023-09-19,243322.79116465864,244782.7279116466,240402.9176706827,242349.5,53855,0.0,0.0,-0.00399995941604836
2023-09-20,240889.55755418347,243809.43097908265,240889.55755418347,241376.203125,49957,0.0,0.0,-0.004016087819450842
2023-09-21,239916.27097647992,240402.91655655392,230183.359375,230183.359375,103291,0.0,0.0,-0.046370949601040934
2023-09-22,227263.46698752712,227750.11252711498,220450.4294332972,224343.59375,86931,0.0,0.0,-0.025370059942023127
2023-09-25,221910.38073144105,228723.41873635372,220937.0895878821,222883.671875,78742,0.0,0.0,-0.006507526471323577
2023-09-26,220937.07140868597,223856.94459910915,218017.1982182628,218503.84375,90464,0.0,0.0,-0.019650735687163023
2023-09-27,214124.0533707865,220937.09143258428,214124.0533707865,216557.28125,113396,0.0,0.0,-0.008908596144547198
2023-10-04,212664.12205882353,214124.05882352943,206824.375,206824.375,176499,0.0,0.0,-0.044943795903883976
2023-10-05,208770.9523547535,212177.47139084505,206824.3700484155,207311.015625,64349,0.0,0.0,0.002352917179128333
2023-10-06,207311.02132009345,211204.1860397196,206824.37573014016,208284.3125,46991,0.0,0.0,0.004694863280977568
2023-10-10,212177.46381578947,218990.50164473685,211204.17269736843,212664.109375,108595,0.0,0.0,0.021027972882019075
2023-10-11,216070.61785714285,225316.88303571427,216070.61785714285,221423.71875,103510,0.0,0.0,0.041189881079340074
2023-10-12,223370.30672182713,225803.53446389496,221423.72452817287,222397.015625,93314,0.0,0.0,0.004395630605856127
2023-10-13,219477.140625,224343.5960712306,218017.2039911308,219477.140625,51627,0.0,0.0,-0.013129110531426402
2023-10-16,217530.55758231026,218990.49421037946,215583.97541155134,218017.203125,56386,0.0,0.0,-0.006651888647002502
2023-10-17,220937.0911233836,228723.4203259698,219963.79997306035,225803.546875,93703,0.0,0.0,0.03571435482334717
2023-10-18,226290.17151767152,239916.24636174637,226290.17151767152,234076.5,221926,0.0,0.0,0.036637835142508735
2023-10-19,232129.93670886077,237483.03797468354,229696.7088607595,230670.0,148123,0.0,0.0,-0.014552934617528934
2023-10-20,228236.7622059628,230669.98994803062,220450.43343134574,222397.015625,96175,0.0,0.0,-0.035865020917327795
2023-10-23,222397.01888888888,223370.31,218017.20888888888,218990.5,63444,0.0,0.0,-0.015317272200918275
2023-10-24,220937.0846949891,224343.60362200436,214610.69240196078,223370.3125,75146,0.0,0.0,0.02000001141602037
2023-10-25,221910.37007658643,225803.53446389496,220450.43343134574,222397.015625,48393,0.0,0.0,-0.004357324230362947
2023-10-26,218990.5041339686,220937.08639293723,215583.98518077354,217043.921875,72976,0.0,0.0,-0.02406998913612335
2023-10-27,218990.49281453362,227263.46698752712,218017.20173535793,224343.59375,96767,0.0,0.0,0.03363223356793199
2023-10-30,221910.38641304348,226776.8422554348,221910.38641304348,223856.96875,48043,0.0,0.0,-0.0021691058428094934
2023-10-31,225803.5419354839,228723.41532258067,223370.31411290323,226290.1875,75383,0.0,0.0,0.010869524248393603
2023-11-01,230183.35861037235,230670.0041888298,224830.25724734043,228723.421875,78550,0.0,0.0,0.010752717127869182
2023-11-02,233103.23362001052,234076.52478335085,217043.92942489497,231643.296875,171531,0.0,0.0,0.01276596413285458
2023-11-03,234563.17027321082,256948.8670212766,234563.17027321082,251595.765625,358427,0.0,0.0,0.0861344533563897
2023-11-06,252082.40625,252082.40625,241376.20366795367,252082.40625,209898,0.0,0.0,0.0019342162766178284
2023-11-07,248675.88075657896,251109.10855263157,243322.77960526317,249649.171875,136705,0.0,0.0,-0.009652535498994141
2023-11-08,253055.7038718929,263761.90672801144,249649.18478130974,254515.640625,269757,0.0,0.0,0.019493230093455605
2023-11-09,250622.47740430056,265708.4906072779,246242.66711956522,257435.515625,233943,0.0,0.0,0.011472281203739776
2023-11-10,253542.3388110632,258408.79445043104,251109.1109913793,254028.984375,76658,0.0,0.0,-0.013232561333775705
2023-11-13,254028.97848053894,256948.8517964072,242349.48521706587,243809.421875,113109,0.0,0.0,-0.04022990732787324
2023-11-14,246729.3026154224,250622.4671537328,246242.6570481336,247702.59375,81029,0.0,0.0,0.01596809444466829
2023-11-15,253055.68579766538,255975.55909533074,248675.87585116734,250135.8125,79388,0.0,0.0,0.009823146028320462
2023-11-16,250135.81995526838,250622.4655193837,243322.78205765405,244782.71875,88994,0.0,0.0,-0.021400749043082312
2023-11-17,245756.0056992828,245756.0056992828,236023.0945824795,237483.03125,96518,0.0,0.0,-0.029821090056015187
2023-11-20,240402.90464743588,249162.52465483235,237969.67686760353,246729.296875,99205,0.0,0.0,0.03893442649915646
2023-11-21,246729.30340576172,251109.11352539062,246242.65783691406,249162.53125,74402,0.0,0.0,0.009861959669235087
2023-11-22,247215.92798165136,266681.7490825688,244296.05481651376,265221.8125,217646,0.0,0.0,0.06445303460931195
2023-11-23,262788.5978311567,264735.18003731343,255975.5601096082,260842.015625,187354,0.0,0.0,-0.016513712932265
2023-11-24,262788.6143320965,265221.84224257886,258408.80409322822,262301.96875,109818,0.0,0.0,0.0055970780685075106
2023-11-27,265708.48858394835,275441.40025369,260355.3871655904,263761.90625,257641,0.0,0.0,0.005565865582165985
2023-11-28,266195.13107311324,266195.13107311324,257435.51067216982,257922.15625,140019,0.0,0.0,-0.022140232769113144
2023-11-29,259868.73778462998,261815.32009013285,255975.5731736243,256462.21875,119490,0.0,0.0,-0.005660380330353987
2023-11-30,255975.57239980917,261328.67372375954,254028.99010019083,255002.28125,172629,0.0,0.0,-0.005692602626288346
2023-12-01,255002.2515569395,274954.7178047153,254028.96052046263,273494.78125,270408,0.0,0.0,0.07251895908284145
2023-12-04,274954.7178047153,278847.8819506228,270574.9081405694,273494.78125,185000,0.0,0.0,0.0
2023-12-05,273494.79996501864,275928.0277227145,259868.72452192163,260842.015625,200065,0.0,0.0,-0.04626327993232959
2023-12-06,262301.9664504717,264248.5487617925,257435.51067216982,257922.15625,141942,0.0,0.0,-0.01119397643053699
2023-12-07,260355.38763742827,260355.38763742827,246242.66569072657,254515.640625,195154,0.0,0.0,-0.013207533910728153
2023-12-08,229210.06407232705,237483.0387840671,218503.86150419287,232129.9375,792455,0.0,0.0,-0.08795413543163266
2023-12-11,234563.15625,240889.5484310166,230669.99183091288,234563.15625,283408,0.0,0.0,0.010482141063773875
2023-12-12,227750.13342391307,229210.07017663046,222397.0319972826,223856.96875,294128,0.0,0.0,-0.045643091059830554
2023-12-13,223856.94459910915,224830.23566258352,218503.84375,218503.84375,226925,0.0,0.0,-0.02391314878375883
2023-12-14,220937.0789797593,226290.18001230853,219963.78788293217,222397.015625,253986,0.0,0.0,0.017817406816213133
2023-12-15,222883.66286447085,225316.890625,220450.43510394168,225316.890625,123829,0.0,0.0,0.013129110531426402
2023-12-18,224343.6060363248,229696.70726495728,223856.96047008547,227750.125,97661,0.0,0.0,0.010799165425417145
2023-12-19,228236.7592844203,238456.31567028986,226290.17711568324,235049.796875,181987,0.0,0.0,0.032051231036645866
2023-12-20,236023.1020702306,237483.0387840671,230670.00078616352,232129.9375,152948,0.0,0.0,-0.012422301205190056
2023-12-21,228723.41927083334,236996.39401041667,228723.41927083334,233589.875,108308,0.0,0.0,0.006289311562839739
2023-12-22,234076.5290651483,236996.4026085805,227263.49079713982,229696.71875,136172,0.0,0.0,-0.01666663099160437
2023-12-26,233589.86024844722,236509.7335015528,231156.6325375259,235049.796875,129257,0.0,0.0,0.02330498299728112
2023-12-27,235671.02936981327,239122.27875389004,232219.77998573653,237643.171875,82326,3130.0,0.0,0.011033300323927353
2023-12-28,239122.28316658005,240108.35443737006,234191.92681262994,237150.140625,83855,0.0,0.0,-0.0020746703812695166
2024-01-02,233698.8955078125,237643.1806640625,231726.7529296875,236657.109375,94013,0.0,0.0,-0.002078983586940475
2024-01-03,233698.90557065216,237643.19089673914,226303.37058423914,226796.40625,168566,0.0,0.0,-0.041666625401796
2024-01-04,224824.2524509804,227289.43065767974,222359.07424428104,226303.359375,101358,0.0,0.0,-0.0021739624677143965
2024-01-05,225317.285077951,227782.4632516704,220879.96436525614,221373.0,113089,0.0,0.0,-0.021786505461591776
2024-01-08,218414.79201229976,222359.07719536612,215456.578125,215456.578125,126718,0.0,0.0,-0.026726031968668296
2024-01-09,218414.77507672991,221866.02434430804,217921.7394670759,220879.953125,74711,0.0,0.0,0.02517154522362075
2024-01-10,219893.88812076751,222359.06623871333,217428.71000282167,218414.78125,62201,0.0,0.0,-0.011160686337183812
2024-01-11,219400.85499579596,222852.10440022423,218907.81936659192,219893.890625,132159,0.0,0.0,0.006772020494835385
2024-01-12,217921.74750854215,217921.74750854215,212498.35560222095,216442.640625,108864,0.0,0.0,-0.01569506997302461
2024-01-15,213484.42625144674,216442.6400101273,213484.42625144674,212991.390625,10786,0.0,0.0,-0.015945333091641145
2024-01-16,211512.28896791767,212991.39588377724,203130.68311138015,203623.71875,165795,0.0,0.0,-0.04398145787729535
2024-01-17,202637.65487797002,203623.72619124482,190903.40625,190903.40625,279901,0.0,0.0,-0.06246969939497782
2024-01-18,190410.37026664047,191889.4772340147,187254.94206957548,188142.40625,141490,0.0,0.0,-0.014462811608422999
2024-01-19,189029.8705937825,195242.11986212278,188241.01354383456,189522.90625,155860,0.0,0.0,0.00733752707598323
2024-01-22,190706.17987845375,191495.03687898512,185578.609375,185578.609375,133007,0.0,0.0,-0.020811715866139502
2024-01-23,185480.00778051434,193565.7922770599,185381.40065250767,192678.328125,106582,0.0,0.0,0.03825720417838441
2024-01-24,191889.4772340147,191988.08436517295,187550.76346305033,188142.40625,96031,0.0,0.0,-0.023541422219821806
2024-01-25,188536.82833592937,190607.57801953529,185874.43588557892,189917.328125,99314,0.0,0.0,0.009433927791066443
2024-01-26,189424.30372807017,193565.80334107328,187846.58958978328,191100.625,87918,0.0,0.0,0.006230589313162449
2024-01-29,191593.64076121795,195636.53282051283,191593.64076121795,192283.890625,97838,0.0,0.0,0.0061918459188712305
2024-01-30,194946.2925857843,202144.6129493464,192481.11437908496,196129.578125,134829,0.0,0.0,0.020000050381235646
2024-01-31,196129.57576665826,197017.0399103988,192678.3263187784,195340.71875,85418,0.0,0.0,-0.0040221336452231915
2024-02-01,192481.1253761284,198200.33914242728,192382.51824222668,196622.625,83423,0.0,0.0,0.006562411862734097
2024-02-02,196819.83311887254,204609.79645373774,196819.83311887254,201158.546875,88434,0.0,0.0,0.023069175660735963
2024-02-05,201158.53623188406,206581.9281400966,199186.39371980674,204116.75,115475,0.0,0.0,0.014705828665774856
2024-02-06,203623.71683902878,209540.14444694246,202144.60993705035,205595.859375,116353,0.0,0.0,0.007246389015110211
2024-02-07,207568.00924295775,211512.29445422534,205595.86663732392,210033.1875,99976,0.0,0.0,0.021582769898621734
2024-02-08,205595.86327169926,207568.0058450489,199679.43555165036,201651.578125,157680,0.0,0.0,-0.039906119003217055
2024-02-13,202144.61775249377,203623.72471165835,196326.7970464464,197707.296875,121209,0.0,0.0,-0.019559882876567514
2024-02-14,196819.822705314,207074.96376811594,196030.9657004831,204116.75,133172,0.0,0.0,0.032418900193918354
2024-02-15,206088.8950089928,208554.07317895684,204116.7524730216,205595.859375,62262,0.0,0.0,0.007246389015110211
2024-02-16,207074.9735915493,213484.43705985913,204116.7596830986,210033.1875,95282,0.0,0.0,0.021582769898621734
2024-02-19,211512.29445422534,212005.3301056338,208061.04489436618,210033.1875,55087,0.0,0.0,0.0
2024-02-20,210033.16856971153,210033.16856971153,204609.77689302884,205102.8125,56978,0.0,0.0,-0.023474266418015532
2024-02-21,204609.78810701438,207074.9662769784,203623.71683902878,205595.859375,68893,0.0,0.0,0.002403901092287608
2024-02-22,206088.90341605392,207074.9747242647,200665.5112208946,201158.546875,90481,0.0,0.0,-0.02158269390000933
2024-02-23,202637.64500762196,202637.64500762196,199186.39557926828,202144.609375,60411,0.0,0.0,0.004901916996908673
2024-02-26,203130.68005583127,204116.7513182382,198200.32374379653,198693.359375,67156,0.0,0.0,-0.01707317355961524
2024-02-27,198200.32543538616,199186.396706209,193763.0047166835,195340.71875,106971,0.0,0.0,-0.016873440740777124
2024-02-28,195439.32832853208,198200.32792146795,195242.1140718938,196819.828125,49470,0.0,0.0,0.007571946005241248
2024-02-29,196030.97026417527,196030.97026417527,191100.61386920104,191297.828125,175223,0.0,0.0,-0.028056116360862693
2024-03-04,192875.54174293933,195735.14844567206,188536.828125,188536.828125,101031,0.0,0.0,-0.014432991880053536
2024-03-05,186564.671875,190213.13533132928,186466.06475455867,186564.671875,84447,0.0,0.0,-0.010460323691732332
2024-03-06,186466.08460691405,186959.1202616124,182620.40650026695,184691.15625,120992,0.0,0.0,-0.010042177900944083
2024-03-07,184691.14713681527,186071.64690185286,182423.18323711064,183606.46875,80308,0.0,0.0,-0.005872980179580156
2024-03-08,185480.00449747744,190706.18218932554,185480.00449747744,185677.21875,101898,0.0,0.0,0.01127819740828162
2024-03-11,185677.2265307741,196030.9752220812,184493.94096605328,194256.046875,139761,0.0,0.0,0.04620291160516965
2024-03-12,195242.11809093226,198200.33200140094,191100.61861627613,193565.796875,80145,0.0,0.0,-0.003553299941515653
2024-03-13,193565.796875,196030.9751337239,191889.47565906777,193565.796875,65478,0.0,0.0,0.0
2024-03-14,193171.36852712443,198200.33217943853,192678.33287493675,194946.296875,190191,0.0,0.0,0.007131941811452824
2024-03-15,194946.2896807554,196228.1823291367,191790.86162320143,191889.46875,100649,0.0,0.0,-0.01568036004787532
2024-03-18,193565.7782255449,194551.84943402957,189720.10051245458,190015.921875,65110,0.0,0.0,-0.009763677429535877
2024-03-19,189128.468169145,189128.468169145,184888.3617399097,185677.21875,131659,0.0,0.0,-0.022833366184198844
2024-03-20,187057.7256645115,191692.2607758621,186071.65436422414,188734.046875,100130,0.0,0.0,0.016463129648208286
2024-03-21,190114.5534689619,191297.83907146583,187156.33946270213,189029.875,84260,0.0,0.0,0.0015674338038007551
2024-03-22,188438.2254849138,189522.9039152299,186367.47575431035,188734.046875,62228,0.0,0.0,-0.0015649807999925658
2024-03-25,188339.61173748696,190114.54001564128,186761.8977124609,189128.46875,67823,0.0,0.0,0.0020898289499469147
2024-03-26,190311.74429086538,206581.91932091347,189621.49444110578,205102.8125,249471,0.0,0.0,0.08446292541561129
2024-03-27,201158.54728915662,209047.11777108433,200172.47597891567,204609.796875,144138,0.0,0.0,-0.002403748729676747
2024-03-28,206088.90139563108,208061.04399271845,201158.54490291263,203130.6875,98019,0.0,0.0,-0.007228927439401178
2024-03-29,203130.68190392354,205595.86008236924,192974.14780872737,196030.96875,133710,0.0,0.0,-0.03495148289694039
2024-04-01,197707.29535800972,204609.79444781554,195537.9385012136,203130.6875,103402,0.0,0.0,0.036217332369837596
2024-04-02,201158.5391337386,202144.61040400204,194650.46875,194650.46875,99738,0.0,0.0,-0.041747600297960874
2024-04-03,194157.42798141457,195735.14197212184,190410.35725348478,191002.0,96744,0.0,0.0,-0.018743693623907598
2024-04-04,192086.68243066457,192185.28955716902,188142.39737048664,188438.21875,85964,0.0,0.0,-0.01342279792881751
2024-04-05,187353.54001322752,188536.82552910055,185480.00461309525,186367.46875,76151,0.0,0.0,-0.010989012811393972
2024-04-08,185973.04641072394,186761.90344746085,182028.76122703945,182521.796875,100190,0.0,0.0,-0.02063488816365655
2024-04-09,183507.87034214093,188635.44114159892,181732.9419884824,181930.15625,109609,0.0,0.0,-0.00324147929249885
2024-04-11,178676.12693335206,180155.23394438977,175323.484375,175323.484375,166096,0.0,0.0,-0.0363143307914352
2024-04-12,176112.31637073864,177887.24453125,173548.53125,173548.53125,94094,0.0,0.0,-0.010123875482668021
2024-04-15,171773.61315731492,171773.61315731492,167533.50674757638,167829.328125,133629,0.0,0.0,-0.03295448877502383
2024-04-16,166153.00239035735,169604.25169816893,165265.53828263437,166941.859375,82996,0.0,0.0,-0.0052879241066794425
2024-04-17,167040.47075773348,168618.18476725163,165659.9709994051,165758.578125,69916,0.0,0.0,-0.0070879841307026625
2024-04-18,165758.57824533473,168618.18488966234,165265.5426170024,166448.828125,87326,0.0,0.0,0.004164188712330041
2024-04-19,164772.51309505763,164969.7273536992,161321.2635688296,162603.15625,134132,0.0,0.0,-0.023104229199571003
2024-04-22,164279.47599398476,168519.58251723886,164279.47599398476,168026.546875,74328,0.0,0.0,0.03335353845568423
2024-04-23,166646.04930351907,171083.37014296188,166350.22791422287,168125.15625,98971,0.0,0.0,0.000586867830315807
2024-04-24,169801.48450100806,172365.2699812788,169012.62743015552,171181.984375,50629,0.0,0.0,0.018181860425780183
2024-04-25,169209.81717391303,171280.56668478262,167533.49614130435,170097.28125,48045,0.0,0.0,-0.006336549543810577
2024-04-26,170195.90606746494,171083.3702358353,168026.54921144858,168815.40625,44976,0.0,0.0,-0.007536128682244847
2024-04-29,170491.72398174155,176506.7587780899,170491.72398174155,175520.6875,87777,0.0,0.0,0.03971960497533078
2024-04-30,173647.15625,175619.2988536343,173449.94198963657,173647.15625,72376,0.0,0.0,-0.010674133497796334
2024-05-02,173647.15651304714,177197.01320496632,173449.94225238496,175717.90625,67102,0.0,0.0,0.011925044122339301
2024-05-03,177098.39287701726,178971.92821368948,176703.96438508626,177197.0,58081,0.0,0.0,0.008417433268842034
2024-05-07,179070.5424903899,181732.93491728447,177197.0070788715,179563.578125,96628,0.0,0.0,0.013355633137129841
2024-05-08,179563.5717781403,184099.4994562262,179563.5717781403,181338.5,81311,0.0,0.0,0.00988464305252612
2024-05-09,181239.90633468836,185578.6200880759,180352.4421578591,181930.15625,158360,0.0,0.0,0.003262717238755153
2024-05-10,186761.90577512255,206581.9390701593,186761.90577512255,201158.546875,697607,0.0,0.0,0.10569105760881792
2024-05-13,202637.64799107143,209047.1113095238,200665.50543154762,207074.96875,249959,0.0,0.0,0.029411735006598994
2024-05-14,207568.01008522726,217921.75880681816,207568.01008522726,216935.6875,279372,0.0,0.0,0.047619076364100676
2024-05-16,213977.4662848028,214470.50192140372,210033.18119199536,212498.359375,147736,0.0,0.0,-0.020454578848397187
2024-05-17,211019.2592378753,218414.79402424942,211019.2592378753,213484.4375,93170,0.0,0.0,0.004640403473703314
2024-05-20,214963.55096378506,215456.5866311332,208554.08728825935,211019.265625,79861,0.0,0.0,-0.011547314192398739
2024-05-21,209047.10991879352,215949.6088312065,208061.03864559165,212498.359375,86123,0.0,0.0,0.0070092829942289825
2024-05-22,210526.22995765187,214963.55096378506,210033.19429030374,211019.265625,60812,0.0,0.0,-0.006960494915585702
2024-05-23,207567.99200581395,215456.56177325582,206581.92078488372,212005.3125,85190,0.0,0.0,0.00467278128411408
2024-05-24,209540.140625,213977.46125,209047.10499999998,209540.140625,60689,0.0,0.0,-0.011627877839146095
2024-05-27,212005.32965393795,216442.6505071599,205102.83054892602,206581.9375,69691,0.0,0.0,-0.0141175963525485
2024-05-28,204116.75497377175,205595.86189387154,192678.328125,192678.328125,196142,0.0,0.0,-0.0673031221570376
2024-05-29,191790.87051273804,193960.22740285643,190311.7635422028,191593.65625,85046,0.0,0.0,-0.005629444087226654
2024-05-30,190607.57124284972,194453.24908996362,189227.0715028601,189621.5,63862,0.0,0.0,-0.01029343188391707
2024-05-31,189029.87486862848,194256.05294272202,187649.375,187649.375,148754,0.0,0.0,-0.010400323802944311
2024-06-03,188339.62532133676,194551.87474293058,187353.55398457582,191790.875,65487,0.0,0.0,0.022070417234270057
2024-06-04,190410.35712435233,193368.5708549223,190311.75,190311.75,45642,0.0,0.0,-0.007712176087626643
2024-06-05,191002.0113118907,194847.6893919959,189522.9043580041,192185.296875,63236,0.0,0.0,0.009844620077320565
2024-06-07,194551.87480788934,198200.33875512294,192481.125,192481.125,69529,0.0,0.0,0.0015392859381557766
2024-06-10,190706.1913231383,191495.04837101063,183212.04936835106,185381.40625,96072,0.0,0.0,-0.036885272516980594
2024-06-11,185480.00652573528,188043.79183656417,184395.328125,184395.328125,50658,0.0,0.0,-0.005319185699078188
2024-06-12,183902.2990350995,185775.83452124798,180648.26371705218,183310.65625,85404,0.0,0.0,-0.005882317551259786
2024-06-13,184000.90625,188536.83427116828,184000.90625,184000.90625,137194,0.0,0.0,0.003765465762441078
2024-06-14,183409.25173895253,184000.89448649753,180549.64512581832,180746.859375,85349,0.0,0.0,-0.017684950260944743
2024-06-17,179662.19020788482,183409.26113428417,178873.3331707481,183212.046875,62102,0.0,0.0,0.013638895350792213
2024-06-18,183803.67808591627,183803.67808591627,178577.5005437738,181338.5,70990,0.0,0.0,-0.010226111802998816
2024-06-19,183113.42281299367,187649.35035709583,182028.7444872301,187254.921875,88881,0.0,0.0,0.03262639690413227
2024-06-20,184986.97619509045,195044.9034722222,183705.083502907,190804.796875,100031,0.0,0.0,0.01895744562788937
2024-06-21,191988.07598886327,192579.71875,187353.5410266257,192579.71875,93605,0.0,0.0,0.009302291682754538
2024-06-24,192283.89112903224,195735.14045698923,183409.25,183409.25,90568,0.0,0.0,-0.04761907852770708
2024-06-25,185775.83399024024,197707.29678897647,185775.83399024024,197017.046875,146342,0.0,0.0,0.07419362368582827
2024-06-26,193960.2241035523,194749.0811410858,183606.47548592495,183902.296875,169274,0.0,0.0,-0.0665665748625337
2024-06-27,182127.3700794199,182423.19147099447,176506.76363950275,178478.90625,121162,0.0,0.0,-0.029490608421744335
2024-06-28,178380.30571671762,179859.41272929404,175619.3059599083,177394.234375,88030,0.0,0.0,-0.006077311306920907
2024-07-01,176506.75532998372,188339.6104359044,176506.75532998372,181535.71875,164074,0.0,0.0,0.0233462174776502
2024-07-02,179662.19846095052,179662.19846095052,175619.3059599083,177394.234375,86841,0.0,0.0,-0.022813606068915804
2024-07-03,177887.2611334628,179662.1894596282,177098.40409961154,177690.046875,52884,0.0,0.0,0.001667542922362708
2024-07-04,177690.03575388028,179760.78533813747,176901.17876940133,177887.25,55686,0.0,0.0,0.0011098152567809993
2024-07-05,178478.8955094108,183310.6446143617,177985.85988645663,180746.859375,77660,0.0,0.0,0.016075403802127575
2024-07-08,178971.93633061304,187550.7564191879,177985.8650560642,185775.828125,75340,0.0,0.0,0.027823270442371983
2024-07-09,185381.40003922593,191396.43482773274,185381.40003922593,188536.828125,87067,0.0,0.0,0.014861998075132998
2024-07-10,186959.11196558914,190607.57564846193,184099.5052952294,189128.46875,78330,0.0,0.0,0.0031380639574976055
2024-07-11,190114.54216788703,191002.006317011,186071.649932989,188536.828125,101045,0.0,0.0,-0.0031282473173409597
2024-07-12,187846.57587644432,191988.0751871061,185578.61196822478,187747.96875,70029,0.0,0.0,-0.004184112901681969
2024-07-15,188339.615615016,188339.615615016,184789.75898562302,185184.1875,45819,0.0,0.0,-0.013655440679701147
2024-07-16,185184.19156504067,186564.69139566398,181930.15625,181930.15625,43338,0.0,0.0,-0.017571863418414213
2024-07-17,182028.75519179896,187747.96851851852,182028.75519179896,186367.46875,54768,0.0,0.0,0.024390197818015658
2024-07-18,186367.47110445204,187747.97089041094,181732.93610873286,187156.328125,73014,0.0,0.0,0.004232816919664151
2024-07-19,184493.93557476203,186761.89950753568,182225.97164198835,186466.078125,67340,0.0,0.0,-0.00368809330101294
2024-07-22,185479.99416503904,191297.81429036456,184198.10159505208,189325.671875,90717,0.0,0.0,0.01533573172533309
2024-07-23,189424.29058003597,190311.75472122303,178183.078125,178183.078125,93724,0.0,0.0,-0.058854109110764274
2024-07-24,177690.0306158399,179859.38726042843,174534.60276916574,174929.03125,66489,0.0,0.0,-0.018262378836654714
2024-07-25,174140.18177913688,179958.0021217015,174140.18177913688,179366.359375,64718,0.0,0.0,0.025366447714778584
2024-07-26,178478.90390885127,182817.61759503328,176802.58271191732,177690.046875,53456,0.0,0.0,-0.00934574635868779
2024-07-29,178873.3341496309,178873.3341496309,173647.15625,173647.15625,56490,0.0,0.0,-0.02275248780728878
2024-07-30,172562.45940386836,175323.45875433026,170787.53125,170787.53125,58954,0.0,0.0,-0.016468020909498726
2024-07-31,171872.2100506275,173745.74532943527,169801.46053194525,172858.28125,48906,0.0,0.0,0.012124714168792794
2024-08-01,171280.58529929578,175915.1204225352,171280.58529929578,175027.65625,35664,0.0,0.0,0.012550020654564342
2024-08-02,172759.69423076924,175619.30104166668,168618.19471153847,173055.515625,71142,0.0,0.0,-0.01126759431768376
2024-08-05,172365.2711190773,172365.2711190773,154714.59404223817,158165.84375,142547,0.0,0.0,-0.08603985733263164
2024-08-06,162701.7599737915,172858.29408124636,161715.68870122306,169308.4375,167770,0.0,0.0,0.0704487990947793
2024-08-07,165561.3642314189,170097.29201858107,165166.9357281874,167829.328125,92699,0.0,0.0,-0.008736182300424389
2024-08-08,165659.97710876804,178971.9395550083,165659.97710876804,177690.046875,158353,0.0,0.0,0.05875444333934121
2024-08-09,179169.15419228142,183212.04649931693,178478.9042862022,180451.046875,76853,0.0,0.0,0.015538292935125986
2024-08-12,180451.04473039214,181930.15165441175,178084.47365196078,181042.6875,37916,0.0,0.0,0.003278676600916741
2024-08-13,180746.85752833245,184296.71397733406,180746.85752833245,182719.0,50607,0.0,0.0,0.009259211311696935
2024-08-14,183014.83288983503,186170.26104310804,180746.86890467003,185282.796875,61453,0.0,0.0,0.01403136441749342
2024-08-16,186959.11509021325,187550.75785948607,178084.47355112084,180352.4375,87965,0.0,0.0,-0.026609914455934303
2024-08-19,181141.3043166406,191297.83907146583,181141.3043166406,189029.875,152568,0.0,0.0,0.04811377999812172
2024-08-20,190311.7565300938,191495.0420629234,186761.899931605,189227.078125,63513,0.0,0.0,0.0010432378744364978
2024-08-21,191002.01767083985,191199.23193792385,187353.55372978613,189029.875,38254,0.0,0.0,-0.0010421506633936373
2024-08-22,188536.82163286532,191790.8567342694,188142.39313572543,189621.5,47488,0.0,0.0,0.003129796282201447
2024-08-23,188832.65633129553,190804.79895616547,188241.01354383456,189522.90625,39151,0.0,0.0,-0.000519950269352365
2024-08-26,188832.63657736557,191495.02884242503,186959.10127973114,190706.171875,68737,0.0,0.0,0.006243391094051365
2024-08-27,191692.26767151768,197115.66001819127,188832.66079781705,189720.125,95982,0.0,0.0,-0.005170503216048616
2024-08-28,191495.03675,194946.28612499998,183902.288125,184888.359375,105757,0.0,0.0,-0.025467860223052252
2024-08-29,184888.36230774244,194946.28921728363,183310.64828271637,189128.46875,156153,0.0,0.0,0.022933349559341343
2024-08-30,191199.2177005597,191297.82482675905,182916.21909981343,184986.96875,138305,0.0,0.0,-0.021897813837188362
2024-09-02,184888.37108155567,191593.65600611342,184099.51403160772,189522.90625,149251,0.0,0.0,0.024520308271714475
2024-09-03,188832.6485177799,190804.7910610465,179859.39994591672,182324.578125,112463,0.0,0.0,-0.037981309317326906
2024-09-04,180549.6371018884,182225.95814543407,174534.60276916574,174929.03125,65835,0.0,0.0,-0.04056253386709985
2024-09-05,174633.2263285928,182324.5824288922,174534.61919910178,181141.296875,66841,0.0,0.0,0.03551306252946507
2024-09-06,181831.54400333148,186466.07901860078,176901.18760410883,177591.4375,57941,0.0,0.0,-0.019597184276811563
2024-09-09,175520.69198933782,178380.2987689394,174337.40642536475,175717.90625,48329,0.0,0.0,-0.010549671067333954
2024-09-10,175126.2559248555,176408.14856394508,170097.29249458094,170590.328125,71780,0.0,0.0,-0.02918073766315432
2024-09-11,170491.73012907608,174041.58685819508,170491.73012907608,172365.265625,56119,0.0,0.0,0.010404678386569666
2024-09-12,173154.11002931325,176605.359375,170787.53904941375,176605.359375,107983,0.0,0.0,0.02459946750074815
2024-09-13,176901.18087805895,177295.609375,172463.8602874722,177295.609375,56987,0.0,0.0,0.003908431785098587
2024-09-19,178774.73419189453,180746.8768746512,175323.4844970703,176703.984375,85160,0.0,0.0,-0.003336941067438648
2024-09-20,177394.22365363588,183014.82996172772,175816.50960224168,180352.4375,105773,0.0,0.0,0.02064726009379214
2024-09-23,183803.68536096255,184789.7566343583,179070.5432486631,184395.328125,57979,0.0,0.0,0.02241661205715606
2024-09-24,184395.33978690227,190706.19633575884,183606.4827182952,189720.125,85736,0.0,0.0,0.028877070417913986
2024-09-25,191790.85567537782,200665.4968120277,190311.74881926953,195735.140625,197268,0.0,0.0,0.03170467879989003
2024-09-26,197214.25970873787,203623.72314927186,195439.33137135924,203130.6875,118101,0.0,0.0,0.03778343965925246
2024-09-27,203130.6831357478,204609.79005178477,188142.39971990619,189227.078125,211050,0.0,0.0,-0.06844662195612372
2024-09-30,191889.48180628274,195636.55287958117,188339.625,188339.625,124327,0.0,0.0,-0.004689884417143353
2024-10-02,191988.08093592964,200172.4726758794,189522.90270100502,196228.1875,207044,0.0,0.0,0.04188477331841356
2024-10-04,195735.14253139953,208061.03311901915,192185.28604216507,206088.890625,198145,0.0,0.0,0.05025120626464541
2024-10-07,210033.18040089088,224824.24944320714,208061.03786191536,221373.0,349157,0.0,0.0,0.07416270391212398
2024-10-08,221373.00589959955,221373.00589959955,213484.4355334668,215456.578125,148083,0.0,0.0,-0.026726031968668296
2024-10-10,211512.295068506,212991.40202702704,195735.15417761513,197017.046875,342452,0.0,0.0,-0.08558351483379667
2024-10-11,198693.3607302296,199679.43199936225,192283.89748086734,193269.96875,109533,0.0,0.0,-0.019019055378377447
2024-10-14,193960.21863839286,198200.32509566328,193664.39725765307,193269.96875,94221,0.0,0.0,0.0
2024-10-15,194453.26289528253,195735.15560199585,187846.58509914464,190213.15625,131798,0.0,0.0,-0.015816282890561584
2024-10-16,188142.40400498165,191100.61790443104,185874.4400154038,188043.796875,86357,0.0,0.0,-0.011404886064499076
2024-10-17,189325.67140600315,190213.1354907188,186466.06491080832,187254.921875,68079,0.0,0.0,-0.004195166302265241
2024-10-18,188734.053728638,193368.58900828587,187452.16099171413,190410.375,77768,0.0,0.0,0.016851109137234754
2024-10-21,191692.2619077307,200665.5107933292,189818.7264261222,197707.296875,170066,0.0,0.0,0.03832208132041126
2024-10-22,195439.33235163018,197115.6535675624,191199.22574662507,193565.796875,114769,0.0,0.0,-0.020947633524211584
2024-10-23,193269.98129453682,209540.15829127078,190804.80296169835,207568.015625,190884,0.0,0.0,0.07233829000813752
2024-10-24,205595.87295872922,209540.15829127078,201158.55195961997,207568.015625,70154,0.0,0.0,0.0
2024-10-25,207568.00490339578,217921.75336651053,207074.96926229508,210526.21875,135749,0.0,0.0,0.014251729083079923
2024-10-28,218907.835956057,220386.9429557601,205595.87295872922,207568.015625,144394,0.0,0.0,-0.014051471320600029
2024-10-29,206088.9089515187,214963.55096378506,203623.73061477806,211019.265625,86161,0.0,0.0,0.01662707999403512
2024-10-30,211512.28189506882,218907.81622706424,210033.17502866974,214963.53125,85424,0.0,0.0,0.018691495363315935
2024-10-31,212991.40862068965,215456.5869612069,209047.12327586208,214470.515625,60316,0.0,0.0,-0.002293484955951053
2024-11-01,212005.32618087556,214963.5400345622,209047.11232718892,213977.46875,46963,0.0,0.0,-0.0022989028284992052
2024-11-04,213977.4624857631,220386.92564777905,209540.1418351367,216442.640625,63854,0.0,0.0,0.011520707714699485
2024-11-05,208554.0711533072,221372.9975126121,204116.75049047085,219893.890625,196511,0.0,0.0,0.015945333091641034
2024-11-06,219893.89987527716,226796.3989745011,217428.72162555432,222359.078125,130532,0.0,0.0,0.01121080487044579
2024-11-07,219893.90098152423,221866.043591224,212005.33054272516,213484.4375,89162,0.0,0.0,-0.039911303373955764
2024-11-08,214963.5325,214963.5325,207567.99812499998,209540.140625,66802,0.0,0.0,-0.018475805174323345
2024-11-11,209047.1043660287,209540.1399895335,203130.6768839713,206088.890625,55848,0.0,0.0,-0.016470591218016195
2024-11-12,204609.78311283456,208061.03246654503,197214.248783455,202637.640625,112405,0.0,0.0,-0.016746414566711887
2024-11-13,200665.50683832518,207074.9702017115,198693.36426497553,201651.578125,56007,0.0,0.0,-0.004866136898153073
2024-11-14,203130.6850550122,204609.79198502444,197707.2929783007,201651.578125,86580,0.0,0.0,0.0
2024-11-15,200665.49748607675,203130.6755878713,192185.28481590346,199186.390625,111310,0.0,0.0,-0.012224984911706871
2024-11-18,197214.248783455,204609.78311283456,197214.248783455,202637.640625,64908,0.0,0.0,0.01732673597413359
2024-11-19,200665.49203725962,211019.23978365384,200172.45643028847,205102.8125,91497,0.0,0.0,0.012165419353465712
2024-11-20,203623.70712209304,214963.52616279072,203623.70712209304,212005.3125,72151,0.0,0.0,0.03365385347897165
2024-11-21,212991.4014084507,213484.43705985913,206088.90228873238,210033.1875,56961,0.0,0.0,-0.0093022433105302
2024-11-22,212498.3661951501,216935.68706697458,209047.1166281755,213484.4375,61998,0.0,0.0,0.016431926978206723
2024-11-25,213977.46682363012,216442.64501284246,210033.1817208904,215949.609375,119367,0.0,0.0,0.011547314192398739
2024-11-26,213977.46572818398,215456.57263413916,207568.00246904482,209047.109375,72911,0.0,0.0,-0.03196347527544585
2024-11-27,209047.11744966442,222359.08011744966,207568.01048657717,220386.9375,126980,0.0,0.0,0.054245323740200524
2024-11-28,220879.97204301076,231233.72073252688,218414.79378360216,229261.578125,187659,0.0,0.0,0.040268451141756145
2024-11-29,231233.70812499998,234684.9575,225317.28062499998,234191.921875,179650,0.0,0.0,0.021505320648677717
2024-12-02,237150.1368545501,244052.63564033742,234684.95871676892,241094.421875,194200,0.0,0.0,0.02947368954802898
2024-12-03,243066.5657034519,244545.67259414226,231726.746208159,235671.03125,148457,0.0,0.0,-0.022494882224242674
2024-12-04,229754.60609407484,240601.39007276506,228275.4991878898,237150.140625,157288,0.0,0.0,0.006276161169044725
2024-12-05,229261.57691140778,229261.57691140778,202637.65185072817,203130.6875,439202,0.0,0.0,-0.14345111934297428
2024-12-06,200665.5107933292,206581.93862998753,197115.65409133417,197707.296875,146688,0.0,0.0,-0.026699021658162847
2024-12-09,194749.0816200658,196228.18856907895,185874.43992598684,187353.546875,150346,0.0,0.0,-0.05236908381052896
2024-12-10,187649.36826480262,192579.72476151315,187353.546875,187353.546875,91542,0.0,0.0,0.0
2024-12-11,189621.51216490025,198693.36818110972,188832.65512001247,197707.296875,102793,0.0,0.0,0.05526316513723595
2024-12-12,200172.47119498777,203130.6850550122,195932.36466228607,201651.578125,162130,0.0,0.0,0.01995010458563784
2024-12-13,202637.6412604665,211512.28248355264,201158.53438995217,206088.890625,112784,0.0,0.0,0.02200484886485432
2024-12-16,209047.11575178997,210033.18705250596,204116.75924821003,206581.9375,70833,0.0,0.0,0.002392399092958186
2024-12-17,204609.78311283456,206581.9256006691,201158.53375912408,202637.640625,80443,0.0,0.0,-0.01909313526019185
2024-12-18,203623.71683902878,208061.03754496403,199186.3961330935,205595.859375,65515,0.0,0.0,0.014598564910625278
2024-12-19,199679.43311268472,206581.93203509852,198693.3618380542,200172.46875,54114,0.0,0.0,-0.026378890321462678
2024-12-20,200172.47119498777,204116.75634168703,197214.2573349633,201651.578125,67936,0.0,0.0,0.00738917486623647
2024-12-23,202144.60434715348,202637.6399675124,197214.24814356436,199186.390625,47259,0.0,0.0,-0.012224984911706871
2024-12-24,199186.39127128955,203130.67624695864,197707.28440541364,202637.640625,50747,0.0,0.0,0.01732673597413359
2024-12-26,202637.6399675124,204609.78244894804,198693.35500464108,199186.390625,49321,0.0,0.0,-0.017031633359701703
2024-12-27,199186.39091858038,199186.39091858038,188536.82150313153,188931.25,96951,0.0,0.0,-0.051485147116837604
2024-12-30,188931.2623566357,190706.19070862918,180155.2277273348,180549.65625,119969,0.0,0.0,-0.04436319428363489
2025-01-02,180648.26998626374,183606.48401442307,176802.5917496566,179464.984375,76176,0.0,0.0,-0.006007609748633902
2025-01-03,178380.29151785714,186564.6830026455,178380.29151785714,186367.46875,93585,0.0,0.0,0.03846145474582907
2025-01-06,184395.33518542873,190706.19157680168,182916.22821870068,187452.15625,50120,0.0,0.0,0.005820154704440528
2025-01-07,188536.83225079533,191199.22475642894,185973.046875,185973.046875,46407,0.0,0.0,-0.007890596750604217
2025-01-08,185480.0,188142.3923444976,185381.3928761297,185480.0,40402,0.0,0.0,-0.0026511738302131826
2025-01-09,185578.6079043162,189621.5,184493.9295371815,189621.5,89533,0.0,0.0,0.02232855294371361
2025-01-10,187747.96574422353,190508.9652404621,183212.038000403,183507.859375,56674,0.0,0.0,-0.03224128395250536
2025-01-13,183014.82284768214,184493.9297133692,178183.0737531043,178676.109375,68764,0.0,0.0,-0.02632993494914171
2025-01-14,178676.11000947483,184986.96599214943,178676.11000947483,182127.359375,50709,0.0,0.0,0.019315676908750135
2025-01-15,183507.85657751092,183803.67794759825,177690.03629912663,180648.25,54631,0.0,0.0,-0.00812129149665275
2025-01-16,181535.72314133987,184888.36550245096,180155.22334558822,181042.6875,32974,0.0,0.0,0.0021834559703732825
2025-01-17,181437.10671067107,181930.1423267327,178577.50013751377,179267.75,53970,0.0,0.0,-0.009803972336634659
2025-01-20,179267.75145962296,180253.8226997749,173548.5382667417,175224.859375,99967,0.0,0.0,-0.022552247267006997
2025-01-21,175520.68074704558,178478.8944675014,173449.9311427265,175224.859375,48409,0.0,0.0,0.0
2025-01-22,175816.50877749576,177394.222821489,174337.40186125212,174830.4375,53463,0.0,0.0,-0.0022509470197712433
2025-01-23,175520.68442919076,176210.93431177747,170393.1138728324,170590.328125,74975,0.0,0.0,-0.02425269555823195
2025-01-24,171280.59138175088,172266.6627195848,169604.27010743323,169801.484375,64662,0.0,0.0,-0.004624199734359902
2025-01-31,171477.801199696,172365.26538071802,168420.98013173134,170294.515625,79477,0.0,0.0,0.0029035744405576658
2025-02-03,168618.19406636257,169111.22972152737,164969.73021814303,167533.515625,68280,0.0,0.0,-0.016213088189404257
2025-02-04,167632.11805555556,171477.79605800653,164871.11846405227,165955.796875,76941,0.0,0.0,-0.009417332073013429
2025-02-05,167139.0744326369,172463.8591048271,166744.6459384006,171083.359375,84118,0.0,0.0,0.03089715813821292
2025-02-06,172168.05564994217,172365.26991758242,168914.02023387796,170491.734375,51846,0.0,0.0,-0.003458109556425115
2025-02-07,169111.234375,171872.23411989794,168519.59157252187,169111.234375,39710,0.0,0.0,-0.008097166733981198
2025-02-10,169998.69431228374,174041.58669442043,169505.65865592562,170984.765625,74991,0.0,0.0,0.01107869182626553
2025-02-11,173449.929462306,178971.92835365853,172069.42973946786,177887.25,102082,0.0,0.0,0.04036900217261685
2025-02-12,177492.83637277427,181141.30023154797,171576.4084936818,171675.015625,152903,0.0,0.0,-0.03492231385329747
2025-02-13,171970.8344042056,172463.87005330023,166744.65652380258,168815.40625,152722,0.0,0.0,-0.016657108575696356
2025-02-14,169801.48443825913,172956.9127205032,169308.44876915848,170491.734375,82877,0.0,0.0,0.009929947522191895
2025-02-17,170787.5555840164,170886.1627177254,167336.30590420082,168420.984375,66090,0.0,0.0,-0.012145750100971742
2025-02-18,168420.984375,169012.6271772541,167040.48450307376,168420.984375,61635,0.0,0.0,0.0
2025-02-19,168519.57442645798,173449.9306121355,168519.57442645798,172463.859375,106175,0.0,0.0,0.024004580040918766
2025-02-20,174534.62068602693,177985.87024761504,174140.19216470257,175717.90625,110470,0.0,0.0,0.018867992904672892
2025-02-21,178084.46597144063,178281.68021947102,173844.35963878728,175224.859375,44208,0.0,0.0,-0.0028059000105460363
2025-02-24,174929.04462774956,179760.79388747885,173745.75909475464,174830.4375,57116,0.0,0.0,-0.0022509470197712433
2025-02-25,174238.79419591484,175422.07972525893,170984.75899021863,171379.1875,67959,0.0,0.0,-0.019740555759920286
2025-02-26,171675.0030391676,177197.00198815865,170393.11042600896,175915.109375,78989,0.0,0.0,0.026467168745329728
2025-02-27,177098.40598591548,177098.40598591548,173252.72790492958,175027.65625,50544,0.0,0.0,-0.005044780565768292
2025-02-28,173647.16239528218,173647.16239528218,167730.734375,167730.734375,151614,0.0,0.0,-0.04169010790259042
2025-03-04,167730.71768617022,168125.14618161094,162208.71875,162208.71875,116485,0.0,0.0,-0.03292190692168728
2025-03-05,163687.82274907178,165561.3580696937,157870.00254293007,159349.109375,136359,0.0,0.0,-0.01762919648855188
2025-03-06,160236.587273661,162208.72988625988,159349.12309799148,162011.515625,71134,0.0,0.0,0.016708008349983983
2025-03-07,161025.43942769684,161715.68932114073,158954.68974736516,159053.296875,69072,0.0,0.0,-0.018259311621077856
2025-03-10,158757.47347785978,162504.5442804428,156883.93807656824,160335.1875,62567,0.0,0.0,0.00805950363925767
2025-03-11,156686.71214885436,158658.85452958255,155108.99824427182,157081.140625,70825,0.0,0.0,-0.02029527595120062
2025-03-12,157278.3680390526,158757.47494851076,155306.22549310836,155602.046875,110931,0.0,0.0,-0.009416112870806348
2025-03-13,156390.89599309815,162208.71620973927,156095.0746261503,160729.609375,176597,0.0,0.0,0.03295305301555018
2025-03-14,161912.9041072512,165364.1535857858,160433.79718787925,162504.546875,94501,0.0,0.0,0.011043002635929167
2025-03-17,163490.60908987225,164476.68031478103,161617.07376254562,162110.109375,43866,0.0,0.0,-0.0024272397762716835
2025-03-18,162701.76092028763,162898.9751759486,160729.6183636781,161124.046875,34863,0.0,0.0,-0.006082671239947102
2025-03-19,160236.58718864608,162997.58684481969,159842.15866633557,161321.265625,46986,0.0,0.0,0.001224018101736224
2025-03-20,161222.6538971266,163392.0107079748,160433.796875,160433.796875,35525,0.0,0.0,-0.005501250852215422
2025-03-21,159996.0,162483.5,159697.5,162483.5,69573,1460.0,0.0,0.012776005834961301
2025-03-24,161488.5,162682.5,159797.0,159896.5,36821,0.0,0.0,-0.015921616656460524
2025-03-25,160294.5,161389.0,158702.5,160493.5,29268,0.0,0.0,0.0037336652146857663
2025-03-26,161787.0,163578.0,160593.0,160991.0,34371,0.0,0.0,0.0030998140111593298
2025-03-27,160195.0,161588.0,159697.5,160792.0,36184,0.0,0.0,-0.0012360939431397266
2025-03-28,161389.0,161488.5,158205.0,158304.5,34126,0.0,0.0,-0.015470297029702929
2025-03-31,156712.5,157409.0,148155.5,148653.0,158978,0.0,0.0,-0.0609679446888749
2025-04-01,149449.0,151936.5,148951.5,150643.0,54534,0.0,0.0,0.01338688085676032
2025-04-02,150742.5,151240.0,146663.0,147857.0,96841,0.0,0.0,-0.018494055482166427
2025-04-03,144275.0,147160.5,142484.0,146165.5,98864,0.0,0.0,-0.01144010767160164
2025-04-04,143379.5,152334.5,143379.5,152334.5,120646,0.0,0.0,0.04220558202859093
2025-04-07,146862.0,147260.0,141091.0,141290.0,125234,0.0,0.0,-0.07250163291966039
2025-04-08,142981.5,143877.0,137708.0,137708.0,105755,0.0,0.0,-0.025352112676056304
2025-04-09,135917.0,138205.5,133927.0,135220.5,86205,0.0,0.0,-0.018063583815028927
2025-04-10,139399.5,141688.0,138703.0,141489.0,133247,0.0,0.0,0.04635761589403975
2025-04-11,138902.0,143678.0,138703.0,143479.0,63325,0.0,0.0,0.014064697609001309
2025-04-14,144275.0,145568.5,141588.5,141688.0,66584,0.0,0.0,-0.012482662968099856
2025-04-15,142384.5,143180.5,141489.0,141887.0,65768,0.0,0.0,0.001404494382022392
2025-04-16,141887.0,141887.0,136215.5,137111.0,121810,0.0,0.0,-0.033660589060308554
2025-04-17,137608.5,139598.5,136812.5,139101.0,99816,0.0,0.0,0.014513788098693858
2025-04-18,139200.5,139200.5,136514.0,137807.5,81460,0.0,0.0,-0.009298998569384875
2025-04-21,137807.5,137807.5,134524.0,135718.0,74684,0.0,0.0,-0.015162454873646203
2025-04-22,134623.5,135419.5,133927.0,135121.0,50376,0.0,0.0,-0.004398826979472137
2025-04-23,136315.0,141489.0,136016.5,141091.0,126117,0.0,0.0,0.044182621502209196
2025-04-24,141290.0,147459.0,140494.0,146961.5,120088,0.0,0.0,0.04160789844851909
2025-04-25,146862.0,147260.0,145270.0,146165.5,58442,0.0,0.0,-0.005416384563303955
2025-04-28,145568.5,151140.5,145270.0,149946.5,105329,0.0,0.0,0.02586793737236226
2025-04-29,149946.5,150643.0,144971.5,145966.5,101362,0.0,0.0,-0.02654280026542799
2025-04-30,145668.0,148255.0,143379.5,145568.5,100400,0.0,0.0,-0.0027266530334014716
2025-05-02,144772.5,146563.5,143280.0,145071.0,75782,0.0,0.0,-0.0034176349965823194
2025-05-07,146265.0,149548.5,144872.0,147359.5,94479,0.0,0.0,0.01577503429355276
2025-05-08,146364.5,147757.5,144872.0,146364.5,94850,0.0,0.0,-0.006752194463200523
2025-05-09,146762.5,150643.0,146563.5,147359.5,81215,0.0,0.0,0.00679809653297081
2025-05-12,148852.0,150444.0,146364.5,148653.0,53432,0.0,0.0,0.008777852802160702
2025-05-13,147558.5,151041.0,146762.5,149648.0,84253,0.0,0.0,0.006693440428380271
2025-05-14,150742.5,157707.5,144474.0,157707.5,289711,0.0,0.0,0.053856382978723305
2025-05-15,155618.0,157110.5,152931.5,154722.5,95922,0.0,0.0,-0.018927444794952675
2025-05-16,155817.0,162384.0,154921.5,160891.5,164070,0.0,0.0,0.039871382636655905
2025-05-19,160195.0,160493.5,154921.5,156812.0,76548,0.0,0.0,-0.02535559678416821
2025-05-20,158404.0,158802.0,153429.0,154822.0,74867,0.0,0.0,-0.012690355329949221
2025-05-21,154921.5,158304.5,154523.5,154722.5,68349,0.0,0.0,-0.0006426735218508783
2025-05-22,153230.0,156314.5,153130.5,154822.0,83209,0.0,0.0,0.0006430868167202064
2025-05-23,154822.0,155717.5,149349.5,150046.0,103949,0.0,0.0,-0.03084832904884316
2025-05-26,149250.0,152533.5,147459.0,151140.5,99886,0.0,0.0,0.007294429708222916
2025-05-27,149747.5,158205.0,149250.0,156812.0,208277,0.0,0.0,0.037524687294272496
2025-05-28,156115.5,161488.5,155021.0,156513.5,132706,0.0,0.0,-0.0019035532994924331
2025-05-29,158006.0,159996.0,156215.0,158105.5,127102,0.0,0.0,0.010171646535282797
2025-05-30,155220.0,159498.5,148653.0,151737.5,1720727,0.0,0.0,-0.04027690371302706
2025-06-02,153926.5,168354.0,152732.5,165667.5,330236,0.0,0.0,0.09180327868852456
2025-06-04,165966.0,168155.0,164772.0,165667.5,200239,0.0,0.0,0.0
2025-06-05,165170.0,175916.0,165170.0,172035.5,221969,0.0,0.0,0.038438438438438416
2025-06-09,172632.5,174423.5,169946.0,172135.0,134819,0.0,0.0,0.0005783689994216523
2025-06-10,172334.0,176712.0,171538.0,173428.5,127181,0.0,0.0,0.007514450867051936
2025-06-11,177110.0,179597.5,173926.0,177010.5,134097,0.0,0.0,0.0206540447504302
2025-06-12,177110.0,180891.0,174224.5,175717.0,227190,0.0,0.0,-0.007307476110174238
2025-06-13,177110.0,178901.0,173229.5,175617.5,119917,0.0,0.0,-0.0005662514156284937
2025-06-16,175319.0,176712.0,167657.5,170045.5,123244,0.0,0.0,-0.031728045325779
2025-06-17,169846.5,172931.0,168752.0,171040.5,84954,0.0,0.0,0.005851375073142151
2025-06-18,169150.0,186463.0,168752.0,185965.5,259733,0.0,0.0,0.08726003490401402
2025-06-19,187557.5,190045.0,180791.5,189547.5,244422,0.0,0.0,0.019261637239165408
2025-06-20,191040.0,191338.5,185070.0,189448.0,232899,0.0,0.0,-0.0005249343832021136
2025-06-23,188950.5,195020.0,185965.5,193229.0,178468,0.0,0.0,0.01995798319327724
2025-06-24,199995.0,202482.5,190542.5,193129.5,157184,0.0,0.0,-0.000514933058702316
2025-06-25,194920.5,195020.0,188652.0,191836.0,90442,0.0,0.0,-0.006697578567748552
2025-06-26,190841.0,190841.0,184572.5,187259.0,98740,0.0,0.0,-0.023858921161825752
2025-06-27,188751.5,188751.5,183179.5,184771.5,72155,0.0,0.0,-0.013283740701381497
2025-06-30,188055.0,211935.0,187955.5,205467.5,292068,0.0,0.0,0.11200861604738832
2025-07-01,204970.0,206960.0,201985.0,203477.5,78567,0.0,0.0,-0.009685230024213065
2025-07-02,203477.5,207955.0,196512.5,200492.5,87179,0.0,0.0,-0.014669926650366705
2025-07-03,204970.0,207457.5,200492.5,204472.5,75909,0.0,0.0,0.01985111662531014
2025-07-04,207457.5,210442.5,204472.5,205965.0,86515,0.0,0.0,0.007299270072992803
2025-07-07,206960.0,208950.0,201985.0,203477.5,47736,0.0,0.0,-0.012077294685990392
2025-07-08,205467.5,211935.0,205467.5,208452.5,68568,0.0,0.0,0.02444987775061125
2025-07-09,208452.5,216910.0,204970.0,206462.5,128699,0.0,0.0,-0.009546539379474916
2025-07-10,205965.0,209945.0,202980.0,205467.5,131056,0.0,0.0,-0.004819277108433773
2025-07-11,205467.5,213427.5,203975.0,210442.5,77156,0.0,0.0,0.02421307506053272
2025-07-14,211935.0,215417.5,207955.0,210940.0,80056,0.0,0.0,0.0023640661938533203
2025-07-15,208950.0,216910.0,208950.0,212432.5,70240,0.0,0.0,0.007075471698113178
2025-07-16,211935.0,213427.5,208452.5,210940.0,77833,0.0,0.0,-0.007025761124121788
2025-07-17,212432.5,213925.0,205965.0,210940.0,54211,0.0,0.0,0.0
2025-07-18,211437.5,213925.0,203975.0,208452.5,61982,0.0,0.0,-0.011792452830188704
2025-07-21,206960.0,210442.5,205467.5,206960.0,49534,0.0,0.0,-0.007159904534606243
2025-07-22,205467.5,207457.5,203477.5,204472.5,60048,0.0,0.0,-0.012019230769230727
2025-07-23,204472.5,205965.0,195119.5,197706.5,136957,0.0,0.0,-0.03309002433090025
2025-07-24,197706.5,198502.5,191836.0,193129.5,96389,0.0,0.0,-0.0231504781077001
2025-07-25,192731.5,195617.0,192731.5,194323.5,39497,0.0,0.0,0.0061823802163833985
2025-07-28,194124.5,195816.0,191637.0,193030.0,35509,0.0,0.0,-0.0066564260112647045
2025-07-29,193627.0,193627.0,188851.0,191836.0,59086,0.0,0.0,-0.006185567010309256
2025-07-30,191836.0,193726.5,191139.5,192930.5,45943,0.0,0.0,0.005705394190871349
2025-07-31,191537.5,193726.5,191239.0,192731.5,32276,0.0,0.0,-0.001031459515213995
2025-08-01,189249.0,191836.0,186264.0,189647.0,54545,0.0,0.0,-0.016004130098089875
2025-08-04,189547.5,202482.5,187955.5,195915.5,155552,0.0,0.0,0.03305351521511013
2025-08-05,198900.5,201985.0,193527.5,194423.0,88713,0.0,0.0,-0.0076180802437785244
2025-08-06,194025.0,195418.0,192731.5,194920.5,36922,0.0,0.0,0.0025588536335721113
2025-08-07,195020.0,203477.5,192632.0,202482.5,85477,0.0,0.0,0.03879530372639106
2025-08-08,202482.5,202980.0,198701.5,200990.0,55229,0.0,0.0,-0.0073710073710073765
2025-08-11,207955.0,213427.5,200492.5,201487.5,83607,0.0,0.0,0.0024752475247524774
2025-08-12,210442.5,227855.0,209945.0,221885.0,470179,0.0,0.0,0.10123456790123453
2025-08-13,220392.5,220392.5,211935.0,213427.5,131479,0.0,0.0,-0.03811659192825112
2025-08-14,213427.5,214422.5,207457.5,208950.0,124969,0.0,0.0,-0.020979020979020935
2025-08-18,208452.5,210442.5,203975.0,204970.0,58102,0.0,0.0,-0.01904761904761909
2025-08-19,207457.5,210442.5,204472.5,205965.0,60241,0.0,0.0,0.004854368932038833
2025-08-20,203975.0,205965.0,197607.0,198900.5,77416,0.0,0.0,-0.034299516908212535
2025-08-21,198701.5,200990.0,195020.0,197109.5,80733,0.0,0.0,-0.00900450225112559
2025-08-22,196015.0,197706.5,194721.5,196313.5,51836,0.0,0.0,-0.004038364462392696
2025-08-25,197706.5,198602.0,195418.0,197408.0,39666,0.0,0.0,0.005575266092245235
2025-08-26,197408.0,200990.0,195418.0,199497.5,108648,0.0,0.0,0.01058467741935476
2025-08-27,200492.5,204472.5,197607.0,201487.5,54877,0.0,0.0,0.009975062344139696
2025-08-28,201985.0,203975.0,199995.0,203477.5,36801,0.0,0.0,0.009876543209876631
2025-08-29,203975.0,204970.0,199000.0,201985.0,53602,0.0,0.0,-0.007334963325183352
2025-09-01,200492.5,200492.5,191537.5,192234.0,84019,0.0,0.0,-0.0482758620689655
2025-09-02,192333.5,196512.5,185070.0,188652.0,77666,0.0,0.0,-0.018633540372670843
2025-09-03,188652.0,192234.0,187159.5,190542.5,61290,0.0,0.0,0.010021097046413407
2025-09-04,189249.0,197209.0,189249.0,194423.0,74552,0.0,0.0,0.020365535248041855
2025-09-05,194224.0,197706.5,191935.5,197010.0,76157,0.0,0.0,0.013306038894575156
2025-09-08,197706.5,198502.5,195318.5,196811.0,39061,0.0,0.0,-0.0010101010101010166
2025-09-09,197905.5,199000.0,194721.5,199000.0,59843,0.0,0.0,0.011122345803842304
2025-09-10,197308.5,200990.0,197308.5,199497.5,53577,0.0,0.0,0.0024999999999999467
2025-09-11,199000.0,200990.0,198303.5,200990.0,89887,0.0,0.0,0.007481296758104827
2025-09-12,211437.5,219895.0,206960.0,218900.0,286401,0.0,0.0,0.08910891089108919
2025-09-15,220890.0,229347.5,220392.5,225865.0,129866,0.0,0.0,0.031818181818181746
2025-09-16,225865.0,229347.5,224372.5,225865.0,70102,0.0,0.0,0.0
2025-09-17,224372.5,239297.5,224372.5,238800.0,192579,0.0,0.0,0.05726872246696035
2025-09-18,240790.0,240790.0,233825.0,237307.5,72818,0.0,0.0,-0.006249999999999978
2025-09-22,237307.5,239795.0,232332.5,234322.5,68637,0.0,0.0,-0.012578616352201255
2025-09-23,232332.5,234322.5,226860.0,228850.0,73235,0.0,0.0,-0.023354564755838636
2025-09-24,229347.5,230342.5,221885.0,226362.5,65885,0.0,0.0,-0.010869565217391353
2025-09-25,223377.5,224372.5,220890.0,222382.5,62205,0.0,0.0,-0.01758241758241763
2025-09-26,220392.5,221885.0,215417.5,218402.5,79182,0.0,0.0,-0.017897091722595126
2025-09-29,223377.5,224372.5,219895.0,220392.5,63137,0.0,0.0,0.009111617312072884
2025-09-30,219397.5,220890.0,213925.0,214920.0,68155,0.0,0.0,-0.02483069977426633
2025-10-01,217407.5,217407.5,209447.5,211437.5,89258,0.0,0.0,-0.01620370370370372
2025-10-02,218900.0,219397.5,212432.5,216412.5,167300,0.0,0.0,0.0235294117647058
2025-10-10,214422.5,217407.5,212930.0,215915.0,79143,0.0,0.0,-0.0022988505747126853
2025-10-13,213427.5,216412.5,210940.0,212432.5,69323,0.0,0.0,-0.016129032258064502
2025-10-14,212930.0,213925.0,206462.5,206462.5,113884,0.0,0.0,-0.02810304449648715
2025-10-15,208452.5,208452.5,203477.5,205467.5,81231,0.0,0.0,-0.004819277108433773
2025-10-16,209945.0,213925.0,205965.0,209447.5,133631,0.0,0.0,0.01937046004842613
2025-10-17,210442.5,210442.5,199000.0,200990.0,123009,0.0,0.0,-0.040380047505938266
2025-10-20,203477.5,203477.5,196114.5,200990.0,125236,0.0,0.0,0.0
2025-10-21,202980.0,208950.0,201985.0,204472.5,93592,0.0,0.0,0.017326732673267342
2025-10-22,204472.5,206960.0,200990.0,205467.5,47219,0.0,0.0,0.0048661800486617945
2025-10-23,203477.5,205965.0,202482.5,202482.5,63414,0.0,0.0,-0.014527845036319653
2025-10-24,205467.5,208950.0,201985.0,202482.5,80358,0.0,0.0,0.0
2025-10-27,202980.0,213427.5,202980.0,211935.0,117472,0.0,0.0,0.04668304668304679
2025-10-28,214920.0,223377.5,212432.5,216412.5,177875,0.0,0.0,0.021126760563380254
2025-10-29,220392.5,222880.0,214422.5,219895.0,108328,0.0,0.0,0.016091954022988464
2025-10-30,219397.5,225865.0,217407.5,220392.5,107947,0.0,0.0,0.002262443438914019
2025-10-31,220890.0,225865.0,218900.0,219397.5,76909,0.0,0.0,-0.004514672686230292
2025-11-03,223377.5,231337.5,221885.0,223377.5,122043,0.0,0.0,0.018140589569161092
2025-11-04,222382.5,224870.0,217905.0,219397.5,114083,0.0,0.0,-0.017817371937639215
2025-11-05,220392.5,220890.0,207955.0,213427.5,121618,0.0,0.0,-0.027210884353741527
2025-11-06,218402.5,221387.5,211935.0,215417.5,82505,0.0,0.0,0.00932400932400923
2025-11-07,218402.5,224372.5,215915.0,219895.0,111166,0.0,0.0,0.020785219399538146
2025-11-10,225367.5,230840.0,222382.5,225865.0,142729,0.0,0.0,0.02714932126696823
2025-11-11,230840.0,238800.0,226860.0,228352.5,181903,0.0,0.0,0.011013215859030812
2025-11-12,234820.0,242780.0,230840.0,240790.0,239388,0.0,0.0,0.05446623093681913
2025-11-13,240790.0,242780.0,231835.0,231835.0,189124,0.0,0.0,-0.037190082644628086
2025-11-14,227357.5,235815.0,224372.5,230342.5,144321,0.0,0.0,-0.006437768240343367
2025-11-17,234820.0,235317.5,217407.5,225865.0,161321,0.0,0.0,-0.01943844492440605
2025-11-18,223875.0,225367.5,213427.5,223377.5,230430,0.0,0.0,-0.011013215859030812
2025-11-19,209447.5,209945.0,186960.5,190741.5,871913,0.0,0.0,-0.1461024498886414
2025-11-20,191537.5,191637.0,181090.0,186065.0,544116,0.0,0.0,-0.024517475221700558
2025-11-21,179100.0,192731.5,175219.5,190343.5,524059,0.0,0.0,0.02299465240641707
2025-11-24,197010.0,211437.5,196910.5,201487.5,583410,0.0,0.0,0.05854678515420808
2025-11-25,204472.5,209945.0,198403.0,206960.0,224123,0.0,0.0,0.02716049382716057
2025-11-26,210442.5,226362.5,208452.5,212432.5,382944,0.0,0.0,0.02644230769230771
2025-11-27,214920.0,216910.0,208950.0,212432.5,134372,0.0,0.0,0.0
2025-11-28,213427.5,215417.5,206462.5,208950.0,125201,0.0,0.0,-0.016393442622950838
2025-12-01,202980.0,204970.0,198900.5,201985.0,130486,0.0,0.0,-0.033333333333333326
2025-12-02,201985.0,208950.0,200990.0,207955.0,99510,0.0,0.0,0.029556650246305383
2025-12-03,206960.0,215417.5,205965.0,214920.0,130344,0.0,0.0,0.03349282296650724
2025-12-04,211935.0,214920.0,207457.5,213925.0,125425,0.0,0.0,-0.00462962962962965
2025-12-05,211935.0,213427.5,207457.5,210940.0,86355,0.0,0.0,-0.013953488372092981
2025-12-08,209447.5,210442.5,198801.0,200990.0,206316,0.0,0.0,-0.047169811320754707
2025-12-09,200492.5,202980.0,198005.0,201985.0,138475,0.0,0.0,0.004950495049504955
2025-12-10,201985.0,201985.0,198005.0,199497.5,117816,0.0,0.0,-0.012315270935960632
2025-12-11,200492.5,200990.0,191637.0,192134.5,286071,0.0,0.0,-0.03690773067331676
2025-12-12,193428.0,196711.5,193030.0,194025.0,103729,0.0,0.0,0.009839461418953865
2025-12-15,190144.5,197209.0,190144.5,196214.0,117782,0.0,0.0,0.011282051282051286
2025-12-16,196114.5,197706.5,191637.0,195219.0,130887,0.0,0.0,-0.005070993914807254
2025-12-17,197109.5,197706.5,193030.0,196313.5,70804,0.0,0.0,0.005606523955147713
2025-12-18,195915.5,198104.5,191935.5,196612.0,114699,0.0,0.0,0.001520527116066983
2025-12-19,197408.0,197507.5,192632.0,193527.5,111998,0.0,0.0,-0.01568825910931171
2025-12-22,194323.5,198502.5,194025.0,197408.0,74697,0.0,0.0,0.020051413881748026
2025-12-23,197905.5,201487.5,197308.5,198900.5,68622,0.0,0.0,0.007560483870967749
2025-12-24,201487.5,209447.5,199497.5,207955.0,153846,0.0,0.0,0.045522761380690335
2025-12-26,207457.5,211437.5,202482.5,203477.5,108480,0.0,0.0,-0.021531100478468845
2025-12-29,201487.5,203975.0,197905.5,200492.5,87786,0.0,0.0,-0.014669926650366705
2025-12-30,199000.0,201985.0,197806.0,200492.5,55622,0.0,0.0,0.0
2026-01-02,207955.0,218402.5,205965.0,215417.5,214144,0.0,0.0,0.07444168734491319
2026-01-05,220890.0,221387.5,208950.0,212930.0,175965,0.0,0.0,-0.011547344110854452
2026-01-06,213925.0,219397.5,211935.0,214422.5,110450,0.0,0.0,0.007009345794392496
2026-01-07,216910.0,222880.0,210940.0,213427.5,109593,0.0,0.0,-0.004640371229698403
2026-01-08,211437.5,230342.5,210940.0,225865.0,251203,0.0,0.0,0.05827505827505819
2026-01-09,226860.0,227357.5,217905.0,221885.0,122718,0.0,0.0,-0.017621145374449365
2026-01-12,223875.0,227357.5,218900.0,222382.5,116946,0.0,0.0,0.0022421524663676085
2026-01-13,225367.5,246760.0,225367.5,245267.5,384354,0.0,0.0,0.1029082774049217
2026-01-14,243775.0,257207.5,241785.0,246262.5,213476,0.0,0.0,0.0040567951318457585
2026-01-15,251735.0,251735.0,231337.5,242780.0,193788,0.0,0.0,-0.014141414141414121
2026-01-16,239297.5,240292.5,230342.5,235317.5,201817,0.0,0.0,-0.030737704918032738
2026-01-19,233825.0,240790.0,231337.5,234322.5,119651,0.0,0.0,-0.0042283298097252064
2026-01-20,236312.5,239795.0,231337.5,232830.0,111635,0.0,0.0,-0.006369426751592355
2026-01-21,225367.5,228352.5,219397.5,221387.5,207767,0.0,0.0,-0.04914529914529919
2026-01-22,221885.0,232830.0,220392.5,227357.5,151969,0.0,0.0,0.026966292134831482
2026-01-23,230342.5,231337.5,223875.0,225865.0,100573,0.0,0.0,-0.006564551422319487
2026-01-26,224870.0,230840.0,224372.5,228850.0,130410,0.0,0.0,0.013215859030837107
2026-01-27,229845.0,241287.5,229845.0,232332.5,177238,0.0,0.0,0.01521739130434785
2026-01-28,233825.0,233825.0,228352.5,231337.5,111934,0.0,0.0,-0.004282655246252709
2026-01-29,231835.0,237805.0,227357.5,234820.0,172992,0.0,0.0,0.01505376344086029
2026-01-30,234322.5,240292.5,232332.5,233327.5,136921,0.0,0.0,-0.006355932203389814
2026-02-02,227357.5,228352.5,214920.0,218900.0,196381,0.0,0.0,-0.061833688699360345
2026-02-03,223875.0,225367.5,208950.0,212432.5,255178,0.0,0.0,-0.02954545454545454
2026-02-04,210940.0,215915.0,210442.5,212930.0,116746,0.0,0.0,0.0023419203747072626
2026-02-05,211437.5,214671.25,208452.5,209447.5,105314,0.0,0.0,-0.016355140186915862
2026-02-06,207955.0,217407.5,202482.5,215417.5,170694,0.0,0.0,0.028503562945368266
2026-02-09,215417.5,215417.5,200492.5,201985.0,461102,0.0,0.0,-0.06235565819861433
2026-02-10,204472.5,208452.5,200492.5,202482.5,216019,0.0,0.0,0.0024630541871921707
2026-02-11,211935.0,219397.5,210442.5,212432.5,318969,0.0,0.0,0.0491400491400491
2026-02-12,213925.0,214422.5,208950.0,214422.5,197713,0.0,0.0,0.00936768149882905
2026-02-13,211437.5,215915.0,209945.0,210940.0,104222,0.0,0.0,-0.016241299303944357
2026-02-19,215915.0,227357.5,214422.5,225865.0,197543,0.0,0.0,0.070754716981132
2026-02-20,225367.5,233825.0,223377.5,230840.0,145054,0.0,0.0,0.022026431718061623
2026-02-23,229845.0,232332.5,226860.0,228352.5,88744,0.0,0.0,-0.010775862068965525
2026-02-24,227855.0,230342.5,226362.5,228850.0,90693,0.0,0.0,0.002178649237472685
2026-02-25,229845.0,236312.5,227855.0,236312.5,133761,0.0,0.0,0.032608695652173836
2026-02-26,237805.0,248750.0,227357.5,230342.5,208387,0.0,0.0,-0.025263157894736876
2026-02-27,232830.0,235317.5,224372.5,229845.0,137527,0.0,0.0,-0.002159827213822907
2026-03-03,224870.0,228850.0,216910.0,218402.5,144683,0.0,0.0,-0.04978354978354982
2026-03-04,212930.0,216412.5,193925.5,194622.0,205937,0.0,0.0,-0.10888382687927112
2026-03-05,207457.5,208452.5,198502.5,203477.5,139135,0.0,0.0,0.04550102249488752
2026-03-06,199000.0,217407.5,199000.0,213427.5,151681,0.0,0.0,0.0488997555012225
2026-03-09,200990.0,214422.5,198005.0,212432.5,152153,0.0,0.0,-0.004662004662004615
2026-03-10,216910.0,226362.5,215915.0,218402.5,139260,0.0,0.0,0.02810304449648715
2026-03-11,222880.0,223875.0,206462.5,208950.0,142801,0.0,0.0,-0.0432801822323462
2026-03-12,208950.0,212930.0,206462.5,210940.0,143984,0.0,0.0,0.00952380952380949
2026-03-13,206960.0,228850.0,206462.5,227357.5,217746,0.0,0.0,0.07783018867924518
2026-03-16,229347.5,234820.0,223875.0,224870.0,99845,0.0,0.0,-0.01094091903719907
2026-03-17,224870.0,225865.0,218402.5,223377.5,112536,0.0,0.0,-0.006637168141592875
2026-03-18,226860.0,229347.5,223377.5,228850.0,83375,0.0,0.0,0.024498886414253906
2026-03-19,221387.5,223377.5,215915.0,219895.0,100715,0.0,0.0,-0.03913043478260869
2026-03-20,221885.0,231835.0,221885.0,226860.0,93946,0.0,0.0,0.03167420814479649
2026-03-23,218900.0,224870.0,211437.5,212930.0,73674,0.0,0.0,-0.06140350877192979
2026-03-24,220392.5,220890.0,211935.0,216412.5,41359,0.0,0.0,0.016355140186915973
2026-03-25,221885.0,233825.0,221387.5,226362.5,137087,0.0,0.0,0.04597701149425282
2026-03-26,227855.0,230840.0,221885.0,224372.5,94990,0.0,0.0,-0.00879120879120876
2026-03-27,219397.5,229347.5,219397.5,228850.0,99190,0.0,0.0,0.019955654101995624
2026-03-30,222500.0,226000.0,219500.0,222000.0,65740,1150.0,0.0,-0.029932270045881615
2026-03-31,220500.0,231000.0,220000.0,224000.0,126888,0.0,0.0,0.009009009009008917
2026-04-01,229500.0,231000.0,223000.0,229500.0,109627,0.0,0.0,0.024553571428571397
2026-04-02,229500.0,230000.0,211500.0,213000.0,145737,0.0,0.0,-0.07189542483660127
2026-04-03,214500.0,217500.0,211500.0,211500.0,42412,0.0,0.0,-0.007042253521126751
2026-04-06,214000.0,216500.0,211500.0,213000.0,39531,0.0,0.0,0.007092198581560183
2026-04-07,213500.0,217000.0,209000.0,210000.0,43798,0.0,0.0,-0.014084507042253502
2026-04-08,218500.0,220500.0,215000.0,218000.0,63520,0.0,0.0,0.03809523809523818
2026-04-09,217500.0,235000.0,217500.0,234000.0,226733,0.0,0.0,0.07339449541284404
2026-04-10,231000.0,246000.0,231000.0,240000.0,204638,0.0,0.0,0.02564102564102555
2026-04-13,236500.0,243500.0,234000.0,239000.0,81469,0.0,0.0,-0.004166666666666652
2026-04-14,240000.0,252000.0,240000.0,248500.0,190104,0.0,0.0,0.03974895397489542
2026-04-15,251000.0,254000.0,244000.0,247500.0,123092,0.0,0.0,-0.004024144869215318
2026-04-16,254000.0,272000.0,253500.0,266500.0,269116,0.0,0.0,0.07676767676767682
2026-04-17,268000.0,273000.0,261500.0,262500.0,85636,0.0,0.0,-0.015009380863039379
2026-04-20,274000.0,275000.0,265500.0,267500.0,117497,0.0,0.0,0.01904761904761898
2026-04-21,269000.0,270500.0,257000.0,260000.0,157072,0.0,0.0,-0.028037383177570097
2026-04-22,259500.0,279000.0,259000.0,275000.0,202238,0.0,0.0,0.05769230769230771
2026-04-23,281000.0,282000.0,266000.0,271000.0,103019,0.0,0.0,-0.014545454545454528
2026-04-24,273500.0,275500.0,265500.0,270500.0,90413,0.0,0.0,-0.0018450184501844769
2026-04-27,267500.0,267500.0,260000.0,261500.0,127724,0.0,0.0,-0.03327171903881698
2026-04-28,262500.0,273000.0,262500.0,267500.0,118157,0.0,0.0,0.02294455066921608
2026-04-29,273000.0,293000.0,272500.0,277500.0,290978,0.0,0.0,0.03738317757009346
2026-04-30,277500.0,280500.0,270000.0,270500.0,88748,0.0,0.0,-0.02522522522522519
2026-05-04,274000.0,277000.0,265500.0,267500.0,127840,0.0,0.0,-0.011090573012939031
2026-05-06,263500.0,267500.0,260000.0,261500.0,100104,0.0,0.0,-0.02242990654205612
2026-05-07,263000.0,263000.0,249000.0,253000.0,103560,0.0,0.0,-0.0325047801147228
2026-05-08,256000.0,266000.0,252500.0,255500.0,100639,0.0,0.0,0.009881422924901129
2026-05-11,254000.0,258500.0,249500.0,251000.0,72417,0.0,0.0,-0.017612524461839585
2026-05-12,253000.0,253500.0,241500.0,250000.0,111546,0.0,0.0,-0.003984063745019917
2026-05-13,271000.0,275000.0,235500.0,263000.0,371818,0.0,0.0,0.052000000000000046
2026-05-14,272000.0,291500.0,271000.0,279000.0,317755,0.0,0.0,0.06083650190114076
2026-05-15,276500.0,282500.0,268500.0,271500.0,122135,0.0,0.0,-0.026881720430107503
2026-05-18,267500.0,267500.0,258500.0,258500.0,94409,0.0,0.0,-0.047882136279926324
2026-05-19,259000.0,273000.0,258500.0,265000.0,149501,0.0,0.0,0.025145067698259194
2026-05-20,261500.0,269000.0,254000.0,260500.0,137637,0.0,0.0,-0.016981132075471694
2026-05-21,263000.0,275000.0,257500.0,263000.0,175578,0.0,0.0,0.009596928982725572
2026-05-22,265000.0,279000.0,264500.0,276000.0,158098,0.0,0.0,0.049429657794676896
2026-05-26,276000.0,281000.0,265500.0,271500.0,109533,0.0,0.0,-0.016304347826086918
2026-05-27,267500.0,286000.0,263000.0,277500.0,195713,0.0,0.0,0.022099447513812098
2026-05-28,279000.0,296500.0,274500.0,284500.0,256511,0.0,0.0,0.02522522522522519
2026-05-29,291500.0,293000.0,281000.0,289500.0,136133,0.0,0.0,0.017574692442882345
2026-06-01,302000.0,302500.0,288000.0,295500.0,204303,0.0,0.0,0.020725388601036343
2026-06-02,292500.0,343500.0,286000.0,338000.0,841776,0.0,0.0,0.143824027072758
2026-06-04,309500.0,309500.0,287500.0,289500.0,298337,0.0,0.0,-0.14349112426035504
2026-06-05,280000.0,284500.0,271500.0,281500.0,139003,0.0,0.0,-0.02763385146804831
2026-06-08,256000.0,279000.0,256000.0,267000.0,138672,0.0,0.0,-0.05150976909413851
2026-06-09,265500.0,274500.0,254500.0,264500.0,183554,0.0,0.0,-0.009363295880149836
2026-06-10,257500.0,265000.0,248500.0,257000.0,2,0.0,0.0,-0.02835538752362954
2026-06-11,247500.0,260000.0,244000.0,260000.0,130729,0.0,0.0,0.011673151750972721
2026-06-12,265500.0,272000.0,256000.0,263000.0,136637,0.0,0.0,0.011538461538461497
2026-06-15,269500.0,272500.0,259500.0,261500.0,153769,0.0,0.0,-0.005703422053231932
2026-06-16,264500.0,268500.0,259000.0,261000.0,108095,0.0,0.0,-0.0019120458891013214
2026-06-17,262500.0,270500.0,256000.0,266500.0,105022,0.0,0.0,0.021072796934865856
2026-06-18,267000.0,269000.0,258500.0,258500.0,78426,0.0,0.0,-0.030018761726078758
2026-06-19,261000.0,282500.0,260500.0,277000.0,245967,0.0,0.0,0.07156673114119916
2026-06-22,277500.0,277500.0,259500.0,260500.0,87811,0.0,0.0,-0.05956678700361007
2026-06-23,259500.0,263000.0,241500.0,241500.0,105077,0.0,0.0,-0.07293666026871404
2026-06-24,244500.0,247500.0,238000.0,243500.0,72488,0.0,0.0,0.008281573498964745
2026-06-25,243000.0,248000.0,233500.0,234500.0,144753,0.0,0.0,-0.03696098562628336
2026-06-26,244000.0,244000.0,227500.0,238000.0,116875,0.0,0.0,0.014925373134328401
2026-06-29,240000.0,261000.0,236500.0,259000.0,149521,0.0,0.0,0.08823529411764697
2026-06-30,259000.0,267500.0,254000.0,257500.0,98030,0.0,0.0,-0.00579150579150578
2026-07-01,258500.0,261000.0,252500.0,255500.0,76338,0.0,0.0,-0.007766990291262155
2026-07-02,257000.0,274000.0,253000.0,265000.0,123319,0.0,0.0,0.03718199608610573
2026-07-03,265500.0,265500.0,253000.0,261000.0,66763,0.0,0.0,-0.015094339622641506
2026-07-06,262000.0,262500.0,248500.0,252500.0,58449,0.0,0.0,-0.03256704980842917
2026-07-07,253500.0,259000.0,247000.0,255000.0,84626,0.0,0.0,0.00990099009900991
2026-07-08,255500.0,261000.0,248500.0,258500.0,91476,0.0,0.0,0.013725490196078383
2026-07-09,257000.0,260500.0,245500.0,249500.0,113167,0.0,0.0,-0.03481624758220503
2026-07-10,254500.0,256000.0,248000.0,248500.0,79422,0.0,0.0,-0.004008016032064132
2026-07-13,250500.0,251000.0,236000.0,240500.0,82609,0.0,0.0,-0.03219315895372232
2026-07-14,240000.0,242000.0,227500.0,227500.0,105648,0.0,0.0,-0.05405405405405406
2026-07-15,232000.0,238500.0,225000.0,226500.0,97712,0.0,0.0,-0.00439560439560438
2026-07-16,225500.0,228500.0,220000.0,223000.0,86310,0.0,0.0,-0.015452538631346546
2026-07-20,219000.0,220500.0,208000.0,210500.0,114745,0.0,0.0,-0.056053811659192876
2026-07-21,209000.0,216000.0,203000.0,213500.0,107449,0.0,0.0,0.014251781472684133
2026-07-22,217000.0,223000.0,215000.0,218000.0,49139,0.0,0.0,0.021077283372365363
2026-07-23,217000.0,227000.0,217000.0,225000.0,63084,0.0,0.0,0.032110091743119185
2026-07-24,223500.0,231000.0,220000.0,228000.0,63403,0.0,0.0,0.01333333333333342
2026-07-27,229500.0,235000.0,227500.0,232500.0,49650,0.0,0.0,0.019736842105263053
2026-07-28,229500.0,231500.0,221500.0,225000.0,58116,0.0,0.0,-0.032258064516129004
2026-07-29,225500.0,232000.0,216500.0,222500.0,100004,0.0,0.0,-0.011111111111111072
2026-07-30,223500.0,237000.0,221500.0,229000.0,91648,0.0,0.0,0.02921348314606731
2026-07-31,230500.0,234500.0,222500.0,234500.0,84945,0.0,0.0,0.024017467248908186
2026-08-03,230000.0,238000.0,228000.0,232000.0,54463,0.0,0.0,-0.010660980810234588
2026-08-04,229000.0,242000.0,229000.0,240500.0,43882,0.0,0.0,0.03663793103448265
2026-08-05,241500.0,245500.0,234500.0,235000.0,68032,0.0,0.0,-0.022869022869022815
2026-08-06,236000.0,241000.0,233000.0,239500.0,45617,0.0,0.0,0.01914893617021285
2026-08-07,238000.0,249000.0,238000.0,248500.0,59029,0.0,0.0,0.03757828810020869
2026-08-10,247500.0,248000.0,238500.0,243500.0,50179,0.0,0.0,-0.02012072434607648
2026-08-11,247500.0,268000.0,241000.0,255500.0,220264,0.0,0.0,0.04928131416837789
2026-08-12,255500.0,265000.0,241000.0,246500.0,125934,0.0,0.0,-0.03522504892367906
2026-08-13,249000.0,250500.0,240000.0,243500.0,111441,0.0,0.0,-0.012170385395537497
2026-08-14,245000.0,248000.0,240500.0,247500.0,74476,0.0,0.0,0.01642710472279263
