Date,Open,High,Low,Close,Volume,Dividends,Stock Splits,Return
2001-01-01,2675.587890625,2675.587890625,2675.587890625,2675.587890625,0,0.0,0.0,
2001-01-02,2675.587890625,2675.587890625,2675.587890625,2675.587890625,0,0.0,0.0,0.0
2001-01-03,2675.587890625,2675.587890625,2675.587890625,2675.587890625,0,0.0,0.0,0.0
2001-01-04,2662.909280147279,2707.2911014830665,2650.228759765625,2650.228759765625,26800,0.0,0.0,-0.009477965926004916
2001-01-05,2618.52685546875,2662.90866657839,2612.186596738801,2618.52685546875,87300,0.0,0.0,-0.011961950144891875
2001-01-08,2618.52685546875,2618.52685546875,2618.52685546875,2618.52685546875,0,0.0,0.0,0.0
2001-01-09,2599.5068542480467,2599.5068542480467,2517.0834661865233,2536.104248046875,89100,0.0,0.0,-0.031476708840979306
2001-01-10,2504.4018128506855,2574.1446481452617,2440.999235310162,2542.443359375,121600,0.0,0.0,0.002499546827779975
2001-01-11,2415.6379539565287,2567.804124284499,2409.29769685953,2561.4638671875,201700,0.0,0.0,0.007481192350800692
2001-01-12,2529.7635201119087,2618.527152396537,2510.7427417652025,2580.485595703125,64100,0.0,0.0,0.007426116276436412
2001-01-15,2536.102877669598,2567.804163640468,2517.0821060870758,2523.42236328125,57100,0.0,0.0,-0.02211336986995527
2001-01-16,2491.7218255537978,2529.7633801424054,2472.7010482594937,2504.40234375,87000,0.0,0.0,-0.007537390413913103
2001-01-17,2479.040941756811,2542.44352338742,2460.0201672676285,2472.70068359375,121300,0.0,0.0,-0.012658373457988814
2001-01-18,2479.0417757764276,2593.1664611062884,2466.3612551842207,2567.805419921875,148300,0.0,0.0,0.038461887829424946
2001-01-19,2662.9092532641266,2853.1170570687073,2662.9092532641266,2777.033935546875,571100,0.0,0.0,0.08148145260608008
2001-01-22,2884.817502170139,2948.2200846354167,2834.0954361979166,2853.1162109375,335400,0.0,0.0,0.02739695558514743
2001-01-23,2770.693333296342,2834.095926735618,2726.3115178888493,2789.714111328125,97400,0.0,0.0,-0.02222205298414459
2001-01-24,2789.714038475228,2827.7555935453447,2719.971187513347,2783.373779296875,63300,0.0,0.0,-0.0022727533282008716
2001-01-25,2783.3729369833964,2783.3729369833964,2726.3106216466067,2732.65087890625,53400,0.0,0.0,-0.01822353173257185
2001-01-26,2669.248925896683,2726.3112544787973,2669.248925896683,2681.929443359375,48000,0.0,0.0,-0.01856125710693657
2001-01-29,2637.5481286337213,2726.311767578125,2637.5481286337213,2726.311767578125,46400,0.0,0.0,0.01654865467420974
2001-01-30,2662.9088338216147,2783.373757256402,2662.9088338216147,2738.991943359375,97300,0.0,0.0,0.004651036587981272
2001-01-31,2789.7136284722224,2853.1162109375,2758.0123372395833,2853.1162109375,154700,0.0,0.0,0.04166652182194874
2001-02-01,2789.7143342391305,2916.51953125,2789.7143342391305,2916.51953125,192500,0.0,0.0,0.022222480833217206
2001-02-02,2865.796623126414,2865.796623126414,2802.39404296875,2802.39404296875,85400,0.0,0.0,-0.03913071284399616
2001-02-05,2770.693775981938,2827.7561191943805,2726.3119534833713,2764.353515625,122400,0.0,0.0,-0.013574296391042573
2001-02-06,2796.0543706720523,2853.1167047674007,2783.3738519841972,2789.714111328125,72600,0.0,0.0,0.009174150686509064
2001-02-07,2789.713505091292,2846.775826786341,2764.3524732268256,2821.414794921875,55600,0.0,0.0,0.011363416582732988
2001-02-08,2789.714111328125,2827.75566739169,2707.290739857067,2789.714111328125,84000,0.0,0.0,-0.011235740186379739
2001-02-09,2726.311090142877,2840.435740427928,2726.311090142877,2815.07470703125,126500,0.0,0.0,0.00909075076909982
2001-02-12,2815.07470703125,2815.07470703125,2815.07470703125,2815.07470703125,0,0.0,0.0,0.0
2001-02-13,2719.9712171957526,2738.9919949383802,2700.950439453125,2700.950439453125,142400,0.0,0.0,-0.04054040459142183
2001-02-14,2605.8468071697966,2631.207846655634,2574.1455078125,2574.1455078125,270600,0.0,0.0,-0.04694826302192345
2001-02-15,2700.950727879724,2732.6520275027256,2662.909168332122,2726.311767578125,147000,0.0,0.0,0.05911330936957615
2001-02-16,2694.6102722449236,2777.033645278298,2688.270012780818,2751.672607421875,127200,0.0,0.0,0.009302252275527056
2001-02-19,2726.3114466917,2783.373779296875,2700.950409978289,2783.373779296875,138200,0.0,0.0,0.011520691738361233
2001-02-20,2770.6928985870636,2840.435740427928,2758.0123818887246,2815.07470703125,131700,0.0,0.0,0.011389389369897307
2001-02-21,2815.075148703835,2853.1167047674007,2758.012814608487,2789.714111328125,121700,0.0,0.0,-0.009008853526970895
2001-02-22,2796.0543706720523,2815.075148703835,2694.6102211692114,2789.714111328125,68000,0.0,0.0,0.0
2001-02-23,2726.310925430126,2821.414794921875,2726.310925430126,2821.414794921875,92100,0.0,0.0,0.011363416582732988
2001-02-26,2764.353387188208,2821.415727749433,2764.353387188208,2796.0546875,61900,0.0,0.0,-0.008988436392805221
2001-02-27,2751.672413478388,2796.054226599007,2707.290600357769,2713.630859375,121300,0.0,0.0,-0.02947861803042795
2001-02-28,2681.9296112060547,2789.714016384549,2681.9296112060547,2738.991943359375,62300,0.0,0.0,0.00934581204984375
2001-03-01,2675.589037680003,2719.9708463618986,2605.8461954655954,2669.248779296875,76300,0.0,0.0,-0.025463077476949425
2001-03-02,2675.5886296130043,2694.609401861438,2542.4432238739687,2593.165283203125,89600,0.0,0.0,-0.028503711112979002
2001-03-05,2612.186596738801,2681.9294427682353,2567.8047856291614,2618.52685546875,78500,0.0,0.0,0.009780160342999
2001-03-06,2643.886612300059,2675.587890625,2631.206100970083,2675.587890625,57200,0.0,0.0,0.02179127360755495
2001-03-07,2675.5894024629547,2738.9919949383802,2599.5062914924442,2700.950439453125,131900,0.0,0.0,0.009479243390580816
2001-03-08,2637.548310710024,2719.9716954197124,2637.548310710024,2656.569091796875,29700,0.0,0.0,-0.016431751952189155
2001-03-09,2681.929296063131,2726.3111047450266,2643.887745764363,2669.248779296875,111300,0.0,0.0,0.004772956042872423
2001-03-12,2637.5479307432433,2662.9089685388512,2574.145336254223,2580.485595703125,77000,0.0,0.0,-0.03325399426318432
2001-03-13,2517.0825424581617,2542.443575631544,2491.7215092847796,2498.061767578125,138400,0.0,0.0,-0.0319412083765348
2001-03-14,2498.061767578125,2498.061767578125,2498.061767578125,2498.061767578125,0,0.0,0.0,0.0
2001-03-15,2440.999235310162,2542.443359375,2409.2979465399,2542.443359375,87700,0.0,0.0,0.017766410892194662
2001-03-16,2479.0419024658204,2586.8263330078125,2447.3405993652345,2536.104248046875,89500,0.0,0.0,-0.0024933146710034437
2001-03-19,2485.3816132127195,2561.464723821272,2485.3816132127195,2529.763427734375,69900,0.0,0.0,-0.0025002206898171453
2001-03-20,2529.763427734375,2529.763427734375,2529.763427734375,2529.763427734375,0,0.0,0.0,0.0
2001-03-21,2580.4859674494705,2656.569091796875,2555.124926000336,2656.569091796875,71500,0.0,0.0,0.0501255029115768
2001-03-22,2618.5275585468,2681.930162869967,2618.5275585468,2637.54833984375,67600,0.0,0.0,-0.007159893567932563
2001-03-23,2662.90866657839,2662.90866657839,2612.186596738801,2618.52685546875,133900,0.0,0.0,-0.007211805026529627
2001-03-26,2631.2078224165284,2872.1376953125,2624.867562603477,2872.1376953125,150900,0.0,0.0,0.09685248761687815
2001-03-27,2834.095310854108,2853.1160847524575,2770.692731192942,2821.414794921875,118900,0.0,0.0,-0.017660330308469474
2001-03-28,2789.7139386432927,2865.797046060837,2764.3529028374446,2859.456787109375,171300,0.0,0.0,0.01348330357378491
2001-03-29,2853.1160627092636,2872.1368364606583,2840.435546875,2840.435546875,140700,0.0,0.0,-0.006652046752419594
2001-03-30,2878.4776441786025,2903.8386806911894,2732.6516842312285,2738.991943359375,81500,0.0,0.0,-0.0357141015317991
2001-04-02,2764.3524948741515,2815.0745590002825,2732.6512047953192,2802.39404296875,48200,0.0,0.0,0.023147968639736893
2001-04-03,2808.7346677502796,2840.43596196868,2808.7346677502796,2834.095703125,63200,0.0,0.0,0.011312349252165399
2001-04-04,2821.41518543764,2846.7762208123604,2821.41518543764,2834.095703125,92200,0.0,0.0,0.0
2001-04-05,2846.77685546875,2859.4573759830873,2808.735293925738,2846.77685546875,76900,0.0,0.0,0.0044744968667667084
2001-04-06,2789.7139386432927,2884.817822915223,2789.7139386432927,2859.456787109375,30800,0.0,0.0,0.0044541361281149605
2001-04-09,2789.7143177428256,2872.1376953125,2789.7143177428256,2872.1376953125,71700,0.0,0.0,0.004434726294970215
2001-04-10,2808.7347937689888,2853.1166076660156,2732.6516842312285,2738.991943359375,41300,0.0,0.0,-0.046357718911049006
2001-04-11,2764.3532885687077,2808.735107421875,2726.3117295517072,2808.735107421875,46600,0.0,0.0,0.025463077476949314
2001-04-12,2821.4154615270377,2821.4154615270377,2738.9920884936637,2751.672607421875,55100,0.0,0.0,-0.020316084578149263
2001-04-13,2751.6719788426185,2802.39404296875,2745.3317208268522,2802.39404296875,39900,0.0,0.0,0.01843294707737675
2001-04-16,2789.7145570527523,2789.7145570527523,2719.9716931264334,2764.353515625,27600,0.0,0.0,-0.013574296391042573
2001-04-17,2777.032679723753,2783.3729369833964,2681.928820829104,2732.65087890625,76500,0.0,0.0,-0.01146837281829427
2001-04-18,2726.3113999640805,2777.0334725215516,2713.6308818247126,2758.0126953125,57000,0.0,0.0,0.009281030592682704
2001-04-19,2853.116480218464,2853.116480218464,2713.630785630006,2770.693115234375,127800,0.0,0.0,0.004597665537735329
2001-04-20,2758.0125481355276,2770.6930655982196,2662.9086671653367,2681.929443359375,81000,0.0,0.0,-0.0320366306130917
2001-04-23,2681.929586476293,2783.3737315912354,2662.9088092672414,2758.0126953125,86300,0.0,0.0,0.028368849203513458
2001-04-24,2694.6104679551236,2726.311767578125,2662.909168332122,2726.311767578125,91700,0.0,0.0,-0.011494119584095297
2001-04-25,2675.5891846280288,2707.290478284759,2669.248925896683,2681.929443359375,33000,0.0,0.0,-0.016279254906410134
2001-04-26,2675.5891846280288,2707.290478284759,2669.248925896683,2681.929443359375,33000,0.0,0.0,0.0
2001-04-27,2599.504822645142,2681.928146289988,2580.4840556501777,2675.587890625,151600,0.0,0.0,-0.0023645486834402707
2001-04-30,2675.587890625,2675.587890625,2675.587890625,2675.587890625,0,0.0,0.0,0.0
2001-05-01,2612.187269260889,2662.909352159159,2599.506748536322,2656.569091796875,106700,0.0,0.0,-0.007108269137696799
2001-05-02,2662.908094091323,2662.908094091323,2593.1652630555977,2612.18603515625,195900,0.0,0.0,-0.016706908462374992
2001-05-03,2612.18603515625,2612.18603515625,2612.18603515625,2612.18603515625,0,0.0,0.0,0.0
2001-05-04,2612.18603515625,2612.18603515625,2612.18603515625,2612.18603515625,0,0.0,0.0,0.0
2001-05-07,2643.887890388544,2662.90866657839,2580.4853030890586,2618.52685546875,2100,0.0,0.0,0.00242739997349406
2001-05-08,2586.8257606907896,2599.506279125548,2529.763427734375,2529.763427734375,3500,0.0,0.0,-0.03389823081210497
2001-05-09,2593.165844726562,2669.2489501953123,2567.8048095703125,2662.90869140625,2000,0.0,0.0,0.052631507836730096
2001-05-10,2637.546799698795,2662.907826618976,2536.102692018072,2631.20654296875,1600,0.0,0.0,-0.011905082791538901
2001-05-11,2662.9093815730166,2694.6106837346,2631.208079411433,2637.54833984375,1700,0.0,0.0,0.0024102238921330787
2001-05-14,2650.228148505351,2650.228148505351,2548.7840088496437,2555.124267578125,800,0.0,0.0,-0.03125026033475764
2001-05-15,2586.825855152027,2599.5063740498313,2555.1245579075166,2580.485595703125,132100,0.0,0.0,0.009925673066789376
2001-05-16,2593.1664611062884,2593.1664611062884,2523.423597849151,2567.805419921875,120700,0.0,0.0,-0.004913871948118764
2001-05-17,2542.443134863772,2548.783392057946,2491.72107731038,2523.42236328125,238200,0.0,0.0,-0.017284431404454015
2001-05-18,2472.7005567674514,2504.4018459567774,2428.3187519023945,2440.999267578125,274900,0.0,0.0,-0.032663218374568426
2001-05-21,2460.020337102346,2523.422923110138,2453.6800785015666,2466.360595703125,234600,0.0,0.0,0.01038973196831905
2001-05-22,2460.0202361179463,2460.0202361179463,2415.638427734375,2415.638427734375,192400,0.0,0.0,-0.02056559290523774
2001-05-23,2421.9791648780906,2440.999943659856,2288.8337134057347,2307.8544921875,303500,0.0,0.0,-0.04461923370210896
2001-05-24,2345.895964221606,2453.6803733885445,2320.5349267705615,2428.3193359375,334800,0.0,0.0,0.052197763835542865
2001-05-25,2491.7219768198884,2504.402495785893,2440.9999009558705,2453.680419921875,175500,0.0,0.0,0.010443883392537323
2001-05-28,2491.7214865888695,2536.1032942380352,2479.040970117679,2517.08251953125,173800,0.0,0.0,0.025839591453965083
2001-05-29,2517.0824379402125,2517.0824379402125,2409.2980514289184,2447.339599609375,106200,0.0,0.0,-0.027707840081009016
2001-05-30,2383.937816022878,2396.618336320872,2339.555994979899,2390.278076171875,107200,0.0,0.0,-0.023315735767364565
2001-05-31,2371.2566193508037,2415.638427734375,2345.8955859887633,2415.638427734375,73900,0.0,0.0,0.010609791310605798
2001-06-01,2402.9580078125,2409.2982664083115,2345.8956804501977,2402.9580078125,33000,0.0,0.0,-0.005249303776711289
2001-06-04,2390.2773665973846,2421.9786579315673,2339.555300462692,2371.256591796875,40500,0.0,0.0,-0.01319266333933311
2001-06-05,2352.2360107421873,2358.5762695312496,2269.812646484375,2282.4931640625,188200,0.0,0.0,-0.037433075796792004
2001-06-06,2314.1944580078125,2320.534716796875,2257.13212890625,2282.4931640625,146600,0.0,0.0,0.0
2001-06-07,2250.7918701171875,2282.4931640625,2238.1113525390624,2282.4931640625,50400,0.0,0.0,0.0
2001-06-08,2345.8965777029953,2345.8965777029953,2250.7926623907115,2288.834228515625,130900,0.0,0.0,0.0027781307532324107
2001-06-11,2282.4931146857443,2288.8333733376494,2238.1113041224103,2257.132080078125,53800,0.0,0.0,-0.01385078396789785
2001-06-12,2187.389451166279,2212.75048828125,2130.327117657593,2212.75048828125,353300,0.0,0.0,-0.01966282442600298
2001-06-13,2212.7499256353267,2250.7914716347877,2206.40966796875,2206.40966796875,343800,0.0,0.0,-0.002865583058768273
2001-06-14,2219.0906258516534,2219.0906258516534,2181.049072265625,2181.049072265625,141100,0.0,0.0,-0.01149405573737916
2001-06-15,2155.6881085824275,2187.389404296875,2143.0075902966487,2187.389404296875,101700,0.0,0.0,0.00290701026027973
2001-06-18,2155.68882327108,2155.68882327108,2123.987517046505,2143.00830078125,65400,0.0,0.0,-0.020289530263081335
2001-06-19,2143.007273051553,2155.687789460142,2111.3059820300805,2117.646240234375,84100,0.0,0.0,-0.011834793424565393
2001-06-20,2123.986768463227,2123.986768463227,2041.563401328833,2098.625732421875,94800,0.0,0.0,-0.008981909939024924
2001-06-21,2104.966623850413,2244.4523639850786,2092.286102019989,2111.306884765625,100900,0.0,0.0,0.006042598328914739
2001-06-22,2149.348486057609,2288.834228515625,2149.348486057609,2288.834228515625,94900,0.0,0.0,0.08408410214117557
2001-06-25,2314.1941658395235,2364.916229748335,2307.853907850922,2320.534423828125,179300,0.0,0.0,0.0138499306404809
2001-06-26,2396.618126502404,2396.618126502404,2288.8337134057347,2307.8544921875,143600,0.0,0.0,-0.0054642290631082835
2001-06-27,2295.1736816406246,2345.895751953125,2282.4931640625,2282.4931640625,48900,0.0,0.0,-0.010989136538223088
2001-06-28,2314.1943595422563,2333.215135100138,2282.493066945787,2295.173583984375,72000,0.0,0.0,0.005555512770651916
2001-06-29,2364.9167540999483,2364.9167540999483,2301.51416015625,2301.51416015625,103000,0.0,0.0,0.0027625693394692785
2001-07-02,2333.2151145833336,2377.596923828125,2326.8748561197917,2377.596923828125,73700,0.0,0.0,0.033057699574053245
2001-07-03,2383.937546258224,2485.381697162829,2358.5765085320722,2409.298583984375,129100,0.0,0.0,0.013333488043552721
2001-07-04,2345.8956282106165,2358.576145119863,2282.4930436643835,2314.1943359375,148700,0.0,0.0,-0.03947383220953726
2001-07-05,2314.19467894499,2314.19467894499,2269.812863184401,2301.51416015625,78100,0.0,0.0,-0.00547930464798807
2001-07-06,2276.1530810686786,2276.1530810686786,2162.028414051307,2212.75048828125,110500,0.0,0.0,-0.038567510646544845
2001-07-09,2206.410229002507,2212.75048828125,2162.028414051307,2212.75048828125,59000,0.0,0.0,0.0
2001-07-10,2244.4518256069214,2301.51416015625,2231.771306818182,2301.51416015625,46200,0.0,0.0,0.0401146321490351
2001-07-11,2238.111499439586,2314.194609902122,2174.7089073874736,2231.771240234375,95700,0.0,0.0,-0.030303059233465768
2001-07-12,2295.174489536444,2295.174489536444,2244.452401369893,2288.834228515625,44000,0.0,0.0,0.025568475501663634
2001-07-13,2352.235713771132,2352.235713771132,2307.853907850922,2320.534423828125,104400,0.0,0.0,0.0138499306404809
2001-07-16,2257.1320328686115,2307.8541010229624,2225.4307402721424,2295.173583984375,92600,0.0,0.0,-0.010928878961387167
2001-07-17,2339.5555660114137,2358.576342970856,2314.19453006549,2352.236083984375,69000,0.0,0.0,0.02486195397079327
2001-07-18,2352.2359371030234,2364.916454284172,2326.8749027407266,2339.555419921875,56700,0.0,0.0,-0.005390897686179841
2001-07-19,2307.8544195506197,2307.8544195506197,2276.1531225787708,2301.51416015625,46600,0.0,0.0,-0.016260037886555057
2001-07-20,2301.51416015625,2301.51416015625,2301.51416015625,2301.51416015625,0,0.0,0.0,0.0
2001-07-23,2276.152459613347,2288.8329747086864,2219.0901416843217,2244.451171875,56400,0.0,0.0,-0.024793672474027306
2001-07-24,2276.152976146606,2358.576342970856,2225.4309042547593,2352.236083984375,57000,0.0,0.0,0.048022836700578386
2001-07-25,2364.916229748335,2371.2564877369364,2320.534423828125,2320.534423828125,45400,0.0,0.0,-0.013477244215449491
2001-07-26,2288.834228515625,2326.8757946405385,2282.493967494806,2288.834228515625,33600,0.0,0.0,-0.013660730470959837
2001-07-27,2307.8541992187497,2314.1944580078125,2276.152905273437,2282.4931640625,47100,0.0,0.0,-0.0027704341249901177
2001-07-30,2282.4931146857443,2282.4931146857443,2219.090528166696,2257.132080078125,34500,0.0,0.0,-0.011111132503562882
2001-07-31,2276.15278520976,2314.1943359375,2257.1320098458905,2314.1943359375,24300,0.0,0.0,0.025280866974076277
2001-08-01,2314.194195213011,2377.5967759037785,2295.173421005781,2364.916259765625,43500,0.0,0.0,0.02191774607709296
2001-08-02,2409.297947151951,2434.6589781746034,2377.596658373636,2396.617431640625,52100,0.0,0.0,0.013404775642306133
2001-08-03,2428.3188096343492,2428.3188096343492,2320.534423828125,2320.534423828125,62800,0.0,0.0,-0.03174599617278784
2001-08-06,2314.1943359375,2314.1943359375,2269.812526755137,2314.1943359375,49200,0.0,0.0,-0.0027321671359504807
2001-08-07,2307.854624646775,2390.2780040984458,2295.1741047311334,2383.937744140625,30000,0.0,0.0,0.030137230534215798
2001-08-08,2326.874975585937,2390.277563476562,2326.874975585937,2345.895751953125,27700,0.0,0.0,-0.015957628206106356
2001-08-09,2371.2567871093747,2377.5970458984375,2320.534716796875,2345.895751953125,40300,0.0,0.0,0.0
2001-08-10,2326.8754045202377,2402.9585240140873,2326.8754045202377,2383.937744140625,33800,0.0,0.0,0.016216403544712987
2001-08-13,2320.534525662182,2383.9371083305477,2301.5137508616726,2371.256591796875,28300,0.0,0.0,-0.005319414223344698
2001-08-14,2377.5971935641383,2383.937452746976,2339.555638467112,2358.576416015625,29500,0.0,0.0,-0.005347449881685451
2001-08-15,2345.895751953125,2377.5970458984375,2326.874975585937,2345.895751953125,51500,0.0,0.0,-0.005376405859226607
2001-08-16,2320.534328294837,2358.575874660326,2295.173297384511,2333.21484375,60900,0.0,0.0,-0.005405571919624874
2001-08-17,2371.256390115489,2371.256390115489,2333.21484375,2333.21484375,42300,0.0,0.0,0.0
2001-08-20,2345.895455782531,2345.895455782531,2288.8331338851176,2320.534423828125,36300,0.0,0.0,-0.005434741663778664
2001-08-21,2301.514012092529,2358.576342970856,2301.514012092529,2352.236083984375,68700,0.0,0.0,0.01366136172371557
2001-08-22,2339.5555660114137,2390.27763790326,2326.875048038452,2352.236083984375,106200,0.0,0.0,0.0
2001-08-23,2364.916454284172,2383.9372300558944,2339.555419921875,2339.555419921875,60400,0.0,0.0,-0.005390897686179841
2001-08-24,2339.555419921875,2371.256712874746,2339.555419921875,2339.555419921875,39000,0.0,0.0,0.0
2001-08-27,2326.8745860224185,2345.895359205163,2326.8745860224185,2333.21484375,73700,0.0,0.0,-0.002710162844565933
2001-08-28,2333.215234375,2358.5762695312496,2307.8541992187497,2345.895751953125,101700,0.0,0.0,0.005434950937798666
2001-08-29,2320.534891027594,2320.534891027594,2269.8128169067722,2276.153076171875,146500,0.0,0.0,-0.029729656879758704
2001-08-30,2250.792043953707,2250.792043953707,2181.049191887536,2212.75048828125,168800,0.0,0.0,-0.027855151111918164
2001-08-31,2123.987517046505,2193.7303907405694,2123.987517046505,2143.00830078125,105400,0.0,0.0,-0.031518324306945344
2001-09-03,2193.729338685909,2206.409855094498,2092.2852074171965,2117.646240234375,86900,0.0,0.0,-0.011834793424565393
2001-09-04,2085.945141601562,2111.3061767578124,2054.2438476562497,2092.285400390625,83000,0.0,0.0,-0.011975956777815377
2001-09-05,2155.6876382483056,2155.6876382483056,2085.9448028932134,2104.965576171875,56700,0.0,0.0,0.006060442700065005
2001-09-06,2123.9874065960494,2143.0081893416855,2041.564014698292,2111.306884765625,49700,0.0,0.0,0.003012547409579236
2001-09-07,2143.00749448397,2206.4100830781704,2123.9867179057096,2200.06982421875,84900,0.0,0.0,0.04204170416608033
2001-09-10,2104.9659179687496,2111.3061767578124,2047.9035888671874,2092.285400390625,116400,0.0,0.0,-0.04899136502015322
2001-09-11,2111.306884765625,2136.6679284264733,2104.966623850413,2111.306884765625,31000,0.0,0.0,0.009091247480601305
2001-09-12,1952.799560546875,1997.1813687411222,1952.799560546875,1952.799560546875,25200,0.0,0.0,-0.07507545462124787
2001-09-13,1952.8001121238424,1965.480632332439,1860.8663406115188,1883.0572509765625,107800,0.0,0.0,-0.03571401334747404
2001-09-14,1867.2060461709664,1946.4592739371365,1838.6748841751453,1908.417724609375,93400,0.0,0.0,0.013467712476431748
2001-09-17,1895.7378455328349,1895.7378455328349,1768.9326384737824,1781.6131591796875,123600,0.0,0.0,-0.06644486885366907
2001-09-18,1705.5291451590404,1806.9732578822545,1705.5291451590404,1775.27197265625,175500,0.0,0.0,-0.003559238710583612
2001-09-19,1711.8699313813604,1845.0153704887996,1711.8699313813604,1791.1231689453125,133000,0.0,0.0,0.008928883310958424
2001-09-20,1841.8453699060387,1895.737575221706,1825.9947212837837,1876.716796875,159800,0.0,0.0,0.047787683959271465
2001-09-21,1825.9941651705567,1825.9941651705567,1730.8903024012568,1765.76171875,247400,0.0,0.0,-0.059121908169498916
2001-09-24,1765.76171875,1765.76171875,1765.76171875,1765.76171875,0,0.0,0.0,0.0
2001-09-25,1908.4180244311951,1914.7582836485744,1794.2933585183662,1806.973876953125,43800,0.0,0.0,0.02333959206698588
2001-09-26,1781.6128400836074,1832.3349138226424,1775.272580866228,1806.973876953125,66200,0.0,0.0,0.0
2001-09-27,1756.2516602440703,1794.293212451523,1708.6997199847542,1762.5919189453125,65400,0.0,0.0,-0.02456148291565141
2001-09-28,1762.5919189453123,1762.5919189453123,1762.5919189453123,1762.5919189453125,0,0.0,0.0,0.0
2001-10-01,1768.9325544686153,1838.6754150390625,1762.5922944167564,1838.6754150390625,79700,0.0,0.0,0.0431656898434416
2001-10-02,1864.0364552464978,1889.397495453933,1813.314374831627,1838.6754150390625,90400,0.0,0.0,0.0
2001-10-03,1838.674622602686,1914.7577104345212,1832.3343652833662,1895.7369384765625,194700,0.0,0.0,0.03103403840111052
2001-10-04,1908.4176800755802,1965.4800027356473,1908.4176800755802,1946.459228515625,97000,0.0,0.0,0.02675597495073534
2001-10-05,1965.4795497238256,1997.1808327838874,1908.4172402157144,1990.840576171875,126200,0.0,0.0,0.022801067192193658
2001-10-08,1990.840576171875,1990.840576171875,1990.840576171875,1990.840576171875,0,0.0,0.0,0.0
2001-10-09,1946.4592285156248,1946.4592285156248,1902.0774220022392,1946.459228515625,41600,0.0,0.0,-0.022292768284635556
2001-10-10,1940.1189089830418,1946.4591668555354,1857.695556640625,1857.695556640625,58500,0.0,0.0,-0.04560263609666837
2001-10-11,1946.4595653533936,2028.8829345703125,1902.077751159668,2028.8829345703125,102800,0.0,0.0,0.09215039424396054
2001-10-12,2047.903129503565,2060.5836442373334,1921.097982165883,1959.1395263671875,123400,0.0,0.0,-0.034375274696613056
2001-10-15,1952.7996833849254,2016.2022705078125,1952.7996833849254,2016.2022705078125,72100,0.0,0.0,0.0291264319731408
2001-10-16,2060.5844503585768,2060.5844503585768,2009.8623715805195,2047.9039306640625,75900,0.0,0.0,0.015723452264670534
2001-10-17,2079.6045146372126,2219.0901833019034,2047.9032263043282,2206.40966796875,80700,0.0,0.0,0.07739901024228701
2001-10-18,2155.6879388718376,2155.6879388718376,2073.264576503209,2130.326904296875,54600,0.0,0.0,-0.034482609814666776
2001-10-19,2092.2855206389927,2130.327075559702,2079.6050023320895,2123.98681640625,32000,0.0,0.0,-0.002976110322710057
2001-10-22,2219.0908274931066,2219.0908274931066,2092.2856373506434,2155.688232421875,48500,0.0,0.0,0.014925429748788854
2001-10-23,2181.0491451539856,2200.069922582654,2098.625776296422,2187.389404296875,54100,0.0,0.0,0.014705824060367245
2001-10-24,2155.6886494054206,2193.7302138066925,2130.327606471239,2149.348388671875,57200,0.0,0.0,-0.017391057829151402
2001-10-25,2168.368456159319,2187.389232090541,2111.306128365653,2130.326904296875,62400,0.0,0.0,-0.008849884213863457
2001-10-26,2092.285400390625,2123.9866943359375,2073.264624023437,2092.285400390625,48800,0.0,0.0,-0.01785712034595266
2001-10-29,2123.98681640625,2162.028371326959,2111.3062980993473,2123.98681640625,36400,0.0,0.0,0.015151573494565529
2001-10-30,2028.8829326923078,2079.6050060096154,2028.8829326923078,2060.584228515625,38000,0.0,0.0,-0.02985074455306702
2001-10-31,2143.007631604718,2377.5972244135182,2111.306335279204,2276.153076171875,213400,0.0,0.0,0.1046154021141561
2001-11-01,2282.4930926067073,2371.256712874746,2257.1320582444105,2339.555419921875,304100,0.0,0.0,0.027855043851722217
2001-11-02,2326.874975585937,2358.5762695312496,2307.8541992187497,2345.895751953125,274700,0.0,0.0,0.0027100584911392556
2001-11-05,2333.214854083995,2402.957689396288,2333.214854083995,2396.617431640625,80900,0.0,0.0,0.0216214551074021
2001-11-06,2390.2778056897614,2409.298583984375,2345.8959896689967,2409.298583984375,137800,0.0,0.0,0.005291271012357157
2001-11-07,2434.659621710526,2453.6804000051397,2371.2570273951483,2409.298583984375,144400,0.0,0.0,0.0
2001-11-08,2377.597286826686,2428.3193622789886,2339.555730237459,2409.298583984375,63300,0.0,0.0,0.0
2001-11-09,2409.298583984375,2409.298583984375,2409.298583984375,2409.298583984375,0,0.0,0.0,0.0
2001-11-12,2504.4023908648574,2561.464723821272,2491.7218724300988,2529.763427734375,434400,0.0,0.0,0.04999996453357025
2001-11-13,2498.062183176288,2504.402442524451,2440.9998490428193,2491.721923828125,150800,0.0,0.0,-0.015037573667637139
2001-11-14,2523.4233053908147,2656.568756177767,2504.4025267069646,2605.8466796875,340800,0.0,0.0,0.045801561870933316
2001-11-15,2605.8466796875,2656.568756177767,2586.8259010036495,2605.8466796875,284200,0.0,0.0,0.0
2001-11-16,2612.1872419945985,2618.527502290702,2523.423597849151,2567.805419921875,141200,0.0,0.0,-0.01459842594046512
2001-11-19,2567.8043696026057,2751.6718429815573,2555.1238541971607,2707.2900390625,280000,0.0,0.0,0.05432055640137601
2001-11-20,2738.9918954439254,2777.0334495473135,2681.9295642888437,2713.630859375,260100,0.0,0.0,0.0023421281876010447
2001-11-21,2631.2073974609375,2707.290502929687,2561.4645507812497,2662.90869140625,189700,0.0,0.0,-0.01869162409968772
2001-11-22,2662.90869140625,2662.90869140625,2574.145068359375,2662.90869140625,94800,0.0,0.0,0.0
2001-11-23,2662.90869140625,2662.90869140625,2662.90869140625,2662.90869140625,0,0.0,0.0,0.0
2001-11-26,2694.6093353483902,2758.011907944823,2669.2483063098175,2732.65087890625,169600,0.0,0.0,0.026190228649248137
2001-11-27,2726.3103939194275,2726.3103939194275,2624.8662862387046,2631.20654296875,80300,0.0,0.0,-0.03712305026615892
2001-11-28,2605.845798035414,2637.547085116137,2574.144510954691,2593.165283203125,98300,0.0,0.0,-0.014457724676643413
2001-11-29,2612.1869392487833,2650.228496616484,2580.485641442366,2605.8466796875,111800,0.0,0.0,0.004890315540824641
2001-11-30,2599.505259318524,2650.2273131588854,2574.1442323983433,2631.20654296875,119000,0.0,0.0,0.009731909202076006
2001-12-03,2631.207644578887,2631.207644578887,2580.4855695026677,2599.50634765625,63800,0.0,0.0,-0.012047779144214621
2001-12-04,2631.2068072569023,2669.2483514582073,2612.18603515625,2612.18603515625,136900,0.0,0.0,0.004877729000905218
2001-12-05,2656.5685282199183,2713.630859375,2650.228269202687,2713.630859375,115900,0.0,0.0,0.03883522186147892
2001-12-06,2726.3108121706678,2738.9913275761123,2662.9082351434427,2707.2900390625,100600,0.0,0.0,-0.0023366554410280127
2001-12-07,2726.311985896184,2726.311985896184,2637.54833984375,2637.54833984375,60300,0.0,0.0,-0.02576070469453673
2001-12-10,2631.2072966466494,2631.2072966466494,2548.783935546875,2548.783935546875,83900,0.0,0.0,-0.03365413363462122
2001-12-11,2485.381697162829,2529.7635131835937,2333.215470805921,2409.298583984375,282200,0.0,0.0,-0.05472623615409422
2001-12-12,2504.401385248924,2536.1026686065047,2479.0403585628587,2485.380615234375,91100,0.0,0.0,0.03157849830475534
2001-12-13,2485.381072443182,2485.381072443182,2396.617462713068,2440.999267578125,74100,0.0,0.0,-0.017856962182858593
2001-12-14,2345.8955637613935,2434.6591796875,2345.8955637613935,2434.6591796875,209000,0.0,0.0,-0.002597332975406985
2001-12-17,2364.916454284172,2396.6177472370427,2333.215161331301,2339.555419921875,64300,0.0,0.0,-0.03906245299509725
2001-12-18,2314.1943595422563,2377.596944735195,2295.173583984375,2295.173583984375,103300,0.0,0.0,-0.01897020073112099
2001-12-19,2314.194387471141,2402.9580078125,2301.5138702795184,2402.9580078125,89500,0.0,0.0,0.04696133860211704
2001-12-20,2434.65925,2434.65925,2371.2566653645836,2377.596923828125,114000,0.0,0.0,-0.010554110351458923
2001-12-21,2409.2982161458335,2409.2982161458335,2364.9164069010417,2377.596923828125,141400,0.0,0.0,0.0
2001-12-24,2377.596923828125,2377.596923828125,2377.596923828125,2377.596923828125,0,0.0,0.0,0.0
2001-12-25,2421.9787854976703,2472.700854303904,2377.5969752922156,2466.360595703125,119800,0.0,0.0,0.03733335578685182
2001-12-26,2485.3813695580475,2485.3813695580475,2377.5969734292544,2402.9580078125,62200,0.0,0.0,-0.02570694163744125
2001-12-27,2409.2980514289184,2453.6798576394513,2396.6175353687663,2447.339599609375,66600,0.0,0.0,0.01846956611500561
2001-12-28,2377.597161787975,2504.40234375,2371.2569026898736,2504.40234375,82200,0.0,0.0,0.02331623455516052
2001-12-31,2504.40234375,2504.40234375,2504.40234375,2504.40234375,0,0.0,0.0,0.0
2002-01-01,2504.40234375,2504.40234375,2504.40234375,2504.40234375,0,0.0,0.0,0.0
2002-01-02,2504.40234375,2504.40234375,2504.40234375,2504.40234375,0,0.0,0.0,0.0
2002-01-03,2504.40234375,2504.40234375,2504.40234375,2504.40234375,0,0.0,0.0,0.0
2002-01-04,2472.7010258940077,2472.7010258940077,2440.9997306902383,2460.0205078125,25900,0.0,0.0,-0.017721527872012866
2002-01-07,2491.721923828125,2504.402442524451,2440.9998490428193,2491.721923828125,70700,0.0,0.0,0.012886647048245381
2002-01-08,2498.0624233813996,2498.0624233813996,2371.257224224983,2383.937744140625,58000,0.0,0.0,-0.04325690545833749
2002-01-09,2352.2361568327874,2364.916675198463,2345.89589764995,2358.576416015625,71600,0.0,0.0,-0.010638418804070904
2002-01-10,2358.576342970856,2377.5971199302985,2320.534789051971,2352.236083984375,68300,0.0,0.0,-0.002688202929613248
2002-01-11,2345.8968621792073,2345.8968621792073,2269.813720703125,2269.813720703125,99600,0.0,0.0,-0.03504000463322432
2002-01-14,2269.813720703125,2269.813720703125,2269.813720703125,2269.813720703125,0,0.0,0.0,0.0
2002-01-15,2282.4934151785715,2282.4934151785715,2219.0908203125,2219.0908203125,29400,0.0,0.0,-0.022346723842568195
2002-01-16,2231.7713770604396,2339.5557901571083,2225.4311174665177,2307.8544921875,88500,0.0,0.0,0.040000017602929816
2002-01-17,2276.15278520976,2314.1943359375,2225.430717572774,2314.1943359375,82000,0.0,0.0,0.002747072560883579
2002-01-18,2276.1531225787708,2333.2154571280994,2250.7920850012915,2301.51416015625,72700,0.0,0.0,-0.00547930464798807
2002-01-21,2333.215307024933,2352.236083984375,2314.19453006549,2352.236083984375,75800,0.0,0.0,0.022038501742123406
2002-01-22,2358.576342970856,2390.27763790326,2333.215307024933,2352.236083984375,87200,0.0,0.0,0.0
2002-01-23,2288.8335947020805,2314.194631762491,2263.4725576416695,2276.153076171875,41400,0.0,0.0,-0.032344970953606667
2002-01-24,2282.492792693662,2314.194081481074,2250.79150390625,2250.79150390625,66800,0.0,0.0,-0.011142296417198438
2002-01-25,2250.7929353341046,2288.834506072146,2238.1124117547574,2269.813720703125,101500,0.0,0.0,0.0084513455661539
2002-01-28,2244.4518582589285,2276.153155691964,2219.0908203125,2219.0908203125,61000,0.0,0.0,-0.022346723842568195
2002-01-29,2219.0906258516534,2219.0906258516534,2168.3685544036157,2181.049072265625,77400,0.0,0.0,-0.01714294327147814
2002-01-30,2212.750317382812,2282.4931640625,2174.7087646484374,2282.4931640625,114500,0.0,0.0,0.04651160447825098
2002-01-31,2282.4931640625,2282.4931640625,2282.4931640625,2282.4931640625,0,0.0,0.0,0.0
2002-02-01,2136.6671614383627,2168.3684546347777,2028.8827645705521,2066.92431640625,204800,0.0,0.0,-0.09444446583689625
2002-02-04,2117.6465629577638,2117.6465629577638,2022.5426753997801,2028.8829345703125,54000,0.0,0.0,-0.01840482572776536
2002-02-05,2041.563401328833,2098.625732421875,2035.223142318495,2098.625732421875,268600,0.0,0.0,0.03437497386527766
2002-02-06,2066.9240296145517,2143.007122729198,2066.9240296145517,2104.965576171875,241400,0.0,0.0,0.003020950163745262
2002-02-07,2066.92505835914,2149.3484502568976,2054.2445365287163,2111.306884765625,249400,0.0,0.0,0.003012547409579236
2002-02-08,2092.2862108219306,2168.3693457609097,2085.9459495770157,2143.00830078125,176900,0.0,0.0,0.015015067797282455
2002-02-11,2143.00830078125,2143.00830078125,2143.00830078125,2143.00830078125,0,0.0,0.0,0.0
2002-02-12,2206.41005859375,2206.41005859375,2060.5841064453125,2092.285400390625,182100,0.0,0.0,-0.02366901722785375
2002-02-13,2092.2855243389427,2092.2855243389427,2028.8829326923078,2060.584228515625,217100,0.0,0.0,-0.015151456808464747
2002-02-14,2092.2852074171965,2149.3475312558476,2085.944949212902,2117.646240234375,224800,0.0,0.0,0.027692152026153938
2002-02-15,2155.68798828125,2282.4931640625,2155.68798828125,2282.4931640625,234400,0.0,0.0,0.07784441078783777
2002-02-18,2219.0908203125,2231.771339285714,2174.70900390625,2219.0908203125,138000,0.0,0.0,-0.02777767081551874
2002-02-19,2238.1115987723215,2250.7921177455355,2187.389522879464,2219.0908203125,119200,0.0,0.0,0.0
2002-02-20,2219.0908203125,2257.132377232143,2181.049263392857,2219.0908203125,105600,0.0,0.0,0.0
2002-02-21,2219.0904817528485,2295.173583984375,2212.7502232335546,2295.173583984375,125900,0.0,0.0,0.034285556488021784
2002-02-22,2314.1944079452687,2314.1944079452687,2257.132080078125,2257.132080078125,71500,0.0,0.0,-0.016574565066320934
2002-02-25,2320.5345943921234,2345.8956282106165,2282.4930436643835,2314.1943359375,87900,0.0,0.0,0.025280866974076277
2002-02-26,2345.895631510417,2390.2774407552083,2314.1943391927084,2377.596923828125,96100,0.0,0.0,0.027397261719137367
2002-02-27,2345.8954855583947,2390.277292041932,2339.555227489318,2364.916259765625,112800,0.0,0.0,-0.005333395217421044
2002-02-28,2345.8959896689967,2409.298583984375,2345.8959896689967,2409.298583984375,59700,0.0,0.0,0.018766974955446658
2002-03-01,2421.978783599934,2428.319042195745,2377.5969734292544,2402.9580078125,91800,0.0,0.0,-0.002631710413156574
2002-03-04,2428.3192630787794,2472.7010772864855,2390.2777080436026,2421.97900390625,125400,0.0,0.0,0.007915658963622674
2002-03-05,2453.680025390625,2453.680025390625,2326.8748561197917,2377.596923828125,176500,0.0,0.0,-0.018324717103882393
2002-03-06,2345.8955859887633,2415.638427734375,2339.555327648253,2415.638427734375,103500,0.0,0.0,0.015999980284715498
2002-03-07,2409.2984894783267,2409.2984894783267,2358.576416015625,2358.576416015625,153000,0.0,0.0,-0.023621917528555136
2002-03-08,2231.771306818182,2345.895975916839,2231.771306818182,2301.51416015625,334500,0.0,0.0,-0.024193515830948198
2002-03-11,2345.895975916839,2345.895975916839,2244.4518256069214,2301.51416015625,217800,0.0,0.0,0.0
2002-03-12,2314.194631762491,2314.194631762491,2263.4725576416695,2276.153076171875,191100,0.0,0.0,-0.011019303910193345
2002-03-13,2269.813720703125,2295.174767861819,2263.4734589134514,2269.813720703125,101700,0.0,0.0,-0.0027851182484667225
2002-03-14,2238.111671730324,2244.4519314236113,2212.750632957176,2225.43115234375,149800,0.0,0.0,-0.01955339680721757
2002-03-15,2231.770795700867,2244.451311585531,2187.3889901045427,2193.729248046875,92600,0.0,0.0,-0.01424528647560619
2002-03-18,2219.090576171875,2295.1736816406246,2212.750317382812,2282.4931640625,104500,0.0,0.0,0.040462566697623936
2002-03-19,2314.1946017357614,2364.916675198463,2301.5140833700857,2358.576416015625,191600,0.0,0.0,0.033333397510688645
2002-03-20,2383.9371083305477,2402.9578831310578,2358.576075263202,2371.256591796875,123600,0.0,0.0,0.005376198835512325
2002-03-21,2371.256591796875,2371.256591796875,2371.256591796875,2371.256591796875,0,0.0,0.0,0.0
2002-03-22,2295.1736816406246,2345.895751953125,2250.7918701171875,2345.895751953125,69500,0.0,0.0,-0.010695105680036177
2002-03-25,2282.4930926067073,2339.555419921875,2257.1320582444105,2339.555419921875,145200,0.0,0.0,-0.002702733924118794
2002-03-26,2345.895455782531,2352.235713771132,2282.492875896516,2320.534423828125,47300,0.0,0.0,-0.008130175473417545
2002-03-27,2282.4930926067073,2339.555419921875,2282.4930926067073,2339.555419921875,39100,0.0,0.0,0.008196817034229475
2002-03-28,2358.5761956935976,2396.6177472370427,2307.854126969004,2339.555419921875,98700,0.0,0.0,0.0
2002-03-29,2339.555716522469,2377.597272888688,2295.1739007618803,2301.51416015625,33600,0.0,0.0,-0.016260037886555057
2002-04-01,2320.534423828125,2320.534423828125,2250.791585953509,2320.534423828125,93500,0.0,0.0,0.008264239256552619
2002-04-02,2295.1734649076125,2339.55527224008,2295.1734649076125,2326.874755859375,52800,0.0,0.0,0.0027322723447431585
2002-04-03,2339.555305480957,2440.9994379679365,2326.874788920085,2434.6591796875,107900,0.0,0.0,0.04632154075190753
2002-04-04,2453.6799545288086,2479.0409876505537,2415.6384048461914,2434.6591796875,131300,0.0,0.0,0.0
2002-04-05,2415.6387447337206,2447.3400405963675,2402.9582263886614,2421.97900390625,97600,0.0,0.0,-0.005208193363178459
2002-04-08,2396.6180651212994,2421.9791028474506,2383.937546258224,2409.298583984375,98000,0.0,0.0,-0.005235561456735871
2002-04-09,2428.3193819898656,2453.680419921875,2409.298603540859,2453.680419921875,108100,0.0,0.0,0.01842106089819029
2002-04-10,2447.3397012313612,2504.402025871471,2434.6591846446704,2498.061767578125,149800,0.0,0.0,0.0180876642678931
2002-04-11,2472.701151476828,2504.4024482906334,2428.3193359375,2428.3193359375,133300,0.0,0.0,-0.027918617764299936
2002-04-12,2396.61769921875,2402.9579576822916,2314.1943391927084,2377.596923828125,148100,0.0,0.0,-0.020887867324003606
2002-04-15,2377.596811147837,2472.70068359375,2358.576036658654,2472.70068359375,110400,0.0,0.0,0.03999995071178852
2002-04-16,2466.3609388878795,2472.7011983708817,2440.9999009558705,2453.680419921875,110100,0.0,0.0,-0.007692101109557425
2002-04-17,2472.7005567674514,2472.7005567674514,2428.3187519023945,2440.999267578125,78100,0.0,0.0,-0.005168216790087832
2002-04-18,2440.999559387368,2472.700852366425,2402.9580078125,2402.9580078125,69900,0.0,0.0,-0.015584297902460298
2002-04-19,2434.6591796875,2434.6591796875,2390.2773717244468,2434.6591796875,82400,0.0,0.0,0.013192561739295172
2002-04-22,2466.360595703125,2472.700854303904,2415.638526896891,2466.360595703125,64100,0.0,0.0,0.013020884516449671
2002-04-23,2415.6384048461914,2447.3396962483725,2415.6384048461914,2434.6591796875,42000,0.0,0.0,-0.012853520312826494
2002-04-24,2409.2979783887986,2466.360298929586,2402.9577205509336,2440.999267578125,107400,0.0,0.0,0.0026040966815892297
2002-04-25,2472.7011782997533,2472.7011782997533,2409.298583984375,2409.298583984375,51700,0.0,0.0,-0.012986764893707758
2002-04-26,2440.9998546630222,2460.0206327513056,2409.2985578492166,2428.3193359375,58000,0.0,0.0,0.007894725908845102
2002-04-29,2428.3193359375,2428.3193359375,2428.3193359375,2428.3193359375,0,0.0,0.0,0.0
2002-04-30,2460.020217818052,2517.0825424581617,2440.999442938016,2498.061767578125,85500,0.0,0.0,0.028720453116887867
2002-05-01,2434.659493670886,2504.40234375,2434.659493670886,2504.40234375,58600,0.0,0.0,0.002538198316057727
2002-05-02,2504.40234375,2504.40234375,2460.0205300632915,2504.40234375,65600,0.0,0.0,0.0
2002-05-03,2504.40234375,2504.40234375,2504.40234375,2504.40234375,0,0.0,0.0,0.0
2002-05-06,2504.40234375,2504.40234375,2504.40234375,2504.40234375,0,0.0,0.0,0.0
2002-05-07,2510.7416419204396,2510.7416419204396,2479.0403585628587,2485.380615234375,119000,0.0,0.0,-0.0075953165285505
2002-05-08,2517.082642816192,2586.825486823694,2485.38135008551,2548.783935546875,110300,0.0,0.0,0.025510507293676987
2002-05-09,2580.4857676839592,2624.867586784175,2555.124728198122,2574.1455078125,327800,0.0,0.0,0.009950459869083828
2002-05-10,2567.8047856291614,2624.8671141986983,2555.1242681692643,2618.52685546875,199400,0.0,0.0,0.017241196164534234
2002-05-13,2580.4853030890586,2637.5476316585955,2548.784009439316,2618.52685546875,206900,0.0,0.0,0.0
2002-05-14,2618.5271258098323,2650.2284227324694,2599.50634765625,2599.50634765625,413100,0.0,0.0,-0.007263820026430556
2002-05-15,2624.866549890018,2643.8873219906704,2612.18603515625,2612.18603515625,175600,0.0,0.0,0.004877729000905218
2002-05-16,2631.2076647275926,2650.2284430268282,2612.186886428357,2643.88818359375,151900,0.0,0.0,0.012136252169958395
2002-05-17,2643.8870564288404,2650.2273131588854,2624.8662862387046,2631.20654296875,185000,0.0,0.0,-0.004796587353313231
2002-05-20,2643.888034811581,2713.6308846507354,2637.547775735294,2694.610107421875,190600,0.0,0.0,0.02409676451381415
2002-05-21,2662.909168332122,2732.6520275027256,2650.2286484829215,2726.311767578125,212200,0.0,0.0,0.011764841254374048
2002-05-22,2726.3114764432953,2726.3114764432953,2669.249143215412,2700.950439453125,133600,0.0,0.0,-0.009302431375091569
2002-05-23,2726.3106216466067,2751.67165068518,2700.9495926080335,2732.65087890625,239000,0.0,0.0,0.011736771985917605
2002-05-24,2726.3113033198656,2770.693115234375,2707.290526785076,2770.693115234375,204700,0.0,0.0,0.013921367204928758
2002-05-27,2770.6936472505668,2827.7559878117913,2751.672867063492,2796.0546875,184400,0.0,0.0,0.009153511850943374
2002-05-28,2783.374068077208,2821.4156270942085,2751.6727688963742,2808.735107421875,170200,0.0,0.0,0.004535111555065141
2002-05-29,2783.3736323755593,2846.7762208123604,2783.3736323755593,2834.095703125,187800,0.0,0.0,0.009029187421808249
2002-05-30,2840.4356944444444,2903.8382769097225,2834.0954361979166,2853.1162109375,223100,0.0,0.0,0.006711314579647798
2002-05-31,2821.4158588374426,2827.7561191943805,2764.353515625,2764.353515625,195700,0.0,0.0,-0.031110788607987883
2002-06-03,2713.6308818247126,2777.0334725215516,2713.6308818247126,2758.0126953125,121200,0.0,0.0,-0.00229378054458651
2002-06-04,2815.074536955758,2821.414794921875,2758.012215260709,2821.414794921875,153900,0.0,0.0,0.02298832768867709
2002-06-05,2770.693775981938,2840.436639908257,2758.013255268062,2764.353515625,135000,0.0,0.0,-0.020224349641738915
2002-06-06,2827.7550528879915,2827.7550528879915,2758.012215260709,2821.414794921875,151800,0.0,0.0,0.020641816965285553
2002-06-07,2758.0128668859807,2764.3531263500863,2694.6102722449236,2751.672607421875,185800,0.0,0.0,-0.024718870697610806
2002-06-10,2719.9713169313827,2719.9713169313827,2675.589500571197,2688.27001953125,97000,0.0,0.0,-0.023041472201167368
2002-06-11,2662.9088120404413,2700.950366498162,2662.9088120404413,2694.610107421875,92700,0.0,0.0,0.0023584267371068446
2002-06-12,2675.5891846280288,2688.269702090721,2656.568408433991,2681.929443359375,73100,0.0,0.0,-0.0047059365017495525
2002-06-13,2719.971296790692,2719.971296790692,2631.2076647275926,2643.88818359375,102000,0.0,0.0,-0.014184288054190808
2002-06-14,2669.248925896683,2707.290478284759,2656.568408433991,2681.929443359375,287000,0.0,0.0,0.014388376937301883
2002-06-17,2618.5264844707413,2624.8667423023894,2555.1239061542583,2586.8251953125,161200,0.0,0.0,-0.03546112977817484
2002-06-18,2650.228293887868,2713.6308846507354,2618.5269985064338,2694.610107421875,150300,0.0,0.0,0.0416668711533692
2002-06-19,2662.907826618976,2694.6091102692017,2624.8662862387046,2631.20654296875,83800,0.0,0.0,-0.023529773112069163
2002-06-20,2662.909015739051,2669.2492753003344,2599.506420126216,2605.8466796875,117700,0.0,0.0,-0.009638111971490004
2002-06-21,2605.846338008853,2643.887890388544,2599.506079278904,2618.52685546875,61300,0.0,0.0,0.0048660482905964475
2002-06-24,2631.20654296875,2650.2273131588854,2599.505259318524,2631.20654296875,156000,0.0,0.0,0.004842298055304894
2002-06-25,2662.90866657839,2726.311253877875,2605.846338008853,2618.52685546875,122200,0.0,0.0,-0.004818963199176962
2002-06-26,2650.2273131588854,2656.567569888931,2605.845516048569,2631.20654296875,72000,0.0,0.0,0.004842298055304894
2002-06-27,2662.90869140625,2681.9294677734374,2624.8671386718747,2662.90869140625,67900,0.0,0.0,0.012048521436759163
2002-06-28,2700.950727879724,2745.332547351926,2688.2702080305235,2726.311767578125,188000,0.0,0.0,0.023809707173396477
2002-07-01,2808.734767869971,2821.415286009339,2719.9711408943963,2758.0126953125,76900,0.0,0.0,0.011627770569517804
2002-07-02,2770.6936754200556,2783.3741956736944,2732.6521146591394,2777.033935546875,81000,0.0,0.0,0.006896719607818902
2002-07-03,2732.6512047953192,2821.4148170160493,2732.6512047953192,2802.39404296875,84900,0.0,0.0,0.009132084090603954
2002-07-04,2789.714366824128,2802.3948866733285,2726.311767578125,2726.311767578125,72600,0.0,0.0,-0.02714902837504829
2002-07-05,2770.693213451868,2783.3737315912354,2738.9919181034484,2758.0126953125,75900,0.0,0.0,0.011627770569517804
2002-07-08,2789.714111328125,2802.39463001598,2758.012814608487,2789.714111328125,166100,0.0,0.0,0.011494296625067957
2002-07-09,2789.714111328125,2802.39463001598,2764.353073952415,2789.714111328125,162000,0.0,0.0,0.0
2002-07-10,2789.7138190162555,2840.4358884529147,2770.6930429775084,2827.75537109375,225400,0.0,0.0,0.013636257425501785
2002-07-11,2821.4151124141677,2846.776147132497,2815.0748537345853,2827.75537109375,214700,0.0,0.0,0.0
2002-07-12,2802.394021023525,2853.1160847524575,2802.394021023525,2821.414794921875,198500,0.0,0.0,-0.0022422647435101917
2002-07-15,2840.4356944444444,2859.456469184028,2789.7136284722224,2853.1162109375,286200,0.0,0.0,0.011235999780210504
2002-07-16,2853.1170570687073,2872.137837449165,2770.6936754200556,2777.033935546875,236800,0.0,0.0,-0.02666637801115901
2002-07-17,2808.734767869971,2827.755545079023,2707.290622755029,2758.0126953125,279100,0.0,0.0,-0.006849480660245932
2002-07-18,2821.41518543764,2846.7762208123604,2738.9918204697988,2834.095703125,199100,0.0,0.0,0.02758617026738497
2002-07-19,2821.41518543764,2834.095703125,2777.0333735318795,2834.095703125,81700,0.0,0.0,0.0
2002-07-22,2726.3107701537238,2802.393861413828,2726.3107701537238,2745.33154296875,168800,0.0,0.0,-0.03132009976175987
2002-07-23,2777.0334725215516,2789.7139906609195,2732.651659033764,2758.0126953125,152300,0.0,0.0,0.004619169723317551
2002-07-24,2770.693333296342,2789.714111328125,2738.9920365767043,2789.714111328125,126700,0.0,0.0,0.011494296625067957
2002-07-25,2821.4152626679324,2821.4152626679324,2694.6100823233064,2713.630859375,125900,0.0,0.0,-0.027272777394707015
2002-07-26,2777.0335504236355,2777.0335504236355,2694.6101802055823,2700.950439453125,145700,0.0,0.0,-0.004672861040795895
2002-07-29,2726.3114764432953,2732.6517356908375,2662.9088839678698,2700.950439453125,109100,0.0,0.0,0.0
2002-07-30,2758.0126953125,2815.075026939655,2726.3113999640805,2758.0126953125,132700,0.0,0.0,0.021126731918460706
2002-07-31,2758.012742583464,2808.734816010286,2745.332224226758,2783.373779296875,54600,0.0,0.0,0.009195419595957155
2002-08-01,2796.0536469006147,2796.0536469006147,2681.92900825161,2707.2900390625,61700,0.0,0.0,-0.027335078314057792
2002-08-02,2675.5899024376504,2681.930162869967,2631.208079411433,2637.54833984375,114400,0.0,0.0,-0.02576070469453673
2002-08-05,2631.2077179326334,2669.2492753003344,2580.485641442366,2605.8466796875,140300,0.0,0.0,-0.012019366499318118
2002-08-06,2612.186226639093,2618.5264844707413,2580.4849374808514,2586.8251953125,73100,0.0,0.0,-0.00729954088368745
2002-08-07,2624.86745837135,2656.568756177767,2586.8259010036495,2605.8466796875,121500,0.0,0.0,0.007353215984392092
2002-08-08,2624.8678189791167,2669.2496420053335,2612.187298114483,2637.54833984375,111400,0.0,0.0,0.012165589174284008
2002-08-09,2605.8466269952787,2662.908961892985,2605.8466269952787,2643.88818359375,89500,0.0,0.0,0.0024036881729248005
2002-08-12,2637.54770531401,2662.908740942029,2612.18666968599,2624.8671875,65600,0.0,0.0,-0.0071943269809147115
2002-08-13,2605.846338008853,2650.2281491184926,2605.846338008853,2618.52685546875,48200,0.0,0.0,-0.0024154867954628845
2002-08-14,2650.2288314345915,2662.909352159159,2612.187269260889,2656.569091796875,79800,0.0,0.0,0.014528106232202465
2002-08-15,2681.9300607197592,2694.610581101413,2618.5274588114908,2650.228759765625,94000,0.0,0.0,-0.002386661822885827
2002-08-16,2681.9297600512236,2688.27001953125,2662.908981611144,2688.27001953125,78300,0.0,0.0,0.01435395326741129
2002-08-19,2631.2080503477405,2675.5898728837265,2631.2080503477405,2656.569091796875,76200,0.0,0.0,-0.011792315319538726
2002-08-20,2681.9295892693017,2694.610107421875,2656.5685529641546,2694.610107421875,126800,0.0,0.0,0.01431960333441551
2002-08-21,2694.610129462348,2758.012720743815,2688.269870334201,2738.991943359375,191600,0.0,0.0,0.01647059654948113
2002-08-22,2764.352979871962,2764.352979871962,2713.630906846788,2738.991943359375,116700,0.0,0.0,0.0
2002-08-23,2738.991943359375,2738.991943359375,2738.991943359375,2738.991943359375,0,0.0,0.0,0.0
2002-08-26,2770.6936754200556,2777.033935546875,2745.3326349127783,2777.033935546875,86800,0.0,0.0,0.013889048589475372
2002-08-27,2783.3730885988016,2783.3730885988016,2745.33154296875,2745.33154296875,71000,0.0,0.0,-0.011415918319299112
2002-08-28,2713.630999200994,2815.075148703835,2713.630999200994,2789.714111328125,126100,0.0,0.0,0.016166560455346923
2002-08-29,2783.3737315912354,2789.7139906609195,2758.0126953125,2758.0126953125,116700,0.0,0.0,-0.011363679126436543
2002-08-30,2751.6728950395977,2789.714455800514,2751.6728950395977,2777.033935546875,56800,0.0,0.0,0.006896719607818902
2002-09-02,2758.011907944823,2758.011907944823,2707.289849867677,2732.65087890625,68000,0.0,0.0,-0.01598218015001851
2002-09-03,2700.9495926080335,2789.7131942430397,2694.6093353483902,2732.65087890625,96700,0.0,0.0,0.0
2002-09-04,2694.610009095216,2777.033374079305,2631.207420645917,2770.693115234375,228500,0.0,0.0,0.013921367204928758
2002-09-05,2726.3113999640805,2770.693213451868,2700.9503636853447,2758.0126953125,197300,0.0,0.0,-0.0045766237524296205
2002-09-06,2726.3107701537238,2770.6925733887842,2688.2692245236717,2745.33154296875,119100,0.0,0.0,-0.0045979310991942635
2002-09-09,2738.992374785959,2783.3741956736944,2738.992374785959,2777.033935546875,70000,0.0,0.0,0.011547746449539043
2002-09-10,2783.373632924235,2834.0957036836744,2764.352856389445,2770.693115234375,177600,0.0,0.0,-0.0022833067436935917
2002-09-11,2783.3741956736944,2802.3949760541523,2758.0131551664167,2777.033935546875,96000,0.0,0.0,0.0022885321646182177
2002-09-12,2802.3939993722097,2859.456320626395,2796.053741455078,2840.435546875,306300,0.0,0.0,0.022830693754428033
2002-09-13,2840.435114767699,2884.8169134359446,2821.41434390988,2865.796142578125,484300,0.0,0.0,0.0089284179431659
2002-09-16,2865.796142578125,2865.796142578125,2865.796142578125,2865.796142578125,0,0.0,0.0,0.0
2002-09-17,2865.7975789835164,2935.5404404189558,2865.7975789835164,2884.818359375,445000,0.0,0.0,0.006637672692155316
2002-09-18,2865.797452445652,2922.8597911005436,2853.116932744565,2916.51953125,451200,0.0,0.0,0.010988966349294804
2002-09-19,2916.519918070211,2967.2420036018666,2897.49913599584,2929.200439453125,320000,0.0,0.0,0.004347959294375148
2002-09-20,2954.5604229511255,3024.303265552976,2916.518872441025,2922.859130859375,226600,0.0,0.0,-0.002164859907959671
2002-09-23,2922.859130859375,2922.859130859375,2922.859130859375,2922.859130859375,0,0.0,0.0,0.0
2002-09-24,2929.199161902287,3049.6640625,2916.5186460498962,3049.6640625,405600,0.0,0.0,0.04338386694788876
2002-09-25,3030.6441602371247,3068.6857187338246,2960.901302993174,3062.345458984375,389400,0.0,0.0,0.0041582929216077424
2002-09-26,3062.344242436835,3068.684499667553,2954.5598695146277,2979.9208984375,259700,0.0,0.0,-0.026915500439395612
2002-09-27,3024.303663967528,3036.984182474729,2973.5815899387226,2998.942626953125,155800,0.0,0.0,0.00638329981362884
2002-09-30,3011.6228760791423,3056.0046868845193,3005.28261739266,3017.963134765625,245800,0.0,0.0,0.006342404700094173
2002-10-01,2998.9431289672852,3049.665211486816,2960.9015670776366,3043.324951171875,134300,0.0,0.0,0.008403620347144924
2002-10-02,3043.323470744681,3043.323470744681,2948.2196122839096,2979.9208984375,112600,0.0,0.0,-0.0208338096495283
2002-10-03,2979.9215816121246,2992.6020989806866,2929.1995121378754,2954.560546875,180300,0.0,0.0,-0.00851041098970029
2002-10-04,2922.8592534535946,2979.9215816121246,2922.8592534535946,2954.560546875,103300,0.0,0.0,0.0
2002-10-07,2922.8590343631886,2948.220067199312,2916.518776154158,2935.53955078125,80900,0.0,0.0,-0.006437842715346753
2002-10-08,2903.838623046875,2916.5191410514462,2865.7970690331604,2903.838623046875,215300,0.0,0.0,-0.010799012306251576
2002-10-09,2872.1377057835425,2878.4779656197093,2808.735107421875,2808.735107421875,175500,0.0,0.0,-0.03275096448893289
2002-10-10,2789.7139906609195,2796.0542497306033,2713.6308818247126,2758.0126953125,169200,0.0,0.0,-0.018058809453175173
2002-10-11,2789.714455800514,2808.7352361809717,2764.353415293236,2777.033935546875,138000,0.0,0.0,0.006896719607818902
2002-10-14,2777.033935546875,2777.033935546875,2777.033935546875,2777.033935546875,0,0.0,0.0,0.0
2002-10-15,2789.7138190162555,2840.4358884529147,2783.373560336673,2827.75537109375,243800,0.0,0.0,0.01826460775204275
2002-10-16,2827.7550750318155,2846.775849079115,2758.012236858385,2802.39404296875,222400,0.0,0.0,-0.008968713625036928
2002-10-17,2758.012742583464,2821.415334366992,2758.012742583464,2783.373779296875,122100,0.0,0.0,-0.0067871481955212865
2002-10-18,2802.393861413828,2821.4146342288536,2732.6510277587327,2745.33154296875,206000,0.0,0.0,-0.013667670727908865
2002-10-21,2770.6925733887842,2802.393861413828,2745.33154296875,2745.33154296875,106100,0.0,0.0,0.0
2002-10-22,2726.3115178888493,2827.75566739169,2593.1660716663705,2789.714111328125,742900,0.0,0.0,0.016166560455346923
2002-10-23,2726.3115695654524,2777.033645278298,2707.2907911731354,2751.672607421875,489200,0.0,0.0,-0.0136363449400696
2002-10-24,2815.0753672580418,2834.096146766542,2758.013028732541,2808.735107421875,453700,0.0,0.0,0.020737387088162196
2002-10-25,2815.07470703125,2827.755223729589,2802.394190332911,2815.07470703125,159600,0.0,0.0,0.002257101281150753
2002-10-28,2789.713505091292,2827.7550528879915,2758.012215260709,2821.414794921875,83600,0.0,0.0,0.0022521917002022995
2002-10-29,2821.4149653804193,2821.4149653804193,2808.7344486820807,2815.07470703125,50600,0.0,0.0,-0.0022471307310205635
2002-10-30,2815.0755541829067,2859.4573759830873,2808.735293925738,2846.77685546875,205900,0.0,0.0,0.011261565584145039
2002-10-31,2872.1370321737754,2872.1370321737754,2802.394190332911,2815.07470703125,48700,0.0,0.0,-0.011136155043764417
2002-11-01,2846.7753717203054,2872.1363995307315,2815.0740869572733,2865.796142578125,69200,0.0,0.0,0.01801779378010382
2002-11-04,2865.796142578125,2865.796142578125,2865.796142578125,2865.796142578125,0,0.0,0.0,0.0
2002-11-05,2872.1370670780257,2998.942235602442,2872.1370670780257,2986.26171875,400100,0.0,0.0,0.04203564042189756
2002-11-06,3005.2823452492003,3062.3446682602607,2948.2200222381393,2973.5810546875,351300,0.0,0.0,-0.004246333796827373
2002-11-07,2941.8802508850763,2967.2412875306372,2897.4984367553443,2910.178955078125,137800,0.0,0.0,-0.021321799689781096
2002-11-08,2884.8182149386034,2916.519514003863,2840.4363962472407,2872.1376953125,127400,0.0,0.0,-0.013071793986842217
2002-11-11,2840.4352523201856,2903.8378249166185,2713.63010712732,2732.65087890625,219500,0.0,0.0,-0.04856550458353748
2002-11-12,2700.9500130208335,2853.1162109375,2694.6097547743057,2853.1162109375,186600,0.0,0.0,0.04408368919759931
2002-11-13,2859.4565198452988,2929.199361792745,2859.4565198452988,2878.477294921875,204600,0.0,0.0,0.008888906763472315
2002-11-14,2853.1165813577586,2853.1165813577586,2751.672436242816,2758.0126953125,287200,0.0,0.0,-0.041850112843306086
2002-11-15,2745.332295920632,2815.075148703835,2745.332295920632,2789.714111328125,121900,0.0,0.0,0.011494296625067957
2002-11-18,2758.013028732541,2808.735107421875,2745.3325090602075,2808.735107421875,120300,0.0,0.0,0.006818259984602726
2002-11-19,2745.332547351926,2770.693587050327,2700.950727879724,2726.311767578125,171400,0.0,0.0,-0.02934535892186929
2002-11-20,2783.373779296875,2783.373779296875,2770.6932609401697,2783.373779296875,60800,0.0,0.0,0.020930112394827116
2002-11-21,2783.3742966958143,2808.7353381235666,2751.6729949111236,2764.353515625,145700,0.0,0.0,-0.006833528365234431
2002-11-22,2777.034036338876,2789.7145570527523,2751.6729949111236,2764.353515625,138900,0.0,0.0,0.0
2002-11-25,2827.7554442813203,2840.43596196868,2815.07492659396,2834.095703125,113100,0.0,0.0,0.025229113102139378
2002-11-26,2840.4365368150684,2840.4365368150684,2751.6728950395977,2777.033935546875,142600,0.0,0.0,-0.020134029883043914
2002-11-27,2758.0125975445153,2808.7346683039545,2758.0125975445153,2770.693115234375,130500,0.0,0.0,-0.0022833067436935917
2002-11-28,2796.0543706720523,2796.0543706720523,2764.353073952415,2789.714111328125,132600,0.0,0.0,0.0068650678016866085
2002-11-29,2815.0754676870747,2846.776767998866,2783.3741673752834,2796.0546875,153400,0.0,0.0,0.0022728408427687974
2002-12-02,2796.0546874999995,2796.0546874999995,2796.0546874999995,2796.0546875,0,0.0,0.0,0.0
2002-12-03,2827.7550750318155,2827.7550750318155,2783.3732689214507,2802.39404296875,96800,0.0,0.0,0.002267250171139601
2002-12-04,2808.735107421875,2821.4156270942085,2777.0338082410412,2808.735107421875,131900,0.0,0.0,0.0022627312062108995
2002-12-05,2815.075202062932,2815.075202062932,2745.3323479577693,2751.672607421875,130400,0.0,0.0,-0.020316084578149263
2002-12-06,2758.0126724956194,2758.0126724956194,2713.630859375,2713.630859375,96800,0.0,0.0,-0.013824954300256431
2002-12-09,2726.3113774094627,2726.3113774094627,2694.6100823233064,2713.630859375,85800,0.0,0.0,0.0
2002-12-10,2675.589330193015,2694.610107421875,2656.5685529641546,2694.610107421875,108000,0.0,0.0,-0.0070093365453198775
2002-12-11,2726.3111047450266,2726.3111047450266,2662.908520913747,2669.248779296875,102400,0.0,0.0,-0.009411873003499216
2002-12-12,2669.248925308338,2669.248925308338,2599.506079278904,2618.52685546875,171700,0.0,0.0,-0.019002321635035457
2002-12-13,2618.52685546875,2643.887890388544,2605.846338008853,2618.52685546875,158800,0.0,0.0,0.0
2002-12-16,2631.206967931733,2631.206967931733,2536.1031016209477,2542.443359375,136500,0.0,0.0,-0.029055839520931714
2002-12-17,2567.8052479410408,2599.5065472983374,2542.4442084552034,2574.1455078125,135400,0.0,0.0,0.01246916605658166
2002-12-18,2542.4439986134303,2555.1245173097564,2479.0414051317985,2491.721923828125,122600,0.0,0.0,-0.03201978432618535
2002-12-19,2472.7003922963786,2593.165283203125,2472.7003922963786,2593.165283203125,545800,0.0,0.0,0.04071215106505499
2002-12-20,2643.8878137389224,2643.8878137389224,2536.103418454602,2548.783935546875,159400,0.0,0.0,-0.017114739250800648
2002-12-23,2548.783935546875,2548.783935546875,2548.783935546875,2548.783935546875,0,0.0,0.0,0.0
2002-12-24,2536.104118441358,2580.485940514082,2479.0417757764276,2567.805419921875,271000,0.0,0.0,0.007462964635689628
2002-12-25,2536.1036869517543,2536.1036869517543,2498.062131647478,2529.763427734375,218200,0.0,0.0,-0.01481498243299817
2002-12-26,2567.8052479410408,2599.5065472983374,2542.4442084552034,2574.1455078125,89200,0.0,0.0,0.01754396462196972
2002-12-27,2574.1444909549455,2624.866549890018,2561.4639762211773,2612.18603515625,117900,0.0,0.0,0.01477792425808766
2002-12-30,2548.7834812901133,2599.5055406192696,2548.7834812901133,2593.165283203125,20100,0.0,0.0,-0.007281545685159152
2002-12-31,2593.165283203125,2593.165283203125,2593.165283203125,2593.165283203125,0,0.0,0.0,0.0
2003-01-01,2593.165283203125,2593.165283203125,2593.165283203125,2593.165283203125,0,0.0,0.0,0.0
2003-01-02,2593.165283203125,2593.165283203125,2593.165283203125,2593.165283203125,0,0.0,0.0,0.0
2003-01-03,2593.165283203125,2593.165283203125,2593.165283203125,2593.165283203125,0,0.0,0.0,0.0
2003-01-06,2599.506079278904,2631.207372928647,2599.506079278904,2618.52685546875,25700,0.0,0.0,0.009780160342999
2003-01-07,2624.867586784175,2624.867586784175,2574.1455078125,2574.1455078125,41700,0.0,0.0,-0.016948975552250056
2003-01-08,2567.8047850350886,2586.825561220534,2548.7840088496437,2555.124267578125,48700,0.0,0.0,-0.007389341502508584
2003-01-09,2536.102877669598,2536.102877669598,2498.061334504554,2523.42236328125,69000,0.0,0.0,-0.0124071868829001
2003-01-10,2536.1036869517543,2536.1036869517543,2523.4231685169957,2529.763427734375,55000,0.0,0.0,0.002512882720465237
2003-01-13,2529.763427734375,2529.763427734375,2529.763427734375,2529.763427734375,0,0.0,0.0,0.0
2003-01-14,2510.741848892902,2536.102877669598,2491.72107731038,2523.42236328125,64100,0.0,0.0,-0.002506583968922338
2003-01-15,2491.72107731038,2561.463906446294,2491.72107731038,2523.42236328125,130600,0.0,0.0,0.0
2003-01-16,2555.123610090501,2599.505409769493,2536.102838799505,2561.4638671875,156600,0.0,0.0,0.015075361326664316
2003-01-17,2529.763987426758,2555.1250299072267,2517.0834661865233,2536.104248046875,75500,0.0,0.0,-0.009900439926357363
2003-01-20,2536.104248046875,2536.104248046875,2479.0419024658204,2536.104248046875,89200,0.0,0.0,0.0
2003-01-21,2498.0617448244643,2536.1032942380352,2491.7214865888695,2517.08251953125,92700,0.0,0.0,-0.007500373271435601
2003-01-22,2529.7634799171037,2529.7634799171037,2485.3816644799617,2491.721923828125,98600,0.0,0.0,-0.010075393041880876
2003-01-23,2491.721330281047,2498.0615881189124,2440.999267578125,2440.999267578125,215400,0.0,0.0,-0.020356467455273974
2003-01-24,2440.999461096416,2479.0410111394767,2415.638427734375,2415.638427734375,165600,0.0,0.0,-0.010389531934973606
2003-01-27,2390.278076171875,2421.97937691686,2377.597555873881,2390.278076171875,68900,0.0,0.0,-0.010498405420005463
2003-01-28,2345.8961843937,2409.298783971908,2345.8961843937,2383.937744140625,82300,0.0,0.0,-0.0026525499666567587
2003-01-29,2390.2777119298134,2447.3400445753527,2314.1946017357614,2358.576416015625,117900,0.0,0.0,-0.010638418804070904
2003-01-30,2364.9169642671623,2383.937744140625,2345.8961843937,2383.937744140625,98200,0.0,0.0,0.010752811718453215
2003-01-31,2345.89589764995,2390.2777119298134,2326.8751201014366,2358.576416015625,154300,0.0,0.0,-0.010638418804070904
2003-02-03,2326.874596328332,2409.297947151951,2326.874596328332,2396.617431640625,110700,0.0,0.0,0.016128803530251146
2003-02-04,2428.3189444153954,2434.6592027559054,2409.298169393865,2415.638427734375,50200,0.0,0.0,0.007936600912031633
2003-02-05,2390.2778250918523,2510.742755268895,2390.2778250918523,2453.680419921875,136100,0.0,0.0,0.015748214530259652
2003-02-06,2485.3816644799617,2491.721923828125,2453.680367739146,2491.721923828125,99900,0.0,0.0,0.015503854372143966
2003-02-07,2460.0201156695275,2460.0201156695275,2409.2980514289184,2447.339599609375,66600,0.0,0.0,-0.017811909023364714
2003-02-10,2421.9791028474506,2434.659621710526,2377.597286826686,2409.298583984375,77400,0.0,0.0,-0.01554382384490971
2003-02-11,2409.298583984375,2409.298583984375,2409.298583984375,2409.298583984375,0,0.0,0.0,0.0
2003-02-12,2383.9371134440107,2453.6799545288086,2383.9371134440107,2434.6591796875,142500,0.0,0.0,0.0105261323240331
2003-02-13,2396.6175353687663,2466.3603736996033,2390.27727733869,2447.339599609375,147700,0.0,0.0,0.005208293640304396
2003-02-14,2428.3187204189403,2440.999235930266,2390.277173884962,2396.617431640625,119000,0.0,0.0,-0.020725430985076954
2003-02-17,2383.936916129299,2434.6589781746034,2383.936916129299,2396.617431640625,150500,0.0,0.0,0.0
2003-02-18,2421.979109480574,2618.527152396537,2421.979109480574,2580.485595703125,381100,0.0,0.0,0.07671986426996469
2003-02-19,2612.1868664253047,2656.568682116997,2599.50634765625,2599.50634765625,151600,0.0,0.0,0.007370997142862379
2003-02-20,2599.5057109757963,2605.8459688074445,2574.144679649203,2586.8251953125,131700,0.0,0.0,-0.004878292509338689
2003-02-21,2593.1658929649757,2631.2074464070047,2542.4438217089373,2624.8671875,123400,0.0,0.0,0.01470605445487183
2003-02-24,2593.1658205489557,2618.52685546875,2586.825561819007,2618.52685546875,140300,0.0,0.0,-0.0024154867954628845
2003-02-25,2618.5268548629424,2618.5268548629424,2555.124267578125,2555.124267578125,88400,0.0,0.0,-0.024213075286285357
2003-02-26,2529.7627090416795,2599.5055406192696,2529.7627090416795,2593.165283203125,165600,0.0,0.0,0.014888127402530316
2003-02-27,2561.464132637157,2574.1446481452617,2510.742070604738,2542.443359375,190600,0.0,0.0,-0.01955984994734783
2003-02-28,2548.784639033565,2574.145680217978,2548.784639033565,2567.805419921875,119500,0.0,0.0,0.00997546728164278
2003-03-03,2567.8052479410408,2586.8260275554185,2561.464988069581,2574.1455078125,61800,0.0,0.0,0.00246906866129204
2003-03-04,2580.4857676839592,2586.8260275554185,2555.124728198122,2574.1455078125,143500,0.0,0.0,0.0
2003-03-05,2555.124899329668,2574.145680217978,2548.784639033565,2567.805419921875,75200,0.0,0.0,-0.0024629873763479804
2003-03-06,2561.464526306607,2574.1450437635704,2555.124267578125,2555.124267578125,49500,0.0,0.0,-0.004938517632747996
2003-03-07,2548.7831819495373,2555.1234386210535,2485.380615234375,2485.380615234375,126100,0.0,0.0,-0.027295600933670672
2003-03-10,2485.3816644799617,2529.7634799171037,2460.020627087309,2491.721923828125,107100,0.0,0.0,0.002551443652083041
2003-03-11,2491.7215092847796,2510.7422841648163,2472.7007344047433,2498.061767578125,66900,0.0,0.0,0.0025443624705359102
2003-03-12,2504.401385248924,2504.401385248924,2466.359845219826,2485.380615234375,132700,0.0,0.0,-0.005076396632115454
2003-03-13,2510.7427417652025,2599.5063740498313,2504.402482316301,2580.485595703125,237300,0.0,0.0,0.03826576094051548
2003-03-14,2643.888499574798,2650.228759765625,2599.5066782390104,2650.228759765625,288600,0.0,0.0,0.027027147207731916
2003-03-17,2656.568908407522,2732.6520275027256,2605.84682901072,2726.311767578125,246800,0.0,0.0,0.028708090775993345
2003-03-18,2669.2489998490337,2694.6100354770533,2605.8464107789855,2624.8671875,98800,0.0,0.0,-0.03720945685101951
2003-03-19,2593.165453144148,2605.8459688074445,2555.1239061542583,2586.8251953125,146700,0.0,0.0,-0.014492920772777196
2003-03-20,2593.1664180481835,2656.569019956452,2593.1664180481835,2650.228759765625,188400,0.0,0.0,0.02451018513659764
2003-03-21,2650.228759765625,2650.228759765625,2650.228759765625,2650.228759765625,0,0.0,0.0,0.0
2003-03-24,2650.228269202687,2713.630859375,2643.8880101854556,2713.630859375,153200,0.0,0.0,0.02392325544568541
2003-03-25,2732.651835891436,2745.332354851489,2669.2492410911705,2688.27001953125,135200,0.0,0.0,-0.0093457220815919
2003-03-26,2643.8880101854556,2751.672413478388,2643.8880101854556,2713.630859375,195600,0.0,0.0,0.009433888582431882
2003-03-27,2789.7145131542316,2891.158677268931,2777.033992639894,2846.77685546875,335700,0.0,0.0,0.04906562572199524
2003-03-28,2815.0755541829067,2853.1171157259187,2764.353472125557,2846.77685546875,173900,0.0,0.0,0.0
2003-03-31,2859.4563427185744,2859.4563427185744,2808.7342789896416,2821.414794921875,185400,0.0,0.0,-0.008909044099523866
2003-04-01,2796.0542976535808,2815.075075188639,2751.672483405111,2783.373779296875,159900,0.0,0.0,-0.013482957448677224
2003-04-02,2783.373779296875,2789.714038475228,2751.672483405111,2783.373779296875,152700,0.0,0.0,0.0
2003-04-03,2783.3736323755593,2846.7762208123604,2783.3736323755593,2834.095703125,190500,0.0,0.0,0.018223180876891787
2003-04-04,2834.096278331044,2903.839139766483,2815.07549793956,2884.818359375,167100,0.0,0.0,0.017897298314263343
2003-04-07,2884.8183593749995,2884.8183593749995,2853.1170587225274,2884.818359375,93900,0.0,0.0,0.0
2003-04-08,2878.477515030761,2910.178809249161,2834.095703125,2834.095703125,167800,0.0,0.0,-0.017582616973149445
2003-04-09,2865.797435499448,2897.4987345647073,2853.116915873344,2872.1376953125,79100,0.0,0.0,0.013422973735697452
2003-04-10,2878.4772439236112,2878.4772439236112,2821.414919704861,2853.1162109375,66600,0.0,0.0,-0.006622761995723314
2003-04-11,2827.756074697244,2853.1171157259187,2827.756074697244,2846.77685546875,102700,0.0,0.0,-0.002221905804063562
2003-04-14,2853.1160627092636,2865.7965785435267,2827.7550310407364,2840.435546875,208800,0.0,0.0,-0.0022275397460703728
2003-04-15,2846.77685546875,2897.4989375261,2840.4365952115813,2846.77685546875,235500,0.0,0.0,0.0022325127569702286
2003-04-16,2853.115628672912,2916.5181981989767,2840.435114767699,2865.796142578125,256500,0.0,0.0,0.006680989791257641
2003-04-17,2853.1162109375,2872.1369856770834,2840.4356944444444,2853.1162109375,153600,0.0,0.0,-0.004424575583808932
2003-04-18,2859.456320626395,2884.817352294922,2840.435546875,2840.435546875,99500,0.0,0.0,-0.004444496166643441
2003-04-21,2872.1373050122993,2872.1373050122993,2846.776269206451,2859.456787109375,56000,0.0,0.0,0.006696592800812473
2003-04-22,2859.4566644916617,2872.137181850827,2827.75537109375,2827.75537109375,76000,0.0,0.0,-0.011086516907175215
2003-04-23,2796.0546874999995,2834.0962478741494,2770.6936472505668,2796.0546875,107700,0.0,0.0,-0.0112105466822926
2003-04-24,2770.6936754200556,2802.3949760541523,2713.6313342786816,2777.033935546875,176000,0.0,0.0,-0.00680271099065366
2003-04-25,2745.33154296875,2777.032830993793,2713.6302549437064,2745.33154296875,174600,0.0,0.0,-0.011415918319299112
2003-04-28,2707.290478284759,2707.290478284759,2662.9086671653367,2681.929443359375,111000,0.0,0.0,-0.02309451467592627
2003-04-29,2681.929443359375,2681.929443359375,2681.929443359375,2681.929443359375,0,0.0,0.0,0.0
2003-04-30,2808.7343009845163,2872.1368811421803,2783.3732689214507,2802.39404296875,346900,0.0,0.0,0.04491713975088074
2003-05-01,2802.39404296875,2821.4148170160493,2783.3732689214507,2802.39404296875,64600,0.0,0.0,0.0
2003-05-02,2827.75566739169,2834.095926735618,2777.03359264027,2789.714111328125,83200,0.0,0.0,-0.0045246783450882955
2003-05-05,2789.714111328125,2789.714111328125,2789.714111328125,2789.714111328125,0,0.0,0.0,0.0
2003-05-06,2821.4158144400753,2846.77685546875,2796.0547734114,2846.77685546875,143900,0.0,0.0,0.02045469243924014
2003-05-07,2827.755548023897,2853.116584329044,2694.610107421875,2694.610107421875,242800,0.0,0.0,-0.053452292108725596
2003-05-08,2726.31185453232,2815.075496307791,2707.291074151862,2777.033935546875,237200,0.0,0.0,0.030588406054730122
2003-05-09,2789.7143177428256,2872.1376953125,2777.0337981167218,2872.1376953125,140300,0.0,0.0,0.03424652415956042
2003-05-12,2872.1363995307315,2884.8169134359446,2846.7753717203054,2865.796142578125,81800,0.0,0.0,-0.0022079556787004684
2003-05-13,2872.1363995307315,2872.1363995307315,2834.0948578150924,2865.796142578125,55300,0.0,0.0,0.0
2003-05-14,2872.1368364606583,2878.4770943777903,2834.0952889578684,2840.435546875,83500,0.0,0.0,-0.008849406741231136
2003-05-15,2865.7967738246057,2865.7967738246057,2808.7344486820807,2815.07470703125,95900,0.0,0.0,-0.008928503894993
2003-05-16,2815.07492659396,2840.43596196868,2796.0541500629197,2834.095703125,111400,0.0,0.0,0.0067568352790925434
2003-05-19,2846.7759987770974,2846.7759987770974,2796.0539319837417,2815.07470703125,60900,0.0,0.0,-0.006711486867848726
2003-05-20,2821.414919704861,2853.1162109375,2815.0746614583336,2853.1162109375,124600,0.0,0.0,0.01351349710586125
2003-05-21,2859.4567384997204,2859.4567384997204,2815.07492659396,2834.095703125,162100,0.0,0.0,-0.006666573110336138
2003-05-22,2840.436538461538,2884.8183593749995,2834.096278331044,2884.818359375,181600,0.0,0.0,0.017897298314263343
2003-05-23,2897.4984367553443,2910.178955078125,2884.817918432564,2910.178955078125,218800,0.0,0.0,0.008791054598189518
2003-05-26,2916.5191410514462,2916.5191410514462,2878.477587037732,2903.838623046875,183100,0.0,0.0,-0.002178674277121817
2003-05-27,2891.1574092741935,2967.2404989919355,2884.8171517977153,2948.2197265625,369900,0.0,0.0,0.015283598462871195
2003-05-28,2967.2407965751595,2986.26157091218,2948.2200222381393,2973.5810546875,224300,0.0,0.0,0.008602251689893592
2003-05-29,2973.5805283717104,3011.6220703125,2922.8584724506577,3011.6220703125,478700,0.0,0.0,0.012792997710633358
2003-05-30,2992.6027815934062,3011.62356198489,2884.8183593749995,2884.818359375,512400,0.0,0.0,-0.0421047887075493
2003-06-02,2903.838623046875,2916.5191410514462,2865.7970690331604,2903.838623046875,320900,0.0,0.0,0.006593227476545893
2003-06-03,2897.4980699984512,2903.8383283573103,2853.11626148644,2878.477294921875,109700,0.0,0.0,-0.00873372505059855
2003-06-04,2878.477563963761,2884.817822915223,2840.436010254989,2859.456787109375,114100,0.0,0.0,-0.006607836666301159
2003-06-05,2865.7967738246057,2891.1578072212837,2815.07470703125,2815.07470703125,159700,0.0,0.0,-0.015521157822073861
2003-06-06,2815.0753672580418,2846.7766664388755,2789.7143279133747,2808.735107421875,147500,0.0,0.0,-0.0022520182478782402
2003-06-09,2796.054715927333,2808.7352361809717,2745.3326349127783,2777.033935546875,174400,0.0,0.0,-0.011286636390605898
2003-06-10,2783.3732256208145,2840.435546875,2770.6927097865514,2840.435546875,234700,0.0,0.0,0.022830693754428033
2003-06-11,2840.4359625286043,2853.116480218464,2764.352856389445,2770.693115234375,210700,0.0,0.0,-0.024553428687144274
2003-06-12,2777.0334725215516,2789.7139906609195,2758.0126953125,2758.0126953125,79500,0.0,0.0,-0.0045766237524296205
2003-06-13,2777.034036338876,2808.7353381235666,2764.353515625,2764.353515625,183300,0.0,0.0,0.0022990540700833506
2003-06-16,2783.3734152854026,2821.4149653804193,2770.6928985870636,2815.07470703125,140900,0.0,0.0,0.01834830137301835
2003-06-17,2834.096136434189,2872.1376953125,2827.755876621137,2872.1376953125,156300,0.0,0.0,0.020270505837277852
2003-06-18,2891.15803217314,2897.498291015625,2884.8177733306547,2897.498291015625,145700,0.0,0.0,0.008829867643363798
2003-06-19,2878.4772439236112,2891.157760416667,2846.775952690972,2853.1162109375,128800,0.0,0.0,-0.015317379208036885
2003-06-20,2872.1376680072985,2929.200005782278,2872.1376680072985,2891.158447265625,226100,0.0,0.0,0.013333574069744891
2003-06-23,2878.477563963761,2884.817822915223,2834.095751303527,2859.456787109375,168700,0.0,0.0,-0.01096503727986009
2003-06-24,2840.4365079365075,2853.117028061224,2783.3741673752834,2796.0546875,142100,0.0,0.0,-0.022172777674135835
2003-06-25,2815.074536955758,2827.7550528879915,2802.394021023525,2821.414794921875,126800,0.0,0.0,0.00906996116179326
2003-06-26,2834.0954820787583,2834.0954820787583,2789.713673634572,2815.07470703125,107200,0.0,0.0,-0.0022471307310205635
2003-06-27,2834.0954361979166,2853.1162109375,2821.414919704861,2853.1162109375,127000,0.0,0.0,0.01351349710586125
2003-06-30,2853.1165510285887,2910.1788820491606,2853.1165510285887,2903.838623046875,229100,0.0,0.0,0.017777899096759198
2003-07-01,2903.838355604325,2922.859130859375,2897.498097185975,2922.859130859375,102400,0.0,0.0,0.006550125637678317
2003-07-02,2929.1995121378754,2967.241064243562,2922.8592534535946,2954.560546875,169200,0.0,0.0,0.010846029382984401
2003-07-03,2973.5819469755165,3030.644287109375,2960.90142694577,3030.644287109375,332900,0.0,0.0,0.02575128822959738
2003-07-04,3030.6435042111684,3036.983762588179,2967.24092044106,3005.282470703125,185700,0.0,0.0,-0.008368457002401963
2003-07-07,2986.262279445842,3005.2830582958154,2897.4986448126324,2992.6025390625,225500,0.0,0.0,-0.0042192145877250065
2003-07-08,3005.282810068724,3068.685400998444,2979.921773696836,3056.0048828125,227100,0.0,0.0,0.021186356331122536
2003-07-09,3024.3028219254293,3094.0456542968755,2998.9417919721764,3094.045654296875,172100,0.0,0.0,0.012447876539178004
2003-07-10,3100.385668174342,3100.385668174342,2954.5597574013154,3011.6220703125,284200,0.0,0.0,-0.026639420743488018
2003-07-11,2992.6024198675054,2992.6024198675054,2948.220604318623,2960.901123046875,182200,0.0,0.0,-0.016841737137476165
2003-07-14,2967.241160495222,3068.685302734375,2967.241160495222,3068.685302734375,258500,0.0,0.0,0.03640249208206803
2003-07-15,3094.0461258561645,3239.8720703125,3094.0461258561645,3239.8720703125,459200,0.0,0.0,0.05578505147647039
2003-07-16,3201.830935058594,3214.5114536132814,3170.1296386718755,3170.129638671875,172900,0.0,0.0,-0.021526291818645182
2003-07-17,3170.1290471767024,3170.1290471767024,3119.406982421875,3119.406982421875,135300,0.0,0.0,-0.016000183598564255
2003-07-18,3119.4076422479634,3138.4284205543536,3106.7271233770366,3113.0673828125,128300,0.0,0.0,-0.002032309232203211
2003-07-21,3113.0673828125,3113.0673828125,3113.0673828125,3113.0673828125,0,0.0,0.0,0.0
2003-07-22,3113.066331513074,3138.42736069037,3094.045559630102,3106.72607421875,57700,0.0,0.0,-0.0020369968953325435
2003-07-23,3075.0257801471057,3119.407595530672,3068.6855208065963,3087.706298828125,107900,0.0,0.0,-0.0061221282263863586
2003-07-24,3068.685302734375,3081.365820514269,3024.3034905047457,3068.685302734375,173400,0.0,0.0,-0.006160234897007233
2003-07-25,3068.685204257484,3081.3657216304487,2973.581323960248,3017.963134765625,171200,0.0,0.0,-0.01652895718031222
2003-07-28,3036.9833369020557,3094.0456542968755,3024.3028219254293,3094.045654296875,169300,0.0,0.0,0.025209890291505666
2003-07-29,3094.045559630102,3195.489676339286,3094.045559630102,3106.72607421875,183300,0.0,0.0,0.004098329933905465
2003-07-30,3119.4066842501284,3119.4066842501284,3087.705396808562,3094.045654296875,63400,0.0,0.0,-0.0040816021815066605
2003-07-31,3106.726856074057,3106.726856074057,3043.3242671745866,3068.685302734375,86500,0.0,0.0,-0.008196502054609534
2003-08-01,3062.345587183741,3068.685847198614,3030.644287109375,3030.644287109375,114400,0.0,0.0,-0.012396518988474714
2003-08-04,3030.644287109375,3049.665067153994,3017.9637670796287,3030.644287109375,48100,0.0,0.0,0.0
2003-08-05,3011.623525429532,3246.2131474103585,2979.9222251618526,3182.810546875,588600,0.0,0.0,0.050209211425060074
2003-08-06,3182.809863667243,3233.531933207757,3170.1293462821145,3208.1708984375,310200,0.0,0.0,0.007967911124147742
2003-08-07,3201.8303148674245,3214.510830965909,3138.427734375,3138.427734375,141800,0.0,0.0,-0.02173922969517228
2003-08-08,3151.1080799718056,3157.4483376779863,3132.0873068532633,3144.767822265625,131700,0.0,0.0,0.002020147802411554
2003-08-11,3138.427395427251,3208.170226436746,3132.087138062752,3151.10791015625,115300,0.0,0.0,0.002016075032864384
2003-08-12,3151.109388563368,3246.2132936507937,3113.0678265283977,3195.4912109375,189100,0.0,0.0,0.014084982820867342
2003-08-13,3201.830322265625,3239.871870648979,3176.469290010056,3201.830322265625,117600,0.0,0.0,0.0019837674115414927
2003-08-14,3189.1504373343505,3220.851733928131,3182.8101780155944,3214.511474609375,77800,0.0,0.0,0.00396059474343935
2003-08-15,3151.1079101562505,3151.1079101562505,3151.1079101562505,3151.10791015625,219000,0.0,0.0,-0.01972416802799859
2003-08-18,3151.10893942528,3157.4491988607433,3087.706345070647,3113.0673828125,182100,0.0,0.0,-0.012072111913763006
2003-08-19,3125.7470491470826,3157.4483376779863,3087.705502909999,3144.767822265625,138900,0.0,0.0,0.010183023865190322
2003-08-20,3163.7894582962067,3163.7894582962067,3100.386863941573,3113.0673828125,134800,0.0,0.0,-0.01008037516432192
2003-08-21,3106.726169273502,3125.746941738442,3075.0248818319355,3094.045654296875,120000,0.0,0.0,-0.00611028486586751
2003-08-22,3106.726466233168,3138.4277567049353,3094.0459500444617,3119.406982421875,130300,0.0,0.0,0.008196817681012325
2003-08-25,3132.087544005594,3132.087544005594,3081.365478515625,3081.365478515625,99200,0.0,0.0,-0.012195107634437319
2003-08-26,3094.0463382941634,3100.38659718411,3062.345043844428,3068.685302734375,84200,0.0,0.0,-0.004115115804879554
2003-08-27,3056.0055010973533,3075.0262822245154,3024.30419921875,3024.30419921875,169000,0.0,0.0,-0.014462578966985884
2003-08-28,3043.3246159957625,3043.3246159957625,2992.6025390624995,2992.6025390625,127500,0.0,0.0,-0.010482298759641684
2003-08-29,3005.283428260666,3189.1509797787235,3005.283428260666,3176.470458984375,623000,0.0,0.0,0.061440808634572575
2003-09-01,3189.150806928536,3195.491066982072,3138.428726500249,3182.810546875,171500,0.0,0.0,0.0019959536764122543
2003-09-02,3176.469897949219,3182.8101572265628,3125.747823730469,3170.129638671875,182900,0.0,0.0,-0.003984185680035446
2003-09-03,3182.8107193815495,3220.852281764596,3163.789938190026,3176.470458984375,278400,0.0,0.0,0.0020001769754616205
2003-09-04,3176.4699186968382,3265.2335491594245,3176.4699186968382,3214.511474609375,340100,0.0,0.0,0.01197587577665149
2003-09-05,3227.19114112854,3252.552171707153,3201.8301105499268,3246.2119140625,170500,0.0,0.0,0.009861666291602678
2003-09-08,3246.212791828794,3296.9348667011186,3239.8725324697534,3258.893310546875,229100,0.0,0.0,0.0039065214533406944
2003-09-09,3265.232902904548,3284.253677096225,3189.14980613784,3201.830322265625,200400,0.0,0.0,-0.017509928323389712
2003-09-10,3208.170220588235,3246.211764705882,3208.170220588235,3233.53125,140800,0.0,0.0,0.009900876855942542
2003-09-11,3233.5316580426475,3233.5316580426475,3138.4277857472757,3163.788818359375,225500,0.0,0.0,-0.02156850398171506
2003-09-12,3201.829963235294,3233.53125,3201.829963235294,3233.53125,272800,0.0,0.0,0.02204395920356994
2003-09-15,3233.53125,3233.53125,3233.53125,3233.53125,0,0.0,0.0,0.0
2003-09-16,3246.2130905511813,3246.2130905511813,3201.831270953802,3220.85205078125,189400,0.0,0.0,-0.003921161800662931
2003-09-17,3252.552171707153,3258.892429351806,3214.5106258392334,3246.2119140625,182300,0.0,0.0,0.007873650475531457
2003-09-18,3239.872412780882,3246.212671905698,3220.8516354064345,3227.19189453125,142100,0.0,0.0,-0.005859142913269388
2003-09-19,3252.552171707153,3265.2326869964595,3201.8301105499268,3246.2119140625,245500,0.0,0.0,0.005893674796184634
2003-09-22,3265.233226670578,3277.9137440557065,3208.1708984375,3208.1708984375,305900,0.0,0.0,-0.011718586657946561
2003-09-23,3208.1708984375,3208.1708984375,3208.1708984375,3208.1708984375,0,0.0,0.0,0.0
2003-09-24,3246.2118522072938,3322.2949424934022,3233.531337159609,3303.274169921875,425700,0.0,0.0,0.029644078976806876
2003-09-25,1632.6165520654965,1648.4671982020548,1597.7451305650684,1619.93603515625,285300,0.0,0.0,-0.5095968569891483
2003-09-26,1648.4670819356168,1724.550178024953,1635.7865659207275,1683.3385009765625,510800,0.0,0.0,0.039138869958033284
2003-09-29,1730.8907105612097,1740.401099080777,1692.8491564829415,1727.7205810546875,543000,0.0,0.0,0.02636551118647712
2003-09-30,1749.9115439967104,1806.973876953125,1749.9115439967104,1806.973876953125,679900,0.0,0.0,0.04587159333950708
2003-10-01,1810.143624287092,1845.015042618367,1775.272205955817,1784.7825927734375,479900,0.0,0.0,-0.012280910345591645
2003-10-02,1806.97313158778,1806.97313158778,1730.8900523630314,1734.0601806640625,394300,0.0,0.0,-0.028419378536494788
2003-10-03,1768.932239234772,1768.932239234772,1734.0608151638355,1746.7413330078125,159600,0.0,0.0,0.007312982839438487
2003-10-06,1772.102368033506,1806.9737920914104,1762.5919796540775,1778.442626953125,313900,0.0,0.0,0.018148819946181893
2003-10-07,1765.7620114988035,1772.1022700679193,1753.0814943605715,1759.4217529296875,155200,0.0,0.0,-0.01069524185664883
2003-10-08,1746.7410425725973,1753.0813004403744,1667.4878192253832,1680.1683349609375,321400,0.0,0.0,-0.045045150679069335
2003-10-09,1699.1896473483966,1737.2312066173906,1692.849387470231,1705.5299072265625,208800,0.0,0.0,0.015094661491888317
2003-10-10,1730.8901557074653,1730.8901557074653,1711.869384765625,1711.869384765625,190000,0.0,0.0,0.003717013411609571
2003-10-13,1711.869384765625,1711.869384765625,1711.869384765625,1711.869384765625,0,0.0,0.0,0.0
2003-10-14,1734.0608400677322,1743.5712285872992,1718.2101925351203,1727.7205810546875,352100,0.0,0.0,0.009259582787171983
2003-10-15,1740.401099080777,1765.7621351329558,1727.7205810546875,1727.7205810546875,499000,0.0,0.0,0.0
2003-10-16,1740.4011551706415,1813.3141361705043,1724.550507127193,1806.973876953125,574900,0.0,0.0,0.04587159333950708
2003-10-17,1838.6751359292618,1838.6751359292618,1746.7413791327988,1803.8037109375,505600,0.0,0.0,-0.0017544061129264321
2003-10-20,1787.9524867466519,1797.4628723144533,1775.2719726562502,1775.27197265625,214900,0.0,0.0,-0.015817540516324335
2003-10-21,1775.272324960443,1797.4632290224488,1746.7411625950074,1753.0814208984375,320000,0.0,0.0,-0.012499804029807327
2003-10-22,1749.9121744791667,1854.5264892578125,1727.72125922309,1854.5264892578125,530500,0.0,0.0,0.05786671808282895
2003-10-23,1753.08102621961,1759.4212830956303,1673.8278152693563,1699.1888427734375,556900,0.0,0.0,-0.08376135222880621
2003-10-24,1765.7617501586024,1765.7617501586024,1734.0604620049469,1737.2305908203125,290200,0.0,0.0,0.022388181401181262
2003-10-27,1772.1025842737267,1816.484402126736,1756.2519350405094,1797.463623046875,365700,0.0,0.0,0.034671869436814884
2003-10-28,1822.8242942381148,1886.2268783855275,1810.1437774086323,1860.8658447265625,467900,0.0,0.0,0.035273159838536516
2003-10-29,1838.6747409986413,1867.2059007727582,1813.3137100883152,1822.8240966796875,180600,0.0,0.0,-0.02044303631810973
2003-10-30,1810.1432375563788,1854.5250332232604,1810.1432375563788,1845.0146484375,154300,0.0,0.0,0.012173720875334526
2003-10-31,1848.1857051065524,1854.5259648153226,1829.1649259802414,1851.3558349609375,109700,0.0,0.0,0.0034369301776588923
2003-11-03,1851.3558349609375,1851.3558349609375,1851.3558349609375,1851.3558349609375,0,0.0,0.0,0.0
2003-11-04,1867.2059434493656,1873.5462013218591,1825.9942672781572,1857.695556640625,167100,0.0,0.0,0.0034243669207012495
2003-11-05,1870.3762323486742,1870.3762323486742,1835.5048110675973,1860.8658447265625,212200,0.0,0.0,0.0017065703121292852
2003-11-06,1794.2929860617896,1800.633243963068,1699.1891175426135,1743.5709228515625,1040900,0.0,0.0,-0.06303244385262785
2003-11-07,1724.550178024953,1737.2306940398423,1683.3385009765625,1683.3385009765625,337900,0.0,0.0,-0.03454543837912338
2003-11-10,1699.1892708092653,1724.5503047019408,1683.338624626343,1715.0399169921875,204900,0.0,0.0,0.01883246655217241
2003-11-11,1705.530249810988,1715.0406415385585,1664.3185523248487,1670.6588134765625,351200,0.0,0.0,-0.025877592163254137
2003-11-12,1680.1688507313036,1680.1688507313036,1645.2974217538615,1661.1480712890625,259600,0.0,0.0,-0.005692809393983089
2003-11-13,1680.1686775004457,1692.8491958212037,1657.977770439119,1667.4881591796875,192900,0.0,0.0,0.0038166903963625654
2003-11-14,1689.6792831272755,1689.6792831272755,1632.616943359375,1632.616943359375,121700,0.0,0.0,-0.020912421853398477
2003-11-17,1635.7864881946193,1635.7864881946193,1572.3839111328125,1572.3839111328125,271000,0.0,0.0,-0.036893548404945076
2003-11-18,1569.2144339425222,1600.915735638331,1556.5339132641989,1597.74560546875,160600,0.0,0.0,0.016129454235935148
2003-11-19,1585.0650992936003,1597.745620087949,1566.044318102077,1588.2352294921875,148700,0.0,0.0,-0.005952371856952965
2003-11-20,1604.0858804851234,1607.2560106837107,1569.2144483006641,1588.2352294921875,182300,0.0,0.0,0.0
2003-11-21,1597.745202364351,1597.745202364351,1562.873779296875,1562.873779296875,153000,0.0,0.0,-0.01596832114309754
2003-11-24,1562.873779296875,1562.873779296875,1562.873779296875,1562.873779296875,0,0.0,0.0,0.0
2003-11-25,1559.7036869269757,1578.7244635968168,1521.6621335872933,1534.3426513671875,387400,0.0,0.0,-0.018255554803999208
2003-11-26,1534.343002077133,1610.4261261470733,1534.343002077133,1597.74560546875,278100,0.0,0.0,0.041322552068188134
2003-11-27,1607.2560106837107,1613.5962710808851,1581.894969095013,1588.2352294921875,204000,0.0,0.0,-0.005952371856952965
2003-11-28,1581.8942976920835,1597.7449419575353,1572.3839111328125,1572.3839111328125,161900,0.0,0.0,-0.009980460113860556
2003-12-01,1553.363037109375,1559.7032944036991,1537.512393873565,1553.363037109375,242200,0.0,0.0,-0.012096838366740914
2003-12-02,1547.0229974440585,1559.7035138165509,1534.3424810715662,1540.6827392578125,912500,0.0,0.0,-0.008163125778478109
2003-12-03,1553.3631919178795,1553.3631919178795,1512.151515397609,1524.83203125,388100,0.0,0.0,-0.010288106437440936
2003-12-04,1531.1723519784432,1553.3632556303046,1521.661964699074,1540.6827392578125,392600,0.0,0.0,0.010395051837164493
2003-12-05,1547.0227969378775,1578.724083760375,1537.5124108911282,1575.553955078125,379000,0.0,0.0,0.022633612314700846
2003-12-08,1575.553937639509,1578.724066286671,1543.852651167889,1553.363037109375,388200,0.0,0.0,-0.014084517954607079
2003-12-09,1543.8528050285863,1553.3631919178795,1524.83203125,1524.83203125,297700,0.0,0.0,-0.018367249109047856
2003-12-10,1515.3219823817697,1547.0232790843172,1515.3219823817697,1543.8531494140625,297600,0.0,0.0,0.012474238325430376
2003-12-11,1556.533320880977,1566.0437077702702,1512.151515397609,1524.83203125,565200,0.0,0.0,-0.012320548862617908
2003-12-12,1547.0231691470817,1547.0231691470817,1512.1517452523728,1534.3426513671875,525100,0.0,0.0,0.006237159190177088
2003-12-15,1553.363054302377,1575.5539550781252,1534.3422822088785,1575.553955078125,216200,0.0,0.0,0.026859257072868292
2003-12-16,1562.8738158685476,1572.3842042004048,1540.6829097608806,1566.0439453125,232200,0.0,0.0,-0.006035978479171478
2003-12-17,1566.0440571058457,1572.3843164463551,1531.1726307330434,1543.8531494140625,146400,0.0,0.0,-0.014169970111540753
2003-12-18,1550.1931921553937,1642.1269397474316,1550.1931921553937,1619.93603515625,568600,0.0,0.0,0.04928116755862644
2003-12-19,1661.1478151066851,1683.3387210336828,1635.786779761545,1638.9569091796875,342100,0.0,0.0,0.011741743877932143
2003-12-22,1664.3185523248487,1673.8289440524193,1651.6380300214214,1670.6588134765625,163100,0.0,0.0,0.019342732026275122
2003-12-23,1670.6588134765625,1670.6588134765625,1670.6588134765625,1670.6588134765625,0,0.0,0.0,0.0
2003-12-24,1670.6581909179686,1673.8283203125,1648.4672851562498,1648.46728515625,130100,0.0,0.0,-0.01328310014067624
2003-12-25,1648.4671982020548,1648.4671982020548,1616.7659059289383,1619.93603515625,98300,0.0,0.0,-0.01730774414324865
2003-12-26,1619.9362662348767,1629.4466552734375,1610.4258771963157,1629.4466552734375,167200,0.0,0.0,0.005870984971496185
2003-12-29,1629.446307913283,1702.3592749988966,1629.446307913283,1683.3385009765625,241800,0.0,0.0,0.03307370973373858
2003-12-30,1711.869384765625,1711.869384765625,1676.9979713722512,1711.869384765625,111600,0.0,0.0,0.016948987843212082
2003-12-31,1711.869384765625,1711.869384765625,1711.869384765625,1711.869384765625,0,0.0,0.0,0.0
2004-01-01,1711.869384765625,1711.869384765625,1711.869384765625,1711.869384765625,0,0.0,0.0,0.0
2004-01-02,1711.869384765625,1711.869384765625,1711.869384765625,1711.869384765625,0,0.0,0.0,0.0
2004-01-05,1683.3387702287948,1696.0192882719496,1642.1270865885417,1664.3179931640625,245800,0.0,0.0,-0.027777464814041752
2004-01-06,1667.4879264758604,1696.0190887159417,1657.9775390625,1657.9775390625,185600,0.0,0.0,-0.0038096410226922117
2004-01-07,1664.3181694878472,1673.8285590277778,1607.255832248264,1626.276611328125,365900,0.0,0.0,-0.019120239561448038
2004-01-08,1613.595677260597,1635.7865804842204,1600.9151611328125,1600.9151611328125,247000,0.0,0.0,-0.015594794894455699
2004-01-09,1591.4047816827047,1613.5956850129414,1547.0229750222309,1559.7034912109375,759700,0.0,0.0,-0.025742569576712282
2004-01-12,1559.7034912109375,1559.7034912109375,1559.7034912109375,1559.7034912109375,0,0.0,0.0,0.0
2004-01-13,1572.384255057054,1591.40503233597,1512.15179367382,1528.00244140625,1138500,0.0,0.0,-0.020325048948935276
2004-01-14,1528.002007932079,1562.873423050861,1486.7903355189733,1553.363037109375,900100,0.0,0.0,0.016597221978117416
2004-01-15,1575.5543336443573,1594.5751103080718,1556.5335569806427,1566.0439453125,955200,0.0,0.0,0.008163518701154837
2004-01-16,1578.7244261457276,1581.8945555154983,1553.3633911875634,1562.873779296875,522200,0.0,0.0,-0.002024314850878839
2004-01-19,1556.5335569806427,1569.2140747564524,1547.0231686487855,1566.0439453125,319500,0.0,0.0,0.0020284210136607417
2004-01-20,1556.533165756537,1572.383808992347,1543.852651167889,1553.363037109375,425000,0.0,0.0,-0.008097415299922917
2004-01-21,1543.852698404281,1559.7033421250642,1543.852698404281,1547.0228271484375,370400,0.0,0.0,-0.0040816021815066605
2004-01-22,1553.363222064394,1569.2138671875,1547.0229640151515,1569.2138671875,253100,0.0,0.0,0.014344352035170926
2004-01-23,1604.0856076453094,1619.9362559422,1588.2349593484191,1607.2557373046875,795400,0.0,0.0,0.024242629327110077
2004-01-26,1626.2763546427248,1632.616613335289,1591.4049318336215,1604.08544921875,368100,0.0,0.0,-0.0019724851573739155
2004-01-27,1642.1270385978298,1645.2971680159724,1626.2763915071173,1638.9569091796875,634600,0.0,0.0,0.02173915359554024
2004-01-28,1626.2760858535764,1626.2760858535764,1604.08518409729,1623.10595703125,288700,0.0,0.0,-0.009671366013137561
2004-01-29,1607.255614998262,1642.1270385978298,1607.255614998262,1638.9569091796875,443400,0.0,0.0,0.009765814782313864
2004-01-30,1629.446484469628,1635.7867431640625,1616.7659670807595,1635.7867431640625,369900,0.0,0.0,-0.0019342583065297125
2004-02-02,1623.106395914397,1638.9570443119985,1623.106395914397,1629.4466552734375,345000,0.0,0.0,-0.003875864575330623
2004-02-03,1604.0855585784013,1619.936206390441,1591.4050403287697,1613.595947265625,282700,0.0,0.0,-0.009727663042244594
2004-02-04,1635.7864723205564,1635.7864723205564,1597.7449264526367,1623.10595703125,335500,0.0,0.0,0.005893674796184634
2004-02-05,1626.2760110294118,1626.2760110294118,1607.2552389705882,1616.765625,214700,0.0,0.0,-0.003906295829784745
2004-02-06,1623.1061185468452,1657.9775390625,1616.7658602712715,1657.9775390625,424100,0.0,0.0,0.025490345307471518
2004-02-09,1654.8078114749821,1692.8493703594645,1645.2974217538615,1661.1480712890625,467300,0.0,0.0,0.001912289009871282
2004-02-10,1638.9569457065184,1654.8075931504886,1638.9569457065184,1642.1270751953125,280600,0.0,0.0,-0.011450512102144872
2004-02-11,1642.1270751953125,1642.1270751953125,1642.1270751953125,1642.1270751953125,0,0.0,0.0,0.0
2004-02-12,1632.6166980561757,1667.4881226748512,1632.6166980561757,1664.3179931640625,351300,0.0,0.0,0.01351352054536381
2004-02-13,1667.4884108781366,1689.6793212890625,1654.8078906433218,1689.6793212890625,321600,0.0,0.0,0.01523827070858319
2004-02-16,1676.998499572047,1683.338758549635,1632.6166867289303,1642.1270751953125,250700,0.0,0.0,-0.028142763833715057
2004-02-17,1623.1065452755906,1642.1273251030389,1575.5545957069696,1610.426025390625,957500,0.0,0.0,-0.019304870057584966
2004-02-18,1575.5541510266626,1588.2346673327122,1559.7035056441007,1581.8944091796875,1003400,0.0,0.0,-0.017716812670123705
2004-02-19,1585.0650992936003,1600.9157502865362,1581.894969095013,1588.2352294921875,472400,0.0,0.0,0.0040083714031129425
2004-02-20,1597.7451905261858,1607.255578565032,1597.7451905261858,1604.08544921875,305300,0.0,0.0,0.009979768382061716
2004-02-23,1607.2558368053399,1626.2766159391308,1594.5753173828125,1594.5753173828125,305200,0.0,0.0,-0.005928694035950088
2004-02-24,1594.5752082519532,1616.7661157226564,1585.0648193359377,1585.0648193359375,150800,0.0,0.0,-0.005964282742369709
2004-02-25,1594.574813104445,1594.574813104445,1569.2137822797222,1572.3839111328125,299700,0.0,0.0,-0.008000245824923202
2004-02-26,1569.2138928736379,1585.0645382561997,1566.0437637971254,1581.8944091796875,303100,0.0,0.0,0.00604845800032594
2004-02-27,1575.5539550781252,1591.404598489374,1569.2136977136256,1575.553955078125,351700,0.0,0.0,-0.0040081399016071995
2004-03-01,1591.405099119194,1629.4466552734375,1585.0648397601533,1629.4466552734375,350500,0.0,0.0,0.03420555673235581
2004-03-02,1629.4461836274893,1654.8072137228587,1626.276054865568,1651.6370849609375,279800,0.0,0.0,0.013618383649249388
2004-03-03,1645.2973499517332,1661.1479987951986,1642.12722018304,1654.8077392578125,206100,0.0,0.0,0.0019197039868779076
2004-03-04,1629.4461397058824,1632.616268382353,1613.5954963235295,1616.765625,413500,0.0,0.0,-0.022988842362360762
2004-03-05,1629.4465209252598,1642.1270385978298,1616.7660032526896,1638.9569091796875,211900,0.0,0.0,0.013725727363660178
2004-03-08,1629.4467411747685,1635.7870008680554,1604.0857024016204,1626.276611328125,341100,0.0,0.0,-0.0077368097846508554
2004-03-09,1600.9151116137234,1696.0189796303803,1600.9151116137234,1680.1683349609375,731400,0.0,0.0,0.033138104094604826
2004-03-10,1689.6792575311483,1749.911726373722,1686.5091275920654,1705.5299072265625,805400,0.0,0.0,0.015094661491888317
2004-03-11,1686.5089111328125,1702.359558793835,1680.1686520684034,1686.5089111328125,206000,0.0,0.0,-0.011152543273005966
2004-03-12,1673.8280029296875,1696.0189044836795,1667.4877453428328,1673.8280029296875,373800,0.0,0.0,-0.007519028283465956
2004-03-15,1676.9990746282763,1696.0198580834174,1664.3185523248487,1670.6588134765625,173200,0.0,0.0,-0.001893378201092366
2004-03-16,1673.827986294386,1673.827986294386,1642.126698675174,1651.6370849609375,185700,0.0,0.0,-0.011385764922307362
2004-03-17,1635.7865298864976,1680.1683349609375,1635.7865298864976,1680.1683349609375,182900,0.0,0.0,0.017274527352160396
2004-03-18,1661.1479987951986,1670.6583881012782,1642.12722018304,1654.8077392578125,414900,0.0,0.0,-0.015094080262924692
2004-03-19,1654.8075931504886,1664.3179816168708,1632.6166867289303,1642.1270751953125,266800,0.0,0.0,-0.007662922865098065
2004-03-22,1667.4883732175365,1676.9987631788533,1632.616943359375,1632.616943359375,279400,0.0,0.0,-0.005791349512221156
2004-03-23,1632.6166138168453,1651.6373899001485,1626.276355122411,1635.7867431640625,240400,0.0,0.0,0.0019415453316105058
2004-03-24,1648.4675850455217,1648.4675850455217,1604.0857654481422,1610.426025390625,284900,0.0,0.0,-0.01550368217582132
2004-03-25,1616.765625,1635.7863970588235,1600.914981617647,1616.765625,536200,0.0,0.0,0.003936597837728817
2004-03-26,1607.2559235713397,1616.7663136516435,1585.0650133839642,1591.4052734375,677400,0.0,0.0,-0.015685855247262626
2004-03-29,1616.7660145277387,1711.8698977352528,1604.085496766737,1692.84912109375,934300,0.0,0.0,0.0637448231129254
2004-03-30,1711.869973302341,1711.869973302341,1657.977770439119,1667.4881591796875,317900,0.0,0.0,-0.014981229926549378
2004-03-31,1667.4878559579508,1718.2099200175082,1667.4878559579508,1683.3385009765625,453500,0.0,0.0,0.009505519850091515
2004-04-01,1676.9986476386644,1696.0194262508232,1645.2973499517332,1654.8077392578125,379100,0.0,0.0,-0.01694891532641729
2004-04-02,1654.8081605972782,1686.5094663558468,1638.957507717994,1670.6588134765625,419200,0.0,0.0,0.009578801115505575
2004-04-05,1692.848787405195,1762.5916213432367,1673.8280145130018,1737.2305908203125,627000,0.0,0.0,0.03984761987710539
2004-04-06,1765.7616713631346,1791.1227007543466,1759.4214140153315,1772.1019287109375,715400,0.0,0.0,0.020072947180926004
2004-04-07,1848.1855143671448,1848.1855143671448,1730.8907218601391,1749.9114990234375,625000,0.0,0.0,-0.01252209555668271
2004-04-08,1753.0815795457752,1762.591967861575,1737.2309323527754,1756.251708984375,229800,0.0,0.0,0.003623160350952448
2004-04-09,1765.7621351329558,1765.7621351329558,1724.550451548165,1727.7205810546875,195600,0.0,0.0,-0.01624546628694057
2004-04-12,1734.0608151638355,1749.9114624688066,1734.0608151638355,1746.7413330078125,139800,0.0,0.0,0.011009159792212397
2004-04-13,1740.400437266125,1746.7406938681875,1721.3796674599378,1734.0601806640625,187700,0.0,0.0,-0.007259891378372352
2004-04-14,1711.8699335220756,1737.2309695742545,1711.8699335220756,1727.7205810546875,189900,0.0,0.0,-0.0036559282544318394
2004-04-15,1715.0400769226533,1727.7205950514715,1676.9985225361988,1686.5089111328125,291500,0.0,0.0,-0.023853203101115605
2004-04-16,1711.8701671047281,1724.5506868610594,1699.1896473483966,1705.5299072265625,346300,0.0,0.0,0.011278325283780255
2004-04-19,1711.8705109627017,1711.8705109627017,1664.3185523248487,1670.6588134765625,294700,0.0,0.0,-0.02044589989436507
2004-04-20,1696.019517409314,1705.5299072265623,1683.3389976529825,1705.5299072265625,356200,0.0,0.0,0.020872660215663696
2004-04-21,1680.1682605165424,1689.6786468968248,1664.3176165494053,1673.8280029296875,480200,0.0,0.0,-0.018587715268169602
2004-04-22,1667.487585901331,1718.2096417462383,1664.3174574110242,1711.869384765625,543300,0.0,0.0,0.022727174936345795
2004-04-23,1705.5291277850115,1715.0395132559318,1702.3589992947047,1711.869384765625,259900,0.0,0.0,0.0
2004-04-26,1718.210046228772,1727.7204339385253,1711.869787755603,1715.0399169921875,261700,0.0,0.0,0.0018520876970975486
2004-04-27,1711.8697140610507,1715.0398431611636,1689.6788103602591,1708.6995849609375,443600,0.0,0.0,-0.0036969005609908123
2004-04-28,1699.1893799742509,1705.529638854752,1686.5088622132491,1692.84912109375,204500,0.0,0.0,-0.009276331548678796
2004-04-29,1692.84912109375,1692.84912109375,1692.84912109375,1692.84912109375,0,0.0,0.0,0.0
2004-04-30,1692.848913916472,1724.5502044392524,1648.4671071845794,1696.01904296875,362700,0.0,0.0,0.0018725365630647417
2004-05-03,1696.01904296875,1696.01904296875,1696.01904296875,1696.01904296875,0,0.0,0.0,0.0
2004-05-04,1696.01904296875,1696.01904296875,1696.01904296875,1696.01904296875,0,0.0,0.0,0.0
2004-05-05,1696.01904296875,1696.01904296875,1696.01904296875,1696.01904296875,0,0.0,0.0,0.0
2004-05-06,1670.6582521856399,1696.0192882719496,1657.9777341424851,1664.3179931640625,219100,0.0,0.0,-0.01869144685380253
2004-05-07,1651.6377232820087,1661.1481132433253,1629.4468133722696,1632.616943359375,315400,0.0,0.0,-0.01904747165799736
2004-05-10,1676.9982540246212,1689.678770123106,1569.2138671875,1569.2138671875,657000,0.0,0.0,-0.03883524327599641
2004-05-11,1619.9360959501605,1657.977648105546,1578.724414448493,1604.08544921875,542000,0.0,0.0,0.02222232594321283
2004-05-12,1705.530249810988,1705.530249810988,1635.787377142137,1670.6588134765625,671800,0.0,0.0,0.04150238024429198
2004-05-13,1673.8282830563585,1673.8282830563585,1645.2971191406252,1645.297119140625,379600,0.0,0.0,-0.015180654560556839
2004-05-14,1623.1062252964425,1654.8075187592638,1585.0646731410573,1604.08544921875,445300,0.0,0.0,-0.025048162695015752
2004-05-17,1642.1266574053698,1642.1266574053698,1531.1721535266286,1575.553955078125,589300,0.0,0.0,-0.01778676700453885
2004-05-18,1588.2351155919353,1626.276675246832,1588.2351155919353,1610.426025390625,233600,0.0,0.0,0.02213321238546273
2004-05-19,1635.786731168714,1651.6373777885658,1613.5958259009215,1645.297119140625,209900,0.0,0.0,0.021653334707840255
2004-05-20,1638.9565257352942,1642.1266544117648,1610.425367647059,1616.765625,192700,0.0,0.0,-0.017341241170790833
2004-05-21,1642.1270263671875,1654.8075439453123,1616.7659912109373,1648.46728515625,163500,0.0,0.0,0.01960807408695997
2004-05-24,1680.168554025103,1680.168554025103,1632.6166138168453,1635.7867431640625,198400,0.0,0.0,-0.007692322502466653
2004-05-25,1638.9570443119985,1642.1271739915187,1610.4258771963157,1629.4466552734375,178800,0.0,0.0,-0.003875864575330623
2004-05-26,1651.63751127874,1686.5089366608247,1626.2764746372238,1667.4881591796875,303900,0.0,0.0,0.02334627143707646
2004-05-27,1692.8488879877295,1699.1891459951744,1676.9982429691179,1683.3385009765625,150000,0.0,0.0,0.009505519850091515
2004-05-28,1686.5092755649478,1740.4014892578127,1683.3391453477204,1740.4014892578125,421400,0.0,0.0,0.03389870085437119
2004-05-31,1724.5503047019408,1734.0606924116942,1696.0191415726808,1715.0399169921875,211400,0.0,0.0,-0.014572253828879611
2004-06-01,1705.5294558608246,1715.0398431611636,1686.5086812601462,1708.6995849609375,101400,0.0,0.0,-0.0036969005609908123
2004-06-02,1708.6997682950023,1708.6997682950023,1689.6789916534995,1692.84912109375,109900,0.0,0.0,-0.009276331548678796
2004-06-03,1676.9979437073666,1718.2096134014985,1676.9979437073666,1699.1888427734375,323300,0.0,0.0,0.0037450010167423553
2004-06-04,1708.6992562753182,1715.0395132559318,1699.188870804398,1711.869384765625,159600,0.0,0.0,0.0074627031869454186
2004-06-07,1699.1891024257598,1730.890391650121,1699.1891024257598,1721.3800048828125,180400,0.0,0.0,0.005555692625748732
2004-06-08,1730.8907105612097,1753.0816171068664,1724.550451548165,1727.7205810546875,251200,0.0,0.0,0.003683426177769844
2004-06-09,1718.2101557211756,1756.2517089843752,1718.2101557211756,1756.251708984375,356700,0.0,0.0,0.016513739688318596
2004-06-10,1705.5295550922015,1775.2723993524774,1705.5295550922015,1759.4217529296875,329100,0.0,0.0,0.001805005472220067
2004-06-11,1775.272898826735,1791.1235497091166,1762.5923781208296,1781.6131591796875,406000,0.0,0.0,0.012612897511951493
2004-06-14,1781.6127570787487,1784.782886539743,1667.488096482957,1746.7413330078125,180000,0.0,0.0,-0.01957317501400313
2004-06-15,1753.0812348971401,1762.5916213432367,1737.2305908203125,1737.2305908203125,172200,0.0,0.0,-0.005444848649183154
2004-06-16,1762.591967861575,1768.932226738775,1753.0815795457752,1756.251708984375,160400,0.0,0.0,0.0109491038579288
2004-06-17,1756.2517207344586,1778.442626953125,1734.0608145157921,1778.442626953125,236400,0.0,0.0,0.012635385836340607
2004-06-18,1775.2723993524774,1781.6126579215934,1740.4009772223394,1759.4217529296875,132700,0.0,0.0,-0.01069524185664883
2004-06-21,1772.10207701661,1806.973495347885,1768.9319480774034,1784.7825927734375,179300,0.0,0.0,0.014414303904973558
2004-06-22,1787.9532335069443,1797.463623046875,1759.4220648871528,1797.463623046875,264300,0.0,0.0,0.007105084016833629
2004-06-23,1800.6333490917625,1800.6333490917625,1787.9528325488627,1794.2930908203125,286800,0.0,0.0,-0.0017638922901750398
2004-06-24,1787.9530394427543,1791.1231689453123,1778.44265093508,1791.1231689453125,154200,0.0,0.0,-0.0017666689412211278
2004-06-25,1800.6338686091856,1854.5260794654464,1800.6338686091856,1829.1650390625,690400,0.0,0.0,0.021239114526997227
2004-06-28,1832.3346591582788,1879.8865966796875,1832.3346591582788,1879.8865966796875,728600,0.0,0.0,0.02772935002255661
2004-06-29,1879.887535264757,1879.887535264757,1825.9953125,1854.5264892578125,342400,0.0,0.0,-0.013490232584596695
2004-06-30,1867.2066007158169,1886.2273810287115,1854.5260805072205,1883.0572509765625,515000,0.0,0.0,0.015384391586753754
2004-07-01,1857.695556640625,1873.5462013218591,1848.1851698318847,1857.695556640625,89400,0.0,0.0,-0.013468360732412532
2004-07-02,1860.8654224349632,1860.8654224349632,1825.9940090673574,1835.50439453125,210500,0.0,0.0,-0.011945532210619336
2004-07-05,1860.8660148043593,1886.2270507812502,1838.67510832458,1886.22705078125,440600,0.0,0.0,0.027634178594790892
2004-07-06,1860.8654224349632,1860.8654224349632,1819.6537520914292,1835.50439453125,310600,0.0,0.0,-0.026891066072343373
2004-07-07,1784.7829696922972,1822.8245249965735,1778.4427104749177,1806.973876953125,353300,0.0,0.0,-0.015543693419165616
2004-07-08,1806.9738164581029,1819.654334468335,1784.7829099401963,1791.1231689453125,200300,0.0,0.0,-0.008771963009525985
2004-07-09,1832.3351549872036,1848.1858051168506,1816.4845048575564,1838.6754150390625,247100,0.0,0.0,0.02654884204404029
2004-07-12,1870.3762091754058,1914.7580175287205,1864.035950839218,1879.8865966796875,699000,0.0,0.0,0.022413516438816172
2004-07-13,1876.715931056701,1876.715931056701,1841.8445201755799,1845.0146484375,383500,0.0,0.0,-0.018550027594100293
2004-07-14,1854.525609763272,1876.716514495482,1841.8450927734377,1841.8450927734375,194400,0.0,0.0,-0.001717902709740926
2004-07-15,1838.674665787249,1838.674665787249,1794.292863509626,1816.4837646484375,420000,0.0,0.0,-0.013769522868403161
2004-07-16,1791.1232289096765,1825.9946546052631,1778.4427104749177,1806.973876953125,134500,0.0,0.0,-0.005235327659068312
2004-07-19,1806.973876953125,1806.973876953125,1806.973876953125,1806.973876953125,0,0.0,0.0,0.0
2004-07-20,1781.6127564129345,1794.2932742521725,1756.2517207344586,1778.442626953125,246700,0.0,0.0,-0.015789519906125427
2004-07-21,1772.1018441336496,1791.1226152692523,1762.5914585658484,1775.27197265625,161400,0.0,0.0,-0.0017828263047805493
2004-07-22,1756.251721390795,1768.932239234772,1743.5712035468182,1746.7413330078125,215200,0.0,0.0,-0.016071137317482997
2004-07-23,1772.102405713952,1775.2725352411683,1749.9114990234375,1749.9114990234375,214400,0.0,0.0,0.001814902959996978
2004-07-26,1775.271848577468,1775.271848577468,1730.8900523630314,1734.0601806640625,126900,0.0,0.0,-0.009058354304329663
2004-07-27,1759.4224615658031,1759.4224615658031,1721.380894829245,1724.551025390625,164100,0.0,0.0,-0.0054837515903259915
2004-07-28,1711.869787755603,1740.4009508848633,1702.3594000458497,1715.0399169921875,328800,0.0,0.0,-0.00551512147707145
2004-07-29,1715.0395132559318,1721.379770236545,1702.3589992947047,1711.869384765625,221300,0.0,0.0,-0.0018486638095998043
2004-07-30,1718.2098759603764,1734.0605205725572,1692.8488445808875,1721.3800048828125,304800,0.0,0.0,0.005555692625748732
2004-08-02,1724.551025390625,1740.401678197524,1708.7003725837258,1724.551025390625,215200,0.0,0.0,0.0018421385741775875
2004-08-03,1749.9113385946166,1749.9113385946166,1673.8282369165897,1715.0399169921875,243700,0.0,0.0,-0.00551512147707145
2004-08-04,1696.0195814064698,1702.359841523877,1670.6585409368404,1689.6793212890625,132900,0.0,0.0,-0.014787175185754342
2004-08-05,1692.8488879877295,1708.6995330063412,1673.8281139653955,1683.3385009765625,184900,0.0,0.0,-0.0037526767550558615
2004-08-06,1648.4672851562498,1661.1478027343749,1632.6166381835935,1648.46728515625,340100,0.0,0.0,-0.020715510160364325
2004-08-09,1635.7868162177244,1654.8075931504886,1635.7868162177244,1642.1270751953125,264800,0.0,0.0,-0.0038461242258359674
2004-08-10,1645.2968274370953,1654.8072137228587,1638.956569913253,1651.6370849609375,95400,0.0,0.0,0.005791275175518251
2004-08-11,1676.9988010542477,1705.5299715825809,1664.3182808194329,1689.6793212890625,254100,0.0,0.0,0.023033048043374915
2004-08-12,1638.956992957982,1670.6582887598772,1638.956992957982,1667.4881591796875,212500,0.0,0.0,-0.013133357217418817
2004-08-13,1642.1269898166547,1648.4672484645955,1635.786731168714,1645.297119140625,144700,0.0,0.0,-0.013308064538208986
2004-08-16,1645.297068974743,1645.297068974743,1610.4256474743152,1619.93603515625,152800,0.0,0.0,-0.015414288209306348
2004-08-17,1616.765625,1629.4461397058824,1613.5954963235295,1616.765625,76000,0.0,0.0,-0.001957120582198879
2004-08-18,1597.745039777058,1597.745039777058,1556.5333621637608,1559.7034912109375,518800,0.0,0.0,-0.03529400483701062
2004-08-19,1550.193583089517,1597.745533491036,1550.193583089517,1591.4052734375,436900,0.0,0.0,0.020325518539392018
2004-08-20,1588.2352149600074,1607.2559959774926,1572.3845641121031,1597.74560546875,284700,0.0,0.0,0.003984108974048217
2004-08-23,1572.3838263958753,1594.5747271716236,1566.043569031376,1575.553955078125,311000,0.0,0.0,-0.013889351542991313
2004-08-24,1578.7242654939978,1588.234652635528,1550.1931040694076,1559.7034912109375,335100,0.0,0.0,-0.010060248216889223
2004-08-25,1572.3838958740234,1632.6163434982298,1562.8735094070435,1623.10595703125,438500,0.0,0.0,0.04065033269309892
2004-08-26,1642.1270013741353,1645.2971307204175,1604.08544921875,1604.08544921875,121600,0.0,0.0,-0.011718586657946561
2004-08-27,1616.7659059289383,1635.7866812928082,1604.0853890196918,1619.93603515625,207800,0.0,0.0,0.00988138502547975
2004-08-30,1623.106335952849,1629.4465950776646,1610.4258177032173,1613.595947265625,76700,0.0,0.0,-0.003913789034277193
2004-08-31,1616.7662853331078,1623.1065452755906,1600.915635476901,1610.426025390625,147600,0.0,0.0,-0.001964507831326512
2004-09-01,1616.7656993865967,1623.10595703125,1607.2553129196167,1623.10595703125,101100,0.0,0.0,0.007873650475531457
2004-09-02,1635.7870008680554,1635.7870008680554,1610.4259620949074,1626.276611328125,159000,0.0,0.0,0.0019534487463002126
2004-09-03,1635.786742681571,1635.786742681571,1604.08544921875,1604.08544921875,155700,0.0,0.0,-0.013645379854077988
2004-09-06,1610.425367647059,1632.616268382353,1604.0851102941176,1616.765625,164700,0.0,0.0,0.007904925381266859
2004-09-07,1626.2763915071173,1657.9776856885426,1626.2763915071173,1638.9569091796875,291500,0.0,0.0,0.013725727363660178
2004-09-08,1657.9776485945827,1657.9776485945827,1629.446484469628,1635.7867431640625,146500,0.0,0.0,-0.0019342583065297125
2004-09-09,1632.616613335289,1635.786742681571,1604.08544921875,1604.08544921875,192000,0.0,0.0,-0.019379845250483863
2004-09-10,1629.4461397058824,1629.4461397058824,1607.2552389705882,1616.765625,352700,0.0,0.0,0.007904925381266859
2004-09-13,1616.7662217881943,1629.4467411747685,1613.5960919415509,1626.276611328125,99700,0.0,0.0,0.005882724237240566
2004-09-14,1635.7864723205564,1638.956601142883,1610.4254417419434,1623.10595703125,161600,0.0,0.0,-0.0019496402240487543
2004-09-15,1626.2760110294118,1629.4461397058824,1610.425367647059,1616.765625,112300,0.0,0.0,-0.003906295829784745
2004-09-16,1604.0858804851234,1616.7664012794723,1581.894969095013,1588.2352294921875,130000,0.0,0.0,-0.017646587153170357
2004-09-17,1594.575475299169,1604.0858658079117,1591.4053451295883,1597.74560546875,133900,0.0,0.0,0.005988014747414505
2004-09-20,1597.74560546875,1597.74560546875,1597.74560546875,1597.74560546875,0,0.0,0.0,0.0
2004-09-21,1610.425367647059,1626.2760110294118,1597.7448529411765,1616.765625,213200,0.0,0.0,0.011904285304336515
2004-09-22,1623.105882352941,1626.2760110294118,1604.0851102941176,1616.765625,199600,0.0,0.0,0.0
2004-09-23,1616.765625,1616.765625,1616.765625,1616.765625,0,0.0,0.0,0.0
2004-09-24,1607.2553129196167,1623.10595703125,1591.4046688079834,1623.10595703125,168200,0.0,0.0,0.00392161481739195
2004-09-27,1597.7452994535856,1613.5959472656252,1588.234910766362,1613.595947265625,261500,0.0,0.0,-0.005859142913269388
2004-09-28,1616.7659059289383,1632.6165520654965,1604.0853890196918,1619.93603515625,127300,0.0,0.0,0.003929166964858011
2004-09-29,1619.936351634838,1635.7870008680554,1613.5960919415509,1626.276611328125,219900,0.0,0.0,0.003914090454357533
2004-09-30,1626.2763431968028,1661.147765760477,1616.7659552248917,1645.297119140625,244800,0.0,0.0,0.011695739630029234
2004-10-01,1635.7864411513317,1670.6578575324647,1632.6163123894105,1651.6370849609375,194800,0.0,0.0,0.003853386568636319
2004-10-04,1667.4881339395852,1702.359558793835,1667.4881339395852,1686.5089111328125,396300,0.0,0.0,0.02111349187385181
2004-10-05,1692.848913916472,1696.01904296875,1683.3385267596377,1696.01904296875,152000,0.0,0.0,0.005638945500471504
2004-10-06,1696.0187423140915,1715.0395132559318,1692.8486138237847,1711.869384765625,189300,0.0,0.0,0.009345615464983359
2004-10-07,1715.0397532337117,1718.2098821676002,1680.1683349609375,1680.1683349609375,134400,0.0,0.0,-0.01851838118422089
2004-10-08,1661.148421748992,1680.169205204133,1657.9782911731352,1670.6588134765625,240100,0.0,0.0,-0.005659862340279154
2004-10-11,1670.6588134765625,1670.6588134765625,1670.6588134765625,1670.6588134765625,0,0.0,0.0,0.0
2004-10-12,1661.1478027343749,1667.4880615234374,1648.4672851562498,1648.46728515625,192400,0.0,0.0,-0.01328310014067624
2004-10-13,1661.1478521280767,1661.1478521280767,1632.6166867289303,1642.1270751953125,257300,0.0,0.0,-0.0038461242258359674
2004-10-14,1635.7864723205564,1645.2968587875364,1619.9358282089233,1623.10595703125,147700,0.0,0.0,-0.01158321938136253
2004-10-15,1623.1062252964425,1623.1062252964425,1597.7451905261858,1604.08544921875,139700,0.0,0.0,-0.011718586657946561
2004-10-18,1604.0858804851234,1610.426140882298,1578.7248388964258,1588.2352294921875,233900,0.0,0.0,-0.009881156726583407
2004-10-19,1597.74560546875,1619.936516655816,1585.0650847904267,1597.74560546875,189800,0.0,0.0,0.005988014747414505
2004-10-20,1600.9151574337122,1600.9151574337122,1566.0437381628788,1569.2138671875,242100,0.0,0.0,-0.01785749757883348
2004-10-21,1562.873423050861,1569.213680345185,1540.6825225207272,1553.363037109375,201300,0.0,0.0,-0.010101127965772116
2004-10-22,1543.8533433785467,1566.0442538583206,1540.6832133100077,1550.193603515625,199500,0.0,0.0,-0.00204036887580894
2004-10-25,1537.5130536067436,1537.5130536067436,1502.641623524941,1515.3221435546875,252000,0.0,0.0,-0.022494906366439582
2004-10-26,1518.49200414232,1537.512780812161,1512.1517452523728,1534.3426513671875,238800,0.0,0.0,0.012552121602262822
2004-10-27,1547.0232186851658,1566.043995964082,1521.662182313278,1528.00244140625,249800,0.0,0.0,-0.004132199515726187
2004-10-28,1547.0232790843172,1550.193408754572,1531.1726307330434,1543.8531494140625,166600,0.0,0.0,0.010373483430579311
2004-10-29,1543.8529126397495,1543.8529126397495,1426.5581328293374,1470.93994140625,1004200,0.0,0.0,-0.047228072200704574
2004-11-01,1445.579245923913,1458.259765625,1382.1766474184783,1458.259765625,468400,0.0,0.0,-0.008620457861200914
2004-11-02,1448.7491704090737,1455.0894293605356,1407.5374872245704,1429.7283935546875,506600,0.0,0.0,-0.01956535642199808
2004-11-03,1429.7283935546875,1429.7283935546875,1429.7283935546875,1429.7283935546875,0,0.0,0.0,0.0
2004-11-04,1436.0686280935404,1451.9192752027407,1413.8777221406601,1417.0478515625,692100,0.0,0.0,-0.008869196449725836
2004-11-05,1436.0689195570053,1451.9195698832416,1429.7286594265108,1442.4091796875,592500,0.0,0.0,0.017897298314263343
2004-11-08,1448.7490327852265,1451.9191619598114,1407.537353515625,1407.537353515625,430500,0.0,0.0,-0.024176098338080432
2004-11-09,1407.5375134698274,1426.5582906788793,1375.836218121408,1379.00634765625,670700,0.0,0.0,-0.020270158932629956
2004-11-10,1366.3256815640773,1375.8360691387693,1309.2633561159257,1334.6243896484375,956200,0.0,0.0,-0.03218401284609296
2004-11-11,1337.7941700395331,1337.7941700395331,1302.9227580242846,1315.603271484375,601900,0.0,0.0,-0.014252038484830143
2004-11-12,1290.2423741609148,1318.7735323118932,1287.0722454774727,1306.093017578125,685400,0.0,0.0,-0.007228815945037659
2004-11-15,1309.2635793378277,1413.877860495572,1309.2635793378277,1375.8363037109375,1534800,0.0,0.0,0.05339840669398632
2004-11-16,1391.686878628201,1391.686878628201,1356.815453423394,1369.4959716796875,817000,0.0,0.0,-0.0046083476749004815
2004-11-17,1344.134850749092,1366.325756303912,1302.9231690044264,1309.263427734375,880400,0.0,0.0,-0.04398154152395006
2004-11-18,1312.4338812934027,1325.1144018856096,1277.562449664834,1283.9027099609375,645400,0.0,0.0,-0.01937021781577075
2004-11-19,1293.4131004050926,1302.9234908492476,1280.732579812886,1283.9027099609375,729200,0.0,0.0,0.0
2004-11-22,1283.9025611598995,1302.92333984375,1280.7324313792578,1302.92333984375,721400,0.0,0.0,0.014814697200375315
2004-11-23,1302.92333984375,1302.92333984375,1302.92333984375,1302.92333984375,0,0.0,0.0,0.0
2004-11-24,1328.2839183622193,1328.2839183622193,1306.093017578125,1306.093017578125,620000,0.0,0.0,0.0024327430766226676
2004-11-25,1306.0932983694006,1312.4335570993492,1290.2426515445293,1309.263427734375,385300,0.0,0.0,0.00242739997349406
2004-11-26,1296.582576336247,1299.7527048847464,1277.5618050452506,1280.73193359375,655300,0.0,0.0,-0.02179201949450127
2004-11-29,1264.8816857192096,1350.475183249081,1261.7115561810663,1347.3050537109375,1425200,0.0,0.0,0.051980526424747264
2004-11-30,1321.943957519531,1340.9647338867187,1306.0933105468748,1331.454345703125,673100,0.0,0.0,-0.011764750651052869
2004-12-01,1318.7738158292977,1325.1140745592463,1293.4127809095035,1309.263427734375,727600,0.0,0.0,-0.016666675834860256
2004-12-02,1331.4542533255913,1423.3879993885487,1321.943865801837,1407.537353515625,1606000,0.0,0.0,0.07506046812237699
2004-12-03,1398.0273437499998,1410.7078638747164,1369.4961734693877,1398.02734375,1035100,0.0,0.0,-0.006756488374444758
2004-12-06,1372.6663174563892,1394.857227900257,1372.6663174563892,1388.5169677734375,392400,0.0,0.0,-0.00680271099065366
2004-12-07,1379.00605034214,1388.5164368962237,1353.64501953125,1353.64501953125,652200,0.0,0.0,-0.025114527983123303
2004-12-08,1353.6453127872244,1363.1557014016544,1337.7946650965075,1347.3050537109375,599700,0.0,0.0,-0.004683625122417934
2004-12-09,1382.1767578125,1404.3676690617833,1363.1559767416857,1382.1767578125,903200,0.0,0.0,0.025882560156301526
2004-12-10,1379.0063490923715,1391.686867244945,1344.1349241727942,1347.3050537109375,734400,0.0,0.0,-0.025229554689338074
2004-12-13,1356.8154661094115,1366.3258548905521,1350.4752069219844,1359.985595703125,322500,0.0,0.0,0.009411782400178037
2004-12-14,1359.9857538267624,1372.666273675963,1347.3052339775618,1363.1558837890625,315800,0.0,0.0,0.0023311188706365282
2004-12-15,1372.6658604134261,1426.5580535474405,1366.3256023976596,1401.197021484375,872100,0.0,0.0,0.027906667276799135
2004-12-16,1379.0064073042436,1401.19731500799,1375.83627763228,1394.8570556640625,599600,0.0,0.0,-0.0045246783450882955
2004-12-17,1388.516505452842,1413.8775375159078,1388.516505452842,1401.197021484375,462300,0.0,0.0,0.004545244112698077
2004-12-20,1413.878037348622,1429.7286879915437,1404.367646962869,1423.388427734375,1163400,0.0,0.0,0.015837463190216727
2004-12-21,1426.55813074322,1439.2386474609375,1420.2178723843613,1439.2386474609375,530400,0.0,0.0,0.011135554721202423
2004-12-22,1445.579088796977,1474.1102550232333,1445.579088796977,1455.0894775390625,844200,0.0,0.0,0.011013343830148292
2004-12-23,1455.0894775390625,1455.0894775390625,1455.0894775390625,1455.0894775390625,0,0.0,0.0,0.0
2004-12-24,1470.940014753219,1480.4504027796406,1467.7698854110783,1477.2802734375,417600,0.0,0.0,0.015250468263964034
2004-12-27,1477.2801997743804,1480.4503289584457,1458.2594246699894,1470.93994140625,193600,0.0,0.0,-0.004291895143564428
2004-12-28,1451.9193479583673,1461.4297367004526,1445.579088796977,1455.0894775390625,292900,0.0,0.0,-0.010775738302431392
2004-12-29,1451.9196983436484,1467.770350072291,1451.9196983436484,1464.6002197265625,136800,0.0,0.0,0.006536190615291426
2004-12-30,1477.2802734375,1477.2802734375,1461.4296267267973,1477.2802734375,105000,0.0,0.0,0.008657689340852981
2004-12-31,1477.2802734375,1477.2802734375,1477.2802734375,1477.2802734375,0,0.0,0.0,0.0
2005-01-03,1477.2802734375,1477.2802734375,1477.2802734375,1477.2802734375,0,0.0,0.0,0.0
2005-01-04,1458.2596071197577,1461.4297367004526,1448.7492183776722,1455.0894775390625,171000,0.0,0.0,-0.015021385107107377
2005-01-05,1439.238328241669,1451.9188421468818,1429.7279428127592,1432.8980712890625,374400,0.0,0.0,-0.015250887723778694
2005-01-06,1432.8980712890625,1439.238328241669,1426.557814336456,1432.8980712890625,416700,0.0,0.0,0.0
2005-01-07,1439.239078377297,1442.4092085058812,1410.7079072200377,1423.388427734375,495700,0.0,0.0,-0.006636650397702337
2005-01-10,1423.388427734375,1423.388427734375,1423.388427734375,1423.388427734375,0,0.0,0.0,0.0
2005-01-11,1429.7279428127592,1442.4084567179723,1423.3876858601527,1432.8980712890625,390900,0.0,0.0,0.006680989791257641
2005-01-12,1432.8983869123028,1436.0685160868877,1404.3672243410404,1407.537353515625,314000,0.0,0.0,-0.017698898673666696
2005-01-13,1407.5375134698274,1410.7076430046695,1375.836218121408,1379.00634765625,473000,0.0,0.0,-0.020270158932629956
2005-01-14,1369.4961437136628,1372.666273675963,1356.8156238644624,1363.1558837890625,804200,0.0,0.0,-0.011494119584095297
2005-01-17,1369.4962370986239,1391.6871483479072,1366.3261069201549,1382.1767578125,519100,0.0,0.0,0.013953557512855097
2005-01-18,1385.3462112320549,1388.5163398618765,1366.325439453125,1366.325439453125,257100,0.0,0.0,-0.01146837281829427
2005-01-19,1385.346365596471,1426.5580423762287,1372.665849664238,1410.7073974609375,745900,0.0,0.0,0.032482713653912754
2005-01-20,1391.6870836876417,1407.5377338435374,1382.176693594104,1398.02734375,547800,0.0,0.0,-0.008988436392805221
2005-01-21,1398.0268924764916,1420.217795531674,1391.6866344607254,1401.197021484375,356700,0.0,0.0,0.002267250171139601
2005-01-24,1401.197021484375,1413.8775375159078,1385.3463764449589,1401.197021484375,214100,0.0,0.0,0.0
2005-01-25,1404.3673341519773,1404.3673341519773,1385.3465576171875,1385.3465576171875,204100,0.0,0.0,-0.01131208789638738
2005-01-26,1388.516796320135,1394.8570556640625,1382.1765369762074,1394.8570556640625,165400,0.0,0.0,0.0068650678016866085
2005-01-27,1391.6870978368472,1394.857227900257,1382.176707646618,1388.5169677734375,153900,0.0,0.0,-0.004545331627266003
2005-01-28,1394.857227900257,1394.857227900257,1382.176707646618,1388.5169677734375,267400,0.0,0.0,0.0
2005-01-31,1401.19716818771,1429.7283322458309,1388.5166508285454,1413.877685546875,339100,0.0,0.0,0.01826460775204275
2005-02-01,1426.558514030612,1426.558514030612,1391.6870836876417,1398.02734375,345100,0.0,0.0,-0.0112105466822926
2005-02-02,1426.55810546875,1445.5788802083334,1420.2178472222222,1426.55810546875,483800,0.0,0.0,0.02040787102362418
2005-02-03,1432.898389102079,1442.408776640367,1432.898389102079,1439.2386474609375,295300,0.0,0.0,0.008888906763472315
2005-02-04,1436.06884765625,1442.4091074693017,1401.1974186844645,1436.06884765625,604800,0.0,0.0,-0.0022024143183477785
2005-02-07,1439.2386474609375,1451.9191641786551,1432.898389102079,1439.2386474609375,397600,0.0,0.0,0.0022072756538524807
2005-02-08,1439.2389828098546,1480.4506717449385,1401.1974237928541,1404.3675537109375,1540500,0.0,0.0,-0.02422884753096266
2005-02-09,1417.047655427054,1426.5580423762287,1407.537268477879,1410.7073974609375,1575000,0.0,0.0,0.004514376406124843
2005-02-10,1420.2177844101122,1432.8983003423455,1410.7073974609375,1410.7073974609375,734200,0.0,0.0,0.0
2005-02-11,1410.7073974609375,1410.7073974609375,1410.7073974609375,1410.7073974609375,0,0.0,0.0,0.0
2005-02-14,1426.5580423762287,1429.7281713592872,1410.7073974609375,1410.7073974609375,445100,0.0,0.0,0.0
2005-02-15,1413.8779939058957,1417.0481239370747,1394.8572137188207,1398.02734375,469100,0.0,0.0,-0.008988436392805221
2005-02-16,1394.8571639566874,1410.7078135471043,1394.8571639566874,1404.3675537109375,272700,0.0,0.0,0.004535111555065141
2005-02-17,1404.3671286446709,1426.5580313546318,1404.3671286446709,1420.2177734375,382000,0.0,0.0,0.01128637562487067
2005-02-18,1420.2181981236204,1442.4091074693017,1417.0480682170944,1436.06884765625,343100,0.0,0.0,0.011161016651963118
2005-02-21,1461.4298869084575,1464.6000168149833,1436.06884765625,1436.06884765625,292700,0.0,0.0,0.0
2005-02-22,1442.4092085058812,1448.74946876305,1413.878037348622,1423.388427734375,423500,0.0,0.0,-0.008829952646469685
2005-02-23,1413.8775264439957,1413.8775264439957,1401.1970105117625,1410.7073974609375,436000,0.0,0.0,-0.008909044099523866
2005-02-24,1410.7073974609375,1420.2177844101122,1407.537268477879,1410.7073974609375,381500,0.0,0.0,0.0
2005-02-25,1407.537353515625,1410.7074826902096,1404.3672243410404,1407.537353515625,365500,0.0,0.0,-0.0022471307310205635
2005-02-28,1394.8569095081277,1423.3880735662485,1394.8569095081277,1413.877685546875,617000,0.0,0.0,0.004504556852728436
2005-03-01,1413.8777221406601,1420.21798098434,1413.8777221406601,1417.0478515625,250600,0.0,0.0,0.0022421784062591765
2005-03-02,1420.2178472222222,1432.8983637152778,1420.2178472222222,1426.55810546875,219800,0.0,0.0,0.006711314579647798
2005-03-03,1426.55810546875,1429.728234592014,1417.0477180989583,1426.55810546875,196600,0.0,0.0,0.0
2005-03-04,1417.0478756517634,1432.8985230304186,1410.7076167003015,1429.7283935546875,313100,0.0,0.0,0.002222333653136177
2005-03-07,1426.558444374486,1445.5792236328125,1426.558444374486,1445.5792236328125,336600,0.0,0.0,0.011086602287246672
2005-03-08,1432.898818120128,1445.5793386344656,1420.2182976057907,1423.388427734375,265200,0.0,0.0,-0.01535079886017654
2005-03-09,1417.0478515625,1426.5582398280203,1413.8777221406601,1417.0478515625,375200,0.0,0.0,-0.004454564929944893
2005-03-10,1410.7074826902096,1420.217870213964,1407.537353515625,1407.537353515625,478900,0.0,0.0,-0.006711486867848726
2005-03-11,1407.537353515625,1417.0477410393792,1407.537353515625,1407.537353515625,481700,0.0,0.0,0.0
2005-03-14,1407.537353515625,1417.0477410393792,1401.1970951664555,1407.537353515625,451900,0.0,0.0,0.0
2005-03-15,1420.21798098434,1420.21798098434,1407.53746329698,1417.0478515625,268400,0.0,0.0,0.0067568352790925434
2005-03-16,1413.8775889756944,1432.8983637152778,1413.8775889756944,1426.55810546875,591600,0.0,0.0,0.006711314579647798
2005-03-17,1423.3879023960658,1432.8982892717634,1417.0476444789342,1420.2177734375,354700,0.0,0.0,-0.004444496166643441
2005-03-18,1420.2180051274945,1429.7283935546875,1420.2180051274945,1429.7283935546875,208000,0.0,0.0,0.006696592800812473
2005-03-21,1429.7283935546875,1429.7283935546875,1429.7283935546875,1429.7283935546875,0,0.0,0.0,0.0
2005-03-22,1432.898717749724,1439.238977562776,1426.558457936672,1436.06884765625,421600,0.0,0.0,0.004434726294970215
2005-03-23,1436.0689708464736,1436.0689708464736,1350.4754560278095,1382.1767578125,1537300,0.0,0.0,-0.037527511255261214
2005-03-24,1359.9852562743577,1388.5164154968966,1344.1346122618359,1372.665771484375,1126400,0.0,0.0,-0.0068811649988801404
2005-03-25,1388.5169536564624,1404.367603812358,1375.836433531746,1398.02734375,514200,0.0,0.0,0.0184761453170057
2005-03-28,1375.8359894213093,1401.197021484375,1369.495731405543,1401.197021484375,315100,0.0,0.0,0.002267250171139601
2005-03-29,1382.176489935981,1391.686878628201,1363.1557125515408,1369.4959716796875,368300,0.0,0.0,-0.022624262911367432
2005-03-30,1391.6871483479072,1394.8572785263761,1379.006627634031,1382.1767578125,431800,0.0,0.0,0.009259454861527905
2005-03-31,1379.00634765625,1388.5167362607758,1375.836218121408,1379.00634765625,308700,0.0,0.0,-0.00229378054458651
2005-04-01,1391.6870978368472,1391.6870978368472,1375.8364475197989,1388.5169677734375,335400,0.0,0.0,0.006896719607818902
2005-04-04,1388.5169677734375,1394.857227900257,1385.3468377100278,1388.5169677734375,217400,0.0,0.0,0.0
2005-04-05,1394.8567634686085,1407.5372795001413,1388.516505452842,1401.197021484375,180300,0.0,0.0,0.009132084090603954
2005-04-06,1410.7077085180508,1480.4505615234375,1398.0271897897985,1480.4505615234375,562600,0.0,0.0,0.056561310667863296
2005-04-07,1458.2597431383635,1458.2597431383635,1420.2181846217104,1445.5792236328125,577100,0.0,0.0,-0.023554543999592337
2005-04-08,1455.0893070113375,1467.7698238480375,1429.7282733379373,1461.4295654296875,500100,0.0,0.0,0.010964699504356634
2005-04-11,1445.5785851942753,1451.9188421468818,1429.7279428127592,1432.8980712890625,325900,0.0,0.0,-0.019523003239801162
2005-04-12,1432.898311563207,1432.898311563207,1398.0268924764916,1401.197021484375,425000,0.0,0.0,-0.02212372983108879
2005-04-13,1455.0894399789663,1483.62060546875,1448.7491809812366,1483.62060546875,1235500,0.0,0.0,0.058823693399703725
2005-04-14,1477.2801627041713,1483.620420913202,1458.259388077079,1467.769775390625,649600,0.0,0.0,-0.01068388375012963
2005-04-15,1458.2596071197577,1464.5998662811478,1448.7492183776722,1455.0894775390625,360200,0.0,0.0,-0.008639159944677122
2005-04-18,1429.7283935546875,1445.5790409333426,1420.2180051274945,1429.7283935546875,468700,0.0,0.0,-0.017429226433048783
2005-04-19,1432.8984025471123,1461.4295654296875,1432.8984025471123,1461.4295654296875,669900,0.0,0.0,0.022172863054207292
2005-04-20,1483.6207502979341,1502.6415291479077,1464.5999714479606,1496.30126953125,1462200,0.0,0.0,0.023861364876185176
2005-04-21,1499.47104356843,1515.3216888492802,1467.7697530067296,1486.79052734375,885100,0.0,0.0,-0.006356167959731485
2005-04-22,1496.301162088099,1505.8115508301844,1448.7492183776722,1455.0894775390625,1097800,0.0,0.0,-0.021321799689781096
2005-04-25,1464.5996830381196,1489.9607165106413,1455.0892954859241,1470.93994140625,526900,0.0,0.0,0.0108931197097204
2005-04-26,1461.4295538540546,1477.2801997743804,1461.4295538540546,1470.93994140625,562900,0.0,0.0,0.0
2005-04-27,1474.1100840963377,1499.471117801221,1461.4295672438961,1493.130859375,701200,0.0,0.0,0.015086216196927182
2005-04-28,1489.9610190501044,1534.3428366388307,1486.7908892223381,1518.4921875,1087700,0.0,0.0,0.01698533518730949
2005-04-29,1518.4921875,1518.4921875,1518.4921875,1518.4921875,0,0.0,0.0,0.0
2005-05-02,1502.6414692978788,1502.6414692978788,1461.4297834310594,1480.4505615234375,1499100,0.0,0.0,-0.025052236876630274
2005-05-03,1480.4505615234375,1480.4505615234375,1480.4505615234375,1480.4505615234375,0,0.0,0.0,0.0
2005-05-04,1480.4505615234375,1480.4505615234375,1480.4505615234375,1480.4505615234375,0,0.0,0.0,0.0
2005-05-05,1480.4505615234375,1480.4505615234375,1480.4505615234375,1480.4505615234375,0,0.0,0.0,0.0
2005-05-06,1496.3012695312498,1512.1519185728944,1489.961009914592,1496.30126953125,1580200,0.0,0.0,0.010706678371955602
2005-05-09,1508.9814937285732,1508.9814937285732,1489.9607185975408,1502.6412353515625,839200,0.0,0.0,0.004237091787203218
2005-05-10,1515.3214206414473,1528.0019346217105,1496.3006496710525,1505.81103515625,1103100,0.0,0.0,0.0021094854381165096
2005-05-11,1499.4709995452183,1531.1722891761954,1486.7904836928274,1524.83203125,774100,0.0,0.0,0.012631728450426927
2005-05-12,1543.8532489910874,1547.0233788658124,1524.8324697427374,1531.1727294921875,897800,0.0,0.0,0.0041582929216077424
2005-05-13,1534.3427393713664,1534.3427393713664,1493.131054222962,1499.4713134765625,603900,0.0,0.0,-0.020704010334705147
2005-05-16,1477.2804318413744,1499.4713396158156,1477.2804318413744,1480.4505615234375,349100,0.0,0.0,-0.012684972217991253
2005-05-17,1477.2801627041713,1489.960679122233,1461.4295171815943,1467.769775390625,254900,0.0,0.0,-0.00856549111627447
2005-05-18,1442.4089114576116,1458.2595588362667,1417.0478756517634,1429.7283935546875,658800,0.0,0.0,-0.02591781250285885
2005-05-19,1426.5585293612637,1455.089699948489,1420.218269230769,1442.4091796875,692800,0.0,0.0,0.008869367209868972
2005-05-20,1464.6000901442308,1464.6000901442308,1432.8987894917582,1442.4091796875,489300,0.0,0.0,0.0
2005-05-23,1420.2178472222222,1432.8983637152778,1417.0477180989583,1426.55810546875,366500,0.0,0.0,-0.010989304867141891
2005-05-24,1439.2386474609375,1451.9191641786551,1436.0685182815082,1439.2386474609375,553300,0.0,0.0,0.008888906763472315
2005-05-25,1442.408676147461,1445.5788051060267,1407.5372576032366,1420.2177734375,263300,0.0,0.0,-0.013215927780284131
2005-05-26,1420.217795531674,1420.217795531674,1388.516505452842,1401.197021484375,284600,0.0,0.0,-0.013392841794316546
2005-05-27,1394.857227900257,1394.857227900257,1372.6663174563892,1388.5169677734375,336700,0.0,0.0,-0.009049443808769153
2005-05-30,1385.3466304700848,1401.1972784159668,1385.3466304700848,1391.6868896484375,395000,0.0,0.0,0.0022829550870258064
2005-05-31,1417.0481674772063,1423.388427734375,1398.0273867057,1423.388427734375,486200,0.0,0.0,0.022779217309394806
2005-06-01,1404.3672975275015,1426.5582029060397,1401.19716818771,1413.877685546875,318000,0.0,0.0,-0.006681761634551364
2005-06-02,1426.55810546875,1442.4087510850695,1413.8775889756944,1426.55810546875,510100,0.0,0.0,0.00896854095053512
2005-06-03,1436.0686525061496,1439.2387819818805,1423.3881346032256,1429.7283935546875,333400,0.0,0.0,0.002222333653136177
2005-06-06,1432.8985230304186,1436.0686525061496,1426.5582640789564,1429.7283935546875,230900,0.0,0.0,0.0
2005-06-07,1417.0477180989583,1432.8983637152778,1410.7074598524305,1426.55810546875,326900,0.0,0.0,-0.002217405837520836
2005-06-08,1426.5582640789564,1429.7283935546875,1417.0478756517634,1429.7283935546875,252700,0.0,0.0,0.002222333653136177
2005-06-09,1448.74946876305,1455.0897290202186,1413.878037348622,1423.388427734375,513400,0.0,0.0,-0.004434384774684164
2005-06-10,1429.728234592014,1436.0684928385417,1420.2178472222222,1426.55810546875,301800,0.0,0.0,0.0022268536631424585
2005-06-13,1420.217870213964,1423.3879993885487,1404.3672243410404,1407.537353515625,247200,0.0,0.0,-0.0133333173603013
2005-06-14,1401.197473781179,1410.7078638747164,1394.8572137188207,1398.02734375,469800,0.0,0.0,-0.006756488374444758
2005-06-15,1385.3463764449589,1407.5372795001413,1382.1762474370757,1401.197021484375,597000,0.0,0.0,0.002267250171139601
2005-06-16,1413.8775889756944,1429.728234592014,1404.367201605903,1426.55810546875,729100,0.0,0.0,0.018099584566279248
2005-06-17,1451.9191778021625,1470.9399530572125,1445.5789193838125,1461.4295654296875,930300,0.0,0.0,0.024444472207095336
2005-06-20,1474.1104152513587,1477.2805451766303,1448.7493758491848,1458.259765625,402900,0.0,0.0,-0.002168971998151359
2005-06-21,1439.2387819818805,1448.7491704090737,1420.2180051274945,1429.7283935546875,780800,0.0,0.0,-0.01956535642199808
2005-06-22,1413.8776118647945,1417.0477410393792,1394.856836817286,1407.537353515625,825700,0.0,0.0,-0.015521157822073861
2005-06-23,1407.537268477879,1420.2177844101122,1407.537268477879,1410.7073974609375,404900,0.0,0.0,0.0022521917002022995
2005-06-24,1407.5374268672927,1413.877685546875,1407.5374268672927,1413.877685546875,277100,0.0,0.0,0.0022473037935744067
2005-06-27,1401.1972784159668,1401.1972784159668,1388.516760059261,1391.6868896484375,351400,0.0,0.0,-0.015694989832061967
2005-06-28,1394.856752545646,1410.7073974609375,1394.856752545646,1410.7073974609375,228000,0.0,0.0,0.013667232158308895
2005-06-29,1413.8777221406601,1423.3881104061802,1410.70759271882,1417.0478515625,261200,0.0,0.0,0.004494521055872003
2005-06-30,1417.0476444789342,1423.3879023960658,1413.8775155203682,1420.2177734375,343200,0.0,0.0,0.0022369900010819066
2005-07-01,1413.877685546875,1417.0478148866662,1404.3672975275015,1413.877685546875,237000,0.0,0.0,-0.004464165995669456
2005-07-04,1417.047655427054,1417.047655427054,1401.1970105117625,1410.7073974609375,413000,0.0,0.0,-0.0022422647435101917
2005-07-05,1413.8777221406601,1417.0478515625,1407.53746329698,1417.0478515625,535300,0.0,0.0,0.004494521055872003
2005-07-06,1439.2390496222527,1464.6000901442308,1426.5585293612637,1442.4091796875,1525800,0.0,0.0,0.017897298314263343
2005-07-07,1455.0890908518145,1477.2799920194893,1455.0890908518145,1474.10986328125,1114400,0.0,0.0,0.021977594180742743
2005-07-08,1474.1100705903152,1477.2801997743804,1461.4295538540546,1470.93994140625,452100,0.0,0.0,-0.002150397303457452
2005-07-11,1477.2803464710203,1489.9608644664797,1467.7699579744258,1483.62060546875,695300,0.0,0.0,0.008620789813061247
2005-07-12,1496.301098027505,1540.6829102571346,1489.9608391375582,1534.3426513671875,1517900,0.0,0.0,0.03418801660712445
2005-07-13,1534.3426513671875,1550.193298592055,1512.1517452523728,1534.3426513671875,1204300,0.0,0.0,0.0
2005-07-14,1547.0232186851658,1547.0232186851658,1524.8323118597639,1528.00244140625,552200,0.0,0.0,-0.004132199515726187
2005-07-15,1521.6623398680124,1531.1727294921873,1521.6623398680124,1531.1727294921875,277400,0.0,0.0,0.0020747925527002664
2005-07-18,1531.1727294921873,1531.1727294921873,1531.1727294921873,1531.1727294921875,0,0.0,0.0,0.0
2005-07-19,1521.662490172956,1528.0027505486767,1505.8118392336544,1512.152099609375,801300,0.0,0.0,-0.01242226269868374
2005-07-20,1505.8112574714137,1528.0021602130978,1502.641128508316,1524.83203125,638300,0.0,0.0,0.008385354650435328
2005-07-21,1521.6620847557772,1521.6620847557772,1502.64130869633,1508.9815673828125,381800,0.0,0.0,-0.010394891727316224
2005-07-22,1508.9811636513157,1512.1512921463816,1499.4707781661184,1505.81103515625,418700,0.0,0.0,-0.002101107326354934
2005-07-25,1518.4915491365132,1518.4915491365132,1502.640906661184,1505.81103515625,342800,0.0,0.0,0.0
2005-07-26,1508.9817230412602,1556.5336680950813,1508.9817230412602,1543.8531494140625,811200,0.0,0.0,0.025263537967009864
2005-07-27,1543.8531494140625,1550.193408754572,1534.3427604032981,1543.8531494140625,500700,0.0,0.0,0.0
2005-07-28,1550.19300916118,1585.0644265451738,1543.8527514549994,1572.3839111328125,801500,0.0,0.0,0.01848023027940071
2005-07-29,1553.3635616885183,1562.8739508417134,1550.1934319707866,1556.53369140625,646000,0.0,0.0,-0.01008037516432192
2005-08-01,1505.8117825560773,1559.7039937212423,1505.8117825560773,1550.193603515625,504100,0.0,0.0,-0.00407320954607604
2005-08-02,1531.172570952736,1547.0232186851658,1515.321923220306,1528.00244140625,537300,0.0,0.0,-0.014315090746761294
2005-08-03,1518.4917733238046,1531.1722891761954,1518.4917733238046,1524.83203125,372200,0.0,0.0,-0.0020748724415206032
2005-08-04,1531.1727068110647,1537.512966466597,1515.3220576722338,1518.4921875,325600,0.0,0.0,-0.004157732537139025
2005-08-05,1508.9817023569635,1515.3219616105644,1496.3011838497623,1499.4713134765625,310800,0.0,0.0,-0.012526158632895523
2005-08-08,1499.4714085334028,1521.662317327766,1480.4506295668057,1518.4921875,318700,0.0,0.0,0.012685053626892762
2005-08-09,1515.3218746973464,1550.193298592055,1508.9816158073993,1534.3426513671875,783300,0.0,0.0,0.010438291350898021
2005-08-10,1531.1724855991695,1566.0439086666454,1531.1724855991695,1562.873779296875,574600,0.0,0.0,0.01859501715882339
2005-08-11,1556.5331829846266,1578.724083760375,1553.363054302377,1575.553955078125,293000,0.0,0.0,0.008113371629380639
2005-08-12,1562.8736091382575,1581.8943832859848,1562.8736091382575,1569.2138671875,224500,0.0,0.0,-0.004024037304587669
2005-08-15,1559.703395720451,1572.3839111328125,1559.703395720451,1572.3839111328125,213500,0.0,0.0,0.002020147802411554
2005-08-16,1578.7246636284722,1629.4467411747685,1575.5545337818287,1626.276611328125,775100,0.0,0.0,0.0342745177012691
2005-08-17,1616.7663864862352,1623.1066468253969,1594.575475299169,1597.74560546875,560500,0.0,0.0,-0.017543759567491213
2005-08-18,1629.4467411747685,1654.8077799479167,1616.7662217881943,1626.276611328125,771000,0.0,0.0,0.017857039169264066
2005-08-19,1651.6374751209078,1680.1686407180061,1645.2972160993304,1664.3179931640625,1066500,0.0,0.0,0.02339170444372951
2005-08-22,1664.3182808194329,1692.849451347766,1657.9780207020256,1689.6793212890625,419000,0.0,0.0,0.01523827070858319
2005-08-23,1711.869848901099,1772.102306547619,1696.0192021520147,1730.890625,1341200,0.0,0.0,0.02439001483399661
2005-08-24,1730.8904772543817,1737.2307354128227,1705.529444620618,1718.2099609375,512800,0.0,0.0,-0.007326092058820843
2005-08-25,1721.3801754653564,1730.8905631751097,1705.5295292824342,1715.0399169921875,302800,0.0,0.0,-0.0018449689021606819
2005-08-26,1724.5503663003662,1737.2308836996338,1711.869848901099,1730.890625,475700,0.0,0.0,0.009242180226108898
2005-08-29,1705.529444620618,1727.7203481751612,1689.6787992245156,1718.2099609375,270200,0.0,0.0,-0.007326092058820843
2005-08-30,1718.2107642678652,1734.0614170747644,1718.2107642678652,1724.551025390625,236800,0.0,0.0,0.003690506164720997
2005-08-31,1727.7202043742159,1743.5708484510435,1721.3799467434849,1737.2305908203125,293400,0.0,0.0,0.007352386356220153
2005-09-01,1743.5712151202677,1775.2725099406362,1743.5712151202677,1768.9322509765625,388500,0.0,0.0,0.018248389317897518
2005-09-02,1784.7824434065435,1784.7824434065435,1762.5915426892332,1772.1019287109375,441200,0.0,0.0,0.0017918593166161845
2005-09-05,1762.5916213432367,1765.7617501586024,1721.3799467434849,1737.2305908203125,397100,0.0,0.0,-0.019677952676227295
2005-09-06,1734.0612288233579,1756.2521403439493,1730.8910986061305,1740.4014892578125,527400,0.0,0.0,0.0018252605349313722
2005-09-07,1737.2308216482788,1746.7412093580322,1708.6996585190186,1715.0399169921875,499100,0.0,0.0,-0.014572253828879611
2005-09-08,1715.0394849634883,1721.3797418395086,1680.1680721453768,1699.1888427734375,603600,0.0,0.0,-0.009242393755213185
2005-09-09,1689.6788103602591,1715.0398431611636,1689.6788103602591,1708.6995849609375,470000,0.0,0.0,0.005597224951157553
2005-09-12,1765.7621466595192,1768.9322761867356,1737.230980914572,1749.9114990234375,647100,0.0,0.0,0.02411887638132848
2005-09-13,1762.5915899910235,1781.6123625448834,1749.9110749551169,1765.76171875,675700,0.0,0.0,0.009057726482400996
2005-09-14,1772.1027914300862,1775.2729216473135,1740.4014892578127,1740.4014892578125,372200,0.0,0.0,-0.014362203701040799
2005-09-15,1740.401678197524,1756.2523310044232,1708.7003725837258,1724.551025390625,534000,0.0,0.0,-0.009107360551585675
2005-09-16,1724.5506868610594,1727.720816800142,1683.3389976529825,1705.5299072265625,599400,0.0,0.0,-0.011029605899746553
2005-09-19,1705.5299072265623,1705.5299072265623,1705.5299072265623,1705.5299072265625,0,0.0,0.0,0.0
2005-09-20,1705.529366432046,1708.6994953659346,1664.3176902914947,1680.1683349609375,574500,0.0,0.0,-0.01487020084383428
2005-09-21,1664.3174574110242,1715.0395132559318,1664.3174574110242,1711.869384765625,830900,0.0,0.0,0.018867781962706998
2005-09-22,1711.869384765625,1711.869384765625,1711.869384765625,1711.869384765625,0,0.0,0.0,0.0
2005-09-23,1711.869384765625,1711.869384765625,1711.869384765625,1711.869384765625,0,0.0,0.0,0.0
2005-09-26,1711.869384765625,1711.869384765625,1711.869384765625,1711.869384765625,0,0.0,0.0,0.0
2005-09-27,1711.869384765625,1711.869384765625,1711.869384765625,1711.869384765625,0,0.0,0.0,0.0
2005-09-28,1711.869384765625,1711.869384765625,1711.869384765625,1711.869384765625,0,0.0,0.0,0.0
2005-09-29,414.6529276204297,418.4570829196997,382.52893663841564,401.5497131347656,6192000,0.0,0.0,-0.7654320378013288
2005-09-30,401.5498085809487,402.39520242475567,389.08065571251603,399.4364013671875,3701100,0.0,0.0,-0.005262889496496448
2005-10-03,389.50320293630097,390.9826223924206,368.7917175292969,368.7917175292969,2568900,0.0,0.0,-0.07671980754132635
2005-10-04,369.0030307749453,379.9927988609358,369.0030307749453,377.4566955566406,3503100,0.0,0.0,0.023495587388443484
2005-10-05,377.45674212343437,378.3021357944058,362.8741463246841,365.83294677734375,4750200,0.0,0.0,-0.030794920095814304
2005-10-06,355.47718416925767,364.14217859783037,353.5751065584196,358.858642578125,3510600,0.0,0.0,-0.019064177408448457
2005-10-07,359.28135785681724,362.8741455078125,356.7452542453523,362.8741455078125,5377200,0.0,0.0,0.011189650891056058
2005-10-10,362.8741455078125,362.8741455078125,362.8741455078125,362.8741455078125,0,0.0,0.0,0.0
2005-10-11,368.7916866139351,368.7916866139351,360.7606802469357,363.2967834472656,5922600,0.0,0.0,0.0011646956518813756
2005-10-12,362.45150987657655,362.66283895803053,354.4205017089844,354.4205017089844,5489700,0.0,0.0,-0.02443259104596418
2005-10-13,353.3637438919496,359.28134456502306,351.67303401210165,359.0699768066406,2970000,0.0,0.0,0.013118527498372279
2005-10-14,358.6472936135335,358.6472936135335,354.63177085940487,357.3792419433594,2857800,0.0,0.0,-0.004708650047318574
2005-10-17,356.956581251516,357.37927808360826,351.6730449907776,352.095703125,2219100,0.0,0.0,-0.014784123413627781
2005-10-18,352.30706482978445,353.36374884503374,348.9255676269531,348.9255676269531,3459300,0.0,0.0,-0.00900361881701639
2005-10-19,347.234798629305,347.234798629305,335.1883088017876,343.8533020019531,3405000,0.0,0.0,-0.014536812706207103
2005-10-20,342.3739178261061,344.0646661220656,335.1883052895369,338.56976318359375,4094700,0.0,0.0,-0.015365677129165256
2005-10-21,332.22955206668735,337.30175896846885,331.80685525891636,334.7656555175781,3762300,0.0,0.0,-0.011235816306351065
2005-10-24,335.1884437694189,346.6009124119074,335.1884437694189,345.544189453125,3189000,0.0,0.0,0.03219725129473705
2005-10-25,349.34823295918557,350.8276136658948,343.8533295233339,344.064697265625,2240400,0.0,0.0,-0.004281629477959181
2005-10-26,350.40503839504476,357.80198237471933,346.38951471683595,356.3226013183594,3828300,0.0,0.0,0.03562674156968515
2005-10-27,357.167883437882,364.5648646045088,355.26580588342364,360.3380126953125,3645600,0.0,0.0,0.011269033628786174
2005-10-28,355.4771259192668,360.5493320503486,349.98222304464105,359.2812805175781,2505600,0.0,0.0,-0.002932613658575889
2005-10-31,364.56481996110966,371.7504324987369,362.4514136142457,370.0597229003906,3607800,0.0,0.0,0.030000011042281782
2005-11-01,363.71955799195297,369.42579141293027,362.87416427915275,364.98760986328125,1087800,0.0,0.0,-0.013706201251398098
2005-11-02,361.3948669575698,363.085616076548,353.99788309715626,358.4360656738281,2566500,0.0,0.0,-0.017950045460193076
2005-11-03,358.4360656738281,358.4360656738281,358.4360656738281,358.4360656738281,0,0.0,0.0,0.0
2005-11-04,362.66280147401005,363.2968273507128,349.55958712286235,351.2503356933594,3490800,0.0,0.0,-0.02004745244304651
2005-11-07,348.71420712804365,351.03898140818586,340.8945681099155,344.064697265625,3849000,0.0,0.0,-0.020457314050818187
2005-11-08,345.75542973632054,352.72971433716106,344.6987457468932,350.82763671875,4830900,0.0,0.0,0.019656010938849278
2005-11-09,353.7864720716303,354.20916892799585,347.44621271550795,351.6730651855469,2460600,0.0,0.0,0.0024098114809427695
2005-11-10,352.0956822520222,353.15240492067306,346.3894494974691,347.6575012207031,2259000,0.0,0.0,-0.01141845754586035
2005-11-11,350.40492368357013,350.8275817339511,344.91002074785854,346.60076904296875,1957500,0.0,0.0,-0.0030395782458999543
2005-11-14,341.95125713270346,342.7966507187519,336.6677213602989,338.7811279296875,6089700,0.0,0.0,-0.02256094565188871
2005-11-15,338.56984958704055,338.9925464433688,335.3997199092593,338.3585205078125,1771200,0.0,0.0,-0.0012474349573649013
2005-11-16,338.9925257787697,341.9512874990881,333.07492494239347,333.9203186035156,5438700,0.0,0.0,-0.013116861657971435
2005-11-17,334.9770246101083,340.6832580566406,332.4409208560939,340.6832580566406,4713300,0.0,0.0,0.02025315345112344
2005-11-18,338.14711374194513,340.6832171917544,336.03370709972666,340.26055908203125,6233700,0.0,0.0,-0.0012407389110359324
2005-11-21,346.600815884776,362.4514623627708,345.5440932202872,361.18341064453125,10978200,0.0,0.0,0.06149067531936847
2005-11-22,363.5082201838865,365.4102981476938,356.1112761232193,362.0288391113281,7033500,0.0,0.0,0.0023407178787315797
2005-11-23,362.0288391113281,362.0288391113281,362.0288391113281,362.0288391113281,0,0.0,0.0,0.0
2005-11-24,371.53916958480266,384.85371320473587,369.42576286188074,375.7660217285156,10420200,0.0,0.0,0.03794499535149787
2005-11-25,377.87944614855655,378.93616890844123,365.6216246649518,376.8227233886719,7362300,0.0,0.0,0.0028121266933487377
2005-11-28,378.090758904553,384.2196887307916,378.090758904553,383.5856628417969,8464500,0.0,0.0,0.01794727078109193
2005-11-29,383.58563447118405,384.2196603132852,374.9206017298465,378.513427734375,5108400,0.0,0.0,-0.013223213479472085
2005-11-30,384.6423855560778,385.6990695724895,381.6835851748128,383.5856628417969,4203900,0.0,0.0,0.013400409961100035
2005-12-01,382.5289140363212,384.4309915735701,377.87940406677944,378.9361267089844,3369900,0.0,0.0,-0.012121245873389475
2005-12-02,385.27648490557544,385.27648490557544,365.1989816932844,373.65264892578125,7874100,0.0,0.0,-0.013942924442410631
2005-12-05,367.31227704512605,372.5958513181619,363.7194898810702,371.7504577636719,6147300,0.0,0.0,-0.005090800687692187
2005-12-06,372.1731569543752,382.31757009112135,372.1731569543752,377.6680603027344,7191600,0.0,0.0,0.015918211842053553
2005-12-07,381.0494884549169,381.0494884549169,374.28653399680684,375.1319274902344,2084400,0.0,0.0,-0.0067152430376745675
2005-12-08,372.59585774603147,372.59585774603147,363.9308251991443,367.5236511230469,2976900,0.0,0.0,-0.02028160177697902
2005-12-09,359.49265779262,364.7761936557152,359.49265779262,360.3380126953125,6159900,0.0,0.0,-0.019551499354605095
2005-12-12,360.76071383916224,366.67827562499116,360.5493847854114,361.18341064453125,4393200,0.0,0.0,0.002346124803473293
2005-12-13,361.18342220325343,364.353551600304,356.1112151679725,359.0699768066406,4496700,0.0,0.0,-0.005851414476980565
2005-12-14,357.5906202821544,357.5906202821544,350.4050060599358,351.0390319824219,6982800,0.0,0.0,-0.022365960238840632
2005-12-15,356.5339380216347,366.6783539340262,352.94114985124645,359.9154357910156,4938600,0.0,0.0,0.025286087870246332
2005-12-16,357.16787830310955,364.5648593633947,357.16787830310955,360.1266784667969,4580100,0.0,0.0,0.0005869230790753743
2005-12-19,360.3379791944059,365.8328822957089,360.3379791944059,360.5493469238281,4320000,0.0,0.0,0.0011736660522645437
2005-12-20,361.6060602863365,363.29680877036236,357.3792471230717,357.590576171875,4176300,0.0,0.0,-0.008206285151247883
2005-12-21,357.5905465262277,359.91532066179707,353.997720807232,355.054443359375,4475700,0.0,0.0,-0.007092280897472603
2005-12-22,357.16795663598145,366.2556881683024,355.4772464841019,364.1422424316406,6952200,0.0,0.0,0.025595508638846187
2005-12-23,364.1422424316407,364.1422424316407,364.1422424316407,364.1422424316406,0,0.0,0.0,0.0
2005-12-26,362.0288152290395,366.0442999884478,357.59063360626664,359.70404052734375,2473200,0.0,0.0,-0.012188099558732346
2005-12-27,359.7039975058748,361.39474605924244,358.43594576531603,358.858642578125,1647900,0.0,0.0,-0.0023502598079780945
2005-12-28,359.2812642748425,363.2967477144591,359.2812642748425,363.0854187011719,1408500,0.0,0.0,0.011778387424866477
2005-12-29,364.7762684130642,365.4102943944878,361.60613850594643,364.1422424316406,1948500,0.0,0.0,0.002910675218655845
2005-12-30,365.1989622466063,365.1989622466063,362.87418743486535,364.3536071777344,1368000,0.0,0.0,0.0005804455552378407
2006-01-02,364.3536071777344,364.3536071777344,364.3536071777344,364.3536071777344,0,0.0,0.0,0.0
2006-01-03,364.3536071777344,364.3536071777344,364.3536071777344,364.3536071777344,0,0.0,0.0,0.0
2006-01-04,367.73500518659097,369.4257537419106,365.41023076025994,369.2143859863281,2234100,0.0,0.0,0.013340828011132233
2006-01-05,371.3277744480814,371.3277744480814,367.73494883033675,370.0597229003906,5427900,0.0,0.0,0.0022895557327871074
2006-01-06,369.84848438145974,371.750562367475,369.6371552823055,370.6938781738281,6178800,0.0,0.0,0.0017136565645869961
2006-01-09,370.6938781738281,370.6938781738281,370.6938781738281,370.6938781738281,0,0.0,0.0,0.0
2006-01-10,371.53917941031705,372.8072312171782,365.8329462794419,371.3278503417969,5397900,0.0,0.0,0.001710231016201158
2006-01-11,370.69382229988645,371.32784819965946,367.31232503585073,370.9051513671875,3770100,0.0,0.0,-0.0011383443881741728
2006-01-12,370.6937538833638,370.9050829116612,368.1576507523439,370.27105712890625,3564600,0.0,0.0,-0.0017095859573368344
2006-01-13,370.2711348699696,371.9618835449219,369.21441211089063,371.9618835449219,4219200,0.0,0.0,0.004566455798966196
2006-01-16,370.9052267513243,372.3846079188461,368.5804517470376,372.17327880859375,4151100,0.0,0.0,0.0005683250704540121
2006-01-17,369.84848438145974,376.61144123102827,367.312380400106,370.6938781738281,5122800,0.0,0.0,-0.003975031844041799
2006-01-18,368.79176627463175,369.4257922116667,349.55962038598955,359.4927062988281,4845900,0.0,0.0,-0.030216770587582986
2006-01-19,346.81214285315866,364.98756360459373,346.81214285315866,360.7607116699219,4919700,0.0,0.0,0.0035272075034527006
2006-01-20,362.0287249584623,369.00300862666387,362.0287249584623,368.15765380859375,4393800,0.0,0.0,0.020503735299867376
2006-01-23,360.9720677992138,369.2144045364747,359.70401599348133,362.8741455078125,3344700,0.0,0.0,-0.014351211352319648
2006-01-24,362.87419046879353,367.31237233875845,362.45153227976107,364.1422424316406,2982300,0.0,0.0,0.0034945915533703964
2006-01-25,364.5649131405173,371.96189529193447,363.71955812527926,369.84844970703125,4341900,0.0,0.0,0.01567027004965471
2006-01-26,372.17326780201034,375.7660947573128,371.9619386980078,373.65264892578125,2228100,0.0,0.0,0.010285832539688622
2006-01-27,375.76598283959447,378.7247442059021,374.4979311975012,377.6680603027344,5335200,0.0,0.0,0.01074637471056894
2006-01-30,378.51343724942154,382.10626334426627,376.18866287065526,379.5701599121094,5772900,0.0,0.0,0.005036432278255898
2006-01-31,378.09072343239524,379.14744604753525,371.7504651372859,372.3844909667969,3985200,0.0,0.0,-0.018931069151949087
2006-02-01,372.3846079188461,374.49805381288036,369.2144777756724,372.17327880859375,2816700,0.0,0.0,-0.0005671883854635462
2006-02-02,373.6525521917627,374.49794578466407,367.523661481494,367.9463195800781,3055500,0.0,0.0,-0.01135750326312257
2006-02-03,367.94640042724814,368.58042641230253,363.93091542119566,364.56494140625,4014000,0.0,0.0,-0.00918986817883427
2006-02-06,365.6216915949115,366.67837585035977,358.85873434980397,361.8175354003906,3741900,0.0,0.0,-0.007536122357958197
2006-02-07,359.4926451176483,360.12667094677994,352.94105778257637,353.99774169921875,6168300,0.0,0.0,-0.02161253376655281
2006-02-08,355.8998361338966,360.5493849008419,353.99775855592827,355.6885070800781,3578100,0.0,0.0,0.004776203861481143
2006-02-09,358.6473135206545,358.85864257812494,354.2091324286989,358.858642578125,2829300,0.0,0.0,0.008912673406490379
2006-02-10,359.06995170501426,359.06995170501426,352.5183643084033,357.3792419433594,2466600,0.0,0.0,-0.004122516387336406
2006-02-13,353.5750792050716,353.78640824619316,343.85332414763894,345.7554016113281,3838200,0.0,0.0,-0.03252522521683987
2006-02-14,344.69877923081884,351.6730645091391,340.68325584775005,348.7142639160156,2950500,0.0,0.0,0.008557674850192543
2006-02-15,347.2347835823645,348.9254931249133,342.16257755899636,342.5852355957031,3168600,0.0,0.0,-0.017576075757510745
2006-02-16,342.5852526519757,345.54405254553694,340.2605172407644,344.2760009765625,2432400,0.0,0.0,0.004935313040911993
2006-02-17,345.121483803461,345.121483803461,338.569894499578,339.6266174316406,1678200,0.0,0.0,-0.013504814543370935
2006-02-20,343.0079435998581,344.4873241726588,335.82233106328897,338.56976318359375,4151700,0.0,0.0,-0.003111812189630858
2006-02-21,337.93579618209066,341.3172546642353,334.34296994002705,338.1471252441406,2926500,0.0,0.0,-0.001248303851705601
2006-02-22,340.26057156534404,343.0080041708113,338.5698229708193,341.1059265136719,3253800,0.0,0.0,0.008750041176292633
2006-02-23,343.0080305064808,351.4616967324269,341.95130771653555,348.7142639160156,4408500,0.0,0.0,0.0223049112048741
2006-02-24,310.6726557413737,316.37888819376633,296.93543591673955,304.3323974609375,20333100,0.0,0.0,-0.1272728736607317
2006-02-27,311.51798425711695,311.51798425711695,304.543701171875,304.543701171875,9974100,0.0,0.0,0.0006943188194894478
2006-02-28,306.4458323910072,312.7860908587595,300.52825137146056,303.90972900390625,10005900,0.0,0.0,-0.0020817116411511183
2006-03-01,300.10552298288303,300.5282003593428,295.45599444610497,296.9353942871094,8415900,0.0,0.0,-0.02294870499755286
2006-03-02,297.5695369462131,303.90979682895244,297.1468400547387,301.58502197265625,7656300,0.0,0.0,0.015658718276781558
2006-03-03,305.8116969980359,305.8116969980359,299.0487441557326,299.6827697753906,4742100,0.0,0.0,-0.006307515488743642
2006-03-06,303.9096976557471,306.44580078125,299.89419459072366,306.44580078125,4187100,0.0,0.0,0.022567300118482736
2006-03-07,306.02315852923726,306.2345069436466,301.79632568359375,301.79632568359375,4136700,0.0,0.0,-0.015172259126419507
2006-03-08,300.7396849348916,303.0644405817581,297.78088391276464,299.2602844238281,4658100,0.0,0.0,-0.008403154856247097
2006-03-09,300.5282263321066,304.75505850879335,299.26017474420746,304.12103271484375,3800400,0.0,0.0,0.016242543845649715
2006-03-10,307.2911146838851,308.34783707812807,299.6828063201939,307.9251403808594,8046600,0.0,0.0,0.012508531988257854
2006-03-13,310.88405290632,313.20880819088507,309.61600105129617,312.3634338378906,3948600,0.0,0.0,0.014413546914492592
2006-03-14,313.63148569291445,313.63148569291445,309.82733012784297,312.3634338378906,3276600,0.0,0.0,0.0
2006-03-15,310.8839781762357,311.7293329770886,307.291152551352,308.5592041015625,5326500,0.0,0.0,-0.012178857459680836
2006-03-16,310.884157936531,315.1109924316406,310.25013179481743,315.1109924316406,5184900,0.0,0.0,0.0212334885590435
2006-03-17,315.53363041151874,317.4357085975539,313.42022310410624,317.0130310058594,3947100,0.0,0.0,0.006036090837520991
2006-03-20,321.2397206692958,326.5232752623432,319.33764333767056,325.466552734375,6474600,0.0,0.0,0.026666164799892256
2006-03-21,325.466552734375,325.466552734375,325.466552734375,325.466552734375,0,0.0,0.0,0.0
2006-03-22,319.1264271243874,319.54910467563514,313.8428706635702,318.4924011230469,5055900,0.0,0.0,-0.021428166896830025
2006-03-23,319.1264271243874,319.54910467563514,315.9562971176847,318.4924011230469,3489300,0.0,0.0,0.0
2006-03-24,322.2965229882503,323.141878001192,319.54907082384966,322.0851745605469,3496200,0.0,0.0,0.011280562502688829
2006-03-27,323.98713570511893,325.04385811420633,323.3531099992381,323.7757873535156,2564700,0.0,0.0,0.005248961847670985
2006-03-28,328.03600081704644,329.527099609375,326.33192412894215,329.527099609375,2887800,4.0,0.0,0.017763256180672204
2006-03-29,329.3141898287708,332.29634955668956,327.61013198714625,331.6573181152344,2892600,0.0,0.0,0.006464471384552528
2006-03-30,336.9825534502339,342.0948047744012,335.9175270932873,340.8167419433594,6491700,0.0,0.0,0.027617131683319363
2006-03-31,340.816798716803,343.7989588204645,339.7517721824437,343.3729248046875,4036200,0.0,0.0,0.007500168116016281
2006-04-03,344.0118219981365,347.84600963280315,338.26054054613644,340.6036682128906,6440400,0.0,0.0,-0.008064865898707807
2006-04-04,338.2605796798099,340.1776737189336,334.4263916015625,334.4263916015625,5084400,0.0,0.0,-0.01813625978762823
2006-04-05,332.5092571821502,338.0475411792805,332.5092571821502,335.9174499511719,4638900,0.0,0.0,0.004458554668693271
2006-04-06,337.1955295009164,337.1955295009164,331.8702426569133,334.639404296875,3183900,0.0,0.0,-0.003804642046677409
2006-04-07,340.17773038984336,348.91117324634405,336.55657815938434,342.7338562011719,5546400,0.0,0.0,0.024188579708072533
2006-04-10,346.355006138452,346.5680035962051,341.0297576675852,344.22491455078125,3097200,0.0,0.0,0.0043504845600492725
2006-04-11,345.0769605903593,346.7810573474884,337.6215811567243,342.9468688964844,4659900,0.0,0.0,-0.003712821473032424
2006-04-12,344.8639631219864,347.42008875598907,341.881803547856,342.9468688964844,4478700,0.0,0.0,0.0
2006-04-13,345.076904296875,345.076904296875,338.8995886879663,339.32562255859375,2121000,0.0,0.0,-0.010559205131520422
2006-04-14,343.79885362738884,343.79885362738884,339.5386317832968,341.66876220703125,1585200,0.0,0.0,0.00690528357619935
2006-04-17,344.6509131313956,344.8639495947941,341.4557562142214,342.09478759765625,4299300,0.0,0.0,0.00124689593474403
2006-04-18,341.8817563302302,342.09475376918584,337.834570969814,338.89959716796875,3081600,0.0,0.0,-0.009340073411014393
2006-04-19,338.8996410514411,341.8818005998567,338.4736461183685,340.1777038574219,4904700,0.0,0.0,0.0037713431946619913
2006-04-20,336.55655857641676,340.8167420118238,334.6394643294689,340.3907470703125,3472200,0.0,0.0,0.0006262703595056873
2006-04-21,340.39065087248326,345.7158981634646,339.9646170479911,344.4378356933594,3425100,0.0,0.0,0.011889537708881681
2006-04-24,340.8166808791516,341.02971731507694,334.63940430482177,335.0653991699219,2962800,0.0,0.0,-0.027210821669955698
2006-04-25,340.8167533221962,344.43794446550936,337.621596137915,343.1598815917969,7200000,0.0,0.0,0.024157917952519092
2006-04-26,345.9289313453517,347.6330278161639,343.798840009368,346.5679626464844,5603700,0.0,0.0,0.009931467043521103
2006-04-27,348.27210256818665,354.0233849959182,347.2070372656282,353.59735107421875,4118100,0.0,0.0,0.02028285700171506
2006-04-28,347.2069518578016,352.7452354640368,344.65082696313465,349.5500793457031,4751700,0.0,0.0,-0.011445989955015556
2006-05-01,343.37276605686293,349.33708350676744,340.8166411507241,348.4850158691406,3660300,0.0,0.0,-0.003046955327706158
2006-05-02,348.69818520672607,352.5323740275573,345.07699387481244,346.1420593261719,1994700,0.0,0.0,-0.006723263372243715
2006-05-03,346.1420593261719,346.1420593261719,346.1420593261719,346.1420593261719,0,0.0,0.0,0.0
2006-05-04,346.1420593261719,346.1420593261719,346.1420593261719,346.1420593261719,0,0.0,0.0,0.0
2006-05-05,346.1420593261719,346.1420593261719,346.1420593261719,346.1420593261719,0,0.0,0.0,0.0
2006-05-08,351.4672020650031,352.7452646179667,348.0590482582246,351.0411682128906,3688500,0.0,0.0,0.014153463165544666
2006-05-09,350.4021622148619,356.3664805612149,349.55013345254434,354.6623840332031,2949900,0.0,0.0,0.010315644283967362
2006-05-10,354.66234195715464,363.18274557962593,351.68018313777225,358.07049560546875,5502000,0.0,0.0,0.009609453174900473
2006-05-11,358.0705379219627,368.5080755216149,356.36648039810746,360.4136657714844,5537700,0.0,0.0,0.006543879472821423
2006-05-12,360.6265967148823,362.75672673198983,357.43144069259046,358.28350830078125,3447300,0.0,0.0,-0.005910312712875121
2006-05-15,356.153398743461,363.60877622488425,354.875336261124,360.6266174316406,4292400,0.0,0.0,0.006539818541947184
2006-05-16,364.24795687486045,364.6739908781825,351.68032430904304,353.8104553222656,3405600,0.0,0.0,-0.018900884682110486
2006-05-17,362.1177131492102,363.39577562032105,358.2835257358775,362.7567443847656,4861800,0.0,0.0,0.025285541814617396
2006-05-18,362.117797803566,362.96982664903317,358.28360949389315,362.5437927246094,4319700,0.0,0.0,-0.0005870370805025615
2006-05-19,362.1177300275446,364.03482382356685,361.2656623381749,361.9046936035156,3827400,0.0,0.0,-0.0017628190963931978
2006-05-22,362.11776229871623,363.82181982257146,360.4136657714844,360.4136657714844,5683200,0.0,0.0,-0.004119946102895122
2006-05-23,359.9875707795423,359.9875707795423,344.6508216480583,347.41998291015625,5716200,0.0,0.0,-0.03605213701737553
2006-05-24,347.4201076760704,357.43157428553866,344.6509454195077,350.6152648925781,5985300,0.0,0.0,0.009197173851822393
2006-05-25,353.5973036899323,363.3958095522959,352.53227753347426,360.2006530761719,8818800,0.0,0.0,0.02733876457583939
2006-05-26,363.39586057345696,365.31295472829345,360.41370110925124,362.5437927246094,4762500,0.0,0.0,0.006505095502816749
2006-05-29,362.1177966838137,363.1828229865092,357.64457700302756,357.8575744628906,3978600,0.0,0.0,-0.012925937102661766
2006-05-30,361.47869351861556,362.11772477468656,358.28353723826064,359.77459716796875,2196600,0.0,0.0,0.005356943213945975
2006-05-31,353.59727262870854,358.9225589567067,349.1240539550781,349.1240539550781,3419400,0.0,0.0,-0.029603377494487715
2006-06-01,351.46725947248194,361.0527301853678,351.46725947248194,353.59735107421875,2352900,0.0,0.0,0.012812915834542249
2006-06-02,362.11766885269765,362.54366362204337,354.6622923487489,361.4786376953125,5458800,0.0,0.0,0.022288873480388327
2006-06-05,358.92256327007624,361.9046830860866,357.0054695297673,358.07049560546875,1261800,0.0,0.0,-0.009428336101887314
2006-06-06,358.9226176921544,359.9876439293417,355.7274609738366,357.4315185546875,1437300,0.0,0.0,-0.0017845007020217407
2006-06-07,360.83970159226016,362.1177642437045,353.17132568359375,353.17132568359375,2816100,0.0,0.0,-0.01191890655955663
2006-06-08,351.4672608891607,355.72748311318634,338.04760183702905,342.09478759765625,3627900,0.0,0.0,-0.03136307304818109
2006-06-09,339.3256242622596,342.9468146723355,334.63940767533103,338.26055908203125,4827900,0.0,0.0,-0.011208088093217272
2006-06-12,334.4263610673738,335.4914262152136,328.2490846186767,334.0003662109375,4215900,0.0,0.0,-0.012594412078827721
2006-06-13,340.1777472008917,346.14206705766196,335.06549532559524,336.76959228515625,3102600,0.0,0.0,0.008291086939916203
2006-06-14,336.9825145332606,351.6802353928514,336.9825145332606,346.9940185546875,4338300,0.0,0.0,0.030360301237867704
2006-06-15,352.74528166071536,352.9582790953756,348.0590650745605,349.76312255859375,2432100,0.0,0.0,0.007980264372971613
2006-06-16,354.0233643896079,357.8575524515892,351.8932729118553,357.4315185546875,3206100,0.0,0.0,0.021924541215202265
2006-06-19,352.5322841983633,359.9876234480182,351.68021645303793,355.514404296875,1746300,0.0,0.0,-0.005363584793989462
2006-06-20,358.92260568726687,363.1827885002816,355.5144126328032,360.4136657714844,3606900,0.0,0.0,0.013780767854677967
2006-06-21,362.117797803566,362.5437927246094,358.070573029991,362.5437927246094,1671300,0.0,0.0,0.005910228039121002
2006-06-22,363.1828347343984,370.6382141113281,363.1828347343984,370.6382141113281,2939400,0.0,0.0,0.022326741070056944
2006-06-23,370.851211578081,371.4902429817212,366.3779917525995,370.6382141113281,1126200,0.0,0.0,0.0
2006-06-26,366.3779773076724,368.50810790474435,364.24788571398045,365.09991455078125,1484700,0.0,0.0,-0.01494260265047398
2006-06-27,365.7389256651266,368.0820535907306,361.0527088172965,363.18280029296875,1705200,0.0,0.0,-0.005250930447823654
2006-06-28,351.68016965542466,361.4786743991624,351.68016965542466,356.79241943359375,2922900,0.0,0.0,-0.01759549420903217
2006-06-29,354.6624355145042,366.3779984613033,354.6624355145042,360.8397521972656,1949100,0.0,0.0,0.011343662430095991
2006-06-30,363.8218811545088,370.4252319335937,363.8218811545088,370.42523193359375,2043900,0.0,0.0,0.026564367362407193
2006-07-03,371.277295569431,378.0936444616797,365.73900965676717,367.869140625,3380100,0.0,0.0,-0.006900424399415628
2006-07-04,373.8333078816373,374.2593417464451,369.57308624368454,372.12921142578125,1625700,0.0,0.0,0.011580397294384426
2006-07-05,372.76819528247296,374.25929411785404,368.08197937945965,372.9812316894531,2232000,0.0,0.0,0.0022895817837236265
2006-07-06,371.49022954005335,372.7682923010895,368.0820751784169,369.3601379394531,1334100,0.0,0.0,-0.009708514644551691
2006-07-07,369.57316711429763,370.21219854965574,362.5438213253587,363.60888671875,1824600,0.0,0.0,-0.015570849774931284
2006-07-10,362.9697993272767,367.0169847928282,358.92261386172515,365.7389221191406,2626200,0.0,0.0,0.00585803999350043
2006-07-11,365.0998584469533,365.73888972720084,358.4965482188537,361.05267333984375,1596300,0.0,0.0,-0.012813098349347407
2006-07-12,362.11781406122856,364.8869371858549,355.7274999248738,356.57952880859375,1632900,0.0,0.0,-0.012389174382430368
2006-07-13,354.44931523801125,371.7031574743021,354.23627883778653,363.395751953125,2635200,0.0,0.0,0.019115576172602067
2006-07-14,361.9047208592467,361.9047208592467,351.4672224070712,352.9582824707031,2179500,0.0,0.0,-0.02872204594116501
2006-07-17,352.9582824707031,352.9582824707031,352.9582824707031,352.9582824707031,0,0.0,0.0,0.0
2006-07-18,350.18915643128986,352.53228422605514,341.24271812830074,349.76312255859375,2106900,0.0,0.0,-0.009052514336094664
2006-07-19,343.3727974062413,344.8638964065377,335.0653907028373,335.4914245605469,2922600,0.0,0.0,-0.04080389577279131
2006-07-20,354.6624175480434,358.07057192275363,352.1062920161656,357.8575744628906,2820600,0.0,0.0,0.06666683040152432
2006-07-21,353.1714341438373,355.94055773791587,341.88186425455115,343.3729248046875,1621500,0.0,0.0,-0.04047601809167567
2006-07-24,338.8995886879663,347.63302951388886,335.49143473307294,345.076904296875,3234900,0.0,0.0,0.004962474817013396
2006-07-25,349.3371514680416,351.89327687145806,343.15983540865903,348.6981201171875,3834000,0.0,0.0,0.010493938525648616
2006-07-26,350.6152040985925,353.38432687162657,343.5858594411099,345.2899169921875,2491200,0.0,0.0,-0.009774079435399874
2006-07-27,349.33709997767204,349.97613123433644,337.62150093657596,341.4556884765625,2818800,0.0,0.0,-0.011104374402313488
2006-07-28,344.011928423453,349.5502141657822,341.8818365241197,346.1420593261719,1440000,0.0,0.0,0.013724682316812675
2006-07-31,349.5501994859476,355.72751643899056,348.05913911937193,350.6152648925781,2637000,0.0,0.0,0.012923033898608383
2006-08-01,345.07692452952347,347.8460473425234,342.09476526703133,346.9940185546875,2318100,0.0,0.0,-0.010328262059554394
2006-08-02,347.2070711927139,351.8933277791812,346.78107623276884,350.6152648925781,2704800,0.0,0.0,0.010436048301276202
2006-08-03,351.46724255388546,357.85755605486514,349.97618240478295,354.44940185546875,3594300,0.0,0.0,0.010935453606292223
2006-08-04,355.08835447328164,356.36641689009804,349.1240371925586,350.402099609375,1232700,0.0,0.0,-0.011418561365619362
2006-08-07,350.40211421939335,351.46717927893815,344.22483828279894,344.4378356933594,1308300,0.0,0.0,-0.017021199138545495
2006-08-08,344.43789811036726,348.6981201171875,342.94683795950044,348.6981201171875,1130100,0.0,0.0,0.01236880499859172
2006-08-09,349.1240477850496,362.7567399802895,348.91105037690767,354.2362976074219,3738300,0.0,0.0,0.01588244148942697
2006-08-10,354.0233764648437,357.43153074617067,350.4021857261106,354.02337646484375,2077800,0.0,0.0,-0.0006010709348992505
2006-08-11,347.8461352893077,354.23645032219997,347.8461352893077,353.8104553222656,1343100,0.0,0.0,-0.0006014324384572278
2006-08-14,359.56161860215076,372.1292079615483,355.72743086469904,368.9340515136719,2403300,0.0,0.0,0.04274491034367833
2006-08-15,366.37804114655967,368.72116961026103,364.2479491817137,367.869140625,1669800,0.0,0.0,-0.0028864532409050847
2006-08-16,370.6381497317797,374.47233748762574,370.6381497317797,373.19427490234375,3186000,0.0,0.0,0.014475621054531818
2006-08-17,379.15854236502366,383.20576643016983,373.40726090722256,382.35369873046875,4395000,0.0,0.0,0.02454331281079214
2006-08-18,379.15856591090153,382.5667589146086,377.88050328535536,381.2886962890625,2805000,0.0,0.0,-0.0027853854819304136
2006-08-21,381.28865848374124,381.28865848374124,373.62028349079475,375.3243408203125,1593300,0.0,0.0,-0.015642623363343322
2006-08-22,366.59098276314126,379.1585728073509,366.59098276314126,376.6024475097656,2102700,0.0,0.0,0.003405339197185331
2006-08-23,373.83337301498096,373.83337301498096,364.88693331889596,369.5731506347656,3228300,0.0,0.0,-0.018665032374272417
2006-08-24,369.78613281243895,371.4901903116229,365.95194493421104,370.2121276855469,2466900,0.0,0.0,0.001728959611064118
2006-08-25,376.1764457123536,387.03997802734375,372.9812891491212,387.03997802734375,4819200,0.0,0.0,0.04545461664640604
2006-08-28,387.8919656396849,390.4480906191885,382.35368184963625,383.20574951171875,3221100,0.0,0.0,-0.009906543854118599
2006-08-29,383.41888427734375,387.25307312011716,380.64976089202486,383.41888427734375,1352700,0.0,0.0,0.0005561888512803925
2006-08-30,383.41880069485063,394.0693359375,375.9634221246583,394.0693359375,5810700,0.0,0.0,0.027777587638203816
2006-08-31,392.3652326375358,394.92135793159144,387.4659794894704,393.8562927246094,3285600,0.0,0.0,-0.0005406236757391492
2006-09-01,388.7438566512115,391.0869833872216,386.6137662569756,390.66094970703125,1482300,0.0,0.0,-0.008112966776469333
2006-09-04,393.8563097726612,395.56040637691893,390.8741894694332,392.5782470703125,1391400,0.0,0.0,0.004907829576309197
2006-09-05,390.022176931599,390.2352134144299,384.05789647662846,386.18798828125,1965900,0.0,0.0,-0.016277669067888967
2006-09-06,386.1879018267779,390.02208961878137,383.4187792003449,387.8919982910156,2474100,0.0,0.0,0.004412384800856817
2006-09-07,386.40104415618504,386.40104415618504,379.1586614509113,383.41888427734375,1694400,0.0,0.0,-0.01153185431351933
2006-09-08,377.02849490926513,383.2058109343283,377.02849490926513,377.45452880859375,2281800,0.0,0.0,-0.015555716510915807
2006-09-11,373.8332549471043,377.4544447767749,371.2771301269531,371.2771301269531,1677000,0.0,0.0,-0.01636594135229774
2006-09-12,371.2771354504619,377.4544501888563,370.2120704256712,372.9812316894531,1881000,0.0,0.0,0.004589837143799569
2006-09-13,373.83330619498474,375.96339750266316,371.70321488730633,373.19427490234375,1608000,0.0,0.0,0.0005711901693434829
2006-09-14,372.76823444859554,379.7975785433617,372.76823444859554,378.3065185546875,2070600,0.0,0.0,0.013698612213923989
2006-09-15,374.046473943619,377.8806634453306,373.833476416877,376.1766052246094,1321200,0.0,0.0,-0.005630125904822925
2006-09-18,376.1766052246093,376.1766052246093,376.1766052246093,376.1766052246094,0,0.0,0.0,0.0
2006-09-19,377.88050670257053,381.9277310556502,377.0284779456268,378.7325744628906,1126200,0.0,0.0,0.006794599139824609
2006-09-20,382.14069608800554,382.14069608800554,372.9812609666192,380.2236022949219,2487000,0.0,0.0,0.003936888275706929
2006-09-21,378.7325676879573,380.6496616093192,374.8983798452335,378.51953125,1382100,0.0,0.0,-0.0044817602974580595
2006-09-22,374.8983798200584,385.122880733302,371.4901868467267,384.27081298828125,2698500,0.0,0.0,0.015194147893210497
2006-09-25,394.06933091304205,399.3945789647801,381.501701827158,392.365234375,5520300,0.0,0.0,0.02106436688171165
2006-09-26,390.4356440772695,392.15091534740606,381.85936624487505,389.1492004394531,1699500,4.0,0.0,-0.008196531327934076
2006-09-27,393.6516973826905,396.6534118652344,390.435588743943,396.6534118652344,2458200,0.0,0.0,0.01928363572970726
2006-09-28,391.50758544150773,395.5813094168755,390.4355362862495,393.0084228515625,1574700,0.0,0.0,-0.009189355000204236
2006-09-29,394.50929975439226,398.58306339670196,394.2949056055318,398.15423583984375,2113500,0.0,0.0,0.013093391105830854
2006-10-02,400.9416162071572,407.37383485892525,399.01195061162684,405.015380859375,2915700,0.0,0.0,0.017232379821499944
2006-10-03,406.08714883558554,406.08714883558554,398.3684910588218,404.3719177246094,1855200,0.0,0.0,-0.0015887375274497018
2006-10-04,405.658469471933,414.2347451040656,402.6567553340762,404.1575927734375,2782800,0.0,0.0,-0.0005300193751778259
2006-10-05,406.5162747478637,409.5179902849177,404.3722146551979,404.58660888671875,2626800,0.0,0.0,0.0010615069986368297
2006-10-06,404.5863721253542,404.5863721253542,399.44059950690774,400.9414367675781,1147800,0.0,0.0,-0.009009621275333002
2006-10-09,400.9414367675781,400.9414367675781,400.9414367675781,400.9414367675781,0,0.0,0.0,0.0
2006-10-10,396.8678833214683,403.08570765383774,396.653489123506,399.8695983886719,1411200,0.0,0.0,-0.0026733040803851305
2006-10-11,402.87110670740043,402.87110670740043,398.15416149922515,399.6549987792969,1289700,0.0,0.0,-0.0005366739813172927
2006-10-12,400.0837808257168,404.8007254982729,397.2965006909053,397.5108947753906,1484100,0.0,0.0,-0.00536488724138362
2006-10-13,397.939766068813,400.2982190355031,394.0804365679058,396.0101013183594,1910100,0.0,0.0,-0.0037754775447834676
2006-10-16,397.5109811816007,402.4423602696922,397.2965870505129,400.5126953125,1463100,0.0,0.0,0.01136989682624523
2006-10-17,400.72700233829835,402.0134453634614,395.1524028095498,397.5108947753906,842700,0.0,0.0,-0.0074948948491313505
2006-10-18,392.3652077951739,399.0118184474027,390.00671531767733,398.79742431640625,1628700,0.0,0.0,0.0032364635986708024
2006-10-19,398.7974712046864,401.1559639594808,394.5093132666436,396.6534118652344,1069500,0.0,0.0,-0.005376194329356543
2006-10-20,398.5831160986784,401.1560032617486,397.5110666943516,400.0839538574219,1893600,0.0,0.0,0.008648714191201945
2006-10-23,403.08566005885376,404.5864977856686,400.08394534608243,403.7288818359375,1851600,0.0,0.0,0.009110407811592891
2006-10-24,404.3721091992307,408.66022826626613,403.94328158887026,407.8026123046875,3830700,0.0,0.0,0.01009026267881774
2006-10-25,411.6619012169981,414.44918225344213,406.73052160562344,408.6601867675781,3139200,0.0,0.0,0.002102915569971664
2006-10-26,414.87805475177265,414.87805475177265,409.51788625221326,412.5195617675781,4788600,0.0,0.0,0.009443971115774552
2006-10-27,414.6636274657523,422.81107665308383,406.73053317921983,420.2381896972656,7469700,0.0,0.0,0.01871093796525547
2006-10-30,400.9415698253978,407.159393555865,395.5814013220489,400.0839538574219,6745200,0.0,0.0,-0.04795907733745619
2006-10-31,408.4458199898962,412.3051505724779,396.6534340739435,398.5830993652344,4426500,0.0,0.0,-0.0037513488799462147
2006-11-01,392.7939934009367,401.5846622024722,385.93295009072494,396.0101013183594,2894700,0.0,0.0,-0.0064553616321731955
2006-11-02,389.5778549313205,391.29308618001096,376.2845968287717,386.5761413574219,4716300,0.0,0.0,-0.02382252354051284
2006-11-03,386.57614135742193,386.57614135742193,386.57614135742193,386.5761413574219,0,0.0,0.0,0.0
2006-11-06,384.86090215346866,384.86090215346866,379.071907885237,380.5727844238281,4001400,0.0,0.0,-0.015529558840629898
2006-11-07,380.78727862678846,388.29154551493525,371.13895231023133,375.2126770019531,4369500,0.0,0.0,-0.014084316170926425
2006-11-08,379.5007605405158,387.2194200769331,378.85753891248106,381.8592529296875,3788700,0.0,0.0,0.017714156090999467
2006-11-09,378.42885776008615,381.64496714405044,371.56785058039407,379.7153015136719,3034500,0.0,0.0,-0.005614506914699224
2006-11-10,380.1440624847434,383.36017130441127,373.0686230814741,373.9262390136719,4305000,0.0,0.0,-0.015245797251053239
2006-11-13,373.71173391759476,375.4270045319923,370.4956260525552,374.7837829589844,2649600,0.0,0.0,0.002293350548425055
2006-11-14,381.4304585085077,382.71690187615866,377.5711284055548,379.50079345703125,3108900,0.0,0.0,0.012585951453943034
2006-11-15,376.0703572499109,379.71525459526754,370.06692763554184,371.13897705078125,3120900,0.0,0.0,-0.02203372575345286
2006-11-16,373.71184466563386,376.9279534837546,367.49402119755337,368.5660705566406,3313200,0.0,0.0,-0.006932461027364889
2006-11-17,366.6363721827102,369.209259005045,362.34821439243973,367.4939880371094,2451000,0.0,0.0,-0.002908793307837887
2006-11-20,362.7770522432066,367.49399846495396,355.91600743591545,357.8456726074219,3699600,0.0,0.0,-0.026254349033631552
2006-11-21,358.0600528570339,359.7752843598269,354.41511721011676,355.91595458984375,2678700,0.0,0.0,-0.005392598444791452
2006-11-22,355.915977207394,360.6329622876586,353.98631219977716,359.5609130859375,3178200,0.0,0.0,0.010241065198367316
2006-11-23,359.5609130859375,359.5609130859375,359.5609130859375,359.5609130859375,0,0.0,0.0,0.0
2006-11-24,360.418578988315,363.634687781367,356.5592484366526,362.13385009765625,4663800,0.0,0.0,0.00715577505251197
2006-11-27,355.9159808706047,368.1371927112963,353.77192170423024,365.9931335449219,2368500,0.0,0.0,0.010657063531136046
2006-11-28,364.4922935071714,368.7804118099533,362.77702263057745,368.35162353515625,2340300,0.0,0.0,0.006444082618137115
2006-11-29,371.9965846421294,374.9982993816508,369.4236975108659,373.0686340332031,2122200,0.0,0.0,0.012805727453503835
2006-11-30,374.78389947163333,378.4287966790493,369.4236918574357,376.0703430175781,2742600,0.0,0.0,0.008045996662662036
2006-12-01,379.5007333153031,379.92956078960657,369.8524095869479,373.4973449707031,2888100,0.0,0.0,-0.006841799930910053
2006-12-04,377.35677282871393,378.21438874174834,372.2109988322276,377.5711669921875,2528100,0.0,0.0,0.010907231540839835
2006-12-05,375.64157466874,377.3568460869433,367.92291217554674,369.63818359375,3480600,0.0,0.0,-0.021010564608609616
2006-12-06,373.9262220998725,375.4270989872556,371.138941001951,374.1406555175781,2879100,0.0,0.0,0.012180754380008985
2006-12-07,373.0686450354002,374.9983104407557,370.7101520091402,372.2110290527344,2675400,0.0,0.0,-0.005157489399740145
2006-12-08,371.9966380540216,372.2110715185103,366.8508630526558,367.92291259765625,3269400,0.0,0.0,-0.011520659304457559
2006-12-11,368.7804868311085,373.4974728865362,367.70847666690116,370.4957580566406,2621400,0.0,0.0,0.006992892725324662
2006-12-12,369.8524813936223,375.2126491970059,369.8524813936223,374.5694274902344,3166800,0.0,0.0,0.010995185086494219
2006-12-13,374.1406555175781,374.9982714109834,367.9228323277573,374.1406555175781,2804400,0.0,0.0,-0.0011447062712224287
2006-12-14,372.4254038038206,376.71356201171875,370.92456609766975,376.71356201171875,2220300,0.0,0.0,0.006876842856281762
2006-12-15,377.1423669948002,385.07546199246474,376.28475101902956,383.5745849609375,2697600,0.0,0.0,0.018212837659944192
2006-12-18,385.7186586528878,385.93305281807335,377.78556417220057,382.2881164550781,1968000,0.0,0.0,-0.003353894017744663
2006-12-19,383.7889296327434,390.0067127224706,382.93127459619683,384.64654541015625,2698500,0.0,0.0,0.00616924474908509
2006-12-20,389.1492004394531,389.3635946260411,385.289869526004,389.1492004394531,1852200,0.0,0.0,0.011705954682358133
2006-12-21,390.2211222409668,394.5092401248564,388.9346790239737,390.4355163574219,2058900,0.0,0.0,0.003305456921191663
2006-12-22,390.4355163574219,392.3651811829116,389.3634672568838,390.4355163574219,1323900,0.0,0.0,0.0
2006-12-25,391.9363776659998,392.7940327025464,384.4321512805865,384.64654541015625,1111800,0.0,0.0,-0.014826957857917211
2006-12-26,382.28818902084333,384.43228811625136,378.0000693483227,379.7153015136719,3041100,0.0,0.0,-0.012820195463411954
2006-12-27,373.28288009895005,377.78543079216763,369.63798428195344,370.0667724609375,5677200,0.0,0.0,-0.025409903193977512
2006-12-28,359.7753655132405,362.99147438034083,354.62959132588,360.2041931152344,5888100,0.0,0.0,-0.02665081028517402
2006-12-29,365.56433954696894,374.9982714109834,365.1355512298358,374.1406555175781,2806500,0.0,0.0,0.03869045021884365
2007-01-04,373.0685518680359,373.7117735091877,364.4922764057232,365.135498046875,2342100,0.0,0.0,-0.024068909213422862
2007-01-05,366.20755501728297,366.20755501728297,356.98805672868735,357.8456726074219,3941700,0.0,0.0,-0.0199647130406293
2007-01-09,359.98975494907825,366.2075384928293,358.9177057046806,363.4202575683594,4077600,0.0,0.0,0.015578181846712225
2007-01-10,367.92284322354794,367.92284322354794,360.41857634181576,361.0617980957031,2449200,0.0,0.0,-0.006489620277187247
2007-01-11,361.27619833870074,368.35163698162455,361.06176493433924,363.4202575683594,3545100,0.0,0.0,0.006532010545272637
2007-01-12,365.35003083881577,370.4958059210526,363.6347593916874,366.636474609375,2289300,0.0,0.0,0.00884985625879886
2007-01-15,370.924560546875,373.92623591425735,369.8525111961581,370.924560546875,2417400,0.0,0.0,0.011695742880106552
2007-01-16,370.9245227014228,379.0719713063366,370.9245227014228,378.21435546875,3285900,0.0,0.0,0.0196530391816796
2007-01-17,380.57284809603374,380.78724224064626,373.06858192495747,378.21435546875,3030000,0.0,0.0,0.0
2007-01-18,375.2125711682368,376.9278417826343,372.6396848762052,374.7837829589844,2078100,0.0,0.0,-0.009070445000729399
2007-01-19,372.4254209700406,373.92625874536964,361.4906504061534,364.06353759765625,6513600,0.0,0.0,-0.02860381331521311
2007-01-22,365.56437526853585,370.71014965007134,365.13558690950316,369.4237060546875,5019000,0.0,0.0,0.014723167533890802
2007-01-23,368.7804478981145,368.9948813156323,363.42027986553353,365.3499450683594,3820200,0.0,0.0,-0.01102734047534315
2007-01-24,366.422011097607,369.6381199157278,365.1355675703587,368.5660705566406,7911300,0.0,0.0,0.008802862930989308
2007-01-25,376.28467078522175,382.50249324639844,373.49739001393164,377.3567199707031,6657000,0.0,0.0,0.023850945912590626
2007-01-26,376.4991593620489,376.7135928084157,371.5678182419223,374.9983215332031,4674900,0.0,0.0,-0.00624978518385233
2007-01-29,384.8609647494544,388.505900745699,382.93129967952547,387.6482849121094,5917800,0.0,0.0,0.03373338666473513
2007-01-30,383.7889823773304,390.649988057817,383.7889823773304,384.8609924316406,3023400,0.0,0.0,-0.0071902613501841905
2007-01-31,385.9330696895205,385.9330696895205,372.8542398586452,373.0686340332031,4912500,0.0,0.0,-0.030640565373826645
2007-02-01,379.5008212773334,379.929648851032,375.64149089146224,378.42877197265625,4198800,0.0,0.0,0.01436769926623227
2007-02-02,383.78899062205846,385.7186558722379,382.5025471219389,382.93133544921875,3456600,0.0,0.0,0.011898047426710523
2007-02-05,385.93304138298043,388.0771007487284,375.2126660359624,377.7855529785156,4421400,0.0,0.0,-0.013437872522671923
2007-02-06,377.3566744620452,379.92956078960657,372.63969002209615,373.4973449707031,3465000,0.0,0.0,-0.011350905226533037
2007-02-07,373.7118197955561,376.49910083272357,370.9245387583886,372.6397705078125,6610500,0.0,0.0,-0.002296065753714771
2007-02-08,374.7839694351074,375.2127578577062,371.1390322881247,372.42547607421875,8224200,0.0,0.0,-0.0005750712901677613
2007-02-09,373.06869392327576,375.85597567654963,364.2779817272066,364.92120361328125,7447800,0.0,0.0,-0.02014972912175861
2007-02-13,364.49234044797237,370.7101245654982,362.77706935047894,368.1372375488281,7848000,0.0,0.0,0.008812954423319752
2007-02-14,366.8507227155791,372.210929130911,363.84904795249116,370.7100524902344,6840600,0.0,0.0,0.006988738652293991
2007-02-15,372.8542231499274,372.8542231499274,367.70844911799804,369.8525085449219,4966500,0.0,0.0,-0.0023132470769324787
2007-02-16,373.068521384707,380.14395885924455,370.7100291401511,376.4990234375,6090300,0.0,0.0,0.017970717350889176
2007-02-19,377.57116699218756,377.9999945782747,372.85422058178835,377.5711669921875,2990400,0.0,0.0,0.002847666230044066
2007-02-20,381.4305005351958,386.36188040758464,380.78727878049904,382.2881164550781,6257400,0.0,0.0,0.012492875185536212
2007-02-21,381.64476313324985,382.07359057492835,377.35664575297153,378.85748291015625,2829300,0.0,0.0,-0.008973947651666037
2007-02-22,379.0719695396675,389.36351657928867,379.0719695396675,387.6482849121094,6234000,0.0,0.0,0.023203453537270713
2007-02-23,390.00668625819105,393.2227942791743,386.14735663301116,391.0787353515625,4119600,0.0,0.0,0.008849388925404211
2007-02-26,395.5814046039068,399.6551295595173,389.36358082185467,390.6500244140625,4672200,0.0,0.0,-0.0010962266642153828
2007-02-27,387.21940683413607,388.9346775366112,384.646520409989,385.0753479003906,3288600,0.0,0.0,-0.014270257686616938
2007-02-28,370.9244535209369,374.7837829589844,367.49391229214194,374.7837829589844,3540900,0.0,0.0,-0.02672610697496125
2007-03-01,375.21266556955,378.2143800851771,371.78216273678976,374.1406555175781,2232600,0.0,0.0,-0.0017159959172423633
2007-03-02,371.9965737218712,374.140672441077,368.56607073393906,373.9262390136719,3788700,0.0,0.0,-0.0005730906298050398
2007-03-05,368.7804478981145,370.71011310094036,364.9211174924628,365.3499450683594,3614100,0.0,0.0,-0.022935790673408563
2007-03-06,364.49229073170545,368.78040900183504,361.7049706710728,367.2795715332031,2030700,0.0,0.0,0.005281584111043847
2007-03-07,374.569409469555,374.569409469555,365.1355177301992,365.9931335449219,2727600,0.0,0.0,-0.0035026124184119878
2007-03-08,366.63637492322454,370.7100993359923,364.0634880816581,370.28131103515625,2172900,0.0,0.0,0.011716551752488202
2007-03-09,368.3516958979629,370.71014965007134,367.9228682797873,369.4237060546875,3992400,0.0,0.0,-0.002316090374832158
2007-03-12,369.6381309445659,373.2830282077611,369.6381309445659,373.0686340332031,2704800,0.0,0.0,0.00986652431551338
2007-03-13,374.140650104875,377.1423253179377,369.6380980261424,371.9965515136719,2553600,0.0,0.0,-0.0028736870959670258
2007-03-14,368.78044794715214,369.63810309905926,362.5626640210903,363.6346740722656,3274200,0.0,0.0,-0.022478373542392682
2007-03-15,369.4237501295073,371.35341575280563,368.78052825507456,369.63818359375,2815500,0.0,0.0,0.01650972789325178
2007-03-16,369.42364976174895,370.9245265670878,363.84908787063495,364.4923095703125,2697300,0.0,0.0,-0.013921381101399066
2007-03-19,365.3500193951437,369.4237447879326,364.49240332801634,369.2093505859375,1640400,0.0,0.0,0.012941400659963964
2007-03-20,373.06849465016137,376.71342981070535,368.5659438526594,371.5676574707031,3320700,0.0,0.0,0.006387451674837008
2007-03-22,377.9998904002425,383.57445118730857,374.14056096652183,382.50244140625,3778200,0.0,0.0,0.02942878293008877
2007-03-23,390.22113669797363,394.93808224865927,387.6482501686664,392.57958984375,7620900,0.0,0.0,0.02634531795523154
2007-03-26,396.65334557784655,398.5830104386158,394.29485321719557,397.9397888183594,5296200,0.0,0.0,0.013653789227154656
2007-03-27,399.45381121825307,399.45381121825307,395.56092092895943,396.8585510253906,3333600,5.333333,0.0,-0.002717088924883315
2007-03-28,396.64220319017005,399.45376111345996,393.18186990057035,396.2096862792969,5396700,0.0,0.0,-0.0016350025580077476
2007-03-29,390.80281476103846,393.3980742715722,388.64011170243276,391.4516296386719,3767400,0.0,0.0,-0.012008935685814959
2007-03-30,391.66788850564564,399.66992466290276,391.45159050104854,397.7234802246094,2663700,0.0,0.0,0.016022032126234098
2007-04-02,398.58861184997176,404.64424405683127,397.93979694213107,399.2374267578125,3524400,0.0,0.0,0.003806530437549638
2007-04-03,403.34663827985327,403.5628967285157,399.0211921029536,403.5628967285156,4113900,0.0,0.0,0.010834329851862945
2007-04-04,405.2931340705491,411.56498627491567,403.7792059380248,409.40228271484375,4003500,0.0,0.0,0.014469580909605817
2007-04-05,410.69992414202005,411.56499766989475,404.2117736816406,408.75347900390625,3774300,0.0,0.0,-0.0015847584108108492
2007-04-06,410.9160979182756,418.4856184285255,410.0510245687258,416.75543212890625,4275900,0.0,0.0,0.019576477109136903
2007-04-09,418.48565532527255,425.8388784460591,418.48565532527255,425.1900634765625,3837000,0.0,0.0,0.020238803618154888
2007-04-10,428.2179161537659,435.78743797282107,424.32502600691345,433.62469482421875,4733700,0.0,0.0,0.019837319994476355
2007-04-11,427.1365451250274,427.1365451250274,417.62061782091814,422.1623229980469,7948200,0.0,0.0,-0.026433853890213688
2007-04-12,415.6741574923234,421.29719443827713,413.078897486337,419.1344909667969,3838500,0.0,0.0,-0.0071721986219599465
2007-04-13,418.91815874765655,420.215788522197,406.590675889522,407.8883056640625,4080900,0.0,0.0,-0.02683192518180344
2007-04-16,409.834835451477,415.02535562774676,409.834835451477,411.7812805175781,2922900,0.0,0.0,0.009544217864196014
2007-04-17,410.483562196956,412.6462652717928,407.23948778444185,409.8347473144531,2513700,0.0,0.0,-0.004727104643218238
2007-04-18,410.05103804767407,416.7554458282377,407.6720367575614,415.0252990722656,2169900,0.0,0.0,0.012664987026661079
2007-04-19,423.89244202240945,424.97381352672335,411.99751387705237,414.16021728515625,6648900,0.0,0.0,-0.0020844073579204814
2007-04-20,416.7554688012575,417.6205818274525,405.72561432171784,413.2951354980469,3561900,0.0,0.0,-0.0020887611871077683
2007-04-23,419.35069370802745,422.5947682844189,415.67410225513026,421.9459533691406,4701000,0.0,0.0,0.020931332425843774
2007-04-24,422.1623087292907,424.54127067464776,418.2694187090427,424.32501220703125,2398200,0.0,0.0,0.005638302296524955
2007-04-25,432.54316233219805,432.54316233219805,419.78312623263383,423.89227294921875,4241700,0.0,0.0,-0.0010198297186435612
2007-04-26,424.75748827763954,428.0015626799623,423.2435604895438,423.6761169433594,2787000,0.0,0.0,-0.0005099314605465644
2007-04-27,423.89239811497544,429.5154739142272,420.2158066620783,421.9459533691406,3602700,0.0,0.0,-0.004083693899720187
2007-05-01,426.0551765029066,429.0829532935418,420.2158417774377,425.1900634765625,4298100,0.0,0.0,0.007688449389118279
2007-05-02,425.6226192688106,427.7853226299615,418.05309810399785,426.05517578125,2061000,0.0,0.0,0.0020346484525388675
2007-05-07,432.5433658790262,433.62469786037224,429.7318076862626,432.1108093261719,3363900,0.0,0.0,0.014213261307805425
2007-05-08,428.8666995843663,430.3805879964412,426.4876981363713,428.43414306640625,1422300,0.0,0.0,-0.008508619040331289
2007-05-09,429.7316976667595,432.5432551397109,425.62255006850603,431.0293273925781,5432700,0.0,0.0,0.006057370469116918
2007-05-10,433.62460567724975,434.7059770292365,432.3269758950729,432.54327392578125,2930400,0.0,0.0,0.003512397966888736
2007-05-11,427.7852752809508,431.8944626929959,427.7852752809508,429.7317199707031,3519300,0.0,0.0,-0.006500052421484548
2007-05-14,429.2991477036498,431.46185054631735,424.3248876049497,425.8387756347656,5736000,0.0,0.0,-0.00905901090150596
2007-05-15,425.6226418295853,426.704013367742,419.99956527190557,424.757568359375,5056800,0.0,0.0,-0.002539006162083135
2007-05-16,425.8387944706746,428.00153700951904,425.8387944706746,427.35272216796875,5618100,0.0,0.0,0.006109729412515197
2007-05-17,432.5433658790262,433.62469786037224,432.1108093261718,432.1108093261719,3881400,0.0,0.0,0.0111338641627583
2007-05-18,426.9201523540913,432.1106709237459,426.9201523540913,429.0828552246094,4636500,0.0,0.0,-0.0070073556046520435
2007-05-21,430.16427279161763,435.7873483812233,430.16427279161763,432.54327392578125,3052800,0.0,0.0,0.0080646864796321
2007-05-22,436.86862735250565,444.43814670086675,435.787295731678,440.1127014160156,2871300,0.0,0.0,0.01749981550177382
2007-05-23,440.1128467438919,446.60099701333763,439.031514766002,444.43829345703125,1958100,0.0,0.0,0.009828373566812543
2007-05-24,440.1128214144576,442.27556444682006,434.70604303460004,435.78741455078125,2630700,0.0,0.0,-0.019464746925742515
2007-05-25,429.5154055915935,430.8130352157373,424.32488709501837,426.7038879394531,7362300,0.0,0.0,-0.020843939746841067
2007-05-28,428.6504757049166,433.62469786037224,428.6504757049166,432.1108093261719,3082500,0.0,0.0,0.012671366583577814
2007-05-29,442.27557373046875,443.3569056688235,441.19420219158883,442.27557373046875,2301600,0.0,0.0,0.023523513378773453
2007-05-30,434.7060241699219,435.7873956391755,432.54332083193725,434.7060241699219,2862000,0.0,0.0,-0.01711500704572011
2007-05-31,446.60107421875,446.60107421875,443.356998523213,446.60107421875,1885800,0.0,0.0,0.027363435028400884
2007-06-01,447.6822204589844,448.7635916795878,447.6822204589844,447.6822204589844,1098600,0.0,0.0,0.0024208321534506805
2007-06-04,442.27557373046875,445.51964874658336,442.27557373046875,442.27557373046875,1238700,0.0,0.0,-0.012076974428362308
2007-06-05,441.19420219158883,442.27557373046875,440.1128306527089,442.27557373046875,1649100,0.0,0.0,0.0
2007-06-06,440.1128422996906,442.27558543468444,440.1128422996906,441.1942138671875,1950900,0.0,0.0,-0.002444991149206599
2007-06-07,430.81311002057964,432.11073987003925,430.16429509584987,431.24566650390625,4736700,0.0,0.0,-0.02254913380680934
2007-06-08,428.4341311116765,430.81313249328946,428.2178726589925,429.94805908203125,4089600,0.0,0.0,-0.0030089749826234247
2007-06-11,430.81314451440124,431.46195949107954,427.56906963100965,428.43414306640625,2572500,0.0,0.0,-0.0035211602509784834
2007-06-12,432.54333431192936,432.54333431192936,426.4877014160156,426.4877014160156,1864800,0.0,0.0,-0.004543152505212311
2007-06-13,421.513493725916,425.406383746164,421.513493725916,424.32501220703125,1896600,0.0,0.0,-0.005070929834093407
2007-06-14,424.1087008258413,426.0551455931187,424.1087008258413,425.6225891113281,2238600,0.0,0.0,0.003057978829831054
2007-06-15,424.32499474761806,428.650441125648,423.89243822965807,428.43414306640625,2784300,0.0,0.0,0.006605744213314502
2007-06-18,425.1899603109431,427.56896115537785,424.97370190709023,426.7038879394531,2917500,0.0,0.0,-0.004038555644910291
2007-06-19,424.1085709241235,424.75738564782154,422.5946435018227,423.89227294921875,1850100,0.0,0.0,-0.006589147813514495
2007-06-20,425.4062722447582,429.94797607797443,423.02727132242575,424.108642578125,2351700,0.0,0.0,0.0005104354165290648
2007-06-21,418.9181761881372,425.83884220679687,418.9181761881372,422.8110656738281,2130900,0.0,0.0,-0.003059538934196193
2007-06-22,416.53923096081047,420.2158625027995,416.32297249382,419.1344909667969,2488500,0.0,0.0,-0.008695549869708219
2007-06-25,417.8368035162332,419.99950669036764,416.5391736916486,416.75543212890625,3359700,0.0,0.0,-0.0056761227939102765
2007-06-26,415.24151611328125,416.32288742833185,413.9438863754272,415.24151611328125,2381400,0.0,0.0,-0.003632624553665642
2007-06-27,413.07883535303927,415.4577969336783,410.9160926063431,413.94390869140625,1844700,0.0,0.0,-0.0031249462578327725
2007-06-28,412.6463121628404,413.5113855709742,411.13242379847577,412.4300537109375,3076200,0.0,0.0,-0.003657150035748735
2007-06-29,417.4041908548399,426.703896412885,416.1065612049279,420.86456298828125,3021000,0.0,0.0,0.02045076298745019
2007-07-02,419.99965254640944,427.1366190601259,419.5671355216912,426.27154541015625,2011800,0.0,0.0,0.012847321673945533
2007-07-03,428.2178039550781,433.62458120888436,424.32491482821376,428.2178039550781,3940800,0.0,0.0,0.004565771668031848
2007-07-04,429.7318107163162,433.62470091787475,427.5691071378482,430.596923828125,3065700,0.0,0.0,0.005555863981069997
2007-07-05,432.3269588108014,445.51955414194595,432.3269588108014,443.3568115234375,2644800,0.0,0.0,0.029633021020850858
2007-07-06,435.7874914987882,443.35697464704515,434.70611979166665,437.9501953125,1805400,0.0,0.0,-0.01219472909947994
2007-07-09,441.1941160570425,448.76363615035046,440.11274472927926,445.5195617675781,1389900,0.0,0.0,0.017283623882567323
2007-07-10,448.76374179687934,456.3332240716533,444.4382950680608,455.25189208984375,2924700,0.0,0.0,0.021844900106412934
2007-07-11,447.6822204589844,450.9262945202814,446.6008492383809,447.6822204589844,1888800,0.0,0.0,-0.016627435848999172
2007-07-12,464.98415023441754,466.0654822922837,454.1705524520494,459.57733154296875,4489800,0.0,0.0,0.026570434429558087
2007-07-13,459.57719635845615,461.7399390390772,446.60089867680074,448.7636413574219,3273900,0.0,0.0,-0.02352964222417453
2007-07-17,437.9499985738468,443.3567754795256,437.9499985738468,440.1127014160156,1933500,0.0,0.0,-0.01927727459211903
2007-07-18,439.0314704464137,443.35687712238297,432.1107643241313,434.7060241699219,1702500,0.0,0.0,-0.012284756219709925
2007-07-19,437.95000084336755,439.0313720703125,436.86862961642254,439.0313720703125,1083000,0.0,0.0,0.009950052817073285
2007-07-20,442.27544385869794,443.3567754795256,439.03136979518797,440.1127014160156,1140300,0.0,0.0,0.0024629887850700083
2007-07-23,431.02949908762787,433.6247595730537,431.02949908762787,431.6783142089844,1611900,0.0,0.0,-0.01916415313599107
2007-07-24,424.1088033808779,426.7040636981489,422.378616635854,424.973876953125,3573000,0.0,0.0,-0.0155310958071746
2007-07-25,422.1623621604159,423.892509321375,420.43217539892674,422.5948791503906,1745400,0.0,0.0,-0.005597985974551523
2007-07-26,430.3804793247268,432.5432217679078,424.9737024178013,425.8387756347656,2360100,0.0,0.0,0.007676137701660535
2007-07-27,411.9974972066095,416.3229434483228,408.96968087735803,412.4300537109375,2778900,0.0,0.0,-0.031487789959570356
2007-07-30,405.50936384815697,406.59073535192664,396.8585106195709,402.6978454589844,3289200,0.0,0.0,-0.02359723343239728
2007-07-31,409.18593083631583,409.18593083631583,403.13029888955856,403.77911376953125,2367300,0.0,0.0,0.0026850610767843452
2007-08-01,403.3465442866673,406.5906182632343,397.50721112884673,405.0766906738281,3330000,0.0,0.0,0.003213581039849256
2007-08-02,398.5886503035397,404.64428309461226,398.15613339026527,400.53509521484375,4821900,0.0,0.0,-0.01121169290543389
2007-08-03,400.5349812660308,404.86042637188393,393.83057501239347,394.6956481933594,2892300,0.0,0.0,-0.014579114517673242
2007-08-06,395.77704737795705,396.85841863107385,387.1261961545667,389.5051574707031,3093300,0.0,0.0,-0.013150615534817
2007-08-07,390.58655080652,390.58655080652,388.2075497553667,388.6401062011719,3911100,0.0,0.0,-0.0022208981137722406
2007-08-08,410.9161021830211,419.1344376908583,402.9140647152059,407.6720275878906,6205800,0.0,0.0,0.04897055420437546
2007-08-09,395.12832802589173,395.3445864885664,387.3425481633126,388.4239196777344,6769200,0.0,0.0,-0.04721468878805157
2007-08-10,385.61237780341963,388.2076378662593,369.17574393894364,373.0686340332031,4927800,0.0,0.0,-0.03953228641858908
2007-08-13,391.45168740397673,391.45168740397673,378.9079444521949,381.5032043457031,4265100,0.0,0.0,0.022608628930593344
2007-08-14,387.99139923745014,398.80499658582704,386.693769139666,396.4259948730469,3442500,0.0,0.0,0.039115767200270435
2007-08-15,381.93574474832644,382.58455969433123,378.47537196928647,378.9079284667969,4164900,0.0,0.0,-0.04419000427017927
2007-08-16,350.57637477626855,359.01097016866913,346.467226118608,356.8482666015625,6772800,0.0,0.0,-0.058219055891746585
2007-08-17,350.79264859826714,352.5227954921131,333.0583459324162,335.4373474121094,4344600,0.0,0.0,-0.06000006499501764
2007-08-20,348.41366507501607,351.4414816960792,339.76281135836916,342.79058837890625,5963400,0.0,0.0,0.02192135438563092
2007-08-21,345.8184121323957,347.7648572288257,341.4929653845978,344.9533386230469,3878700,0.0,0.0,0.006309246278809688
2007-08-22,352.9553418864035,353.82041530849983,349.92752550828214,353.1716003417969,4207500,0.0,0.0,0.023824270701524153
2007-08-23,360.7410361450633,362.2549241757167,357.2807036747782,362.0386657714844,2914500,0.0,0.0,0.02510696052883654
2007-08-24,368.5268584935011,369.6082298465304,362.2549680067605,366.5804138183594,2573100,0.0,0.0,0.012544925380267857
2007-08-27,371.338496897179,371.338496897179,366.7967911825346,368.09442138671875,1696500,0.0,0.0,0.004130083090335468
2007-08-28,357.7131652832031,365.282683469417,353.38776026294437,357.7131652832031,3073200,0.0,0.0,-0.02820269881952142
2007-08-29,349.0624165852864,352.3064910888672,347.115971883138,350.36004638671875,2040900,0.0,0.0,-0.020555907945582264
2007-08-30,360.52478079403284,360.52478079403284,355.7667790565187,359.65966796875,1795800,0.0,0.0,0.02654304244430472
2007-08-31,360.09224033077203,364.63394426287186,360.09224033077203,363.12005615234375,4256700,0.0,0.0,0.00962128504187576
2007-09-03,368.74319520727653,368.74319520727653,355.76689461815795,357.28082275390625,2783700,0.0,0.0,-0.016080723990601342
2007-09-04,359.0108947753906,360.7410810260481,353.82037562393674,359.0108947753906,2399100,0.0,0.0,0.004842331049702109
2007-09-05,359.6597480830325,359.6597480830325,347.3322637816839,348.41363525390625,3811200,0.0,0.0,-0.029517932953300408
2007-09-06,341.92546486132073,344.3044661155577,335.0047591402351,342.57427978515625,4857600,0.0,0.0,-0.01675983623457955
2007-09-07,336.73500413745666,339.9790793218252,332.19329887934066,337.8163757324219,4530000,0.0,0.0,-0.013888678553796496
2007-09-10,331.3281601940123,338.24884637291433,326.57019710863125,334.78851318359375,3246000,0.0,0.0,-0.008963042547192712
2007-09-11,335.0048062954747,341.27669797555563,329.1654909592737,338.4651794433594,2483100,0.0,0.0,0.010982056178699962
2007-09-12,343.8719482421875,349.49502474695163,339.5465017307901,343.8719482421875,3776100,0.0,0.0,0.01597437233490351
2007-09-13,344.9533617842224,345.6021768599291,341.0604713299824,343.2231750488281,3158400,0.0,0.0,-0.001886670886287134
2007-09-14,343.43937048174257,351.2251499606777,343.43937048174257,350.7926330566406,3436200,0.0,0.0,0.022054041096541965
2007-09-18,349.9274732459482,352.09021587896353,347.1159553436486,348.19732666015625,2890500,0.0,0.0,-0.007398406214720432
2007-09-19,358.36213211259974,360.74113360392744,356.41568714711093,358.57843017578125,2720400,0.0,0.0,0.029813851861525187
2007-09-20,351.22526071714174,352.52289103949636,348.8462981931814,351.4415588378906,2296500,0.0,0.0,-0.01990323660681992
2007-09-21,354.25292179610074,354.68547824632947,348.84614437056956,352.5227355957031,2069700,0.0,0.0,0.003076405537772997
2007-09-25,359.05905764268687,359.2769598886783,352.08706344386934,354.91943359375,2477700,4.0,0.0,0.006798704753033569
2007-09-26,354.9193849027826,355.35514944076033,345.3328443267958,349.0367431640625,3626100,0.0,0.0,-0.01657472055030096
2007-09-27,355.1372544295154,361.01989628757974,350.56186631768753,358.623291015625,4246800,0.0,0.0,0.027465726859181805
2007-09-28,357.5339486846394,363.85235595703125,357.3160863284272,363.85235595703125,3725700,0.0,0.0,0.014580940704095102
2007-10-01,361.8914142452409,367.774055922287,361.67351203142783,366.90252685546875,2781000,0.0,0.0,0.008382990651289557
2007-10-02,367.338279294296,371.477902595626,364.50590965593506,371.2600402832031,3298500,0.0,0.0,0.011876487919231238
2007-10-03,381.06442130101874,384.11469297428386,377.57842502743966,381.7180480957031,3717600,0.0,0.0,0.028168956197177852
2007-10-04,381.5002873241627,385.42204913596714,377.36062325999745,378.6678771972656,3474300,0.0,0.0,-0.007990638414018036
2007-10-05,383.8969177111645,384.3326823497727,380.62878265716984,381.28240966796875,2585400,0.0,0.0,0.0069045531140765615
2007-10-09,386.72931884950253,388.47229757414715,382.58965461646346,385.20416259765625,2201700,0.0,0.0,0.010285690685554183
2007-10-10,389.34373979619085,389.34373979619085,379.32143484586976,382.5895690917969,1552200,0.0,0.0,-0.00678755257530872
2007-10-11,383.4611753141303,388.254426541256,378.45002183061825,387.6007995605469,2240700,0.0,0.0,0.01309818895649939
2007-10-12,386.9471555537041,386.9471555537041,380.1930236816406,380.1930236816406,2240700,0.0,0.0,-0.01911186944739285
2007-10-15,371.47793439186586,378.66783015360664,370.17068061700394,372.1315612792969,3343500,0.0,0.0,-0.02120360422261225
2007-10-16,370.4129439196918,370.4129439196918,370.38848876953125,370.38848876953125,3343500,0.0,0.0,-0.004684022241417396
2007-10-17,386.72929586844975,392.6119384765625,386.72929586844975,392.6119384765625,3343500,0.0,0.0,0.06000037900977917
2007-10-18,405.248768899117,412.8744310743273,404.37727946837805,408.2990417480469,8283000,0.0,0.0,0.039955746970798955
2007-10-19,400.4553927139167,400.4553927139167,398.93023681640625,398.93023681640625,8283000,0.0,0.0,-0.022945939063511056
2007-10-22,385.8576845711733,394.354833197317,383.46107950353246,391.7403259277344,3428400,0.0,0.0,-0.018022978017534386
2007-10-23,391.08683338446167,391.08683338446167,386.5114440917969,386.5114440917969,3428400,0.0,0.0,-0.013347826327438361
2007-10-24,384.5504607340223,386.94710588158677,376.27121366828686,377.3605651855469,3378300,0.0,0.0,-0.023675570403231427
2007-10-25,377.3605803913777,383.0253601074219,377.3605803913777,383.0253601074219,3378300,0.0,0.0,0.01501162401293743
2007-10-26,383.02536719842544,383.02536719842544,379.7572326660156,379.7572326660156,3378300,0.0,0.0,-0.008532404853009434
2007-10-29,381.2823335653636,386.5113486080622,380.41084435632007,385.4219970703125,2059800,0.0,0.0,0.014916804518845916
2007-10-30,382.58965461646346,385.20416259765625,382.58965461646346,385.20416259765625,2059800,0.0,0.0,-0.0005651843286373914
2007-10-31,378.66789264467434,385.20416259765625,376.9249139200297,385.20416259765625,3736200,0.0,0.0,0.0
2007-11-01,385.2040744147925,398.276611328125,385.2040744147925,398.276611328125,3736200,0.0,0.0,0.033936416061326025
2007-11-02,394.13709152009966,394.13709152009966,389.9974670410156,389.9974670410156,3736200,0.0,0.0,-0.020787422739942163
2007-11-05,396.3158253081574,396.75158994059916,387.16504728646316,395.4443359375,2472900,0.0,0.0,0.013966421212452396
2007-11-06,391.95836428111625,391.95836428111625,385.8578186035157,385.8578186035156,2472900,0.0,0.0,-0.02424239384098681
2007-11-07,385.85778299772255,385.85778299772255,374.7461242675782,374.7461242675781,2472900,0.0,0.0,-0.02879738027896539
2007-11-08,375.83543081281755,375.83543081281755,371.4779052734375,371.4779052734375,2472900,0.0,0.0,-0.008721154889935634
2007-11-09,371.4779583950002,401.3269348144531,371.4779583950002,401.3269348144531,2472900,0.0,0.0,0.0803520993234963
2007-11-12,401.3269569766342,401.3269569766342,391.5225524902344,391.5225524902344,2472900,0.0,0.0,-0.024429913553526195
2007-11-13,391.5225189385184,394.3548889160157,391.5225189385184,394.3548889160156,2472900,0.0,0.0,0.007234159074021473
2007-11-14,394.3548722942959,413.52795410156256,394.3548722942959,413.5279541015625,2472900,0.0,0.0,0.048618809413644826
2007-11-15,418.10331006328903,418.53903468836995,414.1815490722656,414.1815490722656,2472900,0.0,0.0,0.0015805339499312954
2007-11-16,414.399383451537,414.399383451537,412.874267578125,412.874267578125,2472900,0.0,0.0,-0.0031563006538287697
2007-11-19,408.73476651630193,408.73476651630193,408.29904174804693,408.2990417480469,2472900,0.0,0.0,-0.011081402231521653
2007-11-20,398.71234686953454,409.60614013671875,398.71234686953454,409.60614013671875,2472900,0.0,0.0,0.0032013261238033053
2007-11-21,410.042039757146,410.042039757146,400.4555358886719,400.4555358886719,2472900,0.0,0.0,-0.022340007513052873
2007-11-22,401.1090904129553,401.1090904129553,391.9583129882812,391.95831298828125,2472900,0.0,0.0,-0.02121889233353713
2007-11-26,387.81852962247433,395.4441884274094,387.16490286474306,392.8296813964844,3335100,0.0,0.0,0.0022231150082259177
2007-11-27,392.8298464502777,399.14825439453125,392.8298464502777,399.14825439453125,2472900,0.0,0.0,0.016084764714277
2007-11-28,399.1481204215411,399.1481204215411,393.0475769042969,393.0475769042969,2472900,0.0,0.0,-0.015284239435015223
2007-11-29,394.44298336295736,401.7626953125,394.44298336295736,401.7626953125,2472900,0.0,0.0,0.02217318950760294
2007-11-30,402.8519629323129,402.8519629323129,397.8408508300781,397.8408508300781,2472900,0.0,0.0,-0.009761594414263275
2007-12-03,399.61132489692886,402.19842529296875,399.61132489692886,402.19842529296875,2472900,0.0,0.0,0.01095305937989699
2007-12-04,397.6230430466626,398.2766699885991,396.53369140625,396.53369140625,2472900,0.0,0.0,-0.014084425821887403
2007-12-05,396.53358356382705,408.0809631347656,396.53358356382705,408.0809631347656,2472900,0.0,0.0,0.029120531190085952
2007-12-06,408.73458989894,408.73458989894,408.0809631347656,408.0809631347656,2472900,0.0,0.0,0.0
2007-12-07,409.38833500921726,409.38833500921726,408.516845703125,408.516845703125,2472900,0.0,0.0,0.0010681276700854614
2007-12-10,409.8852960058172,409.8852960058172,404.8128662109375,404.8128662109375,2472900,0.0,0.0,-0.009066895358531224
2007-12-11,405.90234227809106,406.55596923828125,405.90234227809106,406.55596923828125,2472900,0.0,0.0,0.0043059476929654394
2007-12-12,404.59514185250555,408.29904174804693,404.59514185250555,408.2990417480469,2472900,0.0,0.0,0.004287410938846659
2007-12-13,407.8632324529319,407.8632324529319,401.10910034179693,401.1091003417969,2472900,0.0,0.0,-0.01760949860540395
2007-12-14,406.7737199129281,408.5167379596267,401.9804701522727,402.8519592285156,3481500,0.0,0.0,0.0043450993388920445
2007-12-17,405.9023259959006,405.9023259959006,401.5447998046875,401.5447998046875,3481500,0.0,0.0,-0.003244763724945976
2007-12-18,395.0084178144228,399.80170722604856,392.3939108241581,397.6229248046875,2215500,0.0,0.0,-0.009766967476375288
2007-12-19,398.93029063486165,402.19842529296875,398.93029063486165,402.19842529296875,3481500,0.0,0.0,0.011507134530859275
2007-12-20,399.4018874467451,399.4018874467451,397.6229248046875,397.6229248046875,3481500,0.0,0.0,-0.011376226759088781
2007-12-21,397.6230380387691,397.6230380387691,387.81863403320307,387.8186340332031,3481500,0.0,0.0,-0.024657257315584213
2007-12-25,386.7293479255893,386.7293479255893,385.8578186035157,385.8578186035156,3481500,0.0,0.0,-0.005056011386806225
2007-12-26,389.5616715929544,391.5225524902344,389.12590698437305,391.5225524902344,1905000,0.0,0.0,0.014680884029304897
2007-12-27,391.95829374797216,391.95829374797216,388.25439453125,388.25439453125,1905000,0.0,0.0,-0.00834730448654264
2007-12-28,385.6398451558645,385.8577074765242,378.667812058364,380.6286926269531,1566600,0.0,0.0,-0.019640993152192365
2008-01-04,382.37174335557376,382.37174335557376,368.64557820947624,376.92486572265625,2332500,0.0,0.0,-0.00973081371962392
2008-01-07,375.6997679055095,381.0644226074219,375.6997679055095,381.0644226074219,1905000,0.0,0.0,0.010982445737107493
2008-01-08,381.0644511596443,381.0644511596443,365.81317138671875,365.81317138671875,1905000,0.0,0.0,-0.040022763385641924
2008-01-09,365.81314882480626,365.81314882480626,363.41650390625,363.41650390625,1905000,0.0,0.0,-0.0065516161470717815
2008-01-10,364.70670824768104,364.70670824768104,362.9808044433594,362.9808044433594,1905000,0.0,0.0,-0.0011988983940118825
2008-01-11,362.98076954295624,362.98076954295624,349.0367431640625,349.0367431640625,1905000,0.0,0.0,-0.03841542337391768
2008-01-15,325.96532717335737,325.96532717335737,323.9810485839844,323.9810485839844,1905000,0.0,0.0,-0.0717852635024756
2008-01-16,284.763418879507,311.5621192161641,283.6740474660773,310.4727478027344,9345300,0.0,0.0,-0.04169472517077888
2008-01-17,310.4728029953304,319.1878356933594,310.4728029953304,319.1878356933594,9345300,0.0,0.0,0.028070379614001828
2008-01-18,315.7017924624,318.7520446777344,314.17665638117785,318.7520446777344,9345300,0.0,0.0,-0.0013653121043235572
2008-01-21,317.44476321801733,317.44476321801733,315.9196472167969,315.9196472167969,9345300,0.0,0.0,-0.00888589581849153
2008-01-22,296.31081473997205,301.32194675718034,292.8247985839844,292.8247985839844,9345300,0.0,0.0,-0.07310355286945447
2008-01-23,309.6013338602922,309.6013338602922,303.0650634765625,303.0650634765625,9345300,0.0,0.0,0.03497062046007393
2008-01-24,302.19351055016006,302.8471374511719,302.19351055016006,302.8471374511719,9345300,0.0,0.0,-0.0007190733992585852
2008-01-25,306.76892643852017,311.7800598144531,306.76892643852017,311.7800598144531,9345300,0.0,0.0,0.029496472835975007
2008-01-28,308.5119338632895,308.5119338632895,307.8583068847656,307.8583068847656,9345300,0.0,0.0,-0.012578588034210414
2008-01-29,313.74086593395026,313.74086593395026,311.5621032714844,311.5621032714844,9345300,0.0,0.0,0.012030847646105958
2008-01-30,311.7800752925677,318.31634521484375,311.7800752925677,318.31634521484375,9345300,0.0,0.0,0.021678637653418154
2008-01-31,316.45373187155275,322.0202331542969,316.45373187155275,322.0202331542969,9345300,0.0,0.0,0.011635871029347378
2008-02-01,322.0201727651427,328.1206970214844,322.0201727651427,328.1206970214844,9345300,0.0,0.0,0.018944349575277908
2008-02-04,328.1207016453497,333.78546142578125,328.1207016453497,333.78546142578125,9345300,0.0,0.0,0.0172642702996757
2008-02-05,332.6961044526656,332.6961044526656,325.7240905761719,325.7240905761719,9345300,0.0,0.0,-0.024151354031942684
2008-02-06,311.99786575250835,311.99786575250835,282.1488952636719,282.1488952636719,9345300,0.0,0.0,-0.1337794672645184
2008-02-07,238.93165789822703,238.93165789822703,238.5738067626953,238.5738067626953,9345300,0.0,0.0,-0.1544400464877067
2008-02-08,238.5738108188291,258.1826171875,238.5738108188291,258.1826171875,9345300,0.0,0.0,0.08219179922089759
2008-02-12,257.0932390701707,257.0932390701707,240.31680297851565,240.31680297851562,9345300,0.0,0.0,-0.06919836201059837
2008-02-13,241.26600656190996,260.5791931152344,241.26600656190996,260.5791931152344,9345300,0.0,0.0,0.08431532828992494
2008-02-14,259.70771989387976,259.70771989387976,259.4898376464844,259.4898376464844,9345300,0.0,0.0,-0.004180515933473905
2008-02-15,263.4115948508907,272.78025210256334,261.2328322477535,269.72998046875,8812200,0.0,0.0,0.03946259674421726
2008-02-18,268.20497647235146,268.20497647235146,259.70782470703125,259.70782470703125,8812200,0.0,0.0,-0.037156254355936835
2008-02-19,260.863462785713,272.1266784667969,260.863462785713,272.1266784667969,8812200,0.0,0.0,0.04781855831172965
2008-02-20,271.0372927410721,277.1378173828125,271.0372927410721,277.1378173828125,8812200,0.0,0.0,0.018414728553073578
2008-02-21,285.6349996001589,287.3779982881168,282.5847469094542,284.10986328125,8812200,0.0,0.0,0.025157324122268676
2008-02-22,281.4953181720789,285.85284423828125,281.4953181720789,285.85284423828125,8812200,0.0,0.0,0.006134883656981005
2008-02-25,284.72371508827024,288.6852111816406,284.72371508827024,288.6852111816406,8812200,0.0,0.0,0.009908479136902848
2008-02-26,284.5456151826766,284.5456151826766,276.2663269042969,276.2663269042969,8812200,0.0,0.0,-0.043018775456182934
2008-02-27,276.2662371796323,282.36676025390625,276.2662371796323,282.36676025390625,8812200,0.0,0.0,0.022081711578706642
2008-02-28,282.3597598872386,285.41705322265625,282.3597598872386,285.41705322265625,8812200,0.0,0.0,0.010802592224407492
2008-02-29,285.6348756385313,285.6348756385313,284.76336669921875,284.76336669921875,8812200,0.0,0.0,-0.0022902854474065037
2008-03-03,268.85851778355885,270.165771484375,268.85851778355885,270.165771484375,8812200,0.0,0.0,-0.051262194937674144
2008-03-04,269.09864065780175,278.4450378417969,269.09864065780175,278.4450378417969,8812200,0.0,0.0,0.03064513432598437
2008-03-05,279.0987024550875,282.8025817871094,279.0987024550875,282.8025817871094,8812200,0.0,0.0,0.015649565814091826
2008-03-06,281.68552242438875,281.93109130859375,281.68552242438875,281.93109130859375,8812200,0.0,0.0,-0.0030816213664260905
2008-03-07,273.43387408048545,279.9701418278508,271.9087382903981,279.0986328125,6790800,0.0,0.0,-0.01004663403013406
2008-03-10,276.9199818511102,279.9702546605963,276.0484924316406,276.0484924316406,6790800,0.0,0.0,-0.010928539312868968
2008-03-11,272.3446050237558,279.75238511029414,271.69097795574106,277.79150390625,7758600,0.0,0.0,0.0063141495874714515
2008-03-12,280.18811811345125,280.18811811345125,274.3054747475203,276.91998291015625,7758600,0.0,0.0,-0.0031373205581833874
2008-03-13,269.94788781611055,272.56239520416005,267.1154981633541,272.3445129394531,4495500,0.0,0.0,-0.01652271505515579
2008-03-14,271.2687936924504,285.85284423828125,271.2687936924504,285.85284423828125,4495500,0.0,0.0,0.049600159566391744
2008-03-17,284.46652354860873,286.0707702636719,284.46652354860873,286.0707702636719,4495500,0.0,0.0,0.0007623713731845783
2008-03-18,285.1992129024379,289.3388366699219,285.1992129024379,289.3388366699219,4495500,0.0,0.0,0.011423978770140675
2008-03-19,289.33886087967954,311.7800598144531,289.33886087967954,311.7800598144531,4495500,0.0,0.0,0.07756035588866439
2008-03-21,310.2548814298286,310.90850830078125,310.2548814298286,310.90850830078125,4495500,0.0,0.0,-0.002795404921631439
2008-03-24,310.90856861540425,310.90856861540425,303.9365539550781,303.9365539550781,4495500,0.0,0.0,-0.02242445658308667
2008-03-25,303.9365073925892,305.02587890625,303.9365073925892,305.02587890625,4495500,0.0,0.0,0.0035840537671321115
2008-03-26,304.80605915240164,306.3443603515625,304.80605915240164,306.3443603515625,4495500,4.0,0.0,0.004322523223407426
2008-03-27,304.3666214613913,304.3666214613913,299.3121643066406,299.3121643066406,4495500,0.0,0.0,-0.022955199948357707
2008-03-28,300.4109501438836,300.4109501438836,296.675048828125,296.675048828125,4495500,0.0,0.0,-0.008810585712827668
2008-03-31,297.96559816704854,297.96559816704854,296.675048828125,296.675048828125,4495500,0.0,0.0,0.0
2008-04-01,297.3342636364337,305.4653625488281,297.3342636364337,305.4653625488281,4495500,0.0,0.0,0.02962943380451133
2008-04-02,305.4654231979343,309.2013244628906,305.4654231979343,309.2013244628906,4495500,0.0,0.0,0.012230394578584436
2008-04-03,309.8606000502921,309.8606000502921,308.7618103027344,308.7618103027344,4495500,0.0,0.0,-0.0014214497978614071
2008-04-04,304.58634279940986,309.8605651855469,304.58634279940986,309.8605651855469,4495500,0.0,0.0,0.003558584145284094
2008-04-07,309.86061618602963,317.55218505859375,309.86061618602963,317.55218505859375,4495500,0.0,0.0,0.024822842069112783
2008-04-08,316.8928835758253,316.8928835758253,313.156982421875,313.156982421875,4495500,0.0,0.0,-0.013840882990327263
2008-04-09,313.1569944579026,313.1569944579026,305.9049377441406,305.9049377441406,4495500,0.0,0.0,-0.02315785719241814
2008-04-10,301.5097180720242,301.5097180720242,298.4330749511719,298.4330749511719,4495500,0.0,0.0,-0.024425440295501977
2008-04-11,298.65284063707463,303.92706298828125,298.65284063707463,303.92706298828125,4495500,0.0,0.0,0.018409447538642487
2008-04-14,303.0480974587504,303.0480974587504,295.5762939453125,295.5762939453125,4495500,0.0,0.0,-0.02747622722656562
2008-04-15,291.4013102676656,293.158935546875,291.4013102676656,293.158935546875,4495500,0.0,0.0,-0.008178458313320536
2008-04-16,293.37862269741623,293.598388671875,293.37862269741623,293.598388671875,4495500,0.0,0.0,0.0014990268817158814
2008-04-17,290.9612976218543,290.9612976218543,289.86248779296875,289.86248779296875,4495500,0.0,0.0,-0.01272452786885514
2008-04-18,293.37869098037964,298.8726806640625,293.37869098037964,298.8726806640625,4495500,0.0,0.0,0.03108437017738286
2008-04-21,302.3887872916555,303.0480651855469,302.3887872916555,303.0480651855469,4495500,0.0,0.0,0.0139704455830727
2008-04-22,303.2678199786266,303.2678199786266,302.82830810546875,302.82830810546875,4495500,0.0,0.0,-0.0007251558591656604
2008-04-23,305.9048743399229,305.9048743399229,305.4653625488281,305.4653625488281,4495500,0.0,0.0,0.008708084326254362
2008-04-24,305.68515030308686,305.68515030308686,301.9492492675781,301.9492492675781,4495500,0.0,0.0,-0.011510677518103085
2008-04-25,301.72953839914163,301.72953839914163,298.8726806640625,298.8726806640625,4495500,0.0,0.0,-0.010189025510009664
2008-04-28,298.65286686156895,298.65286686156895,297.5540771484375,297.5540771484375,4495500,0.0,0.0,-0.004411923875729307
2008-04-30,297.55413982729226,297.55413982729226,286.12664794921875,286.12664794921875,4495500,0.0,0.0,-0.038404545851738026
2008-05-01,283.0499312622801,283.0499312622801,280.19305419921875,280.19305419921875,4495500,0.0,0.0,-0.02073764814472323
2008-05-02,302.36008737656874,312.7174987792969,302.36008737656874,312.7174987792969,4495500,0.0,0.0,0.11607869678651306
2008-05-07,315.89460039553154,324.3647155761719,315.89460039553154,324.3647155761719,4495500,0.0,0.0,0.037245171256294674
2008-05-08,322.16712918347883,323.0461730957031,322.16712918347883,323.0461730957031,4495500,0.0,0.0,-0.004064999727626417
2008-05-09,322.3868802171013,322.3868802171013,291.84033203125,291.84033203125,4495500,0.0,0.0,-0.09659870217750055
2008-05-12,285.24755591395825,288.5439453125,285.24755591395825,288.5439453125,4495500,0.0,0.0,-0.011295171903782708
2008-05-13,294.25771713803914,294.25771713803914,291.62060546875,291.62060546875,4495500,0.0,0.0,0.010662709116692426
2008-05-14,291.6205612692748,302.16900634765625,291.6205612692748,302.16900634765625,4495500,0.0,0.0,0.03617165824736834
2008-05-15,309.86056512287814,309.86056512287814,306.1246643066406,306.1246643066406,4495500,0.0,0.0,0.013090879196370198
2008-05-16,308.7638927491013,308.7638927491013,307.0036926269531,307.0036926269531,4495500,0.0,0.0,0.002871471732940778
2008-05-19,307.0037698495116,307.0037698495116,296.455322265625,296.455322265625,4495500,0.0,0.0,-0.03435909930290537
2008-05-20,293.81815668087216,293.81815668087216,292.0600891113281,292.0600891113281,4495500,0.0,0.0,-0.014825954618412074
2008-05-21,290.7415356881302,292.4996032714844,290.7415356881302,292.4996032714844,4495500,0.0,0.0,0.0015048757996807272
2008-05-22,296.05815449703977,298.8726806640625,296.05815449703977,298.8726806640625,4495500,0.0,0.0,0.0217883283303566
2008-05-23,308.1025514288723,308.1025514288723,300.8504943847656,300.8504943847656,4495500,0.0,0.0,0.0066175794867187054
2008-05-26,301.0702195596248,301.0702195596248,295.13671875,295.13671875,4495500,0.0,0.0,-0.018992076600871766
2008-05-27,295.1366773815586,302.38873291015625,295.1366773815586,302.38873291015625,4495500,0.0,0.0,0.024571711005227925
2008-05-28,298.65285418221123,298.65285418221123,293.3786315917969,293.3786315917969,4495500,0.0,0.0,-0.029796418774096334
2008-05-29,294.03797640083997,296.455322265625,294.03797640083997,296.455322265625,4495500,0.0,0.0,0.010487098726770894
2008-05-30,296.2355724206646,301.5097961425781,296.2355724206646,301.5097961425781,4495500,0.0,0.0,0.01704969854588856
2008-06-02,293.158935546875,293.158935546875,293.158935546875,293.158935546875,4495500,0.0,0.0,-0.027696813511671636
2008-06-03,288.94904873585307,288.94904873585307,285.9068298339844,285.9068298339844,4495500,0.0,0.0,-0.024737795214606506
2008-06-04,288.72760559852713,288.72760559852713,288.3241882324219,288.3241882324219,4495500,0.0,0.0,0.008455056494597102
2008-06-05,284.8080660145317,285.02783203125,284.8080660145317,285.02783203125,4495500,0.0,0.0,-0.011432811868405057
2008-06-06,290.96136474609375,290.96136474609375,290.96136474609375,290.96136474609375,4495500,0.0,0.0,0.020817380087265303
2008-06-09,290.0822969658759,290.30206298828125,290.0822969658759,290.30206298828125,4495500,0.0,0.0,-0.002265942622271644
2008-06-10,290.30206298828125,290.30206298828125,290.30206298828125,290.30206298828125,4495500,0.0,0.0,0.0
2008-06-11,290.3020238221826,292.4996032714844,290.3020238221826,292.4996032714844,4495500,0.0,0.0,0.007569840395146743
2008-06-12,293.15887471046597,293.15887471046597,289.4229736328125,289.4229736328125,4495500,0.0,0.0,-0.010518406193584795
2008-06-13,287.44522992380524,287.44522992380524,287.2254638671875,287.2254638671875,4495500,0.0,0.0,-0.007592727481312345
2008-06-16,287.88461745460705,290.521728515625,287.88461745460705,290.521728515625,4495500,0.0,0.0,0.011476227086751889
2008-06-17,290.3020777085749,293.158935546875,290.3020777085749,293.158935546875,4495500,0.0,0.0,0.00907748637158523
2008-06-18,287.6649756589444,289.2032775878906,287.6649756589444,289.2032775878906,4495500,0.0,0.0,-0.013493219818134783
2008-06-19,289.20324778762017,289.20324778762017,285.46734619140625,285.46734619140625,4495500,0.0,0.0,-0.01291801195216058
2008-06-20,283.05001790073766,283.05001790073766,277.11651611328125,277.11651611328125,4495500,0.0,0.0,-0.029253188462843527
2008-06-23,272.9032063491353,273.1607971191406,272.9032063491353,273.1607971191406,4495500,0.0,0.0,-0.014274569591238628
2008-06-24,273.1608478421789,273.1608478421789,271.1830139160156,271.1830139160156,4495500,0.0,0.0,-0.007240362540977596
2008-06-25,270.3039245605469,270.3039245605469,270.3039245605469,270.3039245605469,4495500,0.0,0.0,-0.0032416829607956332
2008-06-26,267.88657097077106,267.88657097077106,265.0296936035156,265.0296936035156,4495500,0.0,0.0,-0.01951222486172166
2008-06-27,265.02969614024124,265.02969614024124,261.7333068847656,261.7333068847656,4495500,0.0,0.0,-0.012437801492844791
2008-06-30,261.95308575124,264.1506652832031,261.95308575124,264.1506652832031,4495500,0.0,0.0,0.009235960173390456
2008-07-01,264.1507228537338,273.380615234375,264.1507228537338,273.380615234375,4495500,0.0,0.0,0.03494199017547883
2008-07-02,273.38060008981245,286.12664794921875,273.38060008981245,286.12664794921875,4495500,0.0,0.0,0.04662376190761108
2008-07-03,286.12666624704997,286.12666624704997,277.77581787109375,277.77581787109375,4495500,0.0,0.0,-0.02918578237287106
2008-07-04,277.99559268729865,281.5117492675781,277.99559268729865,281.5117492675781,4495500,0.0,0.0,0.013449447922130098
2008-07-07,281.5116467652515,283.26971435546875,281.5116467652515,283.26971435546875,4495500,0.0,0.0,0.00624473078819765
2008-07-08,288.10450797408924,288.10450797408924,287.2254638671875,287.2254638671875,4495500,0.0,0.0,0.01396460444322245
2008-07-09,292.7192921681778,292.7192921681778,289.6426696777344,289.6426696777344,4495500,0.0,0.0,0.00841570861441654
2008-07-10,289.6427798245154,289.6427798245154,285.46734619140625,285.46734619140625,4495500,0.0,0.0,-0.014415429504822996
2008-07-11,285.68711220985386,285.68711220985386,285.46734619140625,285.46734619140625,4495500,0.0,0.0,0.0
2008-07-14,288.1044119723266,288.1044119723266,284.5882568359375,284.5882568359375,4495500,0.0,0.0,-0.0030794742978390577
2008-07-15,282.3907277298852,282.6104736328125,282.3907277298852,282.6104736328125,4495500,0.0,0.0,-0.00694963040679919
2008-07-16,282.83020248780537,283.26971435546875,282.83020248780537,283.26971435546875,4495500,0.0,0.0,0.0023326832660588437
2008-07-17,284.8080952250874,284.8080952250874,282.83026123046875,282.83026123046875,4495500,0.0,0.0,-0.0015513593678727622
2008-07-18,282.8301851584522,282.8301851584522,281.9511413574219,281.9511413574219,4495500,0.0,0.0,-0.0031082949512623026
2008-07-22,281.7313627625498,287.0055847167969,277.9954421319181,287.0055847167969,3144600,0.0,0.0,0.017926663942699372
2008-07-23,292.06013840677133,292.06013840677133,287.88470458984375,287.88470458984375,3144600,0.0,0.0,0.0030630758419365467
2008-07-24,290.521834857627,291.40087890625,290.521834857627,291.40087890625,3144600,0.0,0.0,0.012213828176164565
2008-07-25,291.40080467430323,292.7193603515625,291.40080467430323,292.7193603515625,3144600,0.0,0.0,0.004524630983479883
2008-07-28,291.18111066691523,291.18111066691523,290.96136474609375,290.96136474609375,3144600,0.0,0.0,-0.006005737383948051
2008-07-29,283.92904574781727,285.6871337890625,283.92904574781727,285.6871337890625,3144600,0.0,0.0,-0.01812691166620617
2008-07-30,286.7858665330034,288.3241882324219,286.7858665330034,288.3241882324219,3144600,0.0,0.0,0.009230567748656382
2008-07-31,287.6649475097656,288.763737368573,287.6649475097656,287.6649475097656,3144600,0.0,0.0,-0.0022864565290124927
2008-08-01,287.8846665240458,287.8846665240458,278.8745422363281,278.8745422363281,3144600,0.0,0.0,-0.030557790754603742
2008-08-04,278.87456073912506,278.87456073912506,274.6991271972656,274.6991271972656,3144600,0.0,0.0,-0.01497237792155337
2008-08-05,274.6991203738184,286.785888671875,274.6991203738184,286.785888671875,3144600,0.0,0.0,0.04399999955562173
2008-08-06,286.7858921051411,286.7858921051411,279.75360107421875,279.75360107421875,3144600,0.0,0.0,-0.02452103773384129
2008-08-07,276.10130149028487,276.896728515625,276.10130149028487,276.896728515625,3144600,0.0,0.0,-0.010212102892058317
2008-08-08,276.23752445694436,281.5117492675781,276.23752445694436,281.5117492675781,3144600,0.0,0.0,0.016666938525034647
2008-08-11,288.3241493778172,290.521728515625,288.3241493778172,290.521728515625,3144600,0.0,0.0,0.032005695220496344
2008-08-12,295.13675597824044,295.13675597824044,294.47747802734375,294.47747802734375,3144600,0.0,0.0,0.013616019469283813
2008-08-13,294.2577306741796,294.2577306741796,290.30206298828125,290.30206298828125,3144600,0.0,0.0,-0.014179064107153194
2008-08-14,289.6426984177775,291.1809997558594,289.6426984177775,291.1809997558594,3144600,0.0,0.0,0.003027662836876166
2008-08-15,290.08222537631,295.79595947265625,290.08222537631,295.79595947265625,3144600,0.0,0.0,0.015849110074717343
2008-08-18,302.608507689722,302.608507689722,298.4330749511719,298.4330749511719,3144600,0.0,0.0,0.008915319476361594
2008-08-19,288.3242425295586,288.9835205078125,288.3242425295586,288.9835205078125,3144600,0.0,0.0,-0.031663897994233636
2008-08-20,288.7636547106163,291.1809997558594,288.7636547106163,291.1809997558594,3144600,0.0,0.0,0.007604168030707736
2008-08-21,290.30203307143177,290.30203307143177,288.5439453125,288.5439453125,3144600,0.0,0.0,-0.00905640974366606
2008-08-22,288.7637668799491,291.40087890625,288.7637668799491,291.40087890625,3144600,0.0,0.0,0.009901207910136156
2008-08-25,291.62063367073415,293.158935546875,291.62063367073415,293.158935546875,3144600,0.0,0.0,0.0060331205836567925
2008-08-26,293.1589071961251,293.1589071961251,291.62060546875,291.62060546875,3144600,0.0,0.0,-0.005247426878717931
2008-08-27,292.7193212135015,292.7193212135015,291.1809997558594,291.1809997558594,3144600,0.0,0.0,-0.0015074576509571669
2008-08-28,290.5217567193639,290.5217567193639,290.0822448730469,290.0822448730469,3144600,0.0,0.0,-0.0037734429229027144
2008-08-29,295.57622633708826,296.2355041503906,295.57622633708826,296.2355041503906,3144600,0.0,0.0,0.021212119618133407
2008-09-01,296.23550886812546,296.23550886812546,293.3786315917969,293.3786315917969,3144600,0.0,0.0,-0.009643923562732026
2008-09-02,293.37860553824805,293.37860553824805,290.521728515625,290.521728515625,3144600,0.0,0.0,-0.009737938515395839
2008-09-03,289.64269569392036,289.64269569392036,287.0055847167969,287.0055847167969,3144600,0.0,0.0,-0.012102859971243163
2008-09-04,287.0057401518453,287.0057401518453,281.5117492675781,281.5117492675781,3144600,0.0,0.0,-0.019141911313815707
2008-09-05,273.8200360438262,275.35833740234375,273.8200360438262,275.35833740234375,3144600,0.0,0.0,-0.02185845486465121
2008-09-08,275.3583938968127,275.3583938968127,274.4793701171875,274.4793701171875,3144600,0.0,0.0,-0.0031920852422635537
2008-09-09,274.4793757602412,274.4793757602412,267.8865966796875,267.8865966796875,3144600,0.0,0.0,-0.02401919472011782
2008-09-10,265.24948572155336,267.0075534409805,263.4913978825611,266.1285095214844,2666400,0.0,0.0,-0.0065628037385733196
2008-09-11,266.128485852212,266.128485852212,261.7333068847656,261.7333068847656,2666400,0.0,0.0,-0.0165153393171652
2008-09-12,264.8098950253786,268.3260498046875,264.8098950253786,268.3260498046875,2666400,0.0,0.0,0.025188780894532803
2008-09-16,268.326122826076,268.326122826076,255.14056396484378,255.14056396484375,300,0.0,0.0,-0.049139790376079295
2008-09-17,261.5135705220374,261.5135705220374,255.79983520507812,255.79983520507812,300,0.0,0.0,0.002583953057049726
2008-09-18,255.79976599456472,263.4913330078125,255.79976599456472,263.4913330078125,300,0.0,0.0,0.03006842360382289
2008-09-19,268.7656568055225,270.9632568359375,268.7656568055225,270.9632568359375,300,0.0,0.0,0.028357379891138512
2008-09-22,271.1830035281351,271.1830035281351,269.2051696777344,269.2051696777344,300,0.0,0.0,-0.006488286193236936
2008-09-24,266.1284719944953,268.54583740234375,266.1284719944953,268.54583740234375,300,0.0,0.0,-0.0024491813295409726
2008-09-25,274.5381277856016,274.5381277856016,268.9896545410156,268.9896545410156,300,4.0,0.0,0.0016526680992896559
2008-09-26,273.87245774739506,273.87245774739506,267.21429443359375,267.21429443359375,300,0.0,0.0,-0.006600105533617007
2008-09-29,270.09948873612797,270.09948873612797,264.9949035644531,264.9949035644531,300,0.0,0.0,-0.008305659223227568
2008-09-30,265.2168086512314,265.2168086512314,254.11985778808594,254.11985778808594,300,0.0,0.0,-0.041038697839417604
2008-10-01,254.11985420926445,260.55609130859375,254.11985420926445,260.55609130859375,300,0.0,0.0,0.025327550458001058
2008-10-02,260.7780538009678,260.7780538009678,249.68112182617188,249.68112182617188,300,0.0,0.0,-0.04173753692651894
2008-10-03,243.68872710197203,247.68362426757812,243.68872710197203,247.68362426757812,300,0.0,0.0,-0.008000194584132037
2008-10-06,246.35204020182292,249.68112182617188,246.35204020182292,249.68112182617188,300,0.0,0.0,0.008064713864311956
2008-10-07,239.52187690678602,244.79840087890628,239.52187690678602,244.79840087890625,300,0.0,0.0,-0.01955582749530005
2008-10-08,244.7983486199518,244.7983486199518,216.83407592773438,216.83407592773438,300,0.0,0.0,-0.11423409977667665
2008-10-09,213.72694022700472,213.72694022700472,211.7294921875,211.7294921875,300,0.0,0.0,-0.02354142778709567
2008-10-10,211.72955254095825,211.72955254095825,205.9591522216797,205.9591522216797,300,0.0,0.0,-0.027253359492830143
2008-10-14,230.37234765352918,230.37234765352918,228.1529541015625,228.1529541015625,300,0.0,0.0,0.10775826973687974
2008-10-15,235.47699165946852,245.2423095703125,235.47699165946852,245.2423095703125,300,0.0,0.0,0.0749030646394464
2008-10-16,245.24231479144905,245.24231479144905,219.27548217773438,219.27548217773438,300,0.0,0.0,-0.10588233098144617
2008-10-17,222.82649265242785,222.82649265242785,221.93875122070312,221.93875122070312,300,0.0,0.0,0.012145767582032008
2008-10-20,222.16066398821602,233.2576141357422,222.16066398821602,233.2576141357422,300,0.0,0.0,0.050999939635522296
2008-10-21,233.70145974421877,237.4744110107422,233.70145974421877,237.4744110107422,300,0.0,0.0,0.018077853066550187
2008-10-22,237.47444033032065,237.47444033032065,221.716796875,221.716796875,300,0.0,0.0,-0.06635499828665492
2008-10-23,209.24738561316482,209.5101318359375,209.24738561316482,209.5101318359375,300,0.0,0.0,-0.05505521102194344
2008-10-24,208.62239055738684,209.5101318359375,208.62239055738684,209.5101318359375,300,0.0,0.0,0.0
2008-10-27,209.51019411332436,209.51019411332436,188.86988830566406,188.86988830566406,300,0.0,0.0,-0.09851668436940475
2008-10-28,175.55357665166252,187.98216247558594,175.55357665166252,187.98216247558594,300,0.0,0.0,-0.004700197781879578
2008-10-29,188.20400340443626,210.17593383789062,188.20400340443626,210.17593383789062,300,0.0,0.0,0.11806317721867399
2008-10-30,210.17591428905115,224.15805053710938,210.17591428905115,224.15805053710938,300,0.0,0.0,0.06652577411647531
2008-10-31,224.60202919562585,224.60202919562585,221.49487304687503,221.494873046875,300,0.0,0.0,-0.011880802335017981
2008-11-04,221.71678280008248,231.7040252685547,221.71678280008248,231.7040252685547,2753700,0.0,0.0,0.04609204755506524
2008-11-05,231.4821176332881,241.24743652343747,231.4821176332881,241.2474365234375,2753700,0.0,0.0,0.041187938983026307
2008-11-06,196.85964965820312,197.08159516452915,196.85964965820312,196.85964965820312,3177300,0.0,0.0,-0.1839927814566521
2008-11-07,196.85960203349728,196.85960203349728,187.53817749023438,187.53817749023438,2753700,0.0,0.0,-0.047350852163727475
2008-11-10,191.9770039192141,191.9770039192141,191.31118774414062,191.31118774414062,2753700,0.0,0.0,0.02011862493492944
2008-11-11,191.53313083231282,191.53313083231282,184.2091522216797,184.2091522216797,2753700,0.0,0.0,-0.03712294929640603
2008-11-12,181.9897546936607,181.9897546936607,177.99485778808594,177.99485778808594,2753700,0.0,0.0,-0.03373499285266446
2008-11-13,173.99994002788316,175.55349731445312,173.99994002788316,175.55349731445312,2753700,0.0,0.0,-0.013715904515283261
2008-11-14,175.77542593819754,186.42848205566406,175.77542593819754,186.42848205566406,2753700,0.0,0.0,0.06194684188906563
2008-11-17,186.4285625247017,193.9744873046875,186.4285625247017,193.9744873046875,2753700,0.0,0.0,0.04047667591248394
2008-11-18,194.19639066932436,194.19639066932436,190.8673095703125,190.8673095703125,2753700,0.0,0.0,-0.016018486645072882
2008-11-19,192.1989529119437,192.4208984375,192.1989529119437,192.4208984375,2753700,0.0,0.0,0.008139627842426167
2008-11-20,192.42086244143633,194.1963653564453,192.42086244143633,194.1963653564453,2753700,0.0,0.0,0.009226996305299995
2008-11-21,194.19645459396116,203.29595947265625,194.19645459396116,203.29595947265625,2753700,0.0,0.0,0.0468576952998514
2008-11-25,203.73972372043355,217.0560455322266,203.73972372043355,217.05604553222656,139500,0.0,0.0,0.06768499529092242
2008-11-26,217.05608501434327,217.05608501434327,213.06118774414062,213.06118774414062,139500,0.0,0.0,-0.018404729425022248
2008-11-27,214.4929749506329,217.721923828125,214.4929749506329,217.721923828125,139500,0.0,0.0,0.021875106082583695
2008-11-28,217.72181138188574,217.72181138188574,210.61978149414062,210.61978149414062,139500,0.0,0.0,-0.03262024425060184
2008-12-01,210.6198684076051,213.06118774414062,210.6198684076051,213.06118774414062,139500,0.0,0.0,0.011591533485984185
2008-12-02,213.0611857225122,213.0611857225122,207.51271057128906,207.51271057128906,139500,0.0,0.0,-0.026041707697201932
2008-12-03,209.28824629749693,215.5025177001953,209.28824629749693,215.5025177001953,139500,0.0,0.0,0.038502736082575595
2008-12-04,215.50252072089216,217.49996948242188,215.50252072089216,217.49996948242188,139500,0.0,0.0,0.009268809494863417
2008-12-05,217.72191195493002,217.72191195493002,215.5025177001953,215.5025177001953,139500,0.0,0.0,-0.009183687643634308
2008-12-08,215.94636567972785,221.05094909667966,215.94636567972785,221.0509490966797,139500,0.0,0.0,0.025746480624431856
2008-12-09,228.15296537370784,229.70654296875,228.15296537370784,229.70654296875,139500,0.0,0.0,0.039156556022225786
2008-12-10,229.92852783203125,229.92852783203125,229.92852783203125,229.92852783203125,139500,0.0,0.0,0.0009663845897129875
2008-12-11,213.72705637328772,213.72705637328772,212.83929443359378,212.83929443359375,139500,0.0,0.0,-0.07432411088597768
2008-12-12,213.0611824156746,213.0611824156746,209.7321014404297,209.7321014404297,139500,0.0,0.0,-0.01459877510603902
2008-12-15,224.1581073868023,229.92852783203125,224.1581073868023,229.92852783203125,139500,0.0,0.0,0.09629630491895846
2008-12-16,213.28313865682594,213.28313865682594,212.17343139648438,212.17343139648438,2867700,0.0,0.0,-0.07722006748339394
2008-12-17,212.39537483280785,212.39537483280785,210.841796875,210.841796875,2132400,0.0,0.0,-0.006276160557520449
2008-12-18,213.0611666211375,213.0611666211375,205.51524353027344,205.51524353027344,2176800,0.0,0.0,-0.02526327048846233
2008-12-19,205.7371703587754,205.7371703587754,202.63003540039062,202.63003540039062,1831800,0.0,0.0,-0.014038900863613146
2008-12-22,202.63005706412704,202.63005706412704,202.40811157226562,202.40811157226562,1608900,0.0,0.0,-0.0010952168452543765
2008-12-24,202.63004858867686,206.4029998779297,202.63004858867686,206.4029998779297,1731000,0.0,0.0,0.01973679945251483
2008-12-25,202.30749276367598,202.30749276367598,202.18618774414062,202.18618774414062,1330800,0.0,0.0,-0.02042999441036686
2008-12-26,206.40299672281932,209.5101318359375,206.40299672281932,209.5101318359375,1437900,0.0,0.0,0.036223760749992895
2008-12-29,210.84177435900716,214.61474609375003,210.84177435900716,214.61474609375,1575600,0.0,0.0,0.02436452219795182
2008-12-30,215.28055674673988,217.0560596642127,213.94892447886127,216.39024353027344,759600,0.0,0.0,0.008272951737192669
2009-01-05,223.04844191101395,223.49231263432117,215.28059249809132,215.5025177001953,1009800,0.0,0.0,-0.004102430015306746
2009-01-06,219.05348961728086,219.4973602294922,219.05348961728086,219.4973602294922,1564200,0.0,0.0,0.018537335767252916
2009-01-07,219.4973899098189,219.4973899098189,217.9438323974609,217.94383239746094,2673900,0.0,0.0,-0.00707766066255644
2009-01-08,217.94386438066746,217.94386438066746,214.39283752441406,214.39283752441406,1633500,0.0,0.0,-0.016293165234292917
2009-01-09,214.61471876929704,214.61471876929704,208.84429931640625,208.84429931640625,1287000,0.0,0.0,-0.025880240553166622
2009-01-13,209.73207413237688,209.73207413237688,198.85707092285156,198.85707092285156,3369600,0.0,0.0,-0.04782140774847632
2009-01-14,198.63516427526997,200.85453796386716,198.63516427526997,200.8545379638672,1729500,0.0,0.0,0.01004473731683686
2009-01-15,200.85453686989712,200.85453686989712,200.18872070312497,200.188720703125,1873500,0.0,0.0,-0.003314922667378095
2009-01-16,200.6326266670972,208.62242126464844,200.6326266670972,208.62242126464844,1571100,0.0,0.0,0.04212874997103566
2009-01-19,206.4030236686837,207.51271057128906,206.4030236686837,207.51271057128906,1109400,0.0,0.0,-0.0053192302468374475
2009-01-20,201.9642615124079,201.9642615124079,201.52037048339844,201.52037048339844,1486800,0.0,0.0,-0.02887697853010318
2009-01-21,198.41321465325666,198.41321465325666,197.30352783203125,197.30352783203125,3145200,0.0,0.0,-0.02092514340486773
2009-01-22,197.30352564515633,201.07647705078125,197.30352564515633,201.07647705078125,1518300,0.0,0.0,0.019122563393605407
2009-01-23,201.0764713993779,201.0764713993779,197.7473907470703,197.7473907470703,2356800,0.0,0.0,-0.01655631903114252
2009-01-26,197.7474208325541,197.7474208325541,191.97702026367188,191.97702026367188,1520400,0.0,0.0,-0.029180513895017968
2009-01-27,197.30353002560176,198.63516235351562,197.0815845312505,198.63516235351562,1765500,0.0,0.0,0.0346819743357778
2009-01-28,198.85708311383323,201.07647705078125,198.85708311383323,201.07647705078125,1748100,0.0,0.0,0.012290445801941052
2009-01-29,201.29841928837084,204.1836090087891,201.29841928837084,204.18360900878906,1280100,0.0,0.0,0.015452488543566067
2009-01-30,204.40558194326763,204.40558194326763,202.18618774414062,202.18618774414062,1990800,0.0,0.0,-0.009782476048615929
2009-02-02,195.08415694753913,195.5280276647167,191.3112050537824,192.64283752441406,1916700,0.0,0.0,-0.0472008020241389
2009-02-03,192.64281541090793,192.64281541090793,189.53565979003906,189.53565979003906,1959300,0.0,0.0,-0.016129214946707937
2009-02-04,189.53567713070777,190.8673095703125,189.53567713070777,190.8673095703125,3037200,0.0,0.0,0.00702585350824525
2009-02-05,190.86729774708985,190.86729774708985,187.76016235351562,187.76016235351562,2342100,0.0,0.0,-0.016279095795879384
2009-02-06,187.76017179194184,193.7525177001953,187.76017179194184,193.7525177001953,2427900,0.0,0.0,0.03191494548985996
2009-02-09,193.75254738243825,193.75254738243825,182.43367004394528,182.4336700439453,2735400,0.0,0.0,-0.058419099739206115
2009-02-10,191.75505375936015,194.1963729022457,189.53565979003906,189.53565979003906,2095200,0.0,0.0,0.03892916118161183
2009-02-12,189.53570395388746,189.53570395388746,182.43367004394528,182.4336700439453,4380300,0.0,0.0,-0.03747046731977022
2009-02-13,182.43364209571655,193.7525177001953,182.43364209571655,193.7525177001953,4059300,0.0,0.0,0.06204363291887671
2009-02-16,193.75249725341797,199.74484252929688,193.75249725341797,199.74484252929688,2894100,0.0,0.0,0.030927726257337307
2009-02-17,201.29844562004507,201.29844562004507,200.63262939453125,200.63262939453125,3105900,0.0,0.0,0.004444604696635324
2009-02-18,195.08419243077685,195.9719543457031,195.08419243077685,195.97195434570312,2324700,0.0,0.0,-0.02322989566997702
2009-02-19,202.18615146463532,202.18615146463532,198.85707092285156,198.85707092285156,3053700,0.0,0.0,0.014722089121277815
2009-02-20,185.5407683186213,187.76016235351562,185.5407683186213,187.76016235351562,4239900,0.0,0.0,-0.05580343971596102
2009-02-23,188.20403204773305,191.31118774414062,188.20403204773305,191.31118774414062,3420600,0.0,0.0,0.018912560290287317
2009-02-24,191.311155912653,191.5330810546875,191.311155912653,191.5330810546875,3082800,0.0,0.0,0.0011598553809808454
2009-02-25,191.53308823437987,194.64024353027344,191.53308823437987,194.64024353027344,2841000,0.0,0.0,0.016222589113463748
2009-02-26,194.64026320581303,197.30352783203125,194.64026320581303,197.30352783203125,2252700,0.0,0.0,0.013683112255989283
2009-02-27,197.30354826696214,200.63262939453125,197.30354826696214,200.63262939453125,3352800,0.0,0.0,0.016872995628005816
2009-03-02,200.63260075210215,200.63260075210215,197.7473907470703,197.7473907470703,2287500,0.0,0.0,-0.014380704953964929
2009-03-03,197.7474017834431,199.3009796142578,197.7474017834431,199.3009796142578,2300100,0.0,0.0,0.007856431689531762
2009-03-04,203.96169043958466,208.1785125732422,203.96169043958466,208.1785125732422,3335700,0.0,0.0,0.04454334833760787
2009-03-05,207.7346560794494,207.7346560794494,207.51271057128906,207.51271057128906,4496100,0.0,0.0,-0.0031982263381715725
2009-03-06,207.73465532320432,207.73465532320432,205.9591522216797,205.9591522216797,3826200,0.0,0.0,-0.007486569595338888
2009-03-09,205.95913369298296,209.06626892089844,205.95913369298296,209.06626892089844,2414700,0.0,0.0,0.015086082194951222
2009-03-10,206.84686279296875,206.84686279296875,206.84686279296875,206.84686279296875,2530800,0.0,0.0,-0.010615802058290935
2009-03-11,213.94891224977957,214.17083740234375,213.94891224977957,214.17083740234375,3264900,0.0,0.0,0.03540771424077871
2009-03-12,214.17085485344407,214.17085485344407,210.39790344238284,210.3979034423828,3543300,0.0,0.0,-0.01761646919684523
2009-03-13,210.3978613970048,212.3953094482422,210.3978613970048,212.3953094482422,5241300,0.0,0.0,0.009493469151446998
2009-03-16,207.51270419729514,211.9514923095703,207.51270419729514,211.9514923095703,5415000,0.0,0.0,-0.0020895806966021446
2009-03-17,212.395332898099,217.0560455322266,212.395332898099,217.05604553222656,3591300,0.0,0.0,0.024083591802225524
2009-03-18,217.05609051233046,217.05609051233046,212.17343139648438,212.17343139648438,4614300,0.0,0.0,-0.022494716163145356
2009-03-19,212.1733760488684,219.0534820556641,212.1733760488684,219.05348205566406,4758600,0.0,0.0,0.032426541880840265
2009-03-23,220.82904799296057,224.60202026367188,220.82904799296057,224.60202026367188,4281300,0.0,0.0,0.025329605153675994
2009-03-24,230.15043454021216,233.03564453125,230.15043454021216,233.03564453125,4594200,0.0,0.0,0.037549191488471356
2009-03-25,235.25505616911377,235.25505616911377,229.26271057128906,229.26271057128906,6295200,0.0,0.0,-0.016190372797046493
2009-03-26,229.48728719465402,232.1818542480469,229.48728719465402,232.18185424804688,2270100,4.0,0.0,0.012732745196476714
2009-03-27,232.6309631500205,232.6309631500205,222.52633666992188,222.52633666992188,6999600,0.0,0.0,-0.041586012866490885
2009-03-30,222.52633263453535,222.52633263453535,220.2808532714844,220.28085327148438,2993100,0.0,0.0,-0.010090865791622106
2009-03-31,220.2807404614016,220.72982788085938,220.2807404614016,220.72982788085938,5084700,0.0,0.0,0.0020381917116585324
2009-04-01,222.30172269554052,222.30172269554052,220.05624389648438,220.05624389648438,2546400,0.0,0.0,-0.0030516219345695372
2009-04-02,220.2808262513233,228.81361389160156,220.2808262513233,228.81361389160156,3823200,0.0,0.0,0.03979605322735891
2009-04-03,224.54720149459666,224.54720149459666,220.05624389648438,220.05624389648438,4139100,0.0,0.0,-0.038272941221346723
2009-04-06,220.72992474505995,220.72992474505995,218.70899963378906,218.70899963378906,2916600,0.0,0.0,-0.006122272373825788
2009-04-07,218.48443133453276,226.56813049316406,218.48443133453276,226.56813049316406,5018700,0.0,0.0,0.03593419051129354
2009-04-08,225.8944361168922,225.8944361168922,225.22079467773438,225.22079467773438,4877100,0.0,0.0,-0.0059467137434421335
2009-04-09,220.72994492373866,222.52633666992188,220.72994492373866,222.52633666992188,3100800,0.0,0.0,-0.011963628898778889
2009-04-10,228.13995361328125,228.13995361328125,228.13995361328125,228.13995361328125,2274900,0.0,0.0,0.02522675305479094
2009-04-13,223.64895987295893,224.3226013183594,223.64895987295893,224.32260131835938,4110300,0.0,0.0,-0.016732502284070083
2009-04-14,227.0172119140625,227.0172119140625,227.0172119140625,227.0172119140625,1743600,0.0,0.0,0.01201221178725076
2009-04-15,227.01721875576143,228.364501953125,227.01721875576143,228.364501953125,2139000,0.0,0.0,0.005934748417104618
2009-04-16,228.36446296614272,228.36446296614272,225.44534301757812,225.44534301757812,2225400,0.0,0.0,-0.012782892746378227
2009-04-17,225.66988420916036,225.66988420916036,224.3226013183594,224.32260131835938,4928100,0.0,0.0,-0.004980105972431703
2009-04-20,224.77174289260776,224.77174289260776,216.91259765624997,216.91259765625,5874000,0.0,0.0,-0.03303280016619048
2009-04-21,217.5862027895849,221.6280517578125,217.5862027895849,221.6280517578125,3009900,0.0,0.0,0.021738959159187443
2009-04-22,222.9578489404312,222.9578489404312,220.05624389648438,220.05624389648438,1623000,0.0,0.0,-0.007092097994191415
2009-04-23,223.64906709495628,225.89454650878903,223.64906709495628,225.89454650878906,3732600,0.0,0.0,0.026530956399724026
2009-04-24,225.261983678071,226.56813049316406,225.261983678071,226.56813049316406,4177200,0.0,0.0,0.0029818514647002026
2009-04-27,225.95644159128912,225.95644159128912,222.0772247314453,222.0772247314453,4078800,0.0,0.0,-0.01982143628030797
2009-04-28,220.72990428853612,220.72990428853612,214.66712951660156,214.66712951660156,2791800,0.0,0.0,-0.033367200188153756
2009-04-30,220.95450128496455,220.95450128496455,219.83177185058594,219.83177185058594,3186000,0.0,0.0,0.024058840986108887
2009-05-01,216.91261390575903,218.48445129394534,216.91261390575903,218.4844512939453,1761300,0.0,0.0,-0.006128870932980313
2009-05-07,219.1726791729049,222.0772247314453,219.1726791729049,222.0772247314453,2863500,0.0,0.0,0.016444069205942435
2009-05-08,222.07719718666812,228.81361389160156,222.07719718666812,228.81361389160156,2192700,0.0,0.0,0.03033354351533557
2009-05-11,229.0380893136603,229.0380893136603,225.22079467773438,225.22079467773438,1521000,0.0,0.0,-0.015701946893637464
2009-05-12,225.93028658913326,228.13995361328125,225.93028658913326,228.13995361328125,2805300,0.0,0.0,0.012961320644143237
2009-05-13,227.46632639105985,232.4063720703125,227.46632639105985,232.4063720703125,4094700,0.0,0.0,0.018700882460348067
2009-05-14,229.262722043872,229.262722043872,228.81361389160156,228.81361389160156,2439300,0.0,0.0,-0.015458948679875184
2009-05-15,228.13999723161135,230.83456420898438,228.13999723161135,230.83456420898438,2218800,0.0,0.0,0.008832299280672196
2009-05-18,226.11902239018897,226.56813049316406,226.11902239018897,226.56813049316406,2010000,0.0,0.0,-0.018482646784030665
2009-05-19,227.2417728079587,228.364501953125,227.2417728079587,228.364501953125,2239800,0.0,0.0,0.007928614920601706
2009-05-20,227.69080643534463,227.69080643534463,225.22079467773438,225.22079467773438,2389500,0.0,0.0,-0.013766181908762332
2009-05-21,225.22086481259328,225.66995239257812,225.22086481259328,225.66995239257812,1510800,0.0,0.0,0.0019942994850294937
2009-05-22,226.1190800596316,226.1190800596316,225.89454650878903,225.89454650878906,2289000,0.0,0.0,0.0009952327008082573
2009-05-25,226.1190800596316,226.1190800596316,225.89454650878903,225.89454650878906,1717500,0.0,0.0,0.0
2009-05-26,225.89454774132932,231.0591278076172,225.89454774132932,231.0591278076172,3605100,0.0,0.0,0.02286279761351917
2009-05-27,228.36455067375843,228.36455067375843,227.2418212890625,227.2418212890625,3774300,0.0,0.0,-0.016520907677505914
2009-05-28,227.4663232704291,227.4663232704291,225.66995239257812,225.66995239257812,3475800,0.0,0.0,-0.006917163784235347
2009-05-29,226.34353851511491,226.34353851511491,225.44534301757812,225.44534301757812,4017300,0.0,0.0,-0.0009953003163188923
2009-06-01,227.24178523917388,229.48724365234378,227.24178523917388,229.48724365234375,2788200,0.0,0.0,0.017928516866504873
2009-06-02,229.71175797406366,229.71175797406366,229.03811645507812,229.03811645507812,2054400,0.0,0.0,-0.001957090033056552
2009-06-03,230.16092180085485,230.16092180085485,227.2418212890625,227.2418212890625,1562100,0.0,0.0,-0.007842778284320784
2009-06-04,223.64906709495628,225.89454650878903,223.64906709495628,225.89454650878906,2282400,0.0,0.0,-0.005928815271021959
2009-06-05,225.22086143863112,225.22086143863112,224.99630737304688,224.99630737304688,2437800,0.0,0.0,-0.003976364855303172
2009-06-08,226.34358892497227,227.6908721923828,226.34358892497227,227.6908721923828,2632200,0.0,0.0,0.011976040188376613
2009-06-09,225.66988420916036,225.66988420916036,224.3226013183594,224.32260131835938,2329500,0.0,0.0,-0.01479317480578446
2009-06-10,225.22086033257426,229.48724365234378,225.22086033257426,229.48724365234375,3484200,0.0,0.0,0.023023281219241465
2009-06-11,228.58910477386343,229.0381924161589,227.2418212890625,227.2418212890625,3651000,0.0,0.0,-0.009784519294165683
2009-06-12,227.91542011337202,229.71179090219906,227.91542011337202,228.13995361328125,3301200,0.0,0.0,0.003952319688004469
2009-06-15,228.13996038127735,229.71179771682526,227.6908728102256,229.48724365234375,2632800,0.0,0.0,0.005905541829583694
2009-06-16,227.91543140832556,227.91543140832556,225.44539832362986,225.66995239257812,3145200,0.0,0.0,-0.016634001955893152
2009-06-17,227.2417659594923,228.58904911625234,226.11901629025263,227.0172119140625,1646100,0.0,0.0,0.005970043894637289
2009-06-18,225.66998617989677,227.01726967947826,225.22089853267454,226.3436279296875,1728900,0.0,0.0,-0.002967105351597721
2009-06-19,226.34361354753125,227.9154510498047,226.1190594592312,227.9154510498047,2178600,0.0,0.0,0.006944410737312445
2009-06-22,230.1608454674181,231.0590410120347,229.03811645507812,229.03811645507812,2211900,0.0,0.0,0.004925797703061896
2009-06-23,232.18179362237998,234.65182648164273,231.50815203492832,231.95726013183594,4015800,0.0,0.0,0.012745230889681824
2009-06-24,240.93913192698128,240.93913192698128,238.0200321148871,239.14276123046875,4879500,0.0,0.0,0.030977694315533988
2009-06-25,242.06189940792106,244.7564659298723,237.34640799450645,238.2445831298828,3197400,0.0,0.0,-0.0037558239102221114
2009-06-26,240.04100492958133,245.6546721896223,238.46916740665478,244.08285522460938,2715300,0.0,0.0,0.024505371824314448
2009-06-29,239.59182388402155,242.51094395088094,233.75360430821024,238.91818237304688,4075500,0.0,0.0,-0.021159506868312694
2009-06-30,240.2655084491785,243.18462903912732,238.02005004882812,238.02005004882812,2400900,0.0,0.0,-0.0037591627196309485
2009-07-01,237.12185393170682,241.16370371463364,234.4272874097556,238.2445831298828,1512000,0.0,0.0,0.000943336836575881
2009-07-02,237.79544635031243,241.8372952967767,235.9990758934084,237.57089233398438,2117700,0.0,0.0,-0.0028277276530193074
2009-07-03,233.75361151546664,241.1636683646601,232.85541595383748,240.0409393310547,2465400,0.0,0.0,0.010397094411708663
2009-07-06,238.0200439128159,240.49005631269034,236.22365256935217,238.46913146972656,1836600,0.0,0.0,-0.006548082446721115
2009-07-07,238.46913052399557,245.65463419562226,238.24457646747553,242.96006774902344,1846200,0.0,0.0,0.018832358937269866
2009-07-08,238.46919553731968,242.2864921913989,236.44827015141018,237.34646606445312,2432700,0.0,0.0,-0.023105038357040364
2009-07-09,235.7745467193177,236.22363424138484,231.9572513869746,233.52906799316406,1322100,0.0,0.0,-0.016083652453676822
2009-07-10,231.28361854438427,232.63090171928764,229.71178132102705,231.95726013183594,1965600,0.0,0.0,-0.006730673294059186
2009-07-13,235.77458956872658,238.4691563066549,232.63093522711446,232.85546875,2084400,0.0,0.0,0.0038723022407385344
2009-07-14,232.85541154336022,232.85541154336022,227.6908334171071,229.03811645507812,3054000,0.0,0.0,-0.016393655323681866
2009-07-15,227.01719189812155,231.28359503766578,225.44535483451943,229.03811645507812,2936100,0.0,0.0,0.0
2009-07-16,232.4063642589581,233.75364753002452,228.81360201681056,229.48724365234375,2167500,0.0,0.0,0.001960927745202179
2009-07-17,229.03819307670722,233.30459764351937,227.91546368877331,230.83456420898438,2217000,0.0,0.0,0.005871004135993285
2009-07-21,235.32544135312028,238.9181823730469,233.75360430821024,238.91818237304688,2800200,0.0,0.0,0.03501909773245249
2009-07-22,239.14274731932204,239.3673013525397,233.7536149853655,236.44818115234375,2249400,0.0,0.0,-0.010338272274508009
2009-07-23,236.8973020095596,237.57094364613457,234.20273546325973,235.3254852294922,1878900,0.0,0.0,-0.004748168995760693
2009-07-24,240.26546539499623,240.49001941795694,236.89725784012288,238.91818237304688,1610100,0.0,0.0,0.015266927592016089
2009-07-27,240.04103324566577,240.04103324566577,236.44827015141018,237.34646606445312,1077600,0.0,0.0,-0.006578470893184973
2009-07-28,237.34647813326808,237.7955658336671,233.3046271559253,236.67283630371094,1243800,0.0,0.0,-0.002838170594708811
2009-07-29,234.6518153903789,235.54999042592073,231.7326951300961,234.42726135253906,1517700,0.0,0.0,-0.00948809751994617
2009-07-30,234.65190715936674,236.89736618429677,233.75371121464462,236.22372436523438,1437300,0.0,0.0,0.007663200100238132
2009-07-31,238.24454086207223,238.9181823730469,236.44817035210892,238.91818237304688,2137200,0.0,0.0,0.011406381874017324
2009-08-03,239.59182426946506,240.26546578152346,237.34636626787542,238.6936492919922,1221000,0.0,0.0,-0.0009397906799077926
2009-08-04,242.28639700405583,242.51095103357477,238.24454782016292,240.26547241210938,3333600,0.0,0.0,0.006585106578157696
2009-08-05,215.5652863902195,225.2208216957507,211.5234372704029,224.54718017578125,12209700,0.0,0.0,-0.0654205203874143
2009-08-06,223.19990762426858,226.79264886099423,219.1580583145207,222.3017120361328,6419700,0.0,0.0,-0.009999983691136194
2009-08-07,221.40357065729646,223.19996227340337,218.4844702574717,220.95448303222656,3264600,0.0,0.0,-0.006060362700613275
2009-08-10,221.62811853832432,222.3017602360092,219.83174753046904,221.403564453125,2224500,0.0,0.0,0.00203246123244738
2009-08-11,219.15806882318964,220.50535199104138,218.48442723926377,220.05624389648438,2911500,0.0,0.0,-0.006085360730160638
2009-08-12,219.38265741468103,220.50540737516394,216.01444864906202,220.28085327148438,4052700,0.0,0.0,0.0010206907607932525
2009-08-13,221.40355352534917,224.54722833132556,217.8108116869649,223.64903259277344,5163300,0.0,0.0,0.015290386210452755
2009-08-14,223.87358170046122,223.87358170046122,218.03534036625655,219.607177734375,2742600,0.0,0.0,-0.018072310939783787
2009-08-17,219.38259928216576,219.60715332634243,217.1371410720364,219.15806579589844,2944500,0.0,0.0,-0.002045069487755069
2009-08-18,216.9126111364072,219.83173180350954,216.9126111364072,219.607177734375,2373000,0.0,0.0,0.0020492603676052212
2009-08-19,217.3616802216823,219.83171309825462,216.01439703733732,218.9335174560547,4041300,0.0,0.0,-0.0030675694905343276
2009-08-20,217.81084036266873,221.628136777732,216.91264450586536,220.28085327148438,3485100,0.0,0.0,0.006154086551412252
2009-08-21,218.48442422127775,219.38259928216576,216.688032983683,219.15806579589844,2318700,0.0,0.0,-0.0050970724822921865
2009-08-24,221.4034977402753,222.7507807296845,220.28076876840328,221.6280517578125,1788900,0.0,0.0,0.011270340212868879
2009-08-25,220.50534747497568,222.75080567013399,218.93351029203745,221.85263061523438,2852100,0.0,0.0,0.001013314224623807
2009-08-26,220.50533538498814,222.75079345703125,220.50533538498814,222.75079345703125,3253800,0.0,0.0,0.004048466043905519
2009-08-27,222.97542432751007,223.19997843526178,221.40358668907857,222.52633666992188,2688900,0.0,0.0,-0.001007658754547447
2009-08-28,222.30177883543251,223.1999746934665,220.2808535732922,222.0772247314453,3363300,0.0,0.0,-0.0020182417290351973
2009-08-31,223.42444724026333,225.6699259933309,220.72988095974597,221.85263061523438,2488500,0.0,0.0,-0.0010113334065775526
2009-09-02,220.28080064039966,220.95444223257212,217.13714672956473,218.9335174560547,2275800,0.0,0.0,-0.013157892926869974
2009-09-03,217.36170149185,219.15809295203775,216.01441817566518,218.4844512939453,1574700,0.0,0.0,-0.002051153095822822
2009-09-04,218.4844647651252,218.4844647651252,214.66714809529446,215.34078979492188,1782900,0.0,0.0,-0.014388490715954938
2009-09-07,217.36163366375,217.58618766567898,216.0143507679873,217.13710021972656,1687800,0.0,0.0,0.008341710023982873
2009-09-08,218.9335537210125,220.72992474505995,217.810824400722,218.70899963378906,1944600,0.0,0.0,0.007239202386288834
2009-09-09,218.93347056144168,218.93347056144168,216.23890476991625,217.13710021972656,1905600,0.0,0.0,-0.00718717298645466
2009-09-10,217.58626835221506,221.62811853832432,217.58626835221506,221.403564453125,2331000,0.0,0.0,0.019648711478052805
2009-09-11,222.3017120361328,222.52626607264392,220.05623334474777,222.3017120361328,3656700,0.0,0.0,0.004056608506851633
2009-09-14,222.3017602360092,222.3017602360092,219.6071934452697,221.403564453125,1372200,0.0,0.0,-0.004040218920409511
2009-09-15,220.05624085678642,221.62807805020446,218.70895770754507,219.15806579589844,1718700,0.0,0.0,-0.010142107073899287
2009-09-16,218.9335224791343,220.7298932468391,216.6880436010705,216.91259765625,2759100,0.0,0.0,-0.01024588409052507
2009-09-17,217.810824400722,219.38264133754603,216.68807452251818,218.70899963378906,1934400,0.0,0.0,0.008281685789342186
2009-09-18,216.91266174276197,217.13721586428565,215.34082400792923,215.78993225097656,2166300,0.0,0.0,-0.013346809631520684
2009-09-21,215.78993225097656,215.78993225097656,215.78993225097656,215.78993225097656,0,0.0,0.0,0.0
2009-09-24,216.68802558662455,222.3017120361328,216.68802558662455,222.3017120361328,3657900,0.0,0.0,0.030176476340808334
2009-09-25,224.80207017451806,224.80207017451806,222.07444133191458,224.1201629638672,2463600,4.0,0.0,0.008180103117868986
2009-09-28,222.7563386061293,223.66555511649213,219.34680270496327,220.7106170654297,2233200,0.0,0.0,-0.015213026143422792
2009-09-29,219.8014351493403,220.4833423723371,205.93598134502062,206.3905792236328,4576800,0.0,0.0,-0.06488150879280852
2009-09-30,206.16327102636654,208.89089965820312,202.98102374912054,208.89089965820312,2953200,0.0,0.0,0.012114508539951885
2009-10-01,209.11823166498954,209.80013896477774,206.16331390601363,207.072509765625,2790300,0.0,0.0,-0.008704974202100035
2009-10-02,202.52637589557978,204.79940613078776,200.93525264991922,204.34478759765625,2365200,0.0,0.0,-0.013172787498717864
2009-10-05,205.48135093771626,206.61785585941098,202.07181536247845,203.6629180908203,1692000,0.0,0.0,-0.0033368578413582872
2009-10-06,203.20832028417317,203.89022739922072,200.48069182398294,203.6629180908203,2222100,0.0,0.0,0.0
2009-10-07,210.25469795647874,212.30041927450884,209.11817223969308,209.80007934570312,2900400,0.0,0.0,0.030133915945101286
2009-10-08,211.61856878576853,214.57348649561348,211.1639500533624,212.30047607421875,2127600,0.0,0.0,0.011917997058502161
2009-10-09,212.5277413179104,214.34617442775144,210.48201967695675,212.7550506591797,2049600,0.0,0.0,0.002141184953358355
2009-10-13,212.5277404328628,213.66426632431967,210.48201880042834,211.3912353515625,1772100,0.0,0.0,-0.00641026054794791
2009-10-14,212.30046878883965,215.71000511408783,209.5728397286411,214.11888122558594,2631900,0.0,0.0,0.012903306371653045
2009-10-15,213.66426184828387,216.8464884953544,212.75504531619677,216.16458129882812,2154300,0.0,0.0,0.009554038679507881
2009-10-16,215.93726471406345,216.6191718876975,214.57345036679536,215.70997619628906,1812300,0.0,0.0,-0.002103050831952058
2009-10-19,215.93723354977948,218.66486185066157,215.7099450648076,216.619140625,1800300,0.0,0.0,0.0042147537389909395
2009-10-20,217.98296519994435,221.16521224325825,217.75567670410294,220.0286865234375,1611000,0.0,0.0,0.015739818229359104
2009-10-21,215.9372656693845,217.98298719933703,212.5277297861302,217.07379150390625,2655600,0.0,0.0,-0.013429589869485059
2009-10-22,216.8464822769165,218.8922038078308,215.48266792297363,218.21029663085938,1408200,0.0,0.0,0.005235570443945958
2009-10-23,216.3918722652953,217.07377940393576,212.0731201171875,212.0731201171875,2296200,0.0,0.0,-0.028125054630460333
2009-10-26,212.75502844196347,215.9372548366422,212.0731212995213,214.5734405517578,1236300,0.0,0.0,0.011789897904971092
2009-10-27,214.80074236856197,215.70995879678705,211.6185160850049,212.98233032226562,1243500,0.0,0.0,-0.007415224481654326
2009-10-28,213.2096476894736,214.57346211138952,211.61854473734272,212.52774047851562,1486500,0.0,0.0,-0.002134401680468745
2009-10-29,211.39123623187726,215.02808164140265,209.5728239321929,212.7550506591797,3906900,0.0,0.0,0.0010695553444095562
2009-10-30,215.02808079213256,215.48267866271902,211.61854473734272,212.52774047851562,3255300,0.0,0.0,-0.0010684126179838493
2009-11-02,214.3461520443801,214.80074986929006,212.0731212995213,214.5734405517578,2000700,0.0,0.0,0.009625567319523576
2009-11-04,212.3004474552313,216.16458129882815,211.8458287841097,216.16458129882812,1792800,0.0,0.0,0.00741536670605103
2009-11-05,217.75571227520908,217.75571227520908,212.98236174064928,215.48268127441406,1660800,0.0,0.0,-0.0031545409535496116
2009-11-06,218.21031102594338,219.34681612581787,216.16458936007518,216.84649658203125,2310900,0.0,0.0,0.006329117957653452
2009-11-09,219.11951667213546,219.3468051946893,212.5277333149564,213.2096405029297,3321900,0.0,0.0,-0.016771569457778912
2009-11-10,215.48265685060153,218.89219256026294,211.84581182357786,213.4369354248047,2764200,0.0,0.0,0.0010660630604639731
2009-11-11,211.3911690617239,212.5276737866294,205.02669681992307,205.9359130859375,5161800,0.0,0.0,-0.03514397507600009
2009-11-12,208.20899445168587,212.07312811295267,207.52708728733555,211.6185302734375,3078300,0.0,0.0,0.027594104895772187
2009-11-13,209.11814718826585,209.80005421258645,206.16323062297718,206.61782836914062,3311400,0.0,0.0,-0.02363073733588139
2009-11-16,209.11813880176288,209.345448070804,205.02669681992307,205.9359130859375,1542900,0.0,0.0,-0.0033003700047840034
2009-11-17,204.7994438226687,205.48135093771626,201.61719674567763,203.6629180908203,1712400,0.0,0.0,-0.011037390035844141
2009-11-18,202.52644431874762,206.84519698168003,201.16262987889073,202.75375366210938,2331900,0.0,0.0,-0.004464064628129871
2009-11-19,205.026731228865,205.026731228865,200.48069075614643,202.29910278320312,2730000,0.0,0.0,-0.0022423795894991327
2009-11-20,199.34420691422753,201.61721698580186,197.07117603249745,199.1168975830078,2817900,0.0,0.0,-0.015730199276294266
2009-11-24,199.11689673259266,204.57215417732124,197.5257730411616,198.88958740234375,3173400,0.0,0.0,-0.0011415916148919125
2009-11-25,200.48070463339573,201.84451895062972,196.38926168169377,198.66229248046875,2145300,0.0,0.0,-0.001142819615866486
2009-11-26,195.48003546199746,198.66228258378462,194.7981283373508,197.5257568359375,1657200,0.0,0.0,-0.005720942964770215
2009-11-27,195.48012477442535,197.7531564984854,192.97980444507368,193.4344024658203,2352600,0.0,0.0,-0.020713017054861393
2009-11-30,191.1612820290603,195.93463134765625,190.47937498354656,195.93463134765625,3322500,0.0,0.0,0.012925461293151974
2009-12-01,194.34352420003427,197.2984619140625,193.20701929932494,197.2984619140625,2356500,0.0,0.0,0.0069606406842206425
2009-12-02,199.79876375260082,200.2533615115665,195.25272373248976,196.8438262939453,2445300,0.0,0.0,-0.0023043039246560815
2009-12-03,197.0711322968022,201.84448152198425,194.1161948873534,201.61717224121094,3636300,0.0,0.0,0.024249406431155363
2009-12-04,203.8902404264807,203.8902404264807,197.07116884031075,198.66229248046875,1985400,0.0,0.0,-0.01465589328475958
2009-12-07,200.9352710129102,200.9352710129102,197.52573575358394,199.5714569091797,1962600,0.0,0.0,0.004576431779575563
2009-12-08,199.3441502144085,210.25466204716702,198.6622432248611,204.34478759765625,3837900,0.0,0.0,0.023917902702132343
2009-12-09,204.34490915070143,204.57221855248048,201.38999097838484,202.98109436035156,1809000,0.0,0.0,-0.006673491667376075
2009-12-10,201.6172724927741,204.57221137152777,201.16267451533565,202.5264892578125,2380800,0.0,0.0,-0.0022396425833235423
2009-12-11,204.34480840262435,204.34480840262435,199.79876827951205,201.16258239746094,2569500,0.0,0.0,-0.006734461577593165
2009-12-14,202.98100857787728,203.2083178835924,197.98037033337215,199.7987823486328,1499700,0.0,0.0,-0.006779591077894942
2009-12-15,197.52578650000703,197.98040519148128,195.48006481884417,196.16197204589844,2385300,0.0,0.0,-0.01820236469904224
2009-12-16,202.98103501587974,203.66294221168914,198.66230331585763,203.43565368652344,2522700,0.0,0.0,0.03707997816683384
2009-12-17,203.89021752281695,203.89021752281695,199.11686794870417,199.34417724609375,1305300,0.0,0.0,-0.02011189467670349
2009-12-18,197.98043823242188,199.5715414876496,196.61662355070635,197.98043823242188,1131600,0.0,0.0,-0.006841127905072075
2009-12-21,199.79883611769904,201.38996006559492,197.29851632257038,200.48074340820312,1710600,0.0,0.0,0.012629051628050059
2009-12-22,202.52644431874762,203.89025875860452,201.6172277554574,202.75375366210938,1427100,0.0,0.0,0.011337798410284927
2009-12-24,205.02681862321663,205.48143743138093,202.29918901488043,204.79953002929688,1461300,0.0,0.0,0.010089955575356635
2009-12-25,206.84512709942996,207.07241555584588,204.11749914124036,204.34478759765625,988800,0.0,0.0,-0.00222042712488435
2009-12-28,202.98102179633761,206.84517619436758,202.98102179633761,206.16326904296875,1105800,0.0,0.0,0.008899084075944197
2009-12-29,203.43559215169293,204.572096864222,202.75368516214553,204.34478759765625,910200,0.0,0.0,-0.008820588913602712
2009-12-30,202.07183753158046,204.11755910115724,201.6172188649039,201.8445281982422,659700,0.0,0.0,-0.012235493886621374
2010-01-04,200.70802315186262,202.2991260547628,200.25340448518605,201.8445281982422,812400,0.0,0.0,0.0
2010-01-05,201.6171722412109,202.98098630554864,200.70797673841986,201.61717224121094,1439100,0.0,0.0,-0.0011263914809122033
2010-01-06,203.43568470686088,208.20903580537816,201.84456073730203,207.072509765625,1995000,0.0,0.0,0.027057901188532796
2010-01-07,207.07241781084298,207.75432480781626,205.2540060889642,205.9359130859375,1382400,0.0,0.0,-0.005488882522233229
2010-01-08,205.9360124495696,208.89095113225477,205.25410512357766,207.75442504882812,1728300,0.0,0.0,0.008830475149478989
2010-01-12,206.16321765435634,208.89084558005828,204.79940369150535,208.2089385986328,1466100,0.0,0.0,0.0021877442547750814
2010-01-13,207.98169753130745,210.93663568978252,206.84519245965845,208.66360473632812,2137800,0.0,0.0,0.0021837013374905734
2010-01-14,208.20901405815434,208.890921286718,205.0267664514192,207.98170471191406,2250900,0.0,0.0,-0.0032679394438513976
2010-01-15,207.9817280603105,209.8001406038994,206.16331551672158,207.52713012695312,3213600,0.0,0.0,-0.0021856469807793877
2010-01-18,206.61789025478677,208.43630259423747,205.0267664514192,207.98170471191406,2455500,0.0,0.0,0.0021904344973249223
2010-01-19,205.9359830262231,208.43630259423747,205.9359830262231,207.98170471191406,1515300,0.0,0.0,0.0
2010-01-20,205.93596170366183,209.34549749345757,205.93596170366183,208.89089965820312,2333100,0.0,0.0,0.004371514059606563
2010-01-21,207.98162933477445,208.66353631619995,206.16321765435634,208.2089385986328,1719000,0.0,0.0,-0.0032646757742255117
2010-01-22,206.39050856629848,208.2089410785248,202.52637589557978,204.34478759765625,2120400,0.0,0.0,-0.018559006289473157
2010-01-25,205.02677357657566,208.2090212939013,204.11757778033223,207.2998046875,3140400,0.0,0.0,0.014460936951629089
2010-01-26,205.9359498266639,207.75436187296285,204.5721355894012,205.0267333984375,1984500,0.0,0.0,-0.010965139559533599
2010-01-27,204.5721633901523,205.0267612609671,200.93531799316406,200.93531799316406,2797200,0.0,0.0,-0.019955521592017966
2010-01-28,202.07177817259813,204.34478759765625,200.0260572039559,204.34478759765625,2705700,0.0,0.0,0.01696799566419771
2010-01-29,204.57218208186256,206.39059454142628,203.43567689590503,205.25408935546875,2938800,0.0,0.0,0.004449840725092802
2010-02-01,204.57216684822586,204.79947619255398,201.16263073408876,204.11756896972656,1597500,0.0,0.0,-0.0055371388180914805
2010-02-02,204.5721732630804,205.02677115583472,199.34422466085422,202.0718536376953,3247200,0.0,0.0,-0.010022240331182153
2010-02-03,195.25274060669372,198.43496681477185,190.2520815852967,197.2984619140625,7987200,0.0,0.0,-0.023622249401399897
2010-02-04,197.52579537901195,199.79882650808725,197.29850683321504,198.20770263671875,3884700,0.0,0.0,0.004608453172089577
2010-02-05,197.52575468965185,197.98037330791243,194.11621910346594,194.79812622070312,3303600,0.0,0.0,-0.017202037916078328
2010-02-08,195.48006306468935,195.70737240838668,191.6159290827758,192.29783630371094,2978400,0.0,0.0,-0.01283528730743233
2010-02-09,189.79752225500098,190.93402738605596,187.75180053300753,188.8883056640625,2499900,0.0,0.0,-0.017730468034302227
2010-02-10,188.20639121994955,189.3428963075057,186.38797891782835,188.43370056152344,2392200,0.0,0.0,-0.002406740326992951
2010-02-12,191.1613060321018,191.38859453571135,187.7517703764172,190.0247802734375,2727600,0.0,0.0,0.008443711009085586
2010-02-15,189.79746707705004,192.29778596254087,186.61522033898743,187.97903442382812,2023200,0.0,0.0,-0.01076567933227257
2010-02-16,187.97905678172833,188.66096390525354,187.06986115713067,187.29714965820312,1168800,0.0,0.0,-0.0036274511554708067
2010-02-17,188.66096601116365,190.2520895872012,187.5244610626535,190.0247802734375,2967000,0.0,0.0,0.01456311866043869
2010-02-18,190.9339967183381,191.84321316323872,188.88827532492735,190.0247802734375,3298500,0.0,0.0,0.0
2010-02-19,189.34288721853648,189.57019654919893,185.70606278887146,186.38796997070312,3726300,0.0,0.0,-0.019138610751193386
2010-02-22,190.70668827354623,190.93399758834568,189.57018331985748,190.25209045410156,2919000,0.0,0.0,0.020731598096195736
2010-02-23,186.84256968708883,190.2521056302839,186.84256968708883,189.1156005859375,2637300,0.0,0.0,-0.005973599898174253
2010-02-24,187.29718016373357,188.20639674657136,184.342262687286,185.024169921875,3511500,0.0,0.0,-0.02163454866434078
2010-02-25,185.933335220257,186.6152423430821,184.34223247376772,186.16064453125,3210000,0.0,0.0,0.0061423035155616645
2010-02-26,187.06986115713067,188.2063660929547,185.7060469100803,187.29714965820312,3180600,0.0,0.0,0.0061049698759629845
2010-03-01,187.75180053710938,189.57021290886857,186.61527459587208,187.75180053710938,2021100,0.0,0.0,0.0024274308484455442
2010-03-02,190.02479646138843,191.61592017297158,189.57019860528862,191.38861083984375,3308400,0.0,0.0,0.01937030852609878
2010-03-03,193.2070295211303,193.6616273434343,191.16130810553062,192.75241088867188,2594400,0.0,0.0,0.0071258161227230055
2010-03-04,192.75243504263108,194.11624949059816,191.38862059466396,193.66165161132812,2618100,0.0,0.0,0.004717143191435458
2010-03-05,194.34354437865693,196.8438637438861,193.20703935994467,193.88894653320312,2377800,0.0,0.0,0.001173670264524862
2010-03-08,197.29846833449125,197.7530661475377,195.93465408519788,197.5257568359375,1454700,0.0,0.0,0.018757182231177838
2010-03-09,197.5257566455823,197.9803752683446,194.79812814962418,196.38925170898438,1357500,0.0,0.0,-0.0057537059731257445
2010-03-10,197.5257730411616,202.75374196579693,196.6165773404773,198.88958740234375,2770500,0.0,0.0,0.012731530221747889
2010-03-11,200.70798253572292,202.07179663945342,198.66226138012718,199.5714569091797,1487700,0.0,0.0,0.00342838212770058
2010-03-12,200.93528813582748,200.93528813582748,199.11687611261277,200.02609252929688,2067000,0.0,0.0,0.0022780593335252064
2010-03-15,199.79885087132237,200.7080675958529,197.52581946507632,197.98043823242188,867900,0.0,0.0,-0.010226937251075818
2010-03-16,199.34418541932217,201.38990674924628,198.66227830934747,200.02609252929688,1384800,0.0,0.0,0.010332608186640613
2010-03-17,199.57150357056304,202.5264417562508,199.11690569974826,200.93531799316406,1568100,0.0,0.0,0.004545534296901854
2010-03-18,200.93530894411697,201.16261827436588,198.88958740234378,198.88958740234375,1461300,0.0,0.0,-0.010181040402712616
2010-03-19,200.0261247823956,202.75375366210938,198.88959887574364,202.75375366210938,1709100,0.0,0.0,0.019428700668721266
2010-03-23,201.1626410235008,201.84454828120758,197.52579537901195,198.20770263671875,2541900,0.0,0.0,-0.022421538162823107
2010-03-24,200.4806753384865,203.43561286409306,200.25336604877768,201.16258239746094,3015600,0.0,0.0,0.014907996618869879
2010-03-25,202.98097980332705,203.66288681365194,200.70797030901105,201.38987731933594,2540100,0.0,0.0,0.0011299065619763127
2010-03-26,200.02612225153445,201.61722520446457,198.43499848844775,200.93531799316406,3551700,0.0,0.0,-0.0022571110932805283
2010-03-29,201.1657491710088,202.31789419593844,200.70489538034377,201.85704040527344,2082900,4.0,0.0,0.004587159795077511
2010-03-30,202.54833391550426,204.85264508779053,201.62660522728285,204.62220764160156,2145600,0.0,0.0,0.013698641527570388
2010-03-31,204.62221129708522,210.8438325865236,203.93092004270318,209.92210388183594,3314100,0.0,0.0,0.025900884861516094
2010-04-01,210.8438188619685,211.53511007135197,209.2307990078958,210.38296508789062,2320800,0.0,0.0,0.0021953915168175797
2010-04-02,211.5351108715553,214.06983828337212,209.92209101138081,212.687255859375,2791200,0.0,0.0,0.010952839126122882
2010-04-05,214.76112241749388,215.45241360670954,213.14812370701253,213.3785400390625,1714800,0.0,0.0,0.003250237899277586
2010-04-06,212.91771043346773,215.2220216911166,212.91771043346773,214.30029296875,1822500,0.0,0.0,0.004319801464190087
2010-04-07,215.45243804930678,216.37416677167337,213.60900170110887,214.30029296875,2842800,0.0,0.0,0.0
2010-04-08,211.30468044475748,213.8394290371903,210.6133892098275,211.9959716796875,1347000,0.0,0.0,-0.010752767796722185
2010-04-09,212.2264008841778,213.14812952714465,210.61338103311914,211.30467224121094,1390200,0.0,0.0,-0.0032609083700942953
2010-04-12,211.99594382207766,216.6045655136984,211.3046526779877,214.7611083984375,1986300,0.0,0.0,0.016357594560336697
2010-04-13,214.53071395800353,215.91329638717104,211.30467422559022,212.91769409179688,2134200,0.0,0.0,-0.008583557425214106
2010-04-14,214.30028668551765,216.37416042763556,212.91770419077238,215.22201538085938,2139300,0.0,0.0,0.01082259179487921
2010-04-15,216.14371511075072,216.14371511075072,214.30027888371396,215.682861328125,1670100,0.0,0.0,0.0021412583951976316
2010-04-16,215.6828132254187,215.6828132254187,212.22635788526776,214.06979370117188,1098000,0.0,0.0,-0.007478886440119625
2010-04-19,212.68726449352891,212.91770193906103,211.07426566440748,212.45684814453125,1229400,0.0,0.0,-0.007534671420724615
2010-04-20,213.60896352379808,215.68283695606794,211.99594382207766,214.7611083984375,1663200,0.0,0.0,0.010845780091488066
2010-04-21,217.06547906610115,223.51753855459748,216.37418773149574,221.44366455078125,3732600,0.0,0.0,0.031116230504574682
2010-04-22,219.60014290313083,219.60014290313083,214.53068865838023,218.447998046875,3003600,0.0,0.0,-0.013527894374324223
2010-04-23,220.7523068069038,223.7478876246703,219.1392871458927,223.51747131347656,3009900,0.0,0.0,0.023206773749026244
2010-04-26,226.05221430851861,226.9739429077033,224.43919453407852,224.6696319580078,1662900,0.0,0.0,0.0051546782350422315
2010-04-27,224.66971550458743,225.36100693690923,222.595841207622,223.97842407226562,2430000,0.0,0.0,-0.0030765523569797892
2010-04-28,220.52187144605418,222.1348911220373,216.14368723783218,218.447998046875,2695200,0.0,0.0,-0.024691780238645933
2010-04-30,214.99157904794316,218.6784727518975,214.5307252461494,216.60459899902344,4155300,0.0,0.0,-0.00843861726513051
2010-05-06,213.14813664013636,213.8394278712973,208.30909802200972,210.61338806152344,4041300,0.0,0.0,-0.027659666346821266
2010-05-07,206.00483630155236,207.38741909552252,203.23967071361207,205.77439880371094,2809500,0.0,0.0,-0.02297569638070185
2010-05-10,202.31791562818242,202.77879056420377,197.47887647571363,199.78318786621094,4114200,0.0,0.0,-0.029115434049767464
2010-05-11,200.2440007236321,200.70487556533052,196.55712856923782,197.4788360595703,5545200,0.0,0.0,-0.011534262873930001
2010-05-12,200.93533522782252,204.39179180339593,199.78319006814363,203.70050048828125,5806200,0.0,0.0,0.031505474474409656
2010-05-13,204.16142879248852,206.69615724491658,200.01367981767416,200.70497131347656,3582600,0.0,0.0,-0.01470555628299508
2010-05-14,200.4744088800394,200.4744088800394,197.70924461962505,197.93968200683594,2394900,0.0,0.0,-0.01377788147719361
2010-05-17,193.56156286586517,195.63543675371372,193.10070903407754,194.48329162597656,3202800,0.0,0.0,-0.017461836584844126
2010-05-18,194.48329008580677,194.94414391394477,193.1007075048568,194.0224151611328,4098900,0.0,0.0,-0.0023697483778200024
2010-05-19,193.79197732349593,195.17455975125802,191.48766624504793,194.94412231445312,3329400,0.0,0.0,0.004750518915842106
2010-05-20,193.5615234375,197.01797921316964,193.100669699588,193.5615234375,2432100,0.0,0.0,-0.007092282960565188
2010-05-21,190.33550113627012,190.33550113627012,188.26162771382843,189.4137725830078,3234900,0.0,0.0,-0.021428591699586774
2010-05-24,188.0312276427999,189.87466401888412,186.87908254481422,188.72251892089844,1947000,0.0,0.0,-0.0036494371696569328
2010-05-25,188.72249416775173,189.4137853551794,185.49647565860025,186.64862060546875,3231600,0.0,0.0,-0.010989140709270373
2010-05-26,187.33995319061822,191.4877012317389,185.49651664896595,190.33555603027344,5148000,0.0,0.0,0.01975334943727236
2010-05-27,190.1051014770955,190.33553893530686,185.49649998861716,188.72251892089844,3420900,0.0,0.0,-0.00847470195804323
2010-05-28,190.335531467774,193.33111282431668,187.3399290146965,188.26165771484375,5261700,0.0,0.0,-0.0024420043177139084
2010-05-31,188.26168200971307,191.4877012317389,187.5703906695263,190.33555603027344,3690900,0.0,0.0,0.011016041931230625
2010-06-01,190.56597277722977,194.25286696412545,188.2616823698903,192.6398468017578,2892900,0.0,0.0,0.012106465126872301
2010-06-02,190.79630955010185,192.87018247999427,189.1832902391212,190.5658721923828,2559900,0.0,0.0,-0.010766072771586477
2010-06-03,191.25724239996626,193.10069983234368,189.87465987395075,192.40940856933594,1609200,0.0,0.0,0.009674011173899988
2010-06-04,188.95292103947526,189.18333735805658,182.27042586998468,184.34429931640625,5590500,0.0,0.0,-0.041916397503105385
2010-06-07,182.27046280674404,182.9617540956401,180.65746386367724,182.5009002685547,2543100,0.0,0.0,-0.00999976161284799
2010-06-08,179.73573380451535,181.34875383237548,178.12271377665522,179.96617126464844,3091800,0.0,0.0,-0.013888857535367394
2010-06-09,179.2749089165952,179.9662003120364,178.12274252650045,179.5053253173828,2681700,0.0,0.0,-0.0025607365207982458
2010-06-10,181.34873765742836,181.80959144005408,178.81398911165218,179.7357177734375,1734300,0.0,0.0,0.0012834853542496028
2010-06-11,182.73134310311855,182.9617594751681,179.9661778662317,180.19659423828125,2049900,0.0,0.0,0.002564189636612424
2010-06-14,182.96172268878502,183.42259753329344,182.04001519283275,182.2704315185547,1567500,0.0,0.0,0.01150874848128991
2010-06-15,182.04002177415563,182.04002177415563,179.7357107579023,180.427001953125,1147500,0.0,0.0,-0.01011370604695161
2010-06-16,182.50086328509764,184.5747367315192,180.88784357237031,184.34429931640625,2071500,0.0,0.0,0.02171125896277415
2010-06-17,184.80517675520585,188.49204886986425,184.57473933684022,187.10946655273438,2364600,0.0,0.0,0.01500001489919689
2010-06-18,188.26166481219423,188.95295608923223,186.87908225811825,187.57037353515625,1710000,0.0,0.0,0.002463301247732197
2010-06-21,188.49206931003502,192.1789629210339,188.49206931003502,191.71810913085938,1086300,0.0,0.0,0.02211295695333093
2010-06-22,191.02681556984976,191.02681556984976,188.49206701343783,188.95294189453125,789900,0.0,0.0,-0.014423088402362283
2010-06-23,186.87907296382994,187.10948931369268,184.80519923585848,185.49649047851562,1420200,0.0,0.0,-0.018292657321762884
2010-06-24,186.41820471945982,187.57037089600232,185.49649709406813,185.72691345214844,711900,0.0,0.0,0.001242195866015594
2010-06-25,184.34428199566722,184.57471938912857,180.88782657639516,181.80955505371094,1875000,0.0,0.0,-0.02109203413562777
2010-06-28,182.0400472091652,183.4226297927879,181.80960974638276,182.73133850097656,708900,0.0,0.0,0.005070049519637854
2010-06-29,183.88348284634677,185.49650288594952,182.27046280674404,182.5009002685547,827700,0.0,0.0,-0.0012610766949570085
2010-06-30,180.88785571776245,182.50087553879308,178.81398213209434,180.427001953125,1961400,0.0,0.0,-0.011363770328682743
2010-07-01,180.19657155606322,180.19657155606322,178.81398911165218,179.7357177734375,1609800,0.0,0.0,-0.003831378741564917
2010-07-02,181.1183184545714,183.4226297927879,179.96617333373118,182.73133850097656,1156800,0.0,0.0,0.016666808159495172
2010-07-05,183.65305279138565,183.88349026249,182.2704701578331,182.96176147460938,763200,0.0,0.0,0.001260993191004145
2010-07-06,181.80957294135504,184.57473754882812,181.57913552522172,184.57473754882812,1371000,0.0,0.0,0.008815919027116426
2010-07-07,184.34429963205264,184.57473704756015,182.04000986310422,183.42259216308594,1615200,0.0,0.0,-0.006242161852931805
2010-07-08,184.57473754882812,186.41817358829962,183.19215524509158,184.57473754882812,2119200,0.0,0.0,0.00628137118854899
2010-07-09,183.8834320264923,186.8790338159928,183.42257832677302,184.80516052246094,1912800,0.0,0.0,0.001248399302596015
2010-07-12,185.266028197551,186.18775676304938,183.19215474757843,183.42259216308594,1636500,0.0,0.0,-0.007481221603695243
2010-07-13,183.42259753329344,184.5747424514999,181.80957777057856,182.2704315185547,2026200,0.0,0.0,-0.006281454377805473
2010-07-14,184.1139079932013,186.4181980710355,183.19217930414695,185.49649047851562,1488600,0.0,0.0,0.01769929951382454
2010-07-15,184.1138838130932,186.87904842056628,182.50086409322333,184.57473754882812,1936200,0.0,0.0,-0.00496911250077936
2010-07-16,183.42263596339455,184.80521859352936,179.7357419175229,180.657470703125,1323600,0.0,0.0,-0.0212232014940118
2010-07-21,179.2748628109928,181.57915280549065,177.43140549955405,178.35313415527344,1596900,0.0,0.0,-0.01275527958452538
2010-07-22,178.5835967579228,181.57917839219036,178.12272181685339,180.657470703125,1791600,0.0,0.0,0.012920078801897716
2010-07-23,184.11386942461698,185.4964516203049,183.19214092864834,184.80516052246094,2075100,0.0,0.0,0.02295886133683256
2010-07-26,185.72688243643134,186.41817358829962,184.57473754882812,184.57473754882812,799500,0.0,0.0,-0.001246842744982768
2010-07-27,184.57473704756015,184.57473704756015,182.27042618208003,183.42259216308594,1256700,0.0,0.0,-0.006242161852931805
2010-07-28,183.65303154010385,185.2660514581113,182.5008865109753,185.03561401367188,2745300,0.0,0.0,0.008794019491076499
2010-07-29,182.7313063630631,182.96172268878502,180.19655800786367,182.2704315185547,2341800,0.0,0.0,-0.014944055553072433
2010-07-30,180.6574599165694,181.11831373358578,177.20100354760783,178.12271118164062,1723200,0.0,0.0,-0.022755859534418388
2010-08-02,179.27486399081178,181.5791540004743,178.58357276860625,179.7357177734375,1703700,0.0,0.0,0.009055591962958687
2010-08-03,181.57917685672467,181.57917685672467,179.50530292905952,180.19659423828125,1476600,0.0,0.0,0.002564189636612424
2010-08-04,179.50529343006747,179.73573088645935,175.3575563424938,176.97056579589844,2714400,0.0,0.0,-0.01790282694309364
2010-08-05,178.35313415527344,179.9661540286489,177.89228037568063,178.35313415527344,1914600,0.0,0.0,0.007812419840311335
2010-08-06,181.80957294135504,185.2660287006964,180.4269906376185,184.57473754882812,7221900,0.0,0.0,0.03488362244387688
2010-08-09,183.88344163310202,188.72247957081524,183.65300422293862,186.87904357910156,4099500,0.0,0.0,0.012484406375839141
2010-08-10,188.72251892089844,189.64424765720835,188.0312276427999,188.72251892089844,2710500,0.0,0.0,0.00986453754519867
2010-08-11,186.87908730192353,187.10950366946471,182.73133952774918,184.11392211914062,2679600,0.0,0.0,-0.024419962324101152
2010-08-12,181.80959681883263,185.49649047851562,181.11830557617546,185.49649047851562,2364300,0.0,0.0,0.007509309146542131
2010-08-13,185.03565405955268,187.10952821873772,183.42265488899025,186.1878204345703,1578900,0.0,0.0,0.003726916634763766
2010-08-16,185.72689639861267,192.4093921000562,185.4964800616893,191.0268096923828,3650400,0.0,0.0,0.025989827081696726
2010-08-17,190.10509732713172,193.56155364217048,189.64424351730491,192.40940856933594,1984800,0.0,0.0,0.0072377216537280464
2010-08-18,193.7919525317931,194.71365996803186,190.10505949724532,192.87022399902344,2074200,0.0,0.0,0.0023949734740826845
2010-08-19,193.56157562261612,195.40501216779518,191.25726411873913,192.6398468017578,3180900,0.0,0.0,-0.0011944674117596588
2010-08-20,189.87466401888412,190.79639275519403,187.57037382291276,188.72251892089844,2754000,0.0,0.0,-0.020334982330476148
2010-08-23,188.49204402974547,190.1050637238217,187.80075288893158,189.4137725830078,1802400,0.0,0.0,0.0036628043439750346
2010-08-24,187.80079018458855,190.56595529698265,187.57037382291276,188.72251892089844,1584600,0.0,0.0,-0.0036494371696569328
2010-08-25,188.03121322887836,189.87464946365017,187.1094845632255,188.95294189453125,1858200,0.0,0.0,0.0012209617323377664
2010-08-26,187.5703496592185,188.26164084826164,186.18776728113218,187.80076599121094,1608900,0.0,0.0,-0.006097687031321408
2010-08-27,188.03121360085225,190.79637850674715,187.33992237437855,190.10508728027344,2122800,0.0,0.0,0.0122700313648898
2010-08-30,190.79635620117188,191.48764734682828,189.64421132392167,190.79635620117188,2456100,0.0,0.0,0.0036362463034946835
2010-08-31,188.2616847287706,188.4921011144691,182.73135392740193,183.8834991455078,4545300,0.0,0.0,-0.03623159893250416
2010-09-01,183.19214092864834,184.80516052246094,181.34870503324117,184.80516052246094,2555700,0.0,0.0,0.0050122027329042584
2010-09-02,186.18775907233572,187.10946655273438,185.26603049540515,187.10946655273438,1752300,0.0,0.0,0.012468840284324045
2010-09-03,186.64863077866602,189.64423311963742,186.41819333811932,188.95294189453125,1353000,0.0,0.0,0.009852389490284441
2010-09-06,189.4137979869183,191.9485254776795,188.0312155198605,191.71810913085938,1448400,0.0,0.0,0.01463415815918645
2010-09-07,190.1050637238217,191.25720859300105,188.03119030138,189.4137725830078,1521900,0.0,0.0,-0.012019399514725637
2010-09-08,186.87905847017532,188.26164084826164,184.57474747452054,187.80076599121094,2131200,0.0,0.0,-0.008515783038374303
2010-09-09,187.80077615984968,190.10508728027344,186.41819370690223,190.10508728027344,1611900,0.0,0.0,0.0122700313648898
2010-09-10,189.41379065762692,193.56153789830486,189.41379065762692,193.3311004638672,3315900,0.0,0.0,0.01696963100644222
2010-09-13,193.79198283144606,194.48327406497495,191.48767168750499,191.71810913085938,2073000,0.0,0.0,-0.008343154976812817
2010-09-14,191.02679980014813,191.02679980014813,187.57034395995566,189.8746337890625,3936900,0.0,0.0,-0.009615551447665238
2010-09-16,195.40496444326183,195.63540186633014,190.56592623455404,191.25721740722656,2265300,0.0,0.0,0.007281560420019151
2010-09-17,191.25721612513948,192.40938213622513,189.8746337890625,189.8746337890625,3104400,0.0,0.0,-0.007228922583456088
2010-09-21,190.1051011854504,191.02682992034624,187.10949861944053,187.57037353515625,1661100,0.0,0.0,-0.01213569294604211
2010-09-22,186.41820471945982,186.8790796286909,185.03562218483702,185.72691345214844,2293800,0.0,0.0,-0.009828098373234284
2010-09-24,183.65300898082654,186.41817358829962,181.80957294135504,184.57473754882812,3120000,0.0,0.0,-0.006203602277691234
2010-09-27,186.64861017794075,186.64861017794075,183.19215443390482,184.34429931640625,3562500,0.0,0.0,-0.0012484819725717688
2010-09-28,184.57828231435525,186.21586610279965,182.7067732831351,183.64251708984375,2872800,4.0,0.0,-0.0038069103800056903
2010-09-29,184.57826319402471,186.215846812833,182.23886108398438,182.23886108398438,2988300,0.0,0.0,-0.007643415196561865
2010-09-30,184.57827605018318,186.21585978305168,180.13341815685564,181.06918334960938,2797800,0.0,0.0,-0.0064183771091279596
2010-10-01,181.5371038314211,182.004997261946,178.02802090042766,178.96377563476562,2037300,0.0,0.0,-0.011627642406596639
2010-10-04,178.96369669232794,179.1976325954953,173.1152134419503,173.81703186035156,3062400,0.0,0.0,-0.028758578411519853
2010-10-05,173.11519554338759,177.32610561842486,171.94549473068898,175.6885223388672,2571900,0.0,0.0,0.010767014362661698
2010-10-06,175.92253941614518,176.15647538886012,173.34920088067113,174.75283813476562,1746300,0.0,0.0,-0.005325812931005314
2010-10-07,174.98674699500808,175.92251215868507,173.11523808545553,174.5188751220703,1710300,0.0,0.0,-0.0013388223916276365
2010-10-08,177.0921993650607,180.13340932006528,176.390380859375,176.390380859375,2781600,0.0,0.0,0.010723801285079437
2010-10-12,177.0921815081383,177.0921815081383,170.7758155938717,171.2436981201172,1794000,0.0,0.0,-0.029177797078180467
2010-10-13,171.71159995667176,175.45462846087008,171.71159995667176,174.28492736816406,2958300,0.0,0.0,0.017759656451203476
2010-10-14,177.32614600622296,178.49583637643212,175.22069048916583,176.390380859375,3232200,0.0,0.0,0.01208052539599902
2010-10-15,175.45461614902,175.9224986950507,171.71158790747424,172.4134063720703,1472100,0.0,0.0,-0.022546436307517737
2010-10-18,171.9455130004883,175.68854100637606,169.84005773925782,175.45460510253906,2547000,0.0,0.0,0.01763899220171905
2010-10-19,175.45460510253906,176.8582419433594,174.28490416555573,175.45460510253906,1679100,0.0,0.0,0.0
2010-10-20,172.8812668298837,174.2849036666863,171.00975818674644,173.81703186035156,2112000,0.0,0.0,-0.009333315823944699
2010-10-21,172.6473599180883,173.11524251189024,170.07402171552923,171.94554138183594,1508700,0.0,0.0,-0.010767014362661698
2010-10-22,172.88133239746094,174.05103377472116,172.17951371288544,172.88133239746094,1220700,0.0,0.0,0.00544236860173597
2010-10-25,174.28489401739793,174.51884061651205,172.17943887876268,173.11520385742188,1578600,0.0,0.0,0.0013527860800104374
2010-10-26,172.88127478111414,174.51885830529974,171.24370196582825,172.6473388671875,1039500,0.0,0.0,-0.0027026221834317576
2010-10-27,172.17943550657336,174.05095471833883,171.7115637353058,173.34913635253906,1389900,0.0,0.0,0.0040649192159945
2010-10-28,173.34915112593333,173.5830870315039,171.4776317546707,171.71157836914062,1733700,0.0,0.0,-0.009446588646788268
2010-10-29,173.3491482048168,173.5830841064453,171.47762886509125,173.5830841064453,2021400,0.0,0.0,0.010899123722929005
2010-11-01,172.41342397563787,172.88129586053878,171.00978690313306,171.94554138183594,1266600,0.0,0.0,-0.009433769039413953
2010-11-02,172.17943550657336,174.05095471833883,170.07398040917408,173.34913635253906,2268300,0.0,0.0,0.008163020450679737
2010-11-04,173.58307687549467,180.36732482910156,172.41338670717874,180.36732482910156,4254600,0.0,0.0,0.04048585775639313
2010-11-05,180.83522109889043,184.11038828212537,178.26189381303465,179.4315948486328,3194700,0.0,0.0,-0.005187912951280738
2010-11-08,186.44975294937186,186.44975294937186,181.53702401353573,183.40855407714844,3534900,0.0,0.0,0.022164208214671133
2010-11-09,182.00496870316965,182.7067873210253,178.96374755319363,180.13343811035156,3275400,0.0,0.0,-0.01785694229626411
2010-11-10,180.13341815685564,181.06918334960938,178.0279732454124,181.06918334960938,2471700,0.0,0.0,0.005194733687837294
2010-11-11,181.06918334960938,182.9406923173147,179.66554626937983,181.06918334960938,2245500,0.0,0.0,0.0
2010-11-12,182.4728208618482,186.21586022392273,181.77100232007186,184.34432983398438,3367500,0.0,0.0,0.01808781827911221
2010-11-15,185.28005134369855,185.98186972000045,183.1745962147929,184.8121795654297,2556900,0.0,0.0,0.002537912242088769
2010-11-16,185.74793914510116,186.91765081837164,182.47279357910156,182.47279357910156,3151500,0.0,0.0,-0.012658180818109432
2010-11-17,181.5370443344727,185.74795532226562,181.5370443344727,185.74795532226562,2345400,0.0,0.0,0.01794876747883123
2010-11-18,185.04611206054688,185.74793046459166,182.94065684841246,185.04611206054688,3825300,0.0,0.0,-0.003778470995823735
2010-11-19,185.5140332472493,185.74795847200392,183.87644958496094,183.87644958496094,2154000,0.0,0.0,-0.006320924349943802
2010-11-22,185.51399631633493,188.7891415711159,184.57823135019882,186.91763305664062,2544300,0.0,0.0,0.01653927666399979
2010-11-24,186.91768246871806,189.95888193146314,186.91768246871806,188.32131958007812,3570000,0.0,0.0,0.007509652783866283
2010-11-25,189.95887599391168,189.95887599391168,185.74796479145203,186.4497833251953,2923200,0.0,0.0,-0.009937994588483101
2010-11-26,188.78920337634773,190.66071250351192,188.78920337634773,190.19284057617188,2869500,0.0,0.0,0.020075417542578355
2010-11-29,189.7249581352962,193.23405094040152,189.7249581352962,191.83041381835938,3342600,0.0,0.0,0.008610067746118277
2010-11-30,192.7661491010518,192.7661491010518,188.7891845703125,188.7891845703125,4085100,0.0,0.0,-0.015853738661725236
2010-12-01,189.0231056833342,190.89461437123686,187.85339401282096,190.42674255371094,1877700,0.0,0.0,0.008674003159267585
2010-12-02,194.16976199434328,195.3394736772954,193.23401834934057,193.9358367919922,2964900,0.0,0.0,0.018427528566747897
2010-12-03,196.27526503412537,196.50921171114487,193.7019372581285,194.8716278076172,2723400,0.0,0.0,0.0048252609270389435
2010-12-06,196.04129569654543,199.5503879738237,195.57340244770865,198.38067626953125,2293200,0.0,0.0,0.01800697464988743
2010-12-07,198.61460425800578,203.76127958770286,198.3806576555385,202.59156799316406,5190600,0.0,0.0,0.021226320036895396
2010-12-08,202.82553100585938,203.7612960736419,200.2522038417066,202.82553100585938,4201500,0.0,0.0,0.0011548506930121327
2010-12-09,201.88980102539062,203.7613314862171,201.4219291190855,201.88980102539062,2730900,0.0,0.0,-0.0046134723564053015
2010-12-10,198.61467565899076,202.82558751041813,198.38072897242083,201.18800354003906,4854600,0.0,0.0,-0.0034761413493260562
2010-12-13,201.18795693838678,204.46312412051,200.95403172380674,203.52735900878906,3487200,0.0,0.0,0.011627708549155402
2010-12-14,203.5273476169534,205.63280293712876,201.65583891606386,204.9309844970703,3295200,0.0,0.0,0.006896495366112587
2010-12-15,205.16497711425623,208.9079953552184,204.69708377078305,208.2061767578125,3527400,0.0,0.0,0.015981928105113008
2010-12-16,210.31159322796157,210.31159322796157,206.80250089702895,207.73826599121094,3066000,0.0,0.0,-0.002247343349212172
2010-12-17,207.7382763913756,208.20614825299006,205.16494902579444,206.10069274902344,2786700,0.0,0.0,-0.007882867580384922
2010-12-20,206.10067293720354,208.90794667263785,204.93098268670553,207.03643798828125,1722000,0.0,0.0,0.004540233352817058
2010-12-21,209.60981254904019,209.84375921921023,206.80253817821463,207.2704315185547,2536500,0.0,0.0,0.0011302045791894422
2010-12-22,207.50435093551326,207.9722442626953,206.8025323625433,207.9722442626953,1931700,0.0,0.0,0.003385976180967143
2010-12-24,208.20616950848319,210.31162522739302,207.27042568972536,207.9722442626953,2422800,0.0,0.0,0.0
2010-12-27,207.5043436511291,207.5043436511291,204.4631442202219,205.1649627685547,1636200,0.0,0.0,-0.013498346878416445
2010-12-28,205.3988880061307,205.3988880061307,204.4631442202219,205.1649627685547,963300,0.0,0.0,0.0
2010-12-29,204.6970625864898,206.10069963603786,204.229190709241,205.63282775878906,1185300,0.0,0.0,0.0022804331885954987
2010-12-30,204.697103699914,205.16499708894088,203.29346636844534,203.9952850341797,1096500,0.0,0.0,-0.007963430462232579
2011-01-04,205.86674773778327,207.73825642213984,204.4631108700661,207.03643798828125,1606800,0.0,0.0,0.014907957081419898
2011-01-05,207.73825642213984,208.67402147321758,206.10067293720354,207.03643798828125,1501200,0.0,0.0,0.0
2011-01-06,207.97219619756135,208.20612138928604,206.80248456774524,207.50430297851562,1384500,0.0,0.0,0.002259819550512354
2011-01-07,207.97225150387976,209.14194202695498,207.2704329064739,208.2061767578125,1167000,0.0,0.0,0.003382454094793097
2011-01-11,209.60975875727357,212.18310721533913,208.2061219320735,210.07765197753906,2495700,0.0,0.0,0.00898856724074748
2011-01-12,210.31162522739302,211.01344380036298,207.03647902613432,207.9722442626953,2030400,0.0,0.0,-0.010022045158182058
2011-01-13,209.37586546732675,211.24737438015396,208.2061536562334,211.013427734375,1476900,0.0,0.0,0.01462302569490137
2011-01-14,209.14188640957929,210.5455232311201,206.10066615697482,207.50430297851562,2717100,0.0,0.0,-0.016629864713048836
2011-01-17,208.6740264892578,210.54553521860115,207.73826141568645,208.6740264892578,1092600,0.0,0.0,0.005637104840487517
2011-01-18,208.6740559087549,209.14192780260285,207.27041880940854,208.4401092529297,918000,0.0,0.0,-0.0011209695823843902
2011-01-19,207.97223060773638,213.11888552639687,207.97223060773638,211.4813232421875,2128800,0.0,0.0,0.014590349238243094
2011-01-20,210.54550053938718,211.0133722902094,208.4400455339933,210.31155395507812,1159200,0.0,0.0,-0.00553131250162342
2011-01-21,210.5455232311201,210.77946984064295,205.6327943557273,207.50430297851562,1557600,0.0,0.0,-0.013348058743183122
2011-01-24,207.73829759910427,207.9722442626953,205.16496997081552,207.9722442626953,1219500,0.0,0.0,0.002255091954541877
2011-01-25,209.84368780148668,210.3115595647886,208.20610450323522,209.6097412109375,1131600,0.0,0.0,0.007873632147633147
2011-01-26,207.97218048346406,210.77945391443188,205.86672541023822,209.84368896484375,1715400,0.0,0.0,0.0011161110764925652
2011-01-27,209.84371873062898,213.58675764212524,209.1419002733359,212.18312072753906,2209200,0.0,0.0,0.011148449468438626
2011-01-28,211.71519744622344,211.71519744622344,209.37581719894797,209.84368896484375,1801500,0.0,0.0,-0.011025531883374184
2011-01-31,207.738227198862,211.0133722902094,204.69700727402778,210.31155395507812,2104800,0.0,0.0,0.0022295880926528344
2011-02-01,207.738227198862,212.41700896047197,206.10064394429037,210.31155395507812,2144400,0.0,0.0,0.0
2011-02-02,210.54563717531855,214.05473112824052,210.54563717531855,212.88504028320312,1502400,0.0,0.0,0.012236542784875626
2011-02-03,211.01337078603208,214.52246243667452,211.01337078603208,212.41700744628906,1391100,0.0,0.0,-0.0021985238431569964
2011-02-04,219.43522327964473,231.13221146110436,216.3940243434163,226.219482421875,6001500,0.0,0.0,0.06497820085840345
2011-02-07,226.68743664793158,228.09107402655656,224.58198057999414,225.5177459716797,3458100,0.0,0.0,-0.00310201598325055
2011-02-08,226.21951980681345,226.92133835697132,222.71042705602423,223.1782989501953,2623200,0.0,0.0,-0.010373671532608153
2011-02-09,225.75159261475304,226.21948585650662,223.88008390113637,225.04977416992188,1475700,0.0,0.0,0.008385560910401102
2011-02-10,220.3709896734893,222.4764449888411,219.9031178537886,221.54067993164062,2232600,0.0,0.0,-0.015592525036846938
2011-02-14,223.1782238329112,225.04973219748604,222.24245894172614,223.41217041015625,1772100,0.0,0.0,0.008447615485756899
2011-02-15,222.47647415188723,223.64616456336594,220.60496520996094,220.60496520996094,1583100,0.0,0.0,-0.012565140005764475
2011-02-16,222.00857108579174,222.00857108579174,217.3297672614947,218.03158569335938,2640600,0.0,0.0,-0.011665102433901953
2011-02-17,219.201266339246,222.94428316765215,219.201266339246,220.37095642089844,2779500,0.0,0.0,0.010729503801477414
2011-02-18,220.6049545879324,221.540698304939,218.49949909796635,219.669189453125,1867200,0.0,0.0,-0.003184480292553138
2011-02-21,217.56373506704338,221.54069942900196,217.56373506704338,219.90313720703125,1335300,0.0,0.0,0.0010650003056353885
2011-02-22,218.26554377135386,220.60494580634779,215.92614173635997,216.62796020507812,1657200,0.0,0.0,-0.014893725681001335
2011-02-23,214.9903762085165,218.2655215904361,214.05461120605472,214.0546112060547,2160900,0.0,0.0,-0.011879117527521799
2011-02-24,214.0546558824086,215.45829297016212,213.11889068463887,213.82070922851562,1519500,0.0,0.0,-0.001092721040771738
2011-02-25,216.16005231810252,218.26550737314898,213.58672550120008,217.32974243164062,1809900,0.0,0.0,0.016411100757199426
2011-02-28,224.3479955515922,226.45345125984844,221.07284936690573,225.7516326904297,4926900,0.0,0.0,0.03875166907464633
2011-03-01,225.51764813550898,227.1552100882779,222.4764279952565,223.6461181640625,3330300,0.0,0.0,-0.009326685708866855
2011-03-02,221.54073746112292,222.24255608182108,219.43528159902837,220.13710021972656,2240700,0.0,0.0,-0.015690046279997483
2011-03-03,219.66912564364347,224.1139819705859,218.96730735085228,223.88003540039062,2558400,0.0,0.0,0.017002745911198547
2011-03-04,228.32502072892962,228.79289271586904,225.28379926930663,225.5177459716797,2336400,0.0,0.0,0.007315125568745584
2011-03-07,224.581864575695,225.5176294840256,221.77459126849882,224.81581115722656,2225700,0.0,0.0,-0.0031125480233439307
2011-03-08,224.3479955515922,227.6231631540817,223.64617698217344,225.7516326904297,1749000,0.0,0.0,0.0041626144014783595
2011-03-09,227.6230966695764,230.66429530357763,227.15520348142485,229.0267333984375,3232500,0.0,0.0,0.014507539409466474
2011-03-10,231.13228685950372,231.3662121353392,227.38924685027177,228.32501220703125,2867700,0.0,0.0,-0.003063926996616062
2011-03-11,231.3661366606303,231.3661366606303,224.5818989361989,226.219482421875,5346300,0.0,0.0,-0.00922163439214918
2011-03-14,210.5455197681581,219.43521235243662,210.31157316248309,211.7152099609375,3875700,0.0,0.0,-0.06411592982910552
2011-03-15,205.86673289504023,209.6097499938864,185.04610657984512,193.70187377929688,5051400,0.0,0.0,-0.08508286289380995
2011-03-16,197.2109734264825,209.14188640957929,196.74310162523494,207.50430297851562,4663500,0.0,0.0,0.07125604378481731
2011-03-17,203.99524455779894,214.2885972247175,199.5504081686221,208.90797424316406,4030500,0.0,0.0,0.0067645405155467575
2011-03-18,210.07773757585088,216.3941058629196,208.90802546637423,210.77955627441406,1981200,0.0,0.0,0.008958882675639268
2011-03-22,217.0958399588426,217.56371176961858,211.4812925583363,214.52249145507812,2587800,0.0,0.0,0.01775758164985941
2011-03-23,215.2244219732779,215.2244219732779,211.48140270203433,212.88504028320312,1415700,0.0,0.0,-0.007633004636336205
2011-03-24,214.0547030617733,216.86197785602604,210.54560956895733,210.77955627441406,2899800,0.0,0.0,-0.009890239379846122
2011-03-25,214.28854570314164,214.52247087719124,208.67399884120601,209.84368896484375,1916100,0.0,0.0,-0.004440028843935462
2011-03-28,208.6740781882456,212.41709657426478,207.73831288283847,211.24740600585938,1542300,0.0,0.0,0.006689345998157625
2011-03-29,211.9586928505446,215.04087347193502,210.2990537919095,213.6183319091797,1796100,4.0,0.0,0.011223455701295348
2011-03-30,213.8554085103648,216.46341585615454,211.01032537405723,216.226318359375,1977300,0.0,0.0,0.012208626604687245
2011-03-31,216.22624567484004,216.22624567484004,211.95862240494188,215.04080200195312,2654400,0.0,0.0,-0.005482756985444759
2011-04-01,217.41170718510799,217.41170718510799,211.72154235839844,211.72154235839844,2213100,0.0,0.0,-0.015435487650034663
2011-04-04,210.5360881458534,213.38117041809465,207.21683273032363,208.87644958496094,2115000,0.0,0.0,-0.013437899335823733
2011-04-05,209.11351797772824,209.11351797772824,202.94918114577493,205.08299255371094,2104800,0.0,0.0,-0.018161248138732877
2011-04-06,206.03137696114013,206.26847439701518,202.23794822467613,203.18629455566406,1627200,0.0,0.0,-0.009248441201432755
2011-04-07,206.03136672785584,206.03136672785584,202.7121113217485,204.3717498779297,1848300,0.0,0.0,0.005834327186575283
2011-04-08,203.6605046377065,208.40230176555355,203.18630973054138,207.21685791015625,2486400,0.0,0.0,0.013921239280506814
2011-04-11,205.0830511202995,206.0313975460381,203.42341231586948,204.60885620117188,1453800,0.0,0.0,-0.012585856842376897
2011-04-12,202.0008582392972,204.13467012210668,199.6299489118677,200.81541442871094,1467300,0.0,0.0,-0.018539968615685076
2011-04-13,200.57826167080313,203.42334339663014,200.1040886185823,202.4749755859375,1335300,0.0,0.0,0.00826411240366065
2011-04-14,204.6088255957734,205.79429101001213,202.7121113217485,204.3717498779297,3173100,0.0,0.0,0.009367944292884456
2011-04-15,204.371774067559,206.9797592163086,202.2379621168754,204.845947265625,1488600,0.0,0.0,0.002320268765025224
2011-04-18,205.79426302302292,206.7426091779375,203.89752730068952,205.08299255371094,1425900,0.0,0.0,0.0011571880784078115
2011-04-19,202.71214545189918,204.13468682349145,201.76377730208478,203.4234161376953,1224900,0.0,0.0,-0.008092218644512816
2011-04-20,203.6605034173311,205.55721791585287,202.94923276710324,204.845947265625,769800,0.0,0.0,0.006992956636648007
2011-04-21,205.08302044397092,205.3200961618146,202.7121113217485,204.3717498779297,1235100,0.0,0.0,-0.002314897580474984
2011-04-22,207.69104394793882,208.16521717815368,204.60886368589448,206.74267578125,2773500,0.0,0.0,0.011601045177410452
2011-04-25,208.63936220250915,211.48444431569675,207.21682114591533,207.6909942626953,1837500,0.0,0.0,0.004586950796983569
2011-04-26,205.79424153213392,206.50551192716864,204.13460337496957,205.55714416503906,1274400,0.0,0.0,-0.010274158035746495
2011-04-27,204.8459121495077,209.1135353192891,204.8459121495077,207.6909942626953,3738300,0.0,0.0,0.010380812140214468
2011-04-28,210.06189503426117,211.48443603515625,208.4022566311325,211.48443603515625,2372700,0.0,0.0,0.018264835150545
2011-05-02,213.85537333023237,215.7521095799239,212.19575624457494,214.80374145507812,1492500,0.0,0.0,0.0156952704518174
2011-05-06,212.432866942211,216.226318359375,211.72159615813413,216.226318359375,1746000,0.0,0.0,0.006622682150042358
2011-05-09,215.98916332729706,215.98916332729706,210.5360960040522,211.01026916503906,2072400,0.0,0.0,-0.02412310043436383
2011-05-10,211.24734397676312,214.32952345875555,210.77317086655415,212.906982421875,2080800,0.0,0.0,0.008988724882164068
2011-05-11,215.04081465421453,220.4938819178393,212.90700289371932,214.3295440673828,4001700,0.0,0.0,0.006681611045940228
2011-05-12,213.61826404032092,213.61826404032092,209.35064070792552,209.82481384277344,3165900,0.0,0.0,-0.021017775427139118
2011-05-13,209.35064443450457,212.66989985003434,206.74263788078,208.87644958496094,4307700,0.0,0.0,-0.004519790774236698
2011-05-16,208.1651278149857,208.87639820809642,203.89750545632143,207.453857421875,3975600,0.0,0.0,-0.006810687207258859
2011-05-17,207.45393365748103,209.58774562095087,204.84594849310383,207.21685791015625,3751500,0.0,0.0,-0.0011424203659746723
2011-05-18,207.4539084488403,209.58772015302125,205.5571941694312,208.87644958496094,2583600,0.0,0.0,0.008008960716527458
2011-05-19,209.35062279088461,211.2473368742028,207.92808180183275,209.113525390625,2842500,0.0,0.0,0.001135004956926089
2011-05-20,209.11355223073352,211.7215371433173,209.11355223073352,210.2989959716797,1642500,0.0,0.0,0.005669028719401226
2011-05-23,211.48446662812302,211.72154235839844,210.06192542144564,211.72154235839844,1819200,0.0,0.0,0.006764399326520509
2011-05-24,208.63938421476826,211.95863979493006,208.63938421476826,211.72154235839844,1486200,0.0,0.0,0.0
2011-05-25,212.66987609863278,213.1440491889647,211.7215082117163,212.6698760986328,1701900,0.0,0.0,0.004479155638442478
2011-05-26,214.5665768455717,216.9374855625467,213.61823072378277,215.27784729003906,2049600,0.0,0.0,0.012263002354864438
2011-05-27,215.75214507207767,217.41176243074926,214.09250600714432,216.226318359375,1901700,0.0,0.0,0.0044057996736566185
2011-05-30,217.41173814496523,217.41173814496523,214.09248209213484,215.7521209716797,2338200,0.0,0.0,-0.002193060453016593
2011-05-31,216.22623306665665,221.91639709472656,213.61824845587566,221.91639709472656,4470300,0.0,0.0,0.02857110324239187
2011-06-01,221.67927336354148,227.6065340909091,221.67927336354148,226.895263671875,3890700,0.0,0.0,0.0224357760054259
2011-06-02,224.52441029279998,225.4727783203125,223.33896653810132,225.4727783203125,1923900,0.0,0.0,-0.006269347929711011
2011-06-03,225.47272979156878,227.1323680559459,224.76145935058594,224.76145935058594,2409300,0.0,0.0,-0.0031547886845836315
2011-06-06,223.81310591932856,227.36945835293153,223.10183543260797,226.65818786621094,2548200,0.0,0.0,0.00843885122078003
2011-06-07,225.2357127310207,225.70990766494728,222.86482488642383,223.5760955810547,2330700,0.0,0.0,-0.013597974616189501
2011-06-08,223.5760103404347,224.7614538107708,221.44219907007928,223.3389129638672,2520600,0.0,0.0,-0.0010608585706405327
2011-06-09,223.57603022792347,226.8952852638687,221.4422187677617,226.65818786621094,1933200,0.0,0.0,0.01486205363093518
2011-06-10,225.23564689276975,226.8952852638687,224.28730071464406,226.65818786621094,3420300,0.0,0.0,0.0
2011-06-13,224.99864196777344,226.65825915460132,223.10190560245664,224.99864196777344,1629900,0.0,0.0,-0.0073217999052258564
2011-06-14,224.99869006404424,227.13250265146004,224.2874192015723,225.94703674316406,1584600,0.0,0.0,0.004215113331779374
2011-06-15,226.42113476167845,226.89530789804292,223.81312824603683,224.52439880371094,1238700,0.0,0.0,-0.006296333689342681
2011-06-16,223.81312924621108,225.7098652126547,222.3905881245058,222.627685546875,1822200,0.0,0.0,-0.008447693288309965
2011-06-17,224.05022510245973,224.05022510245973,220.01969918788666,220.25677490234375,1150200,0.0,0.0,-0.010649666678729575
2011-06-20,220.96804341315956,224.99859099668458,220.96804341315956,223.81312561035156,1113600,0.0,0.0,0.016146385097959515
2011-06-21,222.8647918701172,223.81313818495957,220.96805582792086,222.8647918701172,1535100,0.0,0.0,-0.004237167671235609
2011-06-22,222.86481097348346,226.42116422462277,222.15354032325558,226.18406677246094,2373600,0.0,0.0,0.014893671066169123
2011-06-23,226.18412840327574,229.740482623453,225.9470308865094,228.55503845214844,2134800,0.0,0.0,0.010482487619575265
2011-06-24,229.50328516377834,230.45165311158974,224.52439142371313,226.42112731933594,2440800,0.0,0.0,-0.009336530698531353
2011-06-27,225.23564589917544,226.42111117598202,222.15348827448446,222.39056396484375,1693200,0.0,0.0,-0.01780118049146373
2011-06-28,224.05021033417424,226.65819496508018,223.33893982517685,224.2873077392578,1580100,0.0,0.0,0.008528886030946481
2011-06-29,226.89535158724573,226.89535158724573,223.1019006471281,223.5760955810547,2210700,0.0,0.0,-0.003170987094062161
2011-06-30,224.99863291767377,229.02915954589844,222.39062594682966,229.02915954589844,3406500,0.0,0.0,0.02439019229972561
2011-07-01,229.02915954589844,230.45170090953755,226.89534750043975,229.02915954589844,1716600,0.0,0.0,0.0
2011-07-04,231.1629448314836,233.7709297941637,230.4516742320021,232.11131286621094,1919400,0.0,0.0,0.013457471207699356
2011-07-05,230.6887638615474,231.87420758515324,229.50329843168618,229.9774932861328,1576800,0.0,0.0,-0.009193087375745757
2011-07-06,229.97746376524466,234.24508666992185,228.08072800344198,234.24508666992188,2346000,0.0,0.0,0.018556569700842074
2011-07-07,233.0596569306181,235.66766357421875,232.8225812039314,235.66766357421875,1325400,0.0,0.0,0.006073027718619617
2011-07-08,235.9047106857721,236.37890549413763,232.34835815429688,232.34835815429688,1461600,0.0,0.0,-0.014084687604485557
2011-07-11,229.50331250292626,232.11131924351798,229.50331250292626,231.8742218017578,1584600,0.0,0.0,-0.0020406270838556617
2011-07-12,229.50331882148637,232.11132563388028,229.50331882148637,231.6371307373047,2173800,0.0,0.0,-0.001022498588289955
2011-07-13,229.97751371806197,231.8742281855925,229.74041626977416,231.6371307373047,1718100,0.0,0.0,0.0
2011-07-14,229.97751371806197,231.8742281855925,229.26624307945585,231.6371307373047,1719000,0.0,0.0,0.0
2011-07-15,232.34835090811916,235.19343284457065,231.1629073366819,234.24508666992188,2520900,0.0,0.0,0.01125879915847694
2011-07-19,234.48212899870393,235.19339938161835,231.8741448301009,233.53378295898438,2380500,0.0,0.0,-0.003036578999583539
2011-07-20,234.71926707736478,235.19344017947705,231.16291454588955,232.34835815429688,2122200,0.0,0.0,-0.005076031354725674
2011-07-21,232.58553497110586,233.05970823511706,228.3179104762232,228.79208374023438,1786200,0.0,0.0,-0.015305786717463521
2011-07-22,229.9774962879691,234.95639038085935,229.50330142733293,234.95639038085938,2473200,0.0,0.0,0.026942831849129156
2011-07-25,235.19344017947705,235.19344017947705,231.87418505218457,232.34835815429688,1251000,0.0,0.0,-0.011100069346208996
2011-07-26,231.6371307373047,233.05967201451693,230.68878435666807,231.6371307373047,1645200,0.0,0.0,-0.0030610391338331544
2011-07-27,229.97749074764997,230.2145664660011,226.8953110527893,229.5032958984375,1131600,0.0,0.0,-0.009211972329631113
2011-07-28,227.13237273284787,228.79198932514703,226.42110227721918,227.84364318847656,996300,0.0,0.0,-0.007231498368961975
2011-07-29,226.42116671558756,231.1629638671875,226.42116671558756,231.1629638671875,3003000,0.0,0.0,0.014568414691144671
2011-08-01,230.45169320913462,233.05967838657588,229.97752000585197,231.1629638671875,1680900,0.0,0.0,0.0
2011-08-02,230.45168690838028,231.8742281855925,228.31787499256194,231.6371307373047,2377500,0.0,0.0,0.002051223354229137
2011-08-03,236.8530972792634,251.31560595015225,234.00801502966263,237.09019470214844,12509400,0.0,0.0,0.02354140697342677
2011-08-04,230.45164225827756,236.85307676545193,228.55492815823618,235.9047088623047,8198100,0.0,0.0,-0.005000147059363025
2011-08-05,231.16287444718648,233.53378295898438,229.26616066149785,233.53378295898438,4443900,0.0,0.0,-0.010050354292436725
2011-08-08,231.40005243527486,232.34839880541986,229.0291430973983,230.9258575439453,3476100,0.0,0.0,-0.011167229777188536
2011-08-09,225.23571773374346,225.23571773374346,219.54555205031195,224.99864196777344,3623400,0.0,0.0,-0.025667180103656984
2011-08-10,226.895299513392,229.74038163895176,224.76148791922216,228.31784057617188,3758100,0.0,0.0,0.014752082854232684
2011-08-11,224.76148515624644,234.24509936028235,224.76148515624644,233.77090454101562,4974600,0.0,0.0,0.02388365250425739
2011-08-12,234.7192606177952,236.37889898889412,224.99857120136465,226.65818786621094,5047500,0.0,0.0,-0.030426013403035523
2011-08-15,230.21454116481684,231.87417954215164,229.02909758457923,230.68873596191406,2276400,0.0,0.0,0.01778249501439677
2011-08-16,230.6886803224615,235.66757254736177,229.50321532189167,234.0079345703125,2839500,0.0,0.0,0.01438821273417723
2011-08-17,234.00802991082875,234.48220308049778,230.2145794347076,233.05966186523438,2562000,0.0,0.0,-0.004052310050167152
2011-08-18,233.29675662992804,234.71929782889103,229.7404036325206,232.11131286621094,2997000,0.0,0.0,-0.004069125439527199
2011-08-19,228.08071886951834,230.68872501099136,227.36944841388964,227.84364318847656,3651900,0.0,0.0,-0.018386306229693616
2011-08-22,225.23567036791636,225.94694092876898,222.62768554687497,222.627685546875,3725700,0.0,0.0,-0.022892706456975054
2011-08-23,226.18409822878186,229.7404519745174,224.05028598134052,228.79208374023438,6617400,0.0,0.0,0.02768927044368641
2011-08-24,228.7919659353886,234.48212899870393,224.99853836401132,233.53378295898438,6786600,0.0,0.0,0.020724926934682086
2011-08-25,233.53381791948647,234.24508840887958,229.50327067542372,230.68873596191406,6843000,0.0,0.0,-0.012182592860965125
2011-08-26,230.92577708413182,234.9563237248132,230.6887014273267,233.53378295898438,4538100,0.0,0.0,0.01233283881506897
2011-08-29,233.53382166381624,238.7497908654933,231.87418325987184,235.9047088623047,4357800,0.0,0.0,0.010152389402850126
2011-08-30,237.0902245426987,243.01746550454226,237.0902245426987,241.7644500732422,5897700,0.0,0.0,0.024839441481254054
2011-08-31,241.83201254919666,255.10905698314536,241.83201254919666,251.55270385742188,10488300,0.0,0.0,0.040486737323102595
2011-09-01,251.31560027558595,259.13957628532705,250.60432972924588,252.26394653320312,6201000,0.0,0.0,0.002827410180350931
2011-09-02,249.18179897863786,256.29450473724546,249.18179897863786,255.10903930664062,4183200,0.0,0.0,0.011278237784419387
2011-09-05,252.26396064014313,256.7686815876253,252.26396064014313,253.92359924316406,3401700,0.0,0.0,-0.00464679756820241
2011-09-06,250.60428989353053,251.78973338024272,243.25448818091246,245.8624725341797,6179100,0.0,0.0,-0.03174626829885485
2011-09-07,251.31560702849976,252.738148159404,243.25453338462407,245.6254425048828,6076800,0.0,0.0,-0.0009640756755341373
2011-09-08,248.94471740722656,254.1607091978445,246.09963492257256,248.94471740722656,3478200,0.0,0.0,0.013513563043363375
2011-09-09,247.28505270882243,253.6864876258833,246.81087958001385,252.26394653320312,4845600,0.0,0.0,0.013333197669533003
2011-09-12,245.3883466747907,248.23342895507812,243.4916323900175,248.23342895507812,4746600,0.0,0.0,-0.015977382553136632
2011-09-13,247.5221086468613,247.99628169620846,239.46103657045464,243.25448608398438,7043400,0.0,0.0,-0.020057503504069873
2011-09-14,243.7287095766802,256.05740676757443,243.7287095766802,250.60433959960938,6627000,0.0,0.0,0.030214667914027382
2011-09-15,253.21232294558115,255.10903723035435,247.75925581044862,248.23342895507812,4542900,0.0,0.0,-0.00946077250026578
2011-09-16,250.1301215833852,251.07848949678896,247.52213695434153,248.70758056640625,3560400,0.0,0.0,0.0019101037814448496
2011-09-20,243.4916497068507,247.52217598848566,243.25455226454625,244.67709350585938,4827000,0.0,0.0,-0.016205726626296824
2011-09-21,244.67709350585938,248.23344660914222,243.7287254428984,244.67709350585938,3336300,0.0,0.0,0.0
2011-09-22,244.67712543376908,244.67712543376908,241.83204257988805,242.78041076660156,3805200,0.0,0.0,-0.007751778934763198
2011-09-26,245.62542017736783,246.81086377661205,234.95636266541055,235.9047088623047,5096400,0.0,0.0,-0.028320661797161528
2011-09-27,237.80148342625765,242.3061828613281,237.32728854427165,242.30618286132812,4463400,0.0,0.0,0.02713584663017432
2011-09-28,241.34656404464937,250.7029414921716,240.8667351738031,248.5437774658203,6695400,4.0,0.0,0.02574261428591762
2011-09-29,250.94286011765865,255.5011030808617,250.22313870052946,254.30157470703125,5595000,0.0,0.0,0.02316612912187166
2011-09-30,253.3419386513072,254.06166006793023,248.54380319520516,252.1424102783203,5122200,0.0,0.0,-0.00849056649058666
2011-10-03,247.34425285806375,252.62221723468417,244.94519611209,252.1424102783203,5162700,0.0,0.0,0.0
2011-10-04,249.98325617415378,254.06167037915736,246.8644559208243,253.5818634033203,4648500,0.0,0.0,0.005708889366969672
2011-10-05,253.82176212331058,258.3800053799031,250.22315480604172,255.98092651367188,5105100,0.0,0.0,0.00946070463460491
2011-10-06,256.460652947372,262.45831476920006,254.3014894201186,254.5413818359375,3891300,0.0,0.0,-0.005623640391259732
2011-10-07,253.5818692057942,263.4180552025364,253.3419547303082,262.6983337402344,4977300,0.0,0.0,0.03204568092411142
2011-10-11,265.09731858390484,268.4560102287441,258.1399989396795,258.3799133300781,4216200,0.0,0.0,-0.01643870499165956
2011-10-12,258.13999775468875,260.2991613659198,252.14233569958998,253.82167053222656,2998800,0.0,0.0,-0.017641629874023734
2011-10-13,256.46066740825313,259.3395522735875,253.58178254291875,255.02122497558594,4167600,0.0,0.0,0.004725973321521693
2011-10-14,253.34194433315525,257.42035846410323,251.1827800348613,252.62222290039062,4080900,0.0,0.0,-0.00940706827608162
2011-10-17,255.980925444795,257.18047585497976,254.54148252389803,256.46075439453125,2154300,0.0,0.0,0.015194749892032178
2011-10-18,254.541427094758,256.94050542854643,252.38226318359375,252.38226318359375,1903500,0.0,0.0,-0.015902983755024303
2011-10-19,252.14243572265036,253.3419642166847,251.18279974892886,251.42271423339844,3490500,0.0,0.0,-0.003801966659983891
2011-10-20,249.2635246118282,253.102024191048,246.6245314414407,252.1424102783203,3502500,0.0,0.0,0.0028624941350914312
2011-10-21,253.10194932848287,255.5010273290112,252.38222812473919,253.82167053222656,2042400,0.0,0.0,0.0066599674844571854
2011-10-24,254.06160956538798,255.2611376999318,249.9831963366188,250.94281005859375,2822400,0.0,0.0,-0.011342059437227214
2011-10-25,250.46306349914198,250.70297796947267,247.58417771179552,249.02362060546875,3053700,0.0,0.0,-0.00764791568515899
2011-10-26,247.1042908339606,255.02122418921792,247.1042908339606,252.862060546875,3614100,0.0,0.0,0.015413959254441778
2011-10-27,281.65099036818077,286.20921139652603,265.81711908957044,275.8932189941406,14842500,0.0,0.0,0.09108190606947986
2011-10-28,271.09506761067223,278.7721109240847,269.89553920226945,276.13311767578125,8743200,0.0,0.0,0.0008695345341043215
2011-10-31,274.45377615063063,281.65099036818077,273.4941402669057,275.8932189941406,6384600,0.0,0.0,-0.0008687791006738443
2011-11-01,273.4941402986088,273.4941402986088,266.0570116182266,269.1758117675781,3898200,0.0,0.0,-0.024347851864764958
2011-11-02,269.1757536710021,269.1757536710021,262.2184554162187,263.65789794921875,4598100,0.0,0.0,-0.020499292942130598
2011-11-04,270.8551498957885,282.13077738485316,266.0569927804882,281.6509704589844,9777300,0.0,0.0,0.06824401108299494
2011-11-07,276.13311767578125,278.2922819893994,273.9739533621631,276.13311767578125,3315900,0.0,0.0,-0.019591101618471662
2011-11-08,276.37298583984375,280.6913137435913,273.2541861435311,276.37298583984375,4506300,0.0,0.0,0.0008686685830423535
2011-11-09,277.3326215842826,279.4917855361564,274.45373631511757,276.37298583984375,5016000,0.0,0.0,0.0
2011-11-10,275.1733680584484,280.2114156395106,273.4940115433795,278.2921447753906,4426200,0.0,0.0,0.006944090174786588
2011-11-11,271.0949920045312,277.0926763021513,271.0949920045312,273.973876953125,4350000,0.0,0.0,-0.015517030945127464
2011-11-14,278.0523593077654,282.8504943847656,275.8931952284924,282.8504943847656,5826600,0.0,0.0,0.03239950293932359
2011-11-15,282.85045305222104,284.28989556139265,278.05231867636553,279.0119323730469,3314100,0.0,0.0,-0.013570992760921552
2011-11-16,279.011920785735,281.17108445982274,275.65322905853697,278.05230712890625,3522900,0.0,0.0,-0.0034393699078704154
2011-11-17,283.81015533322005,285.0096837177178,274.9335837883035,277.8124694824219,5518500,0.0,0.0,-0.0008625630513944271
2011-11-18,275.89326029495913,276.8528743581822,271.81482365170825,274.9336242675781,3081000,0.0,0.0,-0.01036254859332697
2011-11-21,274.93351699221097,277.57248758262045,270.8551039044601,275.1734313964844,4532100,0.0,0.0,0.0008722364517803616
2011-11-22,272.77438260494847,273.73401836117836,268.69596907823734,270.8551330566406,3833100,0.0,0.0,-0.015693006108651986
2011-11-24,266.29698124026015,270.3753961540849,264.37773103919426,266.5368957519531,2743500,0.0,0.0,-0.015942977546541393
2011-11-25,266.5367683460299,269.1757388565741,264.3776046653622,265.8170471191406,3002400,0.0,0.0,-0.0027007466669169977
2011-11-28,266.5368957519531,270.85522517747086,265.57725966934055,266.5368957519531,3833100,0.0,0.0,0.0027080604521569906
2011-11-29,269.17584279949745,274.45380782283416,248.06400467030798,256.2208557128906,15394200,0.0,0.0,-0.038703985089790005
2011-11-30,263.41797936480975,267.0165856402853,257.1804024753687,264.857421875,9627900,0.0,0.0,0.0337075065106609
2011-12-01,263.8978615097284,263.8978615097284,254.78139699876616,256.46075439453125,7875000,0.0,0.0,-0.031702594630070746
2011-12-02,258.8598119532383,262.6983337402344,257.9001979796063,262.6983337402344,3189600,0.0,0.0,0.024321769466947085
2011-12-05,264.3776573103822,274.2138420484796,263.65793594017623,272.53448486328125,7023300,0.0,0.0,0.03744276175262384
2011-12-06,269.41566381198555,273.0142700874611,264.3776150263198,264.857421875,4319400,0.0,0.0,-0.028169143409988995
2011-12-07,266.77667546128544,269.41566808121877,260.77901288321874,263.65789794921875,5138700,0.0,0.0,-0.004528942090010091
2011-12-08,269.4156556606959,274.2137898947771,266.53677072741743,269.6555480957031,6510300,0.0,0.0,0.022747849365163164
2011-12-09,265.09733628141487,268.21611374406064,263.1780649583948,264.857421875,4558500,0.0,0.0,-0.017793537921200975
2011-12-12,268.21605033166816,268.69587903105554,262.69819600186884,262.9381103515625,5034600,0.0,0.0,-0.007246583878413371
2011-12-13,262.9381103515625,264.1376381717421,259.5793973124286,262.9381103515625,3902400,0.0,0.0,0.0
2011-12-14,263.89776895793614,263.89776895793614,259.3395492831497,260.77899169921875,3940800,0.0,0.0,-0.008211508972422843
2011-12-15,259.09965996268124,262.9381807649933,258.3799386850072,260.0592956542969,4933500,0.0,0.0,-0.002759793034831426
2011-12-16,259.0996860472624,265.0973712864073,258.8597716091678,261.25885009765625,5577900,0.0,0.0,0.004612618981149508
2011-12-19,261.97860245383396,265.09740266157416,256.9405524066449,258.85980224609375,4970100,0.0,0.0,-0.009182647212394035
2011-12-20,258.1400190106843,260.0592903548045,257.4202977476766,259.3395690917969,3396300,0.0,0.0,0.0018533848884232373
2011-12-21,260.0592956542969,261.73863065943624,258.6198530989486,260.0592956542969,3408300,0.0,0.0,0.002775228496833204
2011-12-22,264.6175009728785,265.3372222103062,259.3395598745078,262.21844482421875,3499500,0.0,0.0,0.00830252640840845
2011-12-26,268.69592078292106,268.69592078292106,261.978515625,261.978515625,2570700,0.0,0.0,-0.0009149974151497764
2011-12-27,261.9785662066212,262.93820197564855,259.09968086369133,260.53912353515625,1615200,0.0,0.0,-0.005494313479904256
2011-12-28,261.4987275223349,263.17806245884077,257.9001212810374,258.6198425292969,2347800,0.0,0.0,-0.007366575045687496
2011-12-29,260.0592903548045,260.53909720875964,257.66021215672913,259.3395690917969,2190600,0.0,0.0,0.002782951824040536
2011-12-30,258.859676227492,262.9381103515625,258.859676227492,262.9381103515625,1230000,0.0,0.0,0.013875789461545107
2012-01-04,264.6175573473915,266.29691458054526,261.01895039360033,261.498779296875,3209100,0.0,0.0,-0.0054740298116656705
2012-01-05,262.6983393696712,265.81713976119886,260.2992604558686,261.01898193359375,3307200,0.0,0.0,-0.0018347977171111474
2012-01-06,263.65798554405256,264.37770704966493,260.05937801599066,262.45843505859375,4172700,0.0,0.0,0.005514744997994869
2012-01-10,264.85745329431364,272.0546666990504,264.3776463887153,266.7767028808594,5645100,0.0,0.0,0.016453149319821225
2012-01-11,267.0166785821912,267.2565930721144,261.2589065372922,262.45843505859375,5030100,0.0,0.0,-0.016186825069931743
2012-01-12,264.37762428487025,266.5367881257699,259.0996609079544,259.5794677734375,2204700,0.0,0.0,-0.010969231316621753
2012-01-13,259.81946352606747,262.9382640384402,259.81946352606747,262.45843505859375,4124700,0.0,0.0,0.011090889852925612
2012-01-16,258.1400502590365,262.93820723601345,253.8217221582488,261.25885009765625,3449100,0.0,0.0,-0.00457057118651838
2012-01-17,261.2588863375268,264.3776866087631,259.8194434375955,263.8978576660156,4100700,0.0,0.0,0.01010112219116377
2012-01-18,262.21849708414777,269.17579644448347,259.099697112337,264.6175537109375,4458900,0.0,0.0,0.0027271765344631937
2012-01-19,263.8977728010103,264.6174940195259,254.54139696030728,257.1803894042969,4745700,0.0,0.0,-0.028105332402720395
2012-01-20,256.940459743157,257.18037412312316,252.6221326886502,254.5413818359375,4885800,0.0,0.0,-0.010261309481924608
2012-01-23,252.38222601889265,252.8620547934835,246.6244564369852,249.74325561523438,6312300,0.0,0.0,-0.01885008318134973
2012-01-24,246.86441040437316,250.46301697003457,244.22543957760524,249.26348876953125,5368500,0.0,0.0,-0.0019210402479988842
2012-01-25,251.6625720588017,254.7813720703125,250.4630437301377,254.7813720703125,5790900,0.0,0.0,0.022136749060280847
2012-01-26,254.78133619343268,254.78133619343268,250.22309404372973,251.66253662109375,4059000,0.0,0.0,-0.012241222440540267
2012-01-27,247.8241067871387,252.62224272743273,246.86447081341717,251.42271423339844,6913500,0.0,0.0,-0.000952952278536312
2012-01-30,251.90240478515622,254.0615682547433,250.70287684565673,251.90240478515625,3073800,0.0,0.0,0.0019079045949386142
2012-01-31,253.58181022625774,260.2991943359375,253.34189580657244,260.2991943359375,6500400,0.0,0.0,0.03333350294112014
2012-02-01,258.3799997681346,260.77907858226007,255.50111397684617,257.6602783203125,5092500,0.0,0.0,-0.010138010693261146
2012-02-02,263.6578576631791,264.3775788197081,250.70287684565673,251.90240478515625,5272500,0.0,0.0,-0.02234676440114025
2012-02-03,250.70292287895148,254.5414217758218,250.46300846134062,251.66253662109375,3558600,0.0,0.0,-0.000952226574681081
2012-02-06,254.78131058209192,255.2611174049315,253.34186814942473,255.02122497558594,2849100,0.0,0.0,0.013346000559269156
2012-02-07,255.02131147363428,260.05936169677375,253.82176106344951,256.46075439453125,6243000,0.0,0.0,0.005644743566278088
2012-02-08,262.9381807649933,268.45603657244476,257.66021740733305,260.0592956542969,7609800,0.0,0.0,0.014031547510110487
2012-02-09,261.2588710280399,263.41803525141216,258.61989985419194,261.7386779785156,5599200,0.0,0.0,0.006457690043316866
2012-02-10,266.2968686050021,268.21611799428547,260.77901288321874,263.65789794921875,5615700,0.0,0.0,0.00733258066987208
2012-02-13,272.2945459609842,275.413323390742,263.89778343065313,270.3752746582031,9195300,0.0,0.0,0.02547762369810802
2012-02-14,272.7743243328936,278.0522869184129,270.85507519458986,277.0926513671875,6692700,0.0,0.0,0.024844641276744683
2012-02-15,274.93355279219776,276.13308104146023,271.0950316447446,273.4941101074219,6783300,0.0,0.0,-0.012986779844251561
2012-02-16,273.73399916104205,275.65324857473075,269.41567150712984,271.8147277832031,4493400,0.0,0.0,-0.006140469802289772
2012-02-17,273.4941402986088,274.453776182445,268.9358973055804,269.1758117675781,3616200,0.0,0.0,-0.009708510047070629
2012-02-20,271.0949933172409,271.0949933172409,263.41797407186647,264.1376953125,4708800,0.0,0.0,-0.018716824598743353
2012-02-21,264.13776181470905,273.9739472584495,263.8978473527113,269.1758117675781,4796100,0.0,0.0,0.01907382605545016
2012-02-22,268.21608598074084,272.2945206468833,267.9761935633071,271.094970703125,2832900,0.0,0.0,0.007129759999401353
2012-02-23,271.81473833678035,276.8527874619537,269.41568196756043,275.65325927734375,4616400,0.0,0.0,0.016814360526114402
2012-02-24,276.8528183451908,278.29226111295463,272.29459755670774,273.25421142578125,3974100,0.0,0.0,-0.008703136171333004
2012-02-27,273.4941206782736,274.4537564932659,271.33495656765564,272.53448486328125,3786600,0.0,0.0,-0.002633908398866458
2012-02-28,272.7744034769818,273.7340393066406,270.8551537818176,273.7340393066406,3828600,0.0,0.0,0.004401477647722807
2012-02-29,272.53447865681073,273.97392136444205,269.415700766378,272.2945861816406,4431000,0.0,0.0,-0.005258582851610627
2012-03-01,273.7340393066406,273.97393179094024,270.8551537818176,273.7340393066406,5268900,0.0,0.0,0.005286381727912071
2012-03-02,276.6129264122139,280.451425824478,276.1330975125657,277.5725402832031,5182800,0.0,0.0,0.014022738955978165
2012-03-05,275.4133596990723,277.8124381617496,273.25419567190846,273.4941101074219,3069900,0.0,0.0,-0.014693204780343527
2012-03-06,275.4132946435797,278.0522869184129,274.4536810565014,277.0926513671875,3583200,0.0,0.0,0.013157655418437386
2012-03-07,269.8955830688588,274.69371944647446,268.93594700767215,274.4538269042969,4187100,0.0,0.0,-0.009523256751380993
2012-03-08,276.3730259539258,279.4918261029157,273.97394722669077,275.8932189941406,2951700,0.0,0.0,0.00524456920888805
2012-03-09,278.29225608544357,282.37069182986414,276.6129208628263,281.6509704589844,4926900,0.0,0.0,0.020869492500886766
2012-03-12,281.6509346583021,284.0499909468548,279.0119419910837,280.93121337890625,4090200,0.0,0.0,-0.002555492988024155
2012-03-13,276.13311767578125,279.9716393324875,275.8932251725938,276.13311767578125,3095100,0.0,0.0,-0.017079254545679712
2012-03-14,279.9716588105516,282.1308232743862,278.0524088307509,279.4918518066406,2841600,0.0,0.0,0.012163459997590609
2012-03-15,279.49179598977395,282.3706813666157,277.8124388652321,280.2115173339844,3408900,0.0,0.0,0.002574907006024807
2012-03-16,279.0119272948362,281.89081226078173,278.77203485710686,280.6912841796875,2328600,0.0,0.0,0.0017121596223730329
2012-03-19,282.850489168751,283.57021051523634,281.4110464757802,282.1307678222656,1718400,0.0,0.0,0.00512835176476889
2012-03-21,278.29225193518613,280.9312448984911,276.1330878547472,280.451416015625,3503400,0.0,0.0,-0.0059523880348227864
2012-03-22,280.45142161334866,287.8885498046875,280.21152913128026,287.8885498046875,2912100,0.0,0.0,0.026518439074838307
2012-03-23,287.648551430424,287.648551430424,281.17106094977447,283.09033203125,3697200,0.0,0.0,-0.01666692814525883
2012-03-26,278.05235418023267,284.529846298601,278.05235418023267,282.1307678222656,2992800,0.0,0.0,-0.003389604307922678
2012-03-27,285.9693143776136,285.9693143776136,281.89087840937765,283.8101501464844,3173400,0.0,0.0,0.005952496203025737
2012-03-28,285.02404519898704,288.66574925933526,283.5673635748477,287.9374084472656,3213000,4.666667,0.0,0.014542320979890944
2012-03-29,287.93742597786786,291.33634256539784,287.6946382833304,290.6080017089844,4851000,0.0,0.0,0.009274909002342735
2012-03-30,290.85076714851823,291.57910794920133,286.9662754691426,289.879638671875,4278600,0.0,0.0,-0.002506341989298555
2012-04-02,292.30743213237264,292.5501975673344,290.36517528950236,291.3363037109375,2581200,0.0,0.0,0.005025068493035301
2012-04-03,292.06470962051804,299.34811883798733,291.5791564150871,297.4058837890625,4835400,0.0,0.0,0.020833586479998667
2012-04-04,296.4346250779558,296.4346250779558,291.57902847263864,294.2496032714844,2836200,0.0,0.0,-0.010612703680794477
2012-04-05,294.2496032714844,296.19183746817305,292.79292206717014,294.2496032714844,3731700,0.0,0.0,0.0
2012-04-06,290.3652084704319,291.8218901554461,287.69463279030543,288.4229736328125,2160000,0.0,0.0,-0.01980165673595158
2012-04-09,285.5096065747708,288.6657575939322,285.2668188880051,287.2090759277344,2446800,0.0,0.0,-0.004208741383491588
2012-04-10,288.665739053193,290.85076141214773,286.4807166942383,287.6946105957031,2937900,0.0,0.0,0.001690526897175415
2012-04-11,285.26682257288223,289.3941021652215,284.0529285777699,288.4229736328125,4209000,0.0,0.0,0.0025317229113233086
2012-04-12,286.9662799554402,289.3940900714049,286.4807268231263,287.9374084472656,3660900,0.0,0.0,-0.0016835177150799074
2012-04-13,285.26676017696735,288.4229105465582,283.3245257641696,287.4517822265625,4189500,0.0,0.0,-0.001686568700197455
2012-04-16,284.295654296875,285.99510107414693,283.81007902291697,284.295654296875,2377800,0.0,0.0,-0.010979677722783854
2012-04-17,285.26680878340625,288.42295969077173,283.08178636150643,286.9662780761719,3567600,0.0,0.0,0.009393825543700052
2012-04-18,288.90851281990587,289.1513004980717,285.509596461572,286.9662780761719,2763000,0.0,0.0,0.0
2012-04-19,285.26680311949355,286.48071925902303,284.2956968805064,284.78125,2487600,0.0,0.0,-0.007614232901581142
2012-04-20,287.209120111661,288.90856749886734,285.7524382213689,288.6658020019531,2765400,0.0,0.0,0.013640476688521863
2012-04-23,285.99514199275717,289.1512928162742,283.32456651267165,283.81011962890625,1821000,0.0,0.0,-0.016821120961928226
2012-04-24,280.65397130539407,282.35341820635927,279.1972898318837,280.16839599609375,2222100,0.0,0.0,-0.012831549620479388
2012-04-25,282.5961281242667,283.81002160920826,281.1394470514612,281.625,3022800,0.0,0.0,0.005199030385734771
2012-04-26,284.5384258625203,285.26676656202096,281.1395100072487,282.59619140625,3821700,0.0,0.0,0.003448526964047849
2012-04-27,281.382328634071,281.62509407584065,277.4978370665929,278.71173095703125,3651900,0.0,0.0,-0.013745622083188636
2012-05-01,275.7982971268711,277.25497831280035,272.156594162048,275.312744140625,2271600,0.0,0.0,-0.01219534895332508
2012-05-02,277.0122457084363,277.4977987521314,274.827223671018,276.2839050292969,1430400,0.0,0.0,0.0035274825061342163
2012-05-07,254.43368855092928,260.7459671243918,247.3930470599812,250.0636444091797,11816400,0.0,0.0,-0.09490332278797353
2012-05-08,257.34711528541067,257.8326684572429,248.12144943020118,256.6187744140625,9955200,0.0,0.0,0.026213846560424692
2012-05-09,246.9075039936319,250.54920759235804,240.35243751592486,249.5780792236328,9757200,0.0,0.0,-0.027436399408054646
2012-05-10,254.91925427051618,262.9310022618753,246.6647186279297,246.6647186279297,6261900,0.0,0.0,-0.011673142948955162
2012-05-11,246.4219245859221,246.90747760479266,236.22515559929352,236.71070861816406,6044100,0.0,0.0,-0.040354413331321615
2012-05-14,234.28301323984434,234.7685887225372,224.8145802809764,226.99960327148438,10291200,0.0,0.0,-0.04102520499967999
2012-05-15,230.64127777270662,232.82630047442868,226.0284668872047,231.85519409179688,7075800,0.0,0.0,0.021390305314786584
2012-05-16,230.8839864222607,234.04013665308037,228.94175209486008,232.34066772460938,8408400,0.0,0.0,0.002093865676437101
2012-05-17,235.98245062654513,239.8669428195879,229.9129357425158,235.01132202148438,6966000,0.0,0.0,0.011494562372698747
2012-05-18,235.01135423668035,235.01135423668035,226.2712622746484,226.99960327148438,3518100,0.0,0.0,-0.03409077775949698
2012-05-21,227.72779800664233,231.12673529365946,224.5716705322266,224.57167053222656,3308400,0.0,0.0,-0.01069575763246633
2012-05-22,224.5717474595407,228.94179213079317,223.60061901241903,226.2711944580078,2058900,0.0,0.0,0.007567846477489537
2012-05-23,228.2134487421528,229.42734261677396,222.38672258045693,223.60061645507812,4074300,0.0,0.0,-0.011802554051683734
2012-05-24,221.65834157054542,227.97061969072394,221.41555394881811,227.24227905273438,4963200,0.0,0.0,0.016286460455210205
2012-05-25,228.69900446221362,230.39847368787733,224.81451290092363,226.2711944580078,4166700,0.0,0.0,-0.00427334472605434
2012-05-28,226.27111694854614,228.21337317746708,221.65830841603417,224.57167053222656,3607500,0.0,0.0,-0.00751100434967944
2012-05-29,226.27115079301757,228.2134073124512,224.57170412250355,227.24227905273438,3162600,0.0,0.0,0.011892009861166342
2012-05-30,229.4272988128729,229.4272988128729,221.9011048819051,223.11502075195312,4400400,0.0,0.0,-0.018162369775491793
2012-05-31,222.6295034504575,233.06906262283806,221.41560949169616,231.6123809814453,9793800,0.0,0.0,0.03808511054457009
2012-06-01,228.45617270698617,229.427300966703,223.35778824105944,227.24227905273438,5793600,0.0,0.0,-0.018868170648705607
2012-06-04,219.95888260339163,222.3866922486966,217.28830755259148,219.71609497070312,3231300,0.0,0.0,-0.033119647071858105
2012-06-05,219.9589376070122,224.8145358846349,218.74504359440624,223.8434295654297,2944200,0.0,0.0,0.018784853222868714
2012-06-06,223.35784912109375,225.54287163062793,220.44448577504818,223.35784912109375,4110900,0.0,0.0,-0.0021692861178844725
2012-06-07,225.54289294030315,230.3985137939453,223.35787022432433,230.3985137939453,3252600,0.0,0.0,0.031521903978554366
2012-06-08,230.8839477082471,231.36950065188282,223.35775483235375,224.57167053222656,3520800,0.0,0.0,-0.02529028145958412
2012-06-11,225.0573362881874,231.61240433541616,225.0573362881874,228.4562530517578,2907900,0.0,0.0,0.01729774067372314
2012-06-12,225.30005874421653,234.04014694256293,223.84337737782545,232.58346557617188,5858700,0.0,0.0,0.018065657951060965
2012-06-13,231.36957544995911,234.04017307128956,226.99953086290512,228.94178771972656,4993500,0.0,0.0,-0.01565750964895074
2012-06-14,229.18457724974357,230.8840466213221,227.24234241593848,229.9129180908203,4004100,0.0,0.0,0.0042418222586897425
2012-06-15,240.83796592646104,243.50856311020507,239.62407226024533,242.29464721679688,7995000,0.0,0.0,0.05385399493335785
2012-06-18,242.78028779903926,247.15033284605877,238.65300821427738,245.93641662597656,4657800,0.0,0.0,0.015030333732140466
2012-06-19,243.50861670159892,248.12142698472167,242.7802758961377,245.4508514404297,4353000,0.0,0.0,-0.0019743525265936146
2012-06-20,249.82085677001785,253.46256022147583,247.8786223383049,250.0636444091797,4926300,0.0,0.0,0.01879314307397917
2012-06-21,250.54925797943375,258.5610075078459,248.12144768296972,255.64764404296875,5745000,0.0,0.0,0.022330313736657947
2012-06-22,252.24870619881952,254.1909409363543,250.3064492340873,251.0347900390625,5857800,0.0,0.0,-0.018043796261744238
2012-06-25,253.70539159710083,254.91928554778627,251.52036914954837,252.97705078125,3643500,0.0,0.0,0.007737018211241953
2012-06-26,251.5204052668473,269.0005873573494,251.2776175509678,259.28936767578125,6816600,0.0,0.0,0.02495213251572581
2012-06-27,257.3470497688451,263.1737752562364,254.91924007336752,262.4454345703125,4505400,0.0,0.0,0.012171987316030863
2012-06-28,263.4165751235045,264.630491243629,259.28931810579246,263.65936279296875,3834300,0.0,0.0,0.00462544995169667
2012-06-29,261.7170776868333,265.84433390923675,260.50316180062634,263.902099609375,6360000,0.0,0.0,0.0009206455398924618
2012-07-02,263.41653249282274,264.87321381946913,260.26040443655097,263.17376708984375,3404400,0.0,0.0,-0.0027598587529592544
2012-07-03,263.41653441548425,269.2432597645987,263.41653441548425,267.301025390625,3130800,0.0,0.0,0.0156826356457187
2012-07-04,269.00059324058094,269.00059324058094,264.6305476223794,265.6016540527344,2664000,0.0,0.0,-0.0063575189635252105
2012-07-05,263.1737752562364,265.8443503622261,260.5031779230529,262.4454345703125,4723500,0.0,0.0,-0.011883282480594892
2012-07-06,261.2315186089768,262.9309876185305,258.5609435029871,262.4454345703125,3942300,0.0,0.0,0.0
2012-07-09,259.0464840118168,267.5438064210707,258.56093098710244,265.75018310546875,2335800,0.0,0.0,0.01259213573506024
2012-07-10,265.1160720634633,267.5438823302537,262.9310494915117,266.00909423828125,4287600,0.0,0.0,0.0009742651154063253
2012-07-11,264.63044841649014,265.1160014496412,261.95985116617635,263.17376708984375,2243700,0.0,0.0,-0.01065876020726464
2012-07-12,264.63052478260437,264.63052478260437,259.53213866806834,260.74603271484375,3240300,0.0,0.0,-0.009224834229663914
2012-07-13,261.4743081612665,264.87322397806787,259.28928608749544,262.6882019042969,1882800,0.0,0.0,0.007448509069271747
2012-07-17,261.71706089970667,262.6881668737524,257.1042297278209,257.58978271484375,3026700,0.0,0.0,-0.019408634085936627
2012-07-18,264.87325795500675,273.6133473712365,263.41657638563515,267.78662109375,5481900,0.0,0.0,0.039585570015384874
2012-07-19,268.2722241586519,273.37061017832724,267.0583079072631,270.70001220703125,4594500,0.0,0.0,0.010879524531067997
2012-07-20,273.856076979887,275.0699706212657,271.67105508909003,272.88494873046875,3141300,0.0,0.0,0.00807143119656173
2012-07-23,268.02933203124996,275.06995019184797,267.7865444301292,273.1277160644531,3026100,0.0,0.0,0.0008896325543559236
2012-07-24,273.8560728835037,273.8560728835037,268.0293479285355,271.6710510253906,2979000,0.0,0.0,-0.005333274337924632
2012-07-25,271.91394289967315,272.1567083810848,262.6882766988226,264.14495849609375,4056300,0.0,0.0,-0.027702960992312287
2012-07-26,265.3588139202726,266.32992007748084,260.98876953125,260.98876953125,3500700,0.0,0.0,-0.011948700375784105
2012-07-27,265.1160560350193,265.1160560350193,258.07543558234937,263.375244140625,3860100,0.0,0.0,0.009143974331390803
2012-07-30,257.3471382587103,266.5727827102907,253.94819907086372,265.6016540527344,3412800,0.0,0.0,0.008453375788502804
2012-07-31,275.5556280109677,277.0123097057795,267.058303306433,273.37060546875,5700900,0.0,0.0,0.02925038793046486
2012-08-01,270.699989970045,274.8272693222078,267.54386132097613,269.9716491699219,3403200,0.0,0.0,-0.012433510519537783
2012-08-02,267.3010692429698,284.0529073699134,265.8443876667138,272.6422424316406,8423100,0.0,0.0,0.009892124858035922
2012-08-03,274.82726479602456,279.9256503129205,269.0005384910007,272.6422424316406,5162400,0.0,0.0,0.0
2012-08-06,282.59619968406537,284.2956687750792,278.9544960798893,281.3588562011719,2737500,0.0,0.0,0.031970884965548896
2012-08-07,282.59626518002216,282.59626518002216,277.9834321365737,280.2702331542969,2536800,0.0,0.0,-0.003869162185165531
2012-08-08,281.13951424623076,284.0528770881606,278.4689390501932,280.6539611816406,3546600,0.0,0.0,0.0013691358622893723
2012-08-09,281.139535979171,285.5095805798835,279.6828544456001,284.5384521484375,3132000,0.0,0.0,0.013840855658840301
2012-08-10,286.4806213378906,292.79289864251353,285.26670561328626,286.4806213378906,3756000,0.0,0.0,0.0068256826969732565
2012-08-13,289.15122377649465,291.3362456186344,285.99507370656227,286.9102783203125,2170500,0.0,0.0,0.001499776775180539
2012-08-14,290.60801836568237,297.1630864491188,289.15133656936314,296.2225646972656,3861000,0.0,0.0,0.032457137581375584
2012-08-15,296.1919197941227,296.1919197941227,293.03579112566297,294.74066162109375,2522700,0.0,0.0,-0.005002667766671798
2012-08-16,294.97800410460206,302.7469647048761,294.4924510130836,301.290283203125,2888700,0.0,0.0,0.02222164239575175
2012-08-17,299.3480020156635,301.77581154975326,295.22074581218396,295.706298828125,2756700,0.0,0.0,-0.018533569405673078
2012-08-20,293.76411830738346,301.0475260156062,291.5790959949166,300.56195068359375,1823100,0.0,0.0,0.016420522236799018
2012-08-21,301.77585191602066,308.81647161130127,301.53306426197815,306.8742370605469,3370500,0.0,0.0,0.021001615016792874
2012-08-22,306.14589234559537,308.3309145219862,302.5041887182774,304.9319763183594,2526600,0.0,0.0,-0.006329174976667407
2012-08-23,305.90306611902577,310.51589754099575,305.6602784987561,309.5447692871094,2445300,0.0,0.0,0.015127285188136774
2012-08-24,309.5448080098854,310.51593638525594,305.6603167355983,308.81646728515625,1842300,0.0,0.0,-0.0023528163749315656
2012-08-27,315.61435002430613,316.34269081495665,311.0015176077869,311.7298583984375,2327700,0.0,0.0,0.009434053627040084
2012-08-28,313.4293205367545,315.12876752489296,304.9319966872764,305.4175720214844,2787900,0.0,0.0,-0.02024921965891724
2012-08-29,306.63145523175683,311.00149972437094,306.3886675731019,309.05926513671875,2635800,0.0,0.0,0.01192365288981545
2012-08-30,309.5447895893184,311.7298116334783,305.90308618238527,309.302001953125,1748100,0.0,0.0,0.000785405402096151
2012-08-31,305.17477268896357,306.87424183933564,300.3191751228663,301.0475158691406,3071100,0.0,0.0,-0.02668746413492451
2012-09-03,302.26148348738406,310.0304459350209,302.01869577029504,305.660400390625,2172000,0.0,0.0,0.015322778891454059
2012-09-04,305.90310469470916,305.90310469470916,301.7758479928138,304.9319763183594,1041000,0.0,0.0,-0.0023831156124074493
2012-09-05,302.0186507814175,303.23256695883583,298.6197343844812,300.076416015625,3025500,0.0,0.0,-0.015923421221213596
2012-09-06,302.5041444934463,309.0592100642957,301.53301625907136,307.3597412109375,2787600,0.0,0.0,0.024271568195926685
2012-09-07,313.1864661628036,313.1864661628036,305.6602723575793,307.3597412109375,2339100,0.0,0.0,0.0
2012-09-10,307.35975945360866,310.03033447265625,306.1458657589858,310.03033447265625,1307400,0.0,0.0,0.008688819333322995
2012-09-11,309.05923646880143,313.914833601131,308.3308957875923,313.1864929199219,1907400,0.0,0.0,0.010180160120892845
2012-09-12,313.42933075601854,320.46995105962645,313.42933075601854,316.8282470703125,2288100,0.0,0.0,0.011628069002713293
2012-09-13,317.55659806030184,317.7993857431142,313.67210627129333,317.071044921875,2329200,0.0,0.0,0.0007663390300822748
2012-09-14,317.556534918292,319.4987693130091,311.7298095069472,312.2153625488281,2684700,0.0,0.0,-0.015314177850088151
2012-09-18,318.7704657093191,320.2271472315661,312.70097418475405,314.4004211425781,3370500,0.0,0.0,0.00699856206918148
2012-09-19,312.21539069380884,319.0132450289086,311.9726252645808,315.1287536621094,2150700,0.0,0.0,0.0023165761575139054
2012-09-20,315.37159505402,316.5854890885795,311.48710302535056,312.7010192871094,2214300,0.0,0.0,-0.007703944330015311
2012-09-21,314.40046283344515,314.40046283344515,310.515993077153,310.7587585449219,2358300,0.0,0.0,-0.006211238922774975
2012-09-24,314.8860168457031,317.07103927047547,312.7009944209308,314.8860168457031,1531500,0.0,0.0,0.013281229208491174
2012-09-25,308.5737251180976,322.4122009277344,308.5737251180976,322.4122009277344,3273300,0.0,0.0,0.023901296594313726
2012-09-26,324.3720830609566,325.59704565829156,321.1871533920393,323.882080078125,1823400,4.0,0.0,0.00455900597483927
2012-09-27,324.61712313145625,328.78203711892394,322.4121765839297,327.31207275390625,2624400,0.0,0.0,0.010590251473480361
2012-09-28,330.4969184775034,330.4969184775034,320.20716985624813,323.882080078125,2511600,0.0,0.0,-0.010479273333617978
2012-10-01,323.39213799992837,323.39213799992837,318.9822452090202,320.45220947265625,1324500,0.0,0.0,-0.010589874576084624
2012-10-02,320.6971968375729,326.822032712455,320.20719381807334,325.8420715332031,1976400,0.0,0.0,0.016819550314277842
2012-10-03,322.90209551939273,325.3520205361213,318.00220062619485,318.7371826171875,2754600,0.0,0.0,-0.02180470091717923
2012-10-04,317.51230376621464,317.51230376621464,309.67250127330385,311.6324462890625,3481200,0.0,0.0,-0.022290265195253345
2012-10-05,309.182450483738,313.5923429110649,306.9775042700746,312.85736083984375,2443200,0.0,0.0,0.003930638691084898
2012-10-09,308.2025002854682,316.77728394422485,308.2025002854682,310.1624450683594,3608700,0.0,0.0,-0.008613880025868825
2012-10-10,305.99758599670355,307.95753098457834,302.07767359107805,303.5476379394531,2404200,0.0,0.0,-0.021326911862099784
2012-10-11,307.467529296875,312.85738325202817,305.01758140733983,307.467529296875,3153300,0.0,0.0,0.012913595322404658
2012-10-12,308.20244684993355,313.10231917256806,305.0175175037928,306.73248291015625,2409000,0.0,0.0,-0.002390647195818274
2012-10-15,303.30261553264114,306.97752615068555,302.81263492685997,304.03759765625,1464300,0.0,0.0,-0.008785783717258244
2012-10-16,305.9975903500838,312.61243001187995,305.50758727373693,311.6324462890625,1873200,0.0,0.0,0.02497996527850277
2012-10-17,312.85736550624387,314.5723311746302,309.4274565993442,310.4074401855469,2275200,0.0,0.0,-0.0039309324754308594
2012-10-18,310.65253946313214,310.65253946313214,305.0176821293379,306.2426452636719,3148500,0.0,0.0,-0.013417187807693964
2012-10-19,303.05762045423404,305.5075457837468,300.8526741997486,303.7926025390625,2676300,0.0,0.0,-0.00800033164061753
2012-10-22,301.83258482200597,306.977458554369,301.0976028602399,305.99749755859375,1977000,0.0,0.0,0.00725789568640911
2012-10-23,306.2425810895118,308.447527727188,305.2626197593516,305.5075988769531,1185900,0.0,0.0,-0.001600989176543277
2012-10-24,305.26260061943407,308.6925099196943,302.8126525878906,302.8126525878906,2130300,0.0,0.0,-0.008821208699780758
2012-10-25,307.2225531811984,314.81737656581197,305.50758727373693,311.6324462890625,3634500,0.0,0.0,0.02912623903194378
2012-10-26,308.9375159417061,315.30735400044324,308.9375159417061,310.8974609375,2199000,0.0,0.0,-0.002358500728389279
2012-10-29,310.40744657742334,312.8573719485689,308.6924808737226,310.1624450683594,1280400,0.0,0.0,-0.0023641745639356726
2012-10-30,310.8974382865577,314.32734738677436,303.79261856829663,304.03759765625,1695600,0.0,0.0,-0.019747224428668275
2012-10-31,304.03760409992384,309.18247907422483,301.8326576823663,307.2225341796875,2139000,0.0,0.0,0.010475469310339935
2012-11-01,307.2224225476915,312.3672956525572,306.4874406755679,309.4273681640625,1588800,0.0,0.0,0.0071766675262350255
2012-11-02,313.1023818336874,320.69720451911047,313.1023818336874,318.98223876953125,2843700,0.0,0.0,0.030879203291425128
2012-11-05,320.9421408454312,320.9421408454312,303.5475738710123,304.5275573730469,5205900,0.0,0.0,-0.045315003908189544
2012-11-06,301.34269336662675,301.5876949028997,292.5229072193108,296.93280029296875,4914900,0.0,0.0,-0.024939473936588685
2012-11-07,299.8726162271843,302.07756193473716,293.01277766039743,294.2377624511719,4490100,0.0,0.0,-0.00907625509589316
2012-11-08,290.31795304188404,295.46282815908194,288.8479887226846,289.8279724121094,3400500,0.0,0.0,-0.014987165489318555
2012-11-09,285.6630712168407,291.0529481027769,283.94812772167467,289.3379821777344,3373200,0.0,0.0,-0.001690624373820837
2012-11-12,288.35796789699,293.74782136281397,287.13298284849805,287.62298583984375,2643600,0.0,0.0,-0.005927311461089602
2012-11-13,292.52281740629417,293.74777985180805,289.33788813211515,292.0328369140625,2270100,0.0,0.0,0.015332053734656181
2012-11-14,292.03288674869947,295.2177941365053,291.0529031671353,293.0128479003906,2216400,0.0,0.0,0.0033558246280931403
2012-11-15,290.0729064941406,291.0528900314767,286.3979962664705,290.0729064941406,2725800,0.0,0.0,-0.01003348975076146
2012-11-16,289.58302260224076,289.82802417582343,277.088323657474,280.27325439453125,5976900,0.0,0.0,-0.033783410584770746
2012-11-19,283.21310607978126,288.11297920182733,282.2331224834227,287.13299560546875,3915000,0.0,0.0,0.02447519020591704
2012-11-20,288.84803796629484,289.09303953788844,281.7432166888733,283.4581604003906,4064100,0.0,0.0,-0.012798373093030002
2012-11-21,286.39799060187556,287.62297560678496,281.25311638489654,283.70306396484375,3825600,0.0,0.0,0.0008639848791340832
2012-11-22,287.1330115873868,287.1330115873868,277.0882632776426,278.5582275390625,3935100,0.0,0.0,-0.01813458181903449
2012-11-26,283.70316197198423,284.1931426852921,281.9881958305876,283.4581604003906,3808800,0.0,0.0,0.01759033615562844
2012-11-27,283.45806247788755,285.17302802683776,280.51813435389954,283.70306396484375,3870000,0.0,0.0,0.0008639848791340832
2012-11-28,285.66307320375506,287.8680197956276,283.94812969666077,284.4381103515625,3880500,0.0,0.0,0.0025909004169579752
2012-11-29,281.7431130385035,284.9280201481296,279.53816699497577,283.94805908203125,3835500,0.0,0.0,-0.0017228748599319443
2012-11-30,286.15311039828237,286.39808953999665,282.4781989737748,283.4581604003906,2590500,0.0,0.0,-0.0017253109009598422
2012-12-03,285.90801005783476,286.15301154479096,283.45806247788755,283.70306396484375,1905300,0.0,0.0,0.0008639848791340832
2012-12-04,285.1730747955237,288.6029840260613,283.4581089653173,285.6630554199219,2633400,0.0,0.0,0.006908601647393597
2012-12-05,285.66307320375506,286.64305694343506,282.9681459569808,284.4381103515625,2683200,0.0,0.0,-0.004288076617253611
2012-12-06,285.1730105051058,287.3779564626195,283.94804800533274,284.9280090332031,2820300,0.0,0.0,0.001722338406183077
2012-12-07,284.6830134395728,286.8879592688899,282.4780676102556,282.9680480957031,2092200,0.0,0.0,-0.006878793503490188
2012-12-10,282.9681333142532,282.9681333142532,278.55824032753753,279.783203125,2217000,0.0,0.0,-0.011255139907619394
2012-12-11,279.04822930014984,279.29323083891467,273.90335399522246,274.6383361816406,4109100,0.0,0.0,-0.018388762748780096
2012-12-12,280.27318672496426,282.7231121497598,275.1283119310699,275.373291015625,5099700,0.0,0.0,0.0026760824588534238
2012-12-13,276.84332268038173,277.57830497283396,269.2485206116283,269.4934997558594,4739700,0.0,0.0,-0.02135207535226069
2012-12-14,268.0234777252325,274.8833184611371,267.77849863350804,273.6583557128906,5438400,0.0,0.0,0.015454383726525078
2012-12-17,275.12823775817634,276.1081986919535,272.67829056399756,274.14825439453125,3192600,0.0,0.0,0.0017901835314488856
2012-12-18,273.1683362633424,273.4133377702269,267.77848255086997,268.2684631347656,5795100,0.0,0.0,-0.021447487501795037
2012-12-19,269.4934997558594,270.96346434076384,268.0235351709549,269.4934997558594,6397800,0.0,0.0,0.004566457819077829
2012-12-20,270.4733952702703,273.65832497380876,269.4934117238264,271.943359375,7763400,0.0,0.0,0.009090607459400823
2012-12-21,274.1483554434269,277.33328572681245,272.4333895323922,276.3533020019531,5893500,0.0,0.0,0.016216401228139388
2012-12-25,281.74322828760353,281.74322828760353,274.3934051360128,275.1283874511719,2499600,0.0,0.0,-0.004432422344541331
2012-12-26,275.37329582894654,276.108277955207,271.9433867163561,272.9233703613281,2703000,0.0,0.0,-0.008014502284810932
2012-12-27,273.16834621325114,274.8833119641621,271.9433834939571,272.1883850097656,2382000,0.0,0.0,-0.002693009948504743
2012-12-28,270.9634062649238,274.3933378478135,270.71842717319936,273.6583557128906,3004500,0.0,0.0,0.0054005636686969005
2013-01-04,279.2932434082031,281.2531885168981,277.8232789692126,279.2932434082031,5530800,0.0,0.0,0.020590957950592736
2013-01-07,281.49816898534795,281.98814961835785,279.0482209605474,279.783203125,3021900,0.0,0.0,0.0017542841739310866
2013-01-08,280.763185023382,287.13302293123144,280.02820286363493,286.3980407714844,4291500,0.0,0.0,0.02364272612723295
2013-01-09,289.58299606323243,296.93281829833984,287.86803006508154,293.9928894042969,7215900,0.0,0.0,0.02651850764186059
2013-01-10,297.91274040355046,298.1577194740905,293.01284497453014,295.7077941894531,5350800,0.0,0.0,0.005833150552148059
2013-01-11,297.42272219898365,303.0575994113245,296.197759619283,302.5675964355469,4377300,0.0,0.0,0.023197908140692558
2013-01-15,305.9975795866646,308.20252606303796,299.1377386279889,300.3627014160156,4857300,0.0,0.0,-0.00728728074488616
2013-01-16,302.3226383694055,306.2425278685753,299.627689105119,303.7926025390625,4719900,0.0,0.0,0.011419197879354304
2013-01-17,305.75259700823426,311.1424739834025,303.7926519399353,308.2025451660156,5719500,0.0,0.0,0.014516293649336154
2013-01-18,312.85743931369126,312.85743931369126,302.5676877356229,304.28265380859375,6742800,0.0,0.0,-0.012718556088855082
2013-01-21,301.8326901029975,304.28263830673063,297.1778176747451,298.89276123046875,5460000,0.0,0.0,-0.017713440153954596
2013-01-22,299.1376817566634,309.42743002347737,299.1376817566634,304.5275573730469,4226400,0.0,0.0,0.01885223355487442
2013-01-23,304.52753700049027,308.44742588664997,303.5475535640155,306.73248291015625,3485100,0.0,0.0,0.007240479502511388
2013-01-24,306.7325931677605,312.12244793112603,305.7526093790223,311.1424865722656,5654400,0.0,0.0,0.014377361081125084
2013-01-25,318.49226144325274,321.6771690296694,313.8373671778849,321.43218994140625,4713900,0.0,0.0,0.033070711372459094
2013-01-28,321.4322141921277,321.4322141921277,317.51230175555713,318.2472839355469,4378500,0.0,0.0,-0.009908484916958504
2013-01-29,318.24734154544245,323.1472161557356,317.5123592324045,319.2273254394531,2579100,0.0,0.0,0.0030794968358778263
2013-01-30,318.49221357818726,323.637087676751,317.75723156410675,320.942138671875,4925400,0.0,0.0,0.005371762050949913
2013-01-31,318.7373222775077,320.4522884845564,312.85746377320396,319.2273254394531,3855900,0.0,0.0,-0.005343060401847288
2013-02-01,319.4722646511118,319.7172662014552,316.2873566460347,317.0223388671875,4830000,0.0,0.0,-0.0069072613668964555
2013-02-04,318.98227255475376,319.47225320801266,316.77732597027386,318.0022888183594,3461100,0.0,0.0,0.0030911069379953027
2013-02-05,317.75733352368917,321.4322447732697,317.75733352368917,319.9622802734375,2939400,0.0,0.0,0.006163450780059199
2013-02-06,349.3615693973093,367.4911240399894,335.8868873725503,346.91162109375,9758700,0.0,0.0,0.08422661820412647
2013-02-07,349.1165446058553,355.24140374223276,347.8915817505305,354.01641845703125,4471500,0.0,0.0,0.02048013652837888
2013-02-08,351.5664640538591,354.9963732267681,347.8915533579298,349.11651611328125,2531700,0.0,0.0,-0.013840890106470383
2013-02-12,351.5664672787779,352.3014494247057,345.9315892067477,348.13653564453125,3142800,0.0,0.0,-0.002807029812453843
2013-02-13,349.6064999363869,350.0965029869222,344.21664581949943,348.13653564453125,3383100,0.0,0.0,0.0
2013-02-14,350.0965029869222,353.5264121912938,348.13653564453125,348.13653564453125,2415900,0.0,0.0,0.0
2013-02-15,347.8915629289584,349.85150787741685,345.93159555062454,349.60650634765625,2175600,0.0,0.0,0.004222397113257781
2013-02-18,345.9315354240255,352.3013946516478,345.68655636672037,351.3214111328125,2373600,0.0,0.0,0.004905242762990536
2013-02-19,349.11647792106197,357.44628206387284,349.11647792106197,352.54638671875,2566800,0.0,0.0,0.003486766098279137
2013-02-20,355.7314211937689,364.7962100644513,354.2614566433814,364.55120849609375,4437900,0.0,0.0,0.034051751002402986
2013-02-21,365.77613551162983,375.33090414963516,365.28615485297314,370.4310302734375,5894700,0.0,0.0,0.01612893234286661
2013-02-22,370.4309222762956,373.37085023086934,365.77602887159696,368.4709777832031,4174200,0.0,0.0,-0.005291275109397642
2013-02-25,374.3508799118504,375.8208440706275,370.4309680118206,375.3308410644531,2525100,0.0,0.0,0.018617106081245005
2013-02-26,374.8408105891999,378.27074145633475,372.3908631740851,374.350830078125,3403800,0.0,0.0,-0.0026110590420674873
2013-02-27,372.63590078133626,374.35086638121436,354.9963315135807,355.2413330078125,5831400,0.0,0.0,-0.05104702737355882
2013-02-28,355.24141900940884,363.08122199419614,348.87155805625895,361.12127685546875,4194300,0.0,0.0,0.016551969890077345
2013-03-01,363.3262639451209,376.8009471505185,360.38633469520727,374.5959777832031,3406500,0.0,0.0,0.03731350599185923
2013-03-04,378.76065979578937,389.2954303324274,377.2906959869315,387.0904846191406,3288000,0.0,0.0,0.03335462091685537
2013-03-05,388.0706042772842,388.0706042772842,374.350943925925,376.0658874511719,3960900,0.0,0.0,-0.02848067210646077
2013-03-06,378.76080171924474,383.41571876467077,376.3108760730615,378.2708435058594,4083600,0.0,0.0,0.005863217399567411
2013-03-07,380.2308003394746,380.72080345676375,373.37098099620846,375.575927734375,3957600,0.0,0.0,-0.007124302117783032
2013-03-08,375.08591473879466,381.7007319536465,374.1059310185058,378.76080322265625,4368300,0.0,0.0,0.008479977690513119
2013-03-11,383.41573617123476,387.3356263550362,379.98580422306213,382.43572998046875,3452400,0.0,0.0,0.009702500170410078
2013-03-12,383.90565408824295,386.3556244481025,379.0058030880229,380.2307434082031,2383500,0.0,0.0,-0.005765639555640467
2013-03-13,382.19071399678734,389.0505323716849,382.19071399678734,387.8255920410156,2857500,0.0,0.0,0.019974314977100338
2013-03-14,388.0705694901316,393.460423557578,383.41569756187107,391.010498046875,3072300,0.0,0.0,0.008212212064444113
2013-03-15,396.6453448129268,411.58996551220457,394.9303567167952,408.1600341796875,5102400,0.0,0.0,0.043859528627685496
2013-03-18,411.0999625047746,420.16477141362424,407.67007603200375,408.1600341796875,3087900,0.0,0.0,0.0
2013-03-19,413.54986910593794,415.26481207868017,412.0799051693762,414.28485107421875,1898700,0.0,0.0,0.015005920182363797
2013-03-21,415.999852040373,422.12468767664706,410.85497754517405,413.5499267578125,3324000,0.0,0.0,-0.0017739589427434588
2013-03-22,415.75490026778914,419.18478691662517,408.6500581642028,409.3850402832031,3363600,0.0,0.0,-0.010071060844482949
2013-03-25,414.0399682953888,417.469900269635,409.6300749826814,415.26495361328125,3157800,0.0,0.0,0.014362794805619972
2013-03-26,412.8149993548893,415.2649249618859,406.69011804777057,408.65008544921875,4472400,0.0,0.0,-0.015929271436237458
2013-03-27,404.15111057370405,415.6482821376893,400.1521043264851,409.89971923828125,3439500,11.0,0.0,0.003057955531047485
2013-03-28,406.1507584371672,415.8983762735378,401.9017815611242,414.8985900878906,2846700,0.0,0.0,0.012195350752859158
2013-03-29,414.89857510776335,418.14781144602676,407.40040781204965,416.1482849121094,2648700,0.0,0.0,0.003012048857418348
2013-04-01,414.8984900442427,416.14819959237013,394.403518892949,394.9034118652344,2514000,0.0,0.0,-0.05105120894914161
2013-04-02,385.15583972716547,393.1538535928472,376.4079634360755,390.65447998046875,2999700,0.0,0.0,-0.010759420549690368
2013-04-03,386.65537061838444,398.4024646732884,378.6573131062988,396.4029846191406,3617100,0.0,0.0,0.014715061347713831
2013-04-04,391.1543904366584,398.6525573730469,385.15585688754766,398.6525573730469,3677700,0.0,0.0,0.005674964218717049
2013-04-05,408.6500697654329,415.64834316690764,401.6517963639581,407.4003601074219,4849200,0.0,0.0,0.02194342560353646
2013-04-08,417.39782929752636,424.14617718923097,410.3995120849091,420.8969421386719,3642600,0.0,0.0,0.03312854713160118
2013-04-09,422.1467110037721,423.64634408016207,416.39810228922073,417.39788818359375,1801500,0.0,0.0,-0.008313327099262469
2013-04-10,413.1490643008765,424.3963165050746,412.64917117007224,424.1463928222656,2667000,0.0,0.0,0.016168037332530805
2013-04-11,425.8958257516512,433.3939916979831,417.147950225873,419.6473693847656,3799500,0.0,0.0,-0.010607242012748319
2013-04-12,419.6474449051695,426.3957954713118,413.6489110685986,416.1482849121094,2791800,0.0,0.0,-0.008338154193093472
2013-04-15,413.64882233270254,422.89654475853536,412.89900576398173,421.39691162109375,2617800,0.0,0.0,0.012612395387122444
2013-04-16,418.89753895920717,424.14625494834036,412.39911343188993,422.89654541015625,3350100,0.0,0.0,0.003558720407545124
2013-04-17,426.14576739442384,428.395217273512,421.39694401585155,426.6456604003906,2847900,0.0,0.0,0.008865324228643612
2013-04-18,426.8955512033225,427.1455205696771,418.8975383137482,421.39691162109375,2253600,0.0,0.0,-0.01230236063896939
2013-04-19,423.89625537086573,426.1457049201778,417.3978760718541,423.6463317871094,1827900,0.0,0.0,0.0053380081912850486
2013-04-22,426.89555664962745,437.14306514127264,424.8960762843103,434.143798828125,2659200,0.0,0.0,0.024778845592107634
2013-04-23,438.89267516619583,462.38696131389844,436.1433778889373,457.13824462890625,5737200,0.0,0.0,0.05296504490643339
2013-04-24,457.3880429591587,457.63796652539287,445.14105597104503,451.6394348144531,3594600,0.0,0.0,-0.012028767837871324
2013-04-25,451.1397390274696,452.63937245829203,442.64178574268897,447.14068603515625,3716700,0.0,0.0,-0.00996092996428688
2013-04-26,444.8911394792547,448.3902986479522,435.14352429125574,435.39349365234375,4408800,0.0,0.0,-0.0262718038185612
2013-04-30,439.8925479942329,446.6408993487543,439.8925479942329,443.6416320800781,3779400,0.0,0.0,0.018944101250903067
2013-05-01,442.39173360335565,443.6414430211327,429.89477672108654,432.3941955566406,3267900,0.0,0.0,-0.025352527152833426
2013-05-02,433.1441043915347,436.39329465221385,430.3947613923896,434.3937683105469,2364000,0.0,0.0,0.004624420897537895
2013-05-07,439.3926702901272,448.3904724121094,433.89402869286755,448.3904724121094,3395100,0.0,0.0,0.0322212359445182
2013-05-08,452.13943754811237,461.13723730031364,450.389880629132,460.3874206542969,4030500,0.0,0.0,0.026755582422726576
2013-05-09,470.3849731589309,471.1347898248406,446.89073288215417,450.389892578125,5614800,0.0,0.0,-0.02171546751204345
2013-05-10,420.3971421376035,437.8928455994192,413.89871707342365,423.6463317871094,12241200,0.0,0.0,-0.059378687736374225
2013-05-13,427.1454948988426,434.8935837215848,419.14743672476874,431.8943176269531,6797100,0.0,0.0,0.019469036365900916
2013-05-14,441.3920454016901,452.88921779484616,438.6427026655381,444.6412353515625,5975400,0.0,0.0,0.02951397414684087
2013-05-15,450.88973728068595,453.3891566629534,437.3930373710794,442.14190673828125,4272300,0.0,0.0,-0.005621000515854346
2013-05-16,447.89043845340666,453.13915470780273,426.8955734358224,438.89263916015625,4329000,0.0,0.0,-0.0073489246972654465
2013-05-17,435.8933686441594,435.8933686441594,424.89608901002873,428.39520263671875,4056300,0.0,0.0,-0.023918005422749578
2013-05-20,436.89307623595784,439.8923421008153,425.39585991056083,427.3953857421875,3800400,0.0,0.0,-0.002333865758480713
2013-05-21,436.14328452238954,447.39053215392534,431.8943090509756,444.89111328125,4529400,0.0,0.0,0.04093569589826185
2013-05-22,448.6403805512644,458.1380754947057,445.64111328125,445.64111328125,4209600,0.0,0.0,0.00168580575698285
2013-05-23,453.1392161960047,459.38771928542786,431.6445010333219,432.8941650390625,5938200,0.0,0.0,-0.028603618163350997
2013-05-24,430.6446171181591,437.14304238000824,404.65100760110187,418.6475524902344,5008800,0.0,0.0,-0.03291015148597021
2013-05-27,411.1494610912103,420.3972305829775,401.15192069043326,415.3984375,2731500,0.0,0.0,-0.007760979303253368
2013-05-28,409.1499160193389,412.6490294375696,402.90141420860994,405.6507568359375,2286600,0.0,0.0,-0.023465857798423917
2013-05-29,410.39957033339437,425.39590111007345,404.6510073791138,418.147705078125,3680100,0.0,0.0,0.030807161164108976
2013-05-30,416.3982044264443,421.14707417663,396.4031223468167,398.1526794433594,3711900,0.0,0.0,-0.047818092487270314
2013-05-31,406.90045441614575,416.1481764147504,404.65100481390385,412.6490173339844,4220700,0.0,0.0,0.03640899242695461
2013-06-03,400.651943623048,402.1515766569024,391.15429825208224,393.9035949707031,5163300,0.0,0.0,-0.0454270374479272
2013-06-04,384.40599216790116,389.90463197921696,373.6586132742785,388.4049987792969,5886600,0.0,0.0,-0.01395924348396771
2013-06-05,383.156301693181,392.9039179789175,377.65763872497985,378.15753173828125,4398300,0.0,0.0,-0.02638345817695964
2013-06-06,375.40818321870876,377.15776297401663,357.91247719597965,362.411376953125,4157400,0.0,0.0,-0.0416391410023641
2013-06-07,352.9137585439085,366.6604072050293,351.41412497660775,361.1617431640625,5864700,0.0,0.0,-0.003448108609526712
2013-06-10,368.65979215467064,374.6583244901098,362.4113362269781,373.15869140625,3914100,0.0,0.0,0.033217660699842444
2013-06-11,377.4076583535382,381.4066645631284,370.4093631628788,371.1591796875,4522500,0.0,0.0,-0.005358341544222989
2013-06-12,368.90975983099327,373.40865934112736,361.16164749156695,369.6595764160156,4773900,0.0,0.0,-0.004040323811328017
2013-06-13,362.66134502405083,365.4106882454565,352.9137276888257,356.6628112792969,5441400,0.0,0.0,-0.03515874054373791
2013-06-14,341.66646798297853,355.4131150827674,341.1665978115172,350.1643981933594,7523700,0.0,0.0,-0.01822004672320232
2013-06-17,352.41380380260864,374.9083019176688,351.6639871987733,373.9085388183594,4979100,0.0,0.0,0.06780855149040188
2013-06-18,379.90703879237464,387.90507424737064,377.1577191102852,386.155517578125,4413000,0.0,0.0,0.03275394244397045
2013-06-19,389.15482006520983,394.9034293225156,377.1577543213883,380.6568908691406,2667300,0.0,0.0,-0.014239409923417545
2013-06-20,380.65693677930955,387.15534054677494,377.4077463368717,381.1568298339844,2233200,0.0,0.0,0.001313358504301032
2013-06-21,375.4081395584547,386.155517578125,370.6593167332625,386.155517578125,2248200,0.0,0.0,0.013114517051466379
2013-06-24,388.90485906227696,392.9038653373718,378.4074046630449,383.90606689453125,2847300,0.0,0.0,-0.005825245480633678
2013-06-25,380.65693677930955,388.1551266561246,375.4082198833518,381.1568298339844,3131700,0.0,0.0,-0.007161223272103556
2013-06-26,382.4063987503509,387.15522112683607,375.4081040868692,375.6580505371094,1800900,0.0,0.0,-0.014426553236026263
2013-06-27,375.9080179055796,386.6553955078125,375.9080179055796,386.6553955078125,2201700,0.0,0.0,0.029274881650957152
2013-06-28,388.6549719178909,403.6513058281012,387.90515522238036,402.4016418457031,3821400,0.0,0.0,0.04072423796701541
2013-07-01,404.15119967379684,406.1507261208111,395.6532923630501,405.4009094238281,2341500,0.0,0.0,0.007453417844838217
2013-07-02,407.4003012389063,412.3990933834592,403.15137139294717,411.8992004394531,2395500,0.0,0.0,0.016029295604838678
2013-07-03,413.8988196071453,421.646910274683,412.64910984844073,416.398193359375,2012400,0.0,0.0,0.01092255803148423
2013-07-04,412.3990621389504,412.64898570943393,405.1508209432712,410.6495056152344,2446800,0.0,0.0,-0.013805746124309404
2013-07-05,411.8993081894779,419.14755183039483,409.15001069117034,416.1482849121094,2111400,0.0,0.0,0.013390444215040986
2013-07-08,420.39726062394845,422.39674138787706,411.6493835449219,411.6493835449219,1699200,0.0,0.0,-0.010810813189192081
2013-07-09,414.1487277879612,416.14825417418774,404.90100406137185,415.3984375,2453700,0.0,0.0,0.009107396014523594
2013-07-10,415.39831674462806,419.39732258940114,412.1491273560727,417.64776611328125,2222100,0.0,0.0,0.00541487018299458
2013-07-11,416.39812830076085,416.39812830076085,401.4017966000711,406.6505126953125,2972400,0.0,0.0,-0.026331407253321393
2013-07-12,407.6503325554786,417.89779622642624,407.6503325554786,416.64813232421875,2314800,0.0,0.0,0.024585287161305258
2013-07-16,415.1484238964382,419.39735361926034,411.8991885023178,418.3976135253906,3375900,0.0,0.0,0.004198941661907041
2013-07-17,420.14720208483527,422.3966517909977,415.6483026725104,421.39691162109375,1753200,0.0,0.0,0.0071685353805708285
2013-07-18,422.39675948942516,424.89617919921875,419.39749244981937,424.89617919921875,7336200,0.0,0.0,0.00830397063106969
2013-07-19,426.64567476472945,433.8939176519952,420.89706518067896,423.8963317871094,2739300,0.0,0.0,-0.002353156985298699
2013-07-22,426.64564374985736,429.14501715179944,420.89703458370025,423.146484375,1094700,0.0,0.0,-0.0017689405542814507
2013-07-23,424.1462103817317,430.3946658857609,419.1474185194083,425.3958740234375,1460700,0.0,0.0,0.005315865147172083
2013-07-24,425.39585819325737,428.3951240460069,422.3965923405078,424.3961181640625,1224600,0.0,0.0,-0.0023501776120187223
2013-07-25,419.89735310270777,423.89636025814985,413.64889584135824,415.8983459472656,1618200,0.0,0.0,-0.02002320910369826
2013-07-26,412.1492456169884,414.6486192664891,408.1501928595741,410.14971923828125,1877100,0.0,0.0,-0.013822191804805262
2013-07-29,409.8998233448967,412.8990902333589,397.4028627212438,398.1526794433594,1653300,0.0,0.0,-0.029250391338076387
2013-07-30,393.1538722131462,407.4003894322738,391.1543915346162,402.9014892578125,1909200,0.0,0.0,0.01192710751335957
2013-07-31,397.40272464621455,401.4017305196749,390.65437649184486,396.4029846191406,2048400,0.0,0.0,-0.016129264378354158
2013-08-01,397.4027624896336,411.39935302734375,396.65294595663426,411.39935302734375,1716900,0.0,0.0,0.03783111881110446
2013-08-02,412.39921794580016,425.8959196240263,412.39921794580016,424.89617919921875,2229300,0.0,0.0,0.03280711569562911
2013-08-05,427.1455563036564,435.643462871683,420.64713024270947,434.8936462402344,3219000,0.0,0.0,0.023529199673805845
2013-08-06,438.6427195629408,449.6400451660156,434.89363648975325,449.6400451660156,3592800,0.0,0.0,0.03390805787407469
2013-08-07,449.8900117320819,449.8900117320819,437.89294475255974,439.392578125,4309500,0.0,0.0,-0.02279037899578551
2013-08-08,434.8937518956595,437.393126019308,422.3967897470439,424.1463928222656,2725500,0.0,0.0,-0.03469832232440917
2013-08-09,415.398359281617,424.146234088332,406.1506372963486,411.39935302734375,4376100,0.0,0.0,-0.030053396682459543
2013-08-12,409.6498419637648,416.39819226572223,403.40138471701215,412.1492614746094,2532600,0.0,0.0,0.0018228235940267457
2013-08-13,416.64816167591437,419.3974590665922,407.65036127330444,412.1492614746094,4394700,0.0,0.0,0.0
2013-08-14,412.39920010531904,417.8978408516629,403.40139937574844,410.8995666503906,4018500,0.0,0.0,-0.0030321413648722872
2013-08-15,404.1511524236091,404.6510454182139,398.40254316376263,401.1518859863281,3712200,0.0,0.0,-0.023722781563204287
2013-08-16,399.65223492384376,403.65124140661106,394.65344249650576,394.9034118652344,3076800,0.0,0.0,-0.015576329912373121
2013-08-19,395.90312355927693,401.4017627980996,391.6541480134962,399.1523132324219,1807800,0.0,0.0,0.010759343271102173
2013-08-20,396.40301612482637,402.15157894384686,392.4039641683607,398.4024963378906,2721600,0.0,0.0,-0.0018785232345494007
2013-08-21,394.90338083671827,396.90286103841197,388.9048487013006,393.9035949707031,2655900,0.0,0.0,-0.011292352353565405
2013-08-22,394.15356279682015,397.40275243589406,390.15451087854814,390.9043273925781,1820400,0.0,0.0,-0.007614217327333805
2013-08-23,395.4033056716312,403.1514417119184,392.6540084129797,397.40283203125,4269600,0.0,0.0,0.01662428421301554
2013-08-26,397.9026950808431,403.40133494900584,397.65272570148994,398.9024353027344,1590000,0.0,0.0,0.003773509272239961
2013-08-27,395.15333353339736,395.903150105567,389.65469392587727,390.4045104980469,2073000,0.0,0.0,-0.021303266294271372
2013-08-28,386.9053533351181,398.1526019785808,384.40598000273917,395.40325927734375,5125500,0.0,0.0,0.012804024146441995
2013-08-29,387.9050933139268,396.40304501691855,384.90582701055837,394.9034118652344,4913100,0.0,0.0,-0.0012641459077067374
2013-08-30,394.4036097466757,397.15295307981853,387.15536592212595,391.90423583984375,4179900,0.0,0.0,-0.007594707807726198
2013-09-02,391.6542221231629,398.15264846426777,389.1548484989736,396.65301513671875,2325300,0.0,0.0,0.012117193085954936
2013-09-03,399.1523617339523,408.6500540870582,398.6525145020659,406.4006042480469,3047700,0.0,0.0,0.02457459981230281
2013-09-04,406.900514935666,414.64860501850586,405.65080527126884,413.64886474609375,3620100,0.0,0.0,0.017835260140565357
2013-09-05,413.39883106806116,413.6488004211745,406.1506351311542,406.90045166015625,2132400,0.0,0.0,-0.01631435176325169
2013-09-06,408.4001278819072,408.650051496266,398.90243558901557,399.6522521972656,2508900,0.0,0.0,-0.017813200829141174
2013-09-09,409.3998270176225,412.8989860933424,405.65074435262596,411.39935302734375,2684400,0.0,0.0,0.029393305718892426
2013-09-10,414.64862060546875,419.3974442844082,412.64909422030473,414.64862060546875,2752500,0.0,0.0,0.007898086261475035
2013-09-11,417.39782929752636,423.64628431256887,414.64848712362937,420.8969421386719,1716300,0.0,0.0,0.01506895530987018
2013-09-12,419.8973837205775,421.8969103266889,412.8991092469622,414.8985900878906,1345800,0.0,0.0,-0.014251355736400129
2013-09-13,417.89779952546235,430.8946520263618,416.8980592427688,426.8955993652344,5883900,0.0,0.0,0.028915521922603604
2013-09-17,429.6448518139099,435.14349085781066,419.8972373748509,429.894775390625,3315000,0.0,0.0,0.00702554917373277
2013-09-18,434.3937532308768,439.39254602892646,430.89463946089984,434.8936462402344,4485000,0.0,0.0,0.011628126545774276
2013-09-19,442.3918025369376,450.63978529610085,437.6429792336896,449.39007568359375,5061000,0.0,0.0,0.033333274856242934
2013-09-20,449.88991109959045,459.88744942452524,443.6414553671523,456.3883361816406,6169200,0.0,0.0,0.015572797168253993
2013-09-24,456.38828257222417,470.3848254300024,453.3890168505341,468.3853454589844,6212400,0.0,0.0,0.02628684461508457
2013-09-25,470.38490284426496,478.6328849363359,462.13692075219393,470.1349792480469,7023000,0.0,0.0,0.00373545800701347
2013-09-26,470.8896390613597,473.4050598144531,459.57017658392317,473.4050598144531,4346700,4.0,0.0,0.006955620642472793
2013-09-27,473.4050920910769,475.66898474091573,466.8649884753294,470.1350402832031,3019200,0.0,0.0,-0.006907445248962141
2013-09-30,465.6072633297035,465.6072633297035,458.060954361637,461.58258056640625,2519400,0.0,0.0,-0.018191496025578124
2013-10-01,458.06097412109375,464.85265248532744,452.7785576155787,458.06097412109375,3957300,0.0,0.0,-0.007629417992748189
2013-10-02,460.32479712102156,470.8896285303565,459.06706374309755,463.5948486328125,4477500,0.0,0.0,0.012081087069984342
2013-10-03,462.84028798736375,462.84028798736375,455.54555304290164,458.06097412109375,2830500,0.0,0.0,-0.011936876624144332
2013-10-04,455.0423746308353,469.63188814935717,452.77848221973665,465.8587341308594,3441000,0.0,0.0,0.017023410528975047
2013-10-07,465.6072687394856,468.87732064397017,458.8155905893148,462.5887451171875,2674200,0.0,0.0,-0.007019271667778493
2013-10-08,458.0608880886427,461.07941123914446,453.7846316057625,459.0670471191406,4548900,0.0,0.0,-0.00761302136124109
2013-10-09,452.7786101784594,453.53324119542356,443.47150965557626,451.26934814453125,4384500,0.0,0.0,-0.016985969747869256
2013-10-10,449.2567381077431,458.56387960772054,445.23205690118334,456.29998779296875,3474600,0.0,0.0,0.011147753928162363
2013-10-11,461.33098262389177,470.8896555140399,460.57635176569624,468.6257629394531,3489900,0.0,0.0,0.02701243803687503
2013-10-15,473.656620772925,476.6751440151125,466.3618409179687,471.6442565917969,3168000,0.0,0.0,0.006441160284083036
2013-10-16,470.38655835714906,475.41744615625123,467.61960921780377,469.6319274902344,1438500,0.0,0.0,-0.004266624841578692
2013-10-17,475.66895230994044,479.6936807857028,471.3927416355827,473.4050598144531,1803600,0.0,0.0,0.00803423298833783
2013-10-18,477.1782110661245,482.9637294278997,475.4174211555888,481.4544677734375,2845800,0.0,0.0,0.017003214883548612
2013-10-21,481.7060415417413,482.96377505896226,476.67519959088696,479.94525146484375,1671600,0.0,0.0,-0.003134702053079641
2013-10-22,482.71229824262736,482.96382654928186,479.1906716543656,482.4607238769531,1403100,0.0,0.0,0.005241165329653574
2013-10-23,483.2152550418388,484.22146017865214,471.8957926952652,472.3988952636719,2828400,0.0,0.0,-0.020855228447253737
2013-10-24,474.159653250296,476.17201732946626,468.62570960633684,475.6689147949219,1691400,0.0,0.0,0.006922157447944111
2013-10-25,475.6689987941409,475.6689987941409,458.0609596837403,462.5887451171875,2742600,0.0,0.0,-0.027498474823341557
2013-10-28,468.37423467305877,469.1288655312543,462.3371878074941,468.6257629394531,1455600,0.0,0.0,0.013050507358834063
2013-10-29,468.37423303502607,477.42980330170315,467.8711304449844,471.89581298828125,2445300,0.0,0.0,0.006977956201803304
2013-10-30,476.9267828457842,477.6814138312997,469.6320012994612,472.902099609375,3307500,0.0,0.0,0.002132433883490936
2013-10-31,473.9082427843828,473.9082427843828,464.0980403063621,465.35577392578125,1794600,0.0,0.0,-0.015957479761301796
2013-11-01,458.31246646367595,463.5948825548671,452.7785221020991,457.0547790527344,2392500,0.0,0.0,-0.017837953965885056
2013-11-05,461.0794122563449,465.10409444622354,457.3062583098936,462.0855712890625,2257500,0.0,0.0,0.011006978740611073
2013-11-06,462.0857238928466,467.6197155479143,458.8156714123236,465.104248046875,1460100,0.0,0.0,0.006532722390338641
2013-11-07,498.056402357217,504.0934496585166,494.53477607845366,502.0810852050781,6711000,0.0,0.0,0.07950225635108898
2013-11-08,492.01927572462387,500.5717426694929,491.5161731776287,496.2955322265625,2912700,0.0,0.0,-0.011523144665273488
2013-11-11,500.5717963633968,505.602684195963,493.52859024501464,495.54095458984375,2085300,0.0,0.0,-0.001520419966977049
2013-11-12,493.0255362564721,499.3141581819926,491.2647460680156,498.3079528808594,1838400,0.0,0.0,0.005583793358322708
2013-11-13,499.3141492646176,509.37587968313056,496.79868211572665,508.3697204589844,3669000,0.0,0.0,0.020191866334773545
2013-11-14,510.13043156791883,518.934473106759,505.854174924652,516.4190063476562,3921900,0.0,0.0,0.01583352738122268
2013-11-15,521.4499120239614,525.4745944965164,516.9221269702077,517.6767578125,3324900,0.0,0.0,0.0024355251247221155
2013-11-18,520.6953407401469,522.4561308872288,502.8357267433972,505.60272216796875,6570900,0.0,0.0,-0.02332350344556977
2013-11-19,506.357293593145,513.9036019924467,506.357293593145,511.63970947265625,2113500,0.0,0.0,0.01194017959160032
2013-11-20,513.6521215480617,528.7447397516383,513.6521215480617,522.20458984375,4392300,0.0,0.0,0.02064906256393373
2013-11-21,526.7323172186727,537.5486770521081,523.210691339852,534.2786254882812,4295100,0.0,0.0,0.023121274457093444
2013-11-22,538.3033658698321,539.0579967780884,522.2045885133692,528.4931640625,3603300,0.0,0.0,-0.010828547409123646
2013-11-25,529.2477440792063,535.7878933415434,524.4684308061586,528.9962158203125,2356200,0.0,0.0,0.0009518604818756771
2013-11-26,516.4191765179345,529.2479046160436,516.4191765179345,520.6954345703125,2880600,0.0,0.0,-0.015691570188508863
2013-11-27,523.4623233803866,535.2848436005112,520.9468563071134,522.20458984375,3097500,0.0,0.0,0.0028983455072597586
2013-11-28,518.179807213939,521.9529610381691,511.38813033032477,518.4313354492188,1990500,0.0,0.0,-0.007225624722410506
2013-11-29,517.1737797709553,523.7139306654137,516.6707231276279,523.46240234375,2305800,0.0,0.0,0.009704403554565033
2013-12-02,526.2290985742852,528.2414623553055,518.6827919692095,522.70751953125,1354200,0.0,0.0,-0.0014420955719457451
2013-12-03,525.9776556060848,526.7322863888769,520.9467683678016,524.9714965820312,1875000,0.0,0.0,0.004331250204342885
2013-12-04,520.9467912432294,520.9467912432294,509.8789033156125,516.4190063476562,2155800,0.0,0.0,-0.016291342082490723
2013-12-05,515.9158910543525,517.6766807378743,508.6211119786113,509.87884521484375,1699200,0.0,0.0,-0.012664446994442358
2013-12-06,511.13660200159103,512.6458636670081,498.0563495876463,502.8356628417969,2313600,0.0,0.0,-0.013813443015230686
2013-12-09,509.1242116117763,521.4498314448815,508.6211091083215,521.1983032226562,2067300,0.0,0.0,0.03651817430188253
2013-12-10,516.9221507279074,517.9283098775363,509.12431368550307,510.6335754394531,2496900,0.0,0.0,-0.02027007324828123
2013-12-11,516.9221339143553,527.2354375838987,516.4190313263981,524.719970703125,2928000,0.0,0.0,0.0275861125104222
2013-12-12,519.4374385063703,525.4744839749537,499.5655125252835,524.216796875,4872600,0.0,0.0,-0.000958937826305184
2013-12-13,528.2416000146485,528.2416000146485,514.4067163196498,518.1798706054688,4456200,0.0,0.0,-0.011516087056956281
2013-12-16,520.6953627463671,525.9777794698809,513.1490531413473,514.1552124023438,2374500,0.0,0.0,-0.007766913443438828
2013-12-17,514.4066612239504,520.4437074346608,512.3942971340446,519.1859741210938,1395300,0.0,0.0,0.009784519533010627
2013-12-18,518.934484363809,530.253946848291,518.1798535315103,529.2477416992188,2526000,0.0,0.0,0.019379890982529124
2013-12-19,534.2786603939829,545.3465952655068,534.2786603939829,543.0827026367188,3855900,0.0,0.0,0.026140802968910304
2013-12-20,549.622746431542,552.1382131182551,543.3341718327766,549.1196899414062,3817800,0.0,0.0,0.011116147274397248
2013-12-24,553.1442318935931,565.721423960862,551.8864988691672,558.9297485351562,3291300,0.0,0.0,0.017865064344709136
2013-12-25,562.451459665525,578.8018085946476,560.1875673242162,578.2987060546875,3423600,0.0,0.0,0.03465365293275835
2013-12-26,578.8018681180921,587.1028075565523,573.5194521117992,583.078125,2313300,0.0,0.0,0.008264619815456564
2013-12-27,582.071827380018,593.3912884530456,581.3171966418162,592.6366577148438,1709700,0.0,0.0,0.016393228119891745
2013-12-30,582.32346998678,588.8635731125131,575.2802182312068,587.102783203125,3168600,0.0,0.0,-0.00933771888674062
2014-01-06,587.3544433244379,588.8637053167568,577.0411837496058,581.5689697265625,2946600,0.0,0.0,-0.009425629778777478
2014-01-07,579.0532836914062,582.8264372472994,569.4946587224791,579.0532836914062,3016800,0.0,0.0,-0.004325688209154355
2014-01-08,577.7955622602667,592.133544921875,572.0100451315299,592.133544921875,4189200,0.0,0.0,0.02258904594596789
2014-01-09,589.8699082171764,591.1275958328347,574.2741856754367,581.8204956054688,1977600,0.0,0.0,-0.017416762493614346
2014-01-10,575.5318164195816,586.8512792902092,571.5070878040168,583.078125,3685500,0.0,0.0,0.002161541925783217
2014-01-14,553.3959608379772,559.9361104550569,547.610488156535,555.4083251953125,4723200,0.0,0.0,-0.047454703955301825
2014-01-15,565.7216796875,571.2556245903229,559.9361604306731,565.7216796875,2616900,0.0,0.0,0.01856895913211365
2014-01-16,558.6783430329424,559.4329738637203,550.880506467907,552.6412963867188,2623500,0.0,0.0,-0.023121587470373628
2014-01-17,549.6227361689305,552.3897310490457,545.3465257875796,548.6165771484375,2391900,0.0,0.0,-0.0072826972298227766
2014-01-20,552.1382006728278,552.1382006728278,539.5610056997838,542.5795288085938,1845600,0.0,0.0,-0.011004130373206578
2014-01-21,540.8187390147905,549.1196775640178,535.536323574373,542.5795288085938,2161500,0.0,0.0,0.0
2014-01-22,549.8742912469775,566.7276960608997,549.6227169563924,564.71533203125,3537900,0.0,0.0,0.04079734314942263
2014-01-23,569.4946611040792,569.9977175409665,557.923626111615,561.4452514648438,3383700,0.0,0.0,-0.005790670769720285
2014-01-24,556.9176194754808,557.4207221089518,547.6105201398716,552.1383056640625,3663300,0.0,0.0,-0.016576764656035303
2014-01-27,528.2416481797925,643.1970772163894,528.2416481797925,559.4330444335938,16697100,0.0,0.0,0.013211796201601622
2014-01-28,552.3897996070323,607.4778533929795,545.5981217430113,591.1275024414062,15820500,0.0,0.0,0.05665460473451667
2014-01-29,592.1337037612012,637.4115558909699,591.6306011623107,619.3004150390625,13392300,0.0,0.0,0.047659620777750655
2014-01-30,602.1954669669975,603.4532005049798,560.9422951467461,598.9254150390625,6779400,0.0,0.0,-0.03290002639303069
2014-01-31,597.1644444475035,603.7045928901484,573.7708914730102,586.0965576171875,5145300,0.0,0.0,-0.021419791345869466
2014-02-03,577.2925955041995,585.5935347859593,569.7462870662362,570.2493896484375,3579000,0.0,0.0,-0.0270384935089496
2014-02-04,553.6475286044455,556.9175803447027,537.5487060546875,537.5487060546875,4266600,0.0,0.0,-0.057344530634062085
2014-02-05,537.548655647298,559.6845230627218,529.7508194322104,555.15673828125,4641900,0.0,0.0,0.03275616149426863
2014-02-06,517.425225026034,540.8187809324958,490.5100432000045,528.9962158203125,6115800,0.0,0.0,-0.0471227685030533
2014-02-07,536.0394789659604,539.8126335482149,513.9036541030722,517.1737060546875,6643800,0.0,0.0,-0.02234894959936884
2014-02-10,523.2106415202145,547.8619282066661,521.9529543010425,547.3588256835938,3327000,0.0,0.0,0.05836553420160606
2014-02-12,569.2430419921875,573.5192977229464,554.1504288942152,569.2430419921875,4529100,0.0,0.0,0.039981480669947445
2014-02-13,563.2062067136345,563.2062067136345,538.3033858183253,541.8250122070312,4548000,0.0,0.0,-0.048165770615660075
2014-02-14,554.4020418639217,559.4328825418662,543.334109466238,555.6597290039062,4454700,0.0,0.0,0.025533551396089482
2014-02-17,555.6597662981593,558.4267610980436,546.352668966194,553.3958740234375,2929500,0.0,0.0,-0.004074175007296343
2014-02-18,558.1752462176765,579.5564361929739,556.917512904186,577.041015625,4315500,0.0,0.0,0.04272735434337749
2014-02-19,578.5504433221284,592.8884321891892,575.5319193501156,581.8204956054688,3303000,0.0,0.0,0.008282738750021057
2014-02-20,574.777130201592,581.3172329686997,563.457668421204,566.979248046875,2630700,0.0,0.0,-0.025508292799395593
2014-02-21,578.2988159871453,590.6244851166739,573.5195021555213,582.5750732421875,2981700,0.0,0.0,0.027506871281509637
2014-02-24,578.8019055814971,585.5935837434703,563.9608157264022,580.8142700195312,3648600,0.0,0.0,-0.003022448613973272
2014-02-25,589.3667097737018,602.4469628407711,588.8636071737716,602.1954345703125,3860100,0.0,0.0,0.03681239538081993
2014-02-26,590.121434484932,595.4038514176616,581.8204935906427,588.1090698242188,3597600,0.0,0.0,-0.023391683060740687
2014-02-27,586.0966420892262,587.6059037889762,573.770974168594,577.5441284179688,3819900,0.0,0.0,-0.01796425518383482
2014-02-28,577.544145043419,578.0472476441555,565.2185228269876,572.7648315429688,3124800,0.0,0.0,-0.008275206412524105
2014-03-03,560.690693758058,568.4885301352028,550.6289649431284,567.9854736328125,2720700,0.0,0.0,-0.008344363422735257
2014-03-04,558.9299515619348,570.5009429891331,558.9299515619348,567.7339477539062,3257100,0.0,0.0,-0.0004428385770105514
2014-03-05,590.3728050987386,599.9314771100993,586.8512254569279,590.1212768554688,4214100,0.0,0.0,0.03943278218632562
2014-03-06,584.8390022353473,589.3667880591048,569.7463828228222,586.5997924804688,4574700,0.0,0.0,-0.005967390963709462
2014-03-07,594.1458999467058,597.6675252972497,583.5810699540776,589.8696899414062,2022300,0.0,0.0,0.0055743242715966534
2014-03-10,584.8389626237523,594.6491645774411,576.2864942222598,593.6430053710938,2709600,0.0,0.0,0.006396862720751573
2014-03-11,598.6738001929729,598.6738001929729,579.0533978347434,589.1151733398438,2647800,0.0,0.0,-0.007627196800574776
2014-03-12,579.8081072484192,582.0720001349324,572.2617976267087,573.51953125,1919100,0.0,0.0,-0.02647299339011777
2014-03-13,573.7710810068098,591.8822247761684,573.5195526963533,588.1090698242188,2251200,0.0,0.0,0.025438608066965962
2014-03-14,569.7462429461947,576.5379200144274,566.4761915626408,566.979248046875,3612600,0.0,0.0,-0.03592840658563434
2014-03-17,562.9545210564407,576.2863458893311,562.9545210564407,568.4884643554688,2437800,0.0,0.0,0.0026618545807324256
2014-03-18,580.3112641744991,595.4038848292325,574.2742159126058,590.8760986328125,4304400,0.0,0.0,0.039380982519541474
2014-03-19,591.1275807489549,595.1523099816195,585.5936356278153,586.3482666015625,4433100,0.0,0.0,-0.007662912820008527
2014-03-20,595.6554024133317,595.9069767923897,571.0041531611112,572.2618408203125,4359600,0.0,0.0,-0.02402399151428214
2014-03-24,559.6845640187901,568.9916625087677,548.8681577655333,554.1505737304688,5838000,0.0,0.0,-0.03164856678873085
2014-03-25,539.8125860402166,550.8805205270984,529.2477541396969,548.113525390625,9498900,0.0,0.0,-0.010894238183681959
2014-03-26,556.4144541081181,578.2987483409922,556.4144541081181,575.5317993164062,5997300,0.0,0.0,0.05002298366244662
2014-03-27,562.8269703936136,588.7449625209532,559.5237123960967,585.1876220703125,5245800,7.666667,0.0,0.01677721850534586
2014-03-28,577.5645861050488,602.7202801169353,577.5645861050488,601.703857421875,5209500,0.0,0.0,0.02822382895443054
2014-03-31,603.4827208359401,622.2859404262044,602.9745093646495,620.7613525390625,5237700,0.0,0.0,0.031672549348184864
2014-04-01,617.7120389678054,618.9825440992473,595.3514371200888,604.4989624023438,5243400,0.0,0.0,-0.02619749130676652
2014-04-02,606.531838935783,618.2203294501825,602.2121581573911,606.2777099609375,4408500,0.0,0.0,0.0029425154867508407
2014-04-03,593.5727392589286,612.6300827012452,588.7448479023967,603.99072265625,4436700,0.0,0.0,-0.0037721777777957044
2014-04-04,602.4663375349448,606.0237250145914,596.8761970898428,598.9089965820312,1864500,0.0,0.0,-0.008413582996556923
2014-04-07,594.5890218009073,603.2283339591967,591.5398473301334,594.080810546875,3290100,0.0,0.0,-0.008061635511756648
2014-04-08,581.3761001000221,586.203945433436,567.908893820429,575.0236206054688,3517200,0.0,0.0,-0.03207844724670261
2014-04-09,561.3023475376957,577.5646471091477,555.712208231291,564.6056518554688,4962000,0.0,0.0,-0.018117462268820272
2014-04-10,562.8269367541559,569.6875813189878,552.1548229866396,554.1876220703125,5344500,0.0,0.0,-0.018451869461312276
2014-04-11,543.0072153522077,556.2203376216697,537.925288196307,549.8678588867188,3970800,0.0,0.0,-0.0077947666305793195
2014-04-14,545.2941241709248,559.5236232875061,542.7531604641749,546.310546875,2376900,0.0,0.0,-0.006469394335797296
2014-04-15,552.4089577205415,553.4253340096309,529.0319308576912,530.5565185546875,3842100,0.0,0.0,-0.028837130109291342
2014-04-16,536.9089086089449,547.0728567894249,531.572852098545,544.023681640625,3113700,0.0,0.0,0.025383088539980614
2014-04-17,554.9499253847308,566.8925445992628,553.6794201199052,555.7122192382812,3587100,0.0,0.0,0.021485347039317926
2014-04-18,557.2368705572178,559.7778348502104,549.35984868023,556.9827880859375,1339200,0.0,0.0,0.0022863791791329913
2014-04-21,565.3679038103118,573.4990064669455,560.7941411184352,567.65478515625,2114100,0.0,0.0,0.019160371376980345
2014-04-22,567.4007456393344,569.687627345709,552.4089965820312,552.4089965820312,2030100,0.0,0.0,-0.02685750032041445
2014-04-23,557.4909032994167,557.4909032994167,551.3925523188333,552.1548461914062,2705700,0.0,0.0,-0.0004600764871635077
2014-04-24,552.1548135084685,555.966282645726,545.2941690614049,552.6630249023438,2523900,0.0,0.0,0.0009203554300805106
2014-04-25,561.302242824735,568.6710973973229,557.236691953677,566.3842163085938,3387300,0.0,0.0,0.02482740981029896
2014-04-28,570.7039765477952,573.7531517626066,561.8105333290212,565.367919921875,2157600,0.0,0.0,-0.0017943585951996077
2014-04-30,564.6055616161045,565.6219377293543,554.1875319801086,560.0317993164062,3754800,0.0,0.0,-0.009438315152734744
2014-05-01,559.5236801816172,575.0236394642982,559.5236801816172,574.0072631835938,2413500,0.0,0.0,0.02495476843323252
2014-05-02,567.6547728245588,575.5317928916529,561.0482113486842,564.8596801757812,2042100,0.0,0.0,-0.01593635411001182
2014-05-07,559.0155005581975,560.7942173089558,546.5647159365207,553.679443359375,3423900,0.0,0.0,-0.019792945414208063
2014-05-08,550.3760614434184,575.0235426842876,548.0891803016867,562.8268432617188,3820500,0.0,0.0,0.016521111650530385
2014-05-09,547.0728962677736,594.5891969232446,539.958122722671,574.0072631835938,10758300,0.0,0.0,0.01986475957166811
2014-05-12,578.8350333226606,592.0481558853546,561.8104885718146,563.0809936523438,4899300,0.0,0.0,-0.019035071909456414
2014-05-13,575.7859592719649,577.8187584517681,566.1302678530332,569.179443359375,2935200,0.0,0.0,0.010830501785319635
2014-05-14,576.2941846697923,576.5482671259053,561.810600663541,569.6876220703125,2874300,0.0,0.0,0.0008928268876651213
2014-05-15,560.794212761433,566.8925637963494,554.949944177396,558.7614135742188,3513600,0.0,0.0,-0.01917929769368454
2014-05-16,545.8024712261915,549.1057295189296,538.4336141597582,546.81884765625,3276300,0.0,0.0,-0.021373283172107294
2014-05-19,543.0072236087017,553.4252535321241,539.4498838508247,543.2613525390625,2732700,0.0,0.0,-0.00650580193502015
2014-05-20,541.2283865243668,546.3103587142477,537.9251301906307,540.9743041992188,2056500,0.0,0.0,-0.004209849143795519
2014-05-21,539.1957467219238,552.4088689913858,538.9416643221438,549.8678588867188,2006100,0.0,0.0,0.016439883777224384
2014-05-22,553.9334855643502,561.5564232256636,548.0892178484369,554.441650390625,3273900,0.0,0.0,0.00831798300261899
2014-05-23,561.3022578262894,563.8432678994881,555.9662018099748,560.0317993164062,2288100,0.0,0.0,0.010082483741693515
2014-05-26,567.4006562111101,570.4498313390278,564.0973986647726,567.65478515625,2011500,0.0,0.0,0.013611701780414265
2014-05-27,570.9581179803597,578.8351392571168,567.9089424504245,568.1630249023438,2918700,0.0,0.0,0.0008953324439144872
2014-05-28,571.7204738307644,571.7204738307644,559.5237703890414,564.0975341796875,3102600,0.0,0.0,-0.007155500348434374
2014-05-29,560.5399158641695,561.0481271404109,549.8678047500856,556.474365234375,3547200,0.0,0.0,-0.013513919993282997
2014-05-30,560.0320144425298,565.8762374970634,558.2532974026856,563.58935546875,3531300,0.0,0.0,0.012785836471332024
2014-06-02,571.7203426067348,580.1055742983002,569.9416726053096,578.326904296875,2765100,0.0,0.0,0.026149444955126055
2014-06-03,583.408858272213,588.9990440039588,579.5973891490786,585.6957397460938,2814300,0.0,0.0,0.01274164386002008
2014-06-04,588.9991342422666,589.5072991853901,577.564725121041,582.1384887695312,2521800,0.0,0.0,-0.006073547637728494
2014-06-05,582.646503338102,594.0809095082351,569.9416386113214,571.2120971679688,4535400,0.0,0.0,-0.01876940249159209
2014-06-06,571.2119711016323,576.0398614368752,563.8431642138745,572.2283935546875,3894900,0.0,0.0,0.0017791926882457787
2014-06-09,581.6301360419765,586.9661923359396,577.3104559141478,579.0891723632812,2724600,0.0,0.0,0.011989581233420754
2014-06-10,583.9169362235134,604.2447824103466,581.3759728976763,599.6710205078125,6210300,0.0,0.0,0.035541759588658905
2014-06-11,600.6875551477602,628.6383452193813,600.6875551477602,624.3186645507812,8395200,0.0,0.0,0.04110194289878577
2014-06-12,630.1628321190577,630.9251258488281,612.6300763343398,618.22021484375,6643500,0.0,0.0,-0.009768168170047109
2014-06-13,615.1710522697923,622.28577838152,607.80219722523,621.0153198242188,4783200,0.0,0.0,0.004521212528087792
2014-06-16,623.3022662588124,624.8268539084249,610.3432712371063,611.8678588867188,2807100,0.0,0.0,-0.014729847469929114
2014-06-17,607.2940647219243,607.5481471415586,592.5563538487321,606.0235595703125,5390400,0.0,0.0,-0.009551571032085038
2014-06-18,609.5808274256451,623.3021128960512,609.3266985287561,611.3594970703125,4080900,0.0,0.0,0.008804835085591822
2014-06-19,611.359502890478,611.359502890478,597.6382172894448,607.5480346679688,6602100,0.0,0.0,-0.006234404504401381
2014-06-20,612.8840913446035,614.6627610095852,602.7201915741607,611.6135864257812,4614000,0.0,0.0,0.00669173715628002
2014-06-23,613.6466323321139,621.5236543396821,611.1056679969987,612.8843383789062,4179600,0.0,0.0,0.0020777039315806878
2014-06-24,610.3432337841466,615.6792902303498,602.2120846429303,613.9005737304688,2985000,0.0,0.0,0.0016581193023310625
2014-06-25,614.4089189489339,619.2367650860245,613.39254253237,616.69580078125,3661500,0.0,0.0,0.004553224366277364
2014-06-26,619.998815352595,621.2693202690019,606.7857410234669,607.5480346679688,3220800,0.0,0.0,-0.014833514516707558
2014-06-27,607.548238873416,610.3433320182966,596.6220418053462,600.1793823242188,3250500,0.0,0.0,-0.012128509884452243
2014-06-30,603.4826918561838,606.0236560371578,595.097458879569,602.7203979492188,2920500,0.0,0.0,0.0042337602720703416
2014-07-01,604.7531388536323,617.9662640003796,601.4498808303089,615.6793823242188,3253800,0.0,0.0,0.021500822635327266
2014-07-02,621.7775940942395,626.8595212177064,616.4415380458979,617.9661254882812,3212100,0.0,0.0,0.0037141785638978853
2014-07-03,611.3596846104147,616.6957417080118,603.4826634514417,606.2777099609375,3022500,0.0,0.0,-0.01891433048714153
2014-07-04,617.7121039401667,621.2694907663463,604.244943542598,605.76953125,4491300,0.0,0.0,-0.0008381946137691054
2014-07-07,612.3760914895229,616.949854944283,606.5318692040369,616.1875610351562,3146400,0.0,0.0,0.017198008892356675
2014-07-08,614.6629569658006,617.9662615024986,605.7695592789408,614.4088745117188,3734400,0.0,0.0,-0.0028865992043873856
2014-07-09,606.7859307939391,614.1547871709485,600.4334972786232,607.8023071289062,4159500,0.0,0.0,-0.010752721285256284
2014-07-10,612.1218072985604,612.1218072985604,595.3513468246272,595.8595581054688,4044900,0.0,0.0,-0.019649068263415836
2014-07-11,588.2365904956985,595.6053977822619,585.6955807522468,594.080810546875,3007800,0.0,0.0,-0.002985179199355703
2014-07-14,597.3842428803592,604.7530517578125,592.556351241509,604.7530517578125,2514000,0.0,0.0,0.01796429209876904
2014-07-15,609.0727158665223,609.3267982782946,601.7038606579376,607.0399169921875,3270000,0.0,0.0,0.003781486059025063
2014-07-16,614.6628997505171,615.9334049561162,604.7530801163222,605.2612915039062,2994000,0.0,0.0,-0.0029299975808743106
2014-07-17,608.0563589162442,618.7284719221398,605.0071837717026,610.089111328125,2934900,0.0,0.0,0.007976422566562835
2014-07-18,603.7366402525917,610.851366295484,600.6874653018209,603.99072265625,2963100,0.0,0.0,-0.009995898236241585
2014-07-22,606.2776159461552,619.9989034979461,604.7530284404005,617.203857421875,3583200,0.0,0.0,0.021876386954282845
2014-07-23,618.2203630266832,619.2367394010895,610.5974239018166,613.3925170898438,1807200,0.0,0.0,-0.006175172572562393
2014-07-24,610.59721215053,615.4250564131034,606.2775326355675,608.8185424804688,2467200,0.0,0.0,-0.0074568477474677985
2014-07-25,613.138257312781,630.4169311523438,610.8513760631351,630.4169311523438,4221900,0.0,0.0,0.03547590483016183
2014-07-28,635.4989560234462,657.3513475902979,635.4989560234462,643.3759765625,6766800,0.0,0.0,0.020556309276891227
2014-07-29,648.7120877502945,657.097320376914,643.8842420499373,647.1875,3801300,0.0,0.0,0.005924255142171431
2014-07-30,647.9496813548858,650.4906449885481,642.1054138180731,648.7119750976562,2770200,0.0,0.0,0.0023555385381457405
2014-07-31,651.7611537746312,672.089002539666,650.2365662804215,668.5316162109375,6000000,0.0,0.0,0.030552297281544183
2014-08-01,659.1300823420518,670.5644898237371,655.5726956166197,660.9087524414062,4794600,0.0,0.0,-0.011402398308004713
2014-08-04,676.1548270484641,684.5400616567314,670.0564746060879,677.1712036132812,6489600,0.0,0.0,0.024606197318164158
2014-08-05,688.3512344018227,698.7692641633952,677.6791222405541,679.9660034179688,8286000,0.0,0.0,0.0041271687126902545
2014-08-06,743.49042924602,806.7608519668479,714.2691866733061,769.9166259765625,45504000,0.0,0.0,0.13228694097416804
2014-08-07,768.6461331727356,772.457601678595,745.5232397460937,762.293701171875,14923200,0.0,0.0,-0.009900974400986029
2014-08-08,726.974256988252,752.1299542641888,706.3923228533947,727.482421875,17686200,0.0,0.0,-0.04566649211892948
2014-08-11,747.0478577555753,757.2117586787182,737.1380392343278,753.6544189453125,8669100,0.0,0.0,0.03597612297333219
2014-08-12,751.1134283316422,792.7855022944894,742.9823259925879,771.1871948242188,11177100,0.0,0.0,0.0232636808571256
2014-08-13,759.7527796297752,780.080581765699,754.9248882379512,773.7281494140625,6529500,0.0,0.0,0.0032948609713663313
2014-08-14,771.1873238911111,777.5397573804083,762.2938797847141,767.3758544921875,4451400,0.0,0.0,-0.00820998295937081
2014-08-15,767.3757464357955,767.3757464357955,751.113448272512,753.4003295898438,5891400,0.0,0.0,-0.018212098830751033
2014-08-18,756.1954819247042,761.7856211880893,753.908600426948,759.7528686523438,4157400,0.0,0.0,0.0084318241086494
2014-08-19,763.5643036527947,766.1052674721535,747.5561338847199,752.6380615234375,5523600,0.0,0.0,-0.009364633451830917
2014-08-20,747.3018994552107,757.9740111275986,742.4740549218448,750.35107421875,4047300,0.0,0.0,-0.0030386282884210525
2014-08-21,747.0479068386501,749.3347881861154,735.1052887374249,740.4413452148438,6732600,0.0,0.0,-0.013206789920603534
2014-08-22,741.7117884539175,742.9822934942616,735.3593563056294,736.375732421875,5145000,0.0,0.0,-0.005490796562405698
2014-08-25,742.2200543004661,742.4741367165138,732.5643176432955,736.1217041015625,4380900,0.0,0.0,-0.00034497106453657
2014-08-26,736.8840305806905,739.6790768614242,730.2774687297604,735.613525390625,5750700,0.0,0.0,-0.0006903460502604153
2014-08-27,735.6134929256494,736.375786700702,717.3184423243898,721.6381225585938,6453900,0.0,0.0,-0.01899829509606965
2014-08-28,731.5477819306349,736.8838371910921,724.687139452904,734.0887451171875,5825700,0.0,0.0,0.017253277188918004
2014-08-29,734.3428502092398,743.7445026912586,730.023217311058,738.408447265625,6195300,0.0,0.0,0.005884441325616496
2014-09-01,742.220128087631,753.4004068792855,739.1709526850481,747.0479736328125,6589800,0.0,0.0,0.011700199800232847
2014-09-02,747.0478024826837,749.3346835106919,735.867479725739,739.4248657226562,5857500,0.0,0.0,-0.010204308396803419
2014-09-03,744.252775196956,745.7773626821848,730.7856167619133,734.3429565429688,4434900,0.0,0.0,-0.006872786425326405
2014-09-04,735.8675399562843,736.1216688868947,721.6380878573657,724.9413452148438,4677000,0.0,0.0,-0.012802752779688231
2014-09-05,729.0069876571121,730.023410453479,711.7283584395531,715.0316162109375,4721700,0.0,0.0,-0.01366969765115189
2014-09-08,712.9987530800464,714.5233406108853,699.5315942421163,709.6954956054688,4303800,0.0,0.0,-0.007462775749337736
2014-09-09,705.1217947539881,706.1381710213024,690.1300005458064,691.1464233398438,6410700,0.0,0.0,-0.02613666337250753
2014-09-10,683.523412408924,688.8594686672512,672.0890061410798,688.3512573242188,8314200,0.0,0.0,-0.004044245793992318
2014-09-11,701.056226975601,707.1545774921652,694.4496650737491,697.4988403320312,4758600,0.0,0.0,0.013289120794768738
2014-09-12,711.2201606487406,711.9824544972387,701.3103406182651,707.40869140625,5967600,0.0,0.0,0.014207695412800092
2014-09-16,708.9332116458818,708.9332116458818,693.94141854303,696.7365112304688,3492600,0.0,0.0,-0.015086300614381987
2014-09-17,698.0071753365786,713.2530543280822,697.2448813870035,706.9005737304688,3381000,0.0,0.0,0.014588100861902209
2014-09-18,709.6954795951762,715.2856182399021,707.1545159433405,711.9823608398438,3431700,0.0,0.0,0.0071888286673149615
2014-09-19,714.2692748428186,714.2692748428186,706.3922545921639,711.4741821289062,3380700,0.0,0.0,-0.0007137518271352894
2014-09-22,717.3184921462814,718.8430798022778,702.8349094143161,704.3594970703125,2954400,0.0,0.0,-0.009999920218193847
2014-09-24,694.9578412621275,698.2610987823954,678.6955430237638,696.7365112304688,4849800,0.0,0.0,-0.010822578344652833
2014-09-25,704.8677113860796,715.285696060753,702.0726184962602,713.7611083984375,3984000,0.0,0.0,0.024434771098621688
2014-09-26,704.8296750860583,718.354615678124,704.5744557890679,716.0579223632812,3913200,4.0,0.0,0.0032179029339345355
2014-09-29,717.3337824806473,725.2445983733263,712.7403964668972,723.9686889648438,4643400,0.0,0.0,0.011047662981583661
2014-09-30,724.7342258940125,726.77569956092,713.2507612938944,718.3544921875,4809900,0.0,0.0,-0.007754750810247235
2014-10-01,716.057850646071,721.4168011773082,706.6159057617188,706.6159057617188,2990700,0.0,0.0,-0.016340938288052498
2014-10-02,695.642797521988,700.236183462941,682.3729847638986,684.669677734375,4635000,0.0,0.0,-0.03105821401470732
2014-10-03,689.0078766642212,717.3337560381947,688.497484883839,716.8233642578125,6066900,0.0,0.0,0.04696233463972943
2014-10-06,724.734208981817,727.0309018482457,717.0785660937215,721.1615600585938,4732500,0.0,0.0,0.006051973215567497
2014-10-07,718.3544036307842,722.1822246922738,706.3605954556708,707.1261596679688,3190200,0.0,0.0,-0.01946221369520118
2014-10-08,691.5596755526074,700.7464463572604,690.7941113188863,695.13232421875,5408100,0.0,0.0,-0.016961379925260367
2014-10-09,695.1322662592735,699.7256512786079,683.3936312297507,683.6488037109375,3383700,0.0,0.0,-0.016519905790194245
2014-10-10,668.0823323061904,685.4350886028573,666.2959848004103,684.9247436523438,4159500,0.0,0.0,0.0018663675478993724
2014-10-14,670.1238260910737,674.7172111443858,660.1714918088978,665.2752685546875,4693200,0.0,0.0,-0.028688516920670648
2014-10-15,664.5098152589267,664.7649877845789,644.6051433732906,655.06787109375,7711500,0.0,0.0,-0.015343118771141362
2014-10-16,639.5012666757385,648.1776919194183,634.39753659557,637.7149658203125,7319700,0.0,0.0,-0.026490240231846207
2014-10-17,641.0324703933245,647.9225488651226,635.4183479547119,641.7980346679688,6218700,0.0,0.0,0.006402654895207194
2014-10-20,656.343814438018,658.8957267320425,646.9018697838773,649.4537353515625,7148400,0.0,0.0,0.011928519986126762
2014-10-21,650.4745512525594,655.578282641305,642.8189074430995,645.1156005859375,4567800,0.0,0.0,-0.006679667125598532
2014-10-22,654.8126793987905,664.5098432240501,645.8811266353813,662.4683227539062,4935600,0.0,0.0,0.02689862429649481
2014-10-23,658.6403790289176,671.1446253427697,649.1984362159992,664.764892578125,6024600,0.0,0.0,0.003466686247988182
2014-10-24,672.6757833501396,676.7587769872885,659.6611914849993,666.55126953125,5036100,0.0,0.0,0.00268723118965708
2014-10-27,669.3583230429253,670.1238872883905,660.6819438364314,666.0408935546875,2953500,0.0,0.0,-0.0007656965036184626
2014-10-28,664.2546383384902,666.0409394589115,658.3852964766251,665.0202026367188,2571300,0.0,0.0,-0.0015324748492863138
2014-10-29,668.3377075195312,672.165529441178,663.4891486608925,668.3377075195312,4435200,0.0,0.0,0.00498857759457394
2014-10-30,672.1653834521209,701.2568237382035,669.6135183007153,691.04931640625,9400500,0.0,0.0,0.03398223477620421
2014-10-31,695.1323720364207,701.0017138074746,685.6904280798001,689.5182495117188,8394000,0.0,0.0,-0.002215568206468177
2014-11-04,720.9061921084606,720.9061921084606,696.6633139593428,700.2359619140625,8227500,0.0,0.0,0.01554376901544452
2014-11-05,704.3190451920269,712.2298594720015,699.9808325990966,708.4020385742188,6472800,0.0,0.0,0.0116618927109009
2014-11-06,712.2299068689516,712.2299068689516,696.6634497575064,703.5535278320312,8763000,0.0,0.0,-0.006844292475422509
2014-11-07,665.2752252943013,685.1798925643265,645.6257304907576,654.8125,21135300,0.0,0.0,-0.06927835040814101
2014-11-10,638.225174266845,642.8185580559075,628.0176235847175,632.3558349609375,11857200,0.0,0.0,-0.0342948020067767
2014-11-11,637.7150248209635,649.9640529087611,633.8872035435268,643.073974609375,7535700,0.0,0.0,0.01694953862345483
2014-11-12,648.1777093796119,648.1777093796119,632.1008610687211,632.6112060546875,8591100,0.0,0.0,-0.016269930004620292
2014-11-13,625.2108345434024,627.7626998617043,612.7065870131535,616.2792358398438,11329500,0.0,0.0,-0.025816757683916003
2014-11-14,623.4244234272843,626.4866801886567,614.4928723575015,621.6381225585938,7293300,0.0,0.0,0.008695549690956428
2014-11-17,624.4451952907353,624.4451952907353,604.7956991929884,606.8372192382812,6464400,0.0,0.0,-0.023809516796353458
2014-11-18,618.5758624924426,633.12158203125,615.2584332607894,633.12158203125,9273900,0.0,0.0,0.04331369592979417
2014-11-19,638.7357615861687,649.7088803990433,635.4183320545014,643.073974609375,8816700,0.0,0.0,0.015719559813763828
2014-11-20,655.8334555815318,655.8334555815318,642.0532976981355,645.3707275390625,6632700,0.0,0.0,0.0035715221271124253
2014-11-21,645.6259007986001,649.4537224371815,638.7358218491538,643.839599609375,3998700,0.0,0.0,-0.0023724781189348176
2014-11-25,652.0055108416667,652.7710750239753,642.5635214423066,644.6050415039062,4947300,0.0,0.0,0.0011888704810882889
2014-11-26,644.8602095318317,664.5097056507097,642.8187362106726,660.681884765625,6618600,0.0,0.0,0.02494061049260554
2014-11-27,657.1093649753985,659.4060579559646,643.8395988853518,645.3707275390625,4553400,0.0,0.0,-0.02317477984430294
2014-11-28,647.6673708399011,658.1300980798203,646.9018065717688,655.5781860351562,3420900,0.0,0.0,0.01581642621910828
2014-12-01,662.9786793054176,672.6758426151224,657.8749017645724,671.9102783203125,5636700,0.0,0.0,0.02491250110674126
2014-12-02,671.1446548954171,671.1446548954171,660.9371007130466,666.55126953125,3964500,0.0,0.0,-0.007975780341475502
2014-12-03,669.8686678435342,677.0139180584218,668.0823669713948,670.1238403320312,4529700,0.0,0.0,0.005359783956744524
2014-12-04,677.5244922614738,680.841922410847,668.592892042278,674.7174072265625,5215800,0.0,0.0,0.006854802975305718
2014-12-05,677.7795291732176,677.7795291732176,663.4890277541047,667.572021484375,3966300,0.0,0.0,-0.010590190301386637
2014-12-08,670.6342949108824,670.6342949108824,663.9993890509312,665.530517578125,2819100,0.0,0.0,-0.003058102857142808
2014-12-09,658.1300331487644,686.4559082750297,653.7918204819109,667.8271484375,7747200,0.0,0.0,0.0034508272704496523
2014-12-10,662.9786546778878,674.2069461601176,655.8334037671968,659.406005859375,4641000,0.0,0.0,-0.012609763765710547
2014-12-11,646.6466968689922,652.0056472664526,643.074047695239,650.2192993164062,4251300,0.0,0.0,-0.013931790825890467
2014-12-12,645.6259576878549,658.1302072932565,645.6259576878549,651.4953002929688,3840000,0.0,0.0,0.0019624163384630577
2014-12-15,643.0738376440996,643.8394017365331,638.225280634129,638.9908447265625,4209900,0.0,0.0,-0.019193470099911902
2014-12-16,637.97021484375,642.3084279860456,635.1631769807957,637.97021484375,3477000,0.0,0.0,-0.001597252748197442
2014-12-17,637.9701838758599,639.7565315852122,633.8871901748158,637.4598388671875,4977300,0.0,0.0,-0.0007999996938532483
2014-12-18,646.9019048446112,649.7089898296406,637.7151322314332,639.7566528320312,3919500,0.0,0.0,0.0036030724208844234
2014-12-19,645.3706436654799,667.5720062589542,643.8395152107574,666.55126953125,6992100,0.0,0.0,0.0418825135785712
2014-12-22,674.2069786760924,679.0555370215069,649.453701718705,655.06787109375,4493700,0.0,0.0,-0.01722807976283003
2014-12-24,667.827194551995,669.1031505365481,659.6612070845889,666.0408935546875,3765600,0.0,0.0,0.01675097031184891
2014-12-25,665.5305681538425,667.3169160555416,652.7711939418264,654.5574951171875,2858400,0.0,0.0,-0.017241281351678905
2014-12-26,654.5576017726095,658.3854240051978,648.4330862004681,654.3024291992188,2478000,0.0,0.0,-0.0003896768731111999
2014-12-29,660.9371052263781,662.4682336915561,646.9017765376909,653.5366821289062,2732100,0.0,0.0,-0.00117032588622612
2014-12-30,656.3439032390355,660.9372899181415,653.7920373260918,654.3024291992188,3260400,0.0,0.0,0.0011716971537358845
2015-01-05,655.8333449152656,662.2130309870965,647.1569195240852,653.2814331054688,3635400,0.0,0.0,-0.0015604345149682342
2015-01-06,641.7980378033741,644.8602949169111,633.3768307411469,634.1423950195312,4504800,0.0,0.0,-0.02929677335992431
2015-01-07,632.1008610687211,636.9494187933874,630.5697326581601,632.6112060546875,2252700,0.0,0.0,-0.002414582240313101
2015-01-08,635.9286219220407,638.9908784534048,626.2314606639458,627.252197265625,3841200,0.0,0.0,-0.008471251754271325
2015-01-09,629.0386501380143,636.1839009997914,625.2108288323597,630.824951171875,3161100,0.0,0.0,0.005695881053625174
2015-01-13,627.7626806699747,629.0386366532848,619.0863014719316,625.2108154296875,2968800,0.0,0.0,-0.008899672931069413
2015-01-14,620.3622462419514,625.4660237410282,612.9618226035766,614.2377319335938,3467100,0.0,0.0,-0.017551013554607642
2015-01-15,612.4513766127375,616.5343702147118,589.994841712381,594.3330078125,8721600,0.0,0.0,-0.03240557049211967
2015-01-16,588.2086144503905,595.8642582251302,577.4907131657549,595.0986938476562,5595900,0.0,0.0,0.0012883114770529946
2015-01-19,594.8435310729503,595.8642680175766,564.7313473062235,577.49072265625,7524600,0.0,0.0,-0.02958832101875497
2015-01-20,583.615046225226,609.1338820022876,581.5735730060164,605.81640625,6539700,0.0,0.0,0.04904959072495929
2015-01-21,596.6297452712099,602.4990869798771,590.7604502888781,596.3745727539062,4257000,0.0,0.0,-0.015585305050648368
2015-01-22,595.8641931579897,605.050964684501,583.1048194109484,604.285400390625,4950000,0.0,0.0,0.013264864060499093
2015-01-23,610.154705806645,617.8103482885351,599.6919788392839,617.55517578125,5876100,0.0,0.0,0.02195945058749893
2015-01-26,608.8786925572449,613.7272968240242,601.7334424882138,606.8372192382812,2379300,0.0,0.0,-0.017355463873183097
2015-01-27,601.7334130852539,608.1130986663559,592.2914709490108,605.81640625,6191100,0.0,0.0,-0.0016821858579515458
2015-01-28,595.0986298399125,604.0302288585559,593.0571562037868,601.9887084960938,5084400,0.0,0.0,-0.00631824710327622
2015-01-29,601.9887353434415,611.6858990896878,601.2231710141677,608.3684692382812,4525500,0.0,0.0,0.010597807985677443
2015-01-30,608.6236399610768,616.2792832310275,607.347683840639,612.1962890625,4203300,0.0,0.0,0.006291943152496815
2015-02-02,607.0924195166666,621.8933120252779,606.8372470216957,617.2999267578125,4670400,0.0,0.0,0.008336603449733415
2015-02-03,621.6381066399922,626.4866641458957,610.9202082496475,622.9140625,9143400,0.0,0.0,0.009094664520169493
2015-02-04,623.934886883186,634.9079592979156,621.3830215306835,634.1423950195312,6128100,0.0,0.0,0.018025492111171104
2015-02-05,629.804233027398,636.439092335888,619.0863330545528,623.4244995117188,5120700,0.0,0.0,-0.016901401943773875
2015-02-06,621.1278409935138,631.0801772327043,612.7066334065065,613.7274169921875,6831600,0.0,0.0,-0.015554541932706
2015-02-09,620.6174489346582,622.403749984836,612.7065870131535,616.2792358398438,3304800,0.0,0.0,0.004157902640495426
2015-02-10,616.0240670188199,623.6797097459538,604.0302111708652,607.0924682617188,5587800,0.0,0.0,-0.0149068263927562
2015-02-12,615.0031823816954,629.5489011715531,576.7249750399649,579.0216674804688,16827000,0.0,0.0,-0.04623809756959241
2015-02-13,576.7249016241426,576.7249016241426,548.9094234054438,552.7372436523438,19788600,0.0,0.0,-0.045394542733604326
2015-02-16,556.5653335149657,557.5860704998386,532.0672720672643,539.2125244140625,14826000,0.0,0.0,-0.024468623009575863
2015-02-17,539.212444498102,555.5445141935779,539.212444498102,546.6129150390625,8439300,0.0,0.0,0.013724441273024413
2015-02-18,548.6543837544924,564.4760134534184,547.6336002907127,563.71044921875,8498700,0.0,0.0,0.03127905270673237
2015-02-19,553.7582209699885,564.7313416008157,547.8889251897563,559.6275634765625,10474500,0.0,0.0,-0.007242877523107816
2015-02-20,550.6957086373841,555.5443119662269,545.081588006762,550.1853637695312,10669800,0.0,0.0,-0.016872292080064244
2015-02-23,560.3929912577864,562.4345113551162,552.2269575947979,555.54443359375,7686300,0.0,0.0,0.009740480530964435
2015-02-24,555.7997586397966,565.7520959157157,551.4615447645891,556.8204956054688,10383900,0.0,0.0,0.002296957605108396
2015-02-25,557.841126180872,559.3722545722868,549.419920028091,555.54443359375,7066500,0.0,0.0,-0.002291693681877094
2015-02-26,551.9717851050056,555.7996060835424,551.4613933990905,555.54443359375,4195200,0.0,0.0,0.0
2015-02-27,557.5859688582008,557.8411881026534,550.4407178139013,554.0133666992188,7402500,0.0,0.0,-0.002755975583495607
2015-03-02,558.0963651712462,581.8288580660455,555.7996723104593,580.2977294921875,10472700,0.0,0.0,0.0474435534824178
2015-03-03,580.8081665039062,581.5737308504728,569.5798738454843,580.8081665039062,5974800,0.0,0.0,0.000879612284827358
2015-03-04,579.2768863171167,586.9325277806631,577.2353663513953,580.5527954101562,6256200,0.0,0.0,-0.00043968234001801054
2015-03-05,576.7250616549084,589.7396541056819,576.7250616549084,589.2293090820312,3914700,0.0,0.0,0.014945262068275955
2015-03-06,589.4845437891543,596.1194503336561,584.3807659298191,586.9326782226562,4707000,0.0,0.0,-0.003897686051892002
2015-03-09,580.2977334193826,583.1048180658979,567.7935322236979,571.1109619140625,6583500,0.0,0.0,-0.0269566117131268
2015-03-10,572.8972767950105,579.2770105335463,569.0694552424239,575.1939697265625,4894800,0.0,0.0,0.00714923733702455
2015-03-11,569.0693641851531,579.7872628174155,569.0693641851531,574.6835327148438,3627000,0.0,0.0,-0.0008874171820010268
2015-03-12,575.4492487669974,581.0633720519553,574.9388569315131,577.49072265625,3978600,0.0,0.0,0.004884757926062244
2015-03-13,577.4905100728425,578.0009017204435,567.5381766657356,568.5589599609375,6676800,0.0,0.0,-0.015466504213660137
2015-03-16,567.7933650256255,577.7456978923927,562.9447614524726,575.9593505859375,4734300,0.0,0.0,0.01301604784402377
2015-03-17,581.0632788898139,585.146272740033,576.9802850395947,578.5114135742188,3909600,0.0,0.0,0.004430977612716935
2015-03-18,579.5321668242395,579.5321668242395,569.324658545449,576.4699096679688,6002400,0.0,0.0,-0.0035288913206343864
2015-03-19,570.6005094088264,575.4491138936589,555.0340527016044,570.3453369140625,7243200,0.0,0.0,-0.010624271364716775
2015-03-20,569.579821824114,599.4368286132812,566.5175647175327,599.4368286132812,12259500,0.0,0.0,0.05100680204842667
2015-03-23,593.057266867438,599.692127512407,591.015746124031,592.546875,4805100,0.0,0.0,-0.011494044550482974
2015-03-24,591.0156256341315,594.3330552802942,584.3807196154706,589.4844970703125,5002500,0.0,0.0,-0.0051681614719299995
2015-03-25,591.7811426520575,596.3745279766531,589.994841712381,594.3330078125,4569600,0.0,0.0,0.008225001278717503
2015-03-26,595.6088891185595,595.6088891185595,583.6150355874311,584.1254272460938,5202000,0.0,0.0,-0.01717485051684453
2015-03-27,588.2996913852455,602.1266585628773,587.5170310631231,593.5173950195312,4558800,16.666668,0.0,0.016078683336413935
2015-03-30,595.0828521961355,603.6921177147416,590.9086787770498,600.0397338867188,3799500,0.0,0.0,0.010989296896635858
2015-03-31,613.0839496317069,639.1726608635574,607.3444560902032,609.9533081054688,10425600,0.0,0.0,0.016521529590274753
2015-04-01,606.5617065429688,612.8229886750252,601.3439555096578,606.5617065429688,5978400,0.0,0.0,-0.005560428179387067
2015-04-02,610.4751870974551,622.4759654504612,607.6054160211643,621.9542236328125,5374200,0.0,0.0,0.025376671365509917
2015-04-03,623.5194308868333,632.9113551289623,619.8669999805174,627.693603515625,4693200,0.0,0.0,0.009227977984117564
2015-04-06,624.5629966111101,634.9984526445872,622.2150154208427,630.8242797851562,3364800,0.0,0.0,0.0049875867015320985
2015-04-07,641.7815565704175,650.1299504653325,639.6944461542382,648.3037109375,8622600,0.0,0.0,0.027708875058355176
2015-04-08,650.9126364926342,655.608599286321,637.8682794757918,638.6509399414062,8196900,0.0,0.0,-0.0148892730879715
2015-04-09,635.2591882663583,648.8252819783493,634.4765280950936,646.2164306640625,4583400,0.0,0.0,0.01184604961726099
2015-04-10,647.5210307396752,656.912955671128,644.6513077460427,651.1734619140625,5724600,0.0,0.0,0.007670853006485956
2015-04-13,651.1734569609642,660.8262526993785,650.6516674343635,658.478271484375,4550400,0.0,0.0,0.011217916573013742
2015-04-14,654.8258491364346,665.2613046587971,649.6080974903548,664.2177734375,3691500,0.0,0.0,0.008716311838485868
2015-04-15,661.3480225006808,666.5657743016644,656.3911893401155,661.8698120117188,3120300,0.0,0.0,-0.003534927127333498
2015-04-16,656.9129588758869,666.044012971501,650.3908046760487,665.7831420898438,4811400,0.0,0.0,0.005912537491671754
2015-04-17,659.2609253516785,667.087529324076,657.695604557199,660.3045043945312,3994500,0.0,0.0,-0.008228862145886473
2015-04-20,650.9125910538651,658.2174056330658,646.9992889989717,651.6952514648438,3945600,0.0,0.0,-0.013038307133133697
2015-04-21,651.6950907891701,659.78256378538,649.8688517672795,655.8692626953125,4144500,0.0,0.0,0.006404851379669729
2015-04-22,655.8693109070523,660.3044017250737,650.6515598134855,657.9564208984375,3142200,0.0,0.0,0.00318227781333702
2015-04-23,660.0436004998951,667.0875442324742,655.0867671298655,664.7395629882812,4635300,0.0,0.0,0.01030940936875635
2015-04-24,667.60936587393,668.9138158844855,652.7388172788483,654.3041381835938,3425400,0.0,0.0,-0.01569851620953011
2015-04-27,654.3041035578801,654.5649744382648,645.6948390373817,651.1734619140625,4053600,0.0,0.0,-0.004784741661916225
2015-04-28,647.5210224631774,654.5649660717326,642.8250600574738,644.390380859375,3621300,0.0,0.0,-0.010416703768530877
2015-04-30,636.5636820574365,650.6515671766815,629.78065810581,642.30322265625,6120000,0.0,0.0,-0.003238965486017209
2015-05-01,629.2590607195116,635.5203449057755,621.693326404507,632.6505737304688,5466600,0.0,0.0,-0.015028180749059095
2015-05-07,625.0847451478014,631.8677696284147,624.0411661740173,628.998046875,4318500,0.0,0.0,-0.00577337160058411
2015-05-08,625.0847451478014,634.4766692930782,622.7367641114821,628.998046875,3691800,0.0,0.0,0.0
2015-05-11,618.5625104244389,659.5217648085428,618.5625104244389,647.2600708007812,10888500,0.0,0.0,0.02903351451806735
2015-05-12,654.3040249984566,662.3914990173577,650.1298525644746,660.0435180664062,4541700,0.0,0.0,0.019750094038412547
2015-05-13,657.434701074576,665.2613046587971,653.2605284195904,664.2177734375,3778200,0.0,0.0,0.006324212353940206
2015-05-14,661.087164791771,667.087529324076,656.9129441599592,660.3045043945312,3195300,0.0,0.0,-0.00589154521222246
2015-05-15,660.5653818209781,662.9133630359817,653.782309054368,658.478271484375,4052400,0.0,0.0,-0.0027657435289356602
2015-05-18,662.6524071738189,675.1749720478451,662.6524071738189,668.6527709960938,3731400,0.0,0.0,0.015451534169506953
2015-05-19,666.3048970923888,671.0008596743317,660.5654031932817,663.1742553710938,4071300,0.0,0.0,-0.008193364123562419
2015-05-20,668.6528769162993,668.6528769162993,655.0867787437188,656.1303100585938,4115100,0.0,0.0,-0.010621560254262863
2015-05-21,663.435106544667,670.2181310709852,660.3044651418132,665.0004272460938,3318300,0.0,0.0,0.013518834675855684
2015-05-22,669.1745889353198,678.044723508663,667.8701391154943,673.087890625,4658400,0.0,0.0,0.012161591252502157
2015-05-25,672.8270307532279,677.7838637178138,663.1741879145645,665.0004272460938,2767800,0.0,0.0,-0.012015464089536021
2015-05-26,660.3045442116891,663.9569277725179,654.5650024392966,655.0867919921875,3341100,0.0,0.0,-0.014907712608487667
2015-05-27,658.2174204581452,662.6525121435164,651.1734766006858,656.1303100585938,3790200,0.0,0.0,0.001592946276985474
2015-05-28,662.130811215637,664.4787928156924,653.2606744275856,654.0433349609375,5212800,0.0,0.0,-0.003180732646644313
2015-05-29,656.65207493846,669.6964308485852,656.65207493846,666.3048706054688,6257100,0.0,0.0,0.01874728322896768
2015-06-01,657.9565851113457,667.0875920917655,651.9561722446496,666.8267211914062,6906300,0.0,0.0,0.0007832009174169041
2015-06-02,667.6095106974332,673.6099247238856,663.6962075866627,666.044189453125,4541100,0.0,0.0,-0.0011735158676351443
2015-06-03,669.1745909555914,670.2181221527246,655.3475756870448,658.2173461914062,3560400,0.0,0.0,-0.011751237208668108
2015-06-04,665.0003856905724,668.9136871995993,660.30442387974,662.6524047851562,3188400,0.0,0.0,0.006737984982334799
2015-06-05,656.391357421875,657.6957598787895,649.8691540580589,656.391357421875,2960400,0.0,0.0,-0.009448463957979936
2015-06-08,660.5653424532909,665.7830940989364,656.6520406615059,663.6959838867188,3178200,0.0,0.0,0.011128462284351714
2015-06-09,663.6960217680822,664.7395530488535,647.5210241822286,651.9561157226562,5335500,0.0,0.0,-0.017688623178509832
2015-06-10,652.2169881932576,652.4779068414376,629.7807550981827,630.0416259765625,6266700,0.0,0.0,-0.03361344301802094
2015-06-11,636.824617259985,640.4770001691763,628.7370955972171,631.8677368164062,4480200,0.0,0.0,0.0028983971289409105
2015-06-12,630.8242469909806,636.8246589774359,626.9109452106394,634.2157592773438,8261700,0.0,0.0,0.0037160030875571515
2015-06-15,628.9980360077844,637.0855101810021,628.4762465299074,636.563720703125,3253200,0.0,0.0,0.0037021492945186196
2015-06-16,636.563720703125,642.3032616503853,634.737529185249,636.563720703125,3798000,0.0,0.0,0.0
2015-06-17,638.6508128230734,638.6508128230734,624.0411377829408,624.5629272460938,5168700,0.0,0.0,-0.018852462160073524
2015-06-18,624.5630426617413,628.9981344936346,622.475932193238,625.8674926757812,2915100,0.0,0.0,0.0020887653954098084
2015-06-19,630.0416193884005,635.2593712900389,628.2154277192369,630.8242797851562,2829300,0.0,0.0,0.007919866692841282
2015-06-22,631.3461237307662,636.0420865161111,629.7808028023178,631.6069946289062,2698200,0.0,0.0,0.0012407810999548463
2015-06-23,636.56370624178,654.0431517707106,632.9113232890021,653.5213623046875,4968900,0.0,0.0,0.03469620802514517
2015-06-24,654.5649944162358,659.2609570252876,644.3904087632901,648.3037109375,4836900,0.0,0.0,-0.007983903309276785
2015-06-25,648.3039629507691,648.8257527000982,641.5209350585938,641.5209350585938,2642700,0.0,0.0,-0.010462343134050256
2015-06-26,637.0855168528664,642.0423497503235,633.95487549241,636.8246459960938,3198300,0.0,0.0,-0.007320554647325839
2015-06-29,623.780244662541,625.6064360636757,618.5624935267085,619.3451538085938,2996400,0.0,0.0,-0.02744788898702144
2015-06-30,615.6928447381291,618.5625676021747,611.7795428600685,617.7799072265625,2503800,0.0,0.0,-0.002527260562879885
2015-07-01,621.6930801218365,621.6930801218365,613.8664779895021,619.6060180664062,2150100,0.0,0.0,0.002955924623773809
2015-07-02,620.9105421865239,628.4762749943209,617.5190298512069,619.0843505859375,3153900,0.0,0.0,-0.0008419341731004115
2015-07-03,621.4322808681391,625.3455823849409,609.9532471622556,610.4750366210938,3124800,0.0,0.0,-0.013906528176161115
2015-07-06,600.3004890984366,602.3875992906234,594.8218666425188,598.21337890625,3241800,0.0,0.0,-0.02008543671615237
2015-07-07,603.4312604061279,605.2574523613038,596.3873157321265,597.4308471679688,3582000,0.0,0.0,-0.0013081147394463644
2015-07-08,602.3875838030513,605.2573065025051,592.7347412109375,592.7347412109375,5554800,0.0,0.0,-0.007860501310390067
2015-07-09,578.1252786679652,588.5607368014589,566.1244516561478,587.2562866210938,4476600,0.0,0.0,-0.009242675026355673
2015-07-10,597.1699049813407,618.0408655959609,595.0827945889382,613.6057739257812,7847400,0.0,0.0,0.044868804140514085
2015-07-13,615.6928427904576,621.9541257755477,609.17064116779,610.7359619140625,3519900,0.0,0.0,-0.004676963831937275
2015-07-14,622.2150171473365,642.0423979968992,618.3017151526992,638.3900146484375,5379900,0.0,0.0,0.045279882729856835
2015-07-15,641.7815565788896,651.6952713436194,641.5206856905395,649.3472900390625,4287900,0.0,0.0,0.017163920392237353
2015-07-16,652.2169408057151,663.4351043079847,651.4342804576404,657.4346923828125,4493700,0.0,0.0,0.012454664041584795
2015-07-17,656.6521207730445,663.1742752984562,656.1303312138825,661.3480834960938,2352000,0.0,0.0,0.005952516894259796
2015-07-21,666.3047708359293,672.8269716992861,665.000368879092,671.5225219726562,3679800,0.0,0.0,0.015384392471173847
2015-07-22,669.4356019066117,683.784409661428,668.1311995796693,678.3057861328125,6390300,0.0,0.0,0.010101320414734216
2015-07-23,678.0447932101425,683.523416138885,672.5661702814001,679.3492431640625,3295200,0.0,0.0,0.0015383283654397673
2015-07-24,683.2626084116861,694.7416448657351,679.6101768649875,693.958984375,5417100,0.0,0.0,0.021505494203383213
2015-07-27,693.9588951783151,701.7854990796878,686.6540330238344,689.5238037109375,3732300,0.0,0.0,-0.006391127954135434
2015-07-28,684.0452072160953,688.2193802003254,675.4359425943825,686.3931884765625,4000200,0.0,0.0,-0.004540256938957543
2015-07-29,691.349917241075,703.0898217665072,690.3063860954122,698.9156494140625,3868500,0.0,0.0,0.018243859565817422
2015-07-30,704.3942806923512,709.6120320281519,701.2636394448297,705.69873046875,4478100,0.0,0.0,0.009705149770754318
2015-07-31,711.4382412016621,717.6995238525018,708.5684707300953,717.177734375,5923800,0.0,0.0,0.016266153544906015
2015-08-03,723.4391535939293,729.439566523651,714.8298883238003,716.1343383789062,4557300,0.0,0.0,-0.0014548639006521924
2015-08-04,711.9600895953405,714.8298125345871,701.2637149250768,711.1774291992188,4526400,0.0,0.0,-0.006921758829367519
2015-08-05,711.6991642950532,715.8733848818692,708.3076518668393,710.91650390625,3150600,0.0,0.0,-0.00036689197696071485
2015-08-06,740.396678572008,776.1381832071709,738.5704870428406,753.701904296875,17121300,0.0,0.0,0.06018343948344618
2015-08-07,757.0935177856564,765.9637013021098,739.8749880734617,749.0060424804688,5916900,0.0,0.0,-0.006230396645723002
2015-08-10,743.5273561751881,765.4418466729832,738.3096044191136,764.3983154296875,3607500,0.0,0.0,0.020550265386704236
2015-08-11,769.6160558502906,774.0511474414051,753.7019767301043,773.5293579101562,5196000,0.0,0.0,0.011945398486829406
2015-08-12,775.616435409087,789.182532718674,766.2245108632656,778.4862060546875,6186300,0.0,0.0,0.006408093104472767
2015-08-13,770.9204472206346,772.2248970647473,756.5716900145821,758.6587524414062,3553500,0.0,0.0,-0.02546924204831502
2015-08-14,761.0065820298355,763.3545626200233,753.1799800625428,755.26708984375,2625300,0.0,0.0,-0.004470603663032535
2015-08-17,755.2672795018873,764.1374147023045,749.5277858745349,753.9628295898438,2177100,0.0,0.0,-0.001726886119420401
2015-08-18,753.9629582643072,756.3109398448221,745.3536924690857,754.223876953125,2641800,0.0,0.0,0.0003462337306776586
2015-08-19,756.5717031434793,769.355139866348,754.4845929106405,757.615234375,4902000,0.0,0.0,0.004496486422009394
2015-08-20,757.0934760451363,767.0071903470381,746.13623046875,746.13623046875,4512900,0.0,0.0,-0.015151495621282818
2015-08-21,725.2652981968251,732.8309833236502,717.9604361691204,720.5693359375,4163400,0.0,0.0,-0.03426571916389576
2015-08-24,690.828187507069,711.6990974002312,674.3923208870615,675.4358520507812,7023000,0.0,0.0,-0.06263586533001386
2015-08-25,649.0863245620274,698.1330575316099,642.825041534838,676.7403564453125,6512400,0.0,0.0,0.0019313520159915942
2015-08-26,677.7839332189743,702.0464065790069,669.6964580222308,699.1766357421875,5003400,0.0,0.0,0.03315345255117519
2015-08-27,707.0031629559621,721.0910491771718,701.0027988193852,715.6124267578125,5490900,0.0,0.0,0.02350735161248374
2015-08-28,753.9629502657697,753.9629502657697,729.9613928772241,740.9186401367188,5717100,0.0,0.0,0.03536301555516541
2015-08-31,736.4833086453951,746.6578920804537,729.4393662672777,732.5700073242188,4738500,0.0,0.0,-0.011267948139298323
2015-09-01,735.1788433310321,735.7006327527018,712.7426147460938,712.7426147460938,3776400,0.0,0.0,-0.027065525997367
2015-09-02,699.9592070851908,734.3962616648092,693.437053580498,717.177734375,3879300,0.0,0.0,0.006222610430675957
2015-09-03,720.3083601385941,729.4394130637297,709.6120343543611,711.6990966796875,4536900,0.0,0.0,-0.007639163114966152
2015-09-04,718.7431109118285,719.7866899479586,687.4366952239114,697.0895385742188,3583800,0.0,0.0,-0.02052771764588035
2015-09-07,702.0463344435801,724.4826137492864,691.3499603961277,708.8294067382812,5265600,0.0,0.0,0.016841262871444718
2015-09-08,708.568523947678,710.3947633711978,683.5233914632853,689.5238037109375,3873600,0.0,0.0,-0.027235894622627987
2015-09-09,720.8302380591157,738.0487670898438,705.9596902598506,738.0487670898438,4681800,0.0,0.0,0.07037460217870728
2015-09-10,725.0043832747075,740.6575908860348,718.4822293599208,733.6136474609375,4429200,0.0,0.0,-0.0060092501019872735
2015-09-11,746.6579418426417,773.7901820676658,744.5708317423184,755.528076171875,7041300,0.0,0.0,0.029871893450706732
2015-09-14,781.0950761462212,789.1825509913358,757.8761351137317,769.0942993164062,5890200,0.0,0.0,0.017955948392108567
2015-09-15,768.8333806708931,786.573698924802,763.3547578923125,769.0942993164062,5214900,0.0,0.0,0.0
2015-09-16,771.1813853082868,771.4423039617327,745.0927205403646,751.35400390625,3466800,0.0,0.0,-0.023066476277257997
2015-09-17,741.9620035910091,770.9204362206159,736.2225103444424,767.2680053710938,4721100,0.0,0.0,0.021180430771790215
2015-09-18,766.4854243132393,770.6596450786924,755.2673075169115,757.8761596679688,3577200,0.0,0.0,-0.012240632526547945
2015-09-24,743.7881085773205,760.2239738328577,743.7881085773205,749.5276489257812,3435600,0.0,0.0,-0.011015666129206458
2015-09-25,736.4834283151667,748.7451237038291,723.9608620526346,746.9188842773438,4827900,0.0,0.0,-0.003480544916757089
2015-09-28,721.2444557775386,738.2734425351257,721.2444557775386,728.5800170898438,4165500,4.0,0.0,-0.024552689152106733
2015-09-29,723.0783403539797,728.5800233784121,696.3558799495935,698.1897583007812,4011900,0.0,0.0,-0.0417116282031037
2015-09-30,716.2666641966571,729.3659245210156,702.6434660795128,725.6981201171875,3501300,0.0,0.0,0.03939954931930645
2015-10-01,731.4619178214458,752.4206795896082,724.3883249312448,748.4909057617188,3412500,0.0,0.0,0.03140808142213536
2015-10-02,738.0113998691197,747.1808865713066,734.6056124521309,740.8932495117188,2090700,0.0,0.0,-0.010150632681726557
2015-10-05,749.2766533520863,764.4718065990425,742.9890169659965,763.6858520507812,2721600,0.0,0.0,0.030763679590931403
2015-10-06,768.4016614298445,768.9255992040859,747.442855246865,749.2767333984375,3727500,0.0,0.0,-0.018867861194036606
2015-10-07,760.5419477883266,777.8329458932769,747.4426908094435,756.3501586914062,4815600,0.0,0.0,0.009440337565116197
2015-10-08,749.5386817290487,764.2098015420341,744.0369998064642,751.8965454101562,4435800,0.0,0.0,-0.005888295560029233
2015-10-09,764.9958928046917,778.8811085094105,762.6380287022414,778.0951538085938,3972900,0.0,0.0,0.034843368490470095
2015-10-13,771.5455933606002,791.1944620542414,762.3761053132773,789.884521484375,4445400,0.0,0.0,0.01515157576560533
2015-10-14,781.7629142606294,783.0728067074492,759.2321981191179,764.995849609375,4971300,0.0,0.0,-0.031509253818809424
2015-10-15,764.9958366038574,777.309142002339,758.9702163208497,776.78515625,2751300,0.0,0.0,0.015410941963469371
2015-10-16,781.5008841084571,785.1686884331008,772.3314452531447,776.78515625,1631100,0.0,0.0,0.0
2015-10-19,780.1909768558542,789.8844012792755,772.0694137178465,779.1430053710938,2610300,0.0,0.0,0.003035394152582027
2015-10-20,783.3347865766968,783.3347865766968,772.5933907890704,781.2388916015625,2480100,0.0,0.0,0.002689989149643246
2015-10-21,783.3348588062167,784.6447513119527,773.641385626913,780.1910400390625,2146200,0.0,0.0,-0.001341269071169604
2015-10-22,768.4017534758107,776.7852385765595,763.1620393096905,765.2579345703125,2830500,0.0,0.0,-0.019140319104411052
2015-10-23,782.0250399842554,782.0250399842554,762.1142006851657,770.2357177734375,3983100,0.0,0.0,0.0065047129578865714
2015-10-26,783.3348318102176,801.6737579963152,777.8331491573016,783.0728149414062,4703100,0.0,0.0,0.016666452712784663
2015-10-27,778.619135635216,791.1944107842593,775.7372857566044,779.4050903320312,3500700,0.0,0.0,-0.004683759338075633
2015-10-28,779.4051655865527,782.8109536113044,770.4976461820139,776.5233154296875,2617200,0.0,0.0,-0.003697403234967478
2015-10-29,782.548944437976,782.8109133584486,766.5678329008816,773.9034423828125,5460600,0.0,0.0,-0.0033738498185663657
2015-10-30,773.6413094315808,785.4306286472882,769.4495674785057,782.0248413085938,3585000,0.0,0.0,0.010494072620708117
2015-11-02,772.3314276409744,774.6892915164344,760.0181225232842,760.8040771484375,2382600,0.0,0.0,-0.027135665057195224
2015-11-04,773.9033727084359,774.9512962668516,755.8264154932862,764.2098999023438,3956100,0.0,0.0,0.004476609492777062
2015-11-05,782.0248086231595,799.053840546614,770.2354899001973,796.4339599609375,5302500,0.0,0.0,0.042166504336978106
2015-11-06,731.461820665106,738.7973815125305,701.3335266724931,726.2221069335938,14933100,0.0,0.0,-0.0881577840186365
2015-11-09,736.1775972863987,745.8710227580152,725.4362002166997,738.5354614257812,6699900,0.0,0.0,0.01695535618459698
2015-11-10,730.9377696303407,753.7304527693514,725.4360874933382,747.1808471679688,6609300,0.0,0.0,0.011706121362807798
2015-11-11,745.8709189067066,763.4238890656112,743.5130550956212,755.0404052734375,4263600,0.0,0.0,0.010518950178204811
2015-11-12,754.5164718658281,758.1842762610198,735.1295743067649,745.3469848632812,4248600,0.0,0.0,-0.01283828036546708
2015-11-13,734.8676814589389,745.0850930728066,734.605712536053,743.51318359375,2916000,0.0,0.0,-0.0024603323106856534
2015-11-16,731.9856799230415,741.1551659766664,728.0559070387538,738.7973022460938,2647800,0.0,0.0,-0.006342700374002974
2015-11-17,744.2991789795442,745.871088544443,736.4396311550506,737.2255859375,2056500,0.0,0.0,-0.0021273985487161307
2015-11-18,735.3915778962236,740.6312435423372,727.2700145942778,728.0559692382812,3570300,0.0,0.0,-0.012438006594084894
2015-11-19,737.2254361646495,739.3213311490088,729.889875675687,731.1997680664062,3040200,0.0,0.0,0.00431807300668674
2015-11-20,724.1261757647244,742.7271178095004,723.8642068810052,742.4651489257812,3257400,0.0,0.0,0.015406707375147821
2015-11-24,735.1295068434929,740.6311889459553,733.0336599278908,736.701416015625,2355300,0.0,0.0,-0.0077629676200901
2015-11-25,732.7716988823362,739.3213529121853,725.6981070691218,737.4874267578125,3255600,0.0,0.0,0.0010669325796039963
2015-11-26,734.8676136980139,739.3213728016239,729.1039621298868,734.3436279296875,2569200,0.0,0.0,-0.004262850747091318
2015-11-27,729.6277525372169,734.8674652494233,726.2219656582537,729.3657836914062,2100000,0.0,0.0,-0.006778630669561525
2015-11-30,724.3882231789203,724.3882231789203,710.2410393857247,718.1005859375,5733000,0.0,0.0,-0.015445196368949143
2015-12-01,718.1004171221696,719.6723260629909,710.764810084434,715.7425537109375,4570500,0.0,0.0,-0.003283707425867144
2015-12-02,716.2665929178008,725.9600647409494,712.8608057201561,718.3624877929688,4512600,0.0,0.0,0.0036604419682015887
2015-12-03,712.5988949511528,737.4874267578125,712.5988949511528,737.4874267578125,4926300,0.0,0.0,0.02662296443624368
2015-12-04,724.3880843546356,728.0558400619857,718.3624171627661,719.934326171875,3342900,0.0,0.0,-0.023801220128057632
2015-12-07,722.8163049737018,725.698106693313,708.1451356006404,708.4071044921875,4598400,0.0,0.0,-0.016011490577177323
2015-12-08,708.4071805960714,712.0749853260836,703.9534691069885,706.04931640625,3251100,0.0,0.0,-0.0033282953699732554
2015-12-09,708.6690451795923,712.3368011504612,699.4995593107011,702.3814086914062,3480300,0.0,0.0,-0.005194973820686011
2015-12-10,698.4517922865351,704.7394301826754,693.2120780494615,696.8798828125,2314200,0.0,0.0,-0.007832675823746582
2015-12-11,690.3302180804448,705.5253747578375,689.2822944364716,698.4517822265625,3140700,0.0,0.0,0.002255624610253637
2015-12-14,686.9242980465162,695.831767233034,681.1606471576941,690.5921020507812,3885900,0.0,0.0,-0.011253003250597637
2015-12-15,703.6912952401798,708.4070225678597,682.4705222656199,683.5184936523438,3655500,0.0,0.0,-0.01024281681969963
2015-12-16,708.407051844149,708.407051844149,689.2821728818052,697.9276733398438,3223200,0.0,0.0,0.02108089220893694
2015-12-17,706.3113760149661,715.4808164382655,706.0493591085591,710.2411499023438,3059100,0.0,0.0,0.017642912056453408
2015-12-18,709.7171254839868,717.3147039102442,695.3079713370973,695.8319091796875,3668700,0.0,0.0,-0.02028781453262385
2015-12-21,691.9020933524641,691.9020933524641,674.6110902412859,683.256591796875,3934800,0.0,0.0,-0.018072349394895437
2015-12-22,685.0905351344945,687.972337077658,675.1350928621861,681.9467163085938,2888400,0.0,0.0,-0.0019171062584796283
2015-12-24,680.898649777398,681.6846043742826,667.0134838796779,667.7994384765625,2933400,0.0,0.0,-0.02074542994885442
2015-12-25,667.7994384765625,667.7994384765625,667.7994384765625,667.7994384765625,0,0.0,0.0,0.0
2015-12-28,668.8474160102453,674.6110675296416,663.0837644908489,667.5374755859375,1703700,0.0,0.0,-0.00039227779409733987
2015-12-29,665.7036087048825,676.7069741380211,662.5597900097001,675.3970336914062,1853100,0.0,0.0,0.011773957856927808
2015-12-30,675.3971271216977,676.7070677495217,667.0136414220689,671.7293701171875,2558700,0.0,0.0,-0.005430381525623584
2016-01-04,671.4673270004258,679.0649055918598,656.2722177884292,656.7962036132812,2476800,0.0,0.0,-0.022230926870595358
2016-01-05,669.3712662397404,675.134916592112,657.3199319063422,659.6777954101562,2754900,0.0,0.0,0.004387345391191788
2016-01-06,664.6557106775421,671.9912719246366,655.7481920515685,663.0838012695312,3561900,0.0,0.0,0.005163135523240214
2016-01-07,659.6778587157861,663.8696484387334,649.46044921875,649.46044921875,3766500,0.0,0.0,-0.020545445424391517
2016-01-08,642.1249850389434,656.2721695318454,638.4571804764204,644.4828491210938,4928400,0.0,0.0,-0.007664208195655164
2016-01-12,638.4570274161813,666.2274519289988,638.1950585712567,650.5083618164062,9437700,0.0,0.0,0.009349376331006631
2016-01-13,662.2978000245282,678.2788618926611,662.2978000245282,669.109375,4138800,0.0,0.0,0.02859457967865997
2016-01-14,667.5375679740284,675.3971156659161,652.0804894938976,663.3458251953125,5410200,0.0,0.0,-0.008613763339794023
2016-01-15,676.1830870769335,688.2344258150098,673.8252227113368,680.3748779296875,7008900,0.0,0.0,0.025671455351906403
2016-01-18,665.1796824628959,667.7995635905941,655.4862566088507,665.9656372070312,4785000,0.0,0.0,-0.021178384431979835
2016-01-19,665.7036111114222,685.8764638020572,664.9176564347854,685.3524780273438,4924800,0.0,0.0,0.029110872599400484
2016-01-20,677.4929007090941,678.5408242403978,648.936564736006,652.0803833007812,5277000,0.0,0.0,-0.048547420186368706
2016-01-21,649.7224955017821,663.8696785234033,643.1728417519379,644.7447509765625,5074200,0.0,0.0,-0.011249582892045251
2016-01-22,661.5117933943885,679.326732052816,653.6522475242408,678.27880859375,4828500,0.0,0.0,0.0520113697186293
2016-01-25,691.3781057245099,691.6400746109686,678.8028316406741,691.1160888671875,3625500,0.0,0.0,0.018926258805066487
2016-01-26,680.3747380283904,680.6367069137431,669.1093563952779,672.7771606445312,3189300,0.0,0.0,-0.02653523556761017
2016-01-27,683.7805986294295,687.710372184771,672.2532468768047,680.6367797851562,3667200,0.0,0.0,0.011682351304992844
2016-01-28,672.2531661720462,680.8986669558955,669.8953023219055,674.873046875,3810900,0.0,0.0,-0.008468147889356792
2016-01-29,678.5407530584994,714.9566795942001,673.3010879807804,712.5988159179688,7016100,0.0,0.0,0.05590054191326499
2016-02-01,736.1774681789868,736.1774681789868,715.7426492214357,718.6244506835938,5166600,0.0,0.0,0.00845585851537356
2016-02-02,713.1227331762376,720.9822785381024,709.7169461763823,715.2186279296875,3256800,0.0,0.0,-0.004739363864764812
2016-02-03,705.5253027725763,714.6947416562331,702.1194673281418,708.4071044921875,5567700,0.0,0.0,-0.009523694114647152
2016-02-04,699.4995788783305,700.2855334613398,684.3044729304364,687.9722290039062,5425500,0.0,0.0,-0.028846231720007554
2016-02-05,680.6366688861058,690.0681238822182,668.8473501409654,687.9722290039062,6170100,0.0,0.0,0.0
2016-02-08,674.8731297982249,704.7394089030793,674.8731297982249,699.4996948242188,3104100,0.0,0.0,0.016755713870896694
2016-02-09,675.3970626563283,676.7070031591209,649.198588396555,652.3424072265625,5553600,0.0,0.0,-0.06741573719986638
2016-02-10,560.6475829362214,575.5807199169742,536.0210221512317,571.9129638671875,18428700,0.0,0.0,-0.12329329270700218
2016-02-12,571.1268958502366,572.1748190890537,544.9283831421485,559.5995483398438,11708100,0.0,0.0,-0.021530226284926846
2016-02-15,570.0790534906588,604.6610558672603,570.0790534906588,598.1114501953125,6678900,0.0,0.0,0.06882046629544547
2016-02-16,586.8461816975259,607.8049413493492,584.4883176388807,597.3255615234375,4106100,0.0,0.0,-0.0013139502205121723
2016-02-17,615.9264410279272,620.9041375326271,586.8461206624751,596.801513671875,7674000,0.0,0.0,-0.0008773236662197315
2016-02-18,603.6131633362929,607.5429365350969,590.5139033499916,593.9197387695312,6478800,0.0,0.0,-0.0048286990503985106
2016-02-19,595.491713068867,603.0892434355284,589.4660441824896,601.517333984375,5363400,0.0,0.0,0.012792292828293972
2016-02-22,596.0156390453672,616.9744473006468,594.7057465093843,614.3546142578125,3119100,0.0,0.0,0.021341496825045603
2016-02-23,618.0223373546153,622.2141275605078,605.4470626786698,608.5908813476562,2842800,0.0,0.0,-0.009381768731596907
2016-02-24,595.4916842771154,599.4214577149959,583.1783781814675,597.8495483398438,5171700,0.0,0.0,-0.017649513551742713
2016-02-25,596.2776290558453,602.3032495798846,593.9197650322997,599.4214477539062,4962900,0.0,0.0,0.0026292558360669904
2016-02-26,602.5652076551919,603.8751000043238,586.8461156987162,589.2039794921875,6876300,0.0,0.0,-0.017045550004933352
2016-02-29,593.6576902326145,602.3031908086762,587.63207029654,589.2039794921875,4511100,0.0,0.0,0.0
2016-03-01,593.6577022778151,612.5206130083109,591.8238241693044,605.447021484375,4624500,0.0,0.0,0.027567773738029988
2016-03-02,609.3768136092567,611.7346775243022,587.108114846337,593.395751953125,8232300,0.0,0.0,-0.019904746581631327
2016-03-03,604.923088631302,605.9710121345457,592.6097835920201,604.6610717773438,5230800,0.0,0.0,0.018984496918186045
2016-03-04,604.1371144772755,609.1148109203157,597.3254919992773,607.8048706054688,5153100,0.0,0.0,0.005199274394966702
2016-03-07,612.7826829185275,621.690153322236,609.3768473167153,616.450439453125,4285800,0.0,0.0,0.014224250685987316
2016-03-08,611.2107416311865,615.6644526149888,593.6577226733534,602.8272094726562,3343800,0.0,0.0,-0.022099473223758936
2016-03-09,602.5652559745726,610.4248025830633,597.0635733486291,609.3768310546875,3363300,0.0,0.0,0.010864840669286835
2016-03-10,614.0926425334478,627.977859420393,614.0926425334478,625.6199951171875,3759300,0.0,0.0,0.02665536862369211
2016-03-11,621.4281370467027,628.5017286438879,613.3065739730628,625.35791015625,3858300,0.0,0.0,-0.0004189203717640533
2016-03-14,633.7413112409341,641.862873252166,625.6197972005592,638.7190551757812,3132600,0.0,0.0,0.0213655968886568
2016-03-15,634.003564387592,643.1730052144078,632.169637845529,638.9812622070312,3262200,0.0,0.0,0.00041052013263920273
2016-03-16,629.2876562714388,648.936520976304,628.7636705556887,639.5050659179688,3352200,0.0,0.0,0.0008197481552563168
2016-03-17,647.6267200729217,663.6077841491556,641.0771130851284,646.5787963867188,5073300,0.0,0.0,0.011061257909811939
2016-03-18,639.767217019094,645.2689007035334,633.2176095755292,638.9812622070312,3100200,0.0,0.0,-0.011750360856472297
2016-03-22,639.2430104213958,649.9844051341732,633.479359780101,645.7926635742188,3212400,0.0,0.0,0.010659782641608384
2016-03-23,641.6008649755868,646.3165921529594,634.7892910332868,636.6231689453125,3133200,0.0,0.0,-0.01419882130304262
2016-03-24,633.2173904619206,640.5529501792082,630.5975100143578,634.5272827148438,2818500,0.0,0.0,-0.0032921928272591217
2016-03-25,631.3836220463926,633.7414862548284,622.2141821052782,629.5497436523438,2771700,0.0,0.0,-0.007844483914392852
2016-03-28,638.1950918067148,648.1505320534275,636.0991970256019,645.0067138671875,3528600,0.0,0.0,0.024552420790722396
2016-03-29,650.5993347095151,657.7897491491487,648.4688740509621,655.3929443359375,2237400,13.333333,0.0,0.016102515284652785
2016-03-30,652.9960935297667,662.0507213617813,648.4688283768746,649.8003540039062,2948700,0.0,0.0,-0.008533186663609582
2016-03-31,659.9202267523208,662.3170314499685,651.6645823814622,653.5287475585938,3620100,0.0,0.0,0.0057377524215154185
2016-04-01,647.4036242697433,650.3330687617827,627.1639545184267,630.892333984375,3780900,0.0,0.0,-0.03463721168928258
2016-04-04,632.4901753251771,645.8057251126587,627.1639261523133,636.218505859375,3099600,0.0,0.0,0.008442283394636929
2016-04-05,632.7564383370535,634.3543081308339,614.9135752275441,615.1798706054688,3005400,0.0,0.0,-0.03306825416134074
2016-04-06,619.7073071009313,621.8377680716704,610.1200864432278,618.375732421875,2511900,0.0,0.0,0.005195003882784377
2016-04-07,611.4515078245846,624.7671060493177,608.5221122998503,622.6365966796875,2182200,0.0,0.0,0.006890413116835692
2016-04-08,610.6526891867514,638.6154166491667,609.8537541163967,631.6913452148438,3211800,0.0,0.0,0.014542589663765648
2016-04-11,622.1040201606229,631.6912393989041,616.7777709960938,629.5607299804688,2612100,0.0,0.0,-0.0033728738734742914
2016-04-12,636.2184907248711,645.5394143648751,631.9575207458122,641.81103515625,2164200,0.0,0.0,0.019458496364856304
2016-04-13,649.2677778313503,658.3223571034823,645.5393987131234,656.7244873046875,2877000,0.0,0.0,0.02323651562769835
2016-04-14,665.7791441751255,670.8390983031377,657.5234988401737,667.3770141601562,3809700,0.0,0.0,0.016220693854722246
2016-04-15,661.7843029159606,669.5073554906281,659.1212031978141,668.17578125,2532300,0.0,0.0,0.0011968753386704112
2016-04-18,647.4035949585668,657.7897491491487,646.8710041754879,655.3929443359375,2757300,0.0,0.0,-0.019130949179494094
2016-04-19,668.7084340200614,673.5020428660835,663.9148251740395,668.442138671875,1763700,0.0,0.0,0.019910489499027628
2016-04-20,667.9097001135166,675.3664109736463,660.1866450619756,663.3823852539062,2446200,0.0,0.0,-0.007569471051035115
2016-04-21,673.768400182275,678.2957140964977,671.1053001661461,674.8336791992188,2933700,0.0,0.0,0.017261980721615888
2016-04-22,663.9147776754447,669.5073209290285,651.1318216672532,659.65380859375,2787600,0.0,0.0,-0.022494239800659788
2016-04-25,655.6592884905957,658.855028241544,651.9309091934498,655.3929443359375,2562900,0.0,0.0,-0.006459243018539951
2016-04-26,648.4688107279467,655.1265849712506,640.4794621307364,645.2730712890625,2997300,0.0,0.0,-0.01544092461527602
2016-04-27,645.0067748313237,647.4035795876289,638.3490000959595,641.81103515625,3458700,0.0,0.0,-0.0053652264240570124
2016-04-28,647.6698746945423,648.2024654246485,621.3050243715254,623.169189453125,3438000,0.0,0.0,-0.029045692083786934
2016-05-02,595.4728390979171,607.9895030274057,595.4728390979171,605.06005859375,2484300,0.0,0.0,-0.02905973396288586
2016-05-06,603.9948435945086,609.8536838476653,599.2012337247108,602.6632690429688,2257200,0.0,0.0,-0.003961242386998354
2016-05-09,610.6526482782033,613.5820929276316,605.0601031603733,607.1906127929688,2288700,0.0,0.0,0.007512227777195513
2016-05-10,607.7232520720625,618.1094072854235,607.7232520720625,610.3863525390625,5010900,0.0,0.0,0.00526315736568117
2016-05-11,617.8428646367335,623.7017520504738,612.5166654136522,616.2449951171875,4594800,0.0,0.0,0.009598252899584825
2016-05-12,679.0945693561382,679.0945693561382,645.5393082820702,649.0013427734375,11248200,0.0,0.0,0.05315474838058676
2016-05-13,650.0666990040969,665.5127571452532,643.6752199438785,662.5833129882812,5641800,0.0,0.0,0.020927491701022705
2016-05-16,665.2464615542124,668.708496456325,657.2571127315562,659.3875732421875,2139900,0.0,0.0,-0.004823151569695927
2016-05-17,663.382264012928,683.3556365621241,661.7843942089922,682.5567016601562,3350400,0.0,0.0,0.035137344648530355
2016-05-18,683.089462387478,691.6114524416189,676.9642774645213,682.29052734375,2660400,0.0,0.0,-0.0003899666002236124
2016-05-19,686.8177500190213,695.0733947753906,686.2851104736328,690.27978515625,3085500,0.0,0.0,0.011709466117906242
2016-05-20,691.078750709268,713.182634520046,690.2798157373498,711.3184204101562,4665000,0.0,0.0,0.0304784171669521
2016-05-23,700.6659251056968,711.3183744553638,698.8017598793625,702.5300903320312,3524100,0.0,0.0,-0.012354987338943801
2016-05-24,703.062880992518,710.2532968208506,698.8019100893636,700.3997802734375,3237000,0.0,0.0,-0.003032339949434637
2016-05-25,717.1773695351444,725.4330153497274,712.3837593015559,714.2479248046875,3483900,0.0,0.0,0.019771771667095095
2016-05-26,714.5141590360577,719.8404084271472,713.182633260626,717.443603515625,1910400,0.0,0.0,0.004474186903393962
2016-05-27,717.7098693781602,726.4981536920279,712.3836689694103,722.5034790039062,3294600,0.0,0.0,0.007052645620487574
2016-05-30,726.2318105106971,729.9601895619702,722.503431459424,725.9655151367188,1886700,0.0,0.0,0.004791722439296153
2016-05-31,725.9654265681069,732.0905607641419,723.0359827592795,731.2916259765625,5682900,0.0,0.0,0.007336589312841868
2016-06-01,721.7045268771856,728.8949411445479,719.5740662696751,724.36767578125,2250600,0.0,0.0,-0.009468110873095625
2016-06-02,722.5035393373503,727.0308539496527,715.0468288845486,719.04150390625,2486700,0.0,0.0,-0.00735285691655907
2016-06-03,719.3078587709665,731.0255893908048,719.3078587709665,728.6287841796875,2111100,0.0,0.0,0.013333417085597654
2016-06-06,716.3783566223966,733.4222860124671,711.5847469098968,732.3570556640625,2764200,0.0,0.0,0.005116832556337103
2016-06-07,733.6885986328125,736.3517477110231,727.5634630317936,733.6885986328125,3284100,0.0,0.0,0.001818160907240296
2016-06-08,735.5528574132853,737.4170228707545,726.4982280184381,735.8191528320312,2632500,0.0,0.0,0.0029038943813342044
2016-06-09,730.2264697929207,736.61794874078,724.367630345088,728.3623046875,2235600,0.0,0.0,-0.010134077260467111
2016-06-10,728.362259119889,731.5579983938876,720.1065668199849,723.0360107421875,2989800,0.0,0.0,-0.007312698516980132
2016-06-13,712.9160722505097,713.18241633508,699.8668212890625,699.8668212890625,2035800,0.0,0.0,-0.032044309147675976
2016-06-14,694.2743671123798,699.6006155655413,683.8882143247378,685.486083984375,3177600,0.0,0.0,-0.020547819766909448
2016-06-15,684.4209442173415,693.2092285063601,680.9588603220126,686.8177490234375,2400000,0.0,0.0,0.0019426580206007849
2016-06-16,691.3449371687334,696.9374810908772,672.4368449883228,673.5020751953125,2754300,0.0,0.0,-0.01938749231081771
2016-06-17,675.3663312336184,681.4915154659978,663.6486510887877,665.2465209960938,3076800,0.0,0.0,-0.012257652208160885
2016-06-20,671.9043735813202,684.9536297429121,671.9043735813202,676.1653442382812,1878900,0.0,0.0,0.016413198562599707
2016-06-21,666.5780038882679,690.2797555771966,666.5780038882679,688.9481811523438,2390400,0.0,0.0,0.018904898074098675
2016-06-22,682.0241555993205,688.9482260280861,676.1652667588329,684.687255859375,1860900,0.0,0.0,-0.006184681823010019
2016-06-23,685.4861898225138,687.8829946820331,679.6273497536178,684.4209594726562,1435200,0.0,0.0,-0.0003889314200605787
2016-06-24,692.1439177804385,696.6712317949459,634.6206050634246,647.1372680664062,2257200,0.0,0.0,-0.05447479492004004
2016-06-27,654.0614176215604,670.8390512885526,651.6646128119901,667.9096069335938,2344800,0.0,0.0,0.032098814103619144
2016-06-28,657.7897027741528,681.4914538437224,655.9255376385652,678.0294189453125,2676000,0.0,0.0,0.015151469460334965
2016-06-29,691.3450164669953,704.3943196241798,683.6220112450325,700.13330078125,2793000,0.0,0.0,0.032600181081110735
2016-06-30,711.3183569290293,727.5633990836693,700.9322032209976,701.1985473632812,3868800,0.0,0.0,0.0015214910943994742
2016-07-01,710.2531424898065,720.6392964294774,710.2531424898065,717.9761962890625,3058800,0.0,0.0,0.0239271016588245
2016-07-04,716.6445918900938,732.6232895910993,712.6499174648425,725.9655151367188,2751900,0.0,0.0,0.01112755393416931
2016-07-05,719.8405135885642,727.8298644608013,714.7806076238567,722.7699584960938,1930200,0.0,0.0,-0.004401802253683029
2016-07-06,712.916259765625,713.715194703264,698.8017750427459,712.916259765625,2547300,0.0,0.0,-0.013633243350307245
2016-07-07,705.1932545618394,708.655289703991,696.4049702475847,700.13330078125,2633700,0.0,0.0,-0.017930519621725982
2016-07-08,703.5953826892979,708.6552876924056,696.9375590522883,702.7964477539062,2816700,0.0,0.0,0.003803771324238703
2016-07-11,702.7964477539062,702.7964477539062,702.7964477539062,702.7964477539062,0,0.0,0.0,0.0
2016-07-12,740.0799536460746,741.1452326030358,718.7750571904279,720.905517578125,3901800,0.0,0.0,0.025767161860442256
2016-07-13,735.552749111856,736.0853398709302,721.1719208807539,723.5687255859375,3224700,0.0,0.0,0.003694253883309795
2016-07-14,726.2318881912062,735.2864682692496,711.3184191540282,717.443603515625,4773300,0.0,0.0,-0.008465155905339139
2016-07-15,716.6445591276492,717.7097893379793,686.2850348836686,692.676513671875,6511800,0.0,0.0,-0.034521305538701585
2016-07-19,699.6006211224782,720.905517578125,690.0134030885034,720.905517578125,2776800,0.0,0.0,0.040753516755762664
2016-07-20,720.9056241938841,731.0254832029799,717.9762285367899,729.6939086914062,3587100,0.0,0.0,0.0121907668882959
2016-07-21,742.4768823684656,759.787156302353,738.4822075193471,756.0587768554688,4571400,0.0,0.0,0.036131407772532764
2016-07-22,748.3355705033956,760.5858871655585,733.4221054810743,736.085205078125,3472200,0.0,0.0,-0.026418014562857195
2016-07-25,729.9601419717644,731.2916675179615,713.1825104795369,713.9814453125,2195700,0.0,0.0,-0.03002880592237822
2016-07-26,707.5901494756048,715.0468602555522,702.2638996252854,711.0521850585938,2213400,0.0,0.0,-0.004102712014629639
2016-07-27,719.0414720793689,739.2811417057479,716.3783717704855,726.7645263671875,3050400,0.0,0.0,0.022097311053616897
2016-07-28,727.5633083090656,730.4927034037667,723.5686343043728,725.16650390625,2200200,0.0,0.0,-0.002198817365131167
2016-07-29,725.1666279626377,731.0254679174392,711.3183898685706,728.8949584960938,2730000,0.0,0.0,0.005141515182733425
2016-08-01,720.9055016384846,725.6991105494825,709.4541188276934,723.0360107421875,1476000,0.0,0.0,-0.008038123580927037
2016-08-02,701.4648434693786,709.4541924838362,695.0733642578125,695.0733642578125,3152400,0.0,0.0,-0.038673933343474354
2016-08-03,688.415605455738,689.7471311466087,678.2957468842854,680.159912109375,2912400,0.0,0.0,-0.021455939639352772
2016-08-04,676.431762836217,689.2147249763462,672.9696780811781,679.893798828125,3562200,0.0,0.0,-0.00039125105216020195
2016-08-05,739.0147719032238,755.5261091875055,736.6179672375918,745.6725463867188,8127000,0.0,0.0,0.09674856230777662
2016-08-08,756.5912896124871,756.5912896124871,724.6338961758456,727.0307006835938,3705600,0.0,0.0,-0.025000042972558423
2016-08-09,740.3463907660916,747.8031005859375,733.4222717285156,744.6073608398438,3550800,0.0,0.0,0.024175953147127727
2016-08-10,762.1837950721153,780.0266559211108,758.18912109375,778.96142578125,6413100,0.0,0.0,0.04613715462422796
2016-08-12,780.8258043833146,786.9509890806177,776.0321942975443,783.7552490234375,5292900,0.0,0.0,0.006154121479609254
2016-08-15,770.7058096453522,773.1026141168514,760.5859522890959,764.3143310546875,3552600,0.0,0.0,-0.024804832877321714
2016-08-16,758.9882040409967,764.0481091468969,753.6619547758095,754.7272338867188,3550800,0.0,0.0,-0.01254339579730157
2016-08-17,749.6673570464893,762.1840221623706,746.2053214881071,752.5968017578125,3235500,0.0,0.0,-0.002822784223559638
2016-08-18,746.7377462637505,752.0639457807546,737.1505286174104,741.1452026367188,4065600,0.0,0.0,-0.015216114517556667
2016-08-19,742.7433060363657,743.0096014671041,716.1121050162493,724.900390625,3729600,0.0,0.0,-0.021918528183041297
2016-08-22,732.0906962715912,748.0693949807793,732.0906962715912,747.5368041992188,2148900,0.0,0.0,0.031226929750585386
2016-08-23,743.2757863579318,758.1892547607422,742.4768514214084,754.194580078125,2243400,0.0,0.0,0.008906285070523268
2016-08-24,759.2542413751978,765.6457188157834,752.8627639346122,760.5858154296875,2508000,0.0,0.0,0.008474252560791928
2016-08-25,761.3850853818404,769.3744357006425,752.8630954540766,758.7219848632812,2451000,0.0,0.0,-0.0024505197554246516
2016-08-26,745.9389494188756,758.9882040409967,740.6127001536884,754.7272338867188,2194200,0.0,0.0,-0.005265105079672039
2016-08-29,772.0373067444684,772.0373067444684,755.7923155124882,766.4447631835938,2071800,0.0,0.0,0.015525515405786727
2016-08-30,768.0428146733889,768.0428146733889,754.9935595285046,759.5208740234375,1692900,0.0,0.0,-0.009033774503718117
2016-08-31,765.1134668736938,765.1134668736938,743.2758767767839,752.5968017578125,2842500,0.0,0.0,-0.0091163686245328
2016-09-01,753.1292131644993,764.0479561413731,745.672455933877,762.7164306640625,2328000,0.0,0.0,0.013446282102998586
2016-09-02,758.1893012226219,768.5754560338906,754.7272658732395,763.2492065429688,2013900,0.0,0.0,0.0006985241925920871
2016-09-05,776.8309441193313,777.6298789431644,761.3848871129289,764.3143310546875,2016300,0.0,0.0,0.0013955134215508647
2016-09-06,767.5102372436214,788.5488425916591,763.5155622558218,785.8857421875,2466900,0.0,0.0,0.028223219500602248
2016-09-07,777.8962880776543,796.5380859375,776.8310090480979,796.5380859375,2862000,0.0,0.0,0.013554570566898683
2016-09-08,798.9349973127435,805.5927727026422,777.8963919712153,789.0814819335938,3860700,0.0,0.0,-0.00936126487301614
2016-09-09,780.0267630965352,789.0813912003398,774.1679233776333,784.5540771484375,3245700,0.0,0.0,-0.005737563089254327
2016-09-12,774.7005779232803,790.6792763420272,774.7005779232803,782.1572875976562,2316900,0.0,0.0,-0.003054970486537689
2016-09-13,805.5925717431563,809.5872457332267,789.6138757828747,797.8695678710938,4335600,0.0,0.0,0.020088389538243323
2016-09-14,794.141357421875,806.9243168974787,792.0108479215676,794.141357421875,2924400,0.0,0.0,-0.004672706667039006
2016-09-15,784.5540621120824,785.6192923778898,769.108003823854,771.2384643554688,3627600,0.0,0.0,-0.028839819072965733
2016-09-16,772.3038337614862,774.9669341192058,755.2598549353402,759.5208740234375,3958200,0.0,0.0,-0.015193213089836899
2016-09-20,759.2544125111455,800.2664345077484,753.9282126188673,798.1359252929688,5388900,0.0,0.0,0.05084132983070533
2016-09-21,798.9348475966102,814.9135445485425,792.0107293297352,813.5819702148438,4295400,0.0,0.0,0.019352649633212815
2016-09-23,804.2611407303629,821.571412975112,802.9295663228849,818.9082641601562,4314600,0.0,0.0,0.006546720724287969
2016-09-26,825.5661814276721,841.5448810841673,821.5715065135482,824.2345581054688,3684300,0.0,0.0,0.006504139936571507
2016-09-27,813.5821070255035,840.2132568359375,810.9190066733966,840.2132568359375,2827200,0.0,0.0,0.01938610626469761
2016-09-28,830.0547765939722,847.4310919413352,828.7181670745119,846.094482421875,3689100,4.0,0.0,0.0069996819713187275
2016-09-29,848.7676688151895,852.777594655421,824.7081137738006,835.4011840820312,3657900,0.0,0.0,-0.012638421077082351
2016-09-30,823.3713993412256,828.7180323470366,814.0149384289253,822.0347900390625,3096300,0.0,0.0,-0.015999970191155843
2016-10-03,828.7181006823666,843.4210979142943,828.7181006823666,834.0646362304688,2546100,0.0,0.0,0.014634230007265936
2016-10-04,828.7180319288944,834.0645670334285,819.3615220720255,823.3713989257812,2555700,0.0,0.0,-0.012820633845615714
2016-10-05,827.3813247288266,831.391250531872,816.6882055704689,823.3713989257812,2895600,0.0,0.0,0.0
2016-10-06,832.7279890850392,839.4111337426895,822.0348205747827,836.7379150390625,2606700,0.0,0.0,0.016233884405895127
2016-10-07,823.3715493983842,842.0845725319601,823.3715493983842,838.0746459960938,3188700,0.0,0.0,0.0015975503595637708
2016-10-11,839.4112723754367,840.7479798465966,828.7181999977515,830.0548095703125,2238300,0.0,0.0,-0.009569358128295735
2016-10-12,819.3615606574743,832.727996946842,815.3516346655932,818.02490234375,2789700,0.0,0.0,-0.014492907080184136
2016-10-13,827.3813778024061,844.7577893292904,826.0447684151786,842.08447265625,3533100,0.0,0.0,0.029411782261843378
2016-10-14,844.7577660109948,846.0943753613271,835.4012068629203,839.4111328125,1900500,0.0,0.0,-0.0031746694429802824
2016-10-17,842.0845553361498,850.1044082441132,838.0746288821682,847.4310913085938,2598300,0.0,0.0,0.009554267488950607
2016-10-18,828.718177160887,840.7479566782292,826.0448601908344,827.3814697265625,4123500,0.0,0.0,-0.023659294292673216
2016-10-19,819.3616656642992,831.3913962323433,819.3616656642992,827.3814697265625,2598600,0.0,0.0,0.0
2016-10-20,826.0447011228617,831.3912361348108,823.3713846675985,828.718017578125,2191500,0.0,0.0,0.0016153949544026602
2016-10-21,823.3714221924326,835.4011999415035,820.698154564625,826.0447387695312,2433000,0.0,0.0,-0.0032258002745085834
2016-10-24,826.0447609873,834.0646130357204,826.0447609873,831.3912963867188,1517100,0.0,0.0,0.00647247947508478
2016-10-25,835.4013503367727,844.7579110917657,831.3914236985185,843.4212036132812,2064900,0.0,0.0,0.01446960929089025
2016-10-26,843.4211486042108,858.124244618387,839.4112222274894,855.450927734375,3005100,0.0,0.0,0.014263008885189832
2016-10-27,852.777594655421,854.1142039693049,828.7180396140321,835.4011840820312,2590200,0.0,0.0,-0.02343763154883083
2016-10-28,838.0745165186021,838.0745165186021,823.3714221924326,826.0447387695312,5565900,0.0,0.0,-0.011199942603362767
2016-10-31,826.0447684151786,842.08447265625,824.7081590279511,842.08447265625,2390400,0.0,0.0,0.01941751231369304
2016-11-01,843.4210587620797,844.7577660109948,835.4012068629203,839.4111328125,1998000,0.0,0.0,-0.0031746694429802824
2016-11-02,831.3913400006783,831.3913400006783,814.0150256170849,816.6882934570312,2390400,0.0,0.0,-0.027069976162139353
2016-11-04,808.668354372404,823.3713993412256,805.9950868187881,822.0347900390625,3021600,0.0,0.0,0.006546557144096576
2016-11-07,828.7181211100268,830.0547305553525,816.6882934570312,816.6882934570312,2231100,0.0,0.0,-0.006503978477330863
2016-11-08,818.0249524120903,824.7081954404772,810.005099937462,815.3516845703125,1735200,0.0,0.0,-0.0016366206022874197
2016-11-09,783.2722571204678,828.7181031081229,776.589014241837,801.9852294921875,7974000,0.0,0.0,-0.016393484346781118
2016-11-10,834.0645670334285,836.7378835349851,818.0248638212472,823.3713989257812,4490400,0.0,0.0,0.026666537795384748
2016-11-11,828.7181090087033,830.0547184345113,796.906011695909,800.1139526367188,3584400,0.0,0.0,-0.028246604532785047
2016-11-14,807.3318206639785,818.0249408289716,803.3218944834443,814.0150146484375,2753700,0.0,0.0,0.0173738527692322
2016-11-15,820.6980942765789,827.3812873297996,810.0049756015682,824.7080688476562,2218500,0.0,0.0,0.013136187916431563
2016-11-16,831.3914191428734,836.738053230315,824.7082733814699,830.0548095703125,2145600,0.0,0.0,0.0064831919616441525
2016-11-17,823.3714443382984,831.3912963867188,818.0249089388797,831.3912963867188,1906200,0.0,0.0,0.0016101187548061002
2016-11-18,836.738053230315,836.738053230315,823.37156591031,830.0548095703125,2172300,0.0,0.0,-0.0016075304398960322
2016-11-21,842.0846377322838,852.7778086220699,838.0747108859396,851.4411010742188,2776200,0.0,0.0,0.025764914867461686
2016-11-22,855.4509182463408,879.5104762398186,855.4509182463408,874.1639404296875,4482000,0.0,0.0,0.0266875058378091
2016-11-24,876.837301809002,882.183837890625,859.4608882211826,882.183837890625,2889000,0.0,0.0,0.009174363171506883
2016-11-25,882.18379309418,883.5204025720648,870.1540140974413,874.1639404296875,3499200,0.0,0.0,-0.009090959408317612
2016-11-28,876.8373455317037,894.2136620873804,874.1640284082911,890.2037353515625,3496800,0.0,0.0,0.018348726343013766
2016-11-29,887.5301815508492,888.8668887053973,868.817260372934,870.1538696289062,2811900,0.0,0.0,-0.02252278318596146
2016-11-30,876.8371965623683,878.1738059476917,867.4806371693481,872.8272705078125,3092700,0.0,0.0,0.003072331195913991
2016-12-01,879.5103302178638,886.193572294877,863.4706275518932,870.1538696289062,3887100,0.0,0.0,-0.003062920888517673
2016-12-02,856.7878194121407,863.4709662117589,851.4411844941092,854.114501953125,2821200,0.0,0.0,-0.018432794745395498
2016-12-05,852.7776875073079,854.1142969667239,836.7379823999515,848.7677612304688,2583900,0.0,0.0,-0.0062599811974035635
2016-12-06,855.4508218805406,859.4607477610722,842.084434911629,844.7577514648438,2743800,0.0,0.0,-0.004724507631877595
2016-12-07,848.7677153895582,854.1142508370535,840.7478632690226,842.08447265625,2325900,0.0,0.0,-0.0031645507886233215
2016-12-08,855.4508510900972,863.470703125,848.7677063267346,863.470703125,2462100,0.0,0.0,0.02539677569554244
2016-12-09,862.1340643142869,862.1340643142869,840.7478255843122,844.7577514648438,3820800,0.0,0.0,-0.021671785264319787
2016-12-12,847.4310081037453,848.7677153895582,831.3913038626739,842.08447265625,4275000,0.0,0.0,-0.0031645507886233215
2016-12-13,846.0943682130289,858.1241459601335,844.757758873989,856.7875366210938,2626800,0.0,0.0,0.017460319531204194
2016-12-14,863.4707589798182,864.8074663378251,846.0944444130458,848.7677612304688,2307600,0.0,0.0,-0.009360284840571498
2016-12-15,852.7777643682742,860.7976176447827,842.0845940333963,843.4212036132812,2828400,0.0,0.0,-0.00629919968854209
2016-12-16,858.1242295496504,868.8173989993322,851.4409864062752,860.7975463867188,3517800,0.0,0.0,0.020602212392806685
2016-12-19,858.1241306735666,874.1638340506427,855.4508141445272,864.807373046875,2602500,0.0,0.0,0.004658269156305073
2016-12-20,862.1339950071172,871.4904553433289,856.787460229078,867.4805297851562,2508900,0.0,0.0,0.0030910429554540375
2016-12-21,868.8176011297904,868.8176011297904,851.4411844941092,854.114501953125,2199000,0.0,0.0,-0.015407870693468495
2016-12-22,859.4608390188888,860.7975463867188,852.7776937741052,860.7975463867188,1837500,0.0,0.0,0.007824529870774422
2016-12-26,862.1340565178356,866.1439823621046,858.1241306735666,864.807373046875,1534200,0.0,0.0,0.004658269156305073
2016-12-27,863.470703125,866.1440197694957,855.4508510900972,863.470703125,1532100,0.0,0.0,-0.0015456273426135425
2016-12-28,867.4806371693481,878.1738059476917,867.4806371693481,872.8272705078125,1775100,0.0,0.0,0.010835998660927437
2016-12-29,860.7977466513573,867.4808934509754,850.1045747139084,854.114501953125,2916900,0.0,0.0,-0.02143925744185371
2016-12-30,860.7974848645717,864.8074108842846,854.1142421988553,862.1340942382812,1582800,0.0,0.0,0.009389364384772447
2017-01-04,868.8173989993322,868.8173989993322,858.1242295496504,860.7975463867188,2705400,0.0,0.0,-0.0015502783853402757
2017-01-05,855.4509506225864,859.4608771065963,850.1044146101051,858.124267578125,3684000,0.0,0.0,-0.0031055836762257094
2017-01-06,856.7874748739493,860.7974005006628,852.777549247236,859.460693359375,2952600,0.0,0.0,0.0015573802440314033
2017-01-10,862.1341397936396,876.8372352756967,858.1242135620413,868.8173828125,3469800,0.0,0.0,0.010886698513869808
2017-01-11,874.1639173697787,876.8372341536198,867.4806743594706,871.4906005859375,2421600,0.0,0.0,0.003076846557539925
2017-01-12,860.7974848645717,863.4707036119908,852.7776328251459,862.1340942382812,2574600,0.0,0.0,-0.010736210283123548
2017-01-13,862.134018295921,874.1637952953989,862.134018295921,870.1538696289062,2081100,0.0,0.0,0.009302236675503117
2017-01-16,867.4806291424513,871.4905551599028,860.7974843790887,863.470703125,2268600,0.0,0.0,-0.007680442203579996
2017-01-17,859.4607391234201,860.7974463358839,835.4011840820312,835.4011840820312,2893800,0.0,0.0,-0.032507783925247224
2017-01-18,836.7380199884634,848.7677993593906,832.7280935314877,846.094482421875,2298600,0.0,0.0,0.012800195335602726
2017-01-19,850.1044473099048,855.450983528044,840.7479844535114,843.4212036132812,2070300,0.0,0.0,-0.0031595511661318687
2017-01-20,832.728132550111,843.4212050040214,831.3914250694224,840.7479858398438,2251500,0.0,0.0,-0.0031694932045640556
2017-01-23,832.7281266140333,835.401345759155,828.7181999977515,830.0548095703125,2022600,0.0,0.0,-0.012718646312128379
2017-01-24,831.391319507124,839.4111717785709,830.0547100947454,834.0646362304688,2236200,0.0,0.0,0.004830797453281299
2017-01-25,847.4311086135831,850.1044256036931,832.7281099144708,838.0746459960938,1869600,0.0,0.0,0.0048077925755827255
2017-01-26,840.7478104653587,854.1141971939059,839.4111032634985,852.777587890625,2248500,0.0,0.0,0.01754371399346666
2017-01-27,855.4508218805406,858.1241384337553,842.084434911629,844.7577514648438,2401800,0.0,0.0,-0.009404370541231777
2017-01-30,844.7577893292904,848.7677153895582,840.7478632690226,842.08447265625,1918500,0.0,0.0,-0.0031645507886233215
2017-01-31,835.4012224109289,838.0745390599305,831.3912963867188,831.3912963867188,2816700,0.0,0.0,-0.012698460328808725
2017-02-01,834.0646655825286,850.104370689885,828.7181298462734,848.7677612304688,3472200,0.0,0.0,0.020900465183204764
2017-02-02,847.4309776905743,850.1042942676729,823.3714221924326,826.0447387695312,2714700,0.0,0.0,-0.02677177845208878
2017-02-03,826.0447194158598,826.0447194158598,808.6683578689992,812.6782836914062,3016500,0.0,0.0,-0.016181272576150763
2017-02-06,823.3715432207817,831.3913962323433,818.0250071792728,827.3814697265625,2672100,0.0,0.0,0.018092259052832516
2017-02-07,818.0251428404852,824.7083874246672,804.6587026214274,805.995361328125,2409900,0.0,0.0,-0.025847942189840545
2017-02-08,828.7180359303245,832.7279617527315,805.9950903038244,812.6782836914062,4846800,0.0,0.0,0.00829151467108824
2017-02-09,815.3515594137173,830.0546037105179,814.0149012233582,824.7080688476562,4069200,0.0,0.0,0.014802641337488875
2017-02-10,832.7279812629868,835.4011999415035,820.698154564625,826.0447387695312,2182800,0.0,0.0,0.0016207794883620341
2017-02-13,839.4111559832096,842.08447265625,832.7280111484869,842.08447265625,2373300,0.0,0.0,0.01941751231369304
2017-02-14,846.0943911083509,846.0943911083509,831.3912963867188,831.3912963867188,2244900,0.0,0.0,-0.012698460328808725
2017-02-15,832.7279881622555,843.4210587620797,831.3912809133404,839.4111328125,3562500,0.0,0.0,0.009646283838471659
2017-02-16,839.4111337426895,843.4210596967129,827.3813558806195,836.7379150390625,2356500,0.0,0.0,-0.003184634643194073
2017-02-17,830.0546724828293,839.4111337426895,828.7180631310158,836.7379150390625,1692600,0.0,0.0,0.0
2017-02-20,830.0546870115102,835.4012224109289,826.0447609873,831.3912963867188,1480800,0.0,0.0,-0.006389836717383801
2017-02-21,839.4112769750269,846.0945206716506,836.7380578152571,843.4212036132812,1974900,0.0,0.0,0.01446960929089025
2017-02-22,850.1044082441132,851.4410177625754,840.7479458176877,847.4310913085938,2359800,0.0,0.0,0.004754312173008923
2017-02-23,854.1142421988553,864.8074108842846,842.0844641397166,862.1340942382812,3681900,0.0,0.0,0.017350086727386138
2017-02-24,862.1339950071172,868.8172369035959,860.7973857872506,867.4805297851562,2886000,0.0,0.0,0.006201396723091834
2017-02-27,859.4607775922779,867.4806296317037,855.4508515725648,862.1340942382812,2500800,0.0,0.0,-0.006163176421030592
2017-02-28,867.4805916773342,876.837150579682,863.4706658330653,864.807373046875,3522000,0.0,0.0,0.0031007691569786555
2017-03-01,864.8075379930577,878.1739273904881,863.4708305242956,875.5006103515625,2669100,0.0,0.0,0.012364877587726086
2017-03-02,882.18379309418,882.18379309418,872.8273309518028,874.1639404296875,2453100,0.0,0.0,-0.0015267492747244038
2017-03-03,874.1639621041791,882.1838149675202,871.4906451835338,879.510498046875,3850200,0.0,0.0,0.006116195566885807
2017-03-06,880.8471448617439,884.8570710175658,872.8272925501001,878.173828125,2396100,0.0,0.0,-0.0015197884787542248
2017-03-07,891.5402608300608,896.8868945723285,883.5204081152518,887.5303344726562,3719400,0.0,0.0,0.010654503753127598
2017-03-08,883.520263671875,888.8668965400419,882.1836544041215,883.520263671875,2726400,0.0,0.0,-0.004518235202815801
2017-03-09,891.5401316900031,906.2432255035995,886.1935966207765,904.9066162109375,3209700,0.0,0.0,0.02420584271625148
2017-03-10,920.9463874659363,924.9563135392298,914.2631447109185,919.6096801757812,4608900,0.0,0.0,0.016248156109642586
2017-03-13,914.2633882880732,918.2733154296876,906.2435340048445,918.2733154296875,2466600,0.0,0.0,-0.0014531869062517355
2017-03-14,912.9265970928733,918.2731329195115,911.5898897122695,916.9365234375,1577400,0.0,0.0,-0.001455767002836117
2017-03-15,915.5996180982861,928.9661016228491,914.2630089052583,927.62939453125,2515800,0.0,0.0,0.01166151725930109
2017-03-16,923.6197566762182,936.986244363213,920.9465374577007,934.3129272460938,2678400,0.0,0.0,0.007204960034951302
2017-03-17,927.6296834025964,938.3228539724718,927.6296834025964,934.3129272460938,2503200,0.0,0.0,0.0
2017-03-21,927.6297859502358,946.3428120415555,923.6198587805682,943.6694946289062,2265300,0.0,0.0,0.010014382879610872
2017-03-22,928.9663522685886,947.6792776142239,928.9663522685886,938.3228149414062,3159600,0.0,0.0,-0.005665839277344209
2017-03-23,927.629540257005,934.312783069189,920.9463953434076,928.9662475585938,3385500,0.0,0.0,-0.009971586786362785
2017-03-24,931.6393200089046,931.6393200089046,922.2828598605676,927.62939453125,2872500,0.0,0.0,-0.0014390759953412102
2017-03-27,919.6097032706699,926.2929461935292,914.2631676715354,922.2830200195312,2652900,0.0,0.0,-0.005763481130759529
2017-03-28,926.2929298273617,932.9761726321385,923.6196131257337,931.6394653320312,2366400,0.0,0.0,0.010144874305830553
2017-03-29,945.2800682101188,948.0081825168243,934.367710888607,937.0958251953125,2538300,23.333332,0.0,0.0058567289883288964
2017-03-30,935.7316680775623,937.0956750597273,915.2710638186163,916.6350708007812,2818800,0.0,0.0,-0.021834217850951076
2017-03-31,923.4552817020195,923.4552817020195,907.0867987170815,908.4508056640625,3225900,0.0,0.0,-0.008928596992878401
2017-04-03,915.2710893473819,919.3632103133087,912.5429754016651,913.906982421875,1950600,0.0,0.0,0.006006023357339796
2017-04-04,908.4507132888552,909.8147200971381,892.0822319683353,898.9024658203125,3942300,0.0,0.0,-0.0164179909883172
2017-04-05,911.1790190824256,911.1790190824256,892.0824202104048,900.2666625976562,3330900,0.0,0.0,0.0015176249139541298
2017-04-06,896.1745212868902,901.6306494541456,879.8060368798238,881.1700439453125,3090300,0.0,0.0,-0.02121218017475157
2017-04-07,892.0824519688857,894.8105661635257,879.8060879509652,890.7184448242188,2541300,0.0,0.0,0.010836047984739361
2017-04-10,893.4463622675513,901.630604059026,885.2621204760767,887.990234375,2887200,0.0,0.0,-0.0030629324732992513
2017-04-11,886.6262273781861,890.7183482739233,879.8059925835254,887.990234375,2058900,0.0,0.0,0.0
2017-04-12,887.9901375271654,893.4462648246492,882.5340102296816,885.2620239257812,3085200,0.0,0.0,-0.003072342851989762
2017-04-13,885.2620412066715,894.8103890452636,881.1699206773567,892.082275390625,2828400,0.0,0.0,0.007704217825360571
2017-04-14,892.0824713761091,893.4464785504499,883.8982285194475,886.6263427734375,2177400,0.0,0.0,-0.006115952269983627
2017-04-17,892.0824202104048,901.6306696937639,887.9902990167791,900.2666625976562,2688900,0.0,0.0,0.015384519008933006
2017-04-18,908.4508244441105,911.1789382997613,901.6305897576304,904.3587036132812,2150100,0.0,0.0,0.004545365485174813
2017-04-19,886.6261850577675,894.8104264585921,879.8059505886501,883.8980712890625,4994700,0.0,0.0,-0.022624465538364613
2017-04-20,875.7139347994149,885.2621842758342,871.6218136087634,877.0779418945312,3462000,0.0,0.0,-0.0077159681823775195
2017-04-21,881.1699206773567,894.8103890452636,881.1699206773567,892.082275390625,2100600,0.0,0.0,0.01710718372837383
2017-04-24,905.7228070367671,909.8149283033569,897.5385645035876,907.0869140625,3334200,0.0,0.0,0.016819792395611488
2017-04-25,904.3587082454137,919.3631846704055,901.6305943757894,916.6350708007812,2557500,0.0,0.0,0.01052617625748642
2017-04-26,924.8194760072045,943.9160766601562,920.7273544319513,943.9160766601562,4428000,0.0,0.0,0.02976212314846527
2017-04-27,945.2801529321915,964.3767549800696,942.552038380975,957.5565185546875,3438000,0.0,0.0,0.014450905363107003
2017-04-28,958.9203616611819,961.6484757452052,945.2799910516698,953.4642333984375,3138600,0.0,0.0,-0.004273674793031312
2017-05-01,957.5564060016214,975.2888987369194,957.5564060016214,971.19677734375,2243400,0.0,0.0,0.018598016919951332
2017-05-02,968.4689331054688,975.2890700216631,965.740818395796,968.4689331054688,2224200,0.0,0.0,-0.002808745150227887
2017-05-08,979.380918046321,991.6572809462274,973.9247900592394,990.2932739257812,2958300,0.0,0.0,0.022534889942551928
2017-05-09,994.3853505309859,1002.569592099142,993.0213435713906,997.1134643554688,2919900,0.0,0.0,0.006887041050627873
2017-05-10,993.0212771535691,993.0212771535691,978.01680198042,984.8370361328125,3599100,0.0,0.0,-0.012311967154702619
2017-05-11,964.3765313185721,1039.3987149770958,963.0124244066725,1018.9381103515625,6904500,0.0,0.0,0.03462610865311855
2017-05-12,1024.3943639292368,1040.762849637322,1020.3022425022154,1031.214599609375,4257600,0.0,0.0,0.012048316902757428
2017-05-15,1016.2101556331131,1039.3988778099078,1012.1180340669324,1033.9427490234375,2258400,0.0,0.0,0.0026455690358688777
2017-05-16,1039.3988490043077,1042.1269632745925,1029.850598916274,1032.57861328125,2103900,0.0,0.0,-0.001319353265425871
2017-05-17,1023.0299505104581,1038.0344230863677,1023.0299505104581,1027.1220703125,2575200,0.0,0.0,-0.005284385032351735
2017-05-18,1016.2100421470144,1039.3987617341897,1016.2100421470144,1035.306640625,3349800,0.0,0.0,0.00796844946580677
2017-05-19,1033.942542277097,1039.3986699725644,1023.0301869808704,1025.75830078125,1638600,0.0,0.0,-0.009222716699649247
2017-05-22,1025.758397873055,1038.0347612788282,1024.3942908911015,1036.670654296875,1314000,0.0,0.0,0.010638328256582286
2017-05-23,1043.4907158340307,1048.946843137937,1038.034588530124,1042.126708984375,1966200,0.0,0.0,0.005263055016446527
2017-05-24,1054.4032005875601,1061.223335583549,1040.762730784989,1043.4908447265625,1998600,0.0,0.0,0.0013089922083628913
2017-05-25,1039.3987386088077,1077.5918348097273,1039.3987386088077,1069.4075927734375,2622000,0.0,0.0,0.024836584027401187
2017-05-26,1069.4075011858492,1070.7716080119365,1054.4031253412077,1059.8592529296875,2048100,0.0,0.0,-0.008928625444847516
2017-05-29,1063.9515477882574,1078.9560259947323,1062.5875406441437,1077.5919189453125,2093100,0.0,0.0,0.016731151770018382
2017-05-30,1076.227739195463,1087.1400943141641,1069.4075047581139,1083.0479736328125,2073900,0.0,0.0,0.005063191911127252
2017-05-31,1077.5921914337662,1084.4124286895658,1073.5000690613529,1078.956298828125,2422200,0.0,0.0,-0.0037779257284079604
2017-06-01,1091.232625674393,1099.4168701171875,1080.3202664488908,1099.4168701171875,2789400,0.0,0.0,0.018963299358171426
2017-06-02,1096.6883544921875,1099.4164682777628,1089.8681199808952,1096.6883544921875,1987200,0.0,0.0,-0.0024817843887634528
2017-06-05,1084.4121165821032,1111.6929578482004,1081.6840024839028,1108.96484375,1558800,0.0,0.0,0.0111941457274769
2017-06-06,1106.2368034373553,1115.7851534652768,1100.7806747823354,1103.5087890625,2444400,0.0,0.0,-0.0049199527994504555
2017-06-07,1088.504230542453,1093.9603587972892,1080.319988207547,1084.412109375,3078900,0.0,0.0,-0.017305416936211127
2017-06-08,1085.7763260589522,1093.9605699737315,1080.320196750873,1081.6842041015625,2262300,0.0,0.0,-0.0025155614271125115
2017-06-09,1074.8636474609375,1087.1400085363596,1068.0434135617202,1074.8636474609375,2518800,0.0,0.0,-0.0063054971263910575
2017-06-12,1063.9513803658024,1068.043501059517,1055.7671389783732,1061.2232666015625,2452200,0.0,0.0,-0.012690336017593062
2017-06-13,1061.2234173854781,1073.499781210909,1055.7672889870548,1062.5875244140625,1751400,0.0,0.0,0.0012855521127697056
2017-06-14,1072.1358528899675,1072.1358528899675,1042.1269946350217,1046.2191162109375,3156000,0.0,0.0,-0.01540429171907598
2017-06-15,1043.4909696357195,1077.5919484135486,1043.4909696357195,1055.767333984375,3693600,0.0,0.0,0.009126403470831157
2017-06-16,1053.03917802585,1065.3155418884778,1046.2190424834823,1051.6751708984375,4884000,0.0,0.0,-0.003876008429332667
2017-06-19,1061.2236274657585,1074.8641010200477,1061.2236274657585,1072.135986328125,1452900,0.0,0.0,0.01945545164122109
2017-06-20,1080.3203063171522,1085.7764361785933,1072.1360615723254,1078.956298828125,2101800,0.0,0.0,0.006361424844397279
2017-06-21,1083.0483113575733,1087.1404333149628,1069.4078382293935,1081.6842041015625,1898100,0.0,0.0,0.002528281522060194
2017-06-22,1085.7759822680014,1088.5040960108947,1069.407499621221,1070.7716064453125,1771200,0.0,0.0,-0.010088524557233303
2017-06-23,1074.8641010200477,1084.4123525837906,1068.043864242903,1072.135986328125,1881000,0.0,0.0,0.0012742025233016818
2017-06-26,1073.4999601867833,1083.0483113575733,1072.1359528360938,1081.6842041015625,987600,0.0,0.0,0.008905789839345424
2017-06-27,1083.0480627707861,1083.0480627707861,1065.3154717552927,1069.4075927734375,1426200,0.0,0.0,-0.011349533700847458
2017-06-28,1061.223290649911,1062.5873975155882,1048.946928290573,1050.31103515625,2073600,0.0,0.0,-0.017857136742092772
2017-06-29,1055.767052486298,1074.8636474609375,1051.674932127824,1074.8636474609375,2331300,0.0,0.0,0.023376515606193582
2017-06-30,1059.8592114914127,1076.2276935221682,1039.3986089529685,1044.854736328125,2771100,0.0,0.0,-0.027918807379615163
2017-07-03,1035.3066857482672,1055.76729218598,1035.3066857482672,1051.6751708984375,1638300,0.0,0.0,0.006527639042228195
2017-07-04,1057.1312993133927,1058.49540634611,1047.583049610895,1051.6751708984375,1893300,0.0,0.0,0.0
2017-07-05,1051.675174184946,1065.3155452176127,1048.9470600162906,1063.9515380859375,2253600,0.0,0.0,0.011673154912474004
2017-07-06,1076.2275390625,1080.3196589828897,1069.4073058934266,1076.2275390625,2183700,0.0,0.0,0.011538120428536747
2017-07-07,1062.5872939622743,1076.2276619526892,1061.2231872295347,1065.3153076171875,2403000,0.0,0.0,-0.010139334898285668
2017-07-10,1088.5043981215533,1113.05712890625,1087.140390824176,1113.05712890625,3297300,0.0,0.0,0.04481473320405738
2017-07-11,1108.9650071088006,1118.5132580010768,1099.4167562165242,1113.05712890625,1630500,0.0,0.0,0.0
2017-07-12,1100.7807663259728,1111.6931244488205,1087.1403936014012,1089.868408203125,2073000,0.0,0.0,-0.020833360751133623
2017-07-13,1095.3246243792566,1096.6886316641314,1081.6841519092432,1087.140380859375,1447800,0.0,0.0,-0.00250307956742013
2017-07-14,1083.0478881778856,1085.7759018133468,1070.7715271024636,1074.8636474609375,1761000,0.0,0.0,-0.011292684564557232
2017-07-17,1074.8636474609375,1074.8636474609375,1074.8636474609375,1074.8636474609375,0,0.0,0.0,0.0
2017-07-18,1065.3155452176127,1066.679652254593,1051.675174184946,1063.9515380859375,1996500,0.0,0.0,-0.010152087104980057
2017-07-19,1068.0436247051887,1084.412109375,1068.0436247051887,1084.412109375,1488600,0.0,0.0,0.01923073613472215
2017-07-20,1084.4122378681811,1087.1403522715077,1077.592001812522,1085.7762451171875,1340400,0.0,0.0,0.0012579495658469053
2017-07-21,1080.3199487902568,1080.3199487902568,1066.6795786982066,1069.4075927734375,1097400,0.0,0.0,-0.015075529988209824
2017-07-24,1062.5873228604328,1070.7715638583172,1055.7670887271004,1066.679443359375,1264500,0.0,0.0,-0.0025510847617858934
2017-07-25,1072.1358197825823,1072.1358197825823,1054.4033268029607,1055.767333984375,1233300,0.0,0.0,-0.010229980002833483
2017-07-26,1055.7671629030806,1057.131169863465,1047.5829213301884,1050.31103515625,1419600,0.0,0.0,-0.005168088320684605
2017-07-27,1057.1311391828028,1069.4075011858492,1057.1311391828028,1059.8592529296875,1535700,0.0,0.0,0.009090847809684277
2017-07-28,1055.7671629030806,1062.5873975155882,1047.5829213301884,1050.31103515625,1263300,0.0,0.0,-0.009008948826973118
2017-07-31,1055.767366586304,1058.4954809386852,1046.2191162109375,1046.2191162109375,1672800,0.0,0.0,-0.003895911599846924
2017-08-01,1044.8550090820909,1059.8594881622198,1039.3988802826404,1046.2191162109375,1776000,0.0,0.0,0.0
2017-08-02,1050.3112442519864,1054.4033658530911,1042.127001049777,1047.5831298828125,1340400,0.0,0.0,0.0013037552561789845
2017-08-03,1048.9470918098111,1058.4954417368624,1047.583084636793,1054.4033203125,1299000,0.0,0.0,0.006510404983755658
2017-08-04,1055.7671389783732,1068.043501059517,1048.9469045204185,1061.2232666015625,1406400,0.0,0.0,0.006468062227878102
2017-08-07,1028.4865904073295,1031.2147049390999,1002.5698520241249,1012.1181030273438,5073300,0.0,0.0,-0.04627222670255993
2017-08-08,1017.5738240761585,1042.1265428884096,1017.5738240761585,1027.1220703125,2570400,0.0,0.0,0.014824324592434435
2017-08-09,1032.578645897448,1048.9471322255731,1018.9382739257812,1023.0303955078125,3894600,0.0,0.0,-0.003983630498215818
2017-08-10,1009.3900027620268,1013.4821242598387,987.5652881701569,991.6574096679688,3353400,0.0,0.0,-0.03066671916846697
2017-08-11,991.6574096679688,991.6574096679688,991.6574096679688,991.6574096679688,0,0.0,0.0,0.0
2017-08-14,946.6440768948809,986.2012848302286,946.6440768948809,972.5609130859375,2652300,0.0,0.0,-0.01925715110465942
2017-08-15,983.4733824968339,991.6576272885005,973.9251302083334,982.109375,2419500,0.0,0.0,0.009817854887633981
2017-08-16,980.7448685218388,988.9291091495446,975.2886414998476,987.5650024414062,2249100,0.0,0.0,0.005555010042955999
2017-08-17,986.2013630141729,1005.2979648943667,975.2890048104452,999.8417358398438,3484500,0.0,0.0,0.01243131679240106
2017-08-18,987.5652723525648,990.2933866091804,969.8327794478337,976.6530151367188,3126900,0.0,0.0,-0.023192391227444653
2017-08-21,987.5650872824726,999.8414492786856,984.8370734423962,995.7493286132812,2715600,0.0,0.0,0.01955281269867304
2017-08-22,1001.2056317056973,1016.2100086749768,999.8415247773648,1013.4819946289062,3705000,0.0,0.0,0.01780836351687043
2017-08-23,1023.0302436007476,1031.2144855495535,1012.1178877005739,1013.4819946289062,2730000,0.0,0.0,0.0
2017-08-24,1013.481942132553,1020.302076799757,1003.9335937499999,1003.93359375,1935600,0.0,0.0,-0.00942138185928254
2017-08-25,1010.7538707605383,1014.8459916947916,1003.9336359016843,1008.0257568359375,1585500,0.0,0.0,0.00407612924939782
2017-08-28,1014.8462175591142,1018.9383394041106,1008.0259811823473,1012.1181030273438,1639800,0.0,0.0,0.004059763516610415
2017-08-29,1006.6616940478352,1018.9380561703698,1001.20556640625,1001.20556640625,1861800,0.0,0.0,-0.01078188068018282
2017-08-30,1009.3896443608241,1018.9378911636787,1002.5694109843425,1016.2097778320312,2281200,0.0,0.0,0.014986144633252207
2017-08-31,1020.3021061153803,1020.3021061153803,999.8415017153039,1005.2977294921875,2279100,0.0,0.0,-0.010737987940957816
2017-09-01,1016.2101375671343,1018.9382518645256,1010.7540088776619,1014.8461303710938,1798800,0.0,0.0,0.009498082606562264
2017-09-04,1014.8460016519416,1020.3021296493798,1008.0257667261708,1013.4819946289062,1647000,0.0,0.0,-0.001344179872557305
2017-09-05,1014.8459250202645,1014.8459250202645,987.5650872824726,995.7493286132812,1635000,0.0,0.0,-0.017496774594518483
2017-09-06,991.6571221364387,1003.9334830703366,990.2931153344326,998.4773559570312,2113500,0.0,0.0,0.0027396727924979825
2017-09-07,997.1135009481264,1012.1178777701906,995.7493940331779,1008.0257568359375,1752300,0.0,0.0,0.009562961865824393
2017-09-08,1003.9336225953192,1012.1178643553498,1001.2056086121722,1005.2977294921875,2169300,0.0,0.0,-0.002706307180396772
2017-09-11,1014.8459782437916,1020.3021061153803,1002.5696156037457,1005.2977294921875,1614900,0.0,0.0,0.0
2017-09-12,1021.6662365777123,1021.6662365777123,1012.1178877005739,1013.4819946289062,1389000,0.0,0.0,0.008141135602537375
2017-09-13,1023.0303603564702,1024.394367535176,1010.7539960321925,1020.30224609375,1167600,0.0,0.0,0.006729524057643488
2017-09-14,1017.5742446684849,1025.7584876553485,1012.1180160737025,1014.8461303710938,1571100,0.0,0.0,-0.005347548477468433
2017-09-15,995.7493286132812,1009.3897974348221,993.0213147732048,995.7493286132812,2772300,0.0,0.0,-0.018817435654831183
2017-09-18,995.7493286132812,995.7493286132812,995.7493286132812,995.7493286132812,0,0.0,0.0,0.0
2017-09-19,1008.0255600202414,1008.0255600202414,990.2930727358217,994.3851928710938,2508600,0.0,0.0,-0.0013699589876573492
2017-09-20,987.5655048926671,994.3857421875001,978.0172526041667,982.109375,2703600,0.0,0.0,-0.012345133414195075
2017-09-21,982.1090860011757,993.0214424807341,972.5608365223762,988.9293212890625,2082600,0.0,0.0,0.006944182045978797
2017-09-22,995.7494566716467,999.8415778633183,987.5652142883037,988.9293212890625,1306500,0.0,0.0,0.0
2017-09-25,1001.2055424890458,1006.6616700002928,991.6571944627533,993.0213012695312,1884000,0.0,0.0,0.004137788103132367
2017-09-26,1002.5696614832257,1027.1223878868964,995.7494264026617,1021.666259765625,2600700,0.0,0.0,0.028846267909331313
2017-09-27,1026.318898641441,1034.5294498305723,1015.3714636471137,1022.213623046875,1934100,4.0,0.0,0.0005357554641920448
2017-09-28,1057.7927101566531,1072.8453204984296,1044.108391375914,1071.4769287109375,3269100,0.0,0.0,0.04819276964557084
2017-09-29,1070.1085128082975,1079.6874555577872,1053.6874108226277,1056.4241943359375,2545500,0.0,0.0,-0.014048584688715171
2017-10-02,1066.0033088625519,1072.8453683315217,1056.4242652436594,1060.529541015625,1482300,0.0,0.0,0.003886077866919857
2017-10-03,1068.7400925595562,1076.9506441034873,1056.4242652436594,1060.529541015625,1639200,0.0,0.0,0.0
2017-10-04,1061.8977838032156,1063.266175330479,1041.3714097620868,1045.4766845703125,1570500,0.0,0.0,-0.014193717254586846
2017-10-05,1034.5295061462243,1042.7400577823055,1020.8452868282426,1040.003173828125,1853400,0.0,0.0,-0.005235421146132069
2017-10-06,1048.2134891848636,1059.1609223074483,1045.476706074046,1053.687255859375,1593000,0.0,0.0,0.01315773102968576
2017-10-09,1053.687255859375,1053.687255859375,1053.687255859375,1053.687255859375,0,0.0,0.0,0.0
2017-10-10,1040.0031995666734,1061.8980712890625,1037.2664157712218,1061.8980712890625,1461600,0.0,0.0,0.007792459654445416
2017-10-11,1060.529541015625,1063.2664249390884,1052.3189894716938,1060.529541015625,997200,0.0,0.0,-0.0012887586016389063
2017-10-12,1066.0033795676545,1068.7401634461821,1046.8453912856314,1049.582275390625,1661700,0.0,0.0,-0.010322452323691333
2017-10-13,1042.7401313781738,1053.6875677410978,1041.3717394177336,1050.95068359375,1408200,0.0,0.0,0.0013037645882651994
2017-10-16,1052.318603515625,1057.7923693549535,1046.8449379027188,1052.318603515625,1095900,0.0,0.0,0.001301602390320955
2017-10-17,1056.4242804443252,1057.7927725389775,1042.740061083027,1046.8453369140625,1259400,0.0,0.0,-0.005201149711957176
2017-10-18,1052.3189188395202,1070.1085128082975,1050.9505270828652,1056.4241943359375,1455000,0.0,0.0,0.009150212628459498
2017-10-19,1061.8981390794465,1068.7401992313276,1056.4243706861785,1059.1612548828125,1888200,0.0,0.0,0.002590872645240383
2017-10-20,1057.7925940352347,1081.0557530011104,1055.0557105342432,1078.3189697265625,2208300,0.0,0.0,0.01808762806931563
2017-10-23,1094.7400572966587,1102.9506074758176,1086.5295071174999,1092.003173828125,3035700,0.0,0.0,0.012690311944556276
2017-10-24,1092.003332201188,1108.4244349410556,1090.6349403816846,1101.582275390625,2002500,0.0,0.0,0.008772045532541295
2017-10-25,1102.9506374789396,1105.6874207954784,1075.582102728434,1079.6873779296875,1777200,0.0,0.0,-0.019875862157616386
2017-10-26,1078.3191396037316,1081.0559233094293,1060.5295443843993,1067.3717041015625,2259000,0.0,0.0,-0.01140670353277673
2017-10-27,1071.4770834279614,1075.5823596096777,1053.6875867160138,1059.1612548828125,2248500,0.0,0.0,-0.007692211801380799
2017-10-30,1050.950510700389,1061.897945262335,1049.5821189650649,1055.0557861328125,3385800,0.0,0.0,-0.0038761508043024806
2017-10-31,1049.5822057746896,1064.6348167875906,1049.5822057746896,1060.529541015625,2154300,0.0,0.0,0.005188118917271556
2017-11-01,1070.1087315402474,1086.5298368824176,1060.5296866063327,1082.424560546875,1721400,0.0,0.0,0.020645365060064202
2017-11-02,1078.3190329361341,1081.0558163711084,1067.3715985168878,1068.739990234375,1756200,0.0,0.0,-0.012642516449909547
2017-11-03,1068.739990234375,1068.739990234375,1068.739990234375,1068.739990234375,0,0.0,0.0,0.0
2017-11-06,1078.3192817538863,1089.266618472736,1071.4771211347506,1075.5823974609375,1677900,0.0,0.0,0.0064023123389085335
2017-11-07,1066.0032411715467,1075.582183955719,1060.529473672203,1063.266357421875,2076600,0.0,0.0,-0.01145057790843007
2017-11-08,1094.7402324667364,1175.4772553296189,1092.0033485602721,1159.05615234375,5814300,0.0,0.0,0.09009012111898151
2017-11-09,1163.1614681861104,1163.1614681861104,1092.003386203241,1104.3192138671875,4989300,0.0,0.0,-0.04722544146448626
2017-11-10,1092.0032996379757,1105.6875181043201,1086.5296322967288,1098.845458984375,1970400,0.0,0.0,-0.004956678118135827
2017-11-13,1102.950778901512,1111.1613303567926,1081.055908203125,1081.055908203125,1429200,0.0,0.0,-0.016189310913376498
2017-11-14,1078.3190329361341,1081.0558163711084,1066.0032067994007,1068.739990234375,1672800,0.0,0.0,-0.011392489394208005
2017-11-15,1064.634770781903,1071.476930181664,998.9503612688508,1022.213623046875,6888600,0.0,0.0,-0.04353385071451921
2017-11-16,1045.47686361514,1072.845300206047,1037.2663125925772,1063.266357421875,4313400,0.0,0.0,0.0401606214683734
2017-11-17,1070.108355430033,1079.6872967707711,1048.2134891848636,1053.687255859375,2683200,0.0,0.0,-0.009009126918796406
2017-11-20,1053.6875677410978,1059.1612358093262,1048.2137994464022,1050.95068359375,1530900,0.0,0.0,-0.0025971389996485295
2017-11-21,1050.9503509058018,1052.318742433065,1041.3714097620868,1045.4766845703125,2103000,0.0,0.0,-0.005208616454502879
2017-11-22,1041.3716813580393,1042.7400732421875,1022.2136938476563,1026.3189697265625,2332800,0.0,0.0,-0.018324382672984973
2017-11-23,1026.3189697265625,1026.3189697265625,1026.3189697265625,1026.3189697265625,0,0.0,0.0,0.0
2017-11-24,1019.4765916016894,1022.213475010531,1005.7923750103619,1007.1607666015625,2432700,0.0,0.0,-0.018666909304135948
2017-11-27,1026.318898641441,1030.4241742360066,1019.4767392416795,1022.213623046875,3447600,0.0,0.0,0.01494583282478823
2017-11-28,1022.213623046875,1048.21366840364,1018.1083474523093,1022.213623046875,2621400,0.0,0.0,0.0
2017-11-29,1029.056062356524,1031.7928466796875,1020.8455089340689,1031.7928466796875,1771500,0.0,0.0,0.009371058472357419
2017-11-30,1022.2135156823067,1023.5819073279528,993.4765895386274,998.9502563476562,5921100,0.0,0.0,-0.031830604794090944
2017-12-01,1003.0554766098962,1005.7923599778325,985.2659852844074,988.0028686523438,2930700,0.0,0.0,-0.010958891722334774
2017-12-04,1007.16095139465,1009.897835305653,979.7925131904559,982.529296875,2600100,0.0,0.0,-0.0055400363207546155
2017-12-05,982.5294051053575,1004.4242783522893,981.1610131123504,1003.0557861328125,2919000,0.0,0.0,0.02089147806899838
2017-12-06,1034.5296037837334,1038.6348799892244,994.8452337218305,1003.0557861328125,5093700,0.0,0.0,0.0
2017-12-07,1004.423956088276,1015.3712889728794,997.5817978655706,1001.6870727539062,2569500,0.0,0.0,-0.0013645436254180465
2017-12-08,1008.529257139242,1033.1609071082348,1008.529257139242,1016.7398071289062,3960900,0.0,0.0,0.015027382088116603
2017-12-11,1015.3714636471137,1023.5820148362453,1007.1609124579822,1022.213623046875,1885500,0.0,0.0,0.00538369392010507
2017-12-12,1022.2137003922471,1034.5295281078163,1019.4768163799664,1023.5820922851562,1692300,0.0,0.0,0.001338731168737839
2017-12-13,1020.8451390839931,1022.2135307498095,1003.0555462961516,1009.897705078125,2758200,0.0,0.0,-0.013369115491734251
2017-12-14,1012.6346763921325,1016.7399519717945,1005.7925170172108,1015.3714599609375,1902600,0.0,0.0,0.005420108249863942
2017-12-15,1016.7398071289061,1023.5818653026662,1007.1607653233376,1016.7398071289062,2002500,0.0,0.0,0.0013476320951757437
2017-12-18,1023.5820148362453,1023.5820148362453,1014.0030718577435,1022.213623046875,1330500,0.0,0.0,0.00538369392010507
2017-12-19,1026.3189533857985,1035.8978968752458,1022.2136775722553,1024.9505615234375,1529100,0.0,0.0,0.002677462337475678
2017-12-20,1019.4766618965925,1027.6872124628105,1015.3713866134835,1020.8451538085938,1305000,0.0,0.0,-0.004005469013785068
2017-12-21,1023.5820857318043,1027.6873616107107,1009.8978662109374,1026.3189697265625,1584000,0.0,0.0,0.005362043300638497
2017-12-22,1027.6872904308111,1030.4241742360066,1018.1083474523093,1022.213623046875,1245300,0.0,0.0,-0.004000068985162808
2017-12-25,1022.2134554721954,1037.26616359345,1022.2134554721954,1033.160888671875,1196400,0.0,0.0,0.010709371679443969
2017-12-26,1034.5295281078163,1034.5295281078163,1022.2137003922471,1023.5820922851562,707100,0.0,0.0,-0.00927135017570424
2017-12-27,1016.7400065796029,1024.9505581799053,1008.5294549793005,1018.1083984375,1251600,0.0,0.0,-0.005347586567713614
2017-12-28,1022.2136742376512,1023.5820660955483,1014.0031226373487,1018.1083984375,783900,0.0,0.0,0.0
2017-12-29,1018.1083004463997,1018.1083004463997,1007.160865957514,1008.5293579101562,1081500,0.0,0.0,-0.00940866467857926
2018-01-01,1008.5293579101562,1008.5293579101562,1008.5293579101562,1008.5293579101562,0,0.0,0.0,0.0
2018-01-02,1008.5293579101562,1008.5293579101562,1008.5293579101562,1008.5293579101562,0,0.0,0.0,0.0
2018-01-03,1008.5293579101562,1008.5293579101562,1008.5293579101562,1008.5293579101562,0,0.0,0.0,0.0
2018-01-04,1040.0030012304535,1053.6873185038626,1027.6871758202517,1044.1082763671875,3199200,0.0,0.0,0.035278019601488575
2018-01-05,1053.6870950886685,1060.5291520481953,1040.0027807167694,1052.318603515625,2161500,0.0,0.0,0.007863482489578688
2018-01-08,1052.318603515625,1052.318603515625,1052.318603515625,1052.318603515625,0,0.0,0.0,0.0
2018-01-09,1056.4240508542548,1056.4240508542548,1035.897676160024,1048.2135009765625,2511300,0.0,0.0,-0.003901007285576852
2018-01-10,1053.6872677126498,1066.0030925291883,1040.0029510988702,1048.2135009765625,1793700,0.0,0.0,0.0
2018-01-11,1042.73980128935,1048.2134676248393,1031.7923683919362,1045.4766845703125,2442600,0.0,0.0,-0.002610934130976461
2018-01-12,1042.7397743012325,1049.5819322133325,1027.6870669851858,1030.4239501953125,2381400,0.0,0.0,-0.014397962763929684
2018-01-15,1034.5294498305723,1038.6347254251382,1020.8452312575048,1022.213623046875,1555200,0.0,0.0,-0.00796791179677192
2018-01-16,1027.6873452481593,1031.7926210617027,1020.8452857098943,1024.9505615234375,1672200,0.0,0.0,0.002677462337475678
2018-01-17,1020.8452275514567,1029.0557787107807,1015.3714599609375,1015.3714599609375,2085300,0.0,0.0,-0.009345915717400177
2018-01-18,1024.9503631469208,1033.1609131848763,1014.0029296875,1014.0029296875,2196000,0.0,0.0,-0.0013478124286555593
2018-01-19,1018.1082047064776,1024.9503631469208,1009.8976546685223,1014.0029296875,1368000,0.0,0.0,0.0
2018-01-22,1015.3713719678361,1018.1082555259146,1004.4240381884139,1009.897705078125,1383300,0.0,0.0,-0.004048533282482891
2018-01-23,1009.8976116415895,1012.6344949464494,993.4765122653035,997.581787109375,3583800,0.0,0.0,-0.0121952133437091
2018-01-24,996.2134610030438,1016.7398365716062,994.8449691475108,1004.4240112304688,4874700,0.0,0.0,0.006858810184295683
2018-01-25,1004.4240233831296,1007.1608066744218,997.5818647020102,998.9502563476562,1718700,0.0,0.0,-0.005449645589522434
2018-01-26,1003.0557055600442,1005.7925895526816,993.4767619255059,994.8451538085938,2100300,0.0,0.0,-0.0041094163728147
2018-01-29,998.9502016712112,1000.3186934683988,986.6343768551561,988.0028686523438,3393900,0.0,0.0,-0.006877738842125836
2018-01-30,988.0029449156307,990.7397282683786,962.0028014793992,964.7396850585938,3032100,0.0,0.0,-0.023545664017637358
2018-01-31,974.3187255859375,989.371436451136,971.5819419569608,974.3187255859375,4015500,0.0,0.0,0.009929145318368304
2018-02-01,975.6871974798654,978.42398105233,959.2660951392587,966.108154296875,2215800,0.0,0.0,-0.008426987056134871
2018-02-02,959.2661905971283,967.4767425844748,956.529306525858,960.6345825195312,2436300,0.0,0.0,-0.005665589047146979
2018-02-05,941.4764134456256,945.5816886499327,930.5290797184368,936.0027465820312,3017700,0.0,0.0,-0.02564121299162081
2018-02-06,910.0028291553593,918.2133806959297,884.0026824592474,893.5817260742188,6362100,0.0,0.0,-0.04532147011610799
2018-02-07,922.3185444042399,933.2658783105899,912.7395019531249,912.739501953125,5609700,0.0,0.0,0.021439310272237
2018-02-08,915.4764033484734,929.1606211107852,899.0553019431195,905.8974609375,4560300,0.0,0.0,-0.007496159639178601
2018-02-09,892.212973291333,1003.0553867003998,888.1076987206268,990.7395629882812,14871900,0.0,0.0,0.09365530394905774
2018-02-12,990.7395629882814,990.7395629882814,990.7395629882814,990.7395629882812,0,0.0,0.0,0.0
2018-02-13,971.5819467797619,985.266165671942,942.8450169476636,956.5292358398438,7412400,0.0,0.0,-0.034530090880041
2018-02-14,957.8975831736153,957.8975831736153,925.0553791765033,933.2659301757812,3764100,0.0,0.0,-0.024320538037331474
2018-02-15,930.5290753754393,936.0027422134868,918.2132498199987,929.1605834960938,3472200,0.0,0.0,-0.004398903406785948
2018-02-16,929.1606446317205,956.5291810756052,929.1606446317205,953.7922973632812,2440200,0.0,0.0,0.026509641395362715
2018-02-19,970.2132771004159,989.3712602230923,962.0027272230459,988.0028686523438,2724000,0.0,0.0,0.03586794670457727
2018-02-20,975.6870893224886,986.6344228517171,960.634380436745,977.0554809570312,2194500,0.0,0.0,-0.01108031974668755
2018-02-21,978.4240112304688,983.8977789971383,970.2134598069223,978.4240112304688,1600500,0.0,0.0,0.001400667925322896
2018-02-22,960.63454657871,963.3714305475836,948.3187190584702,951.0556030273438,2546100,0.0,0.0,-0.02797193025619482
2018-02-23,953.792224206135,962.0027744868949,940.1080071470162,959.2659912109375,1843800,0.0,0.0,0.008632921311287012
2018-02-26,968.8450481409861,974.3187155691222,956.529221257838,970.2134399414062,1811400,0.0,0.0,0.011412318200345162
2018-02-27,978.4240395955931,979.7925316901627,968.8450960659085,975.687255859375,1683000,0.0,0.0,0.005641867750563634
2018-02-28,981.1608693837087,988.003028799387,948.3186645507812,948.3186645507812,3036600,0.0,0.0,-0.028050577830380452
2018-03-01,942.8450070935463,955.160834035727,934.6344557987591,952.4239501953125,2770500,0.0,0.0,0.004329014916600871
2018-03-02,936.0027465820312,940.1080217863383,931.8974713777241,936.0027465820312,1636200,0.0,0.0,-0.01724148538044823
2018-03-05,923.6870430611275,929.1607106482257,908.634331913534,911.3712158203125,2703000,0.0,0.0,-0.026315660773074456
2018-03-06,925.0553791765033,940.1080894173305,925.0553791765033,933.2659301757812,2124000,0.0,0.0,0.024023925679682145
2018-03-07,923.6870109260856,952.4239401548972,922.318619133532,948.3186645507812,4675800,0.0,0.0,0.01612909449310429
2018-03-08,952.423761233835,966.1079772680376,946.9500948654411,955.16064453125,3083400,0.0,0.0,0.007214853230490537
2018-03-09,963.3714338736598,968.8451016038442,934.6345028938848,941.4765625,3198300,0.0,0.0,-0.014326471792570072
2018-03-12,951.0556583038818,953.7924422053599,933.2660618119413,937.371337890625,1776600,0.0,0.0,-0.004360410840684059
2018-03-13,936.0029421766709,948.3187703632061,934.6345502314335,946.9503784179688,1690500,0.0,0.0,0.010219045686738815
2018-03-14,933.2658971882535,934.6343891240638,923.6869547698273,930.5291137695312,2233800,0.0,0.0,-0.017341209236192312
2018-03-15,942.8450070935463,955.160834035727,933.2659637653237,952.4239501953125,2780700,0.0,0.0,0.023529448033158484
2018-03-16,971.5816818092725,993.4764461108954,970.2131901347504,990.7395629882812,5194500,0.0,0.0,0.04022957715953224
2018-03-19,990.73984838155,993.4767322925529,974.31874536845,982.529296875,3193800,0.0,0.0,-0.008287007423542603
2018-03-20,975.6870893224886,989.371306347246,962.0027720712877,977.0554809570312,3015600,0.0,0.0,-0.00557114778702128
2018-03-21,977.0554809570312,977.0554809570312,977.0554809570312,977.0554809570312,0,0.0,0.0,0.0
2018-03-22,964.739912995775,970.21358122097,944.2135318682052,963.3715209960938,4190700,0.0,0.0,-0.014005304946996477
2018-03-23,951.0554557399726,956.529122603567,933.2658630370113,936.0027465820312,3633600,0.0,0.0,-0.028409366290757854
2018-03-26,930.5292779104633,937.371337890625,926.4240018317796,937.371337890625,2776500,0.0,0.0,0.0014621659109350649
2018-03-27,940.1080293529586,957.8975219726562,940.1080293529586,957.8975219726562,4381800,0.0,0.0,0.021897601571882364
2018-03-28,948.2875756750177,966.6597290039062,948.2875756750177,966.6597290039062,2978700,37.0,0.0,0.009147332392305918
2018-03-29,962.4200467306681,969.4863077148627,949.700839064624,961.0068359375,2947200,0.0,0.0,-0.005847862383003499
2018-03-30,973.7261012124785,993.5114675241094,972.3127868265169,987.8585205078125,3160500,0.0,0.0,0.027941200380866782
2018-04-02,985.0320237943295,985.0320237943295,976.5525512695312,976.5525512695312,1491900,0.0,0.0,-0.011444927591928167
2018-04-03,969.4863123559859,976.5524698648305,962.4200513379637,968.072998046875,1794900,0.0,0.0,-0.008683150959600372
2018-04-04,973.7259678672347,986.4451745439801,972.312653674817,985.0318603515625,3015300,0.0,0.0,0.01751816478602608
2018-04-05,1003.4040475784308,1013.2967286972467,997.7509982169687,1006.23046875,3387300,0.0,0.0,0.02152073374649177
2018-04-06,999.1644897460938,1004.8174366022588,986.4452816878372,999.1644897460938,2376900,0.0,0.0,-0.0070222272365535465
2018-04-09,1003.4042257655125,1006.230647439005,996.3379645634211,999.1644897460938,2088900,0.0,0.0,0.0
2018-04-10,993.5114675241094,1001.9909398031465,976.5525229660354,987.8585205078125,2785200,0.0,0.0,-0.01131542339055136
2018-04-11,992.0982393615991,996.337975427247,969.4863481812043,977.9658203125,2255700,0.0,0.0,-0.010014288473441657
2018-04-12,989.2716804491977,1013.296885172526,982.205522919943,992.0982055664062,2957400,0.0,0.0,0.014450796705134827
2018-04-13,1003.4042127707347,1011.8836846997573,989.2716905495778,996.3379516601562,2009100,0.0,0.0,0.004273514527051825
2018-04-16,1000.5776701149483,1016.123402882505,997.7511450183442,1011.8836669921875,1754700,0.0,0.0,0.015602853736654376
2018-04-17,1010.470458984375,1020.363246108559,1003.4043007633153,1010.470458984375,2091300,0.0,0.0,-0.001396611146035398
2018-04-18,1020.3629563514797,1041.5616320131505,1014.7099071689285,1038.735107421875,2835000,0.0,0.0,0.027971771154902347
2018-04-19,1041.5617621584656,1047.2147085382057,1026.0160302277159,1044.38818359375,2853300,0.0,0.0,0.005442269286445756
2018-04-20,1040.1483179629336,1044.3880530952677,1030.2556371572066,1038.735107421875,1678800,0.0,0.0,-0.005412811309701615
2018-04-23,1038.735107421875,1041.5616320131505,1033.0821617484823,1038.735107421875,957900,0.0,0.0,0.0
2018-04-24,1047.214690161533,1048.627900854376,1030.255747810739,1034.4954833984375,1974600,0.0,0.0,-0.004081525687487542
2018-04-25,1017.5362757887816,1031.6686895605783,1016.1230654643448,1027.428955078125,1589700,0.0,0.0,-0.006830893352088974
2018-04-26,1028.842426616148,1041.5616320131505,1021.7761668925383,1038.735107421875,1726500,0.0,0.0,0.011004315469083092
2018-04-27,1052.8676812716558,1058.5207313020655,1045.8015239974045,1050.041259765625,2388600,0.0,0.0,0.010884538572891511
2018-04-30,1050.041259765625,1050.041259765625,1050.041259765625,1050.041259765625,0,0.0,0.0,0.0
2018-05-01,1052.867719267557,1069.8266629524528,1045.8015617383023,1068.4134521484375,2412300,0.0,0.0,0.01749663854819694
2018-05-02,1074.0663914188826,1074.0663914188826,1055.6942370574875,1062.760498046875,2151300,0.0,0.0,-0.0052909799012687
2018-05-03,1062.760498046875,1062.760498046875,1062.760498046875,1062.760498046875,0,0.0,0.0,0.0
2018-05-04,1062.760498046875,1062.760498046875,1062.760498046875,1062.760498046875,0,0.0,0.0,0.0
2018-05-07,1075.47974354488,1081.1326904296875,1067.0002714630787,1081.1326904296875,2801700,0.0,0.0,0.017287236791898586
2018-05-08,1088.1989284239223,1092.4386643742635,1071.2399846225583,1074.06640625,2151900,0.0,0.0,-0.0065360008463707375
2018-05-09,1088.1990323672856,1091.0254542647033,1061.3472997774973,1065.5870361328125,3876000,0.0,0.0,-0.00789464233109427
2018-05-10,1164.514136828684,1181.4730800664358,1129.182936077251,1157.4478759765625,7966500,0.0,0.0,0.086206791870449
2018-05-11,1151.7948603611198,1184.2994306123514,1148.9683354878596,1178.646484375,3102000,0.0,0.0,0.018314957276630572
2018-05-14,1181.4731242799478,1188.5392818873268,1170.1671271952912,1172.99365234375,2315400,0.0,0.0,-0.0047960369001122105
2018-05-15,1161.6876145584333,1170.167086197546,1137.6624104112225,1156.03466796875,2640900,0.0,0.0,-0.014457865429292283
2018-05-16,1158.8612256072342,1172.993749004948,1157.4480146711378,1167.3406982421875,2110800,0.0,0.0,0.009780009706199522
2018-05-17,1181.4729986464074,1181.4729986464074,1163.100742398832,1174.40673828125,2293200,0.0,0.0,0.006053108616621339
2018-05-18,1174.4065964288068,1213.9774219738977,1172.9933859301393,1211.1510009765625,3071100,0.0,0.0,0.031287510108370054
2018-05-21,1215.3909393144797,1218.2173607846703,1184.2994750690027,1194.1922607421875,2090700,0.0,0.0,-0.014002168367694079
2018-05-22,1194.1921252445925,1195.6053358193394,1187.1258653525356,1191.3656005859375,1482900,0.0,0.0,-0.0023670059245679553
2018-05-23,1201.2585646448017,1218.217509573948,1197.0188284125152,1209.738037109375,2669700,0.0,0.0,0.015421325338251801
2018-05-24,1216.8038468187642,1230.936261175399,1208.3243775029541,1219.63037109375,2866800,0.0,0.0,0.00817725299273242
2018-05-25,1219.6305258576058,1240.8292018371171,1211.1510554658012,1232.3497314453125,3381000,0.0,0.0,0.01042886488646233
2018-05-28,1225.283394646046,1254.9615391530438,1225.283394646046,1249.30859375,3017400,0.0,0.0,0.013761403822271978
2018-05-29,1243.655555913876,1266.2675447457414,1242.2423454278173,1253.54833984375,3439200,0.0,0.0,0.0033936740009317123
2018-05-30,1243.6558156961862,1269.094230813898,1243.6558156961862,1263.4412841796875,3289200,0.0,0.0,0.007891952804285562
2018-05-31,1294.532639355316,1317.1446327956403,1286.0531676924882,1308.6651611328125,6960600,0.0,0.0,0.035794205492095665
2018-06-01,1303.0122198238291,1325.6242151523275,1288.879800375406,1305.8387451171875,3016500,0.0,0.0,-0.0021597701991076246
2018-06-04,1319.9710229860411,1319.9710229860411,1290.2928728711897,1295.9459228515625,3490500,0.0,0.0,-0.007575837600635182
2018-06-05,1281.8136274787414,1300.185887891444,1274.7474690208016,1294.5328369140625,2691300,0.0,0.0,-0.0010903895853854317
2018-06-06,1286.0532681343661,1312.904999503248,1281.8135319718251,1300.185791015625,1856100,0.0,0.0,0.004366790814698929
2018-06-07,1295.9458221661562,1308.665028370047,1291.7060867648593,1304.42529296875,1799100,0.0,0.0,0.003260689343338674
2018-06-08,1305.8386509071013,1334.1035912739503,1305.8386509071013,1319.9710693359375,3011100,0.0,0.0,0.011917720739534898
2018-06-11,1317.1443406698165,1356.7151651503166,1317.1443406698165,1339.7562255859375,2159400,0.0,0.0,0.01498908325313053
2018-06-12,1345.4095816782833,1348.2361069716417,1290.293011267493,1305.8387451171875,3250800,0.0,0.0,-0.025316158134601197
2018-06-13,1290.2929336958462,1293.1194588192757,1249.3088887065999,1270.507568359375,5270400,0.0,0.0,-0.02705630912692958
2018-06-14,1259.2015913867838,1291.7062685406809,1249.308908561328,1278.987060546875,4317900,0.0,0.0,0.006674098131072004
2018-06-15,1270.5076447415372,1318.5579536735238,1270.5076447415372,1305.8387451171875,3654900,0.0,0.0,0.020994492750248117
2018-06-18,1310.078376616373,1321.384373377178,1301.598904923063,1315.7313232421875,2279100,0.0,0.0,0.0075756506398592105
2018-06-19,1310.0784307800895,1312.9049559644445,1283.2268038108502,1284.6400146484375,3158400,0.0,0.0,-0.02363043886280347
2018-06-20,1290.2929136094913,1317.1446430911164,1284.6399669598115,1312.9049072265625,2922000,0.0,0.0,0.022002189139235462
2018-06-21,1315.7311597112962,1349.6490422689162,1315.7311597112962,1342.5828857421875,2347500,0.0,0.0,0.022604819551111266
2018-06-22,1351.0622874840278,1352.4754980154742,1312.904671552557,1318.5576171875,3386400,0.0,0.0,-0.017894812163798846
2018-06-25,1318.5578538762422,1324.210800525922,1311.4915929322603,1312.9049072265625,1495500,0.0,0.0,-0.004287040541311238
2018-06-26,1301.5987522772004,1310.0782229760748,1290.2927568423136,1303.011962890625,2241000,0.0,0.0,-0.007535156797331077
2018-06-27,1294.5325080262803,1318.5577098033516,1287.4663513635621,1304.42529296875,1961400,0.0,0.0,0.0010846639312425133
2018-06-28,1286.05322265625,1287.4665369999077,1270.5075929494553,1286.05322265625,2289000,0.0,0.0,-0.014084417414727435
2018-06-29,1281.8135122615272,1300.1857710228192,1273.334040066833,1291.706298828125,2652600,0.0,0.0,0.00439567824432574
2018-07-02,1297.3594473066603,1314.3183943302768,1276.1607635271396,1277.573974609375,2112600,0.0,0.0,-0.010940818537132802
2018-07-03,1253.548348453099,1262.0278184459967,1238.002618963068,1259.2012939453125,3742200,0.0,0.0,-0.014380913378953308
2018-07-04,1271.9207791665006,1297.3591947498305,1257.78836056771,1270.507568359375,3038100,0.0,0.0,0.008978925346111888
2018-07-05,1250.7219425963517,1266.2676735610564,1242.2424717990884,1260.6146240234375,2195400,0.0,0.0,-0.00778660795284547
2018-07-06,1256.3748454068052,1256.3748454068052,1238.0026938144392,1243.6556396484375,2455500,0.0,0.0,-0.013452949102615408
2018-07-09,1240.8293352611681,1249.3088065647544,1230.9365497342035,1236.589599609375,2826300,0.0,0.0,-0.005681669277083801
2018-07-10,1245.0689454240546,1254.9616264447773,1235.176160894171,1238.002685546875,1840500,0.0,0.0,0.0011427283052893866
2018-07-11,1229.5233493668097,1245.0690813905967,1216.8041423043944,1240.829345703125,2045100,0.0,0.0,0.0022832423461192075
2018-07-12,1242.2424424359588,1252.1351236292091,1240.8292318395409,1246.482177734375,1315800,0.0,0.0,0.004555688540753167
2018-07-13,1243.6555778427644,1267.6807775843154,1222.4569026323243,1262.02783203125,1632600,0.0,0.0,0.01247162179657546
2018-07-16,1262.02783203125,1262.02783203125,1262.02783203125,1262.02783203125,0,0.0,0.0,0.0
2018-07-17,1269.0942742122395,1297.3592153682014,1247.895594222563,1278.987060546875,2561700,0.0,0.0,0.013438078055956204
2018-07-18,1300.185887891444,1308.6653608483248,1293.119625924313,1294.5328369140625,2014200,0.0,0.0,0.01215475656222842
2018-07-19,1294.532616190821,1304.4254019598814,1284.6399339309344,1301.598876953125,1813200,0.0,0.0,0.005458370647365429
2018-07-20,1294.5328369140625,1301.5990988811936,1287.466678456123,1294.5328369140625,1439700,0.0,0.0,-0.005428738580047887
2018-07-23,1281.8138459962922,1290.2933203987136,1266.2682119313258,1280.400634765625,1467000,0.0,0.0,-0.010916835591537555
2018-07-24,1297.3592328523334,1298.772443700964,1277.5737634255993,1288.8797607421875,1440300,0.0,0.0,0.00662224443376247
2018-07-25,1278.9869279411707,1283.2266634995292,1273.3338781905804,1274.7471923828125,1323000,0.0,0.0,-0.010965001383245299
2018-07-26,1283.2268038108502,1295.9460118766763,1263.4413345387272,1284.6400146484375,1371000,0.0,0.0,0.007760615065276477
2018-07-27,1290.292971590818,1293.1194967972604,1280.4002886320416,1288.8797607421875,1028100,0.0,0.0,0.003300337873182624
2018-07-30,1283.2265072416901,1283.2265072416901,1252.1350479269404,1262.02783203125,1263000,0.0,0.0,-0.020833540512324555
2018-07-31,1243.6555778427644,1266.2675670733381,1239.4158428006765,1262.02783203125,2081700,0.0,0.0,0.0
2018-08-01,1267.6809756025539,1270.5075005751823,1245.069086349044,1247.8955078125,1774500,0.0,0.0,-0.011198108203369639
2018-08-02,1254.9616565564613,1270.5073872555981,1247.8953965097332,1252.1351318359375,1849200,0.0,0.0,0.003397419092299847
2018-08-03,1249.3086048764196,1264.8542307505281,1249.3086048764196,1253.54833984375,1234500,0.0,0.0,0.0011286385725319814
2018-08-06,1260.6147204414203,1267.6809811493238,1240.8293560739676,1245.069091796875,1027800,0.0,0.0,-0.006764197101431169
2018-08-07,1249.3088631002138,1270.5075423184912,1246.4823380347182,1264.8544921875,2202600,0.0,0.0,0.015891005985917417
2018-08-08,1205.498189452003,1245.0691263018973,1201.2584536115985,1213.9776611328125,4542900,0.0,0.0,-0.04022346552028977
2018-08-09,1208.3247555180094,1208.3247555180094,1171.5803424845776,1180.059814453125,2864700,0.0,0.0,-0.027939432302269362
2018-08-10,1182.886301305172,1192.7789837783814,1160.274411291047,1161.6876220703125,2130000,0.0,0.0,-0.015568865372580065
2018-08-13,1156.0347268553933,1156.0347268553933,1130.5963106422612,1132.009521484375,2259300,0.0,0.0,-0.025547401919499113
2018-08-14,1148.9683865260718,1158.8610687581709,1139.0757042939726,1147.55517578125,2751000,0.0,0.0,0.013732794646895252
2018-08-15,1136.2492240530307,1147.5552209844782,1099.5048116577093,1120.7034912109375,3594300,0.0,0.0,-0.023399035738767004
2018-08-16,1144.7286685482486,1161.6876117860004,1132.0094611199347,1157.4478759765625,4647000,0.0,0.0,0.032786892388389166
2018-08-17,1174.406716974432,1175.819927618157,1154.6212504164523,1165.92724609375,2577000,0.0,0.0,0.0073259196316146635
2018-08-20,1170.167023689516,1189.9524909602699,1164.514077401802,1182.88623046875,2440500,0.0,0.0,0.014545491094593022
2018-08-21,1178.646599131489,1181.4731242799478,1157.4479192909946,1172.99365234375,1832700,0.0,0.0,-0.008363085028963324
2018-08-22,1174.4068529887638,1187.1260607828658,1161.6876451946616,1168.75390625,1771200,0.0,0.0,-0.0036144663573230984
2018-08-23,1170.1671271952912,1177.233388311849,1168.7539163756512,1172.99365234375,1185300,0.0,0.0,0.0036275781163832566
2018-08-24,1189.9523900111906,1204.0848062861432,1180.0596054604787,1191.3656005859375,2032500,0.0,0.0,0.015662444724639846
2018-08-27,1201.2583248148362,1211.151109721211,1197.0185894290082,1208.3245849609375,1270500,0.0,0.0,0.014234911908367343
2018-08-28,1219.630604610291,1225.2835507334567,1212.564344324459,1215.390869140625,2166900,0.0,0.0,0.005848001660841762
2018-08-29,1205.4980840386268,1219.630604610291,1201.2583485689609,1215.390869140625,1729200,0.0,0.0,0.0
2018-08-30,1216.8040982678688,1228.1100941950165,1213.9775734087896,1225.2835693359375,1815000,0.0,0.0,0.008139521569968222
2018-08-31,1209.7376930331138,1225.283422633009,1205.497958006702,1218.2171630859375,3150000,0.0,0.0,-0.005767159885959883
2018-09-03,1219.6306099306707,1226.696766738161,1213.9775602736781,1222.45703125,1220400,0.0,0.0,0.0034803878097746654
2018-09-04,1223.8703718421782,1233.7630536917475,1219.6306362624816,1228.110107421875,1734000,0.0,0.0,0.004624355725693308
2018-09-05,1236.5894395196756,1242.242385153842,1219.6304991080192,1226.6966552734375,1628100,0.0,0.0,-0.0011509164690490792
2018-09-06,1218.2172771159899,1225.283537324492,1206.9113849933854,1212.5643310546875,2264100,0.0,0.0,-0.011520634835023524
2018-09-07,1205.4979713992732,1222.4569116933271,1202.671550356369,1221.043701171875,1794000,0.0,0.0,0.006992923921662841
2018-09-10,1219.6305912631897,1226.6967479625262,1212.5643310546875,1212.5643310546875,1593300,0.0,0.0,-0.006944362522856129
2018-09-11,1212.5642444336997,1230.9363954523697,1211.15103389662,1223.8702392578125,1476300,0.0,0.0,0.009323965676353962
2018-09-12,1226.6967932225298,1232.3498430015718,1211.151165103088,1228.110107421875,1663500,0.0,0.0,0.0034643118429236175
2018-09-13,1245.0691225947817,1259.2015408509935,1239.4160724849564,1257.788330078125,2156100,0.0,0.0,0.024165766959244772
2018-09-14,1271.920498934659,1276.160233931108,1247.8952994517304,1259.2012939453125,2969100,0.0,0.0,0.0011233717418095424
2018-09-17,1259.2012939453125,1259.2012939453125,1259.2012939453125,1259.2012939453125,0,0.0,0.0,0.0
2018-09-18,1246.4821023738753,1269.0939880952924,1238.0026322896992,1262.02783203125,1938600,0.0,0.0,0.0022447071008651065
2018-09-19,1264.8547888107812,1288.879998728748,1252.1355782970109,1283.22705078125,2732700,0.0,0.0,0.016797742658241965
2018-09-20,1276.1602226463524,1281.8131680885783,1235.1760835400405,1254.9615478515625,4088700,0.0,0.0,-0.022026891431628504
2018-09-21,1259.2014399837833,1260.614650643448,1205.4980892973565,1222.45703125,5160900,0.0,0.0,-0.02590080680735496
2018-09-24,1222.45703125,1222.45703125,1222.45703125,1222.45703125,0,0.0,0.0,0.0
2018-09-25,1211.1510847506272,1252.1351236292091,1209.7377706450468,1246.482177734375,2952900,0.0,0.0,0.019653162336355168
2018-09-26,1234.5623795877943,1254.4289352830958,1234.5623795877943,1244.49560546875,1864500,6.0,0.0,-0.0015937430162346056
2018-09-27,1243.0764783135776,1272.8762569032865,1234.562255859375,1234.562255859375,1850100,0.0,0.0,-0.007981827790893292
2018-09-28,1240.2385521335254,1257.2669995492415,1240.2385521335254,1253.0098876953125,2376000,0.0,0.0,0.01494265011617113
2018-10-01,1254.428809563641,1261.5239256532232,1224.6290309739318,1234.562255859375,1948800,0.0,0.0,-0.014722654639117483
2018-10-02,1235.9812871504464,1243.0765073390799,1210.438619191424,1220.3719482421875,2901000,0.0,0.0,-0.011494201730077758
2018-10-03,1218.9528418444315,1237.4003935482021,1216.1148369156838,1220.3719482421875,2358900,0.0,0.0,0.0
2018-10-04,1223.2098951749717,1228.8861126301051,1191.9911149052457,1194.8292236328125,2954700,0.0,0.0,-0.02093027838452577
2018-10-05,1183.4769026969589,1187.7340138577392,1169.2865668054833,1180.6387939453125,2636100,0.0,0.0,-0.011876533823264479
2018-10-08,1180.6387939453125,1180.6387939453125,1180.6387939453125,1180.6387939453125,0,0.0,0.0,0.0
2018-10-09,1174.9629611545138,1182.0581827624749,1143.7441731596102,1149.4202880859375,2680500,0.0,0.0,-0.02644204647473325
2018-10-10,1153.677118989093,1166.4484524096365,1146.5818991109986,1160.7723388671875,2359200,0.0,0.0,0.009876327135441398
2018-10-11,1138.0676817968651,1163.6103487494136,1138.0676817968651,1153.6771240234375,2838600,0.0,0.0,-0.006112494764196619
2018-10-12,1152.258116586825,1162.1913412694553,1146.5818991109986,1160.7723388671875,3215100,0.0,0.0,0.006150087139636939
2018-10-15,1155.0960660031958,1160.7722832068414,1143.74383946265,1145.162841796875,2532900,0.0,0.0,-0.013447509513834555
2018-10-16,1135.2297129013775,1143.7439354883045,1132.3916040612748,1142.3248291015625,1530300,0.0,0.0,-0.0024782612496048184
2018-10-17,1163.6103493021908,1180.6387939453125,1163.6103493021908,1180.6387939453125,2042100,0.0,0.0,0.03354034147527374
2018-10-18,1199.0864022365556,1211.8577363292525,1184.895961733526,1206.1815185546875,2737500,0.0,0.0,0.021634664844460527
2018-10-19,1187.7344244403646,1206.1818778696384,1173.5440836434934,1203.3438720703125,2350500,0.0,0.0,-0.002352586605517848
2018-10-22,1190.57229733241,1193.4103025671711,1170.7057410221157,1186.315185546875,2293200,0.0,0.0,-0.014151139103854127
2018-10-23,1166.4486083984375,1174.962831817404,1163.6104992809846,1166.4486083984375,2424000,0.0,0.0,-0.016746457763060052
2018-10-24,1169.2865611475497,1169.2865611475497,1150.8390102511798,1160.7723388671875,2415900,0.0,0.0,-0.004866283426788631
2018-10-25,1140.9062579721924,1148.0014807881348,1130.9730291766095,1133.81103515625,2705100,0.0,0.0,-0.0232270384193074
2018-10-26,1133.8106122253705,1142.3248348551815,1085.5633853009022,1108.2679443359375,4215000,0.0,0.0,-0.022528525502305108
2018-10-29,1123.8776274458683,1132.3918518962157,1102.5920663199995,1105.43017578125,1602600,0.0,0.0,-0.002560543746835342
2018-10-30,1104.0110377053231,1121.0394861220293,1102.5920349817313,1119.6204833984375,1916700,0.0,0.0,0.012836909945179276
2018-10-31,1128.1344850568157,1140.9058188499116,1123.8773737924503,1139.48681640625,3089400,0.0,0.0,0.017743809891286766
2018-11-01,1145.162841796875,1162.1912855410665,1140.9057308608271,1145.162841796875,2470200,0.0,0.0,0.004981211988503986
2018-11-02,1153.677118989093,1166.4484524096365,1149.4200078489118,1160.7723388671875,2322300,0.0,0.0,0.013630809960459178
2018-11-05,1152.2581267053597,1157.9342402976533,1135.2296819951,1146.5819091796875,1830300,0.0,0.0,-0.012224989528393349
2018-11-06,1152.258177953539,1182.0579575218771,1145.1629576975688,1179.2198486328125,2466900,0.0,0.0,0.02846542335250657
2018-11-07,1184.8959285361827,1187.7340373439497,1166.4484811191478,1173.543701171875,2496900,0.0,0.0,-0.004813476865673905
2018-11-08,1282.8098005683603,1328.2190329194775,1270.0384637133654,1297.000244140625,8189700,0.0,0.0,0.10519978322534485
2018-11-09,1291.3238673974895,1336.7330942016708,1291.3238673974895,1318.28564453125,4471500,0.0,0.0,0.016411253958343197
2018-11-12,1323.9616609539046,1350.9233321595225,1323.9616609539046,1348.0853271484375,3251100,0.0,0.0,0.02260487530969324
2018-11-13,1328.218752283964,1343.828195342019,1309.7713042578146,1338.1519775390625,2737800,0.0,0.0,-0.007368487297748971
2018-11-14,1355.1804230811647,1358.0185319826428,1328.218752283964,1338.1519775390625,2554800,0.0,0.0,0.0
2018-11-15,1323.9616993515403,1355.1804829125801,1318.2855852313662,1346.666259765625,2317500,0.0,0.0,0.006362716918164146
2018-11-16,1339.571195533136,1369.370977713922,1338.1520889975038,1362.2757568359375,2665200,0.0,0.0,0.011591214198111155
2018-11-19,1372.2091258480727,1402.0089111328125,1369.3711203479852,1402.0089111328125,1922700,0.0,0.0,0.02916674843363598
2018-11-20,1384.9805191815494,1394.9138506393217,1380.7234068234777,1390.65673828125,1743600,0.0,0.0,-0.008097076103738887
2018-11-21,1390.6565700827566,1393.4945753559457,1345.2473424443883,1367.951904296875,4604400,0.0,0.0,-0.01632669900441175
2018-11-22,1387.8184857013916,1389.2374883633693,1345.2473665080975,1360.8568115234375,3498900,0.0,0.0,-0.00518665367631066
2018-11-23,1360.8568115234375,1360.8568115234375,1360.8568115234375,1360.8568115234375,0,0.0,0.0,0.0
2018-11-26,1396.332650756836,1396.332650756836,1350.9234242178406,1362.2757568359375,2407500,0.0,0.0,0.0010426852410074794
2018-11-27,1367.951802320092,1377.8851318359375,1355.180467742622,1377.8851318359375,2215200,0.0,0.0,0.01145830785116142
2018-11-28,1379.3042037963867,1393.4945416189637,1352.3425307534728,1362.2757568359375,2642400,0.0,0.0,-0.01132850238336025
2018-11-29,1375.0470935158849,1392.0755404944098,1370.7899817712537,1372.208984375,1968900,0.0,0.0,0.007291642304590118
2018-11-30,1377.8848929098192,1377.8848929098192,1325.3804572400431,1353.76123046875,3747000,0.0,0.0,-0.013443836992987235
2018-12-03,1372.2088972148879,1373.6280036618873,1342.4091168952948,1350.92333984375,2070300,0.0,0.0,-0.002096300707339127
2018-12-04,1348.085117396356,1372.2086759040565,1343.8280066087186,1353.76123046875,2875500,0.0,0.0,0.0021007044154912613
2018-12-05,1326.7999857345346,1372.2091126326397,1321.12376692222,1355.1806640625,2157900,0.0,0.0,0.00104851103858139
2018-12-06,1369.3709791675074,1392.0755404944098,1360.8567556782448,1372.208984375,3150600,0.0,0.0,0.012565350704940803
2018-12-07,1377.8851633810975,1382.1422750043828,1356.5996052646717,1373.6280517578125,2733900,0.0,0.0,0.0010341481501514593
2018-12-10,1355.1806439300417,1362.2758653733279,1315.4476325011196,1325.380859375,2448000,0.0,0.0,-0.03512391314451624
2018-12-11,1335.3141161214367,1369.3710108668643,1331.0570042782583,1367.951904296875,3145500,0.0,0.0,0.03211985794177674
2018-12-12,1365.1138029120445,1376.4660310723305,1342.4091387246986,1370.7899169921875,3032400,0.0,0.0,0.002074643623359851
2018-12-13,1390.656498250953,1399.1707214975233,1369.3709401345272,1373.6280517578125,2230500,0.0,0.0,0.0020704374393507585
2018-12-14,1370.7897001567583,1373.6278087145834,1343.8280326242188,1356.599365234375,2495700,0.0,0.0,-0.012396868644059866
2018-12-17,1360.856724370842,1386.3993942510033,1356.5996127241483,1376.466064453125,1330200,0.0,0.0,0.01464448512057026
2018-12-18,1349.5043650384264,1352.3424740573125,1316.8664750880923,1326.7998046875,2731200,0.0,0.0,-0.03608244405600913
2018-12-19,1343.8282703948162,1380.723168507695,1339.571158771531,1373.6280517578125,2876400,0.0,0.0,0.03529413171819229
2018-12-20,1333.8950762065072,1353.7616337785416,1319.7047373312826,1322.5428466796875,2501700,0.0,0.0,-0.037189983862627174
2018-12-21,1308.352232084229,1323.9616755508337,1292.7428925510103,1316.866455078125,3048600,0.0,0.0,-0.0042920285084248055
2018-12-24,1316.866455078125,1316.866455078125,1316.866455078125,1316.866455078125,0,0.0,0.0,0.0
2018-12-25,1278.552339227687,1294.1617813223056,1255.847781217369,1265.781005859375,1563600,0.0,0.0,-0.03879318895378747
2018-12-26,1260.1049184336312,1308.3521441796483,1257.2668096485552,1295.580810546875,1620300,0.0,0.0,0.02354262273612484
2018-12-27,1335.314047148246,1380.723168507695,1333.894940651558,1373.6280517578125,2815200,0.0,0.0,0.06024112164643225
2018-12-28,1382.1422472312677,1404.8468074547611,1366.5328036150856,1397.7515869140625,2469300,0.0,0.0,0.017561912138718716
2018-12-31,1397.7515869140625,1397.7515869140625,1397.7515869140625,1397.7515869140625,0,0.0,0.0,0.0
2019-01-04,1358.018430727554,1375.046875,1340.9899864551082,1375.046875,3279900,0.0,0.0,-0.016243738963795162
2019-01-07,1399.1707168299313,1444.5798380378967,1376.4660522925597,1427.5513916015625,3557700,0.0,0.0,0.03818380126245691
2019-01-08,1447.4178938923294,1453.094007851367,1376.466001704126,1384.980224609375,5570700,0.0,0.0,-0.02982110993876519
2019-01-09,1392.075696604379,1392.075696604379,1349.5045743840615,1358.018798828125,5909400,0.0,0.0,-0.019467011371122167
2019-01-10,1338.1519463309455,1353.76138902496,1322.5426075703122,1342.4090576171875,4313700,0.0,0.0,-0.01149449567591232
2019-01-11,1336.732967319586,1352.3424102873116,1325.3806357127505,1335.31396484375,2587800,0.0,0.0,-0.005285343340897475
2019-01-15,1326.7996877285068,1346.6661373092954,1308.3521366320022,1319.7044677734375,3325800,0.0,0.0,-0.01168975797548788
2019-01-16,1316.866486598847,1319.704595642541,1295.5809286046124,1312.609375,2983200,0.0,0.0,-0.005376273966404055
2019-01-17,1314.0284970957268,1348.0853902910078,1311.1903880183233,1339.5711669921875,3024300,0.0,0.0,0.02054060599116747
2019-01-18,1338.1522404808422,1363.6949138130326,1336.7332377179664,1358.018798828125,2668200,0.0,0.0,0.013771296583935166
2019-01-21,1370.7897082950144,1376.465821510992,1353.7612647137098,1359.4373779296875,2193000,0.0,0.0,0.0010445945982386906
2019-01-22,1355.1803914759137,1358.018500311202,1332.4758325937498,1342.4090576171875,1703400,0.0,0.0,-0.012526005676284035
2019-01-23,1342.4089011615913,1355.1802335318391,1335.3137858003663,1336.7327880859375,1873200,0.0,0.0,-0.004228420166745295
2019-01-24,1332.4758893694195,1342.4091148161035,1323.9616664341518,1340.9901123046875,2160000,0.0,0.0,0.0031848730402177505
2019-01-25,1380.723200314368,1402.008758921133,1367.9518651503088,1369.3709716796875,3348000,0.0,0.0,0.021164107859246828
2019-01-28,1348.085338368004,1355.1804548881514,1332.4758949435852,1333.8948974609375,2126400,0.0,0.0,-0.02590683967488705
2019-01-29,1316.8664750880923,1333.8949213346339,1298.4190262988013,1326.7998046875,3143400,0.0,0.0,-0.005319079326971732
2019-01-30,1314.0284187856628,1325.3806465519558,1295.580866782015,1321.12353515625,3003000,0.0,0.0,-0.004278165787480637
2019-01-31,1333.8950334120868,1369.3710353620963,1325.380809573428,1360.8568115234375,3532500,0.0,0.0,0.030075367904552675
2019-02-01,1348.0852752877643,1367.9517253346396,1332.4758325937498,1342.4090576171875,2186400,0.0,0.0,-0.013555984545940758
2019-02-04,1342.4091655758893,1396.3326141826924,1342.4091655758893,1383.561279296875,2914800,0.0,0.0,0.030655500606300956
2019-02-05,1402.0087514765828,1417.618195683123,1386.3994112034338,1413.361083984375,2307000,0.0,0.0,0.021538478369851566
2019-02-06,1413.3609386277442,1413.3609386277442,1383.5611598012556,1393.494384765625,2747400,0.0,0.0,-0.014056350810752627
2019-02-07,1353.7616261814571,1367.951964977048,1264.3622735090967,1278.5526123046875,8677200,0.0,0.0,-0.08248456091214884
2019-02-08,1294.1620649958384,1328.2189614430974,1284.228838176521,1322.5428466796875,5629200,0.0,0.0,0.03440627624678205
2019-02-12,1387.818340598184,1392.0754520724115,1339.571111868067,1350.92333984375,3490500,0.0,0.0,0.02145903494568291
2019-02-13,1370.7898877450884,1386.3993310491733,1360.8566623334261,1384.980224609375,2462100,0.0,0.0,0.025210079477614222
2019-02-14,1386.399205826089,1409.1037635448915,1365.1136504855317,1375.046875,2390100,0.0,0.0,-0.007172195987257934
2019-02-15,1363.6947237189183,1386.3993883604087,1343.828272074351,1383.561279296875,1609500,0.0,0.0,0.006192082940354338
2019-02-18,1376.4658773782453,1389.2372105825796,1365.1136504855317,1375.046875,2185200,0.0,0.0,-0.006153977004330513
2019-02-19,1370.790109896262,1389.2375612027797,1345.2474370410523,1355.1806640625,3032400,0.0,0.0,-0.014447660875197443
2019-02-20,1349.5044216156007,1362.2757568359375,1336.7330863952636,1362.2757568359375,1681500,0.0,0.0,0.00523553276813149
2019-02-21,1362.275726941943,1383.5612851754108,1358.0186152952494,1376.466064453125,1542000,0.0,0.0,0.010416619062609156
2019-02-22,1372.2088859745866,1377.8851038493176,1360.8566580918941,1365.11376953125,1209600,0.0,0.0,-0.00824742085187935
2019-02-25,1379.304171838493,1386.3993925520842,1365.1138343447,1366.5328369140625,1340700,0.0,0.0,0.0010395231624538148
2019-02-26,1362.2759432986377,1372.2091707407217,1340.9903816845965,1343.8284912109375,2085300,0.0,0.0,-0.016614562848263903
2019-02-27,1353.761484347941,1366.5328191059405,1329.6378173828125,1329.6378173828125,2790300,0.0,0.0,-0.010559884628832061
2019-02-28,1342.4090834928181,1356.5995240094069,1335.3139671679066,1345.2471923828125,2354700,0.0,0.0,0.011739569073572653
2019-03-01,1335.314140007461,1363.6948168473928,1333.8950334120868,1360.8568115234375,1600800,0.0,0.0,0.011603532219960133
2019-03-04,1369.3708921876598,1372.2088972148879,1348.085334816522,1350.92333984375,1258200,0.0,0.0,-0.007299424594544468
2019-03-05,1339.5711644958392,1369.3709459861768,1339.5711644958392,1366.5328369140625,1409700,0.0,0.0,0.01155468753106148
2019-03-06,1367.9518411597378,1379.3041735287175,1359.4376178663508,1376.466064453125,1725900,0.0,0.0,0.007268927076420573
2019-03-07,1382.1423038720268,1407.684974145226,1382.1423038720268,1396.3326416015625,2042400,0.0,0.0,0.014433030832714744
2019-03-08,1389.2374523396795,1407.6850061340162,1384.9803405307393,1392.0755615234375,2245500,0.0,0.0,-0.003048757832691096
2019-03-11,1372.2088001149639,1392.0753535666952,1365.1136841155712,1380.7230224609375,1129800,0.0,0.0,-0.008155116989537636
2019-03-12,1390.6564999890145,1397.7516167477645,1375.0470560396634,1383.561279296875,1079700,0.0,0.0,0.002055630846857781
2019-03-13,1389.237239712687,1396.3324596194402,1373.627901424559,1387.8182373046875,936000,0.0,0.0,0.003076812044043198
2019-03-14,1400.5896284567107,1406.2657422558436,1386.3992919921875,1386.3992919921875,1048800,0.0,0.0,-0.0010224287837978796
2019-03-15,1402.0088409303278,1419.037288811803,1392.0756143105998,1417.6182861328125,3357000,0.0,0.0,0.022518039587112737
2019-03-18,1427.5512356177508,1430.3893443581587,1409.1037886385432,1421.8751220703125,1190100,0.0,0.0,0.003002808287068781
2019-03-19,1427.5512356177508,1430.3893443581587,1409.1037886385432,1421.8751220703125,838800,0.0,0.0,0.0
2019-03-20,1404.84679611812,1419.0371331516187,1397.7515756346775,1411.9420166015625,2204100,0.0,0.0,-0.006985919729917578
2019-03-22,1419.0371854454713,1478.6367486892484,1414.7800737852015,1464.4464111328125,2815500,0.0,0.0,0.03718594242108053
2019-03-25,1447.418001828623,1458.770334526645,1436.0656691306008,1453.0941162109375,981000,0.0,0.0,-0.0077519360459857856
2019-03-26,1475.798676757557,1498.5032366071428,1467.2844538222892,1489.989013671875,1946700,0.0,0.0,0.025390576597436043
2019-03-27,1497.8417742076304,1524.0176504938408,1483.2996562185956,1515.2923583984375,1476000,42.333332,0.0,0.016982235771125564
2019-03-28,1497.8415868671625,1509.4753437092622,1477.482645530863,1494.9332275390625,1029000,0.0,0.0,-0.013435777423766115
2019-03-29,1521.1093446464897,1526.926170746026,1489.1165348242473,1509.4755859375,1849800,0.0,0.0,0.009727764511848314
2019-04-01,1509.4755553482335,1515.2923813298928,1494.9334371391276,1497.841796875,837900,0.0,0.0,-0.007707172723349864
2019-04-02,1518.2008239380614,1521.109290138565,1457.123779296875,1457.123779296875,984300,0.0,0.0,-0.027184458107042064
2019-04-03,1474.5743408203125,1483.2996327778292,1460.0322230610886,1474.5743408203125,702300,0.0,0.0,0.011976032353173238
2019-04-04,1471.665700287278,1486.2079228333098,1462.9404093636183,1480.3909912109375,564000,0.0,0.0,0.003944630141461181
2019-04-05,1483.2996518173436,1489.116477693715,1468.7575338714582,1471.6658935546875,935400,0.0,0.0,-0.005893779216471051
2019-04-08,1462.94056400273,1483.2996138132744,1452.7610923524128,1477.4827880859375,1185000,0.0,0.0,0.003952591791877236
2019-04-09,1477.4827598024203,1480.3911193554588,1445.4899526397317,1451.306884765625,1174500,0.0,0.0,-0.017716553811244817
2019-04-10,1435.3105774156286,1457.1238080754404,1430.947931283666,1446.9443359375,1090500,0.0,0.0,-0.0030059451063856324
2019-04-11,1452.7612741152655,1465.8492135217093,1441.1275146951186,1454.2154541015625,677700,0.0,0.0,0.005025154032170409
2019-04-12,1483.2996518173436,1483.2996518173436,1454.21530941566,1471.6658935546875,1044300,0.0,0.0,0.011999899604908437
2019-04-15,1492.0247617010625,1503.6585185431622,1483.2994706969628,1494.9332275390625,1295100,0.0,0.0,0.01581020127345245
2019-04-16,1494.9334371391276,1515.2923813298928,1492.0249708933407,1497.841796875,1289400,0.0,0.0,0.001945618227193746
2019-04-17,1483.2996495173913,1483.2996495173913,1425.1310713141313,1449.8526611328125,3291900,0.0,0.0,-0.03203885473239487
2019-04-18,1445.4900921068333,1445.4900921068333,1417.8600346276519,1426.5853271484375,1918200,0.0,0.0,-0.016048067923119524
2019-04-19,1435.3105454350177,1489.116477693715,1428.0394332071187,1471.6658935546875,2505600,0.0,0.0,0.03160032950595415
2019-04-22,1468.7575150186053,1474.5743408203125,1457.1237569052792,1474.5743408203125,519300,0.0,0.0,0.001976295895938618
2019-04-23,1468.7574962399772,1480.391147694651,1462.94056400273,1477.4827880859375,1198800,0.0,0.0,0.001972397854154373
2019-04-24,1483.2994570221238,1509.4753297931024,1480.3909912109375,1480.3909912109375,1303800,0.0,0.0,0.0019683499181519792
2019-04-25,1494.9333279524722,1518.2007366896237,1489.1163958857537,1512.3839111328125,1109400,0.0,0.0,0.021611128486877185
2019-04-26,1509.4753199042627,1547.2849491623895,1500.750029037764,1541.468017578125,2273400,0.0,0.0,0.019230637294685105
2019-05-07,1547.285425977802,1556.0107195331093,1515.2926119350545,1529.8348388671875,2028600,0.0,0.0,-0.007546818083981388
2019-05-08,1524.0174978947919,1524.0174978947919,1477.4826823854212,1489.1163330078125,2253900,0.0,0.0,-0.02661627570824987
2019-05-09,1448.3983154296875,1462.9404316877296,1438.218844700048,1448.3983154296875,2640000,0.0,0.0,-0.02734374519677729
2019-05-10,1515.2925100696086,1518.2009765625,1457.1239257812501,1483.2998046875,4017600,0.0,0.0,0.02409660994907914
2019-05-13,1489.116482112227,1538.559874992789,1486.208122420368,1515.2923583984375,2367600,0.0,0.0,0.02156850126308596
2019-05-14,1500.7503004279545,1538.5599365234375,1497.8418341098657,1538.5599365234375,2274300,0.0,0.0,0.015355174198589783
2019-05-15,1532.7429734717693,1541.4682657429746,1515.2923889293586,1526.9261474609375,2167500,0.0,0.0,-0.0075614792679367104
2019-05-16,1550.193515921487,1556.0104482842858,1529.8345721814283,1547.28515625,1667700,0.0,0.0,0.013333329069592947
2019-05-17,1556.010300012967,1602.545115421608,1550.1933682044603,1593.81982421875,2046300,0.0,0.0,0.030075043233485976
2019-05-20,1602.5450761855373,1617.0872988408562,1599.6367168623933,1614.1788330078125,1635900,0.0,0.0,0.012773720391539234
2019-05-21,1602.5450761855373,1614.1788330078125,1593.819785196306,1614.1788330078125,1584000,0.0,0.0,0.0
2019-05-22,1596.7284850901412,1619.9958956355085,1576.3694342942479,1585.0947265625,2069400,0.0,0.0,-0.01801789606614901
2019-05-23,1573.460882418683,1599.6367560272568,1573.460882418683,1593.81982421875,1375500,0.0,0.0,0.0055044645029964645
2019-05-24,1585.0945145130647,1605.4535625853825,1576.3692234120572,1596.728271484375,1533600,0.0,0.0,0.0018248281401886945
2019-05-27,1599.6368906798607,1617.087474554514,1590.9115987425341,1608.3621826171875,991200,0.0,0.0,0.007286093282482753
2019-05-28,1593.8201467883587,1605.45390625,1561.82744140625,1570.552734375,3756300,0.0,0.0,-0.023508043555626634
2019-05-29,1556.010668644114,1585.0949085373238,1550.19373545753,1564.7359619140625,1509600,0.0,0.0,-0.0037036467057900424
2019-05-30,1538.5598019334022,1544.3766275508183,1509.475460826506,1524.017578125,1988100,0.0,0.0,-0.026022526982286354
2019-05-31,1506.5668855450963,1556.0102724934395,1489.1163034480107,1553.101806640625,2614200,0.0,0.0,0.019083919328153343
2019-06-03,1509.4753694968817,1550.193359375,1506.5669036091942,1550.193359375,1439100,0.0,0.0,-0.0018726700678534103
2019-06-04,1541.4681454267752,1544.3766114601344,1497.8416874759241,1512.3839111328125,1577700,0.0,0.0,-0.024390149792301585
2019-06-05,1503.6587788403112,1509.4756050133572,1477.482901296727,1506.567138671875,1992900,0.0,0.0,-0.003846095173401176
2019-06-06,1512.3838558914017,1538.5597297058112,1500.7500986928076,1532.7427978515625,1952100,0.0,0.0,0.017374372842595465
2019-06-07,1535.6514397321428,1535.6514397321428,1509.4755629185267,1526.9261474609375,1465800,0.0,0.0,-0.0037949291941075103
2019-06-10,1556.010441119313,1585.0946767597334,1544.376682957198,1576.369384765625,1569000,0.0,0.0,0.03238089634322172
2019-06-11,1579.2780818606675,1582.1865484539594,1553.1022020508221,1564.7359619140625,1152300,0.0,0.0,-0.0073798837785041815
2019-06-12,1561.827392578125,1573.4611516760547,1556.0105662841204,1561.827392578125,1173000,0.0,0.0,-0.0018588243682848837
2019-06-13,1576.3696152673754,1593.8202018072723,1556.010668644114,1564.7359619140625,1481400,0.0,0.0,0.0018622860309398526
2019-06-14,1573.46102510753,1579.2778509336317,1553.1019749513064,1576.369384765625,1525800,0.0,0.0,0.007434751379607807
2019-06-17,1576.3695608508588,1579.27802734375,1564.7359078991415,1570.552734375,780300,0.0,0.0,-0.0036899031704360485
2019-06-18,1556.0102724934395,1573.460854590525,1544.3765155920821,1553.101806640625,1046400,0.0,0.0,-0.011111328739508708
2019-06-19,1541.4682963316086,1547.285228967786,1512.3840591903918,1538.5599365234375,1752300,0.0,0.0,-0.009363114546007578
2019-06-20,1526.926240537871,1567.6442381155737,1524.017774100206,1558.9189453125,1334100,0.0,0.0,0.013232509378260593
2019-06-21,1544.3768057987609,1550.1936320875398,1509.4756350462465,1518.200927734375,2564400,0.0,0.0,-0.026119393635287924
2019-06-24,1515.2924613350253,1521.1093941337247,1480.391290582511,1518.200927734375,1608900,0.0,0.0,0.0
2019-06-25,1538.559979509982,1561.827391175018,1515.2924613350253,1518.200927734375,2077800,0.0,0.0,0.0
2019-06-26,1494.9334371391276,1506.5670891024463,1468.7575604567885,1497.841796875,2031000,0.0,0.0,-0.01341003716139022
2019-06-27,1483.2996786658941,1500.750263120787,1465.8490942110013,1497.841796875,1879500,0.0,0.0,0.0
2019-06-28,1541.4683200095953,1544.3767863723601,1512.3840824216252,1521.109375,2163000,0.0,0.0,0.015534069201129208
2019-07-01,1550.193588775957,1550.193588775957,1521.1093516347403,1538.5599365234375,1631700,0.0,0.0,0.011472259529948348
2019-07-02,1521.1092987779339,1547.2851752013978,1518.200832560911,1544.376708984375,1982700,0.0,0.0,0.003780660293339677
2019-07-03,1547.2851752013978,1553.1020011255298,1532.7429506261976,1544.376708984375,1649700,0.0,0.0,0.0
2019-07-04,1550.193588775957,1553.102055094046,1535.6514702053487,1538.5599365234375,1129800,0.0,0.0,-0.0037664207360150748
2019-07-05,1532.7429734717693,1532.7429734717693,1512.3840291789004,1526.9261474609375,1921200,0.0,0.0,-0.0075614792679367104
2019-07-08,1521.1091708575138,1524.017530320039,1497.8416560978824,1500.7501220703125,1663200,0.0,0.0,-0.017142954447503578
2019-07-09,1500.7501033996912,1515.2922200611156,1494.9332780371021,1503.6585693359375,1530300,0.0,0.0,0.0019379956881913074
2019-07-10,1494.9334674337006,1515.2924120370362,1489.1165348242473,1509.4755859375,1770600,0.0,0.0,0.0038685754334053524
2019-07-11,1800.318603515625,1800.318603515625,1800.318603515625,1800.318603515625,901500,0.0,0.0,0.1926781859128177
2019-07-12,1779.959614181714,1806.1354908608569,1634.5381125786698,1660.7139892578125,27610500,0.0,0.0,-0.07754439352301057
2019-07-16,1646.1716898077125,1689.7981489590645,1637.446397977442,1683.9813232421875,8070000,0.0,0.0,0.01401044016903441
2019-07-17,1698.5234649570534,1736.333098929509,1681.0728810482142,1724.6993408203125,6323400,0.0,0.0,0.024179613524293764
2019-07-18,1704.3403763742233,1733.4246115258231,1643.2633334419888,1669.439208984375,9991500,0.0,0.0,-0.0320404435300905
2019-07-19,1649.0802082540645,1678.16455078125,1637.4464499412074,1678.16455078125,5131800,0.0,0.0,0.005226510644962712
2019-07-22,1649.0801778264072,1678.1645198169492,1634.5380600860917,1666.53076171875,3534000,0.0,0.0,-0.00693244834488016
2019-07-23,1651.9886220344995,1695.6150811858515,1651.9886220344995,1683.9813232421875,2835600,0.0,0.0,0.01047119076604397
2019-07-24,1704.3404424227042,1707.2488021446259,1672.3476334022491,1689.7982177734375,3402000,0.0,0.0,0.0034542512146455984
2019-07-25,1678.1644050475059,1715.9739298885195,1660.7138223486058,1710.1571044921875,5009100,0.0,0.0,0.012048117050079465
2019-07-26,1698.52353645039,1727.6078796926286,1689.7982441287102,1715.97412109375,4294500,0.0,0.0,0.003401451589612803
2019-07-29,1701.4319841442855,1704.3404503897173,1657.8055230123807,1660.7139892578125,5437800,0.0,0.0,-0.032203359687449806
2019-07-30,1634.5381985785345,1675.256195607351,1625.8129058930797,1663.6224365234375,6357300,0.0,0.0,0.0017513233973085462
2019-07-31,1683.9814180842288,1739.2416382915073,1657.8055411191892,1715.97412109375,49854000,0.0,0.0,0.03146848913610145
2019-08-01,1695.6150089582525,1710.1571258859535,1663.622202603442,1692.70654296875,8394000,0.0,0.0,-0.013559399200128608
2019-08-02,1660.7139665669213,1695.6151349955787,1651.988674459757,1678.16455078125,5784000,0.0,0.0,-0.008590970625065086
2019-08-05,1657.8053771343427,1695.6150089582525,1651.9885516652434,1692.70654296875,4174200,0.0,0.0,0.008665414950357553
2019-08-06,1663.622251823086,1710.1571764823718,1660.713892257443,1701.431884765625,3993000,0.0,0.0,0.005154668913592175
2019-08-07,1686.8898618621733,1739.2416150940003,1683.981395623767,1733.4246826171875,4204200,0.0,0.0,0.01880345498284197
2019-08-08,1715.974106088797,1753.7837413220975,1701.431987849796,1704.3404541015625,3716400,0.0,0.0,-0.016778478354024906
2019-08-09,1788.684840146807,1811.9523562284946,1753.7836725341863,1756.692138671875,7258200,0.0,0.0,0.030716682482262225
2019-08-13,1774.142783819002,1800.3185539235812,1742.1499747280109,1791.59326171875,4251000,0.0,0.0,0.019867523898217998
2019-08-14,1800.3186621588527,1806.1355949850645,1771.2344240674786,1779.959716796875,2789700,0.0,0.0,-0.006493407387966221
2019-08-15,1753.783832614102,1765.417591716839,1739.2417136181211,1750.8753662109375,2764500,0.0,0.0,-0.016339892589409932
2019-08-16,1727.607796824721,1768.3257902028079,1721.7909710592544,1756.692138671875,2119800,0.0,0.0,0.0033222081783728097
2019-08-19,1774.1428369760783,1794.5018882339898,1759.600611859034,1785.7764892578125,2194500,0.0,0.0,0.016556316241004065
2019-08-20,1803.226907941457,1829.4027813808339,1797.40997617055,1820.677490234375,2972400,0.0,0.0,0.019543879755673066
2019-08-21,1809.0439182029156,1832.3114360160816,1806.1355583587092,1829.403076171875,2358900,0.0,0.0,0.004792493994296931
2019-08-22,1832.3114395554246,1846.8536648442232,1814.8608544168014,1826.4945068359375,2598000,0.0,0.0,-0.0015899007571495982
2019-08-23,1803.2271304247527,1838.1282993167167,1803.2271304247527,1835.2197265625,2517600,0.0,0.0,0.004777030368231072
2019-08-26,1788.6848267119444,1809.043769993116,1779.9595348743253,1803.22705078125,2841000,0.0,0.0,-0.017432613282320486
2019-08-27,1823.586071213886,1838.1282958984375,1811.9524192781425,1838.1282958984375,2202000,0.0,0.0,0.019354881073942787
2019-08-28,1861.395492083017,1867.2124242242776,1841.03654911833,1849.7618408203125,2008800,0.0,0.0,0.006329016830780354
2019-08-29,1835.2197231496298,1849.761947834181,1826.4944309428647,1838.1282958984375,1704000,0.0,0.0,-0.0062892123002796785
2019-08-30,1838.1283224959957,1841.036682267058,1811.952445496938,1817.7691650390625,2715600,0.0,0.0,-0.01107601188927021
2019-09-02,1814.860912967995,1829.4031387259563,1803.2272601735333,1806.1356201171875,1416900,0.0,0.0,-0.0063999022239025205
2019-09-03,1800.3184781554967,1814.8607022248023,1794.5017589436306,1803.22705078125,1517100,0.0,0.0,-0.0016103825778868153
2019-09-04,1814.8608052680004,1820.6777378299573,1797.4102206019618,1817.7691650390625,1466100,0.0,0.0,0.00806449429178202
2019-09-05,1835.2195586874311,1881.7545882998527,1820.6775483258832,1873.029296875,2966700,0.0,0.0,0.03039997206397227
2019-09-06,1870.1209222307318,1873.0294950265932,1849.7619777588645,1861.3956298828125,3005700,0.0,0.0,-0.006211150573884439
2019-09-09,1855.578910330755,1870.1209222307318,1843.945045186974,1861.3956298828125,2217600,0.0,0.0,0.0
2019-09-10,1843.9450657415273,1846.8536385698108,1782.8681251351816,1800.318603515625,4022700,0.0,0.0,-0.03281249047040724
2019-09-11,1750.8751932456244,1820.6776344564885,1730.516249964453,1803.22705078125,4899000,0.0,0.0,0.0016155180866017638
2019-09-12,1823.5862923503994,1870.1211187562315,1820.6779322687396,1852.6705322265625,3810900,0.0,0.0,0.027419443061200255
2019-09-13,1887.5710399633776,1951.5566433653769,1870.1204595846107,1948.6480712890625,7792500,0.0,0.0,0.05180496876967822
2019-09-17,1931.197968666166,1942.8318338099466,1861.3956298828125,1861.3956298828125,4569300,0.0,0.0,-0.0447758847232641
2019-09-18,1873.0294568674447,1896.296760641317,1858.4872322439032,1867.2125244140625,2621700,0.0,0.0,0.003125017829560539
2019-09-19,1893.3885100691357,1896.2968699535654,1841.0367540303578,1855.5789794921875,3218100,0.0,0.0,-0.006230434280921293
2019-09-20,1884.6631471505411,1896.2967992744893,1858.4872701067836,1861.3956298828125,3089400,0.0,0.0,0.0031346821961826254
2019-09-24,1864.3043112904934,1902.1138426609305,1861.3957383251823,1893.3885498046875,2104800,0.0,0.0,0.017187598062583298
2019-09-25,1893.38868142519,1913.747628498411,1887.5717481100442,1907.930908203125,2512800,0.0,0.0,0.0076805991036217325
2019-09-26,1937.0148538981189,1942.8317863278455,1884.6631010900617,1896.2967529296875,3146400,0.0,0.0,-0.006097786467747168
2019-09-27,1902.1318431061752,1910.8839838162885,1878.7929436627467,1907.9666748046875,2437200,6.666667,0.0,0.006154058881855162
2019-09-30,1913.8012904699506,1963.3966064453125,1899.214319707928,1963.3966064453125,3754800,0.0,0.0,0.02905183427603597
2019-10-01,1960.4790774828766,1977.9833549604025,1907.9662450502997,1916.7183837890625,3547500,0.0,0.0,-0.02377421989170081
2019-10-02,1942.9748034769002,1960.479080985701,1919.6356955734116,1940.0574951171875,2519100,0.0,0.0,0.012176599090152784
2019-10-03,1899.2141504573278,1940.0575367460153,1899.2141504573278,1937.1400146484375,2128200,0.0,0.0,-0.0015038113437837453
2019-10-04,1916.7185569969383,1948.8098064974756,1916.7185569969383,1942.9749755859375,2181600,0.0,0.0,0.003012152396510759
2019-10-07,1925.4708176065765,1934.2229576866064,1910.883846248095,1919.635986328125,2118300,0.0,0.0,-0.012011986541810349
2019-10-08,1940.0580494583123,1948.8101907134999,1925.4710761412255,1931.305908203125,2244300,0.0,0.0,0.006079236875175642
2019-10-09,1928.388047556687,1972.1487461674687,1925.470738874397,1963.3966064453125,2326500,0.0,0.0,0.01661606175690955
2019-10-10,1957.5620768403328,1966.314216954857,1922.5535163822362,1925.4708251953125,2369700,0.0,0.0,-0.019316413772693553
2019-10-11,1954.6445464287822,1969.2315177856258,1928.3881261916404,1966.314208984375,3001800,0.0,0.0,0.021212154063627198
2019-10-15,1977.983585815123,1995.4878653356106,1954.6444752293767,1992.570556640625,2878500,0.0,0.0,0.013353078331164392
2019-10-16,2004.239930796965,2007.1572393838035,1951.7270941821973,1972.148681640625,2910600,0.0,0.0,-0.01024900971859699
2019-10-17,1948.809730446365,1995.4877348912444,1945.8922082668096,1986.735595703125,2236200,0.0,0.0,0.007396457578626947
2019-10-18,1992.5710273039654,2030.4969039983625,1986.7361948604666,2004.240478515625,2857800,0.0,0.0,0.008810876923109001
2019-10-21,2001.32195952733,2036.33050567839,1998.4044382312693,2027.578369140625,1644300,0.0,0.0,0.011644256702311617
2019-10-23,2012.99240593584,2053.835801339353,2001.322955967114,2042.1661376953125,3127800,0.0,0.0,0.007194675568013009
2019-10-24,2050.917926970278,2068.422205759997,2042.1657875754188,2053.83544921875,2593200,0.0,0.0,0.0057141832429985495
2019-10-25,2050.9178689344076,2059.670008081603,2036.3311128059295,2045.083251953125,2797500,0.0,0.0,-0.004261391665507652
2019-10-28,2024.6608478445642,2042.1651209200943,2015.9087113067992,2027.578369140625,1793400,0.0,0.0,-0.008559496438974912
2019-10-29,1998.4052468240184,2015.9095269821128,1960.4793777065786,1966.314208984375,3560400,0.0,0.0,-0.030215433883434284
2019-10-30,1983.8179873685885,1989.6526034953206,1945.8919141686256,1960.4788818359375,3905400,0.0,0.0,-0.002967647348412039
2019-10-31,1975.0659866284577,1976.8164143230547,1939.765552337252,1945.3087158203125,3564900,0.0,0.0,-0.007737990016713936
2019-11-01,1945.3089400842412,1968.0645027373625,1935.6815866540744,1944.141845703125,3232800,0.0,0.0,-0.0005998380142431259
2019-11-05,1970.39821326621,1999.2802728108707,1956.6866708820592,1971.5653076171875,3230400,0.0,0.0,0.014105689857287329
2019-11-06,1998.4052038754373,2000.447512300186,1962.521430322537,1970.106689453125,3212100,0.0,0.0,-0.0007398274652262726
2019-11-07,1994.0289526606011,2004.8233999950203,1949.3930432744255,1957.853515625,3467400,0.0,0.0,-0.006219548359346128
2019-11-08,1928.679642723722,1945.892039181194,1804.9826104966014,1863.913818359375,8092800,0.0,0.0,-0.04798096308836308
2019-11-11,1863.3308451604908,1916.1353587129086,1860.1216555234903,1910.5924072265625,3931800,0.0,0.0,0.025043319281936594
2019-11-12,1916.4265743357305,1964.563333814077,1912.9257191009417,1918.177001953125,3826800,0.0,0.0,0.003969760739064299
2019-11-13,1942.9749462084008,1952.310632790651,1910.5920304382607,1911.7589111328125,2368200,0.0,0.0,-0.003345932525401718
2019-11-14,1900.6731576053855,1917.5938905261132,1874.124856926393,1875.5836181640625,2860200,0.0,0.0,-0.018922518293540636
2019-11-15,1887.544712762389,1909.7167269711226,1879.6677876740573,1905.63232421875,2685000,0.0,0.0,0.016020989820811682
2019-11-18,1919.3439016159932,1928.6795868936238,1904.4652667197452,1923.719970703125,1928400,0.0,0.0,0.009491676990623255
2019-11-19,1915.5517936790457,1937.1402633917478,1910.008629187024,1926.6376953125,1822200,0.0,0.0,0.0015167096322801221
2019-11-20,1923.720275159462,1952.3106689453125,1920.219419335696,1952.3106689453125,1877700,0.0,0.0,0.013325273192398734
2019-11-21,1966.3143660194082,1981.7763389436955,1934.8066592185498,1977.4002685546875,3184200,0.0,0.0,0.012851233161025988
2019-11-22,1984.4018237951461,1993.7375111097251,1964.2719016022033,1987.0274658203125,2335500,0.0,0.0,0.004868613309465086
2019-11-25,1992.861957448896,2002.7809766283278,1947.9343839005771,1960.1873779296875,1893600,0.0,0.0,-0.013507658224313768
2019-11-26,1969.8152223306147,1985.5690757310438,1961.0630815525985,1977.4002685546875,2851200,0.0,0.0,0.00878124755765941
2019-11-27,1976.8166778399166,1995.1961710832363,1968.9397521642081,1984.693603515625,1984200,0.0,0.0,0.0036883452869500566
2019-11-28,1988.4860772361783,1989.652957934346,1965.438847976873,1979.150390625,1459500,0.0,0.0,-0.002792981687856466
2019-11-29,1968.939564498456,1968.939564498456,1933.6391288661678,1936.2647705078125,2316600,0.0,0.0,-0.021668702045247068
2019-12-02,1953.4772853386723,1967.772373459704,1945.892027521771,1951.143310546875,1577100,0.0,0.0,0.007684145404949216
2019-12-03,1937.1400001191575,1966.8972722994456,1935.3895723438466,1951.435302734375,1935000,0.0,0.0,0.00014965184049864355
2019-12-04,1951.1434202126607,1972.148553493689,1949.976539588803,1958.43701171875,1987500,0.0,0.0,0.003587979050375889
2019-12-05,1948.8097868253114,1957.5619262666298,1930.1384135669796,1940.932861328125,2214600,0.0,0.0,-0.008937816373916996
2019-12-06,1940.9332635838311,1949.1018575302314,1926.0546234500125,1931.305908203125,2329500,0.0,0.0,-0.004959961942430424
2019-12-09,1940.0576054208939,1947.0593168225028,1926.0541826176761,1944.725341796875,1549800,0.0,0.0,0.006948372879072018
2019-12-10,1938.0149213737927,1955.8110768524793,1929.5546641874337,1949.3927001953125,1814700,0.0,0.0,0.002400009038872719
2019-12-11,1969.2308165257468,1977.9829534880835,1935.9726960688677,1946.18359375,1993800,0.0,0.0,-0.0016462083011755668
2019-12-12,1947.9345978751185,1947.9345978751185,1926.0542489910758,1928.9715576171875,1716300,0.0,0.0,-0.008843994054871018
2019-12-13,1961.0625745171826,1974.4824490153098,1936.5565866747938,1948.5177001953125,4317300,0.0,0.0,0.010132934568651608
2019-12-16,1949.6845188909615,1960.1870836247595,1942.0992620248098,1954.6439208984375,1555500,0.0,0.0,0.003144041597626268
2019-12-17,1943.2669044437075,1944.1421185147187,1907.9666748046875,1907.9666748046875,2777400,0.0,0.0,-0.023880178683540088
2019-12-18,1900.6730600916499,1919.05255330709,1871.2074521243414,1913.80126953125,2392200,0.0,0.0,0.003058017104601518
2019-12-19,1924.5953539453005,1952.8938653081598,1902.42333984375,1902.42333984375,3007500,0.0,0.0,-0.005945199153455927
2019-12-20,1896.2966898850311,1910.5917777852303,1883.7518159575754,1905.048828125,2334300,0.0,0.0,0.001380075730917918
2019-12-23,1913.2176569800679,1929.8467217022185,1908.841587316344,1926.05419921875,1388700,0.0,0.0,0.011026158901356942
2019-12-24,1921.9700999408687,1942.6835708465735,1905.6326993902205,1907.9666748046875,1338600,0.0,0.0,-0.009390973743832909
2019-12-25,1905.3406179604267,1914.3844235010367,1898.6305736511113,1901.548095703125,790800,0.0,0.0,-0.0033640939259169667
2019-12-26,1894.5466187541385,1902.715211423531,1888.1282403868463,1899.21435546875,1242000,0.0,0.0,-0.001227284358280789
2019-12-27,1905.0490616994978,1917.8853902417904,1902.1315394782962,1906.2159423828125,1281300,0.0,0.0,0.003686570130381428
2019-12-30,1918.1772204570193,1939.1823542584943,1915.2596983121896,1934.514404296875,2392500,0.0,0.0,0.014845360006111807
2020-01-06,1891.0458174400706,1910.3005257477207,1865.0810638001103,1867.4150390625,3457800,0.0,0.0,-0.034685378969180225
2020-01-07,1853.4115283124875,1896.2970129956052,1846.1179360862561,1882.001708984375,2753100,0.0,0.0,0.007811155858098884
2020-01-08,1860.9964897978489,1879.0843156527299,1825.6962656970632,1834.15673828125,2863200,0.0,0.0,-0.02542238430216126
2020-01-09,1852.828193634325,1886.9615425014667,1846.9933619191117,1877.6258544921875,2504400,0.0,0.0,0.02369978274139828
2020-01-10,1894.54616914706,1918.1769412338601,1872.3739442450878,1916.426513671875,2591400,0.0,0.0,0.020664744835536597
2020-01-14,1923.1368778763408,1958.437319301248,1921.0947830450525,1953.18603515625,2435700,0.0,0.0,0.019181284135932675
2020-01-15,1938.5987740522803,1939.4739879457577,1901.2562433721587,1909.425048828125,1802100,0.0,0.0,-0.022404924846098573
2020-01-16,1909.4250183279526,1910.5918989421941,1871.7908215095767,1874.7081298828125,2548500,0.0,0.0,-0.018181870488511387
2020-01-17,1902.1315176558805,1907.9663483560666,1875.291766520626,1880.834716796875,2377800,0.0,0.0,0.0032680217343727946
2020-01-20,1886.961211861092,1894.8381371425157,1879.3759533279629,1887.83642578125,947100,0.0,0.0,0.0037226604346707326
2020-01-21,1880.5430934913406,1902.423442028413,1879.6678795498578,1901.25634765625,1630200,0.0,0.0,0.007108625351079478
2020-01-22,1911.7587314620714,1939.1822414465933,1910.008303747113,1936.8482666015625,1843200,0.0,0.0,0.018720210448837094
2020-01-23,1930.7217393982044,1943.266399934093,1926.0540034564156,1935.9730224609375,1656000,0.0,0.0,-0.00045189091769215484
2020-01-24,1942.6831691739428,1952.8938554410217,1926.6374387395056,1933.9310302734375,1827900,0.0,0.0,-0.0010547627285137917
2020-01-27,1887.836483353201,1895.7134088748417,1866.8313486288262,1869.7486572265625,2160600,0.0,0.0,-0.03318751912150675
2020-01-28,1864.4976433894408,1881.1267107862534,1849.9108846143738,1877.6258544921875,1593600,0.0,0.0,0.004212971211493999
2020-01-29,1862.455548443006,1878.7929490404167,1854.2869549819561,1877.6258544921875,1734300,0.0,0.0,0.0
2020-01-30,1863.6223124187838,1867.9983825118738,1814.0269938139634,1823.07080078125,2384700,0.0,0.0,-0.0290553379313645
2020-01-31,1835.0319630033491,1890.4621079051035,1832.1144407570139,1860.704833984375,2528100,0.0,0.0,0.02064320990002
2020-02-03,1842.616840339834,1868.873256115775,1827.4465380054878,1847.2847900390625,2056500,0.0,0.0,-0.007212344322541364
2020-02-04,1839.9913419588438,1880.5430630411133,1837.3657001769102,1872.6661376953125,2724600,0.0,0.0,0.0137398130451305
2020-02-05,1881.1265893640089,1925.1791706710549,1881.1265893640089,1920.8031005859375,2442000,0.0,0.0,0.02570504262434481
2020-02-06,1920.802615649079,1968.3558273433648,1902.7147926387172,1955.519287109375,3749400,0.0,0.0,0.01807378721579922
2020-02-07,1945.0170050451795,1949.9766218374818,1826.863125355745,1836.490478515625,6204000,0.0,0.0,-0.06086813327711893
2020-02-10,1794.1887010881446,1807.900458321558,1739.050219054704,1757.137939453125,5610600,0.0,0.0,-0.04320879415973777
2020-02-12,1757.13766892141,1772.3080782074992,1725.9217433210806,1742.259033203125,5230800,0.0,0.0,-0.008467693921986985
2020-02-13,1740.2171556628364,1756.8462211855297,1722.1293289569162,1746.0518798828125,3769500,0.0,0.0,0.0021769705924350458
2020-02-14,1731.1728443322743,1791.2708211788597,1727.0885490009898,1773.18310546875,3903600,0.0,0.0,0.015538613656633338
2020-02-17,1763.2641572951757,1786.8949315548587,1759.1798615541932,1773.7667236328125,2019900,0.0,0.0,0.0003291358699857305
2020-02-18,1759.1797964227744,1762.3888781834748,1696.1644007300183,1706.958740234375,4021800,0.0,0.0,-0.03766446991496697
2020-02-19,1692.95539093455,1748.0938645095732,1692.95539093455,1738.7581787109375,3355500,0.0,0.0,0.018629295323328243
2020-02-20,1750.7195773552214,1759.1799427942576,1716.00268802192,1724.17138671875,2499000,0.0,0.0,-0.008389201080855169
2020-02-21,1721.5458099871287,1737.5914344065368,1712.5018970470785,1727.0888671875,2031600,0.0,0.0,0.0016921058377510345
2020-02-25,1639.5675687540036,1684.7869224006947,1630.2318816818383,1681.8695068359375,4258500,0.0,0.0,-0.026182416672745124
2020-02-26,1669.9080507771532,1685.078460016603,1648.6111444960684,1669.0328369140625,3761100,0.0,0.0,-0.00763238162633928
2020-02-27,1639.8591076513524,1665.2403112563975,1627.6061128075373,1648.319580078125,3743700,0.0,0.0,-0.012410335122126748
2020-02-28,1607.4762156877189,1626.1474818053857,1552.6295116914716,1566.6329345703125,5468100,0.0,0.0,-0.04955752907087396
2020-03-02,1561.3815623705127,1669.324643214202,1557.2972665418781,1644.235107421875,4936500,0.0,0.0,0.049534368350839575
2020-03-03,1659.9890099328725,1665.8238405447655,1608.9349365234375,1608.9349365234375,4392300,0.0,0.0,-0.021469053141547012
2020-03-04,1605.434150650744,1711.6267048797492,1591.1389539193765,1667.5743408203125,5979600,0.0,0.0,0.036446100439326834
2020-03-05,1722.1292797172102,1735.8410361566862,1697.0398487672703,1716.2945556640625,5222400,0.0,0.0,0.02921621762288784
2020-03-06,1715.419318701436,1737.5914407461778,1694.1224105948072,1709.5845947265625,5125800,0.0,0.0,-0.0039095625604335105
2020-03-09,1662.906440726721,1674.8676619685257,1617.6870906703818,1640.15087890625,4347300,0.0,0.0,-0.04061437850720573
2020-03-10,1628.1895848067418,1682.7445119151632,1560.7981162771127,1665.240234375,5246400,0.0,0.0,0.015296980168971519
2020-03-11,1636.941897797761,1653.8626299957173,1598.7241498757735,1603.1002197265625,5151000,0.0,0.0,-0.03731594599127608
2020-03-12,1564.007394715915,1580.0530200895855,1511.2027818894924,1541.2518310546875,4487100,0.0,0.0,-0.038580487926340834
2020-03-13,1403.2596614365596,1493.4066935321148,1370.8767469944669,1442.644287109375,7053600,0.0,0.0,-0.06397886572360778
2020-03-16,1435.3506945410224,1458.6896946120742,1377.878354782715,1386.6304931640625,3968100,0.0,0.0,-0.03882716927923191
2020-03-17,1345.787186260021,1440.6020597456593,1333.2425250895924,1427.765625,6025800,0.0,0.0,0.02966553241020531
2020-03-18,1428.640975529992,1468.317271025087,1365.917236328125,1365.917236328125,6509100,0.0,0.0,-0.04331830630246125
2020-03-19,1345.495753658562,1416.3880909276818,1345.495753658562,1397.425048828125,8536200,0.0,0.0,0.02306714613595462
2020-03-23,1417.846521793014,1478.2362810545683,1397.1331617168132,1434.4755859375,4877100,0.0,0.0,0.02651343421992136
2020-03-24,1475.31884385726,1587.0545549551853,1461.0237548897403,1504.49267578125,7307100,0.0,0.0,0.0488102345764152
2020-03-25,1547.6697857085273,1573.0509861342296,1510.3272586847108,1566.3409423828125,5608200,0.0,0.0,0.04110905130823994
2020-03-26,1524.914536284597,1588.8051572234106,1504.4928410112407,1559.923095703125,3563700,0.0,0.0,-0.004097349757023028
2020-03-27,1587.6379873906083,1636.649964950627,1563.715438921388,1631.398681640625,5338800,0.0,0.0,0.04581994210764795
2020-03-30,1610.8572414757732,1637.3526565564127,1559.9504600108748,1603.1170654296875,3981300,37.333332,0.0,-0.01733580916131172
2020-03-31,1630.8031805919522,1661.763993244181,1556.675763292318,1560.2481689453125,4635300,0.0,0.0,-0.0267409644677975
2020-04-01,1559.9504110322414,1611.4526645136807,1522.142524396927,1532.8597412109375,3440100,0.0,0.0,-0.017553891925339626
2020-04-02,1514.4021695165804,1559.3549743028893,1498.6240818329027,1512.615966796875,3365700,0.0,0.0,-0.013206540604993822
2020-04-03,1512.318519994799,1544.1724359676007,1497.4334228685984,1529.8828125,3630600,0.0,0.0,0.01141522110181703
2020-04-06,1559.652824713198,1593.5906788598863,1530.775842300626,1587.6365966796875,3293100,0.0,0.0,0.03775046278565042
2020-04-07,1604.6056245124723,1612.3459100285397,1566.49999766378,1609.9642333984375,3459000,0.0,0.0,0.014063442960086103
2020-04-08,1609.964146354583,1618.8951606816631,1581.087272711138,1609.071044921875,2760300,0.0,0.0,-0.0005547877760471165
2020-04-09,1601.6285051324126,1612.0479848529392,1537.0274692143537,1574.239990234375,3150000,0.0,0.0,-0.02164668539492065
2020-04-10,1604.0101929370776,1656.1078134949867,1544.470133028876,1652.2376708984375,4384200,0.0,0.0,0.04954624526623164
2020-04-13,1627.2310217464183,1653.4287035155885,1610.5598291775927,1644.199951171875,1970400,0.0,0.0,-0.004864747891985655
2020-04-14,1648.367609383452,1691.5342176273948,1634.0779855808976,1678.1376953125,2252700,0.0,0.0,0.02064088623554361
2020-04-15,1665.9320403945887,1689.7480441407458,1659.6803298718692,1671.2906494140625,2744100,0.0,0.0,-0.004080145459793405
2020-04-16,1641.5205487642218,1647.772259232856,1614.4297670597475,1646.5814208984375,2965800,0.0,0.0,-0.01478451909264722
2020-04-17,1660.5734618758281,1663.2527664347774,1627.8263334745495,1648.6654052734375,2733300,0.0,0.0,0.0012656430763460236
2020-04-20,1607.582536592658,1622.4675237392378,1593.8882786442573,1610.2618408203125,2325900,0.0,0.0,-0.02329372856996148
2020-04-21,1574.835626675886,1606.0941780908627,1565.309138325776,1595.0792236328125,2806800,0.0,0.0,-0.009428663589125086
2020-04-22,1584.659698461347,1596.5676450337755,1548.9356407017162,1592.9952392578125,2533200,0.0,0.0,-0.0013065083816048428
2020-04-23,1595.0793314601833,1623.360843549934,1595.0793314601833,1620.3839111328125,1642200,0.0,0.0,0.01719319129149466
2020-04-24,1619.193141178099,1619.4908780408664,1592.995458869019,1615.322998046875,2409000,0.0,0.0,-0.0031232802616507627
2020-04-27,1623.0632843093233,1630.8034615505842,1609.9643886441895,1615.322998046875,1998900,0.0,0.0,0.0
2020-04-28,1610.2619542312534,1616.8114013671875,1589.1252557314865,1616.8114013671875,2548800,0.0,0.0,0.0009214276786204678
2020-04-30,1658.7871705567986,1661.1687381420586,1614.1320969508295,1616.8114013671875,2720700,0.0,0.0,0.0
2020-05-01,1605.2012896884287,1622.1702198517887,1581.0875468247064,1617.7047119140625,2522400,0.0,0.0,0.0005525137601822827
2020-05-07,1601.62870613375,1625.14697265625,1584.3620410111985,1625.14697265625,2577000,0.0,0.0,0.004600506314518915
2020-05-08,1682.9009611672504,1690.045773160147,1614.7275103946354,1631.10107421875,3193500,0.0,0.0,0.003663731134894377
2020-05-11,1637.352851499377,1641.5206223248417,1625.444794685099,1632.2918701171875,1435500,0.0,0.0,0.0007300564736663073
2020-05-12,1645.390672675074,1669.5044127769572,1639.4365900925893,1665.9320068359375,1726200,0.0,0.0,0.02060914309175277
2020-05-13,1659.68029226482,1687.66406605164,1653.7262096973109,1684.6871337890625,1956600,0.0,0.0,0.011258038669144765
2020-05-14,1683.7939156234067,1683.7939156234067,1629.3147289351477,1631.3985595703125,1765200,0.0,0.0,-0.03163113978255272
2020-05-15,1647.1769313224393,1656.7033111467708,1627.8263258070535,1639.4366455078125,2345700,0.0,0.0,0.004927113543374162
2020-05-18,1654.3215883352068,1654.3215883352068,1621.872199976203,1637.3526611328125,1729500,0.0,0.0,-0.0012711588341703939
2020-05-19,1656.4056746469162,1672.1838750563795,1640.6275832586407,1665.0390625,2723400,0.0,0.0,0.016909247484920176
2020-05-20,1664.7410514456342,1727.853515625,1661.1686457558367,1727.853515625,2905800,0.0,0.0,0.037725513196480875
2020-05-21,1728.74663954268,1749.8834461631366,1643.3066386902958,1715.052490234375,5488200,0.0,0.0,-0.007408628842008436
2020-05-22,1725.769616557548,1731.128224879768,1686.4731555279352,1717.13623046875,2592900,0.0,0.0,0.0012149716969247493
2020-05-25,1762.6848773561637,1763.2803511224852,1726.6631843627017,1742.739013671875,1863900,0.0,0.0,0.01491016423090441
2020-05-26,1750.4788991795544,1840.979776388325,1734.700809387886,1784.1190185546875,3064800,0.0,0.0,0.023744235113912326
2020-05-27,1784.1191610005856,1810.0191059644878,1773.104314558797,1774.2950439453125,2217300,0.0,0.0,-0.005506344872290736
2020-05-28,1762.3869632421604,1795.133981286767,1744.5249335776155,1793.3477783203125,2611800,0.0,0.0,0.010738199624699574
2020-05-29,1803.7673390079701,1814.4845572803815,1780.8444362657062,1785.01220703125,3753300,0.0,0.0,-0.004648050640166268
2020-06-01,1807.6374101732367,1812.4006544455747,1783.8214068539028,1802.5765380859375,2037600,0.0,0.0,0.009839894083357281
2020-06-02,1813.591416615812,1841.8729278838955,1806.7443414299426,1829.3695068359375,2288700,0.0,0.0,0.014863706579943736
2020-06-03,1845.1475569785134,1918.6795021379542,1837.407271893499,1914.5118408203125,3680100,0.0,0.0,0.04654190072930464
2020-06-04,1932.0757540433135,1949.6401524215757,1904.0919857823176,1905.28271484375,3317700,0.0,0.0,-0.004820615772534564
2020-06-05,1879.0855671513775,1912.4279506684607,1875.5131611301772,1907.3671875,2755200,0.0,0.0,0.0010940490038617856
2020-06-08,1919.8706085742012,1928.8016236272022,1902.3062062891797,1907.3671875,2084100,0.0,0.0,0.0
2020-06-09,1866.2845694955101,1871.3453328029154,1821.3317561541553,1843.95703125,3999300,0.0,0.0,-0.03324486059399612
2020-06-10,1849.315616286764,1860.6280901552318,1828.1788076761593,1847.2315673828125,2657700,0.0,0.0,0.0017758201939188645
2020-06-11,1832.6442191769704,1860.9258384499915,1830.8580162343028,1837.7052001953125,2412300,0.0,0.0,-0.005157105019051311
2020-06-12,1832.9419981731837,1832.9419981731837,1796.622571683599,1821.331787109375,3798600,0.0,0.0,-0.008909706020420072
2020-06-15,1814.7820868672543,1829.3693373912804,1768.3408129907302,1768.6385498046875,1955700,0.0,0.0,-0.028931157781151295
2020-06-16,1809.4236053670702,1837.7052250221675,1786.2029667986872,1824.30859375,3295200,0.0,0.0,0.031476213130975816
2020-06-17,1822.2247145352328,1835.3234996032015,1807.3396175267678,1819.54541015625,1815900,0.0,0.0,-0.002610952779627529
2020-06-18,1806.446562330384,1823.7132273330878,1795.1339798920208,1799.5994873046875,1915800,0.0,0.0,-0.010962036308755696
2020-06-19,1799.5994305219606,1804.0649377937273,1766.852413536063,1769.829345703125,3999000,0.0,0.0,-0.016542648412369854
2020-06-22,1756.1354476197441,1757.3261770486508,1719.8159105931163,1720.1136474609375,3474900,0.0,0.0,-0.028090673466845573
2020-06-23,1738.8683129532374,1762.0889478462955,1713.5637385883642,1750.7763671875,2445300,0.0,0.0,0.017825984795727834
2020-06-24,1750.4788139076938,1753.7534828314162,1727.2581765803468,1739.7615966796875,2467500,0.0,0.0,-0.006291363485507295
2020-06-25,1718.0296630315431,1754.0514622594803,1714.1596289558213,1727.55615234375,2406300,0.0,0.0,-0.007015584410663744
2020-06-26,1740.3570206042102,1746.9064676960186,1724.578931043462,1741.2501220703125,2262900,0.0,0.0,0.007926787044220784
2020-06-29,1735.594061228055,1741.5480352646327,1676.053884777533,1677.840087890625,2853900,0.0,0.0,-0.03641638462847263
2020-06-30,1704.6332653455552,1707.6103071027992,1675.1609117187809,1687.0689697265625,2499600,0.0,0.0,0.005500453769429203
2020-07-01,1678.7329634229734,1702.5490744050612,1676.351395933233,1690.045654296875,1878300,0.0,0.0,0.0017644119023747518
2020-07-02,1699.8697412728873,1709.9914846985357,1687.0685845626028,1696.8927001953125,1971300,0.0,0.0,0.0040513970028142055
2020-07-03,1714.754947471979,1718.625090464654,1695.404450550971,1707.0147705078125,2111700,0.0,0.0,0.005965062087505579
2020-07-06,1726.0676040963194,1762.0894038883957,1718.9227915108622,1751.669921875,2063100,0.0,0.0,0.026159792017443007
2020-07-07,1732.6167924922681,1741.5478068865582,1717.434068021975,1739.4638671875,1953300,0.0,0.0,-0.00696823901299537
2020-07-08,1736.7846015552507,1736.7846015552507,1713.8617004397004,1719.815673828125,2390400,0.0,0.0,-0.011295545558611564
2020-07-09,1722.1973781668598,1736.7846295568618,1714.1594649033655,1719.2203369140625,2332800,0.0,0.0,-0.00034616320988478666
2020-07-10,1704.9307387184053,1725.7698097558973,1695.99972384822,1715.3502197265625,3321000,0.0,0.0,-0.0022510885337982955
2020-07-13,1739.7615862710325,1763.2799602766197,1729.34210592431,1758.814453125,2479800,0.0,0.0,0.025338401976807923
2020-07-14,1758.5167950688576,1758.5167950688576,1730.235284848975,1750.4788818359375,2023200,0.0,0.0,-0.00473931248077486
2020-07-15,1771.3180078593034,1775.7835153505275,1751.0743012183013,1770.7225341796875,2058000,0.0,0.0,0.011564636713879084
2020-07-16,1783.225659400401,1783.523396190828,1767.1498350982301,1772.2108154296875,1659900,0.0,0.0,0.0008404937652692901
2020-07-17,1777.2719544130437,1788.5845368779603,1764.7685336282284,1780.8443603515625,1698900,0.0,0.0,0.004871624101775884
2020-07-20,1776.9743578677876,1789.180151802144,1769.8295454266758,1777.2720947265625,1205700,0.0,0.0,-0.0020059392637180595
2020-07-21,1797.2179321874555,1823.117875361001,1789.1800187887688,1821.033935546875,1665600,0.0,0.0,0.0246230394041298
2020-07-22,1811.507601412407,1820.1408796795874,1801.385747945892,1807.3397216796875,1567500,0.0,0.0,-0.007520021236218755
2020-07-27,1807.0420077750987,1819.2476915053533,1797.8132562593403,1815.9730224609375,1758900,0.0,0.0,0.004776800220617439
2020-07-28,1821.927048819555,1830.5604359473614,1801.087977607043,1801.9810791015625,1960200,0.0,0.0,-0.007704929085572854
2020-07-29,1804.0650419552894,1810.614489339085,1774.2949554176141,1779.653564453125,1296600,0.0,0.0,-0.012390537784985889
2020-07-30,1802.278671455288,1812.6981517156473,1787.095947265625,1787.095947265625,1412400,0.0,0.0,0.004181927854473688
2020-07-31,1782.6304951849963,1786.2029009869702,1731.4259756829788,1732.91455078125,2097300,0.0,0.0,-0.030318123974975242
2020-08-03,1754.646498449967,1782.3326416015625,1741.5477143745472,1782.3326416015625,2048700,0.0,0.0,0.028517326949579536
2020-08-04,1789.179916593513,1824.6062372830927,1782.9282065294005,1817.46142578125,2605200,0.0,0.0,0.01970944332148994
2020-08-05,1804.9580001777226,1837.4072796360433,1804.9580001777226,1832.9417724609375,2105400,0.0,0.0,0.008517565468017185
2020-08-06,1835.918979393424,1847.2314525587074,1798.408608941117,1825.4993896484375,2097300,0.0,0.0,-0.004060348737924047
2020-08-07,1920.763770261672,1955.2968841870413,1887.719013530197,1943.09130859375,5118600,0.0,0.0,0.06441630143078747
2020-08-11,1875.215448073807,1905.2830520239877,1818.9499467761943,1890.69580078125,6173100,0.0,0.0,-0.02696502608023066
2020-08-12,1882.6578875989017,1927.6105886416217,1875.215448073807,1890.69580078125,2968500,0.0,0.0,0.0
2020-08-13,1886.230144407263,1954.701323971511,1885.3370430131308,1947.2586669921875,2760900,0.0,0.0,0.029916428749440005
2020-08-14,1953.5108604444974,1970.7776370345655,1929.6949627323268,1932.374267578125,2066700,0.0,0.0,-0.00764377104406655
2020-08-17,1922.5495429088435,1947.2585344362624,1913.0230560058196,1926.1219482421875,1279800,0.0,0.0,-0.0032355633382417093
2020-08-18,1935.351017204208,1964.823367720008,1919.2751896501352,1952.3199462890625,1879500,0.0,0.0,0.013601422314295286
2020-08-19,1978.815414944814,1983.8761783869772,1957.6786054954441,1960.35791015625,1860000,0.0,0.0,0.004117134531389732
2020-08-20,1945.7705618971186,1956.1899341491574,1916.0003662109375,1916.0003662109375,1572900,0.0,0.0,-0.022627268069521533
2020-08-21,1926.122276544682,1954.4036782259361,1921.656769116868,1939.518798828125,1964100,0.0,0.0,0.012274753717139042
2020-08-24,1930.8853683333214,1976.1359152642844,1927.3129624714652,1968.3956298828125,1367700,0.0,0.0,0.014888657471190836
2020-08-25,1985.6617809278625,1989.5320318511556,1959.4642159598216,1963.03662109375,2007900,0.0,0.0,-0.002722526258291613
2020-08-26,1962.7394486015082,1976.7312265932323,1959.1670426389649,1967.2049560546875,1198200,0.0,0.0,0.0021234117163921873
2020-08-27,1980.6010161175661,1997.5699404788913,1972.2652587890625,1972.2652587890625,1545000,0.0,0.0,0.002572331224969915
2020-08-28,1977.6242988286913,1980.3036032609637,1892.7796584733999,1927.31298828125,2330700,0.0,0.0,-0.02279220318235109
2020-08-31,1970.7769954289658,1981.7918390837956,1956.7850019975647,1960.952880859375,1888500,0.0,0.0,0.017454296620563303
2020-09-01,1952.3197877422717,1981.4945080593372,1945.7704497291952,1975.2427978515625,1528800,0.0,0.0,0.007287231188301213
2020-09-02,2000.547066996202,2002.0356419589687,1981.4943104674899,1998.7608642578125,1617300,0.0,0.0,0.01190641800179204
2020-09-03,2028.531294862592,2028.531294862592,2002.3337214700323,2015.4326171875,1494600,0.0,0.0,0.008341044307908385
2020-09-04,1991.913977054253,2002.3335672571925,1972.563589874684,1984.7691650390625,1348200,0.0,0.0,-0.015214327627200874
2020-09-07,1980.3037348933995,1982.0899379669781,1951.1292300531932,1967.502685546875,1163100,0.0,0.0,-0.008699489994267284
2020-09-08,1977.3263080970767,1991.3183013560713,1966.9067200920965,1989.2342529296875,1082700,0.0,0.0,0.011045254241557556
2020-09-09,1980.6016659647971,1993.105088017695,1966.3120407614856,1984.174072265625,1697100,0.0,0.0,-0.0025437831952722645
2020-09-10,1994.5931464744183,2002.035803847754,1981.1966248532265,1988.6392822265625,1718100,0.0,0.0,0.0022504124125757308
2020-09-11,2021.088462859415,2069.018310546875,2004.119536304254,2069.018310546875,4541700,0.0,0.0,0.04041910920632974
2020-09-14,2064.8505619716298,2130.046968123848,2060.9805283511387,2083.9033203125,2268600,0.0,0.0,0.0071942378130480655
2020-09-15,2066.339301636459,2068.1255046869896,2041.0346130590299,2061.2783203125,1451100,0.0,0.0,-0.010857029584562139
2020-09-16,2050.263391212012,2061.2782368970834,2040.439274831653,2057.408203125,1302300,0.0,0.0,-0.0018775325725607361
2020-09-17,2036.2712720788043,2054.728774418779,2035.3781706436819,2054.13330078125,1431000,0.0,0.0,-0.0015917610996085685
2020-09-18,2038.653268795899,2094.9186680461553,2033.2946593434938,2089.56005859375,2786700,0.0,0.0,0.017246571972240554
2020-09-23,2122.6044457447547,2169.343347337614,2121.4134984908737,2160.7099609375,3032700,0.0,0.0,0.03405018298044671
2020-09-24,2131.5358597537747,2164.282772573477,2128.55870910298,2156.84033203125,2109000,0.0,0.0,-0.0017909062188851133
2020-09-25,2159.2215956036243,2222.036322500498,2155.64918994044,2216.975341796875,3826200,0.0,0.0,0.027881066981435554
2020-09-28,2222.631958092762,2275.027099609375,2222.631958092762,2275.027099609375,3672900,0.0,0.0,0.02618511659468825
2020-09-29,2309.953581269356,2329.0590557812047,2271.7430695319313,2325.476806640625,3787500,7.0,0.0,0.02217543124647281
2020-09-30,2298.6102176749564,2306.670279221636,2277.116720217143,2295.326416015625,3929400,0.0,0.0,-0.012965251056859639
2020-10-02,2276.2214887478026,2316.2231357366427,2230.2491334062006,2280.400634765625,3123900,0.0,0.0,-0.006502683516320551
2020-10-05,2303.6849483081273,2315.924374029503,2283.684127523292,2306.96875,1902000,0.0,0.0,0.01165063490569751
2020-10-06,2285.1774331778406,2320.4028245051286,2267.863076194631,2291.147705078125,2225700,0.0,0.0,-0.00685793638161547
2020-10-07,2298.311998156701,2332.044927775952,2291.446164228765,2322.4921875,2142600,0.0,0.0,0.013680690403505169
2020-10-08,2325.7755216365686,2344.582331784573,2318.611022532567,2337.119384765625,1759500,0.0,0.0,0.006298060912476089
2020-10-09,2334.1340062625122,2355.03060752277,2316.222758692668,2332.04443359375,2931600,0.0,0.0,-0.00217145568384558
2020-10-12,2325.476832638077,2342.7909641300616,2321.5959169303055,2334.1337890625,1162200,0.0,0.0,0.0008959329585029874
2020-10-13,2335.029454612559,2361.896324655314,2325.1782689302163,2349.95556640625,1080600,0.0,0.0,0.006778436359513362
2020-10-14,2367.2704565340614,2389.361074078024,2351.7474439763464,2361.5986328125,1668600,0.0,0.0,0.004954590024038419
2020-10-15,2349.956,2372.6435104522707,2345.1797395477297,2350.8515625,1381500,0.0,0.0,-0.0045507607275758755
2020-10-16,2346.373509398294,2363.3891951534724,2331.7460629459506,2342.791259765625,1786200,0.0,0.0,-0.003428673618934619
2020-10-19,2348.463246508321,2359.8071106868006,2335.9253719164367,2340.104736328125,1570800,0.0,0.0,-0.0011467190797735949
2020-10-20,2357.4187320971764,2365.7774604272754,2331.7460885433297,2346.37353515625,1575600,0.0,0.0,0.002678853955041971
2020-10-21,2366.971357878421,2379.8076790431205,2348.7616624620105,2356.224609375,1642500,0.0,0.0,0.00419842538758175
2020-10-22,2335.925080635015,2348.1645057581313,2305.4759604230485,2318.3125,1753200,0.0,0.0,-0.016090193279602594
2020-10-23,2358.3145694568097,2361.299923626962,2319.805380993318,2341.89599609375,1677000,0.0,0.0,0.010172699363761417
2020-10-26,2352.94061720689,2367.269614050866,2336.5220478708807,2361.896240234375,1336500,0.0,0.0,0.008540193148621977
2020-10-27,2372.0465073966543,2407.2718912577093,2360.1055288405983,2406.077880859375,1567200,0.0,0.0,0.01870600404555267
2020-10-28,2407.2722016609887,2432.945068359375,2394.1372110129205,2432.945068359375,1892400,0.0,0.0,0.011166383147333425
2020-10-29,2405.4811546266674,2413.2427700766507,2379.2113911206516,2391.749267578125,1624800,0.0,0.0,-0.01693248290600735
2020-10-30,2353.537851969401,2353.537851969401,2317.7153580277054,2321.297607421875,3187200,0.0,0.0,-0.02945612280989185
2020-11-02,2302.7893474635093,2364.5831522355243,2301.296889245616,2337.119384765625,2505000,0.0,0.0,0.006815919377663127
2020-11-04,2367.8668357886336,2381.30027093872,2343.6866525184773,2363.090576171875,2473800,0.0,0.0,0.011112479565888567
2020-11-05,2358.314708604818,2390.554961313739,2358.314708604818,2386.0771484375,2370600,0.0,0.0,0.009727334405802868
2020-11-06,2388.1667484150034,2498.9178322307635,2387.569633865057,2445.18408203125,2738400,0.0,0.0,0.02477159367309456
2020-11-09,2518.32167371909,2701.314866128428,2478.319810383032,2685.493408203125,4119900,0.0,0.0,0.09827862365775197
2020-11-10,2506.380766098067,2595.6383415450878,2458.020395409506,2467.87158203125,4680300,0.0,0.0,-0.08103606789989726
2020-11-11,2454.736999272706,2542.203682975482,2436.228633316737,2515.63525390625,4392000,0.0,0.0,0.019354196637608956
2020-11-12,2523.694900411031,2617.728954542741,2519.515536235232,2603.9970703125,3052200,0.0,0.0,0.035125050926616996
2020-11-13,2629.072987400396,2650.2678202837687,2577.428811622566,2593.25048828125,3432300,0.0,0.0,-0.004126956268026949
2020-11-16,2558.323249841842,2629.968239628375,2551.755646682638,2616.833251953125,3007500,0.0,0.0,0.0090939011786344
2020-11-17,2656.8348843881613,2664.297830640562,2601.9069178038994,2638.028076171875,3020100,0.0,0.0,0.008099417187904745
2020-11-18,2623.1021803438402,2651.1630617079595,2599.8175587361447,2641.013427734375,2316600,0.0,0.0,0.0011316602690718547
2020-11-19,2669.372972630655,2732.9579007951224,2658.9246721169443,2731.763671875,3103800,0.0,0.0,0.03436190183193277
2020-11-20,2707.2855867924377,2730.8686610451896,2689.672783773455,2714.74853515625,1806000,0.0,0.0,-0.00622862691012771
2020-11-24,2725.196766676342,2815.051467239201,2725.196766676342,2799.826904296875,3006600,0.0,0.0,0.03133931855523708
2020-11-25,2797.4384431705753,2855.0528837316174,2793.2590791590073,2816.543701171875,3253200,0.0,0.0,0.005970653703393225
2020-11-26,2835.947719880056,2871.770216473728,2822.812731581321,2855.052978515625,2373900,0.0,0.0,0.013672529678033118
2020-11-27,2859.5311112213135,2913.5633100941964,2846.396121449787,2865.800048828125,2943300,0.0,0.0,0.0037642279822378555
2020-11-30,2865.799703603554,2873.859765269939,2834.7534672667935,2844.9033203125,3612900,0.0,0.0,-0.007291760820567372
2020-12-01,2909.085436794216,2924.011551284695,2861.322176525146,2876.248291015625,1872000,0.0,0.0,0.011017938809843919
2020-12-02,2902.219210903273,2904.607231475685,2819.230357897742,2827.5888671875,3323700,0.0,0.0,-0.0169176715306949
2020-12-03,2806.095269860755,2825.4991935160833,2792.3633868092384,2800.125,2904900,0.0,0.0,-0.009712821940347172
2020-12-04,2783.1094460716004,2838.037199498287,2776.2433949020797,2815.051025390625,2400600,0.0,0.0,0.005330485385697026
2020-12-07,2815.0509752481607,2821.3199118346624,2789.9752289021526,2801.319091796875,2295000,0.0,0.0,-0.004878040742385625
2020-12-08,2813.558493681781,2825.4992522948437,2768.183261123094,2789.6767578125,2490900,0.0,0.0,-0.004156018505163228
2020-12-09,2785.7962433476127,2827.8876771277014,2776.243504644125,2806.692626953125,2456100,0.0,0.0,0.0060995845102742585
2020-12-10,2785.1991863958965,2820.4245694628253,2781.6169366384743,2797.737060546875,2206800,0.0,0.0,-0.003190789871412414
2020-12-11,2821.021821603739,2856.247206389264,2813.2602072029217,2852.963623046875,2805000,0.0,0.0,0.01973972582298522
2020-12-14,2846.6941459824793,2876.8445981003383,2842.8132301962314,2850.873291015625,1498200,0.0,0.0,-0.0007326879369802253
2020-12-15,2850.873294529702,2853.5599814728116,2801.9160337729113,2836.245849609375,2071500,0.0,0.0,-0.00513086339275326
2020-12-16,2846.694355485141,2873.8596747723946,2840.4254188309164,2871.471435546875,1356900,0.0,0.0,0.012419792854823086
2020-12-17,2856.5452717891085,2877.7401003318,2842.5147229598256,2869.381591796875,1737000,0.0,0.0,-0.00072779541670831
2020-12-18,2855.053225344803,2869.9793397636363,2789.677163409367,2793.557861328125,3424200,0.0,0.0,-0.026425112186374444
2020-12-21,2793.5581331950216,2808.185801087715,2724.002918622075,2745.19775390625,2424600,0.0,0.0,-0.01731129614007121
2020-12-22,2690.269547751563,2713.2557230712437,2640.71516602468,2649.96923828125,2844900,0.0,0.0,-0.0346891277648379
2020-12-23,2647.8795741984372,2680.71671650227,2634.744586091005,2678.030029296875,2039400,0.0,0.0,0.010589100662098616
2020-12-24,2677.731616494286,2688.7768133802633,2637.7297558082987,2657.43212890625,1305900,0.0,0.0,-0.007691437424259595
2020-12-25,2683.702194427128,2683.702194427128,2638.3269577557467,2638.924072265625,868800,0.0,0.0,-0.006964639449980048
2020-12-28,2655.9396179676137,2678.6271257796666,2635.043016303958,2651.76025390625,1842300,0.0,0.0,0.004864172400991018
2020-12-29,2617.728667626212,2661.9096693042557,2585.4884240290367,2655.34228515625,3158700,0.0,0.0,0.0013508126327497205
2020-12-30,2667.283611366819,2676.239236495799,2623.4010482348167,2664.596923828125,2172000,0.0,0.0,0.0034852902857795964
2021-01-04,2675.6427308771717,2679.2249814513048,2597.4301142464547,2607.87841796875,1629300,0.0,0.0,-0.021285960871669007
2021-01-05,2626.3859901390483,2644.2972375856816,2599.5191189690986,2616.833251953125,2271600,0.0,0.0,0.003433762066005208
2021-01-06,2612.9529257631993,2635.341988252193,2573.249509187259,2576.23486328125,2414100,0.0,0.0,-0.015514320081943977
2021-01-07,2592.653054011135,2618.027248210215,2564.2935061581707,2579.51806640625,3162900,0.0,0.0,0.0012744191811837613
2021-01-08,2624.29651711138,2701.6135570616543,2592.6533823324257,2694.150390625,3911700,0.0,0.0,0.044439434525246124
2021-01-12,2682.8067754084104,2690.5681712358833,2644.2975882907926,2684.597900390625,3256800,0.0,0.0,-0.0035456410553825757
2021-01-13,2720.4200306330686,2803.408664444657,2719.82291617235,2801.319091796875,3187200,0.0,0.0,0.043478090849011775
2021-01-14,2797.438398841653,2824.3052699692225,2752.6602802957036,2786.691650390625,2938200,0.0,0.0,-0.005221626286374792
2021-01-15,2757.4369061787925,2781.6170934041343,2744.899031321208,2751.16796875,1805100,0.0,0.0,-0.012747618358007196
2021-01-18,2734.4506690464605,2772.0642927891317,2723.405471463403,2766.69091796875,1282500,0.0,0.0,0.005642312426966445
2021-01-19,2760.7206893258267,2806.692823941791,2751.167949951877,2791.46826171875,1329000,0.0,0.0,0.008955587915180363
2021-01-20,2805.200365600082,2813.559095195086,2770.273426012736,2789.37890625,1579800,0.0,0.0,-0.0007484790342783265
2021-01-21,2786.9908371291517,2804.9020892957915,2735.9437684542286,2777.1396484375,1970700,0.0,0.0,-0.004387807545642608
2021-01-22,2746.6902294492834,2782.811177953217,2746.6902294492834,2768.482177734375,1910100,0.0,0.0,-0.0031174056039983133
2021-01-25,2762.213201073708,2850.8738886738993,2758.0340551644445,2849.082763671875,2029800,0.0,0.0,0.029113637279565507
2021-01-26,2807.8868417531767,2834.753716335048,2713.2558848213753,2716.838134765625,3594000,0.0,0.0,-0.046416562759241886
2021-01-27,2724.300895659225,2778.3330890628845,2693.2546587250717,2775.945068359375,3286200,0.0,0.0,0.021755780308512662
2021-01-28,2692.956045439912,2745.7942252473463,2686.6871088525895,2718.62890625,11459700,0.0,0.0,-0.02064744103284788
2021-01-29,2697.135564514782,2737.1372068964347,2667.5820046175227,2669.074462890625,2835900,0.0,0.0,-0.01822773356284546
2021-02-01,2671.7611260214017,2740.122535978894,2669.0744387822815,2728.480224609375,2309400,0.0,0.0,0.022257064216339995
2021-02-02,2718.9278746692426,2774.751200181144,2699.5239467317974,2711.166259765625,1964400,0.0,0.0,-0.006345644248247684
2021-02-03,2732.3614250007377,2738.0332484460114,2685.1950563532405,2704.300537109375,2122800,0.0,0.0,-0.002532387171579664
2021-02-04,2704.001123988746,2718.330121278407,2658.3274451279513,2660.417236328125,1720800,0.0,0.0,-0.016227227772604325
2021-02-05,2644.297251353062,2678.627069590126,2644.297251353062,2654.1484375,2312700,0.0,0.0,-0.0023563216861340885
2021-02-08,2683.702013625887,2799.5280089327084,2675.343285623418,2758.03369140625,3622500,0.0,0.0,0.03914070985573881
2021-02-09,2578.9213054956354,2603.9970530983237,2483.3945750805287,2581.309326171875,5988000,0.0,0.0,-0.06407621697480703
2021-02-10,2616.2360203023923,2652.357180130579,2576.532829788485,2644.297119140625,3662400,0.0,0.0,0.024401489713037128
2021-02-12,2681.9107976391483,2681.9107976391483,2583.100272325073,2627.281494140625,3606600,0.0,0.0,-0.006434838534910892
2021-02-15,2645.790250702167,2708.778296529299,2640.4168753411723,2703.703369140625,3315600,0.0,0.0,0.02908781383739667
2021-02-16,2709.971791362147,2807.886539759655,2709.971791362147,2776.243408203125,2504100,0.0,0.0,0.026829880781469306
2021-02-17,2714.151485613352,2734.4507564884675,2646.3871836638523,2694.74755859375,2901300,0.0,0.0,-0.029354720615841767
2021-02-18,2701.613023798193,2704.299710710707,2610.8625645467273,2649.67041015625,2830800,0.0,0.0,-0.01672778152957055
2021-02-19,2648.4762367786834,2650.267361424531,2615.0419829372463,2647.2822265625,1540200,0.0,0.0,-0.0009013134556645763
2021-02-22,2668.179255941641,2685.1949442100336,2594.7431276254197,2610.266357421875,1665900,0.0,0.0,-0.01398259270175739
2021-02-24,2565.48792201757,2608.7733667214316,2512.948186412749,2515.33642578125,3202800,0.0,0.0,-0.03636790987659433
2021-02-25,2560.114234029242,2579.51793860234,2540.411862919659,2548.471923828125,1765800,0.0,0.0,0.013173386155127753
2021-02-26,2511.157012743709,2519.2170744821874,2431.7504056983844,2432.049072265625,3459600,0.0,0.0,-0.04568339579257297
2021-03-01,2476.827390036491,2506.679400042683,2462.498390250609,2483.394775390625,2049000,0.0,0.0,0.021112116408559034
2021-03-02,2483.3946518334096,2496.828088464315,2432.944707145067,2455.9306640625,2087700,0.0,0.0,-0.011059100067489336
2021-03-03,2446.3781326124276,2490.5591400047365,2438.019404095891,2481.603515625,2260200,0.0,0.0,0.010453410569837951
2021-03-04,2449.6612719040163,2471.453433041356,2412.644770722991,2430.257568359375,2306400,0.0,0.0,-0.020690632867955694
2021-03-05,2414.137589623505,2423.3916608031727,2361.8963080347803,2406.3759765625,2893500,0.0,0.0,-0.009826773963303448
2021-03-08,2442.7958110159516,2444.8853837620427,2375.628630143368,2388.16650390625,2152500,0.0,0.0,-0.00756717688075581
2021-03-09,2397.7191652690435,2397.7191652690435,2342.1942924732366,2378.912353515625,2610000,0.0,0.0,-0.00387500217237291
2021-03-10,2378.9121687868956,2393.5398336657977,2340.4029858059484,2363.38916015625,2638500,0.0,0.0,-0.006525332190752797
2021-03-11,2376.5243059691848,2401.600054691632,2355.6277029383605,2376.82275390625,1975500,0.0,0.0,0.005684037980910439
2021-03-12,2352.344271460779,2403.0926680537978,2342.7915317834522,2396.82373046875,3594600,0.0,0.0,0.00841500550667007
2021-03-15,2392.346131889973,2411.750060936519,2369.061504491403,2401.3017578125,1643400,0.0,0.0,0.001868317343000525
2021-03-16,2393.838500160713,2440.407748947977,2390.2562502540004,2426.377197265625,1908600,0.0,0.0,0.010442435804473016
2021-03-17,2447.870590913601,2491.15625451111,2435.929831288344,2481.603515625,2143500,0.0,0.0,0.022760813290535253
2021-03-18,2465.4832071620563,2505.7835138537716,2459.8113850272375,2471.155029296875,2197500,0.0,0.0,-0.004210376985017139
2021-03-19,2444.885682083323,2460.707359500458,2431.1537963104397,2455.333984375,3455100,0.0,0.0,-0.006402287486745206
2021-03-22,2413.8394020513088,2425.1832666770456,2369.6583912952224,2372.046630859375,2896500,0.0,0.0,-0.033920987550223436
2021-03-23,2390.55447992067,2418.0184662455003,2362.4935977613445,2363.38916015625,1960500,0.0,0.0,-0.003649789422558003
2021-03-24,2343.3882460569134,2366.971315300817,2314.133136109463,2318.3125,2077500,0.0,0.0,-0.019072889440378882
2021-03-25,2306.968578138214,2347.268883268734,2296.520278001104,2335.328125,1639500,0.0,0.0,0.007339659774081353
2021-03-26,2376.8225586668736,2417.719980271534,2361.000883724863,2392.047119140625,2336700,0.0,0.0,0.024287376807327732
2021-03-29,2392.0475954713165,2434.736150338207,2389.3609077938872,2414.735107421875,2573100,0.0,0.0,0.009484758096822477
2021-03-30,2438.5862239339644,2438.5862239339644,2373.07023641003,2374.27783203125,2193900,30.333332,0.0,-0.01675433270766491
2021-03-31,2355.8608880037596,2409.3002545520953,2351.0302845119345,2383.033447265625,2223300,0.0,0.0,0.0036876961559650923
2021-04-01,2418.3576833647176,2427.717046381565,2392.0908770659994,2411.715576171875,1754700,0.0,0.0,0.012035974123301152
2021-04-02,2435.2659130495317,2443.115618322055,2411.7163549701295,2433.15234375,1308900,0.0,0.0,0.008888596893399603
2021-04-05,2447.0400337597807,2453.0782329401954,2421.9808216554043,2440.397705078125,1371000,0.0,0.0,0.0029777672354696083
2021-04-06,2484.1753851017224,2484.4772286631323,2431.9436233906345,2447.9453125,2076300,0.0,0.0,0.0030927776264375595
2021-04-07,2451.870642643471,2460.928162564577,2424.9999265005695,2447.0400390625,1903200,0.0,0.0,-0.0003698095022292014
2021-04-08,2464.5512195630304,2490.2141194730857,2437.0768156327154,2482.666259765625,1676100,0.0,0.0,0.014558903873421736
2021-04-09,2527.9535485126203,2570.523887738738,2508.027006747204,2552.710693359375,3560700,0.0,0.0,0.02821339087290875
2021-04-12,2552.1074905597775,2563.8822674741427,2506.517822265625,2506.517822265625,1530600,0.0,0.0,-0.01809561546238525
2021-04-13,2543.6533010022154,2581.091195421515,2525.5382621318595,2564.485595703125,1928400,0.0,0.0,0.023126814787657546
2021-04-14,2564.4853950996408,2577.4679860284136,2535.803399885752,2552.10693359375,1585800,0.0,0.0,-0.004826957160576684
2021-04-15,2532.78409908552,2562.673911113984,2531.87834720587,2553.91845703125,1059600,0.0,0.0,0.00070981486459476
2021-04-16,2565.9957143459187,2569.3168791090206,2541.238563844381,2544.861572265625,1482300,0.0,0.0,-0.003546270140571739
2021-04-19,2542.748079697728,2549.9940967580214,2501.3855463991463,2514.367919921875,1200600,0.0,0.0,-0.011982440489524238
2021-04-20,2505.0081006883634,2505.9138526566576,2446.4360663617426,2457.60693359375,1848600,0.0,0.0,-0.022574654201716338
2021-04-21,2415.3387518941763,2419.2636035359387,2352.2379552163356,2381.825927734375,2889000,0.0,0.0,-0.030835283227558574
2021-04-22,2400.8466541680527,2422.5847016772277,2372.4662780549493,2415.03662109375,2067600,0.0,0.0,0.013943375530790947
2021-04-23,2398.1295541479703,2410.508017919377,2375.787596822877,2406.885009765625,1256700,0.0,0.0,-0.003375357233478815
2021-04-26,2403.8661635561343,2465.457308666088,2371.5609304009104,2445.53076171875,1917600,0.0,0.0,0.016056334970854458
2021-04-27,2432.5482211139292,2459.418718489041,2423.792544043242,2444.322998046875,1566900,0.0,0.0,-0.000493865663348303
2021-04-28,2447.6436479889294,2485.081543218884,2444.3227048780186,2462.437744140625,1796700,0.0,0.0,0.007410946142643482
2021-04-30,2420.1693768984132,2453.0782929688053,2394.204412168507,2423.1884765625,1776900,0.0,0.0,-0.015939191831963573
2021-05-06,2417.1501670143325,2490.8179202795905,2417.1501670143325,2472.702880859375,2827200,0.0,0.0,0.020433575339180887
2021-05-07,2473.3068198899346,2490.8179511696912,2425.301964831028,2430.132568359375,1864800,0.0,0.0,-0.017216105028035167
2021-05-10,2428.6232862537067,2479.647469954001,2425.906029883782,2442.8134765625,2471400,0.0,0.0,0.005218196063964564
2021-05-11,2428.925199187218,2455.795696411438,2314.8004387856918,2336.84033203125,3574200,0.0,0.0,-0.043381594848729166
2021-05-12,2348.9166869709616,2390.2794337163778,2324.763448677583,2380.316162109375,3355500,0.0,0.0,0.018604535997688076
2021-05-13,2380.3163162728356,2396.318009054973,2275.5509252430807,2280.68359375,2395800,0.0,0.0,-0.041856863363513463
2021-05-14,2303.327304194162,2375.787463193585,2297.8927922692055,2371.560546875,2944800,0.0,0.0,0.03984636596415214
2021-05-17,2389.3740434627002,2389.3740434627002,2303.6294374876334,2313.894775390625,1449900,0.0,0.0,-0.02431553837424094
2021-05-18,2304.5352572963184,2382.128096638569,2304.5352572963184,2366.428466796875,1907100,0.0,0.0,0.022703578384363432
2021-05-19,2343.482184785203,2381.221923828125,2312.6866178737705,2381.221923828125,1925400,0.0,0.0,0.006251385680495103
2021-05-20,2348.0110818434764,2357.672510443532,2314.196413439579,2348.614990234375,1650900,0.0,0.0,-0.01369336191115278
2021-05-21,2358.5786125252166,2402.9604681372502,2352.842255918314,2396.318359375,1765500,0.0,0.0,0.020311276790353938
2021-05-24,2364.3144001264914,2423.188276055258,2364.3144001264914,2365.522216796875,1385700,0.0,0.0,-0.012851440401331793
2021-05-25,2385.1469001469754,2406.8849485163073,2377.5990403956894,2384.543212890625,1463400,0.0,0.0,0.008040928957964377
2021-05-26,2349.822438935235,2396.015789113156,2349.822438935235,2380.316162109375,1961700,0.0,0.0,-0.0017726878499827459
2021-05-27,2367.031716739371,2370.0510373620414,2328.9901343928586,2356.7666015625,3714000,0.0,0.0,-0.009893459079824973
2021-05-28,2376.089695440519,2399.03556363055,2367.3342388833025,2385.147216796875,2529600,0.0,0.0,0.012042183224914682
2021-05-31,2385.4490251401935,2397.8274889091635,2360.9937201071825,2367.333984375,1849200,0.0,0.0,-0.0074683995589157615
2021-06-01,2393.6005486349036,2414.1307786481025,2346.8032910682496,2353.1435546875,2153100,0.0,0.0,-0.0059942660313924145
2021-06-02,2338.95359192106,2363.408896802451,2312.68678297438,2359.785888671875,2087100,0.0,0.0,0.0028227491566095164
2021-06-03,2346.803375392341,2402.054246059625,2344.6900278202706,2398.12939453125,1450200,0.0,0.0,0.01624872241309805
2021-06-04,2371.560330973272,2382.1275102422937,2345.89743404089,2351.6337890625,1844100,0.0,0.0,-0.019388280538481184
2021-06-07,2390.2795243839955,2396.317944751814,2366.1260640435817,2374.27783203125,1551000,0.0,0.0,0.00962906855398482
2021-06-08,2393.600629245035,2404.4696529583616,2374.579837746714,2391.487060546875,1375200,0.0,0.0,0.00724819491782136
2021-06-09,2391.185486829078,2419.867709686942,2368.541684870469,2416.848388671875,1696500,0.0,0.0,0.010604836021651076
2021-06-10,2417.1505968444326,2434.6617310209426,2391.4874723483445,2421.981201171875,1935600,0.0,0.0,0.0021237627167920436
2021-06-11,2429.830494699918,2508.0270013867967,2425.3017352174575,2498.969482421875,4193700,0.0,0.0,0.031787315777987546
2021-06-14,2483.8737192727053,2483.8737192727053,2399.9408516878907,2402.05419921875,2599200,0.0,0.0,-0.038782099535365155
2021-06-15,2415.036591083938,2469.3817091815704,2415.036591083938,2457.60693359375,2131500,0.0,0.0,0.023127177726908865
2021-06-16,2437.9824907462294,2450.663018488088,2412.923278879414,2421.678955078125,2225100,0.0,0.0,-0.014619090638342103
2021-06-17,2415.338290290065,2442.510845226587,2374.5794578852806,2378.80615234375,1603500,0.0,0.0,-0.01770375162424942
2021-06-18,2415.338983442959,2415.338983442959,2352.842089153626,2357.370849609375,2291400,0.0,0.0,-0.009010949762869758
2021-06-21,2325.0657308459,2336.538664934349,2258.643981314268,2284.306884765625,2430900,0.0,0.0,-0.030993835719932195
2021-06-22,2312.0834104340333,2327.179132279064,2292.4587066784165,2320.8388671875,2003700,0.0,0.0,0.01599258955331795
2021-06-23,2344.0862513679476,2367.0318957287514,2315.706094832411,2327.78271484375,1686000,0.0,0.0,0.0029919559493869485
2021-06-24,2328.084506949191,2343.7843558604013,2315.1021351960676,2337.444091796875,1310700,0.0,0.0,0.004150463396568993
2021-06-25,2361.8996046506336,2369.4474650159514,2330.500125185796,2342.27490234375,1319100,0.0,0.0,0.002066706349823866
2021-06-28,2339.2560939988452,2363.7114034520428,2323.858306565351,2338.350341796875,1281300,0.0,0.0,-0.0016755337056927333
2021-06-29,2330.1979726922787,2347.105195360204,2321.1404530020145,2344.387939453125,1599000,0.0,0.0,0.002581990195536843
2021-06-30,2354.6538294930815,2359.182590403037,2322.9525031233943,2327.17919921875,1581600,0.0,0.0,-0.007340397868788373
2021-07-01,2341.9729682581324,2342.878720312231,2291.5526968696813,2296.38330078125,1421400,0.0,0.0,-0.013233144421296972
2021-07-02,2297.5911609288564,2318.4234585659237,2290.3451443594417,2306.648681640625,1097400,0.0,0.0,0.004470238420512196
2021-07-05,2306.6485264393323,2331.405674342105,2295.1755939327486,2323.25390625,1030200,0.0,0.0,0.007198852925259791
2021-07-06,2319.631005679079,2319.631005679079,2287.325775440393,2302.119873046875,1682700,0.0,0.0,-0.009096738477989974
2021-07-07,2272.531691477863,2301.5157545018933,2256.8320643834645,2276.45654296875,2520300,0.0,0.0,-0.011147694947856612
2021-07-08,2263.1724736118913,2277.0605976598035,2221.507880337289,2227.84814453125,2187000,0.0,0.0,-0.021352658186090112
2021-07-09,2189.2028231405216,2208.5254608743026,2148.745822344193,2183.768310546875,3466800,0.0,0.0,-0.01978583418828561
2021-07-12,2220.3002316549196,2262.870580180415,2219.0926359034975,2237.509521484375,2405100,0.0,0.0,0.024609392250060536
2021-07-13,2220.299878633284,2250.491757796351,2209.430855205984,2233.282470703125,1232700,0.0,0.0,-0.0018891766674787869
2021-07-14,2233.282796069628,2244.7555083826705,2219.394450024122,2226.338623046875,1470600,0.0,0.0,-0.0031092563288976915
2021-07-15,2226.338342271417,2236.301613941468,2207.921459258273,2208.525146484375,1018200,0.0,0.0,-0.00800124310744843
2021-07-16,2173.8044070158626,2200.0712102673047,2160.519973040493,2178.635009765625,2346000,0.0,0.0,-0.01353398070487466
2021-07-19,2170.4836797472667,2202.4870651517763,2165.6530760260175,2196.75048828125,1920900,0.0,0.0,0.008315058940310482
2021-07-20,2171.9934360711077,2190.410320881853,2150.557230311741,2166.257080078125,1910700,0.0,0.0,-0.01388114324580536
2021-07-21,2203.6945434467307,2212.752063148526,2173.8047284308072,2185.88134765625,1374600,0.0,0.0,0.009059066792486803
2021-07-26,2235.3960824392457,2235.3960824392457,2182.25855458129,2183.164306640625,1552500,0.0,0.0,-0.001242995654150314
2021-07-27,2190.7121722511088,2200.0715355660127,2175.918075984275,2185.88134765625,1109100,0.0,0.0,0.0012445426152123407
2021-07-28,2143.9150743566734,2167.4646273491844,2143.613230720905,2161.728271484375,1727400,0.0,0.0,-0.011049582447726358
2021-07-29,2165.049208564346,2171.6915375788503,2136.6690518278615,2146.63232421875,1460100,0.0,0.0,-0.006983276975537356
2021-07-30,2137.876823025623,2146.0285920147303,2121.875349837966,2131.838623046875,1932900,0.0,0.0,-0.006891585953015533
2021-08-02,2141.801666001283,2215.167579016044,2141.801666001283,2201.581298828125,2001600,0.0,0.0,0.03271480074864774
2021-08-03,2172.5972778480204,2185.881493543349,2143.915056501116,2168.370361328125,1500900,0.0,0.0,-0.015085037975966498
2021-08-04,2142.4051741855174,2179.239159993218,2129.120959866027,2170.181640625,1719600,0.0,0.0,0.0008353182321518826
2021-08-05,2151.462971419649,2203.392903258186,2151.462971419649,2196.44873046875,1666500,0.0,0.0,0.012103636558359776
2021-08-06,2342.879074044376,2359.484457166339,2277.362851485564,2344.086669921875,4513500,0.0,0.0,0.06721665632578522
2021-08-10,2307.251938183863,2322.9517852404438,2249.585881172101,2252.60498046875,3143100,0.0,0.0,-0.03902658149417915
2021-08-11,2270.418469869665,2276.154825617758,2234.792076339141,2257.134033203125,1848900,0.0,0.0,0.0020105845337483608
2021-08-12,2266.7956101665277,2280.0798265717376,2247.472751726603,2248.07666015625,1075800,0.0,0.0,-0.004012775897947685
2021-08-13,2261.0587559733794,2267.399019750033,2231.1689410262993,2236.905517578125,1522200,0.0,0.0,-0.004969200017115316
2021-08-16,2213.959448524364,2219.0921162450036,2171.389109967827,2181.050537109375,1318800,0.0,0.0,-0.02496975398818968
2021-08-17,2191.3159829310107,2212.450344179762,2180.7490234375,2180.7490234375,816000,0.0,0.0,-0.0001382424050909714
2021-08-18,2171.389109967827,2207.6191853350924,2171.389109967827,2181.050537109375,1213200,0.0,0.0,0.0001382615186957814
2021-08-19,2167.7667065828477,2185.8817493151028,2163.2379458997843,2169.2763671875,1068300,0.0,0.0,-0.005398393903095822
2021-08-20,2168.9739298867585,2192.8253225793123,2163.2373538376746,2167.76611328125,1239900,0.0,0.0,-0.0006962017053677716
2021-08-23,2190.7123032694794,2245.9631767547785,2190.7123032694794,2235.39599609375,1248000,0.0,0.0,0.03119796107068562
2021-08-24,2237.8115922516654,2283.0991971870685,2236.301931710191,2261.05908203125,1532100,0.0,0.0,0.01148033099385759
2021-08-25,2248.6800987331444,2276.1544990128077,2242.6416790910116,2264.077880859375,1396200,0.0,0.0,0.001335126026611011
2021-08-26,2261.662624893445,2311.7808258771033,2256.5299567867946,2301.2138671875,1790400,0.0,0.0,0.016402256584048924
2021-08-27,2279.7778238388055,2309.667640361126,2274.343311743838,2287.32568359375,1296600,0.0,0.0,-0.006035155528905212
2021-08-30,2311.7812056104967,2312.686957711576,2268.00326110197,2284.608642578125,1319700,0.0,0.0,-0.0011878680133369235
2021-08-31,2285.81605705159,2318.42312695,2266.49320154308,2306.9501953125,2013600,0.0,0.0,0.009779159685381789
2021-09-01,2291.8545237949656,2371.8627687440526,2291.250836517218,2363.408935546875,2307300,0.0,0.0,0.024473324282896725
2021-09-02,2363.4086795995104,2395.7139061718453,2362.8049923871395,2376.693115234375,1602900,0.0,0.0,0.005620770695963451
2021-09-03,2386.05302127238,2415.339155054274,2367.9379781623006,2413.2255859375,1800900,0.0,0.0,0.015371134989601964
2021-09-06,2430.4344091689336,2524.6326152134448,2420.1692937589833,2520.707763671875,3150900,0.0,0.0,0.04453880248937425
2021-09-07,2549.390236142722,2569.920468997529,2530.671286298985,2535.803955078125,2788200,0.0,0.0,0.005988870119660206
2021-09-08,2550.5977371162644,2552.4092411909205,2518.59457217429,2543.653564453125,1951500,0.0,0.0,0.0030955111333748064
2021-09-09,2543.6536444941007,2545.163304980775,2520.406155558395,2528.255859375,2092800,0.0,0.0,-0.006053381361874055
2021-09-10,2553.0129996670453,2585.9219147137715,2535.803711968425,2566.901123046875,3180900,0.0,0.0,0.015285345242482151
2021-09-13,2559.6555413326146,2577.468740419018,2530.6714729240357,2576.56298828125,1580700,0.0,0.0,0.003764019247810557
2021-09-14,2588.941138995228,2636.0402444392,2585.9220392796205,2632.417236328125,2664000,0.0,0.0,0.02167781199253116
2021-09-15,2616.7176754940265,2659.589865533609,2616.4158318539658,2638.757568359375,2717400,0.0,0.0,0.002408558925899529
2021-09-16,2656.8725828695638,2677.40303619888,2648.720814491421,2665.326416015625,2971500,0.0,0.0,0.010068695955562479
2021-09-17,2690.989206337197,2708.1984944288856,2682.233529913595,2700.650634765625,3264900,0.0,0.0,0.013253243031600581
2021-09-21,2699.1409284236743,2703.3678447511784,2645.3997174293277,2681.931640625,2562900,0.0,0.0,-0.006931290519274991
2021-09-22,2662.0048496339195,2662.0048496339195,2612.7924031570224,2628.190185546875,2105400,0.0,0.0,-0.02003833888383566
2021-09-24,2716.9542354253813,2756.807324584887,2696.121938819276,2752.278564453125,3693000,0.0,0.0,0.04721438333825523
2021-09-27,2750.1647152090627,2750.4667799409567,2667.4394456144914,2674.9873046875,2160900,0.0,0.0,-0.028082644236624654
2021-09-28,2635.7383294527067,2646.607353491687,2599.5082493227724,2609.169677734375,3040500,0.0,0.0,-0.02460483712868089
2021-09-29,2588.5823295680852,2595.5458413292754,2524.397524205917,2567.08642578125,2337300,8.0,0.0,-0.0161289824545513
2021-09-30,2564.3616997660697,2567.994797910601,2531.0584479390086,2543.168701171875,3266400,0.0,0.0,-0.009317070266575134
2021-10-01,2527.4251278646348,2544.3794365525696,2455.0658555909213,2459.909912109375,2449500,0.0,0.0,-0.03273820923642812
2021-10-04,2471.1120644285033,2482.6167261586966,2413.890774768255,2426.3037109375,1907100,0.0,0.0,-0.013661557688125936
2021-10-05,2380.8897006309467,2417.2206737928973,2328.5126954869093,2372.10986328125,2146500,0.0,0.0,-0.022335970312352238
2021-10-06,2376.045889795354,2409.6520434354256,2337.292773844394,2360.605224609375,2214300,0.0,0.0,-0.004849960303255574
2021-10-07,2378.4681979010984,2448.102427426975,2378.4681979010984,2394.817138671875,2081400,0.0,0.0,0.014492857046082941
2021-10-08,2447.496651966644,2465.964822887942,2418.128967263818,2423.57861328125,2537400,0.0,0.0,0.012009883404010324
2021-10-11,2411.468672893456,2469.5982378897584,2383.0094806129146,2455.97412109375,1511400,0.0,0.0,0.013366807098796896
2021-10-12,2455.974069717133,2476.864381700673,2444.469186303388,2454.460205078125,1247700,0.0,0.0,-0.0006164218110534803
2021-10-13,2458.3962165651783,2500.7822091245635,2458.3962165651783,2481.40576171875,1253700,0.0,0.0,0.010978200658896986
2021-10-14,2498.360355317465,2555.2787403151715,2497.1491748729554,2534.388427734375,1925700,0.0,0.0,0.021351875147950894
2021-10-15,2549.223347747762,2611.5913702740695,2549.223347747762,2606.747314453125,1835100,0.0,0.0,0.028550827460743777
2021-10-18,2612.499726232214,2637.6287239410563,2607.3529860574727,2632.78466796875,2000400,0.0,0.0,0.009988445512636002
2021-10-19,2662.1522816451115,2699.694216477873,2662.1522816451115,2666.996337890625,1955700,0.0,0.0,0.012994480839281897
2021-10-20,2657.913848398428,2694.244828086055,2639.7483585546142,2660.638671875,1926000,0.0,0.0,-0.0023838300507954546
2021-10-21,2640.051173011552,2654.583564382722,2587.9766227670607,2593.42626953125,1753800,0.0,0.0,-0.025261755026804944
2021-10-22,2584.9487708491024,2642.7756443936314,2580.407399150492,2624.912841796875,1571100,0.0,0.0,0.01214091668444306
2021-10-25,2601.9036235609574,2641.8676994922107,2595.2427964079534,2606.14208984375,1717200,0.0,0.0,-0.007151000084359205
2021-10-26,2628.24318319553,2642.1699821087846,2607.0499680162384,2636.11474609375,1828500,0.0,0.0,0.011500775942649089
2021-10-27,2618.8577081852964,2633.9956883557725,2584.0405977145424,2616.435791015625,1465800,0.0,0.0,-0.007465135995041838
2021-10-28,2610.9862341987737,2650.64740211407,2599.1786669154894,2623.399169921875,5764800,0.0,0.0,0.00266139873570026
2021-10-29,2629.757396732543,2653.3725340466754,2587.6740849216458,2630.060302734375,1552500,0.0,0.0,0.0025391228635245344
2021-11-01,2694.2445947505507,2742.9887288588575,2669.7211855852565,2735.116943359375,2612400,0.0,0.0,0.039944574850917514
2021-11-02,2720.584430069413,2791.1271469215944,2708.4741790173102,2779.319580078125,2667000,0.0,0.0,0.016161150559236725
2021-11-04,2803.540301098335,2855.0090343278107,2797.787748913389,2844.71533203125,3605400,0.0,0.0,0.023529410731272238
2021-11-05,2863.18350273841,2888.0098167200617,2835.026997226216,2866.513916015625,2125200,0.0,0.0,0.007662834920220352
2021-11-08,2815.650389772284,2826.5496816036607,2766.300892340216,2804.1455078125,2592300,0.0,0.0,-0.02175758082131185
2021-11-09,2830.1830499240086,2869.238849393435,2756.6128230164845,2770.842529296875,2290800,0.0,0.0,-0.011876337523442082
2021-11-10,2826.2474480019564,2829.577639872481,2773.2646230990404,2807.779052734375,3421800,0.0,0.0,0.013330430382441527
2021-11-11,2815.650658134875,2821.100304569975,2726.9424505813017,2769.63134765625,2254200,0.0,0.0,-0.013586434103842526
2021-11-12,2772.053463646673,2822.0085555538053,2759.943212251413,2815.650634765625,2187000,0.0,0.0,0.016615672388427427
2021-11-15,2836.843806508686,2882.2575292476017,2831.3941597800163,2875.596923828125,1925700,0.0,0.0,0.02129038607358691
2021-11-16,2834.7245361256582,2855.6148483111406,2819.889460808053,2845.926513671875,1737000,0.0,0.0,-0.010318000381204784
2021-11-17,2861.6701155040605,2879.2300143362886,2838.660348210308,2848.6513671875,1297200,0.0,0.0,0.0009574574404977998
2021-11-18,2831.999308652941,2859.550222238716,2808.6868606978032,2818.072509765625,1504500,0.0,0.0,-0.010734503272004758
2021-11-19,2800.21038752615,2818.6785624633303,2772.9621515138942,2806.265625,1449000,0.0,0.0,-0.004189702260928296
2021-11-22,2800.512764190328,2831.6970009214433,2791.7329258263107,2821.403076171875,1189800,0.0,0.0,0.005394161920033946
2021-11-24,2832.302218271004,2854.7063936961094,2775.989206368631,2785.980224609375,1356300,0.0,0.0,-0.01255504818211306
2021-11-25,2808.3841966033365,2824.127544229759,2798.695863277336,2805.356689453125,962100,0.0,0.0,0.006954990086645907
2021-11-26,2778.4118133909174,2795.971713887101,2720.584927188361,2740.869873046875,1883400,0.0,0.0,-0.02298702929602192
2021-11-29,2729.0623040458677,2795.971713887101,2724.5209313531723,2740.869873046875,1988100,0.0,0.0,0.0
2021-11-30,2775.6867518669633,2784.4668122358594,2672.1434633483655,2675.473876953125,3964800,0.0,0.0,-0.02385957711339748
2021-12-01,2675.4739423210385,2723.0068996762266,2660.9415505949482,2706.657958984375,1956900,0.0,0.0,0.011655535978083664
2021-12-02,2676.3822172003233,2785.980523653023,2672.7491192682623,2765.69580078125,2846100,0.0,0.0,0.02181208068825513
2021-12-03,2798.090740323895,2809.2927173342287,2737.236355564311,2760.548583984375,2233500,0.0,0.0,-0.0018610928922193626
2021-12-06,2760.549058394227,2785.3753774086804,2719.071334858138,2778.411865234375,1333800,0.0,0.0,0.006470917176982782
2021-12-07,2803.8429765181654,2830.1829332136713,2769.934140664796,2795.97119140625,2216400,0.0,0.0,0.006319914765550383
2021-12-08,2834.118846640287,2843.2015907506034,2787.4941674562215,2822.311279296875,1342200,0.0,0.0,0.009420729359295388
2021-12-09,2822.3108931578686,2836.5405975660656,2800.5123102755165,2803.5400390625,1716300,0.0,0.0,-0.006651016977493485
2021-12-10,2724.823089027841,2757.8236503016215,2704.538368836191,2721.49267578125,3860400,0.0,0.0,-0.029265629218081957
2021-12-13,2774.4759684151873,2806.87094506151,2763.8793584555883,2794.4580078125,1680000,0.0,0.0,0.026810776556767335
2021-12-14,2785.3752342832317,2817.7702105998487,2764.1820145797315,2780.228271484375,1041900,0.0,0.0,-0.005092127449524253
2021-12-15,2805.659699941617,2851.981695635053,2792.641173760331,2798.0908203125,1419000,0.0,0.0,0.0064248497187564535
2021-12-16,2873.174510143178,2873.174510143178,2824.1276942719965,2861.366943359375,1432800,0.0,0.0,0.022614034750954914
2021-12-17,2815.9532306411265,2830.7885265125897,2752.6769307083077,2753.585205078125,2390100,0.0,0.0,-0.037667919010313744
2021-12-20,2747.5300843342457,2772.053493351444,2699.0888564874394,2705.44677734375,1556400,0.0,0.0,-0.017482091218967488
2021-12-21,2736.9336575425646,2794.4578550392976,2721.795897566958,2791.12744140625,1290600,0.0,0.0,0.031669691224391006
2021-12-22,2788.099801633524,2800.5127376156734,2775.9893281309132,2798.0908203125,1056600,0.0,0.0,0.0024948265718536256
2021-12-23,2809.2930051160247,2809.2930051160247,2776.595123388195,2779.925537109375,875400,0.0,0.0,-0.006492027732358019
2021-12-24,2790.219015696534,2813.2285603999976,2777.503173828125,2777.503173828125,985800,0.0,0.0,-0.0008713770383104169
2021-12-27,2769.3286133168594,2773.5673010496744,2757.521046254505,2757.82373046875,777000,0.0,0.0,-0.007085300043870535
2021-12-28,2773.2643625160795,2823.2194533469988,2767.5120320329256,2821.705810546875,1038300,0.0,0.0,0.02316394603917149
2021-12-29,2784.466337909151,2802.328918095403,2724.82291790175,2743.593994140625,1727700,0.0,0.0,-0.027682480616613714
2021-12-30,2742.9886281609615,2763.8789389052336,2713.318257826002,2723.006591796875,1431000,0.0,0.0,-0.007503807920456795
2022-01-04,2758.732223830546,2803.2376724443166,2738.1448172008836,2792.33837890625,1406700,0.0,0.0,0.025461483390542883
2022-01-05,2764.1816603725983,2787.4941103604674,2757.823739625605,2773.264404296875,1457400,0.0,0.0,-0.006830824929192958
2022-01-06,2743.8971707043675,2752.6772311531367,2637.326373596217,2639.748291015625,2204700,0.0,0.0,-0.048144025890348274
2022-01-07,2641.8675869212775,2660.941349621181,2588.2793964786906,2611.89453125,2151300,0.0,0.0,-0.010551672619857455
2022-01-11,2605.536660947193,2612.802856402545,2558.306390487405,2600.6923828125,1598700,0.0,0.0,-0.0042888976960868685
2022-01-12,2639.4453731749454,2668.510153609081,2621.582569617574,2656.39990234375,1496100,0.0,0.0,0.021420264810790623
2022-01-13,2633.9955340722595,2652.1610205141374,2549.8287063093394,2559.21435546875,2381400,0.0,0.0,-0.03658543534399805
2022-01-14,2488.066341258638,2497.149085534037,2425.698311732025,2435.083740234375,3335100,0.0,0.0,-0.04850340690263866
2022-01-17,2472.625705987717,2474.1395706342114,2434.1754953376235,2449.3134765625,1482300,0.0,0.0,0.005843633257045733
2022-01-18,2459.304781139882,2484.7364683745045,2435.6896429934463,2444.469482421875,1241700,0.0,0.0,-0.0019776946425915654
2022-01-19,2406.927283742392,2500.4795517520015,2405.1107348490013,2436.59765625,2909100,0.0,0.0,-0.003220259540354764
2022-01-20,2412.6792111977966,2462.0289290469036,2402.0828255894507,2439.624755859375,1757400,0.0,0.0,0.001242346926506377
2022-01-21,2394.210855897889,2521.6719314933466,2382.100606819515,2483.5244140625,2583300,0.0,0.0,0.017994430535962058
2022-01-24,2449.9188870656626,2449.9188870656626,2405.413438812543,2434.175537109375,1747500,0.0,0.0,-0.019870502046887895
2022-01-25,2413.285488839286,2428.7261562500003,2341.8344833760943,2384.220703125,2243100,0.0,0.0,-0.0205222808391613
2022-01-26,2373.321164529457,2409.046552715496,2366.9632433079846,2395.725341796875,1421100,0.0,0.0,0.0048253245418077295
2022-01-27,2390.275623227157,2398.7527773522183,2284.612883032543,2304.292236328125,2986500,0.0,0.0,-0.038165103433840275
2022-01-28,2320.338407776011,2358.485932575909,2312.1639381760333,2333.35693359375,1818000,0.0,0.0,0.012613286113370537
2022-01-31,2354.550120079727,2433.569999291862,2340.320634489517,2424.1845703125,2220000,0.0,0.0,0.03892573631195839
2022-02-01,2449.313312968413,2475.6532699273253,2437.8084302662037,2452.3408203125,2148900,0.0,0.0,0.011614730307589749
2022-02-02,2486.8555219152936,2544.0768140557843,2480.194916322443,2535.90234375,1925400,0.0,0.0,0.034074188524436666
2022-02-03,2520.7640773923813,2561.031055889358,2517.433885845118,2549.828857421875,1601100,0.0,0.0,0.005491738948937952
2022-02-04,2539.2326795239196,2600.6924361805104,2538.9297735426057,2591.91259765625,2346300,0.0,0.0,0.016504535240426277
2022-02-07,2603.4169941264713,2621.2797970819715,2566.783335604176,2582.82958984375,1959000,0.0,0.0,-0.0035043650085706535
2022-02-08,2590.7011787003003,2626.123879010696,2396.93605433677,2427.8173828125,5164500,0.0,0.0,-0.06001642835469745
2022-02-09,2412.679790058253,2485.039066821073,2336.990321246572,2463.240478515625,4913100,0.0,0.0,0.014590510783018207
2022-02-10,2441.7441203983954,2506.231598809911,2416.6153447170377,2487.763427734375,2671200,0.0,0.0,0.009955564400893513
2022-02-14,2400.8722327184196,2444.7723155384524,2383.3123326384316,2409.349609375,2589000,0.0,0.0,-0.031519805092876996
2022-02-15,2428.1204452457923,2453.8550374820065,2402.0833905023815,2422.0654296875,1631100,0.0,0.0,0.005277698289622101
2022-02-16,2455.066007901082,2491.699672665502,2440.83629995279,2463.240478515625,2135700,0.0,0.0,0.01699997379238316
2022-02-17,2440.835984227036,2448.7077695680123,2361.5134276249373,2373.018310546875,2456100,0.0,0.0,-0.03662742990612056
2022-02-18,2351.825414813645,2379.6792406554614,2314.586159520945,2376.046142578125,2421900,0.0,0.0,0.001275941284478499
2022-02-21,2316.0996289281998,2369.6878164210484,2312.4665314710574,2358.48583984375,1156800,0.0,0.0,-0.007390556277379834
2022-02-22,2313.0725897448206,2324.2745685891546,2295.815373330911,2316.10009765625,1717500,0.0,0.0,-0.017971590700882945
2022-02-24,2347.5869404978575,2485.947351238995,2347.5869404978575,2468.387451171875,5256300,0.0,0.0,0.06575162864063189
2022-02-25,2488.6718003604915,2559.2145177655866,2472.3228615260064,2554.975830078125,3403500,0.0,0.0,0.03507892525751655
2022-02-28,2564.9670243895607,2569.8110808316737,2505.6265014235905,2534.085693359375,2741700,0.0,0.0,-0.008176256101065094
2022-03-01,2591.0045030139254,2682.4373228840846,2572.8390127421444,2655.794677734375,3633000,0.0,0.0,0.04802875636524084
2022-03-02,2701.2081922867696,2733.603387988332,2640.051120400727,2684.253662109375,3368700,0.0,0.0,0.010715807443095748
2022-03-03,2723.0068331469747,2728.75916414911,2667.904775282917,2675.473876953125,1877700,0.0,0.0,-0.0032708477891580934
2022-03-04,2667.9047176629556,2667.9047176629556,2591.6096646128212,2648.2255859375,2371200,0.0,0.0,-0.010184472833147495
2022-03-07,2633.9957466159262,2670.326722431318,2615.2246685290806,2642.472900390625,2652900,0.0,0.0,-0.002172279271608346
2022-03-08,2634.904052985251,2701.8136748394236,2620.6743467026554,2623.399169921875,2698500,0.0,0.0,-0.00721813664235893
2022-03-09,2621.8856756651653,2625.5187734966894,2570.1140315659527,2577.985595703125,1899300,0.0,0.0,-0.017310966146300344
2022-03-10,2689.7030945952033,2706.052033260172,2666.3908669225666,2686.978271484375,2902200,0.0,0.0,0.0422782330370326
2022-03-11,2676.381926997377,2688.4921782088854,2636.7205382906736,2673.051513671875,2879400,0.0,0.0,-0.005183055613176335
2022-03-14,2709.0797941157657,2763.8789411832468,2667.904541015625,2667.904541015625,1885200,0.0,0.0,-0.00192550447678419
2022-03-15,2670.932228673277,2719.6761385293075,2668.2074055727535,2704.841064453125,1471800,0.0,0.0,0.013844769507172394
2022-03-16,2705.143656965356,2750.5573737680575,2666.0878605150333,2740.263671875,2272500,0.0,0.0,0.013096003268878498
2022-03-17,2771.1451974984443,2774.172704919603,2647.9225631784416,2695.15283203125,3802800,0.0,0.0,-0.01646222599188174
2022-03-18,2694.5475042479775,2705.446797224603,2619.1607278263177,2703.024658203125,4143300,0.0,0.0,0.002920734615981857
2022-03-22,2683.951496746419,2703.6308540560763,2655.4922992920965,2688.190185546875,3237600,0.0,0.0,-0.005488101120805666
2022-03-23,2733.6033579240693,2776.2922562566864,2691.822734024061,2773.8701171875,2224800,0.0,0.0,0.0318727194605819
2022-03-24,2746.3188586707133,2809.595155114089,2741.17189694336,2805.356689453125,1930800,0.0,0.0,0.0113511343124999
2022-03-25,2819.5862841043568,2853.192435262975,2803.5402516525255,2844.41259765625,2503200,0.0,0.0,0.013921904601278623
2022-03-28,2838.660348210308,2884.6796610511205,2817.164667332932,2848.6513671875,1785300,0.0,0.0,0.00149020909791453
2022-03-29,2873.17478179401,2900.7259213922166,2853.495649791511,2897.3955078125,2059500,0.0,0.0,0.017111304383002013
2022-03-30,2961.322164432979,2978.307686296443,2898.013129477715,2925.807373046875,2325300,62.666668,0.0,0.009806001685916055
2022-03-31,2887.5135616574134,2922.4106326765323,2864.0427130077333,2869.6015625,1865100,0.0,0.0,-0.01921035918654601
2022-04-01,2823.2774346925266,2868.983675126423,2788.071392672162,2852.30712890625,1943700,0.0,0.0,-0.006026771737147718
2022-04-04,2849.5277821737395,2870.5277271926934,2831.3070354104016,2854.16015625,960000,0.0,0.0,0.0006496591215479075
2022-04-05,2875.7779715911634,2885.0427202109804,2842.7336261170994,2863.425048828125,1448700,0.0,0.0,0.003246101154427805
2022-04-06,2820.4979544544735,2855.703995777482,2808.1450328957417,2843.35107421875,1843500,0.0,0.0,-0.007010476707811963
2022-04-07,2809.0716231854694,2857.866038562757,2808.7628736455963,2842.115966796875,1642200,0.0,0.0,-0.0004343844251503137
2022-04-08,2864.042364482108,2886.8954850104824,2832.233471655021,2853.233642578125,2215800,0.0,0.0,0.003911760079860382
2022-04-11,2833.160028636475,2839.3366028965784,2804.439308921717,2835.939453125,1467900,0.0,0.0,-0.006061259475932168
2022-04-12,2820.497728906057,2840.2626732476283,2754.1005263736033,2764.291748046875,1694700,0.0,0.0,-0.025264187145876638
2022-04-13,2767.689207601437,2810.3070519502144,2754.718559321374,2804.439453125,1569600,0.0,0.0,0.014523685897659622
2022-04-14,2806.6012163199543,2853.5426865605273,2798.262942235849,2848.6015625,1540200,0.0,0.0,0.015747214412416666
2022-04-15,2827.2921479268443,2847.365616435938,2788.688958486853,2830.998046875,1067700,0.0,0.0,-0.00617970440539628
2022-04-18,2785.2920759438757,2803.5128229149436,2757.497831169438,2800.7333984375,1095900,0.0,0.0,-0.010690451895898567
2022-04-19,2830.9983181441576,2835.9394418184543,2791.1599006341303,2800.7333984375,1537200,0.0,0.0,0.0
2022-04-20,2812.468934146924,2825.4395822272477,2760.2773660779003,2781.895263671875,1535700,0.0,0.0,-0.006726143508030691
2022-04-21,2780.9686608789175,2799.498157284129,2748.542042169797,2788.689208984375,1875000,0.0,0.0,0.0024422002514690178
2022-04-22,2753.4828322285352,2773.247550602874,2724.4533667740193,2751.6298828125,1361400,0.0,0.0,-0.01328915608540393
2022-04-25,2690.482937420685,2741.4390536597134,2688.3212381890785,2737.733154296875,1610100,0.0,0.0,-0.005050362551456522
2022-04-26,2768.615602035443,2776.336376580778,2723.2183343742577,2740.203857421875,1690200,0.0,0.0,0.0009024630910876574
2022-04-27,2699.4388320938674,2730.938975462259,2696.6594076790093,2729.394775390625,2037900,0.0,0.0,-0.003944626967067988
2022-04-28,2692.0268209070987,2745.4533796437186,2686.158996812699,2735.8798828125,1967100,0.0,0.0,0.0023760239743797484
2022-05-02,2717.6593076904464,2744.8360523147408,2690.482789256286,2706.8505859375,2094900,0.0,0.0,-0.010610588958005596
2022-05-06,2691.409341313845,2747.9243051073545,2681.5268678767366,2708.70361328125,2092500,0.0,0.0,0.0006845694968820037
2022-05-09,2663.306205903802,2679.3650264702615,2615.129518014295,2635.511962890625,2014800,0.0,0.0,-0.02702091510926241
2022-05-10,2635.2029739876452,2648.4825963764615,2544.099697741511,2544.408447265625,2218500,0.0,0.0,-0.034567672963653595
2022-05-11,2515.0701648906856,2623.467709268434,2505.4964418018003,2600.92333984375,2140500,0.0,0.0,0.02221140738581462
2022-05-12,2655.894127228352,2655.894127228352,2522.4817748572736,2569.1142578125,3536700,0.0,0.0,-0.012229919099868924
2022-05-13,2563.2471137011416,2664.850369606767,2545.0263665863595,2630.57080078125,2537400,0.0,0.0,0.02392129613615457
2022-05-16,2671.0267909427293,2717.0417804162657,2629.0266763095856,2700.365234375,2033100,0.0,0.0,0.02653204907962259
2022-05-17,2700.6738678320107,2783.1301197143603,2665.1590781857585,2761.512451171875,1428900,0.0,0.0,0.022644054225882337
2022-05-18,2738.350884915537,2800.7334489146488,2734.644985545488,2792.08642578125,1435200,0.0,0.0,0.011071459987950005
2022-05-19,2760.5858701309835,2786.2181861641707,2734.9533279076823,2761.203369140625,1451100,0.0,0.0,-0.01106092431647554
2022-05-20,2752.865430036111,2794.5567967887955,2748.5420316848154,2790.2333984375,1496700,0.0,0.0,0.010513542617438532
2022-05-23,2836.5570187963585,2853.542314318209,2800.11552675948,2851.380615234375,1741800,0.0,0.0,0.021914731875518623
2022-05-24,2865.5862907321257,2955.145588492482,2853.5421194487385,2941.865966796875,3048900,0.0,0.0,0.03173387343627665
2022-05-25,2941.866182850035,2954.8368298001046,2907.586615910565,2935.380859375,2192700,0.0,0.0,-0.0022044197441585256
2022-05-26,2948.6605167580624,2990.6606319798198,2934.1456696034975,2955.45458984375,2944200,0.0,0.0,0.006838543763286742
2022-05-27,2995.6019133963905,3001.7784877390714,2935.6900244139597,2955.14599609375,1801500,0.0,0.0,-0.00010441498612778766
2022-05-30,2995.601911973782,3022.469682375971,2981.7047893519602,3003.940185546875,1956900,0.0,0.0,0.016511600278843463
2022-05-31,2998.6902118285852,3034.5137537052,2971.8224423260544,2972.43994140625,2650800,0.0,0.0,-0.010486308712864822
2022-06-01,2961.3220248950133,2967.4985985716075,2909.4394393439643,2930.130859375,1901100,0.0,0.0,-0.01423378869388825
2022-06-02,2936.6164440219363,2959.778314633661,2911.9103733060488,2942.17529296875,1584300,0.0,0.0,0.004110544604249977
2022-06-03,2963.175153374672,2964.410603898694,2900.792592376197,2926.73388671875,1298100,0.0,0.0,-0.005248295805794445
2022-06-06,2919.6305121500054,2984.483740771204,2907.895316811958,2967.189697265625,1182900,0.0,0.0,0.013822852405700248
2022-06-07,2950.2045182145057,2991.587134754723,2921.4837993611777,2965.95458984375,1144200,0.0,0.0,-0.0004162549576837149
2022-06-08,3058.6020667815387,3087.9405108683695,3007.3372032039383,3025.86669921875,2475300,0.0,0.0,0.020199941556811263
2022-06-09,3026.4845412426944,3078.3671320857684,3011.351968120034,3065.396484375,1844100,0.0,0.0,0.013063954590747828
2022-06-10,3061.3813122971765,3064.1607365369873,2992.822181048509,3029.263671875,2096700,0.0,0.0,-0.011787321047759036
2022-06-13,2952.0576733575217,2972.749096163357,2935.381125765438,2956.9990234375,1449900,0.0,0.0,-0.023855516146856548
2022-06-14,2902.9541547383274,2908.513003264118,2831.924574368866,2875.159912109375,1918200,0.0,0.0,-0.027676407966137018
2022-06-15,2912.219020692169,2915.3074207921554,2844.2776113444957,2873.9248046875,1863900,0.0,0.0,-0.0004295786876663543
2022-06-16,2912.5281370448674,2919.3222104506394,2865.586669921875,2865.586669921875,1372800,0.0,0.0,-0.0029013058212327136
2022-06-17,2810.306901460789,2847.983619843945,2792.395130191818,2822.35107421875,3042900,0.0,0.0,-0.01508786879731816
2022-06-20,2883.190004499388,2883.190004499388,2820.807434126095,2868.984130859375,1691400,0.0,0.0,0.016522769639327528
2022-06-21,2903.5721384481494,2948.3516801621536,2897.0868145907352,2902.3369140625,1607100,0.0,0.0,0.011625293721347463
2022-06-22,2943.719108335475,2949.277956982892,2902.9542182544164,2905.733642578125,1149300,0.0,0.0,0.00117034259501958
2022-06-23,2887.513516791429,2936.616686543489,2875.160367318225,2883.8076171875,1570500,0.0,0.0,-0.007545779513077111
2022-06-24,2930.130915737797,2958.5426575783777,2906.0425719828845,2947.1162109375,1622400,0.0,0.0,0.021953126613814433
2022-06-27,2987.2633322698416,3002.086928214015,2950.8220676371216,2965.3369140625,1358100,0.0,0.0,0.006182553323611062
2022-06-28,2965.3368751103626,2984.48386882666,2943.101481486182,2968.425048828125,1907100,0.0,0.0,0.001041411095980438
2022-06-29,2970.5867489312463,3032.351806640625,2961.939726804179,3032.351806640625,2551500,0.0,0.0,0.021535580909390672
2022-06-30,3046.5577377863447,3046.5577377863447,2943.101541147798,2958.23388671875,3046800,0.0,0.0,-0.02444238816866906
2022-07-01,2973.9841978901904,3028.646212742378,2963.4842252362023,2977.38134765625,1980300,0.0,0.0,0.006472598743278546
2022-07-04,2988.1901185391293,3039.14623490947,2982.0137703785804,3021.543212890625,1109700,0.0,0.0,0.014832451768107768
2022-07-05,3056.7490646045367,3119.131850908188,3043.4696680857037,3094.42578125,1791000,0.0,0.0,0.02412097501979793
2022-07-06,3094.4259149281997,3145.382030293784,3063.543496163954,3105.23486328125,1874400,0.0,0.0,0.003493081687964583
2022-07-07,3088.2492569683554,3106.7787529625457,3064.4698879025686,3089.79345703125,1805700,0.0,0.0,-0.004972701560384762
2022-07-08,3105.234930351736,3128.396801472733,3071.572860195788,3071.8818359375,2502600,0.0,0.0,-0.005797028617880451
2022-07-11,3119.131790257683,3125.308137909533,3076.2049752696425,3100.602294921875,1329600,0.0,0.0,0.009349467368301223
2022-07-12,3088.248945291543,3097.513692353608,3065.396053331859,3078.36669921875,1453500,0.0,0.0,-0.0071713794895728045
2022-07-13,3071.26379581913,3105.2346120444054,3068.1756220496045,3087.631591796875,1182000,0.0,0.0,0.0030096780154476033
2022-07-14,3077.7492952087227,3095.970041728987,3064.160922702921,3088.249267578125,1370100,0.0,0.0,0.000200048406970188
2022-07-15,3060.763999219074,3097.5140156070493,3060.4550234913513,3088.249267578125,1475100,0.0,0.0,0.0
2022-07-19,3075.896468213684,3091.337790940789,3013.5139043956237,3023.08740234375,1610400,0.0,0.0,-0.02109993708036284
2022-07-20,3036.0580707598415,3106.7789086175253,3032.6609209273247,3097.51416015625,2049600,0.0,0.0,0.02461945286623135
2022-07-21,3102.1464293850827,3129.940673828125,3080.528759103874,3129.940673828125,2172900,0.0,0.0,0.01046856026970966
2022-07-22,3150.014552440803,3194.7940956817242,3122.2203063898546,3180.89697265625,1666800,0.0,0.0,0.016280276253863413
2022-07-25,3153.1025623883074,3199.4263033939637,3140.749640183513,3174.720458984375,1001700,0.0,0.0,-0.0019417521928467574
2022-07-26,3166.999561420259,3166.999561420259,3131.484770094985,3162.3671875,945900,0.0,0.0,-0.003891136761164482
2022-07-27,3131.485002719751,3153.1026738901332,3100.6025830206117,3119.132080078125,1615200,0.0,0.0,-0.013671754372095668
2022-07-28,3129.940757356529,3145.382080078125,3103.690712300948,3145.382080078125,1415100,0.0,0.0,0.008415802641913883
2022-07-29,3187.073347457199,3207.147043743904,3156.190929177001,3199.42626953125,1791000,0.0,0.0,0.017182074570661676
2022-08-01,3214.8676257925636,3225.676574090597,3146.926214380981,3174.720458984375,1408500,0.0,0.0,-0.007721950270319744
2022-08-02,3128.397028535488,3131.4852028457153,3046.558260507912,3050.26416015625,2441700,0.0,0.0,-0.03920228581887164
2022-08-03,3041.92579266141,3086.3965870776915,3024.014020307127,3036.366943359375,1878300,0.0,0.0,-0.00455606992286306
2022-08-04,3045.013898612087,3056.440345675717,3022.1607782946917,3036.984375,1514700,0.0,0.0,0.00020334552843670473
2022-08-05,2936.925051314788,2990.0428632814996,2934.145626976004,2973.67529296875,3475500,0.0,0.0,-0.02084603482072578
2022-08-08,3122.220024794162,3193.249833692619,3053.6608907185628,3094.42578125,3884700,0.0,0.0,0.04060648066275574
2022-08-09,3046.557793108444,3109.8670531814946,3011.660727567238,3099.05810546875,1861500,0.0,0.0,0.0014969899251804364
2022-08-10,3123.764216336917,3137.6613380712033,3023.087214598485,3032.043212890625,2232300,0.0,0.0,-0.02162427753770324
2022-08-12,3180.8966857684586,3180.8966857684586,3083.9258090855833,3094.42578125,3471300,0.0,0.0,0.020574432479773863
2022-08-15,3119.1321237766415,3142.293995423027,3099.05842628639,3137.66162109375,1926900,0.0,0.0,0.013972168958043207
2022-08-16,3173.176153664974,3321.412119967572,3151.5584839758903,3319.867919921875,2920500,0.0,0.0,0.05807072936201774
2022-08-17,3364.647475816699,3431.0446807910967,3352.2943286013674,3407.8828125,4485300,0.0,0.0,0.026511564526397358
2022-08-18,3392.441935185305,3449.5743965048437,3358.4711174511563,3434.13330078125,2340900,0.0,0.0,0.0077028729347630165
2022-08-19,3438.7659426447794,3455.751239740082,3350.7508306406753,3386.265625,1897800,0.0,0.0,-0.013938793747569567
2022-08-22,3373.912798574446,3384.721521493704,3335.309602775235,3355.38330078125,1143000,0.0,0.0,-0.00911987647712953
2022-08-23,3347.6626500211764,3349.206850291246,3272.0006820205817,3276.633056640625,1533900,0.0,0.0,-0.023469820608062686
2022-08-24,3255.014409379975,3270.4557299606304,3197.8819529927696,3208.690673828125,1852200,0.0,0.0,-0.020735426164002035
2022-08-25,3222.5882234228125,3272.0003653816593,3211.779501148808,3259.647216796875,1018500,0.0,0.0,0.01588079006318055
2022-08-26,3265.8232317844504,3290.5292985327133,3259.646658549858,3267.367431640625,1212300,0.0,0.0,0.0023684203627827305
2022-08-29,3213.3231497786473,3213.3231497786473,3168.5436127149583,3176.26416015625,1662300,0.0,0.0,-0.027882775166988116
2022-08-30,3211.779071132561,3241.117286165584,3196.3377505640487,3231.8525390625,1130700,0.0,0.0,0.017501182553882888
2022-08-31,3207.1471219820523,3259.647211720111,3200.97054769928,3238.029541015625,1659900,0.0,0.0,0.0019112883024412497
2022-09-01,3150.014543908438,3163.9116668962693,3103.690800615667,3137.66162109375,3545400,0.0,0.0,-0.03099660415401706
2022-09-02,3112.9555446945496,3122.2202933394738,3048.7200294864588,3087.322998046875,2403900,0.0,0.0,-0.01604335620783981
2022-09-05,3067.5582271361905,3100.602572169831,3057.367003790223,3087.940673828125,1312800,0.0,0.0,0.00020006840283337546
2022-09-06,3092.8818717411846,3106.7789948186887,3027.7198811522712,3035.4404296875,1515900,0.0,0.0,-0.017001701031885585
2022-09-07,3004.248645785557,3019.998715387719,2940.6306421918866,2970.27783203125,3084000,0.0,0.0,-0.02146726287854006
2022-09-08,3038.5286375212245,3117.5877461781624,3029.8813884719298,3108.322998046875,3009600,0.0,0.0,0.04647550627316965
2022-09-09,3145.38177588006,3165.4554708577402,3109.8669858642784,3151.558349609375,3021600,0.0,0.0,0.013909542730812463
2022-09-12,3194.7940956817242,3194.7940956817242,3156.1911269599536,3180.89697265625,1616400,0.0,0.0,0.009309243171877535
2022-09-13,3173.1761640229947,3199.4262077447215,3137.6613723771134,3160.8232421875,1323300,0.0,0.0,-0.006310713814785096
2022-09-14,3083.9260132064787,3120.676031309438,3063.234590849532,3097.51416015625,2398200,0.0,0.0,-0.02002930160290639
2022-09-15,3143.837307140045,3156.19045354263,3102.145946959057,3106.7783203125,1330800,0.0,0.0,0.002990837063932217
2022-09-16,3070.9554881693048,3086.3965854288263,3049.955315420561,3073.1171875,2457900,0.0,0.0,-0.010834739187028375
2022-09-20,3070.646290096123,3082.0729636214455,3032.043323552066,3066.013916015625,2771100,0.0,0.0,-0.0023114222631235304
2022-09-21,3025.8661927857806,3040.6897871166357,2990.66015625,2990.66015625,2206500,0.0,0.0,-0.02457710950756198
2022-09-22,2983.557662600539,3016.2932569534023,2962.248741792982,2994.057861328125,1669200,0.0,0.0,0.0011361053749368022
2022-09-26,2950.2045175174153,2976.145811959453,2908.822127177113,2917.160400390625,2468700,0.0,0.0,-0.025683358338101536
2022-09-27,2952.675165464587,2968.4252369465125,2929.513295638225,2955.45458984375,1918800,0.0,0.0,0.013127214207349525
2022-09-28,2917.1606110122593,2944.9548570640695,2870.527891843009,2901.1015625,3133200,0.0,0.0,-0.018390750286108593
2022-09-29,2947.5585236328975,2984.724335538922,2931.1437746024794,2957.469482421875,2508600,9.0,0.0,0.01942983336071169
2022-09-30,2948.797807080936,2972.9555870467393,2896.4557992602713,2921.542724609375,3830100,0.0,0.0,-0.012147803392743572
2022-10-03,2899.5530492130542,2952.823974609375,2849.9984784404423,2952.823974609375,2116800,0.0,0.0,0.010707099963490174
2022-10-04,2999.2809840188443,3029.0136331788826,2981.9368630614517,3026.845703125,2243100,0.0,0.0,0.02506811416871435
2022-10-05,3032.111103359769,3048.835720690166,2994.945287069998,3022.510009765625,2435100,0.0,0.0,-0.0014324130744090002
2022-10-06,3012.2892993014284,3056.888277205953,3012.2892993014284,3029.013916015625,1343700,0.0,0.0,0.002151822898513567
2022-10-07,3008.572211622934,3034.2786382318905,3000.829410431265,3007.64306640625,1796700,0.0,0.0,-0.007055381784936254
2022-10-11,2992.157632341199,3033.3498936156584,2980.6982487694063,2994.945068359375,2226900,0.0,0.0,-0.00422190990304161
2022-10-12,2985.6533736671645,3009.5015110648774,2951.584865204267,2996.183837890625,1323000,0.0,0.0,0.0004136201175564125
2022-10-13,2992.7771878655217,3000.8298565546447,2939.815902640953,2941.0546875,1285800,0.0,0.0,-0.01839978898939565
2022-10-14,2978.2206545737463,3038.3054662169557,2975.123578846083,3023.748779296875,2548200,0.0,0.0,0.02811715543690485
2022-10-17,2977.290987056808,2990.60888671875,2958.398442799529,2990.60888671875,1395600,0.0,0.0,-0.010959869683959345
2022-10-18,3037.0665238330853,3059.366012337243,3030.8721458567766,3044.809326171875,1803000,0.0,0.0,0.018123546577363703
2022-10-19,3050.6941993054897,3084.7629419490995,3043.26103558995,3052.552490234375,1596000,0.0,0.0,0.0025430702658268967
2022-10-20,3011.979381427517,3026.845706021764,2986.2729528692626,3018.4833984375,1453800,0.0,0.0,-0.011160853713692909
2022-10-21,3004.856216557009,3025.6070548276584,2994.325977662403,3003.617431640625,1163100,0.0,0.0,-0.004924978817034464
2022-10-24,3039.2343080862643,3054.4102725309463,2997.7324086381727,3000.210205078125,1388400,0.0,0.0,-0.001134374346948297
2022-10-25,3045.1190460506996,3053.791220814856,3008.263097250503,3019.412841796875,1243500,0.0,0.0,0.006400430438589844
2022-10-26,3065.8701884220095,3089.0988234821766,3050.0747165810953,3055.959228515625,1538400,0.0,0.0,0.012103805817094138
2022-10-27,3049.4547444841583,3059.98498182081,3017.554166159348,3028.39404296875,1848900,0.0,0.0,-0.009020141790394343
2022-10-28,2990.609125697122,3014.1473980331984,2975.123294852744,2997.732421875,3323700,0.0,0.0,-0.010124713184183953
2022-10-31,3042.9510759018103,3050.6938783434966,3019.722441734621,3048.21630859375,1920900,0.0,0.0,0.016840691434085286
2022-11-01,3057.8170386024685,3077.0194495141177,3050.6935160231897,3070.20556640625,1429800,0.0,0.0,0.007213811483950838
2022-11-02,3039.5439956273167,3056.578477802847,3010.7404905707194,3017.864013671875,1702200,0.0,0.0,-0.017048224166840376
2022-11-04,2975.123255381009,2980.6981271899676,2936.0991527182973,2964.593017578125,2653200,0.0,0.0,-0.01765188751130453
2022-11-07,2966.1413586864846,3011.3598377053318,2960.8763533537226,3006.714111328125,1905300,0.0,0.0,0.014208052673756244
2022-11-08,3012.598746488328,3064.6308840552238,3009.811310547244,3038.30517578125,1636800,0.0,0.0,0.010506840119618444
2022-11-09,3035.8275035022557,3042.3315209641455,2924.020421795243,2935.170166015625,3354000,0.0,0.0,-0.03394491461480842
2022-11-10,2929.9049016731806,2969.2388723637873,2893.6682333494377,2916.277587890625,4039500,0.0,0.0,-0.006436621066725379
2022-11-11,2962.734797905718,2963.9735827233285,2778.454157469657,2780.622314453125,7243800,0.0,0.0,-0.046516584704003106
2022-11-14,2835.7514083646815,2836.0610478454855,2763.278076171875,2763.278076171875,3615000,0.0,0.0,-0.00623753833488927
2022-11-15,2790.8431666004412,2791.772312008605,2731.6875,2731.6875,2190000,0.0,0.0,-0.011432282709541552
2022-11-16,2749.0316514718825,2776.9060140031133,2691.734275099194,2760.181396484375,2860800,0.0,0.0,0.010430877062026722
2022-11-17,2763.897724912145,2791.4622185504386,2700.715842297083,2713.723876953125,2907600,0.0,0.0,-0.016831328401250234
2022-11-18,2698.857703086909,2769.7823918395484,2696.0702669327598,2764.20751953125,2445300,0.0,0.0,0.018603087442634836
2022-11-21,2775.3570694258997,2802.3022836921705,2737.26211132531,2742.52734375,1592100,0.0,0.0,-0.00784317951096758
2022-11-22,2744.075843779065,2775.0475065127143,2740.9787682425504,2756.464599609375,1963500,0.0,0.0,0.005081902242884517
2022-11-24,2770.711323849457,2804.1605551232938,2766.6851031064602,2792.701171875,1903200,0.0,0.0,0.013146032156828857
2022-11-25,2814.690847370394,2814.690847370394,2775.6667434645797,2793.63037109375,2109000,0.0,0.0,0.00033272418406515847
2022-11-28,2795.1787648353247,2810.6645957981145,2768.2335505285,2796.10791015625,2409300,0.0,0.0,0.0008868528521652763
2022-11-29,2777.5246344175384,2791.7716786720757,2756.7738006234376,2774.117919921875,2195700,0.0,0.0,-0.00786449984798554
2022-11-30,2770.4016128497337,2812.213150862793,2749.0312711986144,2801.373046875,4765800,0.0,0.0,0.00982479034412953
2022-12-01,2805.090071592853,2816.2398168260806,2766.3756028078747,2783.7197265625,3069600,0.0,0.0,-0.00630166708150226
2022-12-02,2724.254186130799,2734.1651455506835,2688.3271567205793,2703.81298828125,3743100,0.0,0.0,-0.02870502282207965
2022-12-05,2714.0336302464475,2744.075921645288,2691.424501819867,2729.8291015625,2505300,0.0,0.0,0.009622009138208876
2022-12-06,2771.950223985409,2777.8349624416937,2736.6427006162094,2768.233642578125,2751900,0.0,0.0,0.01406847813060641
2022-12-07,2762.9689785475534,2763.588257630611,2714.653414276998,2741.5986328125,2324400,0.0,0.0,-0.009621662476733461
2022-12-08,2747.1728154347134,2752.7476868345752,2713.4137207297085,2727.041259765625,1948500,0.0,0.0,-0.005309811900490069
2022-12-09,2746.2437961537976,2779.383159767019,2729.519181187163,2758.63232421875,3006600,0.0,0.0,0.01158437348169783
2022-12-12,2756.464470463827,2786.1971201161396,2747.1730174474797,2772.569580078125,1842600,0.0,0.0,0.0050522339410787875
2022-12-13,2791.4623907283612,2791.4623907283612,2739.7401152528923,2762.96875,2533200,0.0,0.0,-0.0034627913929050624
2022-12-14,2715.8915202981207,2762.3487820206337,2711.5554335899865,2758.0126953125,3207000,0.0,0.0,-0.0017937425776168858
2022-12-15,2753.3671926319616,2762.968512062022,2736.023298075813,2746.243896484375,1785300,0.0,0.0,-0.004267130041905598
2022-12-16,2723.015761662667,2740.3596593902853,2711.556149517387,2721.157470703125,2224200,0.0,0.0,-0.00913481348592693
2022-12-19,2714.6531353786895,2716.8210656309725,2677.796960037094,2697.61865234375,1657500,0.0,0.0,-0.008650296284872017
2022-12-20,2692.972976901819,2698.238209720323,2555.149819810912,2590.147705078125,2814900,0.0,0.0,-0.03983919193776775
2022-12-21,2587.3599662525467,2610.898237740321,2549.2650097588266,2596.341552734375,2172900,0.0,0.0,0.0023913105975024163
2022-12-22,2622.667675631478,2624.216099982053,2595.1029547173,2603.77490234375,1546500,0.0,0.0,0.0028630091451360418
2022-12-23,2574.042344004259,2597.890484389163,2572.1840532428937,2575.900634765625,1012500,0.0,0.0,-0.01070532923296652
2022-12-26,2576.210405252514,2601.606969098722,2566.2994459466677,2581.165771484375,885900,0.0,0.0,0.00204399837776692
2022-12-27,2595.4123846318876,2600.677616788188,2579.6169150050923,2583.33349609375,1052400,0.0,0.0,0.0008398238630478172
2022-12-28,2570.6357308465444,2582.0951153823285,2547.4070954076965,2563.51220703125,1296900,0.0,0.0,-0.0076727565730370095
2022-12-29,2547.096833211419,2580.546063045216,2543.070612641757,2574.97119140625,1623600,0.0,0.0,0.004470033083349589
2022-12-30,2594.793108461757,2602.845549601081,2570.6353313595705,2574.97119140625,1961700,0.0,0.0,0.0
2023-01-04,2574.971654936475,2598.8197968546365,2565.0609214667606,2570.325927734375,2109900,0.0,0.0,-0.0018040060748555353
2023-01-05,2565.0606684202926,2570.016034666296,2507.76329629947,2533.4697265625,2237100,0.0,0.0,-0.014339115819588688
2023-01-06,2526.3461242437643,2544.3095248104455,2509.311868996776,2527.894775390625,1487400,0.0,0.0,-0.00220052014572103
2023-01-10,2521.08083505015,2551.432990424027,2512.4088878756625,2535.327880859375,1917000,0.0,0.0,0.0029404330991591454
2023-01-11,2555.149754167612,2559.4858414856976,2541.2125736903345,2549.884521484375,1968900,0.0,0.0,0.005741521928937177
2023-01-12,2567.228608618191,2567.228608618191,2535.947306140783,2539.354248046875,1627200,0.0,0.0,-0.004129706011694156
2023-01-13,2535.637616111647,2539.0445579498514,2483.9151169125753,2499.09130859375,2375700,0.0,0.0,-0.015855581978801436
2023-01-16,2452.943485142412,2463.4737224696455,2434.3605799519396,2445.20068359375,2629800,0.0,0.0,-0.021564088040594398
2023-01-17,2446.7496412310343,2474.3143655538465,2435.909762068051,2462.85498046875,1618200,0.0,0.0,0.007219978709090302
2023-01-18,2480.198408459708,2578.068529838544,2469.9778103110525,2555.76904296875,3101100,0.0,0.0,0.037726160588763546
2023-01-19,2526.6558389313905,2583.6435714632694,2524.7975482367015,2572.803466796875,2480100,0.0,0.0,0.0066650873149076695
2023-01-20,2577.1392811706382,2596.651331398984,2569.7061191788875,2576.519775390625,2284200,0.0,0.0,0.0014444587943505116
2023-01-23,2600.057889502646,2614.614573140557,2580.2362009990497,2605.942626953125,1674900,0.0,0.0,0.011419610221326204
2023-01-24,2632.888136880305,2662.9304259225223,2622.9771780806977,2646.205810546875,2482800,0.0,0.0,0.015450525724284958
2023-01-25,2645.8963124223365,2678.1065332682388,2637.224137943564,2668.19580078125,1674000,0.0,0.0,0.008310007538616437
2023-01-26,2700.0962544759113,2708.4585622151694,2667.266529335827,2675.9384765625,2664900,0.0,0.0,0.0029018394298434558
2023-01-27,2688.9466091041554,2690.8048997807996,2657.046028102471,2671.912353515625,1411200,0.0,0.0,-0.0015045648777571863
2023-01-30,2659.523449844641,2676.2480650041575,2653.019432838162,2666.64697265625,1673100,0.0,0.0,-0.0019706413095650355
2023-01-31,2689.256351333091,2707.8392588094043,2665.4084379665774,2680.89404296875,1696500,0.0,0.0,0.00534269082431571
2023-02-01,2706.6004665468613,2714.6531353786895,2694.5215767201844,2697.61865234375,1993500,0.0,0.0,0.006238444752736161
2023-02-02,2714.9627177415414,2714.9627177415414,2658.9043571348193,2674.080322265625,1511400,0.0,0.0,-0.008725595835302524
2023-02-03,2694.5212554364175,2696.689185430205,2669.743972875841,2693.282470703125,1595700,0.0,0.0,0.007180842055346748
2023-02-06,2703.5033487763603,2731.3777094802904,2698.2381161404637,2703.81298828125,1743600,0.0,0.0,0.003909919472863788
2023-02-07,2694.2119792490444,2703.813072621398,2664.4793269040665,2670.05419921875,2520600,0.0,0.0,-0.012485622788564132
2023-02-08,2589.2185786313476,2675.6291004425707,2559.7955654830143,2666.337646484375,4962900,0.0,0.0,-0.0013919390608110316
2023-02-09,2666.337890175872,2717.7505311627324,2645.2771836650595,2711.55615234375,2976000,0.0,0.0,0.016959032146208752
2023-02-10,2734.7843532633974,2748.721533252014,2705.0517026210155,2713.723876953125,4354200,0.0,0.0,0.0007994393210339901
2023-02-13,2693.9018584634864,2694.5213642762087,2653.0194653503304,2685.53955078125,1986600,0.0,0.0,-0.010385848910877127
2023-02-14,2743.146629151989,2746.2439314524026,2714.0334846860915,2725.802734375,1670100,0.0,0.0,0.014992586343417269
2023-02-15,2702.8836934365568,2720.5374542393397,2685.539572121539,2708.14892578125,2055000,0.0,0.0,-0.006476553996779932
2023-02-16,2717.4402480435333,2719.6081780377735,2683.68115234375,2683.68115234375,1560900,0.0,0.0,-0.009034869982433302
2023-02-17,2641.869921595575,2682.7523178009287,2639.082485490664,2660.7626953125,1877100,0.0,0.0,-0.008539932924309768
2023-02-20,2657.3555358667645,2668.505279373898,2645.8961528762484,2655.806884765625,996600,0.0,0.0,-0.001862552626585523
2023-02-21,2645.2764363337155,2662.9301954803054,2629.790607082325,2644.966796875,1321200,0.0,0.0,-0.004081655165820375
2023-02-22,2638.463242038803,2653.01970177702,2591.076827616572,2608.111083984375,1722000,0.0,0.0,-0.013934281872335696
2023-02-24,2608.4206423521923,2645.276816925862,2593.554316721418,2643.10888671875,1271400,0.0,0.0,0.0134188313332535
2023-02-27,2613.685809579203,2623.9064081946926,2587.6697403761395,2604.084716796875,1339500,0.0,0.0,-0.014764495748913697
2023-02-28,2608.110556789461,2625.144809714016,2596.031669280283,2605.942626953125,2220000,0.0,0.0,0.0007134599516929185
2023-03-01,2581.7852049386493,2599.438966019684,2571.8742459106957,2589.837646484375,1835400,0.0,0.0,-0.006180097866383183
2023-03-02,2574.971211286678,2606.562150818056,2557.3174509603205,2596.341552734375,2049300,0.0,0.0,0.0025113181356479775
2023-03-03,2619.880121855115,2641.560103368027,2601.2972157463,2627.00341796875,2193900,0.0,0.0,0.01180964238009552
2023-03-06,2637.223943289954,2668.81488280002,2632.578216891415,2645.276611328125,1638000,0.0,0.0,0.006955907721469368
2023-03-07,2641.8699731308066,2680.5844398460363,2640.321548714849,2660.452880859375,1763400,0.0,0.0,0.005737120067617507
2023-03-08,2640.3214506629797,2651.4711948860604,2631.029997143746,2643.10888671875,1852800,0.0,0.0,-0.006519188618376304
2023-03-09,2644.038019763364,2678.726037126331,2642.7990080718155,2666.956787109375,1659000,0.0,0.0,0.009022670428167956
2023-03-10,2620.499613448038,2631.6493580179745,2600.3682814248523,2608.111083984375,3852300,0.0,0.0,-0.022064738135026518
2023-03-13,2587.360409610138,2604.7043065869448,2568.157994912086,2579.92724609375,1948800,0.0,0.0,-0.010806226032201383
2023-03-14,2553.910834769335,2564.1314332476427,2519.2225917360906,2552.981689453125,2703600,0.0,0.0,-0.01044430872282276
2023-03-15,2566.9188825357155,2566.9188825357155,2539.973668225606,2550.50390625,1523400,0.0,0.0,-0.0009705448391428284
2023-03-16,2509.31188217562,2552.3622066000967,2495.993981295337,2525.4169921875,2043300,0.0,0.0,-0.009836061807639074
2023-03-17,2484.224871607909,2548.3358967632175,2483.605365799134,2544.928955078125,3468600,0.0,0.0,0.0077262341035109205
2023-03-20,2560.4149960994764,2575.2813219956056,2534.39892578125,2534.39892578125,1843500,0.0,0.0,-0.004137651574069867
2023-03-22,2558.246596240655,2610.5885982609125,2552.6717245586474,2596.341552734375,3214500,0.0,0.0,0.024440756474054526
2023-03-23,2567.538330434453,2605.01401207652,2561.3441791147784,2599.748779296875,2368200,0.0,0.0,0.0013123183114762682
2023-03-24,2603.1554048587814,2610.2787006946755,2577.448976796523,2608.42041015625,2074500,0.0,0.0,0.0033355649316701985
2023-03-27,2626.074348511692,2650.851632986454,2617.092761527762,2640.940673828125,1563600,0.0,0.0,0.012467416504353679
2023-03-28,2644.656775912834,2683.0615939156073,2644.656775912834,2664.788330078125,2255100,0.0,0.0,0.009029985598060453
2023-03-29,2635.985175347071,2675.938422629385,2626.3840830095446,2675.00927734375,2801100,0.0,0.0,0.003835556899682624
2023-03-30,2675.161357122679,2679.4309886555934,2644.325129384964,2663.30126953125,1958200,59.66,3.0,-0.004376810170963585
2023-03-31,2675.6357581292787,2707.8951963478585,2674.6869511228497,2702.6767578125,3308900,0.0,0.0,0.014784466455866063
2023-04-03,2761.0283203125,2783.7996879027064,2751.5402504832477,2761.0283203125,2508600,0.0,0.0,0.021590285383305874
2023-04-04,2740.154400271786,2767.66980110554,2728.7687171681637,2760.079345703125,1979500,0.0,0.0,-0.00034370332328481634
2023-04-05,2749.168056416362,2765.772177550887,2717.8574279912577,2726.87109375,2264100,0.0,0.0,-0.012031629454719583
2023-04-06,2732.564232791587,2740.154688993786,2714.536899311365,2729.243408203125,1964600,0.0,0.0,0.000869976750482504
2023-04-07,2724.4991975289754,2724.4991975289754,2687.9701294095726,2695.086181640625,1374800,0.0,0.0,-0.012515273082582379
2023-04-10,2725.4482046209246,2761.9772754226324,2723.5505905533037,2750.1171875,1454900,0.0,0.0,0.020419015256081696
2023-04-11,2755.809456943393,2769.5671560742862,2733.986899701287,2742.0517578125,1600800,0.0,0.0,-0.0029327585472209705
2023-04-12,2749.168376153647,2770.042130864736,2736.833884733458,2765.298095703125,1490800,0.0,0.0,0.008477716667598667
2023-04-13,2751.5400575700014,2778.5810546875,2751.5400575700014,2778.5810546875,1647300,0.0,0.0,0.004803445605019885
2023-04-14,2798.0315154508908,2809.8916015625,2777.157763894458,2809.8916015625,2957600,0.0,0.0,0.01126853824263252
2023-04-17,2821.277567772316,2823.649585233029,2786.6461128459027,2809.41748046875,1562000,0.0,0.0,-0.00016873287691465677
2023-04-18,2818.905371691184,2873.936173292695,2801.3524435941504,2869.192138671875,2615200,0.0,0.0,0.021276531031319657
2023-04-19,2831.239858210355,2854.960031285174,2821.7517889804276,2844.99755859375,2505800,0.0,0.0,-0.008432540906557873
2023-04-20,2825.547177603731,2837.8816683051577,2811.789476436755,2836.932861328125,1485100,0.0,0.0,-0.0028346939143284455
2023-04-21,2837.8814325960752,2859.7039912552896,2825.546942919128,2830.765380859375,1268600,0.0,0.0,-0.0021739959210252957
2023-04-24,2844.5232374459597,2854.960113900898,2826.0215019122047,2853.0625,896100,0.0,0.0,0.007876710408919907
2023-04-25,2855.908997434818,2876.782750904441,2848.318541627682,2852.11376953125,1415400,0.0,0.0,-0.0003325305592674077
2023-04-26,2826.4960516947294,2864.4483316772034,2818.431192198454,2842.1513671875,1642900,0.0,0.0,-0.003492989112207634
2023-04-27,2827.444788158059,2866.3458741696295,2823.649560254491,2852.11376953125,1534200,0.0,0.0,0.003505232852396789
2023-04-28,2872.987387812703,2923.2741551687377,2859.70409077526,2920.427734375,2309800,0.0,0.0,0.023952047626409234
2023-05-01,2941.301347928661,2967.867940748662,2908.09310690366,2925.171630859375,1690300,0.0,0.0,0.0016243841367951095
2023-05-02,2941.301347928661,2941.301347928661,2910.939527562946,2925.171630859375,1216300,0.0,0.0,0.0
2023-05-08,2916.6326994442315,2946.994523251068,2900.50298054685,2942.25048828125,2087500,0.0,0.0,0.0058385830225140545
2023-05-09,2950.7897148949673,2973.5610824697196,2936.557610160747,2966.91943359375,1812200,0.0,0.0,0.008384379715715706
2023-05-10,2961.226444568332,2968.816900049443,2935.6086573195835,2938.455078125,1846900,0.0,0.0,-0.009593909139039791
2023-05-11,2958.3800478995104,3054.20954913038,2943.1991368134322,3053.2607421875,3031700,0.0,0.0,0.03907007628503756
2023-05-12,3016.2571620100634,3086.46887323647,3013.410741284669,3078.87841796875,3157900,0.0,0.0,0.008390267960834752
2023-05-15,3083.6224501866277,3104.496202157122,3064.646312031633,3094.059326171875,2122000,0.0,0.0,0.004930661800260472
2023-05-16,3094.0594173785626,3113.035556092936,3069.3904370498776,3095.95703125,2318100,0.0,0.0,0.00061333829706256
2023-05-17,3110.189205871471,3139.602221546277,3105.4451710852118,3125.3701171875,2232000,0.0,0.0,0.009500482610259153
2023-05-18,3162.373717328907,3190.8379272058546,3151.936840374026,3166.1689453125,1891100,0.0,0.0,0.013054078907529298
2023-05-19,3214.55810546875,3226.8925964283408,3191.7867375433516,3214.55810546875,1818600,0.0,0.0,0.015283189555595156
2023-05-22,3188.9398914292283,3234.48262120864,3181.3494364659928,3225.943359375,1501200,0.0,0.0,0.0035417788488194546
2023-05-23,3248.7150175913644,3272.435191493171,3207.916318480258,3219.302001953125,1842800,0.0,0.0,-0.002058733425239545
2023-05-24,3205.0697999508798,3212.66025536817,3132.9604734866207,3169.01513671875,1605800,0.0,0.0,-0.01562042492561011
2023-05-25,3124.421174629483,3144.3461198670234,3104.4962293919434,3114.93310546875,1833200,0.0,0.0,-0.017065879750261304
2023-05-26,3133.9093086787466,3133.9093086787466,3084.5713480213763,3095.95703125,1515200,0.0,0.0,-0.006091968455256613
2023-05-29,3162.37332453236,3170.912586434788,3135.80673194703,3137.704345703125,2197500,0.0,0.0,0.013484461842246276
2023-05-30,3155.7321487610598,3155.7321487610598,3116.8310609380883,3150.039306640625,1132700,0.0,0.0,0.0039312056135536455
2023-05-31,3131.063009627694,3139.6022723812243,3085.5202749422006,3103.547607421875,3284100,0.0,0.0,-0.014759085424978835
2023-06-01,3092.1616155568445,3137.704345703125,3087.417581166607,3137.704345703125,1257600,0.0,0.0,0.011005707854961466
2023-06-02,3152.88520423576,3193.6838993251786,3141.4995218852246,3189.888671875,1407200,0.0,0.0,0.016631371353817315
2023-06-05,3225.943781980994,3246.8175358644007,3206.9676420869882,3244.919921875,1532200,0.0,0.0,0.01725177762008001
2023-06-06,3236.3806371780092,3281.9233726176294,3210.762848493223,3272.435302734375,1191100,0.0,0.0,0.008479525387941056
2023-06-07,3282.8717547108486,3310.387153811026,3236.3802183002035,3238.27783203125,2035400,0.0,0.0,-0.010437936137219772
2023-06-08,3225.9436122557427,3252.5102067096136,3162.373546955409,3180.40087890625,1836200,0.0,0.0,-0.01787275710333225
2023-06-09,3212.660382505654,3225.943680011584,3182.2985596349567,3224.994873046875,3049200,0.0,0.0,0.014021501011520554
2023-06-12,3225.943781980994,3250.6127638432017,3218.3533260233917,3244.919921875,1176100,0.0,0.0,0.006178319536148669
2023-06-13,3258.202847131277,3294.257508805997,3238.2779025215636,3282.871826171875,1429400,0.0,0.0,0.011695790716137466
2023-06-14,3301.8479916804276,3328.414584716937,3268.639750384791,3303.74560546875,1873400,0.0,0.0,0.006358389971385492
2023-06-15,3315.1314241205628,3338.8515974471266,3306.5921617229997,3314.1826171875,1727700,0.0,0.0,0.0031591450932157983
2023-06-16,3277.179240060901,3313.2339045433314,3244.9198034187266,3300.8994140625,2751200,0.0,0.0,-0.004007987687857817
2023-06-19,3330.3124298244825,3340.749306385186,3274.332819180709,3300.8994140625,1257000,0.0,0.0,0.0
2023-06-20,3282.8720114015373,3289.5136599795173,3247.7661546322142,3271.486328125,1416500,0.0,0.0,-0.00891062775563356
2023-06-21,3235.4317432337966,3270.5376008583276,3219.302024865769,3255.356689453125,1172900,0.0,0.0,-0.004930370190823763
2023-06-22,3259.151644987877,3284.7694308436767,3230.6874384814323,3234.482666015625,1391000,0.0,0.0,-0.006412207763631161
2023-06-23,3231.636579134641,3243.971069894697,3072.237006235457,3109.240478515625,2510800,0.0,0.0,-0.03872093327811177
2023-06-26,3087.4177073469064,3113.9843010179925,3037.130940755208,3099.752197265625,2046100,0.0,0.0,-0.0030516395613534586
2023-06-27,3083.622506484684,3129.16523888815,3059.9023333578784,3120.6259765625,1825500,0.0,0.0,0.00673401548526642
2023-06-28,3154.782772092516,3202.223114529998,3142.4482830587713,3196.5302734375,1955300,0.0,0.0,0.024323420187193356
2023-06-29,3199.376634814146,3220.2503851005968,3156.680327410043,3169.963623046875,1430500,0.0,0.0,-0.008311089874977307
2023-06-30,3138.653302963151,3154.7830206627805,3120.6259714165067,3150.98779296875,1652000,0.0,0.0,-0.005986134963872569
2023-07-03,3153.834014287725,3169.014924103791,3147.1923662431964,3159.52685546875,1137800,0.0,0.0,0.002709963687912209
2023-07-04,3150.039023782975,3152.885444587598,3106.393904778753,3111.137939453125,1389100,0.0,0.0,-0.015315241246286582
2023-07-05,3084.571681930752,3113.984700122033,3070.339576354326,3097.85498046875,1416000,0.0,0.0,-0.004269485713227494
2023-07-06,3090.263980973252,3091.2127878449046,3031.4379549307764,3056.10693359375,1830900,0.0,0.0,-0.013476436804889746
2023-07-07,2999.178955078125,3046.619305522259,2996.332534051477,2999.178955078125,2133800,0.0,0.0,-0.018627613415569177
2023-07-10,2995.383476468298,2995.383476468298,2946.9943230632034,2950.78955078125,2746300,0.0,0.0,-0.016134217071289925
2023-07-11,2972.6121250131755,3002.025139975004,2937.506268445832,2953.635986328125,1389000,0.0,0.0,0.0009646352265688662
2023-07-12,2944.1479288736978,2991.5882757778827,2936.5574733690282,2971.663330078125,1500200,0.0,0.0,0.00610344126136253
2023-07-13,2988.7418001843425,3023.84765625,2952.687137197992,3023.84765625,1191700,0.0,0.0,0.017560645461982105
2023-07-14,3024.796414099007,3073.185566269349,3016.2571519513,3045.670166015625,2730300,0.0,0.0,0.007216801984226917
2023-07-18,3050.4147039675245,3091.2134076286766,3029.5409486060053,3048.51708984375,1629400,0.0,0.0,0.0009347446285850047
2023-07-19,3055.158217971901,3078.878390471683,3038.0796937720584,3058.004638671875,1196500,0.0,0.0,0.0031121848913797656
2023-07-20,3045.670372868758,3055.158442566168,3001.076445290929,3006.769287109375,1417400,0.0,0.0,-0.01675450420008262
2023-07-21,2971.6632952892455,3023.847676272933,2952.687156749723,2996.332275390625,1463200,0.0,0.0,-0.0034711714541902916
2023-07-24,3018.1548523046254,3019.1036592371324,2975.4585403418123,2983.997802734375,1684800,0.0,0.0,-0.004116523643774461
2023-07-25,2981.151094250801,2986.8439352964742,2952.686889022436,2960.27734375,1790500,0.0,0.0,-0.007949221330739165
2023-07-26,2953.6358354635568,2961.226290549875,2929.9156633188127,2940.3525390625,1465700,0.0,0.0,-0.0067307222850476744
2023-07-27,2944.1478867747974,3053.260683094198,2944.1478867747974,3041.875,2097200,0.0,0.0,0.034527309085824465
2023-07-28,2975.4584323510776,3038.0796876237723,2932.7621219378766,2994.4345703125,2959200,0.0,0.0,-0.015595785391411598
2023-07-31,3032.3868080808575,3069.3902766400415,3009.615442813667,3049.46533203125,2173200,0.0,0.0,0.0183776804690734
2023-08-01,3056.1071012794123,3063.697556669116,3022.898858949459,3057.055908203125,1188600,0.0,0.0,0.0024891498493668784
2023-08-02,3007.718082682292,3021.950187174479,2967.868190104167,2988.741943359375,1669000,0.0,0.0,-0.022346324992107647
2023-08-03,2985.8950514471026,3012.461642308405,2961.22607421875,2961.22607421875,1800500,0.0,0.0,-0.009206505500336637
2023-08-04,2951.738419512511,2961.226489006283,2915.683755436177,2946.994384765625,1196300,0.0,0.0,-0.004806012474707688
2023-08-07,2918.5302597531845,2990.639589968153,2909.042189988057,2979.25390625,2102200,0.0,0.0,0.010946583967427648
2023-08-08,3002.025190572802,3028.5917851796407,2977.356209866451,3010.564453125,2487500,0.0,0.0,0.01050952616335099
2023-08-09,3209.8139616115263,3288.5649396823974,3174.7081039172826,3224.994873046875,4637700,0.0,0.0,0.07122598544578373
2023-08-10,3189.8888944651226,3227.841171615213,3112.0867263074365,3138.6533203125,3065000,0.0,0.0,-0.026772617053124836
2023-08-14,3183.2471129287633,3243.0219469420304,3164.2709751467733,3206.96728515625,2315200,0.0,0.0,0.02176537446861082
2023-08-15,3221.1996273921773,3278.1280449602277,3190.837804689217,3237.329345703125,1677500,0.0,0.0,0.009467530488199483
2023-08-16,3208.8651578780855,3220.250841466062,3177.5545280111496,3209.81396484375,1668400,0.0,0.0,-0.008499407357455246
2023-08-17,3213.6089313628395,3238.277910463942,3177.55426959969,3222.148193359375,1678900,0.0,0.0,0.0038426614908897427
2023-08-18,3226.8925419349102,3301.8482934235485,3207.9164023175335,3251.5615234375,2737100,0.0,0.0,0.009128484573969642
2023-08-21,3242.0737496901625,3256.30585570285,3220.2511871373754,3229.7392578125,1777000,0.0,0.0,-0.006711318690328816
2023-08-22,3240.1756111345208,3262.9469770692876,3217.404245199754,3254.40771484375,1884900,0.0,0.0,0.007637909769830031
2023-08-23,3254.4076086336677,3281.9230082401914,3226.892209027144,3249.66357421875,1795300,0.0,0.0,-0.0014577585357118394
2023-08-24,3254.407829526522,3292.360107421875,3233.5340766840777,3292.360107421875,1762900,0.0,0.0,0.013138754898155858
2023-08-25,3254.407973490651,3279.0769552139036,3183.2474492889605,3193.684326171875,2857300,0.0,0.0,-0.02997113864536205
2023-08-28,3243.0222933185637,3253.459170213386,3197.479557777519,3242.073486328125,1733000,0.0,0.0,0.015151516309769963
2023-08-29,3243.0221343051794,3244.9197481930114,3167.1175787918924,3195.581787109375,2549200,0.0,0.0,-0.014340112713300934
2023-08-30,3216.4554980497965,3224.9947604339995,3168.066344539313,3171.861572265625,1667800,0.0,0.0,-0.007422815757504586
2023-08-31,3186.0938666561947,3217.404497269552,3182.2986387030605,3208.865234375,2137300,0.0,0.0,0.01166622857470534
2023-09-01,3189.8888838689945,3221.1995124138125,3167.1175176545817,3199.376953125,2001200,0.0,0.0,-0.002956896147696342
2023-09-04,3199.376768720911,3224.9945542355804,3186.0934725281195,3210.762451171875,1429400,0.0,0.0,0.0035586610185942558
2023-09-05,3216.455411239409,3258.2029151021034,3206.0185352737353,3233.533935546875,1700400,0.0,0.0,0.007092235791747559
2023-09-06,3233.534138985368,3243.97101560768,3206.967543946756,3209.81396484375,1192100,0.0,0.0,-0.007335618297481528
2023-09-07,3206.9672289512137,3220.250525165805,3159.5268853276752,3165.2197265625,1714100,0.0,0.0,-0.013893091241323985
2023-09-08,3194.6329591022463,3197.479379915227,3123.4724387777233,3144.34619140625,2708200,0.0,0.0,-0.006594655966876362
2023-09-11,3154.783328951322,3170.9130482271635,3078.878767653245,3083.622802734375,1430100,0.0,0.0,-0.019311928450447602
2023-09-12,3074.1346126041026,3095.9571731256747,3030.489491560958,3076.0322265625,1613800,0.0,0.0,-0.002461577390446057
2023-09-13,3070.3392495309113,3095.9570368415834,3058.0047593442914,3065.59521484375,1925400,0.0,0.0,-0.0033930111747929592
2023-09-14,3092.161693074421,3131.062776049582,3072.2367481359233,3121.57470703125,2191500,0.0,0.0,0.01826056222832184
2023-09-15,3165.2199440347767,3209.813870104811,3141.499770593269,3144.34619140625,3356900,0.0,0.0,0.007294870862359248
2023-09-19,3131.0630573945887,3149.0903901492848,3082.673901053036,3096.906005859375,1804800,0.0,0.0,-0.015087456233837337
2023-09-20,3093.1104185337435,3094.0592254105945,3038.079619676395,3043.7724609375,1594100,0.0,0.0,-0.017156976938061952
2023-09-21,3036.1824808795413,3040.9265160059153,2971.663603160851,2977.3564453125,2063800,0.0,0.0,-0.021820295858956396
2023-09-22,2947.94308319924,2994.434622007339,2947.94308319924,2957.43115234375,1448400,0.0,0.0,-0.006692276633561978
2023-09-25,2987.7930599443876,3001.076357130549,2957.4312378045906,2989.690673828125,1609900,0.0,0.0,0.01090795349836271
2023-09-26,3000.127677973597,3000.127677973597,2963.1242056646247,2966.91943359375,1751500,0.0,0.0,-0.007616587372638706
2023-09-27,2931.8133486421725,2971.6632388178914,2923.274086461661,2969.765625,2138100,0.0,0.0,0.0009593086263224304
2023-09-28,2975.476942062378,2975.476942062378,2904.088339805603,2924.0771484375,2556000,10.0,0.0,-0.015384539499644911
2023-09-29,2925.028771033654,2925.028771033654,2861.2549579326924,2895.521484375,3979800,0.0,0.0,-0.009765701318024012
2023-10-02,2933.595402644231,2979.2841045673076,2917.4139873798076,2932.6435546875,2322400,0.0,0.0,0.012820512820512775
2023-10-03,2923.125206794913,2926.9325987933435,2871.7254148161032,2918.365966796875,2466700,0.0,0.0,-0.004868504345781788
2023-10-04,2875.532677283654,2912.654747596154,2850.784630408654,2858.3994140625,2064500,0.0,0.0,-0.020547989325750304
2023-10-05,2884.099012038433,2919.3173828125,2856.495424134435,2919.3173828125,1618200,0.0,0.0,0.02131191618998418
2023-10-06,2924.0768850839645,2939.3064521937767,2890.76220703125,2890.76220703125,1694400,0.0,0.0,-0.009781456428605173
2023-10-10,2930.7399713081313,2949.7769311737247,2916.462251408936,2934.54736328125,1069300,0.0,0.0,0.015146578346534545
2023-10-11,2943.113579281464,2945.9691228577394,2898.3767299198116,2919.3173828125,1261000,0.0,0.0,-0.005189890836084787
2023-10-12,2914.5584435096157,2925.9806189903848,2886.0030048076924,2920.26953125,2224500,0.0,0.0,0.00032615447813433285
2023-10-13,2886.003098615115,2908.847450319193,2867.917986849387,2888.858642578125,2448200,0.0,0.0,-0.010756160804934245
2023-10-16,2851.2607257819773,2855.5440418447442,2805.5720211124612,2811.759033203125,2347300,0.0,0.0,-0.026688605748529604
2023-10-17,2918.3657980561065,2972.62113089668,2912.654710388678,2940.25830078125,2714700,0.0,0.0,0.04570066853550392
2023-10-18,2967.8619104972718,3013.5506121341764,2945.969407629588,2998.321044921875,2381800,0.0,0.0,0.019747497736915642
2023-10-19,2951.680495102434,2990.7062610808925,2951.680495102434,2961.198974609375,1602600,0.0,0.0,-0.012380952458500794
2023-10-20,2951.6805138221157,2980.2359525240386,2934.547250600962,2957.3916015625,1736500,0.0,0.0,-0.00128575387183405
2023-10-23,2949.7769496666047,2957.391733660581,2926.9325976846753,2943.114013671875,963700,0.0,0.0,-0.004827763723641354
2023-10-24,2945.9692575513704,2966.909911401493,2902.184254046568,2954.535888671875,1461000,0.0,0.0,0.0038808809128498822
2023-10-25,3021.1656260388963,3021.1656260388963,2944.065936149435,2952.632568359375,1377500,0.0,0.0,-0.0006442028068766037
2023-10-26,2917.413968562924,2931.691687821796,2900.280705452277,2911.702880859375,1377200,0.0,0.0,-0.013862099855771248
2023-10-27,2929.788291787761,2952.632644940102,2900.2810022993203,2937.403076171875,1816500,0.0,0.0,0.008826517115274823
2023-10-30,2918.365910801319,2918.365910801319,2891.7141673236815,2905.0400390625,1280400,0.0,0.0,-0.011017567650794313
2023-10-31,2905.039982413692,2976.4285796224167,2890.762262971947,2953.584228515625,1710500,0.0,0.0,0.016710334040280772
2023-11-01,3013.5506119770826,3029.7320271393096,2960.2471267368055,2973.572998046875,1991900,0.0,0.0,0.006767631455459
2023-11-02,3012.5990852523237,3041.1545268186965,2986.899187842588,2995.4658203125,1609900,0.0,0.0,0.007362463366463512
2023-11-06,3045.913516994771,3103.0243954384227,3009.743293980458,3094.457763671875,2677500,0.0,0.0,0.03304726186094409
2023-11-07,3108.7354266826924,3119.205754206731,3063.998572716346,3068.7578125,2391400,0.0,0.0,-0.008305154936540271
2023-11-08,2765.11836878628,2878.3882778690913,2746.0814092765636,2859.351318359375,6768000,0.0,0.0,-0.06823819504023665
2023-11-09,2865.0622755028735,2904.0880407173645,2810.8069433754104,2898.376953125,2545600,0.0,0.0,0.013648422463881316
2023-11-10,2903.136268028846,2925.028771033654,2853.164250300481,2870.7734375,2439600,0.0,0.0,-0.009523783852627643
2023-11-13,2874.581147954705,2886.955172763782,2842.694237869777,2880.292236328125,1544600,0.0,0.0,0.003315761078106716
2023-11-14,2888.858436661941,2934.5471368134313,2887.9065887421184,2905.99169921875,1326600,0.0,0.0,0.008922519238321325
2023-11-15,2941.210298759993,2955.488018656886,2899.3289870624394,2946.92138671875,1547100,0.0,0.0,0.014084585138699257
2023-11-16,2934.546948552637,2960.246840739118,2905.9915127898803,2919.3173828125,1431300,0.0,0.0,-0.009367064907349176
2023-11-17,2917.4138550125504,2924.0767904073587,2872.6770030759794,2897.425048828125,1607500,0.0,0.0,-0.007499127745844381
2023-11-20,2895.5217680339188,2916.4624251334412,2855.068225909842,2875.532958984375,1679100,0.0,0.0,-0.00755570531586458
2023-11-21,2874.58088572309,2889.81045332957,2855.0680022272877,2871.725341796875,1643900,0.0,0.0,-0.0013241431212267507
2023-11-22,2865.0622755028735,2912.6546721059112,2859.351187910509,2898.376953125,1044000,0.0,0.0,0.009280696499843089
2023-11-24,2902.184741759568,2908.8476781952245,2878.3885402036517,2880.292236328125,1256300,0.0,0.0,-0.006239601366335834
2023-11-27,2904.088154331186,2914.5584819934747,2838.4106444495565,2844.59765625,1397700,0.0,0.0,-0.012392693917624653
2023-11-28,2855.543680174958,2860.302919641916,2816.993840492596,2822.22900390625,1621800,0.0,0.0,-0.007863555780763143
2023-11-29,2817.946252137831,2830.7962012693492,2796.0537462100583,2813.18701171875,1541200,0.0,0.0,-0.0032038478007933024
2023-11-30,2812.7105047165683,2812.7105047165683,2780.823600517582,2801.288330078125,3617200,0.0,0.0,-0.0042296091909493905
2023-12-01,2779.3959584048025,2793.673677369211,2766.5460113368354,2774.63671875,2239000,0.0,0.0,-0.009514055030308777
2023-12-04,2755.599699298682,2763.690406533238,2663.270452033752,2674.692626953125,3605700,0.0,0.0,-0.03602060447102451
2023-12-05,2660.415187891802,2702.7724243358753,2657.0837198568747,2685.63916015625,2640000,0.0,0.0,0.0040926322123207015
2023-12-06,2685.639028426924,2726.5684908484577,2684.6871804636326,2724.664794921875,2611800,0.0,0.0,0.014531227926894985
2023-12-07,2700.8685772235576,2729.899939903846,2678.97607421875,2678.97607421875,3101500,0.0,0.0,-0.016768565728994544
2023-12-08,2677.5480336815644,2683.7350447796553,2617.5816184231435,2620.9130859375,3569600,0.0,0.0,-0.0216735747810598
2023-12-11,2668.5057466947114,2683.2593900240386,2646.613243689904,2672.7890625,2025500,0.0,0.0,0.019793093041062804
2023-12-12,2684.6874686376254,2692.7781771940586,2625.196964546205,2630.43212890625,1433100,0.0,0.0,-0.015847465925399762
2023-12-13,2629.9557724373353,2640.9020233902957,2598.5447914418837,2619.009521484375,1832100,0.0,0.0,-0.004342483235492023
2023-12-14,2636.618840144231,2640.9021559495195,2585.2190504807695,2610.9189453125,1512400,0.0,0.0,-0.003089174019989649
2023-12-15,2590.454326757705,2623.2930826912493,2578.0803027827465,2594.26171875,2621500,0.0,0.0,-0.006379832890793247
2023-12-18,2570.9414058901757,2591.882061547186,2561.898850038285,2583.3154296875,2082200,0.0,0.0,-0.004219423577577319
2023-12-19,2589.5021461052534,2655.655573473133,2576.176275844098,2650.42041015625,1596800,0.0,0.0,0.02597630149906527
2023-12-20,2665.1742045354176,2708.0073613940226,2661.8427367797485,2694.20556640625,2273300,0.0,0.0,0.016520079638014495
2023-12-21,2667.0780316172004,2678.5002073414707,2635.667048375456,2642.805908203125,1693500,0.0,0.0,-0.01907785316904609
2023-12-22,2641.3780989547677,2662.3187541536886,2603.7801043930695,2607.111572265625,1543700,0.0,0.0,-0.013506226782188824
2023-12-25,2613.7748252653196,2648.041356113663,2611.395205067518,2629.00439453125,869500,0.0,0.0,0.00839734766187994
2023-12-26,2640.9023824940555,2641.378306513247,2610.9191692849863,2627.1005859375,864100,0.0,0.0,-0.0007241557289558997
2023-12-27,2645.661451610936,2686.590914614811,2634.715199877342,2667.553955078125,1799800,0.0,0.0,0.015398485066451695
2023-12-28,2650.8965222626357,2680.8797324785323,2645.6613585741457,2674.216796875,897900,0.0,0.0,0.0024977345947179153
2023-12-29,2673.264930497012,2707.5314562217377,2667.5538428762243,2690.398193359375,1949400,0.0,0.0,0.006050891798781599
2024-01-04,2696.109467137362,2734.659311239415,2672.789191075627,2732.755615234375,1917400,0.0,0.0,0.015743922955177903
2024-01-05,2732.279350923039,2755.5996240801946,2702.296142578125,2702.296142578125,1860600,0.0,0.0,-0.011146065343877298
2024-01-09,2749.8888963566756,2778.4443366096007,2746.0815043229522,2766.0703125,2088900,0.0,0.0,0.023599992953041493
2024-01-10,2778.919980559096,2838.410475090675,2776.0644368215803,2829.367919921875,2103500,0.0,0.0,0.022883585835049125
2024-01-11,2871.725039645863,2879.3398226479067,2836.030744323781,2852.212158203125,2051300,0.0,0.0,0.008073972324490253
2024-01-12,2949.7768370657864,2949.7768370657864,2862.206824477838,2891.714111328125,3396800,0.0,0.0,0.013849584439709517
2024-01-15,2900.2810070663986,2910.7513356117647,2884.09959022356,2887.906982421875,318600,0.0,0.0,-0.0013165647639010736
2024-01-16,2914.5585747984446,2928.8362947925584,2891.7142228078624,2918.365966796875,2119900,0.0,0.0,0.010547079445563101
2024-01-17,2941.210186298077,2997.3692157451924,2936.4509465144233,2969.765625,2836100,0.0,0.0,0.017612478622597072
2024-01-18,2937.4029650391903,2944.0659011232065,2896.47350052309,2910.751220703125,1902000,0.0,0.0,-0.01987173795806696
2024-01-19,2951.6803971343297,2951.6803971343297,2849.832669790449,2850.30859375,2924100,0.0,0.0,-0.020765301590605967
2024-01-22,2885.0510820761497,2905.0398886494254,2856.4956441143268,2898.376953125,1802600,0.0,0.0,0.01686426497130933
2024-01-23,2905.0401500355115,2955.488094973874,2902.1846059823965,2931.69189453125,2044600,0.0,0.0,0.011494343884542069
2024-01-24,2939.3066227882423,2963.102822778432,2905.9919428019766,2918.365966796875,2311500,0.0,0.0,-0.004545473471899597
2024-01-25,2912.6547291239754,2971.6693020670104,2906.943641419811,2961.198974609375,2138900,0.0,0.0,0.014677051576061473
2024-01-26,2992.610013438194,3007.8395809366075,2967.861966253273,2999.27294921875,2225700,0.0,0.0,0.012857621164885646
2024-01-29,3047.8171014788727,3090.6502587451278,3035.443078268621,3067.805908203125,3282100,0.0,0.0,0.022849857330332846
2024-01-30,3083.9872467041014,3113.4945320892334,3039.2503946685792,3045.913330078125,1639200,0.0,0.0,-0.007136233119070745
2024-01-31,3032.587571533583,3064.9504018638218,3022.1172440737996,3060.191162109375,1607400,0.0,0.0,0.004687537196235159
2024-02-01,3022.117205028448,3035.443076168731,2956.439697265625,2956.439697265625,2016400,0.0,0.0,-0.0339035894647296
2024-02-02,3001.176701116336,3072.565300096268,2980.236045415556,3012.598876953125,1849500,0.0,0.0,0.018995543774980694
2024-02-05,3013.5508009425116,3015.4544969633216,2968.8139444534722,2997.369384765625,1772700,0.0,0.0,-0.0050552671661694415
2024-02-06,2945.0176907324976,3011.6470502513325,2886.0031151586727,2946.92138671875,4952600,0.0,0.0,-0.01683075776488574
2024-02-07,2952.632689058111,2965.958561929424,2872.677451830232,2880.292236328125,2808500,0.0,0.0,-0.022609748156469545
2024-02-08,2888.8583834146716,2975.476542521998,2872.6769690759406,2954.535888671875,2781700,0.0,0.0,0.02577643039388189
2024-02-09,2925.980808020731,2954.5362485674523,2891.7142793646653,2906.94384765625,2855500,0.0,0.0,-0.01610812757364022
2024-02-13,2907.895783203125,2975.47699453125,2907.895783203125,2974.525146484375,2149300,0.0,0.0,0.023248229883289007
2024-02-14,2981.1879325313703,3002.1285885070056,2954.5361885623797,2967.862060546875,2262800,0.0,0.0,-0.0022400502968936697
2024-02-15,2671.360991889772,2682.3072421683155,2485.274737154532,2519.541259765625,9167900,0.0,0.0,-0.15105850327108528
2024-02-16,2569.989713655485,2734.659424937855,2569.0378656133907,2722.285400390625,7409900,0.0,0.0,0.08046867255663037
2024-02-19,2738.4667014839724,2808.903453625027,2736.56300548016,2769.877685546875,3264800,0.0,0.0,0.0174824745228479
2024-02-20,2774.6369439046975,2792.2461320564084,2750.840743699683,2778.4443359375,1889600,0.0,0.0,0.0030927901384691925
2024-02-21,2753.6961934349606,2916.462197263989,2748.461029569115,2840.790283203125,5014900,0.0,0.0,0.022439156494595824
2024-02-22,2868.8697787398464,2928.8362007904802,2855.543907173039,2900.28076171875,3563200,0.0,0.0,0.020941524218587082
2024-02-26,2835.079176314334,2898.377066267298,2832.69955639129,2863.15869140625,1972700,0.0,0.0,-0.01279947472757803
2024-02-27,2848.8806095895047,2855.543544526734,2792.7215865471458,2799.384521484375,2489600,0.0,0.0,-0.022274060502930793
2024-02-28,2826.5125652023844,2836.5069689520474,2757.5035869309,2760.359130859375,2424100,0.0,0.0,-0.013940703867401094
2024-02-29,2739.4185689325527,2759.8833011188103,2708.959432655332,2753.6962890625,3846100,0.0,0.0,-0.0024137590367817596
2024-03-01,2821.7532677283657,2826.9884314903848,2769.4016301081733,2815.09033203125,5222100,0.0,0.0,0.022295139523048846
2024-03-04,2797.481144831731,2857.4475661057695,2783.2034254807695,2833.6513671875,3614000,0.0,0.0,0.00659340659340657
2024-03-05,2806.5239094828626,2815.0905417315807,2756.0759640181886,2773.209228515625,2732500,0.0,0.0,-0.021330125283501644
2024-03-06,2764.1662979924113,2790.8180391576275,2756.0755908529704,2775.112548828125,2422400,0.0,0.0,0.0006863240944567917
2024-03-07,2784.631292403816,2793.1979243066135,2749.8888407980257,2752.744384765625,3370400,0.0,0.0,-0.008060272752521525
2024-03-08,2800.3366696268668,2807.951453228843,2752.7442721145135,2757.027587890625,5670800,0.0,0.0,0.0015559756106322542
2024-03-11,2695.1575447402283,2753.6961952793504,2677.0724331915562,2747.985107421875,3626900,0.0,0.0,-0.0032797932485211234
2024-03-12,2722.285286616353,2759.8832827077326,2710.3871865874353,2745.129638671875,2708800,0.0,0.0,-0.0010391136190249783
2024-03-13,2702.7725406265395,2709.435476983076,2654.2282900289156,2656.60791015625,5213400,0.0,0.0,-0.032246829901429686
2024-03-14,2646.1373379503275,2744.653602150996,2632.8114664642467,2724.664794921875,3895800,0.0,0.0,0.025617963608947525
2024-03-15,2688.4944593508685,2708.4832657400943,2666.6019571150496,2673.264892578125,2859000,0.0,0.0,-0.018864670046585985
2024-03-18,2662.3186241967815,2709.9110200529985,2648.992753357041,2708.00732421875,2841200,0.0,0.0,0.012996254780841765
2024-03-19,2693.7297543156565,2751.79248046875,2693.7297543156565,2751.79248046875,2283700,0.0,0.0,0.01616877320028376
2024-03-21,2768.449914133627,2771.781382141008,2743.2259420777423,2757.503662109375,2242500,0.0,0.0,0.0020754405287319866
2024-03-22,2760.3592801425475,2789.390644985426,2744.1778636727463,2773.209228515625,2258300,0.0,0.0,0.005695574088280919
2024-03-25,2764.642485919769,2765.118409914591,2710.3871505100856,2715.622314453125,2108000,0.0,0.0,-0.020765441521815364
2024-03-26,2709.9113206789684,2722.285344974306,2702.296536497222,2708.95947265625,1779100,0.0,0.0,-0.002453522995968127
2024-03-27,2728.948073399958,2787.9626463161762,2717.0499740216883,2763.214599609375,3021500,0.0,0.0,0.020028031980827476
2024-03-28,2731.2532057636035,2758.8562966729164,2708.9770271350353,2709.945556640625,2775200,50.0,0.0,-0.019277924695490722
2024-03-29,2720.115092548771,2750.1395069582463,2712.851121320672,2725.92626953125,853700,0.0,0.0,0.005897060496829809
2024-04-01,2748.68652257252,2769.0256406042404,2726.8946103956764,2733.67431640625,1749900,0.0,0.0,0.0028423537942323662
2024-04-02,2720.5994524960865,2729.8004830403065,2694.4491551598835,2707.0400390625,1804300,0.0,0.0,-0.009743032366329563
2024-04-03,2702.1971140894398,2702.1971140894398,2651.8335836476294,2668.298583984375,1770700,0.0,0.0,-0.014311371283426522
2024-04-04,2704.1343324497766,2729.800363900321,2692.0277138410293,2711.882568359375,1949100,0.0,0.0,0.01633399824015158
2024-04-05,2678.952479251355,2689.1220385543697,2646.5067424274503,2680.4052734375,1665700,0.0,0.0,-0.01160717476823414
2024-04-08,2700.260379604144,2727.379206945936,2677.4999352279974,2705.10302734375,1246800,0.0,0.0,0.009214186433298632
2024-04-09,2721.567777130456,2754.9820434333033,2709.9454236338133,2740.4541015625,1488100,0.0,0.0,0.013068291248582442
2024-04-10,2764.1827461161724,2799.0498024792355,2757.403040712243,2784.03759765625,1786800,0.0,0.0,0.01590374969932906
2024-04-11,2747.7180814093526,2797.1130839302823,2742.875434103379,2780.163818359375,1731400,0.0,0.0,-0.001391424921896256
2024-04-12,2828.5902440713053,2854.2562743633407,2789.3648015495155,2797.113037109375,2665900,0.0,0.0,0.00609648202673263
2024-04-15,2768.541605758667,2815.0310222625735,2755.9507221221925,2789.364990234375,1852800,0.0,0.0,-0.002770015645491064
2024-04-16,2740.9383987082974,2800.5029610830534,2732.705898217477,2794.20751953125,1655700,0.0,0.0,0.0017360687159366783
2024-04-17,2805.345529053922,2842.633912574922,2787.427734375,2787.427734375,2171000,0.0,0.0,-0.0024263713803860387
2024-04-18,2786.4594873198566,2823.2636098496287,2777.2584566874134,2805.830078125,1386200,0.0,0.0,0.006601908821907587
2024-04-19,2791.301858510305,2798.0815646204965,2738.0327390730854,2752.076416015625,2018600,0.0,0.0,-0.01915784655972319
2024-04-22,2814.062248311228,2835.3698956913163,2792.2703362179554,2819.38916015625,1698500,0.0,0.0,0.024458893564473838
2024-04-23,2826.653304561492,2833.917275705645,2807.28271484375,2807.28271484375,1272900,0.0,0.0,-0.0042939958355480146
2024-04-24,2812.1254091388237,2859.5833547382044,2802.9243788695558,2835.3701171875,1629300,0.0,0.0,0.010005191922863865
2024-04-25,2835.8543660668706,2869.7528984481346,2814.546717141505,2846.02392578125,1808500,0.0,0.0,0.0037574666281374736
2024-04-26,2808.7353999071784,2848.9293720092983,2802.9242232177153,2836.82275390625,1593900,0.0,0.0,-0.0032329917509299477
2024-04-30,2874.5956009189313,2902.198692100262,2848.4453040103026,2868.784423828125,1744400,0.0,0.0,0.011266713747929646
2024-05-01,2855.2246899196266,2883.3120427037748,2842.633807637077,2877.0166015625,1098500,0.0,0.0,0.0028695700053300577
2024-05-02,2847.4766807015976,2884.765065806023,2847.4766807015976,2872.658447265625,1114000,0.0,0.0,-0.0015148172222948508
2024-05-07,2866.847541895376,2922.053727668361,2861.036364445588,2911.39990234375,1849900,0.0,0.0,0.013486272659738452
2024-05-08,2912.368203803464,2930.770264286426,2875.079818087989,2885.733642578125,1943000,0.0,0.0,-0.008815779565343518
2024-05-09,2859.5833305294773,2929.801718832064,2859.5833305294773,2881.375244140625,1774100,0.0,0.0,-0.0015103259612020414
2024-05-10,3113.8223051880623,3116.7278936532452,3020.8434743021976,3042.151123046875,5318100,0.0,0.0,0.05579831340370989
2024-05-13,2982.102271761986,3078.9552198542883,2966.6058000672174,3073.14404296875,2996800,0.0,0.0,0.0101878304753098
2024-05-14,3082.829039839839,3113.821980234082,3044.0878643470355,3095.419921875,2422200,0.0,0.0,0.007248563228663629
2024-05-15,3095.420244908568,3123.5076000720064,3036.3399461165086,3042.151123046875,1783600,0.0,0.0,-0.017208908701426995
2024-05-16,3032.465695342196,3062.490108167366,2996.6301058411864,3057.6474609375,1833900,0.0,0.0,0.005093875111340518
2024-05-17,3037.3082468051116,3075.0808940070883,3028.5914820661937,3031.4970703125,1603100,0.0,0.0,-0.008552454447113389
2024-05-20,3015.0320444020917,3035.371161951865,2996.629985666583,3002.441162109375,1688200,0.0,0.0,-0.00958467302761723
2024-05-21,3070.238654715357,3079.923950156099,3015.032470703125,3015.032470703125,1583500,0.0,0.0,0.004193690371905312
2024-05-22,2997.5987429928473,3011.158155723671,2968.542858569653,2983.07080078125,1065600,0.0,0.0,-0.010600771378897034
2024-05-23,2976.2911337960654,2986.944958225534,2943.361131014072,2971.448486328125,1091300,0.0,0.0,-0.003896090716345446
2024-05-24,2919.1476750028305,2952.0776753180585,2905.588263108325,2940.455322265625,1489600,0.0,0.0,-0.010430321846433555
2024-05-27,2951.1092635091145,2959.8260286458335,2902.682790527344,2905.58837890625,1128700,0.0,0.0,-0.011857668128931076
2024-05-28,2903.6514877714476,2912.3682534118557,2817.452360882969,2823.747802734375,1808100,0.0,0.0,-0.028166610510289236
2024-05-29,2837.7913138455388,2872.174109627626,2796.1445471235734,2800.5029296875,1761100,0.0,0.0,-0.008231922491224508
2024-05-30,2785.490894813144,2826.1691345844074,2748.2025083561534,2818.4208984375,2208200,0.0,0.0,0.006398125336722682
2024-05-31,2769.9943375070975,2813.093899751526,2758.856248387751,2771.931396484375,5503200,0.0,0.0,-0.01649487554498985
2024-06-03,2814.062374657358,2870.7213486437477,2799.0501678746396,2854.25634765625,2080000,0.0,0.0,0.029699490859076638
2024-06-04,2831.979960996656,2886.7018720077062,2829.0743728013786,2877.985107421875,1887800,0.0,0.0,0.008313464831254391
2024-06-05,2846.50806581638,2886.2177734375,2838.275565455904,2886.2177734375,2133600,0.0,0.0,0.0028605658849290005
2024-06-06,2927.864517272706,2958.8574595660325,2913.336575572709,2917.210693359375,1694400,0.0,0.0,0.010738247199192585
2024-06-07,2891.544578093373,2941.4238431316608,2887.1861957113865,2930.77001953125,1281300,0.0,0.0,0.00464804486105197
2024-06-10,2930.7701544761658,2977.2595686912537,2926.8960366249084,2975.322509765625,1524400,0.0,0.0,0.015201632996607817
2024-06-11,2966.605901257063,2988.882080078125,2956.920606117471,2988.882080078125,1091400,0.0,0.0,0.004557344714058553
2024-06-12,2992.7559745402436,3003.40979839783,2922.0533253035323,2927.864501953125,1550000,0.0,0.0,-0.020414849596008477
2024-06-13,2950.140789963189,2951.109319441181,2885.7335796767306,2898.324462890625,1505600,0.0,0.0,-0.010089278053268647
2024-06-14,2883.3124274308007,2931.738904209954,2872.6586025393867,2916.242431640625,3603500,0.0,0.0,0.006182181801732911
2024-06-17,2889.123637174196,2918.179523568841,2863.9418689655035,2894.934814453125,1696800,0.0,0.0,-0.007306531499684965
2024-06-18,2915.273548839743,2943.3609019680994,2908.4938429122085,2930.77001953125,1251600,0.0,0.0,0.012378587904368521
2024-06-19,2922.0534351014253,2926.8960824913847,2874.1112259408287,2898.324462890625,1507900,0.0,0.0,-0.011070659391354876
2024-06-20,2876.5324092710416,2907.5253510544335,2860.067408948615,2904.135498046875,1137400,0.0,0.0,0.002004963636974777
2024-06-21,2928.8331810579784,2973.385537648146,2916.2422976738003,2931.73876953125,2096500,0.0,0.0,0.009504815289417046
2024-06-24,2909.4625055876973,2963.7001554921285,2909.4625055876973,2945.298095703125,1606900,0.0,0.0,0.004625011720960082
2024-06-25,2942.392469512504,3003.409824871058,2939.4868811620963,2986.94482421875,1709000,0.0,0.0,0.014140072468855847
2024-06-26,2990.8188326879635,3030.5285386919168,2972.4167738080832,3001.47265625,2233800,0.0,0.0,0.004863776496122574
2024-06-27,2982.102326309125,2999.535857284625,2964.668795333625,2990.819091796875,1789700,0.0,0.0,-0.003549445779871041
2024-06-28,3011.158202813993,3062.490266097731,3000.5043783588776,3041.1826171875,2827100,0.0,0.0,0.016839375383405963
2024-07-01,3065.3954662946253,3075.0807600269936,3032.4654676045725,3046.993408203125,1458300,0.0,0.0,0.001910701114357538
2024-07-02,3025.686012567827,3065.395720159146,3008.2524824057846,3056.678955078125,1639500,0.0,0.0,0.003178722621757002
2024-07-03,3042.150893882288,3048.9305997903352,2993.724423110523,3031.4970703125,1392200,0.0,0.0,-0.008238315222404924
2024-07-04,3019.8749210506294,3020.843450531402,2958.857563761922,2983.07080078125,1374400,0.0,0.0,-0.01597437451135586
2024-07-05,2977.259489542975,2995.661548847242,2927.8644882525746,2968.542724609375,1831400,0.0,0.0,-0.004870174776968161
2024-07-08,2969.5112388819184,3004.378298438262,2942.39241478254,2979.196533203125,2039200,0.0,0.0,0.0035889018896138047
2024-07-09,2983.070847432325,3069.269972569168,2979.1967294486467,3041.1826171875,1920200,0.0,0.0,0.020806309115071864
2024-07-10,3032.465835963533,3059.5846617083366,2999.535833273415,3051.83642578125,1755700,0.0,0.0,0.003503179497850395
2024-07-11,3079.9236639483956,3140.941019554921,3079.9236639483956,3116.727783203125,2239300,0.0,0.0,0.021263052263773785
2024-07-12,3146.7525433377737,3184.5251962125576,3121.5707747545844,3152.563720703125,3496900,0.0,0.0,0.011497936294959432
2024-07-16,3139.003952368834,3146.752187980975,3100.262774308126,3107.04248046875,1256800,0.0,0.0,-0.014439435414241975
2024-07-17,3113.8220067269594,3139.972300407093,3102.199653980234,3124.475830078125,1053900,0.0,0.0,0.005610914468972661
2024-07-18,3108.0110335271233,3162.248683224075,3090.5775032673887,3106.073974609375,1724600,0.0,0.0,-0.005889581635294627
2024-07-19,3102.20004580594,3106.0741638775057,3066.364453643961,3098.325927734375,1086500,0.0,0.0,-0.0024944824039403457
2024-07-22,3109.9478923602906,3118.664656929348,3062.4899519287574,3074.1123046875,770200,0.0,0.0,-0.007815066462223741
2024-07-23,3065.3959099310327,3070.2385574980644,3032.4659064752173,3048.930908203125,851800,0.0,0.0,-0.008191436742885916
2024-07-24,3022.780329069416,3047.96209406647,3010.1894465708892,3030.528564453125,1028300,0.0,0.0,-0.0060356709627261695
2024-07-25,3016.000772546124,3089.609012338515,2987.9134178885015,3064.42724609375,2450900,0.0,0.0,0.011185732429069617
2024-07-26,3074.112715740593,3113.822426309391,3019.875062280772,3037.30859375,1597400,0.0,0.0,-0.008849501119113978
2024-07-29,3062.4902033923017,3136.098443575039,3060.5531444401245,3113.822265625,1456200,0.0,0.0,0.025191273627067634
2024-07-30,3094.45180966281,3111.885340984854,3072.175630751309,3098.325927734375,1116800,0.0,0.0,-0.004976628904512781
2024-07-31,3069.269878499298,3118.6648812772924,3046.993700775889,3105.10546875,1482300,0.0,0.0,0.002188130356118645
2024-08-01,3055.7105833833175,3088.6405865006022,3005.3470492039414,3040.214111328125,1752900,0.0,0.0,-0.020898278037556617
2024-08-02,2934.6444303959383,2978.2282585701355,2876.532659497009,2883.796630859375,2077200,0.0,0.0,-0.05144949491745454
2024-08-05,2807.282433448196,2854.2561088051866,2563.697292164007,2592.753173828125,3238100,0.0,0.0,-0.1009237107488119
2024-08-06,2724.473339564779,2906.5568759452194,2724.473339564779,2881.859375,4058200,0.0,0.0,0.11150548540068628
2024-08-07,2736.57997229916,2915.273656563607,2715.2723243109876,2871.20556640625,2976200,0.0,0.0,-0.0036968523468463577
2024-08-08,2771.447176187746,2936.5814566490467,2765.635999162715,2920.116455078125,2628700,0.0,0.0,0.017034965815106773
2024-08-09,2852.319221442778,2952.0777544847497,2691.5433332392126,2746.74951171875,5547600,0.0,0.0,-0.0593698730945772
2024-08-13,2759.8246294602072,2794.2074244578694,2739.9697760108534,2783.0693359375,3250700,0.0,0.0,0.013222838145158455
2024-08-14,2791.7861388071206,2793.238932981695,2719.6306948032593,2741.422607421875,2807900,0.0,0.0,-0.014964315828515318
2024-08-15,2732.2214134358683,2831.4956760651403,2732.2214134358683,2828.590087890625,2323300,0.0,0.0,0.031796440371054446
2024-08-16,2854.740525677742,2879.4380264087963,2809.2196419773672,2852.803466796875,1932000,0.0,0.0,0.008560229002395614
2024-08-19,2846.9924157933424,2861.036093299382,2801.9557948256984,2812.609619140625,1445400,0.0,0.0,-0.014089245236854508
2024-08-20,2850.3822076639067,2926.896035188694,2840.696913040516,2915.273681640625,2011200,0.0,0.0,0.03650135511211405
2024-08-21,2904.6198117509707,2954.0148135513373,2899.2928997921076,2947.235107421875,1292000,0.0,0.0,0.010963439207279935
2024-08-22,2947.235341702216,2998.5674064771806,2929.8018102692095,2997.598876953125,1418300,0.0,0.0,0.017088480455604405
2024-08-23,2969.5110603436087,3023.7487052813913,2939.48664975305,2996.6298828125,1676800,0.0,0.0,-0.00032325677330447
2024-08-26,2962.7316896095754,3022.780517578125,2935.612864075392,3022.780517578125,1357000,0.0,0.0,0.008726681568389516
2024-08-27,3041.182735558712,3048.9309718276513,3010.1897904829543,3036.340087890625,847600,0.0,0.0,0.004485793868806542
2024-08-28,3050.867793776083,3050.867793776083,3011.158085984077,3046.025146484375,866600,0.0,0.0,0.0031897146938102416
2024-08-29,3045.0565227800494,3056.6788759204314,3022.7803459276506,3049.899169921875,1166000,0.0,0.0,0.001271829105538247
2024-08-30,3026.6544938583056,3040.213905990791,3006.315375659578,3028.591552734375,1871200,0.0,0.0,-0.006986334957442497
2024-09-02,3022.7804616523363,3040.2139920303375,2973.385458914666,2985.0078125,1338100,0.0,0.0,-0.014390762001242896
2024-09-03,2984.0392603056507,3027.6230859186835,2983.0707308475835,3016.000732421875,1271700,0.0,0.0,0.010382860571449548
2024-09-04,2948.203837190907,3215.5179827443535,2948.203837190907,3108.979736328125,5043600,0.0,0.0,0.030828574710453527
2024-09-05,3051.8362110760195,3159.3429770009443,3051.8362110760195,3140.94091796875,2243400,0.0,0.0,0.010280279818861926
2024-09-06,3168.0598534826636,3210.6751495857625,3130.2872046640073,3156.4375,2125400,0.0,0.0,0.004933738785914965
2024-09-09,3088.6405540982582,3151.594971162036,3075.081141192214,3091.546142578125,2322500,0.0,0.0,-0.020558416702968096
2024-09-10,3091.5459026390595,3165.15413841618,3086.7032555484598,3151.5947265625,1882800,0.0,0.0,0.01942347977840586
2024-09-11,3156.4376268822925,3166.122921840508,3020.8434974672814,3071.20703125,2142800,0.0,0.0,-0.025506990043792976
2024-09-12,3133.192792133771,3153.5319107225837,3105.105437892077,3126.4130859375,1907200,0.0,0.0,0.017975360868144108
2024-09-13,3137.0669090407023,3145.7836741476385,3075.0810238358226,3096.388671875,2763000,0.0,0.0,-0.009603469930940634
2024-09-17,3108.9797203350568,3131.2558990165853,3058.616185924645,3119.633544921875,2259500,0.0,0.0,0.00750709148951878
2024-09-18,3169.996817717112,3203.8953476957554,3129.3185817427407,3160.3115234375,1688500,0.0,0.0,0.013039345144188585
2024-09-19,3186.4619772379456,3228.1087447216028,3176.7766824743044,3203.8955078125,1876900,0.0,0.0,0.013791040551468514
2024-09-20,3225.20304594634,3258.1330470160624,3201.9583393088888,3218.42333984375,3760900,0.0,0.0,0.004534427541667663
2024-09-24,3253.2904957147857,3290.0946156424907,3212.6122578999534,3244.57373046875,2000600,0.0,0.0,0.008125217805023066
2024-09-25,3255.2278087979216,3272.661340651049,3205.832801880726,3224.23486328125,1673100,0.0,0.0,-0.006268579134603769
2024-09-26,3244.573722936675,3286.2204901266086,3234.888428241342,3264.912841796875,2006500,0.0,0.0,0.012616319914805274
2024-09-27,3294.063616439958,3310.58251953125,3253.252208802649,3310.58251953125,2033200,11.0,0.0,0.013988023554478701
2024-09-30,3138.591827280792,3222.1580493074634,3138.591827280792,3183.2900390625,3049400,0.0,0.0,-0.03845017597893119
2024-10-01,3208.5540390339697,3214.384240195146,3145.3935264545607,3193.0068359375,1745200,0.0,0.0,0.0030524384381453995
2024-10-02,3147.337190423565,3152.1956917980997,3076.4030703553585,3099.723876953125,1871500,0.0,0.0,-0.029214769581595967
2024-10-03,3167.742786057879,3176.4880882279776,3105.553970626068,3127.903076171875,1885600,0.0,0.0,0.009090874005993399
2024-10-04,3142.478425873973,3206.610638646911,3134.7048243257377,3193.0068359375,1872400,0.0,0.0,0.020813867367432293
2024-10-07,3238.676886995797,3323.2148075384416,3230.903285106818,3301.83740234375,2431800,0.0,0.0,0.03408403802376969
2024-10-08,3264.912953317901,3322.2432700577097,3249.365748778292,3305.724365234375,2161300,0.0,0.0,0.0011772120843582812
2024-10-09,3352.3657547800162,3415.5262690005093,3352.3657547800162,3397.06396484375,2499600,0.0,0.0,0.027630736721420135
2024-10-10,3405.8094702255676,3409.696271332815,3308.6394425443814,3318.3564453125,1390900,0.0,0.0,-0.02316927804297919
2024-10-11,3342.6487521669374,3342.6487521669374,3277.5448375171745,3293.092041015625,1992600,0.0,0.0,-0.007613529382162532
2024-10-15,3308.639209639298,3322.2430125570513,3260.05419921875,3260.05419921875,1404000,0.0,0.0,-0.010032468386971027
2024-10-16,3243.5352814088387,3266.8560863081234,3220.214476509554,3226.044677734375,2496800,0.0,0.0,-0.010432195112745402
2024-10-17,3222.1580260962937,3222.1580260962937,3103.610595703125,3103.610595703125,2808900,0.0,0.0,-0.03795176268830669
2024-10-18,3115.2710726809514,3168.7145876520844,3115.2710726809514,3134.705078125,1823800,0.0,0.0,0.010018809210448065
2024-10-21,3118.1860994399904,3133.7333034259796,3090.9784924645087,3103.610595703125,1287600,0.0,0.0,-0.009919428350329551
2024-10-22,3094.865225549699,3104.58222782772,3033.6481111981666,3037.534912109375,1736900,0.0,0.0,-0.021289940073419666
2024-10-23,3036.563382583352,3070.5728924682853,3006.440673828125,3006.440673828125,1352700,0.0,0.0,-0.0102366686082489
2024-10-24,3128.8747400517086,3145.3936439588138,3061.827424193458,3106.525634765625,5855000,0.0,0.0,0.03329018324185351
2024-10-25,3106.5258961817867,3119.1580002325727,3063.7710824714336,3117.214599609375,2246300,0.0,0.0,0.00344081012051789
2024-10-28,3086.120024008674,3148.308840613383,3050.167114409077,3136.6484375,1468000,0.0,0.0,0.006234359961313052
2024-10-29,3120.129609056294,3156.08251953125,3093.8937014124076,3156.08251953125,1412800,0.0,0.0,0.006195811363143955
2024-10-30,3142.4787009447673,3155.110804566376,3109.4408914728683,3133.7333984375,2658600,0.0,0.0,-0.00708128540855435
2024-10-31,3134.704916122313,3145.3936185641437,3102.6388087968216,3130.818115234375,1919800,0.0,0.0,-0.0009302907530610582
2024-11-01,3090.006932708464,3113.3277397477727,3080.2899297754184,3108.46923828125,1740800,0.0,0.0,-0.0071383504664089825
2024-11-05,3090.00696082916,3186.205290741766,3077.3748569012423,3153.16748046875,1736900,0.0,0.0,0.014379502823137047
2024-11-06,3166.7711190391187,3288.2336504536293,3162.8843180338545,3253.25244140625,2922000,0.0,0.0,0.031741086243418204
2024-11-07,3206.6107325491735,3216.3277347690196,3103.610509018806,3130.818115234375,4259100,0.0,0.0,-0.03763443765186314
2024-11-08,3198.8370516810637,3237.705059599424,3149.280341585154,3227.016357421875,2888500,0.0,0.0,0.030726231498216183
2024-11-11,3235.7617460363053,3309.61096306296,3216.3277415556067,3303.78076171875,1915600,0.0,0.0,0.023788043131644843
2024-11-12,3313.4980360243057,3335.847143012153,3258.1111187065976,3279.488525390625,1901700,0.0,0.0,-0.007352859672046574
2024-11-13,3264.913019729873,3279.4885242822384,3206.611001520411,3210.497802734375,1822800,0.0,0.0,-0.021037037367902522
2024-11-14,3237.705232491608,3244.50713424054,3184.26171875,3184.26171875,1592000,0.0,0.0,-0.008171967587714879
2024-11-15,3195.921923541699,3202.723824868787,3147.3369140625,3147.3369140625,2159000,0.0,0.0,-0.011596033224930746
2024-11-18,3152.1955269107766,3215.3560414758817,3140.5351242218344,3199.808837890625,1399400,0.0,0.0,0.016671848378760235
2024-11-19,3215.3561942338715,3244.50720234116,2920.9310123502623,3077.374755859375,6004400,0.0,0.0,-0.038262936392150504
2024-11-20,3047.251811521878,3094.8651210769076,2986.0346992368404,3042.393310546875,4142500,0.0,0.0,-0.011367301056166346
2024-11-21,3034.6196866799855,3068.6291932550093,2997.695079541388,3055.025390625,2583200,0.0,0.0,0.004152020724714989
2024-11-22,3041.4216288391153,3058.9122324554423,3009.355522209182,3053.08203125,1919600,0.0,0.0,-0.0006361188947769936
2024-11-25,3097.7801253360994,3153.1670347288714,3075.4310215460337,3139.563232421875,2965900,0.0,0.0,0.02832586883899335
2024-11-26,3129.8465047585446,3189.120219999237,3125.9597037591548,3184.26171875,1708500,0.0,0.0,0.014237167089526714
2024-11-27,3170.657782769972,3187.1766863271555,3097.780267076516,3132.761474609375,2016900,0.0,0.0,-0.016173370372596696
2024-11-28,3118.1863377146133,3144.422246445774,3090.0070283367,3126.931640625,1823000,0.0,0.0,-0.0018609249480450174
2024-11-29,3109.4405162183543,3109.4405162183543,3051.1385065392606,3070.572509765625,1837100,0.0,0.0,-0.018023780925415456
2024-12-02,3061.82754870832,3108.469161636914,3049.195445206826,3089.03515625,1344200,0.0,0.0,0.00601277006996459
2024-12-03,3070.5726654052737,3111.3840742492675,3069.600965194702,3109.440673828125,2687800,0.0,0.0,0.006605790010786539
2024-12-04,3070.5727239307416,3133.733238821722,3058.9123211816373,3118.18603515625,2277300,0.0,0.0,0.002812519113721601
2024-12-05,3119.157634785144,3137.6199385424393,3099.7236308300967,3111.384033203125,2924600,0.0,0.0,-0.0021813970931930937
2024-12-06,3105.553832016611,3118.185934587392,3067.657524304268,3111.384033203125,3085000,0.0,0.0,0.0
2024-12-09,3158.9973900824325,3208.554100908087,3138.5916856248095,3190.091796875,2586200,0.0,0.0,0.025296704885011012
2024-12-10,3218.271018443089,3233.8182214307367,3154.138806119042,3205.638916015625,1840000,0.0,0.0,0.00487356481586354
2024-12-11,3245.4787926006406,3245.4787926006406,3170.6578743281107,3186.205078125,2054600,0.0,0.0,-0.006062391429531244
2024-12-12,3215.356253769496,3254.224265298895,3204.6675505989115,3247.42236328125,1916800,0.0,0.0,0.019213228168060814
2024-12-13,3233.8185596535345,3543.7909516395557,3180.3750437938756,3477.71533203125,10840900,0.0,0.0,0.07091561952455971
2024-12-16,3458.2812227921563,3574.88525390625,3438.8472176064743,3574.88525390625,3678400,0.0,0.0,0.027940734820939284
2024-12-17,3613.753326846298,3695.3761500393844,3595.2910216002424,3652.621337890625,3367100,0.0,0.0,0.02174505710342256
2024-12-18,3622.498354598707,3652.6210608735355,3599.1775497407752,3607.9228515625,2183700,0.0,0.0,-0.012237372066040142
2024-12-19,3562.2529825813463,3626.385196670372,3511.7245714809014,3605.9794921875,1965100,0.0,0.0,-0.0005386366213896432
2024-12-20,3663.3099968629904,3714.8101108772444,3643.8759915745923,3666.22509765625,7123200,0.0,0.0,0.016707140348211746
2024-12-23,3667.196665905368,3682.743869576403,3603.0644507623488,3614.724853515625,2614400,0.0,0.0,-0.014047212805768039
2024-12-24,3596.262763225325,3610.8382675345333,3570.02685546875,3570.02685546875,1484300,0.0,0.0,-0.012365532608492269
2024-12-25,3607.9231191934123,3610.838220016892,3567.111707664696,3595.291015625,1291700,0.0,0.0,0.007076742326895591
2024-12-26,3616.6683719935045,3638.045777738764,3599.1777672928374,3632.215576171875,1257100,0.0,0.0,0.010270256395491284
2024-12-27,3624.441841865894,3703.1495601477,3610.838038706075,3684.687255859375,1972800,0.0,0.0,0.014446190923172564
2024-12-30,3688.574079720991,3714.8099859782265,3666.2249743907532,3672.05517578125,1602300,0.0,0.0,-0.0034282638392274523
2025-01-06,3661.366341882068,3671.0833438509694,3599.1775292810985,3608.89453125,1920700,0.0,0.0,-0.017200352801837293
2025-01-07,3595.290902431315,3605.979605114219,3531.158686333891,3554.4794921875,2194800,0.0,0.0,-0.015078035279588065
2025-01-08,3575.8568426724137,3585.5738449622845,3495.2057236664873,3522.413330078125,1821200,0.0,0.0,-0.009021338336556495
2025-01-09,3491.3189603471487,3508.809564657265,3423.2999435855845,3439.81884765625,2501000,0.0,0.0,-0.023448265345976105
2025-01-10,3439.8189534066314,3472.856762563644,3421.356648289477,3423.300048828125,2502500,0.0,0.0,-0.004802229291632654
2025-01-14,3389.2905655910517,3434.96047860217,3355.2810559019213,3399.007568359375,2167600,0.0,0.0,-0.007096217136171257
2025-01-15,3438.8471964820324,3465.0831033215395,3386.3753828030185,3402.894287109375,1600300,0.0,0.0,0.001143486347656486
2025-01-16,3449.53570806997,3490.3471164471357,3426.214903283018,3434.960205078125,1792600,0.0,0.0,0.009423130800806812
2025-01-17,3408.7244912920846,3416.4980933246775,3339.7337732528204,3391.23388671875,1704500,0.0,0.0,-0.012729788920037954
2025-01-20,3399.979093050398,3414.554596450157,3349.4506812645677,3361.111083984375,1099200,0.0,0.0,-0.008882549461523781
2025-01-21,3362.0828253249747,3370.8281274717738,3320.2997150680458,3359.167724609375,1015600,0.0,0.0,-0.0005781895707821505
2025-01-22,3349.450813685826,3400.950927734375,3343.620612095424,3400.950927734375,1518600,0.0,0.0,0.01243855816394479
2025-01-23,3397.0638494813456,3507.837670660085,3386.375147437783,3483.545166015625,2265700,0.0,0.0,0.024285630706313066
2025-01-24,3589.4606434840703,3589.4606434840703,3534.07373046875,3534.07373046875,1751400,0.0,0.0,0.014504925885866493
2025-01-27,3643.8759459790094,3658.451449762925,3587.517331347867,3599.177734375,1705400,0.0,0.0,0.018421801261518933
2025-01-28,3622.498507013612,3686.6307230712564,3605.0079026342546,3658.451416015625,2310000,0.0,0.0,0.016468673129007794
2025-01-29,3658.451383344428,3749.791205398711,3653.592882171328,3717.72509765625,1881900,0.0,0.0,0.01620185015472453
2025-01-30,3711.894947506297,3767.2818616444797,3689.545841801416,3761.45166015625,2032300,0.0,0.0,0.011761644917631653
2025-01-31,3755.6214200928557,3773.1120243778937,3728.413813427241,3751.734619140625,1977600,0.0,0.0,-0.0025833220505142584
2025-02-03,3709.9515419407894,3718.6968441611843,3664.2816303453947,3692.4609375,2103700,0.0,0.0,-0.015799007034831836
2025-02-04,3760.4799625014175,3789.6309699626686,3688.5741440969973,3749.791259765625,1903700,0.0,0.0,0.015526317877431861
2025-02-05,3761.4517411470792,4341.55680171665,3757.5649400712364,4264.79248046875,11803900,0.0,0.0,0.13734130382908694
2025-02-06,4332.811385823602,4685.53857421875,4331.839685580089,4685.53857421875,10008000,0.0,0.0,0.09865570146188096
2025-02-07,4652.500890717672,4726.350111205254,4570.878068073502,4587.39697265625,5021200,0.0,0.0,-0.020945639441003583
2025-02-10,4469.820824170729,4623.349452479202,4461.075522558222,4584.4814453125,3582300,0.0,0.0,-0.0006355515690332769
2025-02-12,4652.500812037375,4720.51982975722,4549.500585204467,4660.2744140625,4671500,0.0,0.0,0.016532506381391476
2025-02-13,4660.274696598832,4738.982421875,4606.831179436001,4738.982421875,2936200,0.0,0.0,0.016889135878993766
2025-02-14,4750.64242325254,4778.8217299153175,4684.566807629472,4711.7744140625,2585400,0.0,0.0,-0.005741318576517274
2025-02-17,4756.472712765873,4826.435130604309,4745.7840100405565,4776.87841796875,2144700,0.0,0.0,0.01381730069927456
2025-02-18,4764.246105981692,4836.151921164773,4743.84040167298,4809.916015625,2301300,0.0,0.0,0.006916147903613279
2025-02-19,4843.925485487108,4883.765193592419,4738.981864136535,4788.53857421875,2538400,0.0,0.0,-0.004444452114507946
2025-02-20,4746.755560287639,4751.614061372888,4644.727037497424,4714.689453125,2634300,0.0,0.0,-0.015422058306337916
2025-02-21,4730.236891368152,4841.982421875,4724.406689776491,4841.982421875,2802100,0.0,0.0,0.026999226569552226
2025-02-25,4826.435290666223,4964.4167304235425,4784.652178627035,4953.72802734375,3674400,0.0,0.0,0.023078482268731104
2025-02-26,4984.8226369938375,4987.7377379511445,4826.435484980193,4898.34130859375,3249900,0.0,0.0,-0.011180815427143886
2025-02-27,4923.605304033252,4931.37890625,4840.0390802032025,4931.37890625,1999500,0.0,0.0,0.006744649989637974
2025-02-28,4901.2562777343755,4916.803482421875,4785.623942871094,4858.50146484375,3536900,0.0,0.0,-0.014778309027092873
2025-03-03,4916.803029805672,4972.18994140625,4876.963321461397,4972.18994140625,1779100,0.0,0.0,0.02339990579094242
2025-03-04,4984.82213091349,5011.0580368656665,4843.925598948099,4944.982421875,2433200,0.0,0.0,-0.005471938894505479
2025-03-05,4916.803140504666,4935.265444787193,4840.038822698368,4920.68994140625,2346200,0.0,0.0,-0.004912551430170442
2025-03-06,4908.057849625043,4966.35986328125,4875.020041886525,4966.35986328125,2075800,0.0,0.0,0.009281202924553256
2025-03-07,4966.35976984776,5004.256078011341,4781.736730076467,4808.9443359375,3111200,0.0,0.0,-0.031696359441771516
2025-03-10,4808.944700645655,4831.293807155021,4709.831271778034,4814.77490234375,2242900,0.0,0.0,0.0012124420660637458
2025-03-11,4746.755583347023,4806.029296875,4590.311847642034,4806.029296875,2785300,0.0,0.0,-0.0018164100391261373
2025-03-12,4858.501367697249,4893.48257754467,4790.482348549488,4840.0390625,2555300,0.0,0.0,0.007076479048330864
2025-03-13,4892.510644161341,4939.152255068936,4832.265230072362,4874.04833984375,2287100,0.0,0.0,0.00702665348452447
2025-03-14,4846.840985033886,4857.529688088291,4781.737066429781,4839.0673828125,3178400,0.0,0.0,-0.007176981964928886
2025-03-17,4890.567346856447,4910.001351811172,4824.491730010383,4869.18994140625,1895100,0.0,0.0,0.006224868597767497
2025-03-18,4936.2368432903495,4936.2368432903495,4848.783828350166,4888.62353515625,2025100,0.0,0.0,0.0039911348671659574
2025-03-19,4873.076752541611,4952.756173021853,4852.6710472966715,4914.85986328125,2243000,0.0,0.0,0.005366812955901246
2025-03-21,4949.840737022396,5147.095874363492,4938.18033481504,5092.6806640625,6246600,0.0,0.0,0.036180238242343954
2025-03-24,5122.803460445172,5128.633661652052,5023.690039928213,5042.15234375,1727200,0.0,0.0,-0.009921753128772193
2025-03-25,5065.4735563687,5081.020760838659,5004.256438768234,5046.03955078125,1603400,0.0,0.0,0.0007709420037791404
2025-03-26,5119.888069007664,5150.010773532096,5029.519955434364,5055.755859375,2273600,0.0,0.0,0.0019255315968036424
2025-03-27,5023.690513973589,5101.426537400647,4992.596104602767,5088.79443359375,2458600,0.0,0.0,0.0065348436787124875
2025-03-28,5144.82264145759,5156.618184387948,5059.3049552124985,5100.58935546875,2056700,60.0,0.0,0.002317822429048322
2025-03-31,4964.941404688749,5029.816901166567,4903.014794414468,4918.7421875,2846600,0.0,0.0,-0.03565218748178134
2025-04-01,5012.122973219838,5082.896233481032,4921.6904739972015,4939.3837890625,2087000,0.0,0.0,0.004196520324841746
2025-04-02,4907.929406706473,4947.247887833702,4829.292444452013,4903.99755859375,1802500,0.0,0.0,-0.007164098191176693
2025-04-03,4701.507353099896,4824.37760589887,4700.524391077504,4802.75244140625,3158300,0.0,0.0,-0.020645425691552033
2025-04-04,4767.365925079243,4781.127393728956,4581.586098308114,4671.03564453125,3085900,0.0,0.0,-0.027425273003751416
2025-04-07,4395.8058721532825,4459.698399364813,4236.566035103007,4326.99853515625,4043900,0.0,0.0,-0.07365328281701111
2025-04-08,4475.425656427018,4634.6654887005025,4468.544922933719,4533.42041015625,2718200,0.0,0.0,0.04770555694041767
2025-04-09,4464.613357911463,4532.437735211307,4335.845337240745,4407.6015625,2804300,0.0,0.0,-0.027753624476207217
2025-04-10,4682.831095585419,4836.173171763278,4598.29636128224,4811.59912109375,3356300,0.0,0.0,0.09165927383976191
2025-04-11,4511.795706848027,4617.955605832686,4447.903175051704,4589.44970703125,3519400,0.0,0.0,-0.046169559947047745
2025-04-14,4641.546196471409,4778.177903652587,4641.546196471409,4737.87646484375,1866800,0.0,0.0,0.03234086160375682
2025-04-15,4796.8548225547975,4857.798469890535,4708.388237712598,4753.6044921875,1680100,0.0,0.0,0.003319636436377449
2025-04-16,4822.411838185414,4903.0147266344975,4758.519304658701,4799.8037109375,2487400,0.0,0.0,0.009718776315094768
2025-04-17,4785.058829554116,4887.2868735708835,4743.774427162728,4836.1728515625,1726300,0.0,0.0,0.007577214156096579
2025-04-18,4811.59907232357,4969.85595703125,4787.025021903122,4969.85595703125,1645300,0.0,0.0,0.027642334046343864
2025-04-21,4904.980609906224,4912.844306274812,4755.570378903069,4828.3095703125,2403200,0.0,0.0,-0.028480983743300103
2025-04-22,4828.309479019122,4895.150896888279,4773.263605479816,4857.79833984375,2199100,0.0,0.0,0.006107472833259298
2025-04-23,4942.333148674243,4942.333148674243,4819.462893386995,4865.662109375,2412100,0.0,0.0,0.0016187929142201796
2025-04-24,4863.69581167266,4864.678773639449,4684.796733717037,4715.2685546875,2489800,0.0,0.0,-0.03090916535238375
2025-04-25,4721.166430282195,4757.536023852972,4665.13759694343,4713.302734375,2224100,0.0,0.0,-0.0004169052705482734
2025-04-28,4683.813926241623,4733.944988201398,4649.41025626923,4712.31982421875,1878000,0.0,0.0,-0.00020853957652278154
2025-04-30,4674.967053792433,4864.6787109375,4658.256700572401,4864.6787109375,2913500,0.0,0.0,0.03233203441237342
2025-05-01,4853.866564867424,4890.23616043245,4795.871804371844,4865.662109375,1584700,0.0,0.0,0.000202150747445895
2025-05-02,4875.491407954771,5013.106084792204,4850.917358519515,4955.111328125,2418400,0.0,0.0,0.018383771157814754
2025-05-07,4943.31591796875,5019.003992274495,4863.695995647122,4943.31591796875,3902600,0.0,0.0,-0.0023804531069362422
2025-05-08,4954.1288986354775,5003.277002788607,4521.625582087936,4538.3359375,7948800,0.0,0.0,-0.0819247620805833
2025-05-09,4596.330005289714,4759.501686401367,4439.0560957845055,4718.21728515625,6245300,0.0,0.0,0.039635970129469955
2025-05-12,4688.728613260565,4716.251548516601,4616.972389200183,4640.5634765625,2942600,0.0,0.0,-0.016458294287983066
2025-05-13,4654.325211047135,4799.803591455789,4610.091919706666,4728.04736328125,2846000,0.0,0.0,0.018851996564769324
2025-05-14,4693.643862800802,4712.320142045454,4581.586187332888,4595.34765625,2007200,0.0,0.0,-0.028066492747474636
2025-05-15,4500.0004572049365,4535.387092517164,4466.579746076722,4509.830078125,2827500,0.0,0.0,-0.018609599212518813
2025-05-16,4505.897571385783,4632.6996627271365,4485.255370469748,4615.00634765625,2599400,0.0,0.0,0.023321559284774196
2025-05-19,4662.189140550231,4683.814306287551,4592.398832943429,4621.8876953125,2060000,0.0,0.0,0.0014910808648713747
2025-05-20,4678.899026170613,4789.973729943151,4563.892474476924,4565.8583984375,3002300,0.0,0.0,-0.01212260023795575
2025-05-21,4565.85843672992,4652.359091720713,4513.761451337738,4537.3525390625,2236900,0.0,0.0,-0.006243264001519422
2025-05-22,4571.756230574325,4696.592403716217,4514.744434966216,4546.19921875,2816400,0.0,0.0,0.001949744837179468
2025-05-23,4575.688203351389,4705.4391899985185,4561.926735070634,4664.15478515625,2650700,0.0,0.0,0.025945973929114796
2025-05-26,4668.086469416201,4688.7286711129245,4621.887256094963,4685.77978515625,1773700,0.0,0.0,0.004636424174605525
2025-05-27,4670.052663936097,4718.217804018789,4639.580840618476,4708.38818359375,1706700,0.0,0.0,0.004824895636179827
2025-05-28,4767.36564988004,4767.36564988004,4579.619909853836,4583.5517578125,2195700,0.0,0.0,-0.026513622265946335
2025-05-29,4521.624978418508,4549.147913069752,4416.448049572687,4447.90283203125,4599200,0.0,0.0,-0.02959471888804166
2025-05-30,4411.533463201697,4517.693359375,4396.789033177627,4517.693359375,5959600,0.0,0.0,0.01569065916664325
2025-06-02,4477.391887470995,4527.52294921875,4440.039331658943,4527.52294921875,1840000,0.0,0.0,0.002175798369172588
2025-06-03,4570.773642595288,4570.773642595288,4454.784117901472,4474.443359375,1781700,0.0,0.0,-0.011723759424103863
2025-06-04,4483.289960158929,4599.2794833553235,4471.4944154270925,4586.5009765625,2798200,0.0,0.0,0.025043923497816367
2025-06-05,4595.347534581675,4598.296420700123,4477.39208984375,4477.39208984375,1844400,0.0,0.0,-0.023789134086378283
2025-06-06,4503.9318745448045,4563.8925564189285,4499.0170645551225,4555.0458984375,1778500,0.0,0.0,0.017343535485734085
2025-06-09,4506.880468059629,4604.1936995400865,4504.914544191336,4588.46630859375,1507100,0.0,0.0,0.007337008430082781
2025-06-10,4567.824115708676,4634.66552734375,4540.301181505998,4634.66552734375,2191800,0.0,0.0,0.010068553552081916
2025-06-11,4621.887630320873,4621.887630320873,4533.421044457649,4549.1484375,1744900,0.0,0.0,-0.018451620583883277
2025-06-12,4541.284740978825,4560.943982281763,4504.915144568388,4549.1484375,2127200,0.0,0.0,0.0
2025-06-13,4580.602578901558,4764.416459213702,4551.113721097471,4746.72314453125,4915300,0.0,0.0,0.04343114095873024
2025-06-16,4738.859582192625,4751.638087599907,4654.324854113685,4734.927734375,1902800,0.0,0.0,-0.0024849585276190966
2025-06-17,4690.694600465439,4776.212293307119,4679.882018611894,4731.97900390625,1613200,0.0,0.0,-0.0006227614515301738
2025-06-18,4695.609061585586,4917.758454074249,4657.273546952587,4849.93408203125,3533600,0.0,0.0,0.024927219251739796
2025-06-19,4800.7865905637,4847.968768357938,4788.991046115141,4810.6162109375,2100900,0.0,0.0,-0.008106887728519974
2025-06-20,4859.764312806497,4890.236135965276,4750.655526657322,4810.6162109375,6382600,0.0,0.0,0.0
2025-06-23,4791.939807128906,4934.469298828125,4762.450946777343,4914.81005859375,1903200,0.0,0.0,0.02165914782795464
2025-06-24,4983.617285914783,4987.549133872112,4886.304048970885,4935.4521484375,1783900,0.0,0.0,0.0041999771298701916
2025-06-25,4914.809981557681,4992.463979266292,4809.633047952347,4971.82177734375,1780900,0.0,0.0,0.007369057142568858
2025-06-26,5003.276705205951,5012.123363427336,4902.031616672313,4941.35009765625,1970100,0.0,0.0,-0.006128876104601555
2025-06-27,5015.071948401378,5035.714149678609,4945.281648845028,4974.7705078125,1904200,0.0,0.0,0.006763416777957554
2025-06-30,5040.629118521562,5124.1808882318455,5013.106182616999,5082.896484375,2537100,0.0,0.0,0.021734867245171596
2025-07-01,5067.169196696221,5104.521753335301,4951.17967871171,4969.85595703125,1704100,0.0,0.0,-0.022239391986683232
2025-07-02,4903.997814137107,4914.810397010529,4680.865422112828,4714.2861328125,3845200,0.0,0.0,-0.05142399023802191
2025-07-03,4715.268496739928,4737.876621698239,4574.704937216516,4605.1767578125,3295000,0.0,0.0,-0.023144410824063932
2025-07-04,4647.444709365695,4657.274330155386,4598.296605417243,4621.8876953125,1703600,0.0,0.0,0.003628728793449776
2025-07-07,4594.364578361946,4610.091971013591,4545.216476325553,4569.79052734375,1205100,0.0,0.0,-0.011271837699904919
2025-07-08,4614.023837994402,4615.989762083876,4497.051354670726,4532.43798828125,2301400,0.0,0.0,-0.008173796772302344
2025-07-09,4522.608203989214,4554.06298828125,4448.886053304756,4554.06298828125,1741500,0.0,0.0,0.00477116290524271
2025-07-10,4554.06309203179,4580.603066882828,4482.306863730836,4552.09716796875,2592100,0.0,0.0,-0.00043166296064822696
2025-07-11,4591.415526915245,4623.853273091268,4480.3408203125,4480.3408203125,2522200,0.0,0.0,-0.01576336027296832
2025-07-14,4462.647298901106,4463.630260861217,4398.754771493932,4419.39697265625,1735900,0.0,0.0,-0.0136025025997909
2025-07-15,4442.988233024691,4442.988233024691,4330.930565200617,4379.095703125,2446400,0.0,0.0,-0.00911917842651444
2025-07-16,4364.3516872329665,4417.4316401858,4316.186544738728,4371.232421875,2118900,0.0,0.0,-0.001795640420552691
2025-07-17,4374.180915404127,4521.625215923366,4360.4194473556645,4499.01708984375,2351100,0.0,0.0,0.029233098503130606
2025-07-18,4543.250419355005,4567.824469654415,4470.51123046875,4470.51123046875,1640400,0.0,0.0,-0.006336019358395006
2025-07-22,4514.744446714964,4551.114040559609,4438.07341104247,4462.6474609375,1779800,0.0,0.0,-0.001759031378258169
2025-07-23,4600.262135090125,4739.842738334313,4552.096997350934,4703.47314453125,3841000,0.0,0.0,0.05396475650423849
2025-07-24,4780.143894882627,4822.41125813164,4738.859493569637,4764.41650390625,2850100,0.0,0.0,0.012957097341112611
2025-07-25,4998.361793754027,5051.441742006282,4732.962052492751,4767.36572265625,5777100,0.0,0.0,0.0006190094311826488
2025-07-28,4779.1612753247255,4791.939781408481,4698.558390796419,4748.689453125,1856200,0.0,0.0,-0.003917523978178017
2025-07-29,4752.62139948688,4820.44577933478,4750.655475433318,4811.59912109375,2150200,0.0,0.0,0.013247795752857838
2025-07-30,4749.67233025163,4824.37744140625,4727.064204507468,4824.37744140625,1788300,0.0,0.0,0.0026557325310998525
2025-07-31,4825.360403395127,4845.019643172658,4783.093037873434,4824.37744140625,2006200,0.0,0.0,0.0
2025-08-01,4869.593763133217,4919.7248252890095,4821.428624983535,4897.11669921875,1767700,0.0,0.0,0.015077439254275626
2025-08-04,4775.229341962421,4846.002605161535,4739.842710362864,4824.37744140625,2065100,0.0,0.0,-0.014853486710681096
2025-08-05,4932.503457410991,5098.624040173538,4808.650241860218,4903.99755859375,6120300,0.0,0.0,0.016503708127010075
2025-08-06,5008.191272682562,5153.669645274715,4924.639504639771,5019.98681640625,3820600,0.0,0.0,0.023651981149387158
2025-08-07,4940.367078722153,5175.2949998949725,4929.554496576123,5118.283203125,2396400,0.0,0.0,0.01958100495353876
2025-08-08,5148.755178334235,5268.676547512696,5131.0618615702,5226.4091796875,3470600,0.0,0.0,0.02112543840803549
2025-08-12,5287.352425969916,5422.01821558841,5262.778376769461,5372.8701171875,3479500,0.0,0.0,0.028023243581696944
2025-08-13,5455.439291494261,5593.053976324747,5411.205999941604,5523.263671875,3033100,0.0,0.0,0.027991287972214174
2025-08-14,5514.417069354564,5529.161500021288,5303.0802297981945,5411.2060546875,2277400,0.0,0.0,-0.02028829761615558
2025-08-15,5465.269146809778,5502.621705726824,5386.632180668631,5463.30322265625,1439700,0.0,0.0,0.009627644455272755
2025-08-18,5473.132364649681,5631.389245164875,5472.149402658903,5555.701171875,1838000,0.0,0.0,0.016912469517631257
2025-08-19,5527.195341974431,5534.076075994318,5353.2110674715905,5406.291015625,1814700,0.0,0.0,-0.02689312323102777
2025-08-20,5496.7231964989005,5528.177978739238,5325.687818067068,5365.9892578125,1961900,0.0,0.0,-0.007454603848742525
2025-08-21,5365.989857227323,5375.81947777546,5250.9832968141345,5299.1484375,1670200,0.0,0.0,-0.01245638354851053
2025-08-22,5290.301392429537,5368.9383510684,5243.119217246219,5362.0576171875,1372600,0.0,0.0,0.011871563974754196
2025-08-25,5362.057647878934,5362.057647878934,5170.380060099577,5176.27783203125,2062900,0.0,0.0,-0.03464710721510211
2025-08-26,5175.294878323328,5205.766700019059,5112.385310951496,5157.6015625,2392700,0.0,0.0,-0.0036080500578388186
2025-08-27,5067.1689453125,5116.317043715143,4973.787558347478,5067.1689453125,2041400,0.0,0.0,-0.017533850975426146
2025-08-28,5062.254611767359,5088.794587401868,5021.953167285327,5039.646484375,1541200,0.0,0.0,-0.005431526210106008
2025-08-29,4999.344748221296,5076.9987464732585,4981.651432163886,5008.19140625,1527600,0.0,0.0,-0.006241524722522485
2025-09-01,4973.788045447288,5009.174679762724,4907.929587138005,5002.2939453125,1401200,0.0,0.0,-0.0011775630081031219
2025-09-02,4990.498011513362,5007.20836530413,4924.6395583379835,4954.12841796875,1413900,0.0,0.0,-0.009628687932040525
2025-09-03,4937.417737920758,4939.383661766237,4845.01931718324,4867.62744140625,1706800,0.0,0.0,-0.017460382385074746
2025-09-04,4889.253012222038,5129.095741410251,4858.781190071076,4989.51513671875,2942500,0.0,0.0,0.025040473368127536
2025-09-05,4989.5150136480615,5019.986835047409,4909.895093217507,4917.7587890625,1543400,0.0,0.0,-0.014381426990406787
2025-09-08,4934.469298828125,5000.327753613281,4896.133780371094,4914.81005859375,1806500,0.0,0.0,-0.0005996086012408641
2025-09-09,4943.3158005587275,4998.361671473678,4917.7587890625,4917.7587890625,1408300,0.0,0.0,0.000599968347422486
2025-09-10,4938.400827114428,4996.395582050684,4919.7245501010575,4939.3837890625,2148100,0.0,0.0,0.004397328321205096
2025-09-11,4934.469120757409,4940.3668926148885,4867.6277063726475,4908.912109375,1728400,0.0,0.0,-0.00616912574296713
2025-09-12,4963.958202619009,4963.958202619009,4886.304203013682,4932.50341796875,2473000,0.0,0.0,0.004805811973837448
2025-09-16,4905.963391944335,4915.793012044403,4790.95683677353,4822.41162109375,1854300,0.0,0.0,-0.02231965952095316
2025-09-17,4802.7526603869655,4861.730384419552,4778.178608706721,4826.34375,1460100,0.0,0.0,0.0008153864114481824
2025-09-18,4821.42880547875,4850.917666674339,4789.974020203455,4838.13916015625,1142800,0.0,0.0,0.002443963954339212
2025-09-19,4869.593695948213,4902.031441601482,4759.501953125,4759.501953125,3334700,0.0,0.0,-0.01625360586542335
2025-09-22,4817.49651601985,4846.002412564346,4720.183282988639,4726.0810546875,1408000,0.0,0.0,-0.007021931867378761
2025-09-24,4770.31477362278,4787.02512828002,4709.371127225786,4745.74072265625,1650700,0.0,0.0,0.004159824544111679
2025-09-25,4814.548025280845,4846.985772286615,4764.416961726471,4774.24658203125,2058200,0.0,0.0,0.006006619628188492
2025-09-26,4786.0421931046885,4912.844296803703,4773.263686530368,4846.98583984375,2420400,0.0,0.0,0.015235756378036092
2025-09-29,4831.184384444746,4859.823866691046,4750.20377947245,4778.84326171875,2002300,23.0,0.0,-0.014058753290518533
2025-09-30,4740.328362944162,4882.538213832488,4735.390520899429,4863.7744140625,2302900,0.0,0.0,0.01777232432461151
2025-10-01,4861.799229833685,4933.891722983768,4793.657010280866,4829.20947265625,1736600,0.0,0.0,-0.00710660866719337
2025-10-02,4783.781330326853,4803.532698329854,4629.720659903444,4730.45263671875,2463000,0.0,0.0,-0.020449896923435795
2025-10-03,4695.88785622107,4804.5203828634085,4690.950014100965,4773.90576171875,1371400,0.0,0.0,0.009185828151561548
2025-10-06,4925.990957178919,4975.369374953368,4851.923330517247,4963.5185546875,2361500,0.0,0.0,0.03971858734397893
2025-10-07,4941.792297326298,4942.779865731039,4814.395973114649,4889.451171875,1920200,0.0,0.0,-0.01492235437350209
2025-10-08,4906.2395406420765,4965.493641374469,4860.811396747243,4879.5751953125,1731300,0.0,0.0,-0.0020198538067642824
2025-10-09,4940.804621750644,4943.767326900605,4784.768817186063,4833.15966796875,1579800,0.0,0.0,-0.00951220659297114
2025-10-10,4835.135014779092,4969.444320745178,4760.0798143862785,4761.0673828125,2626000,0.0,0.0,-0.014916181154542407
2025-10-14,4622.807538505643,4727.489785692483,4611.944286439084,4676.13623046875,2198100,0.0,0.0,-0.017838678916906825
2025-10-15,4686.999736264352,4740.328431114388,4652.434841454142,4687.9873046875,1466300,0.0,0.0,0.002534373173632254
2025-10-16,4687.9873153112785,4720.577073349044,4632.683483489616,4675.14892578125,1814500,0.0,0.0,-0.0027385694695488683
2025-10-17,4606.019082140176,4659.347776487425,4582.317440208066,4604.0439453125,1880100,0.0,0.0,-0.015209136991688021
2025-10-20,4690.949609987905,4774.892918798216,4642.558761379609,4720.57666015625,1701400,0.0,0.0,0.025310947555658103
2025-10-21,4772.91805544852,4888.463557721948,4740.32829839704,4805.5078125,1916000,0.0,0.0,0.017991690095959356
2025-10-22,4805.507626947101,4892.413642395384,4802.544921875,4802.544921875,1983600,0.0,0.0,-0.0006165614000861463
2025-10-23,4829.209316744663,4835.134726949257,4760.079531024391,4787.7314453125,1526100,0.0,0.0,-0.003084505570166818
2025-10-24,4810.445587367706,4866.736985125858,4747.2412109375,4747.2412109375,1367800,0.0,0.0,-0.008457081362540197
2025-10-27,4795.632051510633,4857.848859427678,4760.07958984375,4760.07958984375,1630400,0.0,0.0,0.002704387313766654
2025-10-28,4765.017392614579,4783.781191673579,4734.402773097262,4762.0546875,1117400,0.0,0.0,0.0004149295445530221
2025-10-29,4692.9250395569625,4751.191575191192,4631.695798720992,4681.07421875,1824300,0.0,0.0,-0.017005363034273246
2025-10-30,4628.733220335337,4669.2235258684605,4592.193188512762,4662.310546875,1647900,0.0,0.0,-0.004008411530806777
2025-10-31,4668.235596313222,4772.917841544701,4652.434502693376,4742.30322265625,1987000,0.0,0.0,0.0171573032248713
2025-11-04,4720.576903534729,4781.806143706101,4685.02444149974,4745.26611328125,2327300,0.0,0.0,0.0006247788228397333
2025-11-05,4814.395692788971,4920.065505943519,4741.315635093303,4767.97998046875,3202000,0.0,0.0,0.004786637175927311
2025-11-06,4835.13475164915,4898.339127487701,4380.8533003095645,4416.40576171875,6807100,0.0,0.0,-0.07373651319639896
2025-11-07,4485.535780093544,4557.62827501799,4426.281674676193,4503.31201171875,3308500,0.0,0.0,0.01967804923028149
2025-11-10,4496.398878012256,4546.764865883688,4426.2815223481075,4461.833984375,2153600,0.0,0.0,-0.009210560413272173
2025-11-11,4479.610176126936,4501.336680508503,4424.306346792036,4463.80908203125,1416800,0.0,0.0,0.0004426649810742589
2025-11-12,4532.938866553369,4586.267559101055,4506.274520279525,4562.56591796875,1827500,0.0,0.0,0.02212389332129794
2025-11-13,4552.689980400934,4600.093260023329,4520.100225660536,4550.71484375,1532600,0.0,0.0,-0.002597458191689217
2025-11-14,4542.814560383656,4558.615654506729,4484.548025804822,4549.7275390625,2113000,0.0,0.0,-0.00021695595558046676
2025-11-17,4546.764666985286,4562.56576052824,4450.970537381121,4471.70947265625,1926800,0.0,0.0,-0.017147854621273884
2025-11-18,4421.343681916021,4455.90857556513,4377.890672757141,4412.45556640625,2123900,0.0,0.0,-0.013250839888487298
2025-11-19,4413.443126088743,4440.107472565448,4371.965253791645,4375.91552734375,1796700,0.0,0.0,-0.008281112072990315
2025-11-20,4375.915410143044,4430.2316700297215,4357.151611273101,4381.8408203125,1695300,0.0,0.0,0.0013540693214311172
2025-11-21,4381.840924974898,4518.125362127599,4364.064694041937,4487.5107421875,3895200,0.0,0.0,0.024115417745244283
2025-11-25,4517.137547283,4537.876482239917,4416.405577492254,4462.8212890625,2582300,0.0,0.0,-0.005501814824172335
2025-11-26,4455.908485550709,4561.578301143334,4448.995506960538,4528.0009765625,1887900,0.0,0.0,0.01460504090982595
2025-11-27,4508.249502119512,4545.7770992894,4486.52299849484,4521.087890625,1453700,0.0,0.0,-0.0015267412646956524
2025-11-28,4528.00113317095,4569.479006146562,4503.311923066419,4520.1005859375,1517500,0.0,0.0,-0.00021837768063459606
2025-12-01,4470.721962890625,4498.373876953125,4376.90296875,4394.67919921875,2071200,0.0,0.0,-0.02774747692760393
2025-12-02,4412.455636664926,4414.430773476324,4348.263690294464,4371.96533203125,1399200,0.0,0.0,-0.005168492660747037
2025-12-03,4350.238563410676,4371.965067019083,4274.19580078125,4274.19580078125,1575300,0.0,0.0,-0.022362833148216077
2025-12-04,4286.04652584789,4373.94010667749,4282.096252552177,4353.201171875,1637500,0.0,0.0,0.018484265760428942
2025-12-05,4272.220781304229,4284.071601779414,4229.755341268148,4268.2705078125,2011300,0.0,0.0,-0.019509933198405105
2025-12-08,4297.897714252978,4324.562061285339,4259.382546317348,4309.74853515625,1139000,0.0,0.0,0.009717759750191624
2025-12-09,4295.922630081123,4313.698861653873,4226.792840631542,4245.556640625,1261500,0.0,0.0,-0.014894580045126116
2025-12-10,4212.966766251089,4251.48193359375,4194.202966776459,4251.48193359375,1733800,0.0,0.0,0.0013956457233550434
2025-12-11,4265.307704923764,4272.220683375828,4185.314668549875,4248.51904296875,1595300,0.0,0.0,-0.0006969077303582427
2025-12-12,4280.1211311522065,4296.909792718794,4228.767578125,4228.767578125,2279300,0.0,0.0,-0.004649023493595639
2025-12-15,4226.792558344179,4264.320155824805,4145.811953254407,4173.4638671875,2298400,0.0,0.0,-0.013077973644988306
2025-12-16,4128.035596226907,4212.96647213014,4110.259366386696,4142.84912109375,1860600,0.0,0.0,-0.007335572337033636
2025-12-17,4148.774881551078,4188.277617866727,4134.9489238406,4174.45166015625,1623100,0.0,0.0,0.007628213854468546
2025-12-18,4163.588525008884,4195.190714952026,4150.750135344483,4168.5263671875,1696800,0.0,0.0,-0.0014194182736154692
2025-12-19,4148.774590177221,4214.941668858934,4126.060518390962,4164.57568359375,2284500,0.0,0.0,-0.0009477410590101876
2025-12-22,4149.762138441301,4197.165418461573,4091.495606749717,4140.8740234375,1313300,0.0,0.0,-0.005691254513544353
2025-12-23,4122.110636507207,4244.569122114992,4116.185225913282,4230.7431640625,1961500,0.0,0.0,0.02170294003544604
2025-12-24,4245.55625717446,4245.55625717446,4143.83671902862,4153.71240234375,1296500,0.0,0.0,-0.018207383131426558
2025-12-25,4187.289931785967,4205.066162628455,4159.638017142098,4180.376953125,590800,0.0,0.0,0.006419450409278271
2025-12-26,4183.339550735033,4223.829853279919,4150.749795028174,4173.4638671875,1324100,0.0,0.0,-0.0016536991795278455
2025-12-29,4209.0165149673385,4209.0165149673385,4144.824569056293,4176.4267578125,1010900,0.0,0.0,0.0007099356120690015
2025-12-30,4169.513672577226,4184.327198178519,4120.13525390625,4120.13525390625,1340300,0.0,0.0,-0.013478388864583857
2026-01-05,4169.513486237853,4194.202694469957,4100.383703187959,4166.55078125,1996000,0.0,0.0,0.011265534863144078
2026-01-06,4169.513690964658,4212.966699586744,4144.824481520292,4193.21533203125,1396300,0.0,0.0,0.006399670178326877
2026-01-07,4124.085752156722,4141.861983847053,4065.819214949527,4121.123046875,1518200,0.0,0.0,-0.017192602680227154
2026-01-08,4101.371270018477,4137.911298188639,4090.508018400321,4117.17236328125,1536900,0.0,0.0,-0.0009586424741055977
2026-01-09,4131.986083578344,4270.245656164618,4070.756844290137,4156.67529296875,3252500,0.0,0.0,0.00959467474323028
2026-01-13,4205.066341595469,4256.419899548256,4146.7998046875,4146.7998046875,2586000,0.0,0.0,-0.0023758142229571844
2026-01-14,4145.812204819122,4228.767951652091,4128.035973354914,4185.31494140625,2049800,0.0,0.0,0.00928791804109097
2026-01-15,4164.575957649298,4209.016535807757,4132.973768736617,4150.75,1656800,0.0,0.0,-0.008258623757149364
2026-01-16,4102.359023184698,4130.010937640445,4074.707108728952,4120.13525390625,1327800,0.0,0.0,-0.0073757142910919615
2026-01-19,4064.831357414752,4093.4708397677714,4056.9308105587465,4061.86865234375,1252500,0.0,0.0,-0.014141914760506524
2026-01-20,4093.4710451577594,4152.725149550875,4074.707245433273,4088.533203125,1759900,0.0,0.0,0.006564601926717595
2026-01-21,4019.40322265625,4068.781640625,4010.5151074218747,4049.0302734375,2207300,0.0,0.0,-0.009661883058038168
2026-01-22,4063.843937126467,4071.744484270334,3988.788739259733,4017.42822265625,1947700,0.0,0.0,-0.007804844282979562
2026-01-23,4121.122872820033,4137.911535374056,4053.9682226039386,4055.943359375,2280900,0.0,0.0,0.009587013030262659
2026-01-26,4013.4779686347433,4053.9682729442966,3991.7514638832754,4016.440673828125,1838100,0.0,0.0,-0.009739456902317811
2026-01-27,4010.5151964747265,4019.4033119064607,3954.2237987404096,3958.174072265625,1612600,0.0,0.0,-0.014507024077854758
2026-01-28,3916.696307418938,3958.1741805686092,3883.118981535871,3940.39794921875,1805900,0.0,0.0,-0.0044909907250997305
2026-01-29,3900.895214104863,3944.348224084765,3888.056824792619,3915.708740234375,2277600,0.0,0.0,-0.006265663849832737
2026-01-30,3928.546982032224,3999.651904783939,3905.8329094865376,3960.149169921875,2798600,0.0,0.0,0.011349268455763672
2026-02-02,3972.987647511563,3986.813605022168,3933.4849117669787,3943.360595703125,1972300,0.0,0.0,-0.004239379250221775
2026-02-03,3972.000135848546,3991.7515040029393,3931.509831132039,3989.7763671875,2484800,0.0,0.0,0.01177061299820048
2026-02-04,3884.1064161799623,3919.658877655294,3835.715565838539,3873.2431640625,2679800,0.0,0.0,-0.029207953629528216
2026-02-05,3927.5594718519933,4111.247191682134,3833.740475164556,3957.1865234375,6532000,0.0,0.0,0.021672628290900997
2026-02-06,4094.458273195396,4210.003767156772,3995.7014407497763,4142.84912109375,5689000,0.0,0.0,0.046917828249088966
2026-02-09,4323.574349737883,4327.524623241527,4068.7817087528724,4082.607666015625,4368500,0.0,0.0,-0.014541069036620113
2026-02-10,4083.595485499768,4205.0664032062905,4075.694938006661,4119.14794921875,3066000,0.0,0.0,0.008950231369840633
2026-02-12,4098.408771047309,4118.160138618621,4019.403300762059,4020.390869140625,3461600,0.0,0.0,-0.023975123325408965
2026-02-13,4020.3908405865222,4099.39631031065,3944.3480759770496,3960.149169921875,4885300,0.0,0.0,-0.014984040402924004
2026-02-16,4029.2789749630447,4051.993047616023,4005.5773339338507,4008.5400390625,1623400,0.0,0.0,0.012219456152854802
2026-02-17,3998.664335805207,4027.3038185758546,3971.999989777363,4009.527587890625,1559300,0.0,0.0,0.00024636122341337163
2026-02-18,4033.2292878242856,4057.9184974706145,4000.639531091131,4006.56494140625,1634500,0.0,0.0,-0.0007389016335297427
2026-02-19,4007.5524217982943,4032.2416309025225,3988.788622879081,4023.353515625,1358600,0.0,0.0,0.004190266341435489
2026-02-20,3996.6892974929237,4012.4903918244995,3962.1244036426024,3979.900634765625,1939900,0.0,0.0,-0.010800164760720765
2026-02-24,3950.2736320828144,3996.689347259787,3945.335790042711,3965.087158203125,1962200,0.0,0.0,-0.0037220719615710385
2026-02-25,4019.403300762059,4034.2168264405436,3986.813544269394,4020.390869140625,1918400,0.0,0.0,0.013947665897604766
2026-02-26,4029.2790123200025,4129.02341924263,4029.2790123200025,4080.632568359375,1818000,0.0,0.0,0.014984040402924004
2026-02-27,4146.799656960562,4192.227802761988,4084.582848580349,4191.240234375,3700500,0.0,0.0,0.027105519588619842
2026-03-02,4147.787070331092,4180.3768258836935,4115.197314778491,4149.76220703125,1914100,0.0,0.0,-0.009896361225864014
2026-03-03,4019.4033986104278,4038.1671982599605,3990.7639149348256,4015.453125,2391900,0.0,0.0,-0.03236548875106149
2026-03-04,4022.3659083364764,4092.48326151396,3972.9874906058544,4050.017822265625,2786700,0.0,0.0,0.008607919502391148
2026-03-05,4119.147756706,4145.812103249051,4015.45307570525,4030.2666015625,2917900,0.0,0.0,-0.004876823157305532
2026-03-06,4029.2788869365004,4097.42110340675,4001.626973006544,4074.70703125,2029500,0.0,0.0,0.011026672446500463
2026-03-09,3977.925494429101,4101.371543784522,3975.9503576394145,4078.657470703125,2836900,0.0,0.0,0.0009695026962253106
2026-03-10,4124.085769969622,4144.82470703125,4075.6949168258207,4144.82470703125,1932300,0.0,0.0,0.016222798017093254
2026-03-11,4147.786993729441,4227.7800286085085,4147.786993729441,4203.0908203125,2465300,0.0,0.0,0.014057557894404438
2026-03-12,4147.787147996116,4216.916933796051,4125.073075518994,4195.1904296875,2469100,0.0,0.0,-0.001879662125505166
2026-03-13,4145.812184174558,4261.357688116535,4142.849478945276,4210.99169921875,2459000,0.0,0.0,0.0037665202083394522
2026-03-16,4235.6806835341895,4275.183417817558,4167.538466895378,4210.00390625,1587900,0.0,0.0,-0.00023457490285083704
2026-03-17,4197.16557634482,4210.991533537485,4161.613114992252,4182.35205078125,1411000,0.0,0.0,-0.0065681305966721615
2026-03-18,4182.3519041814425,4198.152997562057,4106.309142287234,4177.4140625,2046600,0.0,0.0,-0.0011806725548910713
2026-03-19,4109.272147651948,4214.941967358451,4108.284579243476,4125.0732421875,4114500,0.0,0.0,-0.01252947865100451
2026-03-23,4055.943310333652,4098.408750398017,4030.266532620315,4070.7568359375,2402300,0.0,0.0,-0.013167379840556825
2026-03-24,4139.886612302312,4155.687706242396,4009.527587296609,4058.906005859375,1856500,0.0,0.0,-0.0029112105084497797
2026-03-25,4099.396408799115,4099.396408799115,4012.4903900146483,4029.279052734375,2163900,0.0,0.0,-0.007299245925436848
2026-03-26,4002.6146098985937,4016.440567100316,3928.546982032224,3960.149169921875,2187600,0.0,0.0,-0.017156886358016488
2026-03-27,3971.0124316260567,4004.589756340129,3939.4102436598705,3972.0,2606200,0.0,0.0,0.0029925211323185152
2026-03-30,3860.0,3875.0,3795.0,3821.0,3166100,50.0,0.0,-0.03801611278952666
2026-03-31,3841.0,3916.0,3829.0,3867.0,2795200,0.0,0.0,0.012038733315885786
2026-04-01,3937.0,3972.0,3906.0,3972.0,1955200,0.0,0.0,0.027152831652443865
2026-04-02,3967.0,4039.0,3910.0,3932.0,1962100,0.0,0.0,-0.010070493454179208
2026-04-03,3940.0,4041.0,3940.0,3977.0,1723100,0.0,0.0,0.011444557477110928
2026-04-06,3979.0,4017.0,3966.0,3973.0,1182500,0.0,0.0,-0.001005783253708814
2026-04-07,4002.0,4040.0,3998.0,4028.0,1556900,0.0,0.0,0.013843443241882802
2026-04-08,4098.0,4138.0,4055.0,4055.0,2540100,0.0,0.0,0.006703078450844169
2026-04-09,4090.0,4093.0,3924.0,3939.0,2792000,0.0,0.0,-0.028606658446362565
2026-04-10,3946.0,3979.0,3854.0,3854.0,2638200,0.0,0.0,-0.021579080985021593
2026-04-13,3818.0,3852.0,3788.0,3798.0,1991100,0.0,0.0,-0.014530358069538174
2026-04-14,3823.0,3875.0,3803.0,3861.0,1862900,0.0,0.0,0.016587677725118377
2026-04-15,3830.0,3931.0,3821.0,3912.0,2087800,0.0,0.0,0.013209013209013243
2026-04-16,3917.0,3971.0,3906.0,3918.0,1688900,0.0,0.0,0.0015337423312884457
2026-04-17,3938.0,3998.0,3932.0,3935.0,1952000,0.0,0.0,0.004338948443083135
2026-04-20,3975.0,3983.0,3907.0,3932.0,1366400,0.0,0.0,-0.000762388818297377
2026-04-21,3920.0,3940.0,3898.0,3914.0,1628400,0.0,0.0,-0.004577822990844305
2026-04-22,3936.0,3988.0,3890.0,3907.0,1730100,0.0,0.0,-0.0017884517118037513
2026-04-23,3884.0,3907.0,3756.0,3770.0,2213100,0.0,0.0,-0.03506526746864602
2026-04-24,3768.0,3781.0,3722.0,3744.0,1631300,0.0,0.0,-0.006896551724137945
2026-04-27,3717.0,3723.0,3668.0,3682.0,1642900,0.0,0.0,-0.016559829059829112
2026-04-28,3746.0,3765.0,3698.0,3721.0,1693500,0.0,0.0,0.010592069527430636
2026-04-30,3686.0,3688.0,3558.0,3623.0,3004200,0.0,0.0,-0.026337006181134104
2026-05-01,3553.0,3636.0,3553.0,3608.0,1621500,0.0,0.0,-0.004140215291195126
2026-05-07,3635.0,3649.0,3551.0,3615.0,3383300,0.0,0.0,0.0019401330376940251
2026-05-08,3685.0,3708.0,3631.0,3637.0,3125000,0.0,0.0,0.006085753803596106
2026-05-11,3637.0,3715.0,3606.0,3653.0,2422500,0.0,0.0,0.004399230134726428
2026-05-12,3616.0,3673.0,3601.0,3649.0,2194600,0.0,0.0,-0.0010949904188338744
2026-05-13,3675.0,4018.0,3621.0,3817.0,4079800,0.0,0.0,0.04604001096190746
2026-05-14,3821.0,3851.0,3690.0,3804.0,3983400,0.0,0.0,-0.003405816085931379
2026-05-15,3648.0,3723.0,3615.0,3709.0,3937100,0.0,0.0,-0.024973711882229188
2026-05-18,3739.0,3774.0,3609.0,3623.0,2004700,0.0,0.0,-0.0231868428147749
2026-05-19,3749.0,3970.0,3719.0,3901.0,4423900,0.0,0.0,0.0767319900634833
2026-05-20,3971.0,3984.0,3842.0,3860.0,3497500,0.0,0.0,-0.010510125608818255
2026-05-21,3796.0,3835.0,3695.0,3748.0,1878800,0.0,0.0,-0.02901554404145079
2026-05-22,3718.0,3734.0,3662.0,3704.0,2710800,0.0,0.0,-0.011739594450373536
2026-05-25,3660.0,3661.0,3594.0,3651.0,2026100,0.0,0.0,-0.014308855291576661
2026-05-26,3666.0,3697.0,3622.0,3631.0,2378600,0.0,0.0,-0.005477951246233959
2026-05-27,3690.0,3732.0,3651.0,3727.0,2726400,0.0,0.0,0.026438997521343932
2026-05-28,3756.0,3786.0,3631.0,3678.0,2673700,0.0,0.0,-0.013147303461228832
2026-05-29,3608.0,3723.0,3608.0,3641.0,11059300,0.0,0.0,-0.010059815116911341
2026-06-01,3656.0,3769.0,3628.0,3721.0,2291600,0.0,0.0,0.02197198571820924
2026-06-02,3705.0,3790.0,3677.0,3773.0,2679600,0.0,0.0,0.013974737973662998
2026-06-03,3715.0,3770.0,3692.0,3722.0,1883200,0.0,0.0,-0.013517095149748193
2026-06-04,3741.0,3795.0,3693.0,3719.0,2794300,0.0,0.0,-0.000806018269747466
2026-06-05,3780.0,3839.0,3736.0,3751.0,2141100,0.0,0.0,0.008604463565474507
2026-06-08,3821.0,3823.0,3698.0,3719.0,2418000,0.0,0.0,-0.0085310583844308
2026-06-09,3742.0,3743.0,3665.0,3674.0,2302000,0.0,0.0,-0.012100026888948623
2026-06-10,3684.0,3703.0,3580.0,3656.0,2559500,0.0,0.0,-0.004899292324441973
2026-06-11,3637.0,3680.0,3613.0,3665.0,2225400,0.0,0.0,0.002461706783369877
2026-06-12,3671.0,3699.0,3599.0,3666.0,2775100,0.0,0.0,0.00027285129604370795
2026-06-15,3665.0,3693.0,3589.0,3594.0,1936100,0.0,0.0,-0.019639934533551506
2026-06-16,3593.0,3597.0,3530.0,3589.0,2053800,0.0,0.0,-0.0013912075681691283
2026-06-17,3599.0,3634.0,3573.0,3612.0,1971500,0.0,0.0,0.006408470325996118
2026-06-18,3623.0,3631.0,3566.0,3631.0,2259500,0.0,0.0,0.00526024363233657
2026-06-19,3615.0,3642.0,3580.0,3591.0,3010600,0.0,0.0,-0.011016248967226638
2026-06-22,3580.0,3658.0,3547.0,3644.0,1550700,0.0,0.0,0.01475912002227786
2026-06-23,3644.0,3700.0,3595.0,3665.0,2159900,0.0,0.0,0.005762897914379783
2026-06-24,3675.0,3720.0,3658.0,3673.0,1877500,0.0,0.0,0.0021828103683492195
2026-06-25,3686.0,3737.0,3642.0,3731.0,1993600,0.0,0.0,0.015790906615845257
2026-06-26,3724.0,3754.0,3677.0,3698.0,1619500,0.0,0.0,-0.008844813722862499
2026-06-29,3733.0,3868.0,3721.0,3834.0,2604000,0.0,0.0,0.0367766360194699
2026-06-30,3811.0,3844.0,3738.0,3784.0,2417700,0.0,0.0,-0.013041210224308819
2026-07-01,3766.0,3868.0,3764.0,3839.0,2051200,0.0,0.0,0.014534883720930258
2026-07-02,3888.0,3958.0,3839.0,3891.0,1953900,0.0,0.0,0.013545194060953447
2026-07-03,4000.0,4000.0,3903.0,3916.0,1517000,0.0,0.0,0.006425083526085729
2026-07-06,3928.0,4014.0,3904.0,4007.0,1815000,0.0,0.0,0.023237997957099132
2026-07-07,4007.0,4120.0,3995.0,4078.0,2826600,0.0,0.0,0.017718991764412273
2026-07-08,4128.0,4140.0,4031.0,4053.0,2403800,0.0,0.0,-0.006130456105934323
2026-07-09,4000.0,4083.0,4000.0,4043.0,2242100,0.0,0.0,-0.002467308166790083
2026-07-10,4100.0,4140.0,3986.0,4017.0,2475200,0.0,0.0,-0.006430868167202619
2026-07-13,4033.0,4073.0,3999.0,4065.0,1288600,0.0,0.0,0.011949215832711024
2026-07-14,4078.0,4197.0,4070.0,4143.0,2518100,0.0,0.0,0.01918819188191878
2026-07-15,4134.0,4163.0,4056.0,4088.0,1987200,0.0,0.0,-0.013275404296403615
2026-07-16,4090.0,4156.0,4072.0,4108.0,2604700,0.0,0.0,0.004892367906066619
2026-07-17,4178.0,4256.0,4149.0,4189.0,2965300,0.0,0.0,0.01971762414800393
2026-07-21,4205.0,4249.0,4158.0,4187.0,2335700,0.0,0.0,-0.00047744091668655564
2026-07-22,4092.0,4133.0,4055.0,4095.0,2437700,0.0,0.0,-0.021972772868402157
2026-07-23,4059.0,4095.0,4039.0,4093.0,1557700,0.0,0.0,-0.0004884004884004867
2026-07-24,4043.0,4136.0,4043.0,4111.0,1280300,0.0,0.0,0.004397752259956089
2026-07-27,4226.0,4430.0,4218.0,4419.0,2739900,0.0,0.0,0.07492094380929215
2026-07-28,4469.0,4529.0,4412.0,4522.0,3029400,0.0,0.0,0.02330844082371586
2026-07-29,4592.0,4790.0,4549.0,4747.0,4467200,0.0,0.0,0.04975674480318437
2026-07-30,4770.0,4867.0,4678.0,4739.0,2377400,0.0,0.0,-0.0016852749104697695
2026-07-31,4459.0,4620.0,4432.0,4609.0,3081300,0.0,0.0,-0.027431947668284495
2026-08-03,4578.0,4612.0,4445.0,4533.0,2609700,0.0,0.0,-0.01648947711000215
2026-08-04,4533.0,4540.0,4433.0,4462.0,1765100,0.0,0.0,-0.015662916390911108
2026-08-05,4392.0,4463.0,4381.0,4407.0,2641100,0.0,0.0,-0.01232631107126847
2026-08-06,4438.0,4925.0,4364.0,4885.0,7236600,0.0,0.0,0.10846380757885177
2026-08-07,5133.0,5420.0,5132.0,5398.0,8355700,0.0,0.0,0.10501535312180144
2026-08-10,5298.0,5518.0,5233.0,5429.0,4735300,0.0,0.0,0.005742867728788514
2026-08-12,5500.0,5529.0,5308.0,5362.0,3877600,0.0,0.0,-0.012341130963344993
2026-08-13,5326.0,5338.0,5203.0,5252.0,4134400,0.0,0.0,-0.02051473330846698
2026-08-14,5277.0,5467.0,5222.0,5435.0,3602500,0.0,0.0,0.034843869002284755
