Date,Open,High,Low,Close,Volume,Dividends,Stock Splits,Return
2001-01-04,1104.6483957577507,1138.1952017026715,1090.2711932099273,1135.199951171875,106000,0.0,0.0,
2001-01-05,1126.213825566853,1152.572021484375,1117.8271268658232,1152.572021484375,131000,0.0,0.0,0.015303092899684012
2001-01-08,1152.572021484375,1152.572021484375,1152.572021484375,1152.572021484375,0,0.0,0.0,0.0
2001-01-09,1129.2091589486727,1137.5958582724293,1097.4595115087366,1114.23291015625,39000,0.0,0.0,-0.03326396148220634
2001-01-10,1115.4307648629854,1115.4307648629854,1078.28967602222,1107.0440673828125,17000,0.0,0.0,-0.006451831307360489
2001-01-11,1096.261342227946,1099.256591796875,1077.0917449868016,1099.256591796875,66000,0.0,0.0,-0.007034476598883788
2001-01-12,1108.2422591145832,1135.1995032552084,1105.8460596354166,1123.218505859375,66000,0.0,0.0,0.021798290081964655
2001-01-15,1132.204425592073,1144.1854248046875,1126.2139259857659,1144.1854248046875,80000,0.0,0.0,0.018666821135813416
2001-01-16,1144.1853333319677,1150.1758324593602,1136.9967343790968,1142.38818359375,89000,0.0,0.0,-0.0015707604484161974
2001-01-17,1102.2517592207432,1102.2517592207432,1075.2945151093663,1080.0869140625,121000,0.0,0.0,-0.054535989102461935
2001-01-18,1101.0536397021299,1103.4498391356492,1090.2707422512929,1100.45458984375,99000,0.0,0.0,0.01885744148555757
2001-01-19,1105.2468091229487,1105.2468091229487,1066.3085746552026,1072.299072265625,70000,0.0,0.0,-0.0255853515792257
2001-01-22,1068.106080905899,1068.106080905899,1016.5877842385365,1053.7288818359375,113000,0.0,0.0,-0.017318107335904998
2001-01-23,1053.728896985795,1096.261444845938,1048.9364972269057,1090.8699951171875,50000,0.0,0.0,0.035247314486187564
2001-01-24,1114.8317257122853,1117.2279250152671,1108.2421776290853,1111.2374267578125,104000,0.0,0.0,0.018670814791671875
2001-01-25,1106.4453433485714,1106.4453433485714,1084.2804934818162,1104.648193359375,40000,0.0,0.0,-0.005929635953373591
2001-01-26,1096.2613733312587,1096.2613733312587,1074.6955758231027,1090.2708740234375,16000,0.0,0.0,-0.013015292490737962
2001-01-29,1108.2422591145832,1123.218505859375,1106.4451095052082,1123.218505859375,76000,0.0,0.0,0.03021967533109504
2001-01-30,1132.8033656303642,1144.1853137778928,1105.2470701152945,1112.4356689453125,96000,0.0,0.0,-0.009599945921308084
2001-01-31,1116.629098752997,1129.8081975580214,1102.2519000566062,1124.416748046875,97000,0.0,0.0,0.010770132094848783
2001-02-01,1114.8315968118657,1129.208790967419,1114.8315968118657,1128.6097412109375,29000,0.0,0.0,0.0037290383404069427
2001-02-02,1127.4119367410892,1127.4119367410892,1120.22333778206,1120.8223876953125,13000,0.0,0.0,-0.006899952420461597
2001-02-05,1126.8127145887931,1144.1851594176474,1121.4212661936315,1135.7984619140625,110000,0.0,0.0,0.013361683691512027
2001-02-06,1114.8314900496198,1116.029589447846,1093.2657008815456,1108.241943359375,67000,0.0,0.0,-0.024261803021152994
2001-02-07,1122.020751953125,1128.0112524974556,1119.6245517353927,1122.020751953125,20000,0.0,0.0,0.012433032945841083
2001-02-08,1138.7939866474553,1139.9920865808035,1129.2091871806697,1134.0015869140625,81000,0.0,0.0,0.010677908532513491
2001-02-09,1132.204375786804,1144.1853744723785,1126.8129263782953,1137.5958251953125,28000,0.0,0.0,0.003169517858463422
2001-02-12,1137.5958251953125,1137.5958251953125,1137.5958251953125,1137.5958251953125,0,0.0,0.0,0.0
2001-02-13,1135.7988265895242,1148.9779268980526,1133.4026265334282,1142.9874267578125,38000,0.0,0.0,0.004739470243374289
2001-02-14,1119.0250973999343,1154.9680876804462,1119.0250973999343,1141.18994140625,55000,0.0,0.0,-0.0015726204063865046
2001-02-15,1153.1711627859247,1171.142661426744,1153.1711627859247,1154.3692626953125,79000,0.0,0.0,0.011548753464144745
2001-02-16,1163.9538185447982,1196.9015591623813,1162.755718885977,1183.1234130859375,156000,0.0,0.0,0.024908970915846762
2001-02-19,1161.5576095426927,1186.11865234375,1161.5576095426927,1186.11865234375,60000,0.0,0.0,0.002531637211032889
2001-02-20,1183.1237321047438,1183.722782095683,1157.3645824943621,1162.156982421875,107000,0.0,0.0,-0.020201747839077577
2001-02-21,1153.1711742141486,1153.1711742141486,1137.5958752377496,1144.1854248046875,116000,0.0,0.0,-0.015463967337472573
2001-02-22,1136.3977665328778,1141.789216136882,1129.8082170168727,1132.803466796875,33000,0.0,0.0,-0.009947651631513676
2001-02-23,1128.0111579613047,1139.9921580458645,1126.8130579528486,1134.6007080078125,133000,0.0,0.0,0.0015865428237251678
2001-02-26,1135.798534403117,1167.5481769787316,1121.4213377651029,1165.1519775390625,85000,0.0,0.0,0.026926890945532245
2001-02-27,1150.176134163655,1160.3599853515625,1150.176134163655,1160.3599853515625,34000,0.0,0.0,-0.004112761493673345
2001-02-28,1144.1854248046875,1151.3740243322563,1138.1949251983804,1144.1854248046875,32000,0.0,0.0,-0.01393926087685149
2001-03-01,1142.9875151084884,1144.1856152291473,1108.2426116093834,1119.0255126953125,68000,0.0,0.0,-0.021989366027512336
2001-03-02,1087.2755228116366,1089.671722310946,1080.0869243137086,1084.2802734375,46000,0.0,0.0,-0.031049550580955265
2001-03-05,1082.483144124349,1105.2470397949219,1079.4878946940105,1085.4783935546875,46000,0.0,0.0,0.0011049911600706785
2001-03-06,1097.4596040859503,1101.6529541015625,1087.874804050265,1101.6529541015625,64000,0.0,0.0,0.01490085905248395
2001-03-07,1142.9873827118236,1166.3503323584487,1135.199732829615,1162.156982421875,40000,0.0,0.0,0.05492113291672296
2001-03-08,1179.5291741770766,1179.5291741770766,1150.175731041131,1165.1519775390625,58000,0.0,0.0,0.0025771003078656207
2001-03-09,1177.1329859037035,1191.5101826781,1162.156739263707,1190.9111328125,1287000,0.0,0.0,0.022107978847397902
2001-03-12,1166.350077258897,1172.939625717987,1162.7557780993934,1165.1519775390625,36000,0.0,0.0,-0.02162978795286241
2001-03-13,1134.0016328477368,1164.5531823856315,1126.8130329564674,1162.156982421875,44000,0.0,0.0,-0.0025704759335458682
2001-03-14,1162.156982421875,1162.156982421875,1162.156982421875,1162.156982421875,0,0.0,0.0,0.0
2001-03-15,1138.1948224959835,1192.1093140878986,1132.803373336792,1188.5150146484375,53000,0.0,0.0,0.022680268350351085
2001-03-16,1198.099781682602,1308.3249615974014,1198.099781682602,1276.5753173828125,200000,0.0,0.0,0.07409271372177262
2001-03-19,1246.6229216688319,1293.9478667970575,1240.0333723471801,1282.56591796875,66000,0.0,0.0,0.004692712215538686
2001-03-20,1282.56591796875,1282.56591796875,1282.56591796875,1282.56591796875,0,0.0,0.0,0.0
2001-03-21,1250.2172447200926,1273.5801927527154,1236.4390958803408,1247.821044921875,143000,0.0,0.0,-0.027090126565893602
2001-03-22,1246.623013511144,1252.0144633533355,1198.0999649314215,1201.09521484375,162000,0.0,0.0,-0.03744593847673927
2001-03-23,1185.5199152996415,1216.6705143878585,1185.5199152996415,1201.09521484375,100000,0.0,0.0,0.0
2001-03-26,1252.014312526054,1257.40576171875,1204.0903197020903,1257.40576171875,168000,0.0,0.0,0.04688266690191201
2001-03-27,1273.0256020457473,1273.0256020457473,1223.7626953125,1223.7626953125,97000,6.0,0.0,-0.02675593466365478
2001-03-28,1231.5729525720649,1231.5729525720649,1207.5422608145611,1215.9530029296875,54000,0.0,0.0,-0.00638170489485157
2001-03-29,1198.5309431713108,1227.3677778942294,1188.9186649303379,1197.93017578125,41000,0.0,0.0,-0.014821976758158995
2001-03-30,1217.1542129889494,1249.5956382117547,1217.1542129889494,1229.1695556640625,60000,0.0,0.0,0.026077796948757337
2001-04-02,1237.5807459557068,1260.4099053471227,1223.763096850376,1258.0068359375,147000,0.0,0.0,0.023460783047020817
2001-04-03,1261.010346102343,1310.8740234375,1261.010346102343,1310.8740234375,113000,0.0,0.0,0.04202456297513035
2001-04-04,1296.4559360080295,1320.4866299099392,1286.8436584472656,1297.657470703125,195000,0.0,0.0,-0.01008224474516417
2001-04-05,1312.075887044271,1312.075887044271,1297.657470703125,1297.657470703125,26000,0.0,0.0,0.0
2001-04-06,1309.0717905358695,1309.0717905358695,1273.0257568359375,1273.0257568359375,68000,0.0,0.0,-0.0189816761536008
2001-04-09,1263.4133623332002,1272.4248699104699,1223.762728993214,1234.5765380859375,61000,0.0,0.0,-0.030203017137347077
2001-04-10,1237.5803112240892,1237.5803112240892,1195.526611328125,1195.526611328125,135000,0.0,0.0,-0.031630219393570136
2001-04-11,1224.9642012553,1224.9642012553,1195.526611328125,1195.526611328125,77000,0.0,0.0,0.0
2001-04-12,1234.576605371682,1234.576605371682,1193.1236682570125,1196.728271484375,48000,0.0,0.0,0.001005130412709887
2001-04-13,1184.712828917721,1184.712828917721,1140.2560594755753,1145.6629638671875,225000,0.0,0.0,-0.042670762305839105
2001-04-16,1136.6517472759047,1141.4578857421875,1123.4348664936267,1141.4578857421875,152000,0.0,0.0,-0.0036704321057964284
2001-04-17,1141.4576925835033,1178.1044921875,1141.4576925835033,1178.1044921875,151000,0.0,0.0,0.03210508850397442
2001-04-18,1131.84552667374,1291.6496190809667,1116.2255777918308,1278.4327392578125,2040000,0.0,0.0,0.0851607372144243
2001-04-19,1291.6495233142537,1327.0947893028772,1232.1735685197832,1247.1927490234375,559000,0.0,0.0,-0.024436162556749963
2001-04-20,1212.9493130036797,1219.5577540353986,1156.4771805508092,1181.108642578125,285000,0.0,0.0,-0.05298628178928788
2001-04-23,1162.4844379267417,1172.6974795002582,1143.2598890824752,1163.085205078125,179000,0.0,0.0,-0.015259762608000549
2001-04-24,1158.8800852982038,1165.488525390625,1146.2639723944908,1165.488525390625,65000,0.0,0.0,0.0020663321156584313
2001-04-25,1167.8915012102184,1180.507613106008,1162.484596112023,1175.1007080078125,74000,0.0,0.0,0.008247342129744206
2001-04-26,1167.8915012102184,1180.507613106008,1162.484596112023,1175.1007080078125,74000,0.0,0.0,0.0
2001-04-27,1189.51904296875,1190.720577355587,1184.7129054214015,1189.51904296875,67000,0.0,0.0,0.012269871733275872
2001-04-30,1189.51904296875,1189.51904296875,1189.51904296875,1189.51904296875,0,0.0,0.0,0.0
2001-05-01,1226.7666125904764,1254.4019035694978,1224.964311004888,1250.196533203125,157000,0.0,0.0,0.051010104119845634
2001-05-02,1260.4094709568953,1298.8585682596795,1249.5956623404873,1294.6531982421875,243000,0.0,0.0,0.03555974109539428
2001-05-03,1294.6531982421875,1294.6531982421875,1294.6531982421875,1294.6531982421875,0,0.0,0.0,0.0
2001-05-04,1294.6531982421875,1294.6531982421875,1294.6531982421875,1294.6531982421875,0,0.0,0.0,0.0
2001-05-07,1282.037086033101,1324.6915532816251,1282.037086033101,1313.2769775390625,1000,0.0,0.0,0.014385149105692108
2001-05-08,1297.6569592353353,1298.8584934568494,1283.238548577165,1290.44775390625,940,0.0,0.0,-0.017383403519029117
2001-05-09,1273.6268876384302,1303.6652576299025,1225.5654956520743,1227.3677978515625,1000,0.0,0.0,-0.04888222391316599
2001-05-10,1227.3675193675406,1254.4020462258563,1227.3675193675406,1236.3790283203125,810,0.0,0.0,0.007341915344792005
2001-05-11,1257.4056762695313,1284.4401986929088,1249.595703125,1249.595703125,730,0.0,0.0,0.010689824480962784
2001-05-14,1262.8126554685628,1262.8126554685628,1248.9950098568706,1253.8011474609375,850,0.0,0.0,0.003365443979537197
2001-05-15,1254.401750245914,1254.401750245914,1235.1772023494248,1240.5841064453125,83000,0.0,0.0,-0.010541576742365222
2001-05-16,1231.5727844238281,1235.7781549072265,1201.534423828125,1201.534423828125,143000,0.0,0.0,-0.03147685224589725
2001-05-17,1237.5805485423018,1237.5805485423018,1214.7513927924924,1231.5728759765625,88000,0.0,0.0,0.0250000761965139
2001-05-18,1250.797267302302,1276.029488832896,1245.9911298679033,1259.2080078125,127000,0.0,0.0,0.022438892878364536
2001-05-21,1270.6226290751715,1273.6264650777132,1251.9988458594125,1253.8011474609375,108000,0.0,0.0,-0.004293857978996951
2001-05-22,1297.0563156638655,1321.6877695509513,1297.0563156638655,1310.273193359375,279000,0.0,0.0,0.04504067173075943
2001-05-23,1318.0830251533296,1353.5282842618283,1283.8393002518983,1285.6416015625,252000,0.0,0.0,-0.018798821437934432
2001-05-24,1261.0106258838393,1347.5211214185097,1261.0106258838393,1284.4405517578125,101000,0.0,0.0,-0.0009342026605453357
2001-05-25,1337.3079312545522,1348.121742019414,1317.4826115189726,1340.311767578125,210000,0.0,0.0,0.04349848324537109
2001-05-28,1336.706808454423,1416.0080663043034,1336.1060413494997,1381.16357421875,129000,0.0,0.0,0.030479331472588855
2001-05-29,1399.7870370869728,1426.2207837100746,1399.7870370869728,1414.2054443359375,179000,0.0,0.0,0.02392321281415022
2001-05-30,1384.1678114054291,1385.3693459639408,1357.7340511181726,1372.1524658203125,76000,0.0,0.0,-0.029736116972291615
2001-05-31,1349.3230035055212,1412.4035535358328,1349.3230035055212,1370.349853515625,142000,0.0,0.0,-0.0013137113765341324
2001-06-01,1358.9354137664145,1363.7415513924673,1355.330810546875,1355.330810546875,21000,0.0,0.0,-0.010960006256956034
2001-06-04,1373.353742773771,1417.8105130997812,1373.353742773771,1406.9967041015625,129000,0.0,0.0,0.03812050397780031
2001-06-05,1388.973596099624,1388.973596099624,1345.718363003096,1358.33447265625,148000,0.0,0.0,-0.03458588872557866
2001-06-06,1388.372987687794,1392.5783580529235,1375.756876592405,1388.9737548828125,75000,0.0,0.0,0.022556507872944387
2001-06-07,1381.1637962618197,1381.1637962618197,1367.3461506271863,1373.95458984375,54000,0.0,0.0,-0.010813138107371723
2001-06-08,1381.764911358173,1387.7725848858172,1351.726543719952,1366.7457275390625,1968000,0.0,0.0,-0.005246798080500881
2001-06-11,1364.3422999396666,1373.3538078652919,1360.1369295743748,1369.1484375,49000,0.0,0.0,0.0017579787611730069
2001-06-12,1354.1291705877131,1354.1291705877131,1321.687744140625,1321.687744140625,286000,0.0,0.0,-0.03466438850562903
2001-06-13,1339.710962632123,1357.133212818819,1335.5055918974035,1348.1217041015625,105000,0.0,0.0,0.020000155163824473
2001-06-14,1343.315318945482,1393.7797584765287,1343.315318945482,1385.3690185546875,204000,0.0,0.0,0.027629044425145466
2001-06-15,1348.1217746500795,1375.1563022165917,1339.7110327404978,1372.1524658203125,97000,0.0,0.0,-0.009540095496118006
2001-06-18,1354.129589906538,1401.5902099609375,1354.129589906538,1401.5902099609375,86000,0.0,0.0,0.02145369765671501
2001-06-19,1387.1712452679833,1395.58198473691,1363.14056107105,1381.16357421875,84000,0.0,0.0,-0.014573900129308703
2001-06-20,1384.7686525142542,1384.7686525142542,1368.5479351095319,1376.35791015625,120000,0.0,0.0,-0.003479431511374975
2001-06-21,1400.388383131761,1412.4037274743757,1399.7876159146301,1405.7952880859375,90000,0.0,0.0,0.021387880080077082
2001-06-22,1435.833794651261,1495.9105224609375,1433.4307255388742,1495.9105224609375,175000,0.0,0.0,0.06410267208797982
2001-06-25,1477.8877063263628,1489.9030535322681,1433.4309216645129,1438.237060546875,119000,0.0,0.0,-0.03855408532001181
2001-06-26,1441.841552734375,1443.643854675293,1434.6323449707031,1441.841552734375,29000,0.0,0.0,0.0025061878089343015
2001-06-27,1422.6167176986964,1431.027458428334,1417.8105801389036,1428.6243896484375,55000,0.0,0.0,-0.009166862378790386
2001-06-28,1403.9928932689684,1405.194427623499,1370.3499313421125,1375.7568359375,163000,0.0,0.0,-0.03700591568645095
2001-06-29,1393.7799932065216,1401.5899673063857,1357.7339588994564,1381.7646484375,169000,0.0,0.0,0.004366914517932141
2001-07-02,1396.18269978754,1411.8026439331838,1389.5742618797678,1402.7911376953125,136000,0.0,0.0,0.015217127809420639
2001-07-03,1407.5977407955615,1436.4345703125,1397.9854642899154,1436.4345703125,77000,0.0,0.0,0.02398320869952264
2001-07-04,1431.628333498154,1431.628333498154,1420.2137559335445,1423.818359375,33000,0.0,0.0,-0.00878300425111278
2001-07-05,1420.8143684179279,1438.83738366213,1420.8143684179279,1432.8297119140625,80000,0.0,0.0,0.006329004314158615
2001-07-06,1432.8299428455866,1473.6821173166556,1432.8299428455866,1449.0506591796875,90000,0.0,0.0,0.01132091771321253
2001-07-09,1406.3959303992249,1438.8373572431199,1406.3959303992249,1424.4189453125,67000,0.0,0.0,-0.016998518106421168
2001-07-10,1424.41906372431,1425.6205981517453,1399.7876079618907,1423.217529296875,87000,0.0,0.0,-0.0008434428786409098
2001-07-11,1418.4114578015487,1441.841380230291,1409.3999491751092,1425.0198974609375,92000,0.0,0.0,0.001266403853916076
2001-07-12,1402.7916964119272,1402.7916964119272,1378.7610035397743,1384.7686767578125,97000,0.0,0.0,-0.02824607626521114
2001-07-13,1396.7837359996097,1396.7837359996097,1364.9430744908016,1371.551513671875,68000,0.0,0.0,-0.00954467219527455
2001-07-16,1378.7609897824439,1388.3732668353935,1373.954851255969,1379.9625244140625,45000,0.0,0.0,0.006132478917740158
2001-07-17,1373.3542482570695,1405.7956871922756,1373.3542482570695,1395.5826416015625,111000,0.0,0.0,0.011319232885786068
2001-07-18,1406.996591100837,1408.798892455791,1381.7643721314794,1390.77587890625,40000,0.0,0.0,-0.003444269477152817
2001-07-19,1372.7531053585333,1424.4190865667756,1372.7531053585333,1410.6014404296875,81000,0.0,0.0,0.014255036935950427
2001-07-20,1410.6014404296875,1410.6014404296875,1410.6014404296875,1410.6014404296875,0,0.0,0.0,0.0
2001-07-23,1381.765052008035,1381.765052008035,1330.6998218251292,1350.525146484375,91000,0.0,0.0,-0.04258913412637133
2001-07-24,1332.501472534949,1351.7260203803585,1321.687664371906,1334.904541015625,134000,0.0,0.0,-0.011566319597537955
2001-07-25,1315.6802494568233,1338.5094044702294,1310.273344322069,1319.8856201171875,145000,0.0,0.0,-0.011250932510133427
2001-07-26,1315.0793307031965,1315.0793307031965,1280.8356021284674,1310.273193359375,193000,0.0,0.0,-0.007282772545820326
2001-07-27,1322.2886792132683,1360.1370148745295,1321.6879119805499,1357.1331787109375,159000,0.0,0.0,0.03576352289664064
2001-07-30,1386.57080078125,1402.1907491436039,1379.361593844779,1386.57080078125,189000,0.0,0.0,0.021691034109322604
2001-07-31,1332.50169440222,1343.3155043658087,1327.695556640625,1327.695556640625,157000,0.0,0.0,-0.04246104425929953
2001-08-01,1309.6722607198917,1315.679931640625,1291.6492479576912,1315.679931640625,148000,0.0,0.0,-0.009049985096283852
2001-08-02,1333.7031546986807,1345.1177312479037,1321.6878109626566,1343.3154296875,102000,0.0,0.0,0.0210047272001892
2001-08-03,1326.4938813920455,1341.5130603027344,1319.8854426713424,1321.687744140625,44000,0.0,0.0,-0.01610022863498728
2001-08-06,1321.0868354692852,1326.4937392979452,1301.8622885229381,1315.679931640625,106000,0.0,0.0,-0.004545561178602275
2001-08-07,1288.0449065669663,1303.0640869140625,1288.0449065669663,1303.0640869140625,163000,0.0,0.0,-0.009588840281869127
2001-08-08,1272.4252096941807,1275.429046355404,1258.6075610525536,1264.615234375,198000,0.0,0.0,-0.029506493905543607
2001-08-09,1210.5457632027421,1231.5726126876532,1210.5457632027421,1225.56494140625,190000,0.0,0.0,-0.030879189106123195
2001-08-10,1262.2120607777408,1280.2350792562424,1260.4097589298906,1270.622802734375,204000,0.0,0.0,0.036764972467655754
2001-08-13,1265.2156949794787,1310.2732339744744,1265.2156949794787,1303.664794921875,184000,0.0,0.0,0.02600456415262964
2001-08-14,1295.2538078832,1321.6875590644897,1282.6376993648569,1321.0867919921875,143000,0.0,0.0,0.01336386250374777
2001-08-15,1311.4749641881494,1311.4749641881494,1274.2273930568322,1286.843505859375,106000,0.0,0.0,-0.02592054234466601
2001-08-16,1188.9182683658987,1197.9297762110166,1159.4806760718466,1187.115966796875,348000,0.0,0.0,-0.07749779876761342
2001-08-17,1196.1275042798145,1217.1543564394296,1196.1275042798145,1196.728271484375,237000,0.0,0.0,0.008097190970681956
2001-08-20,1195.5267149029355,1195.5267149029355,1161.883752071496,1189.51904296875,113000,0.0,0.0,-0.006024114819885518
2001-08-21,1199.732177734375,1208.7436863302767,1188.3176001795664,1199.732177734375,115000,0.0,0.0,0.008585936329472688
2001-08-22,1156.4768252508277,1163.6860314342093,1136.6515082465278,1162.4844970703125,180000,0.0,0.0,-0.031046663043082345
2001-08-23,1186.5154008188954,1196.7284447753111,1100.6056781266918,1109.6171875,217000,0.0,0.0,-0.045477862030460114
2001-08-24,1142.6595068231886,1169.0932703879732,1141.4579721156986,1150.469482421875,154000,0.0,0.0,0.03681656645380227
2001-08-27,1198.530623936417,1204.53829623685,1150.4692455329516,1152.872314453125,118000,0.0,0.0,0.002088566509553802
2001-08-28,1170.2946737739567,1172.697742919283,1141.45784403004,1148.0662841796875,102000,0.0,0.0,-0.004168744633023191
2001-08-29,1147.4652232364888,1154.0736616949187,1128.8414421263676,1132.446044921875,62000,0.0,0.0,-0.013605694612810137
2001-08-30,1120.430702270184,1134.2483463196286,1103.0084554252321,1132.446044921875,163000,0.0,0.0,0.0
2001-08-31,1132.446163297016,1143.8607400092935,1127.0392585385687,1131.24462890625,111000,0.0,0.0,-0.0010609035379763876
2001-09-03,1143.2599880189762,1146.2638240358417,1113.8223950536951,1116.2254638671875,67000,0.0,0.0,-0.013276673015971685
2001-09-04,1132.446376117907,1141.4578857421875,1118.6287280273439,1141.4578857421875,100000,0.0,0.0,0.022605130138835694
2001-09-05,1140.8569299258493,1146.2638348070143,1127.6400513274455,1139.6553955078125,109000,0.0,0.0,-0.0015791123412345343
2001-09-06,1143.8608505808245,1147.4654541015625,1137.8531780462615,1147.4654541015625,110000,0.0,0.0,0.006853000147706956
2001-09-07,1134.2486361440565,1134.2486361440565,1123.434824994378,1127.0394287109375,103000,0.0,0.0,-0.017800993762045803
2001-09-10,1111.4192892080812,1123.4346328751956,1104.2100830078125,1104.2100830078125,77000,0.0,0.0,-0.020256031086007598
2001-09-11,1092.1950032094892,1100.605745808462,1051.3428248716205,1069.3658447265625,212000,0.0,0.0,-0.0315558052017928
2001-09-12,1069.3658447265625,1069.3658447265625,1069.3658447265625,1069.3658447265625,0,0.0,0.0,0.0
2001-09-13,961.2276874011077,961.2276874011077,949.2123413085938,949.2123413085938,132000,0.0,0.0,-0.11235958583350125
2001-09-14,937.1966318412934,985.8587646484375,889.7360331775357,985.8587646484375,1199000,0.0,0.0,0.038607192242488875
2001-09-17,874.7172275537979,901.1509899249291,871.1126235940982,875.9187622070312,109000,0.0,0.0,-0.11151699044904417
2001-09-18,852.4887095795581,852.4887095795581,776.1912704558061,812.2373046875,447000,0.0,0.0,-0.07270246998600038
2001-09-19,896.3447717096387,932.3908081054688,886.7324953374174,932.3908081054688,296000,0.0,0.0,0.14792906300234088
2001-09-20,930.588685735887,943.8055682963709,893.341107610887,931.189453125,272000,0.0,0.0,-0.0012884672071250547
2001-09-21,847.0817289036631,910.1622831837232,829.6594805786941,907.158447265625,200000,0.0,0.0,-0.025806784837101415
2001-09-24,907.158447265625,907.158447265625,907.158447265625,907.158447265625,0,0.0,0.0,0.0
2001-09-25,956.0145082726942,967.4746190974142,927.6658130747027,954.2050170898438,172000,6.0,0.0,0.05186146914690304
2001-09-26,944.5544184328035,957.82402073518,942.7449272097522,948.1734008789062,81000,0.0,0.0,-0.00632109043959217
2001-09-27,964.458984375,983.7602273393527,959.6336736339118,964.458984375,102000,0.0,0.0,0.017175743889248363
2001-09-28,964.458984375,964.458984375,964.458984375,964.458984375,0,0.0,0.0,0.0
2001-10-01,1033.823018332819,1053.7274288374765,1033.823018332819,1038.045166015625,152000,0.0,0.0,0.07629788599907261
2001-10-02,1043.473331227022,1056.1397705078125,1040.4575123506434,1056.1397705078125,155000,0.0,0.0,0.0174314231062227
2001-10-03,1068.2029735938834,1074.2346109377224,1051.3143890311342,1059.155517578125,189000,0.0,0.0,0.0028554431473235553
2001-10-04,1083.2825290134974,1094.1394808632986,1077.8540530885969,1080.869873046875,143000,0.0,0.0,0.02050157423378418
2001-10-05,1098.361580364141,1141.7893858480609,1097.155252434032,1118.2659912109375,157000,0.0,0.0,0.03459816865710774
2001-10-08,1118.2659912109375,1118.2659912109375,1118.2659912109375,1118.2659912109375,0,0.0,0.0,0.0
2001-10-09,1082.0763085828569,1083.2826366860709,1079.0604883248222,1081.47314453125,97000,0.0,0.0,-0.03290169509657148
2001-10-10,1073.0284635024802,1092.329706241142,1049.5050739147362,1077.2506103515625,125000,0.0,0.0,-0.0039044281414104542
2001-10-11,1089.314089716531,1129.72607421875,1089.314089716531,1129.72607421875,94000,0.0,0.0,0.04871240114689934
2001-10-12,1173.756627942695,1226.8350366060852,1154.455388428735,1177.3756103515625,302000,0.0,0.0,0.04217795554180159
2001-10-15,1170.137845168638,1187.0264326246804,1170.137845168638,1179.185302734375,118000,0.0,0.0,0.0015370561160785723
2001-10-16,1144.202011831945,1149.6304873756915,1136.3608804909773,1144.80517578125,93000,0.0,0.0,-0.02915583061746274
2001-10-17,1170.7411096091143,1182.8043874000377,1170.7411096091143,1174.9632568359375,119000,0.0,0.0,0.026343417808280423
2001-10-18,1168.328305302184,1172.5504519914534,1152.6460461706108,1155.661865234375,480000,0.0,0.0,-0.01642722994890855
2001-10-19,1142.9956162454228,1150.8367471220404,1127.3133544921875,1127.3133544921875,145000,0.0,0.0,-0.024530108325793276
2001-10-22,1167.7252614182694,1179.7885389122596,1161.6936226712742,1176.1695556640625,114000,0.0,0.0,0.04333861652324966
2001-10-23,1200.2959778820455,1203.3117969219502,1182.8042274505985,1191.8516845703125,157000,0.0,0.0,0.013333221244105298
2001-10-24,1189.4391609074519,1191.85181640625,1176.1695556640625,1176.1695556640625,120000,0.0,0.0,-0.013157785577912473
2001-10-25,1180.3918166654703,1200.8993903837256,1167.1222101418932,1181.59814453125,164000,0.0,0.0,0.004615481535842347
2001-10-26,1187.0264181125383,1188.2327457732217,1176.169469166387,1179.7884521484375,117000,0.0,0.0,-0.0015315633247972027
2001-10-29,1180.99508446253,1200.2963320124795,1180.99508446253,1192.4552001953125,55000,0.0,0.0,0.010736457051947257
2001-10-30,1173.1539710530772,1175.5666270346771,1132.7419833612744,1141.186279296875,149000,0.0,0.0,-0.042994420997988114
2001-10-31,1112.2341898696682,1155.0588251629147,1112.2341898696682,1145.408203125,163000,0.0,0.0,0.0036995921741420634
2001-11-01,1156.2649572035846,1156.2649572035846,1144.20168169807,1148.423828125,151000,0.0,0.0,0.0026327950086026952
2001-11-02,1172.550429426145,1183.4073778467575,1170.7409380227095,1171.947265625,183000,0.0,0.0,0.020483237045338942
2001-11-05,1194.8678148379051,1212.3595698254364,1193.0583229426434,1209.34375,199000,0.0,0.0,0.031909698901900985
2001-11-06,1235.8830215951748,1316.7069966531315,1235.8830215951748,1313.0880126953125,372000,0.0,0.0,0.08578558635236044
2001-11-07,1320.9286829022128,1320.9286829022128,1258.8028133410587,1260.6123046875,301000,0.0,0.0,-0.03996358774161535
2001-11-08,1242.5175989129777,1256.993532104197,1231.057485136596,1246.73974609375,110000,0.0,0.0,-0.011004619375969749
2001-11-09,1246.73974609375,1246.73974609375,1246.73974609375,1246.73974609375,0,0.0,0.0,0.0
2001-11-12,1240.1046293398588,1252.7710676745558,1240.1046293398588,1249.7552490234375,71000,0.0,0.0,0.002418710832902793
2001-11-13,1229.247867959105,1229.247867959105,1202.708659818673,1221.40673828125,84000,0.0,0.0,-0.0226832499918197
2001-11-14,1243.7238517264732,1251.5649817325082,1211.153004009097,1214.1688232421875,123000,0.0,0.0,-0.005925884320277741
2001-11-15,1218.993989832261,1240.7078857421875,1180.9946719898896,1240.7078857421875,283000,0.0,0.0,0.021857802631707335
2001-11-16,1238.8984298706055,1278.7072401780347,1237.6921022855317,1254.5806884765625,200000,0.0,0.0,0.011181360974486187
2001-11-19,1256.390417635133,1290.7707603164592,1238.295500434435,1285.34228515625,148000,0.0,0.0,0.02451942466693091
2001-11-20,1294.9927189955072,1295.595882814322,1266.6440195112086,1293.1832275390625,124000,0.0,0.0,0.006100275757954465
2001-11-21,1275.0886632015831,1291.3740907826818,1262.422219527395,1283.532958984375,133000,0.0,0.0,-0.007462413948139401
2001-11-22,1282.9294586398694,1282.9294586398694,1245.5333014063613,1272.072509765625,115000,0.0,0.0,-0.008928831268827264
2001-11-23,1272.072509765625,1272.072509765625,1272.072509765625,1272.072509765625,0,0.0,0.0,0.0
2001-11-26,1299.2147719439338,1301.6274270450367,1260.009126551011,1261.2154541015625,262000,0.0,0.0,-0.008534934589587873
2001-11-27,1261.2156875654837,1279.31060417331,1241.311279296875,1241.311279296875,202000,0.0,0.0,-0.01578174033624291
2001-11-28,1259.4056987372085,1290.7702084758746,1256.9930441419265,1267.246826171875,187000,0.0,0.0,0.020893668902848272
2001-11-29,1266.644248759591,1269.6600683994948,1245.5335112802643,1247.9461669921875,87000,0.0,0.0,-0.015230386678490526
2001-11-30,1266.0411058809536,1287.1518437112695,1262.4221222528993,1277.501220703125,141000,0.0,0.0,0.023682955637558845
2001-12-03,1288.9613273483424,1308.2625732421875,1273.882228993776,1308.2625732421875,145000,0.0,0.0,0.024079313616727216
2001-12-04,1298.0087586138725,1338.420741340234,1276.2948574474694,1334.8017578125,203000,0.0,0.0,0.020285824201591307
2001-12-05,1352.897109952537,1411.404029107863,1352.897109952537,1402.3565673828125,429000,0.0,0.0,0.05061036904912575
2001-12-06,1420.451078592364,1437.9428328510385,1356.5157009572085,1393.911865234375,175000,0.0,0.0,-0.006021793846765822
2001-12-07,1356.515244466146,1357.118408203125,1328.7697125651043,1357.118408203125,110000,0.0,0.0,-0.026395827418445483
2001-12-10,1383.6578165869355,1383.6578165869355,1357.721772073754,1369.181884765625,152000,0.0,0.0,0.008889037603190708
2001-12-11,1370.388275452859,1392.7053380372586,1369.181947745594,1381.848388671875,103000,0.0,0.0,0.009251147745369392
2001-12-12,1393.9117030093544,1399.340177837171,1363.150345651727,1375.213623046875,157000,0.0,0.0,-0.0048013701643324636
2001-12-13,1384.261265323246,1393.3087245737247,1368.5790026224163,1387.8802490234375,123000,0.0,0.0,0.009210660630672551
2001-12-14,1315.5005667550224,1333.5954851422991,1303.437287830171,1317.31005859375,2015000,0.0,0.0,-0.05084746359013559
2001-12-17,1320.3259457272354,1336.611373107151,1308.865830163591,1309.468994140625,106000,0.0,0.0,-0.005952330206523637
2001-12-18,1326.9607192614278,1345.0556381604474,1310.0721282890097,1336.0081787109375,147000,0.0,0.0,0.020267134761544847
2001-12-19,1356.5157616231788,1375.2138445979758,1342.0398264168844,1355.91259765625,133000,0.0,0.0,0.014898425969605666
2001-12-20,1367.3725041341293,1374.610470631531,1333.595327146255,1349.277587890625,56000,0.0,0.0,-0.0048933904567992625
2001-12-21,1340.2304459260426,1361.3411865234375,1310.0722450726214,1361.3411865234375,148000,0.0,0.0,0.008940783379995265
2001-12-24,1361.3411865234375,1361.3411865234375,1361.3411865234375,1361.3411865234375,0,0.0,0.0,0.0
2001-12-25,1312.4847498868266,1332.9923241038082,1312.4847498868266,1332.38916015625,151000,0.0,0.0,-0.021267281599790966
2001-12-26,1326.3573803096397,1326.9605441933638,1311.8814471002574,1317.9130859375,111000,0.0,0.0,-0.010864749317723632
2001-12-27,1330.5797772913172,1348.071533203125,1330.5797772913172,1348.071533203125,116000,0.0,0.0,0.022883487224934607
2001-12-28,1356.5154444219781,1375.8166868503922,1356.5154444219781,1369.181884765625,200000,0.0,0.0,0.01565966719313483
2001-12-31,1369.181884765625,1369.181884765625,1369.181884765625,1369.181884765625,0,0.0,0.0,0.0
2002-01-01,1369.181884765625,1369.181884765625,1369.181884765625,1369.181884765625,0,0.0,0.0,0.0
2002-01-02,1369.181884765625,1369.181884765625,1369.181884765625,1369.181884765625,0,0.0,0.0,0.0
2002-01-03,1369.181884765625,1369.181884765625,1369.181884765625,1369.181884765625,0,0.0,0.0,0.0
2002-01-04,1405.3715036021158,1415.0221233693408,1401.7525211894065,1413.8157958984375,84000,0.0,0.0,0.032598964118235374
2002-01-07,1375.2136582902724,1380.6421332572077,1369.182019438122,1378.8326416015625,128000,0.0,0.0,-0.024743785151052355
2002-01-08,1377.6263365519278,1389.0864505600218,1364.3567308583454,1372.801025390625,237000,0.0,0.0,-0.004374436772784485
2002-01-09,1369.1818566163734,1369.1818566163734,1353.4995974657013,1360.1343994140625,161000,0.0,0.0,-0.009226847694813078
2002-01-10,1326.3576978226783,1326.9608618507923,1284.7393798828125,1284.7393798828125,260000,0.0,0.0,-0.055432036395616224
2002-01-11,1266.644078442174,1275.6915361453325,1263.628259207788,1270.2630615234375,660000,0.0,0.0,-0.01126790272490552
2002-01-14,1270.2630615234375,1270.2630615234375,1270.2630615234375,1270.2630615234375,0,0.0,0.0,0.0
2002-01-15,1151.440247545908,1209.947164262489,1145.4086066472914,1184.0111083984375,301000,0.0,0.0,-0.0679008590721022
2002-01-16,1208.137134211034,1225.6288850308642,1208.137134211034,1221.40673828125,291000,0.0,0.0,0.03158385053785184
2002-01-17,1230.4546064392352,1260.6128075774518,1224.422966211592,1260.0096435546875,211000,0.0,0.0,0.03160528271504304
2002-01-18,1307.6591001946908,1329.9761604839914,1302.833789861869,1326.357177734375,308000,0.0,0.0,0.05265637014690672
2002-01-21,1311.881700833783,1332.9924408472002,1304.643732829183,1327.56396484375,197000,0.0,0.0,0.0009098507774778497
2002-01-22,1319.722545390807,1319.722545390807,1285.342204857317,1293.7864990234375,305000,0.0,0.0,-0.025443192731047004
2002-01-23,1273.8822192872494,1274.4853832168362,1255.1841374700596,1263.0252685546875,168000,0.0,0.0,-0.023776125730148534
2002-01-24,1263.0254974807517,1263.0254974807517,1224.4229989904136,1248.549560546875,192000,0.0,0.0,-0.01146113887679967
2002-01-25,1263.0249815720776,1269.6597832899827,1249.7553781362678,1254.5806884765625,79000,0.0,0.0,0.004830507430594766
2002-01-28,1266.644481714221,1273.8824501811594,1242.5179201577596,1248.549560546875,135000,0.0,0.0,-0.0048072858008129105
2002-01-29,1247.9462017555563,1247.9462017555563,1199.6930861729345,1200.8994140625,225000,0.0,0.0,-0.038164401310192164
2002-01-30,1177.37576877254,1182.8042431162658,1166.5188200850882,1170.740966796875,190000,0.0,0.0,-0.02511321673778033
2002-01-31,1170.740966796875,1170.740966796875,1170.740966796875,1170.740966796875,0,0.0,0.0,0.0
2002-02-01,1174.3602123595122,1174.3602123595122,1112.2343254190757,1134.5513916015625,171000,0.0,0.0,-0.030911684327854738
2002-02-04,1100.1707763671875,1104.3929229870175,1094.7423021416914,1100.1707763671875,107000,0.0,0.0,-0.030303268312810827
2002-02-05,1091.7265365083338,1156.868230399439,1089.3138811790336,1138.7733154296875,151000,0.0,0.0,0.03508776990965656
2002-02-06,1150.8365325849202,1196.6769814719505,1150.8365325849202,1171.947265625,161000,0.0,0.0,0.029131302732357423
2002-02-07,1158.0744843020238,1182.201036058316,1146.0112084238779,1162.296630859375,166000,0.0,0.0,-0.008234700526800864
2002-02-08,1170.740844345886,1179.1851368862478,1145.4079667248002,1160.487060546875,801000,0.0,0.0,-0.0015568919882027465
2002-02-11,1160.487060546875,1160.487060546875,1160.487060546875,1160.487060546875,0,0.0,0.0,0.0
2002-02-12,1205.1219482421875,1211.7567537630405,1200.899799274372,1205.1219482421875,186000,0.0,0.0,0.03846220196051009
2002-02-13,1203.312151942159,1212.9627757171338,1191.2488722234407,1192.4552001953125,186000,0.0,0.0,-0.01051076039678056
2002-02-14,1202.1055285675752,1224.4225905630594,1170.137845168638,1179.185302734375,206000,0.0,0.0,-0.011128214677385007
2002-02-15,1178.582301924954,1188.2329246633365,1175.5664823192094,1187.6297607421875,103000,0.0,0.0,0.007161264636042386
2002-02-18,1191.8521082113507,1191.8521082113507,1170.1382034058806,1174.3603515625,78000,0.0,0.0,-0.0111730184088642
2002-02-19,1168.3287494685374,1170.7414056367738,1144.8053518282313,1152.646484375,173000,0.0,0.0,-0.01848995255894792
2002-02-20,1148.4237338362068,1169.5344642376076,1136.963623046875,1136.963623046875,80000,0.0,0.0,-0.013605959451330585
2002-02-21,1136.3607630913862,1136.3607630913862,1106.202568741827,1124.2974853515625,272000,0.0,0.0,-0.0111403192138807
2002-02-22,1117.6628887618217,1150.8369086657074,1109.8217567845395,1146.0115966796875,182000,0.0,0.0,0.019313492746392713
2002-02-25,1146.0111285111643,1146.6142922630122,1102.5833383781096,1109.2181396484375,199000,0.0,0.0,-0.032105658562139205
2002-02-26,1136.360813195977,1138.773468850321,1120.6785514427418,1127.3133544921875,184000,0.0,0.0,0.016313486226870788
2002-02-27,1149.0269775390625,1176.7725108549664,1147.8206500035885,1149.0269775390625,272000,0.0,0.0,0.019261390775110687
2002-02-28,1171.9475881766684,1196.6773108299076,1171.9475881766684,1173.757080078125,181000,0.0,0.0,0.021522647442123954
2002-03-01,1187.62972954917,1202.7088271818411,1187.62972954917,1199.08984375,227000,0.0,0.0,0.02158262906511199
2002-03-04,1197.8831481054124,1264.231157315682,1197.8831481054124,1255.786865234375,350000,0.0,0.0,0.04728338062397586
2002-03-05,1265.4379242730347,1284.7391700198111,1253.977809610886,1263.0252685546875,134000,0.0,0.0,0.005764038086957912
2002-03-06,1244.9302434780604,1257.5966849087965,1212.9625579623932,1226.8353271484375,211000,0.0,0.0,-0.028653378762297566
2002-03-07,1226.232121352394,1226.835285209429,1176.1695212184793,1218.3909912109375,150000,0.0,0.0,-0.006883023133289923
2002-03-08,1200.2961653892442,1223.8195575752645,1192.4550346605706,1194.2645263671875,2334000,0.0,0.0,-0.019801906791654056
2002-03-11,1260.6127045294404,1260.6127045294404,1220.8038822811423,1223.8197021484375,108000,0.0,0.0,0.02474759580371466
2002-03-12,1255.7872229148084,1275.6916313471756,1225.6290283203125,1225.6290283203125,158000,0.0,0.0,0.0014784254320294732
2002-03-13,1212.359428969152,1270.2631628900667,1212.359428969152,1266.041015625,201000,0.0,0.0,0.03297244628749607
2002-03-14,1254.5810984141792,1263.02539426889,1233.4703587774022,1252.7716064453125,135000,0.0,0.0,-0.010481026298454377
2002-03-15,1279.913770577567,1296.8023594447543,1258.1998706054687,1266.6441650390625,182000,0.0,0.0,0.011073493781610155
2002-03-18,1273.8819229014598,1273.8819229014598,1236.4857679677996,1239.5015869140625,144000,0.0,0.0,-0.02142873182079752
2002-03-19,1248.5495271221653,1266.0412837823308,1238.898902757936,1260.0096435546875,230000,0.0,0.0,0.01654540571560137
2002-03-20,1266.6441424763034,1272.67578125,1249.7555539099526,1272.67578125,162000,0.0,0.0,0.010052413297075402
2002-03-21,1272.67578125,1272.67578125,1272.67578125,1272.67578125,0,0.0,0.0,0.0
2002-03-22,1261.818757854647,1261.818757854647,1227.438418850003,1229.85107421875,204000,0.0,0.0,-0.03364934546738074
2002-03-25,1211.756356323242,1212.9626842041014,1204.5183890380858,1206.327880859375,162000,0.0,0.0,-0.019126863286530793
2002-03-26,1207.5390299894373,1207.5390299894373,1182.7099927629745,1186.9490966796875,164000,8.0,0.0,-0.016064276128544996
2002-03-27,1162.7257476993866,1193.6106503726514,1159.092229737826,1184.52685546875,204000,0.0,0.0,-0.0020407288043887695
2002-03-28,1196.6382410979468,1196.6382410979468,1166.358933377857,1172.414794921875,134000,0.0,0.0,-0.010225230851420353
2002-03-29,1185.7379241320552,1196.03289078693,1183.9211653106067,1186.9490966796875,134000,0.0,0.0,0.01239689384743814
2002-04-01,1186.9489581646696,1197.2439236181388,1168.7813720703125,1168.7813720703125,127000,0.0,0.0,-0.015306237361144226
2002-04-02,1186.3435732147398,1228.1290283203125,1186.3435732147398,1228.1290283203125,83000,0.0,0.0,0.050777380328089095
2002-04-03,1226.9178421585648,1249.3245352285878,1217.8340476707176,1242.6630859375,125000,0.0,0.0,0.011834308352002276
2002-04-04,1244.4798950315223,1259.013966798314,1231.1569959119636,1232.9737548828125,134000,0.0,0.0,-0.007797230934382782
2002-04-05,1251.1411461556313,1251.1411461556313,1217.8339036393875,1223.2841796875,57000,0.0,0.0,-0.007858703526283484
2002-04-08,1201.4833895686174,1205.1169078838452,1193.0051801664197,1200.272216796875,158000,0.0,0.0,-0.01881162470073272
2002-04-09,1201.4832497757561,1209.3558718761012,1180.8933150517764,1181.4989013671875,132000,0.0,0.0,-0.01564088143253639
2002-04-10,1185.1323333163843,1195.4272999318052,1179.076470601431,1186.343505859375,105000,0.0,0.0,0.004100388486677042
2002-04-11,1210.5665107803627,1210.5665107803627,1146.3743896484375,1146.3743896484375,453000,0.0,0.0,-0.03369101446042333
2002-04-12,1085.8162661659578,1102.7726830385996,1056.7481229557147,1083.3939208984375,793000,0.0,0.0,-0.05493883090786289
2002-04-15,1107.6173137002565,1107.6173137002565,1077.943585777177,1091.8720703125,568000,0.0,0.0,0.00782554641531652
2002-04-16,1092.4774263198192,1096.7165294152953,1072.4930831554323,1093.6885986328125,451000,0.0,0.0,0.0016636823760796116
2002-04-17,1117.9120815111244,1132.4461497431216,1113.6729782767918,1114.278564453125,258000,0.0,0.0,0.018826168477984906
2002-04-18,1125.1792573411656,1126.3904298463767,1111.2507735312372,1116.7010498046875,207000,0.0,0.0,0.0021740392652633833
2002-04-19,1081.5769895675883,1084.604920669401,1071.8876100417867,1076.7322998046875,375000,0.0,0.0,-0.03579180838684681
2002-04-22,1065.8317722720994,1107.011636200794,1059.7759099296443,1096.111083984375,412000,0.0,0.0,0.017997773618570356
2002-04-23,1090.054931640625,1092.4772759331597,1083.999070909288,1090.054931640625,148000,0.0,0.0,-0.005525126451359164
2002-04-24,1076.7325706310871,1093.6889890662223,1073.70463876767,1080.3660888671875,234000,0.0,0.0,-0.008888398641392348
2002-04-25,1083.9991927120032,1086.4215372767228,1073.7042283119451,1074.309814453125,173000,0.0,0.0,-0.005605761303016044
2002-04-26,1064.0150729872614,1064.0150729872614,1053.720106430185,1055.536865234375,236000,0.0,0.0,-0.017474427736012377
2002-04-29,1055.536865234375,1055.536865234375,1055.536865234375,1055.536865234375,0,0.0,0.0,0.0
2002-04-30,1067.6485788266662,1090.0552704980144,1055.5368535989105,1086.4217529296875,219000,0.0,0.0,0.02925988538396962
2002-05-01,1095.5055834635778,1096.111169745205,1088.2385480840517,1091.2664794921875,151000,0.0,0.0,0.004459342377336917
2002-05-02,1094.2944109003236,1094.8999971819505,1087.6329618024245,1091.2664794921875,95000,0.0,0.0,0.0
2002-05-03,1091.2664794921875,1091.2664794921875,1091.2664794921875,1091.2664794921875,0,0.0,0.0,0.0
2002-05-06,1091.2664794921875,1091.2664794921875,1091.2664794921875,1091.2664794921875,0,0.0,0.0,0.0
2002-05-07,1091.8720000275835,1119.7289673050482,1091.8720000275835,1114.88427734375,210000,0.0,0.0,0.02164255779445634
2002-05-08,1114.2787723457968,1125.1793255535276,1109.43408203125,1109.43408203125,189000,0.0,0.0,-0.004888574916031008
2002-05-09,1133.6576765471814,1134.2632629128584,1111.8565673828125,1111.8565673828125,262000,0.0,0.0,0.002183532479124173
2002-05-10,1111.8560657716682,1133.6571651005245,1099.1387578298354,1125.7845458984375,326000,0.0,0.0,0.012526776316490018
2002-05-13,1107.616985262098,1110.644915784958,1096.110849275231,1097.322021484375,131000,0.0,0.0,-0.025282390416318856
2002-05-14,1109.4338857507917,1119.1232646656456,1096.110989742867,1099.7445068359375,176000,0.0,0.0,0.0022076339525980426
2002-05-15,1123.9679724526065,1153.0361096712086,1117.3065243400104,1150.0081787109375,353000,0.0,0.0,0.04570486286820663
2002-05-16,1137.8964548698534,1154.8528682473711,1125.7847310287693,1150.0081787109375,212000,0.0,0.0,0.0
2002-05-17,1156.6697424766555,1161.5144324975001,1116.7010498046875,1116.7010498046875,241000,0.0,0.0,-0.028962514808881124
2002-05-20,1120.9404075349785,1135.4744808903752,1117.3068891961293,1117.9124755859375,223000,0.0,0.0,0.0010848255058610867
2002-05-21,1116.7010854559076,1116.7010854559076,1102.1670149293664,1105.1949462890625,107000,0.0,0.0,-0.01137614041762014
2002-05-22,1083.3939208984375,1101.5615104048395,1067.6486766595558,1083.3939208984375,396000,0.0,0.0,-0.019725954650649413
2002-05-23,1082.1826480677657,1087.6329244150572,1067.6485778083218,1070.0709228515625,277000,0.0,0.0,-0.012297464283191228
2002-05-24,1069.465513743222,1074.310204632206,1057.353786520762,1060.9873046875,376000,0.0,0.0,-0.008488800106684624
2002-05-27,1064.0149065191097,1078.5489746787332,1062.1981479991566,1065.8316650390625,164000,0.0,0.0,0.004565898508078092
2002-05-28,1077.943639563234,1090.0553658504614,1076.12688062015,1082.788330078125,198000,0.0,0.0,0.015909327518845107
2002-05-29,1080.971305208852,1083.9992360357676,1062.1981340819757,1064.014892578125,185000,0.0,0.0,-0.017338049347692452
2002-05-30,1066.437380754455,1111.2507630235236,1062.8038632731793,1099.1390380859375,431000,0.0,0.0,0.03301095290377565
2002-05-31,1074.9155979013744,1076.7323566583907,1051.297734060161,1051.9033203125,412000,0.0,0.0,-0.04297519798377347
2002-06-03,1060.381310048381,1073.7042048633805,1053.719862640881,1071.2818603515625,121000,0.0,0.0,0.018422358466655853
2002-06-04,1056.7480966491876,1071.2821678925002,1047.0587158203125,1047.0587158203125,199000,0.0,0.0,-0.022611364410950352
2002-06-05,1059.1704918170797,1060.9872508081896,1051.29786952227,1053.72021484375,218000,0.0,0.0,0.0063621064633596625
2002-06-06,1047.6642045401734,1047.6642045401734,1012.5402023070345,1017.990478515625,348000,0.0,0.0,-0.033908181531302595
2002-06-07,1018.5959759065997,1022.8350792546058,1011.3289415957322,1014.3568725585938,209000,0.0,0.0,-0.0035693909066120133
2002-06-10,1030.1023223876953,1035.5525992257253,1017.3850097656249,1017.385009765625,75000,0.0,0.0,0.002985277951923493
2002-06-11,1021.623864142649,1033.735587487553,1016.7791748046874,1016.7791748046875,135000,0.0,0.0,-0.0005954824919988111
2002-06-12,995.5837321413156,1004.0619391060227,985.894352753079,986.4999389648438,193000,0.0,0.0,-0.029779559406947986
2002-06-13,999.2176166479139,1004.6678945569025,975.5997457089633,1002.8511352539062,136000,0.0,0.0,0.016574959250600818
2002-06-14,1023.4409357660551,1025.8632811761522,1001.0342407226562,1001.0342407226562,2919000,0.0,0.0,-0.0018117290466944658
2002-06-17,998.0060665967989,998.0060665967989,978.0217218166445,993.161376953125,298000,0.0,0.0,-0.007864729745755472
2002-06-18,1005.2734054742316,1005.2734054742316,985.289054642515,992.5560913085938,147000,0.0,0.0,-0.0006094534670570972
2002-06-19,990.739093017578,993.767024230957,968.9379882812499,968.93798828125,226000,0.0,0.0,-0.023795232565854696
2002-06-20,970.1491786093607,998.6117325385991,957.4318672792754,995.5838012695312,172000,0.0,0.0,0.0275000188975425
2002-06-21,983.4722100670726,1004.0621454995114,975.5995876958461,997.4006958007812,102000,0.0,0.0,0.0018249538903034601
2002-06-24,985.28864839717,1027.6796781376752,985.28864839717,1026.468505859375,131000,0.0,0.0,0.02914356304439525
2002-06-25,1027.0743678607575,1050.6922336311407,1027.0743678607575,1047.0587158203125,176000,0.0,0.0,0.02005927102819305
2002-06-26,1019.201759674836,1025.8632090844756,990.7392031063765,1016.173828125,187000,0.0,0.0,-0.029496805889358324
2002-06-27,1048.8757061123986,1057.3539162079953,1036.1583909690034,1045.2421875,219000,0.0,0.0,0.02860569576824834
2002-06-28,1064.014892578125,1065.8316510742743,1040.3970321281836,1064.014892578125,136000,0.0,0.0,0.017960148664708298
2002-07-01,1066.4372325714737,1074.915438849725,1053.7199231540965,1063.4093017578125,289000,0.0,0.0,-0.0005691563384466747
2002-07-02,1044.6363886036904,1056.1425285361368,1025.2576266122016,1049.4810791015625,172000,0.0,0.0,-0.013097706248409446
2002-07-03,1025.2576266122016,1067.6486684685833,1025.2576266122016,1049.4810791015625,194000,0.0,0.0,0.0
2002-07-04,1037.3695620108342,1037.9751484451663,1002.8511352539064,1002.8511352539062,235000,0.0,0.0,-0.04443142880439077
2002-07-05,1014.962458751166,1026.4685964100395,1008.3010106328708,1014.3568725585938,148000,0.0,0.0,0.011473026155347066
2002-07-08,1038.5804300511136,1038.5804300511136,996.1893920898438,996.1893920898438,225000,0.0,0.0,-0.01791034394327584
2002-07-09,992.5560779897974,1004.6678056040719,987.7113869440875,990.7393188476562,137000,0.0,0.0,-0.0054709207761730605
2002-07-10,990.7388395432691,998.0058725961538,981.6550482271634,984.077392578125,160000,0.0,0.0,-0.006724196913149516
2002-07-11,973.1771148966851,987.711185063157,968.3324248411944,971.9659423828125,183000,0.0,0.0,-0.01230741635429955
2002-07-12,987.7111218125917,988.9222942489039,971.9658801405333,979.8385009765625,74000,0.0,0.0,0.008099623917325882
2002-07-15,968.9382368839752,968.9382368839752,927.7583618164062,927.7583618164062,223000,0.0,0.0,-0.05315175828287033
2002-07-16,936.2364671832288,941.686744159069,910.8018412959741,913.8297729492188,198000,0.0,0.0,-0.015013164462260975
2002-07-17,908.3794896382404,919.8856298403248,895.0565904568796,904.7459716796875,114000,0.0,0.0,-0.00994036475766702
2002-07-18,919.8852829481232,950.164587850958,911.4070775753294,939.2640380859375,121000,0.0,0.0,0.0381522189506589
2002-07-19,927.152549703916,938.6586884657543,921.0966871976852,930.1804809570312,155000,0.0,0.0,-0.009670930388665844
2002-07-22,905.956686957323,935.6304019712995,902.3231708331626,924.124267578125,99000,0.0,0.0,-0.006510793875910248
2002-07-23,922.9133408203126,922.9133408203126,903.5345830078126,908.3792724609375,130000,0.0,0.0,-0.01703774662086388
2002-07-24,902.3234417563991,944.1088897303531,895.0564073261462,920.4910278320312,422000,0.0,0.0,0.013333368272793411
2002-07-25,919.279930438854,919.8855166907899,898.0844116210938,898.0844116210938,100000,0.0,0.0,-0.024342025650929244
2002-07-26,879.3111170581262,890.2116680960369,849.6373947882583,850.2429809570312,190000,0.0,0.0,-0.05327052785350761
2002-07-29,854.4822681568287,889.6062735098379,850.8487503616898,866.593994140625,154000,0.0,0.0,0.01923098872887974
2002-07-30,902.929138786708,919.2799682617189,895.0565171876287,919.2799682617188,76000,0.0,0.0,0.06079660657392494
2002-07-31,921.7021210740877,930.7859133317166,902.3233642578125,902.3233642578125,46000,0.0,0.0,-0.018445527575206233
2002-08-01,903.5345830078126,913.8295480957032,899.2954797363282,908.3792724609375,65000,0.0,0.0,0.006711461149081721
2002-08-02,872.6497007196117,890.21170024832,859.9323907160642,870.2273559570312,173000,0.0,0.0,-0.04199998575545094
2002-08-05,870.2274352900275,882.9447464529297,865.98833156906,872.6497802734375,74000,0.0,0.0,0.0027836683136008844
2002-08-06,866.593735895237,872.6495970824853,847.8205662147672,864.7769775390625,77000,0.0,0.0,-0.009021720869405558
2002-08-07,871.4386181474542,896.8732407758025,871.4386181474542,890.2117919921875,99000,0.0,0.0,0.02941199304993769
2002-08-08,895.6619075658766,895.6619075658766,886.578115399894,893.2395629882812,84000,0.0,0.0,0.003401180509323476
2002-08-09,902.323440139358,905.9569573479729,889.0005437077702,896.267578125,320000,0.0,0.0,0.0033899250124891367
2002-08-12,893.8452552241025,899.295531170591,875.0720825195312,875.0720825195312,78000,0.0,0.0,-0.02364862472188267
2002-08-13,864.1715306265544,878.1000136009137,864.1715306265544,875.0720825195312,94000,0.0,0.0,0.0
2002-08-14,871.4385710328256,877.4944332359725,861.1436052874761,867.8050537109375,116000,0.0,0.0,-0.008304491657041946
2002-08-15,866.5938897901965,877.4944418630291,844.7927856445311,844.7927856445312,299000,0.0,0.0,-0.026517785265250948
2002-08-16,872.649789409677,878.1000656794113,866.5939268877501,873.8609619140625,191000,0.0,0.0,0.03440864643198127
2002-08-19,869.621709689903,869.621709689903,845.3982637375381,846.6094360351562,264000,0.0,0.0,-0.031185196577743657
2002-08-20,852.0597113744384,859.932331308957,846.6094360351562,846.6094360351562,207000,0.0,0.0,0.0
2002-08-21,846.6095201270715,853.8765546346001,846.6095201270715,849.637451171875,190000,0.0,0.0,0.0035766375944255024
2002-08-22,851.4544359842937,878.1002362569174,848.4265041351318,872.0443725585938,243000,0.0,0.0,0.026372332523494135
2002-08-23,872.0443725585938,872.0443725585938,872.0443725585938,872.0443725585938,0,0.0,0.0,0.0
2002-08-26,901.7181467001494,938.6589169813509,901.7181467001494,927.7583618164062,186000,0.0,0.0,0.06388893846576482
2002-08-27,931.99724172951,931.99724172951,895.6620666133498,898.0844116210938,227000,0.0,0.0,-0.03198456776742553
2002-08-28,895.6618932257985,918.6741663445141,895.6618932257985,907.1680297851562,199000,0.0,0.0,0.010114436957731066
2002-08-29,898.6899764025171,912.0128736268132,882.944734228349,887.183837890625,358000,0.0,0.0,-0.022029206539899926
2002-08-30,890.8172968667822,890.8172968667822,859.9324007823458,863.56591796875,145000,0.0,0.0,-0.026621224275263144
2002-09-02,865.988612436544,874.4668226282305,860.5383344561742,861.1439208984375,83000,0.0,0.0,-0.002804646431634805
2002-09-03,859.9327608407525,861.1439337433452,845.3986860096412,846.0042724609375,375000,0.0,0.0,-0.017580857357391233
2002-09-04,835.7090905931883,835.7090905931883,806.6409483116861,825.4141235351562,398000,0.0,0.0,-0.024338114588814852
2002-09-05,845.3984559773563,864.1716308593749,840.5537656852224,864.171630859375,379000,0.0,0.0,0.046955226739063605
2002-09-06,818.1468689315118,850.848520243356,811.485421442062,844.1870727539062,124000,0.0,0.0,-0.02312568174171037
2002-09-09,856.9044661049127,864.1715004464384,854.482121324404,855.0877075195312,95000,0.0,0.0,0.012912581958954839
2002-09-10,856.904534942913,865.9883285995516,838.7369476296357,839.9481201171875,67000,0.0,0.0,-0.01770530352525035
2002-09-11,841.7648213050945,856.2988901621609,841.7648213050945,848.42626953125,64000,0.0,0.0,0.010093658418902862
2002-09-12,856.2988181081038,877.4943334078093,846.6094396853813,870.8328857421875,68000,0.0,0.0,0.026409620983703253
2002-09-13,862.3548719998247,864.7772171458917,856.9045954211741,864.171630859375,1654000,0.0,0.0,-0.0076492918352931705
2002-09-16,864.1716308593749,864.1716308593749,864.1716308593749,864.171630859375,0,0.0,0.0,0.0
2002-09-17,888.3950585953896,907.7738192464137,878.7056782698775,901.7179565429688,259000,0.0,0.0,0.043447764706480596
2002-09-18,899.9011115674151,914.4351806640625,884.7614562584075,914.4351806640625,112000,0.0,0.0,0.014103328018274519
2002-09-19,945.3202341654581,962.8822372345154,910.1962280273438,910.1962280273438,314000,0.0,0.0,-0.004635596624399829
2002-09-20,881.1278311960765,899.9010014827282,872.6496252601692,876.2831420898438,103000,0.0,0.0,-0.03725909303205899
2002-09-23,876.2831420898438,876.2831420898438,876.2831420898438,876.2831420898438,0,0.0,0.0,0.0
2002-09-24,864.1716399142757,866.5939850857243,855.6934318142057,865.3828125,229000,0.0,0.0,-0.01243927797566391
2002-09-25,853.2115386746453,859.2972129875886,849.5601340868794,858.080078125,184000,7.0,0.0,-0.008438732858471187
2002-09-26,882.4227481359602,890.942691911066,880.5970458984375,880.5970458984375,134000,0.0,0.0,0.02624110307121863
2002-09-27,881.2054337098594,881.2054337098594,846.5170982668608,859.9055786132812,241000,0.0,0.0,-0.023497089141430894
2002-09-30,860.5141339432565,867.2083740234375,855.645595703125,867.2083740234375,187000,0.0,0.0,0.008492554987180156
2002-10-01,851.9943413706874,855.6457456908474,839.214426250127,842.2572631835938,211000,0.0,0.0,-0.028771759576170064
2002-10-02,816.089053891628,816.6976214187657,778.9664347362295,784.4435424804688,404000,0.0,0.0,-0.06864140355952364
2002-10-03,749.1463673778753,749.1463673778753,665.7726449320841,710.1980590820312,514000,0.0,0.0,-0.09464732562354683
2002-10-04,699.2437226481458,733.323486328125,693.7666177710062,733.323486328125,337000,0.0,0.0,0.03256194092671083
2002-10-07,722.3696289062499,727.238168949426,713.2411163252948,722.36962890625,309000,0.0,0.0,-0.014937278876369864
2002-10-08,726.0208230249472,732.1064963109903,726.0208230249472,729.0636596679688,228000,0.0,0.0,0.009266766616218725
2002-10-09,729.0636459128307,729.0636459128307,699.8524146909476,710.1980590820312,161000,0.0,0.0,-0.025876479146593745
2002-10-10,681.5954534906616,684.638290336602,650.558517662069,676.1183471679688,279000,0.0,0.0,-0.047986208182703716
2002-10-11,703.5039964463975,703.5039964463975,657.2528686523438,657.2528686523438,122000,0.0,0.0,-0.027902627690323922
2002-10-14,657.2528686523438,657.2528686523438,657.2528686523438,657.2528686523438,0,0.0,0.0,0.0
2002-10-15,693.7666604141157,719.3264847451621,677.9439120187061,714.4579467773438,239000,0.0,0.0,0.08703663514211124
2002-10-16,738.8008229201815,745.4950643140216,729.0637445291412,732.7151489257812,194000,0.0,0.0,0.025553921306060046
2002-10-17,733.3236651424537,743.6693102108535,730.2808283576303,735.7579345703125,209000,0.0,0.0,0.004152753834818723
2002-10-18,749.1464220870696,750.3635568102005,741.2350463867188,741.2350463867188,180000,0.0,0.0,0.0074441763507517855
2002-10-21,748.5376645221091,748.5376645221091,694.3751831054688,694.3751831054688,187000,0.0,0.0,-0.06321862884071217
2002-10-22,710.1981173607611,714.4580889301916,660.2955932617188,660.2955932617188,287000,0.0,0.0,-0.04907950438455355
2002-10-23,623.7814878442474,657.2526896310119,617.6958147921084,654.8184204101562,316000,0.0,0.0,-0.008295031660754293
2002-10-24,669.4242130313908,678.5527250272734,657.2528637035473,675.5098876953125,211000,0.0,0.0,0.03159878622870105
2002-10-25,687.6810970423618,699.2438765501537,669.4240767669008,693.158203125,214000,0.0,0.0,0.0261259172532613
2002-10-28,690.7238302096514,692.5495319635096,680.9867541890749,691.3323974609375,210000,0.0,0.0,-0.002634038890156898
2002-10-29,682.2038793923397,687.6809845792541,673.0753707474823,677.9439086914062,107000,0.0,0.0,-0.019366210550385454
2002-10-30,688.2895319563322,710.8065192970787,688.2895319563322,700.4608764648438,249000,0.0,0.0,0.03321361470287498
2002-10-31,724.1948809498127,725.4120152035099,712.6321055396897,716.2835083007812,296000,0.0,0.0,0.022588887356268517
2002-11-01,735.7579345703125,739.4093387121006,729.0636936437008,735.7579345703125,301000,0.0,0.0,0.027188153913706437
2002-11-04,735.7579345703125,735.7579345703125,735.7579345703125,735.7579345703125,0,0.0,0.0,0.0
2002-11-05,776.531687676152,780.7916577496106,766.7946132225326,769.2288818359375,263000,0.0,0.0,0.04549179246727686
2002-11-06,763.1433959960938,772.8804728190104,763.1433959960938,766.7947998046875,105000,0.0,0.0,-0.003164314404628832
2002-11-07,772.8805285849446,778.9662020383694,727.2379776842589,761.3177490234375,184000,0.0,0.0,-0.007142785504864024
2002-11-08,704.1124484985673,712.023824324394,691.9411010742188,691.9411010742188,266000,0.0,0.0,-0.09112705967805168
2002-11-11,657.2528402838909,658.4699751733056,638.9958169426717,648.1243286132812,334000,0.0,0.0,-0.06332442514675485
2002-11-12,635.95300716824,662.7299758911132,625.6073601616753,657.2528686523438,197000,0.0,0.0,0.014084550812332175
2002-11-13,681.5954201956775,681.5954201956775,637.1700044150665,651.1670532226562,231000,0.0,0.0,-0.009259473362461024
2002-11-14,640.2130635963296,655.4272523700066,638.9959284944355,645.0816040039062,172000,0.0,0.0,-0.009345450124714993
2002-11-15,669.4241992272567,704.7211115501484,664.555659596513,698.6354370117188,234000,0.0,0.0,0.0830186951161116
2002-11-18,699.8526611328125,713.8497143554688,691.3327156929348,699.8526611328125,165000,0.0,0.0,0.001742287975399881
2002-11-19,687.6809647309066,713.240788198781,685.8552630546299,700.4608764648438,323000,0.0,0.0,0.000869061969481999
2002-11-20,727.2379070228076,751.5805984712697,727.2379070228076,732.1064453125,283000,0.0,0.0,0.04517821039109027
2002-11-21,740.0179507057314,747.3207594298011,702.8953396917103,711.415283203125,284000,0.0,0.0,-0.028262505052175757
2002-11-22,741.8433515469037,758.8832316480631,729.6720086175042,743.0604858398438,395000,0.0,0.0,0.04448203937120554
2002-11-25,752.1892484528363,795.3975305241562,752.1892484528363,790.5289916992188,363000,0.0,0.0,0.06388242513760334
2002-11-26,792.354607588888,798.4402804582343,766.7947815376335,768.6204833984375,305000,0.0,0.0,-0.02771373160355517
2002-11-27,766.1863654363442,785.6605224609375,766.1863654363442,785.6605224609375,336000,0.0,0.0,0.022169639543247577
2002-11-28,810.0033301065133,815.4804375227106,785.0520629882811,785.0520629882812,371000,0.0,0.0,-0.0007744559580903365
2002-11-29,791.1373291015626,794.7887321589544,781.4002542818511,791.1373291015625,245000,0.0,0.0,0.007751417262847227
2002-12-02,791.1373291015626,791.1373291015626,791.1373291015626,791.1373291015625,0,0.0,0.0,0.0
2002-12-03,815.4802262333702,825.8258708945399,814.2630915673503,823.3916015625,245000,0.0,0.0,0.04076949889037129
2002-12-04,808.7862030441079,822.1746879703459,808.7862030441079,811.8290405273438,161000,0.0,0.0,-0.014042602588142383
2002-12-05,800.2658403171423,801.482974675039,766.1860782960321,778.357421875,137000,0.0,0.0,-0.04122988582744147
2002-12-06,768.6207272520633,785.0520492123212,764.969322372006,776.5321044921875,153000,0.0,0.0,-0.002345088941807072
2002-12-09,775.9232215671254,780.7917594279388,763.7518769150921,773.4889526367188,136000,0.0,0.0,-0.003918900246189794
2002-12-10,763.7518276147028,765.5775291946583,752.1890509416515,755.8404541015625,166000,0.0,0.0,-0.02281674285714741
2002-12-11,743.6693333579776,750.3635744929512,730.2808510880303,731.4979858398438,252000,0.0,0.0,-0.032205828795778935
2002-12-12,739.4094470674523,739.4094470674523,726.0209632522392,727.2380981445312,150000,0.0,0.0,-0.005823512542446285
2002-12-13,727.2378656124524,730.8892691218037,715.0665205812817,719.93505859375,1763000,0.0,0.0,-0.010042157540170349
2002-12-16,695.5924530445825,696.8095876955791,668.8154907226562,668.8154907226562,262000,0.0,0.0,-0.07100580428871694
2002-12-17,680.9866033380681,694.3750799005682,666.3809925426136,669.423828125,216000,0.0,0.0,0.0009095743307117043
2002-12-18,668.8156315601655,674.9013060966547,657.252849940836,666.9899291992188,151000,0.0,0.0,-0.0036358116092138903
2002-12-19,657.8613493261107,681.5954775626678,657.8613493261107,679.769775390625,124000,0.0,0.0,0.019160478489907096
2002-12-20,676.1182986286361,690.7239144405959,666.381221420663,668.8154907226562,134000,0.0,0.0,-0.016114698041221343
2002-12-23,668.8154907226562,668.8154907226562,668.8154907226562,668.8154907226562,0,0.0,0.0,0.0
2002-12-24,696.2012261741785,729.672438971014,680.9870385392533,722.36962890625,411000,0.0,0.0,0.08007311272908524
2002-12-25,718.7178668280189,729.6720764833148,714.457896406515,717.500732421875,230000,0.0,0.0,-0.006740173298463659
2002-12-26,720.5437493467809,729.6722596847892,720.5437493467809,727.8465576171875,148000,0.0,0.0,0.014419253845763924
2002-12-27,718.7179517869826,721.1522208870231,700.4609335366781,702.8952026367188,222000,0.0,0.0,-0.03428106476474124
2002-12-30,678.5525924199308,682.8125638521635,671.2497842503889,672.4669189453125,165000,0.0,0.0,-0.04328992939098586
2002-12-31,672.4669189453125,672.4669189453125,672.4669189453125,672.4669189453125,0,0.0,0.0,0.0
2003-01-01,672.4669189453125,672.4669189453125,672.4669189453125,672.4669189453125,0,0.0,0.0,0.0
2003-01-02,672.4669189453125,672.4669189453125,672.4669189453125,672.4669189453125,0,0.0,0.0,0.0
2003-01-03,672.4669189453125,672.4669189453125,672.4669189453125,672.4669189453125,0,0.0,0.0,0.0
2003-01-06,702.8951235756355,706.5465268149894,698.0265859231636,704.7208251953125,206000,0.0,0.0,0.04796355826779797
2003-01-07,722.9781351654373,722.9781351654373,691.9411950194462,698.6354370117188,163000,0.0,0.0,-0.008635175754749702
2003-01-08,675.5098352353434,676.1184026544744,662.1213520144628,662.7299194335938,201000,0.0,0.0,-0.05139378233045844
2003-01-09,654.2098738930442,656.0355758666992,639.6042581038042,642.6470947265625,255000,0.0,0.0,-0.030303181006517965
2003-01-10,657.2527607539315,662.7298670935477,649.9499523011101,657.861328125,330000,0.0,0.0,0.023674320670368676
2003-01-13,657.861328125,657.861328125,657.861328125,657.861328125,0,0.0,0.0,0.0
2003-01-14,658.4697772267801,660.9040462738293,651.7755373473951,655.4269409179688,143000,0.0,0.0,-0.0037004564684924857
2003-01-15,654.8184204101562,656.644122325798,648.7327473580173,654.8184204101562,154000,0.0,0.0,-0.0009284337731986225
2003-01-16,657.252793475585,660.2956304824164,647.5157150537244,656.6442260742188,210000,0.0,0.0,0.0027882625276773876
2003-01-17,650.5585130037734,656.6441866520781,644.4728393554688,644.4728393554688,230000,0.0,0.0,-0.018535740109247967
2003-01-20,626.8243064916736,638.3870849609375,614.6529607345537,638.3870849609375,637000,0.0,0.0,-0.00944299592302067
2003-01-21,638.9957757994187,659.0785001816861,638.9957757994187,654.2099609375,248000,0.0,0.0,0.024785708153119534
2003-01-22,640.8214811626233,643.8643182051809,627.43299817537,635.9529418945312,306000,0.0,0.0,-0.027906971970903638
2003-01-23,648.1241800528034,657.8612569362258,638.387103169381,654.8184204101562,239000,0.0,0.0,0.029664896996032253
2003-01-24,651.7757332815252,657.8614077285982,645.6900588344521,648.1243286132812,263000,0.0,0.0,-0.010222821454353825
2003-01-27,644.4729284621377,646.9071982580288,637.7786865234375,637.7786865234375,363000,0.0,0.0,-0.01596243441745071
2003-01-28,632.3013164583779,635.952719633306,620.7385397377724,621.3471069335938,267000,0.0,0.0,-0.02576376404080405
2003-01-29,628.0416117653918,628.0416117653918,606.7417509012555,611.6102905273438,329000,0.0,0.0,-0.0156704944749837
2003-01-30,609.1757527282972,610.3928870993827,575.095990337903,576.9216918945312,529000,0.0,0.0,-0.05671683287556073
2003-01-31,564.7505220813366,575.0961674211886,561.7076852166742,571.4447631835938,388000,0.0,0.0,-0.00949336588983507
2003-02-03,573.2703783930565,596.3959350585938,565.967571024992,596.3959350585938,369000,0.0,0.0,0.04366331355631603
2003-02-04,608.5672726032705,608.5672726032705,600.0473307868247,601.2644653320312,200000,0.0,0.0,0.008163251939266036
2003-02-05,601.26447330397,606.7415788300184,596.3959350585938,596.3959350585938,197000,0.0,0.0,-0.008097152840637278
2003-02-06,607.9588100152348,609.1759447700201,603.0902709960938,603.0902709960938,151000,0.0,0.0,0.011224650511479917
2003-02-07,606.1329526411442,607.958654305726,601.2644148689262,604.3072509765625,217000,0.0,0.0,0.002017906835835248
2003-02-10,608.5673259444027,610.3930279222359,603.0902200109031,606.133056640625,225000,0.0,0.0,0.0030213201332798256
2003-02-11,606.133056640625,606.133056640625,606.133056640625,606.133056640625,0,0.0,0.0,0.0
2003-02-12,608.5673217773438,615.2615623168945,608.5673217773438,608.5673217773438,462000,0.0,0.0,0.004016057382202787
2003-02-13,608.5671817555148,612.2185848460479,606.1329130284927,610.3928833007812,172000,0.0,0.0,0.0029997692253764807
2003-02-14,611.001638112722,612.2187728499985,607.350233900893,607.9588012695312,623000,0.0,0.0,-0.003987730030676873
2003-02-17,609.7845121474127,612.2187816569832,601.8731362413085,603.0902709960938,180000,0.0,0.0,-0.00800799373785055
2003-02-18,603.0902666408213,610.3930751167949,601.2645645218279,605.5245361328125,379000,0.0,0.0,0.004036319691740564
2003-02-19,607.9587957208806,611.6101998993845,601.8731220900411,602.481689453125,116000,0.0,0.0,-0.005025141836729974
2003-02-20,601.8731539838742,601.8731539838742,592.1360756585536,593.3532104492188,107000,0.0,0.0,-0.015151462963450713
2003-02-21,599.4388513945752,600.0474187563971,587.2675041581371,594.5703125,146000,0.0,0.0,0.002051226873551082
2003-02-24,598.2217166709314,598.2217166709314,588.4846388817809,594.5703125,70000,0.0,0.0,0.0
2003-02-25,576.3132303307347,576.3132303307347,562.3161824979925,568.40185546875,204000,0.0,0.0,-0.04401238420603115
2003-02-26,566.5761777837225,572.0532836914062,564.7504758144946,572.0532836914062,127000,0.0,0.0,0.006424025867482364
2003-02-27,562.3159415003765,562.3159415003765,547.1017655939811,555.6217041015625,230000,0.0,0.0,-0.02872386202175492
2003-02-28,571.4446124521619,575.0960157266167,565.9675075404799,570.2274780273438,154000,0.0,0.0,0.02628726311078644
2003-03-03,572.0533824948851,576.9219219203735,565.9677082130247,576.3133544921875,174000,0.0,0.0,0.01067271694078542
2003-03-04,572.6619165534647,573.2704839461888,553.1877599862905,569.6190795898438,221000,0.0,0.0,-0.011615685894078132
2003-03-05,561.7076254195244,562.924760035818,550.1448465647346,553.1876831054688,223000,0.0,0.0,-0.028846288814985743
2003-03-06,548.9276828744121,553.7962210817238,526.4106936655946,533.7135009765625,428000,0.0,0.0,-0.03520357145260833
2003-03-07,539.1906751859705,556.2305610834956,537.3649731255214,547.10205078125,376000,0.0,0.0,0.025085649473340688
2003-03-10,551.9706137641358,556.2305854249395,546.4935073431025,550.7534790039062,260000,0.0,0.0,0.006674126367177902
2003-03-11,544.6677815802743,552.579157178647,520.9336547851562,520.9336547851562,191000,0.0,0.0,-0.05414368743104847
2003-03-12,533.1048833107461,547.1019293337451,533.1048833107461,536.7562866210938,213000,0.0,0.0,0.030373602647083775
2003-03-13,530.6707063444368,555.0133992960165,530.6707063444368,553.7962646484375,323000,0.0,0.0,0.03174621043492798
2003-03-14,575.0961861243615,578.1390230879824,564.7505404480502,569.6190795898438,2453000,0.0,0.0,0.028571545081567118
2003-03-17,572.053271381795,586.6588868213302,563.533329042066,579.3560791015625,324000,0.0,0.0,0.01709387880534119
2003-03-18,590.9188599265301,600.0473696061367,586.0503214307399,587.2674560546875,325000,0.0,0.0,0.013655465504726516
2003-03-19,585.4418008258234,587.8760702679266,565.3590779284718,586.658935546875,205000,0.0,0.0,-0.0010361897318482693
2003-03-20,583.615853897327,599.4385986328125,581.1815854764832,599.4385986328125,275000,0.0,0.0,0.02178380369170463
2003-03-21,599.4385986328125,599.4385986328125,599.4385986328125,599.4385986328125,0,0.0,0.0,0.0
2003-03-24,605.5245008600299,621.3472516362718,602.4816641722911,617.0872802734375,527000,0.0,0.0,0.029442017382393715
2003-03-25,598.8303215113285,603.0902933106978,587.8761083129506,590.9189453125,393000,0.0,0.0,-0.04240621350895779
2003-03-26,603.1786189209727,606.8565373290273,602.5656325196302,605.017578125,157000,7.0,0.0,0.023858826873530248
2003-03-27,597.6616815689506,605.63050398987,597.6616815689506,601.339599609375,118000,0.0,0.0,-0.006079126704092386
2003-03-28,605.6305351023294,608.0824805885736,599.5006713867188,599.5006713867188,117000,0.0,0.0,-0.0030580527606210994
2003-03-31,598.8875013394879,600.1134737066108,592.1446533203125,592.1446533203125,197000,0.0,0.0,-0.012270241581866626
2003-04-01,579.8851733035596,590.3059428026721,576.2072546568139,577.4332275390625,187000,0.0,0.0,-0.024844310758797117
2003-04-02,583.5631600839121,583.5631600839121,559.0436995761846,562.7216186523438,221000,0.0,0.0,-0.02547759322652332
2003-04-03,574.9811992565458,586.0149536132812,573.1422401970899,586.0149536132812,205000,0.0,0.0,0.04139406446960847
2003-04-04,584.7891411365811,597.0488715587315,582.337195052151,590.9190063476562,113000,0.0,0.0,0.00836847712526323
2003-04-07,607.4695466562018,611.7604516275372,590.3059267708601,596.435791015625,244000,0.0,0.0,0.009335940473579996
2003-04-08,582.337087802786,583.5630606192129,571.3033324549438,579.2721557617188,242000,0.0,0.0,-0.02877700418460738
2003-04-09,585.4020385742188,592.7578757081357,582.3371064350868,585.4020385742188,217000,0.0,0.0,0.010582042916320589
2003-04-10,573.7552696734475,577.4331880687902,566.3994328827623,572.529296875,202000,0.0,0.0,-0.021989574430883563
2003-04-11,560.2695347022147,560.2695347022147,539.4279984003817,541.8799438476562,268000,0.0,0.0,-0.05353324833267947
2003-04-14,548.0097441300103,565.786346568232,548.0097441300103,563.9473876953125,207000,0.0,0.0,0.04072386161954045
2003-04-15,573.1421205552958,596.4355971126233,572.529134330103,578.6589965820312,125000,0.0,0.0,0.02608684641104686
2003-04-16,592.145036030722,594.5969823496898,580.498291015625,580.498291015625,105000,0.0,0.0,0.0031785463363707134
2003-04-17,582.337195052151,593.3709524320864,579.8852489677208,590.9190063476562,128000,0.0,0.0,0.017951328183584137
2003-04-18,591.5320174367805,591.5320174367805,582.3372192382812,582.3372192382812,109000,0.0,0.0,-0.014522780647075795
2003-04-21,576.2073212147257,587.8540649414062,576.2073212147257,587.8540649414062,90000,0.0,0.0,0.00947362717145439
2003-04-22,587.8540409071763,587.8540409071763,560.8826354849492,571.3034057617188,173000,0.0,0.0,-0.028154367158007454
2003-04-23,575.5943279161212,575.5943279161212,552.91382724211,555.978759765625,184000,0.0,0.0,-0.026824006021216373
2003-04-24,560.2695966742011,562.1085559630661,541.2670173559295,545.5579223632812,153000,0.0,0.0,-0.01874322933979833
2003-04-25,542.4931087295902,542.4931087295902,528.3944177682563,531.4593505859375,173000,0.0,0.0,-0.02584248381229748
2003-04-28,527.1684080886394,527.1684080886394,521.0385428783063,522.8775024414062,127000,0.0,0.0,-0.01614770374266572
2003-04-29,522.8775024414062,522.8775024414062,522.8775024414062,522.8775024414062,0,0.0,0.0,0.0
2003-04-30,554.752603391828,570.0772609440884,554.752603391828,563.3344116210938,236000,0.0,0.0,0.07737358939863959
2003-05-01,558.4305225564115,560.8824677707097,544.3318375741969,548.6227416992188,126000,0.0,0.0,-0.026115340405958087
2003-05-02,554.1397198141611,560.2695839713974,547.3968692412012,553.5267333984375,132000,0.0,0.0,0.008938732076672284
2003-05-05,553.5267333984375,553.5267333984375,553.5267333984375,553.5267333984375,0,0.0,0.0,0.0
2003-05-06,582.337087802786,588.4669518849206,571.9163188631572,579.2721557617188,315000,0.0,0.0,0.04651161508535351
2003-05-07,578.0462139801867,579.2721868624353,574.3682953334411,577.4332275390625,90000,0.0,0.0,-0.0031745496557453734
2003-05-08,571.3032728363785,583.5629997212793,571.3032728363785,575.5941772460938,159000,0.0,0.0,-0.003184870917121496
2003-05-09,573.1424210397821,582.3372192382812,573.1424210397821,582.3372192382812,293000,0.0,0.0,0.011714923914708963
2003-05-12,594.5968940364045,598.2748129685884,591.5319615929178,592.7579345703125,158000,0.0,0.0,0.017894640747266655
2003-05-13,597.6616943231686,598.2746806763206,584.1759945538254,586.0149536132812,283000,0.0,0.0,-0.011375606404862681
2003-05-14,543.1059372398048,546.1708691655373,530.2332231517281,540.6539916992188,1015000,0.0,0.0,-0.07740580958621202
2003-05-15,525.3291927527928,525.3291927527928,511.2305096334063,516.1343994140625,831000,0.0,0.0,-0.045351727096462846
2003-05-16,517.9735430119711,518.5865294534053,510.6177057147596,512.4566650390625,421000,0.0,0.0,-0.007125536254074749
2003-05-19,500.19688033111044,502.6488258229296,493.45403022860773,494.0670166015625,354000,0.0,0.0,-0.035885275169751596
2003-05-20,496.51913783061934,508.77886962890625,495.29316465079063,508.77886962890625,261000,0.0,0.0,0.029777039415703532
2003-05-21,513.0696027430093,520.4254393414753,501.42286146210466,502.6488342285156,349000,0.0,0.0,-0.012048525924163833
2003-05-22,500.8098423673078,519.8124190054798,499.58386968097415,517.3604736328125,311000,0.0,0.0,0.029268225453813912
2003-05-23,492.8411023575986,505.10083127196674,490.38915657472495,501.42291259765625,479000,0.0,0.0,-0.030805525059240724
2003-05-26,517.9734594008502,524.1033228257123,516.7474867158777,521.0383911132812,458000,0.0,0.0,0.03911962940426017
2003-05-27,516.7475793500575,521.0384845166654,515.5216064453125,515.5216064453125,262000,0.0,0.0,-0.010588057928286765
2003-05-28,530.2333832685742,532.0723429793323,520.4255981445312,520.4255981445312,328000,0.0,0.0,0.00951267927067767
2003-05-29,527.168465498555,533.2983313764452,525.9424923229769,530.2333984375,218000,0.0,0.0,0.01884572997165468
2003-05-30,533.2982858058137,544.3320434431754,533.2982858058137,540.0411376953125,369000,0.0,0.0,0.018497022795459728
2003-06-02,540.6539739564407,541.2669603214707,519.1994511803915,527.1682739257812,395000,0.0,0.0,-0.02383682069937798
2003-06-03,533.2982322612185,533.2982322612185,520.4255163100856,521.6514892578125,197000,0.0,0.0,-0.01046494059076375
2003-06-04,524.7164395960366,533.2982505240092,524.7164395960366,527.7813720703125,213000,0.0,0.0,0.011750915963493869
2003-06-05,533.9111218289526,538.8150127297926,529.6202172907175,538.2020263671875,246000,0.0,0.0,0.01974426315199085
2003-06-06,545.5579223632812,546.7838952225245,536.9761123485779,545.5579223632812,369000,0.0,0.0,0.013667536790497259
2003-06-09,545.5578408006061,547.3967998145407,544.3318681246496,546.7838134765625,210000,0.0,0.0,0.002247041172037001
2003-06-10,531.459248066496,539.4280718552669,531.459248066496,533.9111938476562,209000,0.0,0.0,-0.023542429954280353
2003-06-11,539.4280580670645,549.2358409410112,539.4280580670645,545.5579223632812,393000,0.0,0.0,0.021813980770270636
2003-06-12,549.8486430978036,555.3655191155073,548.6226706494249,552.91357421875,318000,0.0,0.0,0.01348280641513755
2003-06-13,559.6565732432387,569.46435546875,557.8176140759552,569.46435546875,2091000,0.0,0.0,0.029933758225027862
2003-06-16,555.3656320221049,557.2045910685357,546.1708367899508,549.8487548828125,157000,0.0,0.0,-0.03444570392784474
2003-06-17,557.8177041953566,559.6566636597369,540.0410960396804,542.4930419921875,208000,0.0,0.0,-0.013377702186836316
2003-06-18,540.0410793291275,540.0410793291275,531.4592687609006,532.6852416992188,381000,0.0,0.0,-0.01807912642888787
2003-06-19,538.8150141409859,541.8799459620382,530.2332050420396,530.84619140625,246000,0.0,0.0,-0.0034524145761994918
2003-06-20,521.6515712850367,527.1684504173109,518.5866384337731,520.4255981445312,425000,0.0,0.0,-0.019630155458238985
2003-06-23,524.7162272135416,526.555185953776,522.2642822265625,522.2642822265625,179000,0.0,0.0,0.003533039282823003
2003-06-24,511.84348503168485,513.6824436605413,502.64869188740306,503.8746643066406,412000,0.0,0.0,-0.03521132603884314
2003-06-25,509.39165117164356,522.2643643781472,509.39165117164356,517.3604736328125,259000,0.0,0.0,0.026764213963266226
2003-06-26,517.9735731595463,518.5865596366582,512.4566948655394,514.295654296875,565000,0.0,0.0,-0.0059239533983276305
2003-06-27,514.908478002754,517.9734094194371,505.71368375270487,511.2305603027344,416000,0.0,0.0,-0.005959789798984594
2003-06-30,524.1033719837458,532.6851815834797,519.8124671838789,529.0072631835938,315000,0.0,0.0,0.03477237915967413
2003-07-01,538.2020069596954,542.492911343201,529.0072118521836,532.0721435546875,279000,0.0,0.0,0.005793645162164962
2003-07-02,552.3006945124739,586.6279296875,549.8487491428292,586.6279296875,940000,0.0,0.0,0.10253456564806074
2003-07-03,643.6358551931853,643.6358551931853,611.1475691691484,619.1163940429688,674000,0.0,0.0,0.05538172103870931
2003-07-04,601.3394576054371,613.5991815117661,601.3394576054371,606.2433471679688,331000,0.0,0.0,-0.020792611855964815
2003-07-07,602.5655700987252,621.5681465718284,598.8876520716728,616.05126953125,285000,0.0,0.0,0.016178193804679886
2003-07-08,632.6019501686096,654.05647367239,622.1811816096306,627.6980590820312,519000,0.0,0.0,0.018905552389565372
2003-07-09,629.5370380089905,651.6045485915841,627.6980787937744,630.1500244140625,335000,0.0,0.0,0.003906281525893451
2003-07-10,633.2149623747795,638.1188536613219,604.4046010663433,608.08251953125,292000,0.0,0.0,-0.03501944620780062
2003-07-11,594.5969165726424,598.8878221561563,581.7241998221007,587.8540649414062,319000,0.0,0.0,-0.033265969568467724
2003-07-14,589.0797624103094,589.0797624103094,573.1421205552958,578.6589965820312,276000,0.0,0.0,-0.015641753468680242
2003-07-15,577.4330860967221,582.9499627154806,563.9473876953125,563.9473876953125,295000,0.0,0.0,-0.025423624230532793
2003-07-16,581.1110736939377,585.40197824653,574.9812100473771,581.7240600585938,302000,0.0,0.0,0.03152186312260308
2003-07-17,565.7863463037215,567.6253051757812,562.108428559602,567.6253051757812,168000,0.0,0.0,-0.024236155680740445
2003-07-18,567.6253051757812,568.8512777571544,558.4305108154824,567.6253051757812,286000,0.0,0.0,0.0
2003-07-21,567.6253051757812,567.6253051757812,567.6253051757812,567.6253051757812,0,0.0,0.0,0.0
2003-07-22,574.9814201803769,588.4671251313025,572.5294738256631,583.563232421875,263000,0.0,0.0,0.02807825356052107
2003-07-23,602.5655695672795,622.1811323609244,602.5655695672795,619.7291870117188,417000,0.0,0.0,0.06197435441528687
2003-07-24,619.7290434649307,619.7290434649307,603.1784161913865,606.2433471679688,306000,0.0,0.0,-0.021760859624471718
2003-07-25,609.921365968014,617.8901878349327,608.0824070756481,614.8252563476562,207000,0.0,0.0,0.014155881824975625
2003-07-28,625.2461755299147,632.6020128890901,621.5682568503269,624.0202026367188,221000,0.0,0.0,0.014955381539926815
2003-07-29,628.3108505172346,628.9238367128611,608.6952922571843,609.9212646484375,140000,0.0,0.0,-0.022593720409544327
2003-07-30,597.6617525061782,601.9526573959662,593.3708476163903,600.7266845703125,134000,0.0,0.0,-0.015075027894665749
2003-07-31,600.726501084167,601.9524735353592,588.4667765722453,589.6927490234375,258000,0.0,0.0,-0.018367646768958412
2003-08-01,595.8228895965035,595.8228895965035,584.7891323817535,587.8540649414062,128000,0.0,0.0,-0.0031180374611630146
2003-08-04,583.5629466720675,601.3395490391788,583.5629466720675,597.0486450195312,125000,0.0,0.0,0.01564092285224139
2003-08-05,601.3395674569266,628.923951285226,601.3395674569266,617.8901977539062,337000,0.0,0.0,0.03490762923294666
2003-08-06,597.6616832697503,600.7266149788259,584.7889700916326,590.3058471679688,219000,0.0,0.0,-0.044642803343068804
2003-08-07,589.6930021268258,596.4358535024965,587.8540426607339,592.7579345703125,158000,0.0,0.0,0.004153927009376224
2003-08-08,589.080111719981,590.3060848973379,578.046353123769,583.563232421875,268000,0.0,0.0,-0.015511731876018953
2003-08-11,582.9500638223853,586.0149958088332,578.6591590413583,579.8851318359375,101000,0.0,0.0,-0.0063028312641850714
2003-08-12,586.0149749884627,586.0149749884627,578.6591384823313,581.111083984375,220000,0.0,0.0,0.0021141293010153994
2003-08-13,597.048910133142,598.887869815277,591.5320310867372,595.8229370117188,131000,0.0,0.0,0.025316765473603287
2003-08-14,597.6617413088906,612.9864013424518,597.6617413088906,605.017578125,345000,0.0,0.0,0.015431834765200492
2003-08-15,619.1162653558764,619.1162653558764,605.017578125,605.017578125,237000,0.0,0.0,0.0
2003-08-18,609.9216394042969,617.2774782714844,605.0177468261719,612.986572265625,241000,0.0,0.0,0.013171508446616631
2003-08-19,629.5369975961904,639.9577658134594,624.6331066704167,628.9240112304688,250000,0.0,0.0,0.025999654292488517
2003-08-20,630.7628062799957,630.7628062799957,616.6641235351562,616.6641235351562,276000,0.0,0.0,-0.01949343239627066
2003-08-21,606.8563336703046,613.5991818221969,606.243347474678,609.9212646484375,217000,0.0,0.0,-0.010934410855724663
2003-08-22,616.0513026539872,616.0513026539872,597.6617115299877,603.1785888671875,284000,0.0,0.0,-0.011054993770608257
2003-08-25,592.1446533203125,598.8875013394879,591.5316671367511,592.1446533203125,307000,0.0,0.0,-0.01829298279237257
2003-08-26,594.5968940364045,597.0488399911937,591.5319615929178,592.7579345703125,187000,0.0,0.0,0.0010356949886505262
2003-08-27,590.3059299968301,590.9189164246565,583.5630792907396,585.4020385742188,290000,0.0,0.0,-0.012409612030627626
2003-08-28,584.7890046150454,584.7890046150454,570.0773315429688,570.0773315429688,411000,0.0,0.0,-0.02617808962294399
2003-08-29,587.8540426607339,599.500785945983,582.337164262458,592.7579345703125,257000,0.0,0.0,0.03978513400270889
2003-09-01,598.8877654842835,603.7916571156799,590.3059551293398,601.9526977539062,242000,0.0,0.0,0.015511834844115668
2003-09-02,602.5657183894697,602.5657183894697,589.6930021268258,592.7579345703125,458000,0.0,0.0,-0.015274893223176211
2003-09-03,605.0175599590266,606.243532724901,594.596791449094,595.2097778320312,225000,0.0,0.0,0.004136331407349481
2003-09-04,590.3059175349464,599.5007137582321,587.8539718754035,593.370849609375,198000,0.0,0.0,-0.0030895463938013235
2003-09-05,592.1448767796035,595.2098088540321,589.079944705175,593.370849609375,126000,0.0,0.0,0.0
2003-09-08,599.5004993227858,611.7602232353172,599.5004993227858,609.9212646484375,304000,0.0,0.0,0.02789219431651868
2003-09-09,628.3110145932859,631.3759463717897,625.2460828147821,629.5369873046875,418000,0.0,0.0,0.0321610735568576
2003-09-10,631.3761212074593,639.344946038233,625.8592424784621,626.4722290039062,264000,0.0,0.0,-0.004868273608358953
2003-09-11,614.2122709787436,619.7291476641815,600.7265724143401,603.79150390625,258000,0.0,0.0,-0.036203879513891146
2003-09-12,616.0513861941708,618.503332009869,599.500751938208,601.9526977539062,1874000,0.0,0.0,-0.0030454323064295075
2003-09-15,601.9526977539062,601.9526977539062,601.9526977539062,601.9526977539062,0,0.0,0.0,0.0
2003-09-16,606.8566492984169,620.9553391306024,605.0176897550883,605.6306762695312,255000,0.0,0.0,0.00611007896359439
2003-09-17,624.6333171386719,626.4722768554687,608.0826796875,612.986572265625,267000,0.0,0.0,0.012145844463169242
2003-09-18,604.4045608674637,606.8565063476562,598.2746971669823,606.8565063476562,384000,0.0,0.0,-0.01000032659004546
2003-09-19,608.6954906360093,608.6954906360093,579.2721436566252,587.240966796875,814000,0.0,0.0,-0.032323192296044856
2003-09-22,574.9813667823529,576.8203263776056,563.3346226790856,568.8515014648438,570000,0.0,0.0,-0.0313150246181515
2003-09-23,568.8515014648438,568.8515014648438,568.8515014648438,568.8515014648438,0,0.0,0.0,0.0
2003-09-24,569.4644463011124,587.2410544203075,568.2384733273748,571.3034057617188,495000,0.0,0.0,0.004310271293230583
2003-09-25,581.1852715055821,587.9791482181872,576.8618954157425,583.0381469726562,201000,7.0,0.0,0.02054029626392917
2003-09-26,587.3616187384515,597.2436228392036,587.3616187384515,595.3907470703125,229000,0.0,0.0,0.021186607020132975
2003-09-29,600.3315980225896,600.3315980225896,585.5085956022787,586.126220703125,170000,0.0,0.0,-0.015560413749751145
2003-09-30,586.7438979068045,591.0672739966441,579.9500211941994,583.0381469726562,217000,0.0,0.0,-0.00526861556673619
2003-10-01,577.4795828292619,584.8910854965893,574.3914567178755,579.3324584960938,190000,0.0,0.0,-0.006355825079034316
2003-10-02,587.9792758139419,591.0674022625444,570.6857677017671,575.6267700195312,543000,0.0,0.0,-0.006396479986952919
2003-10-03,576.2442457226136,577.4794959813973,565.7446185229519,566.3622436523438,451000,0.0,0.0,-0.016094676011807363
2003-10-06,541.6572434445645,555.2449964158078,540.4219931744515,551.5392456054688,760000,0.0,0.0,-0.026172292049845725
2003-10-07,554.0096435546875,555.8625186167433,549.6862684098907,554.0096435546875,250000,0.0,0.0,0.004479097306134161
2003-10-08,549.6864675429085,549.6864675429085,519.422830565827,520.6580810546875,744000,0.0,0.0,-0.06020032843834022
2003-10-09,526.8342158998133,543.5100937770641,526.8342158998133,534.8633422851562,335000,0.0,0.0,0.027283281960578387
2003-10-10,531.1576834421169,537.3339355751647,529.3048078022025,533.0105590820312,751000,0.0,0.0,-0.00346403100876036
2003-10-13,533.0105590820312,533.0105590820312,533.0105590820312,533.0105590820312,0,0.0,0.0,0.0
2003-10-14,538.5691896252571,539.8044400601774,525.5990600585938,525.5990600585938,479000,0.0,0.0,-0.013904975984344148
2003-10-15,540.4219931744515,552.7744958755818,539.1867429043384,551.5392456054688,448000,0.0,0.0,0.049353561522699874
2003-10-16,555.2451171875,557.7156182650862,537.333984375,537.333984375,440000,0.0,0.0,-0.025755667150892392
2003-10-17,545.9807233972431,555.862727440632,543.5102223863959,545.3630981445312,382000,0.0,0.0,0.014942501317630752
2003-10-20,551.5393506716495,556.4803526933439,542.2749718809722,545.3630981445312,429000,0.0,0.0,0.0
2003-10-21,551.5393655711207,551.5393655711207,533.6282327586207,537.333984375,323000,0.0,0.0,-0.014722510189722038
2003-10-22,545.9807679830684,545.9807679830684,537.3340137389927,539.1868896484375,229000,0.0,0.0,0.003448330698071711
2003-10-23,526.2165544782366,535.4809304373605,518.8050537109375,518.8050537109375,732000,0.0,0.0,-0.03780105994563299
2003-10-24,518.8052721991055,518.8052721991055,503.3646390979417,511.3937683105469,621000,0.0,0.0,-0.014285299164645271
2003-10-27,523.1285102446498,528.0695115220491,517.5698838075756,521.275634765625,299000,0.0,0.0,0.0193234002199989
2003-10-28,523.7460542224702,526.2165544782366,515.7169283912295,518.8050537109375,221000,0.0,0.0,-0.004739490760580667
2003-10-29,521.8933715820312,524.3638727492835,517.5699945393399,521.8933715820312,241000,0.0,0.0,0.005952752096386682
2003-10-30,521.8933505403953,526.2167274087774,518.1875989389251,523.1286010742188,128000,0.0,0.0,0.0023668234920155573
2003-10-31,518.1874804833692,520.0403558605445,514.4817297290185,515.7169799804688,237000,0.0,0.0,-0.014167875888511205
2003-11-03,515.7169799804688,515.7169799804688,515.7169799804688,515.7169799804688,0,0.0,0.0,0.0
2003-11-04,540.4220857231865,546.5983381314514,538.569210000707,545.980712890625,358000,0.0,0.0,0.05868283202795155
2003-11-05,546.5982575850053,546.5982575850053,535.4810048883611,543.5101318359375,282000,0.0,0.0,-0.004525033570521808
2003-11-06,549.6865581411176,561.4214397194112,549.6865581411176,558.3333129882812,746000,0.0,0.0,0.027273053958114968
2003-11-07,562.0388883997183,565.1270141601562,556.4802620309298,565.1270141601562,398000,0.0,0.0,0.012167823437785108
2003-11-10,565.7447918396321,585.508802034903,563.2742905652232,581.1854248046875,486000,0.0,0.0,0.028415577812000103
2003-11-11,568.8327755583715,574.391402029626,561.4212735966989,564.5093994140625,377000,0.0,0.0,-0.02869312387905998
2003-11-12,564.5093534145634,566.3622287539985,549.0687255859375,549.0687255859375,241000,0.0,0.0,-0.027352376849972382
2003-11-13,561.4213361698099,570.6857146544603,560.8037109375,560.8037109375,291000,0.0,0.0,0.0213725255231747
2003-11-14,563.8917624673419,575.0090151775413,563.8917624673419,568.832763671875,526000,0.0,0.0,0.014317046370739606
2003-11-17,560.8036691766035,564.5094202945106,558.95079361765,563.274169921875,536000,0.0,0.0,-0.009771929651377187
2003-11-18,557.0978196447836,561.4211951852642,550.3039437954569,554.6273193359375,345000,0.0,0.0,-0.015351051135784943
2003-11-19,557.0978871830174,565.1270141601562,554.6273865746671,565.1270141601562,253000,0.0,0.0,0.01893108121105569
2003-11-20,570.6856510487897,578.0971530104623,564.5093994140625,564.5093994140625,221000,0.0,0.0,-0.0010928777613146146
2003-11-21,558.3331220910904,562.656498036486,549.6863702002992,551.5392456054688,205000,0.0,0.0,-0.022975974929835052
2003-11-24,551.5392456054688,551.5392456054688,551.5392456054688,551.5392456054688,0,0.0,0.0,0.0
2003-11-25,577.4795636783575,582.4205652927178,571.3033116604072,576.8619384765625,237000,0.0,0.0,0.04591276699320823
2003-11-26,570.6856968134546,579.3324497954767,565.744695109442,576.2443237304688,172000,0.0,0.0,-0.0010706456864267855
2003-11-27,568.2152099609375,571.3033361020296,565.1270838198454,568.2152099609375,115000,0.0,0.0,-0.013933523401241765
2003-11-28,568.2150868360219,573.1560875911177,563.274086080926,571.9208374023438,182000,0.0,0.0,0.006521521030141031
2003-12-01,576.8620611846509,592.9203198471787,574.3915598519544,591.0674438476562,445000,0.0,0.0,0.03347772137884686
2003-12-02,591.0673340486226,592.9202097039474,583.0382062088817,586.7439575195312,207000,0.0,0.0,-0.007314708961096761
2003-12-03,580.5675887237614,584.8909643844704,570.0679621191829,571.9208374023438,202000,0.0,0.0,-0.025263353677901446
2003-12-04,578.0971457271253,583.6557721283476,576.244270260051,583.0381469726562,130000,0.0,0.0,0.01943854611209339
2003-12-05,577.4796841028199,594.773193359375,575.6268081110461,594.773193359375,269000,0.0,0.0,0.020127407524964447
2003-12-08,588.5969344066972,591.0674357053612,583.6559318093692,587.9793090820312,212000,0.0,0.0,-0.011422647074880388
2003-12-09,595.3908186899662,596.6260693511487,589.2145653840537,594.773193359375,247000,0.0,0.0,0.011554631553192918
2003-12-10,583.6558581936744,583.6558581936744,572.5386037518902,574.3914794921875,171000,0.0,0.0,-0.03426804384385296
2003-12-11,573.7737414354947,577.4794921875,572.5384911848263,577.4794921875,95000,0.0,0.0,0.005376146418541117
2003-12-12,592.3026637027137,592.9202890037593,572.5386540692551,575.0091552734375,1607000,0.0,0.0,-0.00427779158824293
2003-12-15,598.4788860452586,610.2137661637931,597.8612607758621,608.978515625,427000,0.0,0.0,0.05907620781343703
2003-12-16,595.3906931089743,603.419820713141,592.9201923076923,602.1845703125,208000,0.0,0.0,-0.011156297206195043
2003-12-17,599.7139880708443,607.1254894682182,599.0963629543965,603.4197387695312,118000,0.0,0.0,0.0020511459740495397
2003-12-18,597.2436792967749,604.0375577582687,597.2436792967749,602.8023071289062,98000,0.0,0.0,-0.001023220821188331
2003-12-19,615.1547393195714,629.3601198460274,613.3018635987294,625.0367431640625,488000,0.0,0.0,0.036885120996064114
2003-12-22,617.6253582967522,631.8307415375775,617.6253582967522,628.7426147460938,222000,0.0,0.0,0.0059290459681959895
2003-12-23,628.7426147460938,628.7426147460938,628.7426147460938,628.7426147460938,0,0.0,0.0,0.0
2003-12-24,625.0367958955281,629.9777982346233,621.9486694335938,621.9486694335938,112000,0.0,0.0,-0.01080560654417162
2003-12-25,623.183788733568,625.6542893826605,618.2427874353832,618.8604125976562,100000,0.0,0.0,-0.004965452918727187
2003-12-26,620.0956434353081,620.713268578172,616.389892578125,616.389892578125,42000,0.0,0.0,-0.003992047268238208
2003-12-29,617.6250108179129,623.1836359152741,613.3016357421875,613.3016357421875,122000,0.0,0.0,-0.00501023276520729
2003-12-30,628.124747911457,629.9776232740277,617.6251208568899,621.3308715820312,109000,0.0,0.0,0.013091821987605057
2003-12-31,621.3308715820312,621.3308715820312,621.3308715820312,621.3308715820312,0,0.0,0.0,0.0
2004-01-01,621.3308715820312,621.3308715820312,621.3308715820312,621.3308715820312,0,0.0,0.0,0.0
2004-01-02,621.3308715820312,621.3308715820312,621.3308715820312,621.3308715820312,0,0.0,0.0,0.0
2004-01-05,634.9188338208222,637.3893351197358,631.83070719718,634.3012084960938,89000,0.0,0.0,0.020875088471038694
2004-01-06,632.4482460474309,636.153997489115,625.0367431640625,625.0367431640625,142000,0.0,0.0,-0.014605782249724863
2004-01-07,631.212761055907,631.212761055907,613.3016357421875,613.3016357421875,117000,0.0,0.0,-0.01877506810634766
2004-01-08,610.8313808885631,617.0076334759095,608.9785051123591,609.5961303710938,183000,0.0,0.0,-0.006041897094583026
2004-01-09,615.7723353587246,625.6543387345919,614.5370849367413,623.183837890625,201000,0.0,0.0,0.022289687946771775
2004-01-12,623.183837890625,623.183837890625,623.183837890625,623.183837890625,0,0.0,0.0,0.0
2004-01-13,614.5371112881344,618.8604879504629,610.8313598632812,610.8313598632812,112000,0.0,0.0,-0.019821563519931584
2004-01-14,610.8313389228643,615.1547154369797,606.5079624087491,612.0665893554688,133000,0.0,0.0,0.002022210340451469
2004-01-15,626.8895891565752,629.9777152115338,621.9485874686417,623.183837890625,260000,0.0,0.0,0.018163462486758375
2004-01-16,622.566121823745,626.2718725488863,607.7431189231797,621.3308715820312,370000,0.0,0.0,-0.002973386336310835
2004-01-19,617.6251532919069,620.0956539050745,611.4489017589879,615.7722778320312,86000,0.0,0.0,-0.008946270021714442
2004-01-20,618.2428778956778,626.8896314326803,618.2428778956778,620.71337890625,200000,0.0,0.0,0.008024234367313587
2004-01-21,612.6842506218906,628.7425071906094,612.6842506218906,620.71337890625,260000,0.0,0.0,0.0
2004-01-22,629.3600126225898,639.242014783494,625.6542618122506,638.6243896484375,473000,0.0,0.0,0.028855525514446256
2004-01-23,649.1241949683091,691.1227156703501,649.1241949683091,667.6529541015625,624000,0.0,0.0,0.04545483217311075
2004-01-26,688.6520740660277,702.8574531723225,684.3286978162859,701.0045776367188,532000,0.0,0.0,0.049953532490598196
2004-01-27,698.5339156711852,699.1515407071456,691.1224152396608,696.0634155273438,175000,0.0,0.0,-0.007048687365256656
2004-01-28,686.1815106201171,691.74013671875,675.6818835449219,679.3876342773438,122000,0.0,0.0,-0.023957272969685195
2004-01-29,686.7992677990667,689.2697687623727,680.6230153908017,682.4758911132812,253000,0.0,0.0,0.0045456476981986516
2004-01-30,633.6835831713653,648.5065909648475,623.1839526509821,634.3012084960938,722000,0.0,0.0,-0.07058810903723367
2004-02-02,642.3301325375733,642.9477576650132,628.1247546064538,631.8305053710938,258000,0.0,0.0,-0.0038951575243849623
2004-02-03,628.7423730323139,628.7423730323139,615.1546203734623,621.3308715820312,256000,0.0,0.0,-0.016617801292920675
2004-02-04,622.5662305878429,623.1838558166007,607.1255998688985,607.7432250976562,193000,0.0,0.0,-0.02186861639399662
2004-02-05,601.5670347848265,624.4191706031413,601.5670347848265,621.9486694335938,177000,0.0,0.0,0.023374089170068224
2004-02-06,616.3898345324458,616.3898345324458,602.1844575843032,605.2725830078125,126000,0.0,0.0,-0.026812641051178865
2004-02-09,617.6252006304146,627.5072038405012,617.6252006304146,623.8014526367188,262000,0.0,0.0,0.030612438344439497
2004-02-10,621.9484922629662,624.4189927287575,603.4197387695312,603.4197387695312,465000,0.0,0.0,-0.032673399173786644
2004-02-11,603.4197387695312,603.4197387695312,603.4197387695312,603.4197387695312,0,0.0,0.0,0.0
2004-02-12,608.9783963119226,611.4488969054801,601.56689453125,601.56689453125,146000,0.0,0.0,-0.003070572802373883
2004-02-13,615.772416509725,624.4191706031413,615.772416509725,621.9486694335938,278000,0.0,0.0,0.033881144537093455
2004-02-16,622.566162109375,625.6542879134889,619.478036305261,622.566162109375,97000,0.0,0.0,0.0009928354318107235
2004-02-17,626.8895909317944,626.8895909317944,619.4780883789062,619.4780883789062,180000,0.0,0.0,-0.004960233816765358
2004-02-18,623.1838432489081,623.1838432489081,606.5079624087491,612.0665893554688,189000,0.0,0.0,-0.011964101979510589
2004-02-19,621.3308114013672,623.1836865844726,617.0074359741211,617.6250610351562,183000,0.0,0.0,0.009081481943885805
2004-02-20,623.1838153850364,628.7424420832181,620.713314630289,628.1248168945312,207000,0.0,0.0,0.017000210195125653
2004-02-23,642.9478015067228,657.7708055760421,642.3301763371679,650.9769287109375,338000,0.0,0.0,0.03638148215411685
2004-02-24,637.3893564214939,643.5656098751905,628.7426015863186,633.0659790039062,175000,0.0,0.0,-0.027513954668867413
2004-02-25,636.7716227293957,638.0068732099571,621.9486169626591,625.0367431640625,171000,0.0,0.0,-0.012683094821297036
2004-02-26,639.8597412109375,640.4773664437665,634.9187393483047,639.8597412109375,159000,0.0,0.0,0.023715402668710306
2004-02-27,641.0949535926108,656.5355834960938,641.0949535926108,656.5355834960938,415000,0.0,0.0,0.026061715108997463
2004-03-01,654.0649774648077,679.3876064318116,653.4473523680515,670.1232299804688,336000,0.0,0.0,0.020695978749575072
2004-03-02,681.8582362678653,685.5639875519298,677.53485976979,680.6229858398438,211000,0.0,0.0,0.01566839558700428
2004-03-03,678.7700103815556,683.0933862438585,675.6818847656249,675.681884765625,200000,0.0,0.0,-0.007259674117708115
2004-03-04,665.1824385522117,667.652939716751,654.0651833117847,657.7709350585938,499000,0.0,0.0,-0.026507961972732308
2004-03-05,674.4466642868334,685.5639169948581,671.3585385346042,677.5347900390625,217000,0.0,0.0,0.030046713722168716
2004-03-08,666.4175067138672,683.0933850097656,666.4175067138672,679.3876342773438,213000,0.0,0.0,0.0027346850162106584
2004-03-09,676.9170319930367,684.9461573725162,676.299406963846,681.8580322265625,101000,0.0,0.0,0.0036362127077076423
2004-03-10,681.8581464790142,681.8581464790142,672.5937694888102,675.0642700195312,104000,0.0,0.0,-0.009963602225006696
2004-03-11,667.0352331048244,670.7409843998512,654.0651035722307,655.3003540039062,288000,0.0,0.0,-0.02927708796534767
2004-03-12,630.5953318033228,645.4183366645175,630.5953318033228,641.7125854492188,1929000,0.0,0.0,-0.02073517658225854
2004-03-15,648.506441583551,651.5945674958537,641.0949393940248,642.9478149414062,208000,0.0,0.0,0.0019248952259878216
2004-03-16,635.5363280413901,641.0949548172624,631.2129516601562,631.2129516601562,264000,0.0,0.0,-0.01825165745733104
2004-03-17,633.0659790039062,633.6836043492759,626.8897255502096,633.0659790039062,369000,0.0,0.0,0.0029356611566291324
2004-03-18,640.47735779223,640.47735779223,629.3601037514777,636.7716064453125,276000,0.0,0.0,0.005853461667987281
2004-03-19,634.9188683290613,639.8598711954353,628.7426147460938,628.7426147460938,178000,0.0,0.0,-0.01260890344033938
2004-03-22,625.6544668758617,630.5954695757697,621.3310895134421,629.9778442382812,101000,0.0,0.0,0.0019646027853326142
2004-03-23,618.2430526733398,646.036196899414,618.2430526733398,642.3304443359375,304000,0.0,0.0,0.019607991313713713
2004-03-24,638.0068568942851,642.3302334656887,630.5953542004502,636.7716064453125,127000,0.0,0.0,-0.008654171602238026
2004-03-25,624.4190375918433,625.6542879134889,621.9485369485521,622.566162109375,307000,0.0,0.0,-0.022308539187601895
2004-03-26,636.2490292475774,648.0659711397611,636.2490292475774,646.8220825195312,283000,7.0,0.0,0.03896119302079071
2004-03-29,644.9562095443556,674.8095345763027,643.7123210013577,669.2120361328125,332000,0.0,0.0,0.03461532037692172
2004-03-30,674.8095052796536,677.9192265021405,671.0778398126694,674.1875610351562,424000,0.0,0.0,0.007434900500439046
2004-03-31,667.9680994937294,669.2119879471628,644.334218878495,661.7486572265625,618000,0.0,0.0,-0.018450212563244084
2004-04-01,650.5536852894264,650.5536852894264,618.8345285496933,627.541748046875,1054000,0.0,0.0,-0.05169169412908392
2004-04-02,636.870958011583,646.2001224355807,634.3831808318502,644.3342895507812,300000,0.0,0.0,0.02675924200448887
2004-04-05,656.7732113486842,658.0171000065416,644.3343247701107,649.9318237304688,298000,0.0,0.0,0.00868731382213106
2004-04-06,661.748761355378,671.6998705486919,654.9073737849745,668.5901489257812,508000,0.0,0.0,0.02870812678200263
2004-04-07,662.3707056799601,673.5657035224383,661.1268170307958,668.5901489257812,207000,0.0,0.0,0.0
2004-04-08,669.2120241874418,675.4314667914142,667.34619140625,667.34619140625,174000,0.0,0.0,-0.0018605681246275374
2004-04-09,663.614700273993,663.614700273993,648.6880341010071,656.1513671875,259000,0.0,0.0,-0.01677513764656391
2004-04-12,653.6632820036614,669.2118852863365,653.6632820036614,664.8582763671875,199000,0.0,0.0,0.013269665530087016
2004-04-13,661.748761355378,673.5657035224383,661.748761355378,668.5901489257812,149000,0.0,0.0,0.0056130346740734804
2004-04-14,666.724259046817,673.5656460333048,663.6145376893224,669.2120361328125,99000,0.0,0.0,0.0009301471282974205
2004-04-15,671.6997559953865,679.7850308360717,662.3705927176728,669.8339233398438,355000,0.0,0.0,0.000929282758608041
2004-04-16,674.8095148508316,698.4433964769437,674.8095148508316,694.7117309570312,448000,0.0,0.0,0.03714026231031253
2004-04-19,695.333766633664,722.0773730426511,694.7118222985713,718.9676513671875,693000,0.0,0.0,0.034915086832838504
2004-04-20,718.3456221870754,723.3211762801461,709.016458262568,715.2359008789062,357000,0.0,0.0,-0.0051904289173302365
2004-04-21,710.8824496979408,710.8824496979408,695.3338396870498,701.5532836914062,195000,0.0,0.0,-0.019130215877987022
2004-04-22,701.5531177435374,701.5531177435374,689.1142326771626,694.7117309570312,167000,0.0,0.0,-0.009752007286426445
2004-04-23,695.3334737475452,695.9554178206647,682.8945922851562,682.8945922851562,273000,0.0,0.0,-0.0170101326137041
2004-04-26,696.5775274283619,705.9066907421346,689.1141967773438,689.1141967773438,163000,0.0,0.0,0.009107707928063924
2004-04-27,676.6752523158738,679.7849731445312,672.9435873214848,679.7849731445312,191000,0.0,0.0,-0.013537993668452653
2004-04-28,681.6508138020832,683.5166463216145,671.69970703125,671.69970703125,312000,0.0,0.0,-0.011893858253265943
2004-04-29,671.69970703125,671.69970703125,671.69970703125,671.69970703125,0,0.0,0.0,0.0
2004-04-30,653.041610571896,656.1513325270002,648.68799983475,650.5538330078125,419000,0.0,0.0,-0.031481142245687654
2004-05-03,650.5538330078125,650.5538330078125,650.5538330078125,650.5538330078125,0,0.0,0.0,0.0
2004-05-04,650.5538330078125,650.5538330078125,650.5538330078125,650.5538330078125,0,0.0,0.0,0.0
2004-05-05,650.5538330078125,650.5538330078125,650.5538330078125,650.5538330078125,0,0.0,0.0,0.0
2004-05-06,649.9316283242488,659.2607904533049,648.0657958984375,648.0657958984375,455000,0.0,0.0,-0.0038244907387166016
2004-05-07,641.2244913263838,653.663375736207,637.4928260034369,641.846435546875,220000,0.0,0.0,-0.009596803890784544
2004-05-10,653.6634012559758,656.151178235066,635.0050739127986,636.2489624023438,260000,0.0,0.0,-0.008720891531884933
2004-05-11,639.9806912140392,656.7731874849615,633.1393038444041,646.2001342773438,306000,0.0,0.0,0.01564037422933695
2004-05-12,649.9318393238166,658.6390601377242,644.3343402291617,652.4196166992188,295000,0.0,0.0,0.009624699983744822
2004-05-13,653.6635053869198,657.3951714500231,640.6026741660585,652.4196166992188,197000,0.0,0.0,0.0
2004-05-14,671.6997192044668,677.297216864504,667.3461099133267,673.5655517578125,740000,0.0,0.0,0.03241155617848701
2004-05-17,664.8584829782885,677.9193137945131,653.0415408112282,668.5901489257812,304000,0.0,0.0,-0.007386664622391792
2004-05-18,649.3098693732278,661.748755759688,644.3343148186436,658.01708984375,163000,0.0,0.0,-0.015813961810563493
2004-05-19,666.7243103142722,667.9681989529182,653.6634796084888,658.01708984375,163000,0.0,0.0,0.0
2004-05-20,643.7124363643186,645.5782695132007,637.4929925347117,639.3588256835938,321000,0.0,0.0,-0.028355288104427112
2004-05-21,641.2246588324758,641.8466032154365,631.8954930880655,639.3588256835938,219000,0.0,0.0,0.0
2004-05-24,651.1757658010247,651.1757658010247,642.4685444818133,648.68798828125,137000,0.0,0.0,0.01459143476698177
2004-05-25,647.4440268296462,649.309859759991,643.7123609689565,646.8220825195312,128000,0.0,0.0,-0.002876430264513785
2004-05-26,658.0169838655692,662.3705933996513,653.6633743314869,660.5047607421875,148000,0.0,0.0,0.021153696808493105
2004-05-27,661.7486652424367,671.6997729904433,660.5047767739359,662.9925537109375,166000,0.0,0.0,0.0037665027061342116
2004-05-28,697.19961610022,702.1751708984375,695.3337830508885,702.1751708984375,426000,0.0,0.0,0.05909963387700956
2004-05-31,703.4189532853183,706.5286745642101,699.6872877506481,704.662841796875,357000,0.0,0.0,0.003542806697728329
2004-06-01,704.6627164699535,726.430761550667,704.6627164699535,722.6990966796875,359000,0.0,0.0,0.025595581053799332
2004-06-02,713.3701614301899,731.4065473774223,712.748217087182,730.1626586914062,235000,0.0,0.0,0.010327343767286834
2004-06-03,735.1381198392056,764.9914445027266,735.1381198392056,753.7964477539062,551000,0.0,0.0,0.032367841303821754
2004-06-04,744.4673422618854,747.5770638252183,738.8698434478863,743.8453979492188,176000,0.0,0.0,-0.013201242635646149
2004-06-07,744.4673422618854,763.747615954549,738.8698434478863,743.8453979492188,342000,0.0,0.0,0.0
2004-06-08,743.8452066648346,745.0890949702941,735.1379885266174,742.601318359375,146000,0.0,0.0,-0.0016724975287522037
2004-06-09,732.6503658701829,762.5036914744009,732.6503658701829,757.5281372070312,214000,0.0,0.0,0.020100716870034674
2004-06-10,758.1499511322096,772.4546671913079,757.528006955727,765.61328125,331000,0.0,0.0,0.010673061033453113
2004-06-11,771.2107747395833,783.6496582031249,764.9913330078124,764.9913330078125,2202000,0.0,0.0,-0.0008123529951988839
2004-06-14,758.7719951294456,758.7719951294456,735.7600575722412,743.223388671875,249000,0.0,0.0,-0.0284551515771424
2004-06-15,744.4674797058105,758.7722015380859,743.2235908508301,756.284423828125,187000,0.0,0.0,0.017573498567624135
2004-06-16,764.9913535196273,776.808293126841,754.4183022921203,758.7719116210938,178000,0.0,0.0,0.0032890903403479665
2004-06-17,769.9668904853777,769.9668904853777,758.7718953086921,765.61328125,113000,0.0,0.0,0.009016371750358854
2004-06-18,763.7474651399206,763.7474651399206,753.1744139124136,758.7719116210938,137000,0.0,0.0,-0.008935803226580052
2004-06-21,751.9306109906424,765.613384722482,750.6867224695661,753.1744995117188,317000,0.0,0.0,-0.0073769363673680255
2004-06-22,758.7720209817894,792.9789563539193,756.2842438638163,785.515625,220000,0.0,0.0,0.04293975102615377
2004-06-23,796.0887619712689,796.0887619712689,778.0523759578573,779.2962646484375,95000,0.0,0.0,-0.007917551419250879
2004-06-24,789.8692726007794,789.8692726007794,776.186497799821,781.7839965820312,121000,0.0,0.0,0.0031922800691417397
2004-06-25,789.2474103041098,800.4424090318277,786.1376884352993,794.8449096679688,184000,0.0,0.0,0.016706549562334416
2004-06-28,796.0884030418251,817.8564453125,796.0884030418251,817.8564453125,358000,0.0,0.0,0.028950975674165047
2004-06-29,811.6372640878877,814.1250411425632,809.1494870332122,811.0153198242188,99000,0.0,0.0,-0.008364702054365125
2004-06-30,799.1981184351163,801.0639506182333,785.5153490922582,789.8689575195312,210000,0.0,0.0,-0.026073936937801356
2004-07-01,789.8691365848478,796.0885786052008,784.2716387665299,789.2471923828125,134000,0.0,0.0,-0.000787175050746769
2004-07-02,791.7349529281436,794.2227296851842,786.7593994140626,786.7593994140625,125000,0.0,0.0,-0.003152108734450043
2004-07-05,777.4304405710624,797.3326598496815,773.6987744563212,790.4912719726562,142000,0.0,0.0,0.004743346646221225
2004-07-06,799.8204994468422,810.3935542606807,799.8204994468422,800.4424438476562,180000,0.0,0.0,0.012588591712299424
2004-07-07,779.9181987165839,791.7351411213807,778.0523657053002,787.3815307617188,217000,0.0,0.0,-0.016317117097332856
2004-07-08,796.710580386574,796.710580386574,788.0033609287972,788.6253051757812,159000,0.0,0.0,0.0015796337169087238
2004-07-09,794.8448603538495,799.1984707000756,791.7351386779737,796.710693359375,390000,0.0,0.0,0.01025250918342202
2004-07-12,809.1496025463617,809.1496025463617,790.4912719726561,790.4912719726562,199000,0.0,0.0,-0.007806373679376866
2004-07-13,787.3814056640625,787.3814056640625,774.3205766601562,777.4302978515625,204000,0.0,0.0,-0.016522603834069338
2004-07-14,776.1866494717943,776.8085939024608,746.9552612304688,746.9552612304688,339000,0.0,0.0,-0.0391997027969091
2004-07-15,760.6378279043541,760.6378279043541,736.3820018305439,743.223388671875,298000,0.0,0.0,-0.0049961125549154994
2004-07-16,733.8941324389874,753.7963462000447,724.5649697384919,738.2477416992188,326000,0.0,0.0,-0.006694685673909739
2004-07-19,738.2477416992188,738.2477416992188,738.2477416992188,738.2477416992188,0,0.0,0.0,0.0
2004-07-20,734.5162730115526,750.0648816697142,727.6748852019615,730.7846069335938,111000,0.0,0.0,-0.010109255124095773
2004-07-21,728.9186561221168,734.5161543346586,716.4797712053571,731.4064331054688,242000,0.0,0.0,0.0008509021207825374
2004-07-22,727.0529015072213,760.6378943912163,727.0529015072213,743.8453979492188,167000,0.0,0.0,0.017006911999578156
2004-07-23,731.4064348753366,755.0403162743695,731.4064348753366,750.6867065429688,155000,0.0,0.0,0.009197218417444697
2004-07-26,736.3820879005059,741.9795868794794,733.8943105765178,737.6259765625,78000,0.0,0.0,-0.01739837653528653
2004-07-27,734.5162533491085,734.5162533491085,727.6748657226561,727.6748657226562,108000,0.0,0.0,-0.013490727219529486
2004-07-28,740.1137554149659,752.5526420605955,730.7845904307436,747.5770874023438,193000,0.0,0.0,0.02735043165181006
2004-07-29,760.0158276642387,776.808321401501,760.0158276642387,772.4547119140625,228000,0.0,0.0,0.03327767120065528
2004-07-30,792.9788374156357,796.0885583466774,776.8082885742188,776.8082885742188,207000,0.0,0.0,0.005636028356107214
2004-08-02,771.2108118393843,774.9424770579619,753.1744299495922,761.2597045898438,113000,0.0,0.0,-0.020015986200293323
2004-08-03,759.3941459655762,760.0160903930664,748.8210906982422,756.284423828125,92000,0.0,0.0,-0.006535589276197573
2004-08-04,747.577217076704,749.443050397195,739.4919393545766,748.8211059570312,182000,0.0,0.0,-0.009868400876638761
2004-08-05,771.2109881596667,791.1132072089484,767.4793220879264,779.2962646484375,343000,0.0,0.0,0.04069751566691937
2004-08-06,772.454638612761,773.6985269197058,766.2351970780367,770.5888061523438,100000,0.0,0.0,-0.011173489327607533
2004-08-09,755.6619710614605,774.3202913345829,746.3328109248991,771.2105712890625,114000,0.0,0.0,0.0008068701903720665
2004-08-10,762.5035805316419,770.5888550397261,760.6377479528531,768.7230224609375,141000,0.0,0.0,-0.003225511839091033
2004-08-11,777.4301135105642,777.4301135105642,765.6131757852037,768.1009521484375,55000,0.0,0.0,-0.0008092255524083658
2004-08-12,763.7474487205524,767.4791137794476,763.7474487205524,765.61328125,47000,0.0,0.0,-0.003238729090856207
2004-08-13,753.1743658555729,777.4301877121934,747.5768685040451,769.9668579101562,370000,0.0,0.0,0.005686391245784295
2004-08-16,757.5283317097281,761.8819428115082,751.3088872786138,759.3941650390625,225000,0.0,0.0,-0.013731360983237795
2004-08-17,774.3206017407364,779.2961558081468,770.5889361901786,771.8328247070312,111000,0.0,0.0,0.016379714568032
2004-08-18,766.235241899334,766.235241899334,754.4183022921203,758.7719116210938,184000,0.0,0.0,-0.01692194561807492
2004-08-19,764.9914686080857,764.9914686080857,752.5525829396615,757.5281372070312,169000,0.0,0.0,-0.0016391940647950687
2004-08-20,751.3087197580645,756.2842741935484,748.8209425403226,751.9306640625,151000,0.0,0.0,-0.007389129023205432
2004-08-23,748.1990446386386,748.1990446386386,730.1626586914062,730.1626586914062,535000,0.0,0.0,-0.02894948485474247
2004-08-24,731.4066353328747,740.1138571820755,728.2969132438743,734.516357421875,150000,0.0,0.0,0.005962642266959195
2004-08-25,728.2964624865302,744.467007341056,727.6745184536638,739.491455078125,217000,0.0,0.0,0.006773297294171199
2004-08-26,742.6015692242121,742.6015692242121,731.4065706931939,733.8943481445312,105000,0.0,0.0,-0.007568859511706494
2004-08-27,735.7601707183504,741.9796142578124,730.1626715328347,741.9796142578125,99000,0.0,0.0,0.011016934704188408
2004-08-30,743.2232625121047,743.8452066648346,740.1135417484558,742.601318359375,86000,0.0,0.0,0.0008378991681388115
2004-08-31,730.1626586914062,739.4918238365265,728.2968256623823,730.1626586914062,162000,0.0,0.0,-0.016750117944106857
2004-09-01,727.6746374332669,735.137967047967,719.5893636840084,720.833251953125,182000,0.0,0.0,-0.012777162221636162
2004-09-02,716.4796998031495,732.650248583429,706.5285928614392,710.8822021484375,205000,0.0,0.0,-0.013804926143077823
2004-09-03,723.3210408248508,725.8088174055038,718.967431808708,722.6990966796875,184000,0.0,0.0,0.016622858886517156
2004-09-06,727.0527263712358,741.9793862796273,724.5649497198373,735.1380004882812,228000,0.0,0.0,0.017211732885431985
2004-09-07,742.6015093238857,747.5770638252183,737.6259548225531,743.8453979492188,174000,0.0,0.0,0.011844575379253985
2004-09-08,753.1744968047202,755.0403295796287,740.1136673803609,743.223388671875,80000,0.0,0.0,-0.0008362077376006249
2004-09-09,737.625972648009,745.711248908063,737.0040283203125,737.0040283203125,89000,0.0,0.0,-0.008368090195165157
2004-09-10,737.0039967915317,737.6259410926216,727.0528879740933,732.0284423828125,1826000,0.0,0.0,-0.006751097343171586
2004-09-13,741.9794184950531,768.7230186587475,739.4916417356397,758.7719116210938,268000,0.0,0.0,0.03653337451100813
2004-09-14,763.7476257625875,764.9915144038946,751.308739349516,755.0404052734375,202000,0.0,0.0,-0.0049178235125809655
2004-09-15,759.3940297156919,759.3940297156919,737.0040337535585,747.5770874023438,163000,0.0,0.0,-0.009884660236680887
2004-09-16,746.3329467773439,751.3084997558594,746.3329467773439,746.3329467773438,189000,0.0,0.0,-0.0016642305468765883
2004-09-17,747.5770286722919,761.8817471909797,746.9550843888707,757.5281372070312,162000,0.0,0.0,0.015000262922906238
2004-09-20,757.5281372070312,757.5281372070312,757.5281372070312,757.5281372070312,0,0.0,0.0,0.0
2004-09-21,767.4791257810937,788.6252281121773,767.4791257810937,776.8082885742188,167000,0.0,0.0,0.025451399651335027
2004-09-22,787.3814166818131,791.1130821637174,784.8936396938769,788.6253051757812,286000,0.0,0.0,0.015212268941223517
2004-09-23,788.6253051757812,788.6253051757812,788.6253051757812,788.6253051757812,0,0.0,0.0,0.0
2004-09-24,778.0522098264834,781.7838751014305,769.9669350640978,772.4547119140625,204000,0.0,0.0,-0.020504786183743406
2004-09-27,788.716990176818,801.2263793945312,788.716990176818,801.2263793945312,241000,7.0,0.0,0.03724706061948346
2004-09-28,798.7245530348558,823.7433330829327,798.7245530348558,813.1103515625,299000,0.0,0.0,0.014832227786794938
2004-09-29,809.3575345552886,813.1103515625001,801.2264310396636,813.1103515625,146000,0.0,0.0,0.0
2004-09-30,824.3687932928046,842.5074086232229,821.2414458220428,833.1253662109375,345000,0.0,0.0,0.024615373067107038
2004-10-01,820.6159433861302,825.6196991384846,811.8593708195099,821.8668823242188,159000,0.0,0.0,-0.013513553113767784
2004-10-04,835.0018258592448,847.5112165088216,829.3726000669353,845.0093383789062,284000,0.0,0.0,0.028158399556435842
2004-10-05,819.9903494698661,831.8742675781251,817.4884719733906,831.874267578125,437000,0.0,0.0,-0.015544290700952534
2004-10-06,820.6158111969205,823.7431580383721,810.6083013042751,817.4884643554688,284000,0.0,0.0,-0.017293242240246642
2004-10-07,814.9867168830423,814.9867168830423,796.2226328412223,797.4735717773438,404000,0.0,0.0,-0.024483394507475165
2004-10-08,797.4735535663881,809.3574731881616,797.4735535663881,804.9791870117188,270000,0.0,0.0,0.009411741655146244
2004-10-11,804.9791870117188,804.9791870117188,804.9791870117188,804.9791870117188,0,0.0,0.0,0.0
2004-10-12,789.9677479411847,790.5932172586361,783.0875854492186,783.0875854492188,214000,0.0,0.0,-0.027195239225708434
2004-10-13,788.0915573957711,791.844374335751,781.8368624958047,786.2151489257812,96000,0.0,0.0,0.003993887190496537
2004-10-14,788.7171867922056,796.222822193876,787.4662475585939,787.4662475585938,139000,0.0,0.0,0.0015912929616299643
2004-10-15,784.3385240841216,788.0913399888303,778.7093002270585,783.0875854492188,216000,0.0,0.0,-0.005560444175163437
2004-10-18,784.3387545072115,784.3387545072115,779.3349984975962,780.5859375,56000,0.0,0.0,-0.003194595337357664
2004-10-19,789.3425528390068,791.2189614432199,786.8406747000558,788.0916137695312,95000,0.0,0.0,0.00961543874793569
2004-10-20,779.33476954451,784.3385240841216,777.4583615921556,783.0875854492188,196000,0.0,0.0,-0.006349551540559717
2004-10-21,784.3386216697724,786.2150298555852,774.3311113454371,776.20751953125,98000,0.0,0.0,-0.008785819167369424
2004-10-22,784.9642751644047,793.7208487518961,775.5822320349497,792.4699096679688,58000,0.0,0.0,0.020951085537717518
2004-10-25,767.4510269533608,779.334946686135,767.4510269533608,776.8330688476562,252000,0.0,0.0,-0.0197317786196628
2004-10-26,770.5782949738114,776.20751953125,769.3273561832694,776.20751953125,103000,0.0,0.0,-0.0008052557769382407
2004-10-27,779.9603648739304,782.4622425479446,777.4584871999162,781.2113037109375,165000,0.0,0.0,0.006446451565825129
2004-10-28,778.7095623436068,778.7095623436068,761.8218850879623,767.4511108398438,136000,0.0,0.0,-0.017613919314441007
2004-10-29,758.69424630976,758.69424630976,742.4320448224939,743.6829833984375,242000,0.0,0.0,-0.03097021700235225
2004-11-01,753.0653725738777,759.9455379379248,749.938024681129,759.320068359375,107000,0.0,0.0,0.02102654667379933
2004-11-02,765.574711830083,765.574711830083,759.320016471994,763.6983032226562,91000,0.0,0.0,0.00576599387494281
2004-11-03,763.6983032226562,763.6983032226562,763.6983032226562,763.6983032226562,0,0.0,0.0,0.0
2004-11-04,778.0840077668956,783.7132329034729,772.4547826303184,776.8330688476562,107000,0.0,0.0,0.017198893292775352
2004-11-05,781.8369140625,781.8369140625,769.9529929687501,781.8369140625,208000,0.0,0.0,0.006441339092665643
2004-11-08,783.0877382876643,783.7132077271912,759.9453690251694,761.82177734375,224000,0.0,0.0,-0.02560014289265189
2004-11-09,768.0765474759615,769.9529559795674,759.9454439603365,764.32373046875,144000,0.0,0.0,0.003284171179410933
2004-11-10,765.5745239257812,772.4546871309966,765.5745239257812,765.5745239257812,99000,0.0,0.0,0.0016364707874032547
2004-11-11,773.7058545829836,773.7058545829836,756.8181762695312,756.8181762695312,166000,0.0,0.0,-0.011437616303306974
2004-11-12,781.8369888232655,788.0916847338517,779.3351104590311,784.3388671875,614000,0.0,0.0,0.036363675954008245
2004-11-15,786.8405807434325,788.7169891235837,775.5821304625248,784.9641723632812,361000,0.0,0.0,0.0007972385431100903
2004-11-16,787.4661020132212,788.0915715144231,778.0840594951924,780.5859375,135000,0.0,0.0,-0.005577623817020538
2004-11-17,779.3347248692666,779.3347248692666,774.9564398980909,775.5819091796875,131000,0.0,0.0,-0.006410605264474789
2004-11-18,769.3274912157442,771.2038997309046,757.4435706197286,762.4473266601562,175000,0.0,0.0,-0.016935132658552288
2004-11-19,771.82931722669,771.82931722669,759.3199279685589,766.8255615234375,139000,0.0,0.0,0.005742344041600678
2004-11-22,754.3162610935866,754.3162610935866,744.308748508597,747.4360961914062,351000,0.0,0.0,-0.025285366457412528
2004-11-23,747.4360961914062,747.4360961914062,747.4360961914062,747.4360961914062,0,0.0,0.0,0.0
2004-11-24,754.3163538191403,763.0729284074223,752.4399449787943,758.6946411132812,105000,0.0,0.0,0.015062886284517685
2004-11-25,746.1853037884362,760.5711059570312,746.1853037884362,760.5711059570312,206000,0.0,0.0,0.0024732807404526103
2004-11-26,767.4508085189327,784.9639484036353,767.4508085189327,775.5819091796875,262000,0.0,0.0,0.019736225982142752
2004-11-29,773.7057543573326,784.3387356217421,773.7057543573326,779.96044921875,131000,0.0,0.0,0.005645490163242117
2004-11-30,773.0804293345255,778.7096557617188,769.9530813194183,778.7096557617188,176000,0.0,0.0,-0.0016036626706957824
2004-12-01,766.2003328925686,770.5786205090975,760.5711059570312,760.5711059570312,171000,0.0,0.0,-0.023293084489808602
2004-12-02,770.5783494971265,770.5783494971265,759.9453690251694,761.82177734375,212000,0.0,0.0,0.0016443845643399069
2004-12-03,774.3311289825315,776.2075372110837,764.3236184302532,768.701904296875,191000,0.0,0.0,0.00903115027390533
2004-12-06,767.4509585556107,767.4509585556107,754.3161010742188,754.3161010742188,185000,0.0,0.0,-0.01871441080377556
2004-12-07,759.9456176757812,768.7021926942676,759.3201480316037,759.9456176757812,153000,0.0,0.0,0.007463073628609429
2004-12-08,757.4435290656047,774.9566742463123,757.4435290656047,771.203857421875,141000,0.0,0.0,0.014814533414280406
2004-12-09,774.9568891360436,774.9568891360436,756.8182694548933,759.9456176757812,277000,0.0,0.0,-0.014598266901477808
2004-12-10,760.5710085345546,760.5710085345546,746.8106777880413,751.18896484375,1553000,0.0,0.0,-0.011522736138426026
2004-12-13,754.3161712646485,758.6944574991862,749.3124155680339,750.5633544921875,139000,0.0,0.0,-0.0008328268662634031
2004-12-14,755.567189808094,769.3275194238042,754.3162507521203,767.4511108398438,280000,0.0,0.0,0.02250010774784239
2004-12-15,775.5822320349497,794.9717878358234,775.5822320349497,792.4699096679688,497000,0.0,0.0,0.032599860075446685
2004-12-16,787.4660788509165,798.0990600585936,783.0877924712847,798.0990600585938,177000,0.0,0.0,0.007103298588313045
2004-12-17,791.8443606378885,803.7282807422486,791.8443606378885,799.9754638671875,275000,0.0,0.0,0.002351091365094371
2004-12-20,807.4810976173096,807.4810976173096,794.9717080337728,799.9754638671875,140000,0.0,0.0,0.0
2004-12-21,794.971694330251,807.4810836981542,794.971694330251,805.6046752929688,249000,0.0,0.0,0.007036730099907018
2004-12-22,804.3539155533242,805.6048547688038,796.2228106527074,799.3501586914062,169000,0.0,0.0,-0.007763754100965192
2004-12-23,799.3501586914062,799.3501586914062,799.3501586914062,799.3501586914062,0,0.0,0.0,0.0
2004-12-24,808.7320129251591,812.4848296904731,799.3499710118742,801.2263793945312,217000,0.0,0.0,0.002347182499089717
2004-12-27,802.4774652032114,806.2302826554478,789.3426041203841,791.844482421875,176000,0.0,0.0,-0.011709420975063223
2004-12-28,786.2150789020747,789.9678955078125,784.3386705992058,789.9678955078125,94000,0.0,0.0,-0.002369893275410484
2004-12-29,799.3497776289001,799.3497776289001,794.9714924619186,796.847900390625,117000,0.0,0.0,0.008709220870792178
2004-12-30,795.5973410449677,800.6010979068857,795.5973410449677,799.3501586914062,63000,0.0,0.0,0.003140195637780563
2004-12-31,799.3501586914062,799.3501586914062,799.3501586914062,799.3501586914062,0,0.0,0.0,0.0
2005-01-03,799.3501586914062,799.3501586914062,799.3501586914062,799.3501586914062,0,0.0,0.0,0.0
2005-01-04,799.9753347435055,813.1101916861277,799.9753347435055,811.8592529296875,108000,0.0,0.0,0.015649079570784874
2005-01-05,809.9831169110716,813.1104648528133,808.1067081460267,808.732177734375,178000,0.0,0.0,-0.003851745464534706
2005-01-06,798.099088295844,799.3500273057122,785.5896981971631,786.8406372070312,349000,0.0,0.0,-0.027068961925902135
2005-01-07,793.0953133157443,793.0953133157443,785.5896794357845,786.2151489257812,189000,0.0,0.0,-0.0007949364225394717
2005-01-10,786.2151489257812,786.2151489257812,786.2151489257812,786.2151489257812,0,0.0,0.0,0.0
2005-01-11,787.4659686461271,789.3423768319399,774.9565807407081,776.20751953125,464000,0.0,0.0,-0.012728868692246431
2005-01-12,769.3273402195351,769.3273402195351,764.3235851611967,765.5745239257812,580000,0.0,0.0,-0.013698650602985696
2005-01-13,759.945486007803,764.3237727584652,755.5671992571407,763.6983032226562,195000,0.0,0.0,-0.0024507355515227536
2005-01-14,760.5708331177566,760.5708331177566,752.4397304610701,755.5670776367188,438000,0.0,0.0,-0.010647169898931774
2005-01-17,755.5670587749845,756.1925281945003,749.3123645798273,754.9415893554688,298000,0.0,0.0,-0.0008278395125504989
2005-01-18,756.818096454327,758.6945049579327,754.9416879507212,756.192626953125,154000,0.0,0.0,0.0016571316447466788
2005-01-19,764.3238676343196,765.5748068612171,758.6946411132814,758.6946411132812,218000,0.0,0.0,0.0033086994913418266
2005-01-20,760.5709229530341,760.5709229530341,750.5634108089153,752.4398193359375,218000,0.0,0.0,-0.008244188687250631
2005-01-21,748.6871025726086,751.814450536571,731.7994235672114,737.4286499023438,452000,0.0,0.0,-0.019949993405242394
2005-01-24,731.1739638800917,737.4286598927529,721.7919198610999,733.6758422851562,269000,0.0,0.0,-0.00508904504548946
2005-01-25,744.9340167021631,748.0613635397036,740.5557311296063,746.8104248046875,215000,0.0,0.0,0.017902432876379493
2005-01-26,751.8142045759889,756.81795968132,725.5444902730009,727.4208984375,348000,0.0,0.0,-0.025963116907826267
2005-01-27,724.293563267727,724.293563267727,711.1587059027682,713.6605834960938,791000,0.0,0.0,-0.018916579068546713
2005-01-28,715.5371559586405,724.293729545547,715.5371559586405,721.1663818359375,387000,0.0,0.0,0.010517322258536632
2005-01-31,716.7879331142552,736.8029539341995,716.7879331142552,729.9227905273438,330000,0.0,0.0,0.012142008989817654
2005-02-01,739.3049361423604,739.3049361423604,726.1700768707956,729.2974243164062,195000,0.0,0.0,-0.00085675665844831
2005-02-02,740.5559132197131,740.5559132197131,728.0465227937045,730.5484008789062,183000,0.0,0.0,0.0017153174010899885
2005-02-03,728.6718829888948,729.9228218438113,715.537025012271,716.7879638671875,306000,0.0,0.0,-0.018835763647095605
2005-02-04,723.0426672149123,723.0426672149123,710.533278508772,713.03515625,271000,0.0,0.0,-0.005235589611383151
2005-02-07,731.7993399215071,741.1813827410136,729.9229313576058,730.5484008789062,488000,0.0,0.0,0.024561544371825894
2005-02-08,736.8030581858718,739.3049361423604,728.046485338162,729.2974243164062,199000,0.0,0.0,-0.0017123801256631044
2005-02-09,738.6795418514404,747.4361155905768,735.552194087463,739.9304809570312,401000,0.0,0.0,0.014579863147866856
2005-02-10,744.3085618568382,749.9377862742429,742.4321537177033,749.3123168945312,198000,0.0,0.0,0.012679347829225085
2005-02-11,749.3123168945312,749.3123168945312,749.3123168945312,749.3123168945312,0,0.0,0.0,0.0
2005-02-14,756.818139239834,758.6945478495195,743.0578094354734,747.4360961914062,244000,0.0,0.0,-0.0025039234786649045
2005-02-15,746.8106031680765,751.1888897863148,746.8106031680765,748.68701171875,124000,0.0,0.0,0.0016736086652997528
2005-02-16,747.4361155905768,747.4361155905768,736.1776636402585,739.9304809570312,210000,0.0,0.0,-0.011695849700419592
2005-02-17,741.1814242136749,746.810650220361,737.428606875884,746.1851806640625,177000,0.0,0.0,0.00845309102409364
2005-02-18,741.1812149582801,751.1887250336662,741.1812149582801,749.3123168945312,152000,0.0,0.0,0.00419083132646203
2005-02-21,748.0613781351079,751.1887250336662,741.1812149582801,749.3123168945312,164000,0.0,0.0,0.0
2005-02-22,743.0576727305285,743.0576727305285,734.926570251154,736.802978515625,132000,0.0,0.0,-0.016694425137371627
2005-02-23,729.2973211267205,732.4246681298367,725.544504722981,729.9227905273438,150000,0.0,0.0,-0.009337893831729893
2005-02-24,728.6718839525251,731.1737616656668,724.9190673828125,724.9190673828125,91000,0.0,0.0,-0.006855140309999452
2005-02-25,731.1740670057693,734.9268851426681,729.9231276268031,733.0504760742188,153000,0.0,0.0,0.011216988291897545
2005-02-28,739.9302625926267,741.8066706972572,728.6718139648438,728.6718139648438,171000,0.0,0.0,-0.005973206828572719
2005-03-01,728.0463911347304,729.297329951113,721.1662276446256,726.1699829101562,175000,0.0,0.0,-0.003433412692436355
2005-03-02,733.0504099484707,738.0541670129654,732.4249403154089,734.9268188476562,216000,0.0,0.0,0.012058934056192516
2005-03-03,738.0537598066916,744.9339219743811,737.4282905187198,743.6829833984375,202000,0.0,0.0,0.011914335313699231
2005-03-04,736.177523437087,742.4322177738507,733.6756457023814,739.3048706054688,152000,0.0,0.0,-0.005887068671333484
2005-03-07,741.1813023454051,744.3086496126854,736.8030161712129,738.053955078125,56000,0.0,0.0,-0.0016920158071179747
2005-03-08,741.8067338875477,741.8067338875477,736.1775090941346,736.802978515625,161000,0.0,0.0,-0.0016949662743390714
2005-03-09,734.3011383573887,741.8067717988612,734.3011383573887,738.053955078125,185000,0.0,0.0,0.0016978440627646307
2005-03-10,730.548259927967,734.3010763317066,729.9227905273438,729.9227905273438,186000,0.0,0.0,-0.011017032690950779
2005-03-11,730.5482220694743,731.1736914376844,726.7954058602132,728.6718139648438,2078000,0.0,0.0,-0.0017138477914852013
2005-03-14,727.4208244797647,727.4208244797647,713.6604993391329,714.9114379882812,308000,0.0,0.0,-0.018884188619413766
2005-03-15,719.9153100305812,719.9153100305812,708.0313909249504,708.6568603515625,264000,0.0,0.0,-0.008748744675730391
2005-03-16,711.784130880458,728.0463342221908,711.784130880458,724.2935180664062,217000,0.0,0.0,0.022065203329981742
2005-03-17,719.289794921875,721.1662030825408,716.1624479874321,719.289794921875,174000,0.0,0.0,-0.006908419059015403
2005-03-18,718.6643255349865,721.7916724694294,718.0388561480979,719.289794921875,166000,0.0,0.0,0.0
2005-03-21,719.289794921875,719.289794921875,719.289794921875,719.289794921875,0,0.0,0.0,0.0
2005-03-22,714.2861797956256,718.0389968523451,711.7843017578125,711.7843017578125,179000,0.0,0.0,-0.010434588697143532
2005-03-23,714.9115343681929,714.9115343681929,698.6493297368954,699.9002685546875,361000,0.0,0.0,-0.016696115907271825
2005-03-24,698.649184894817,703.6529391286206,696.7727770571407,701.1510620117188,182000,0.0,0.0,0.0017871024104822997
2005-03-25,711.1588644271903,723.0427856445312,709.282455813926,723.0427856445312,247000,0.0,0.0,0.03122254934621571
2005-03-28,728.1345413836547,731.953428838464,725.5886164137817,726.22509765625,122000,20.0,0.0,0.004401277593665487
2005-03-29,728.771233738989,730.0441965926816,720.4969751899874,723.6793823242188,138000,0.0,0.0,-0.0035054080893748285
2005-03-30,730.6805895465354,735.1359589949899,730.6805895465354,731.9535522460938,227000,0.0,0.0,0.011433474718184122
2005-03-31,739.5910449637875,745.9558560219956,737.681601646325,741.50048828125,218000,0.0,0.0,0.013043089969111188
2005-04-01,742.1371114340174,746.592480027532,735.7722991575678,739.5911865234375,197000,0.0,0.0,-0.002574916386418269
2005-04-04,743.4100657021772,744.0465469228126,733.8628473926458,734.4993286132812,120000,0.0,0.0,-0.006884692520595537
2005-04-05,740.8642859904828,756.776319624299,740.8642859904828,755.5033569335938,441000,0.0,0.0,0.028596388726410016
2005-04-06,757.4126180013021,791.146121155982,752.3207684685202,779.052978515625,1023000,0.0,0.0,0.0311707702764068
2005-04-07,776.5070368280474,776.5070368280474,765.686856806673,768.8692626953125,412000,0.0,0.0,-0.013071916931395533
2005-04-08,780.3260498046875,782.8719749263993,777.1436434025476,780.3260498046875,241000,0.0,0.0,0.014900826011970736
2005-04-11,779.0530131088407,787.963750186883,779.0530131088407,781.5989379882812,205000,0.0,0.0,0.0016312260546886836
2005-04-12,776.5071544427982,778.4165982651986,771.4153042497306,775.2341918945312,68000,0.0,0.0,-0.00814323789913518
2005-04-13,766.9600290674271,772.0518798828125,766.3235477155039,772.0518798828125,109000,0.0,0.0,-0.004104968595285752
2005-04-14,766.959913195121,768.2328757066481,761.8680631490122,765.6869506835938,217000,0.0,0.0,-0.008244172917738157
2005-04-15,758.0490872951501,765.0503802928383,758.0490872951501,762.5044555664062,258000,0.0,0.0,-0.004156392001125497
2005-04-18,741.5004856941197,750.411221144521,733.2262313473183,735.7721557617188,509000,0.0,0.0,-0.035058548982287774
2005-04-19,737.681601646325,742.7734504928916,737.0451205405043,741.50048828125,272000,0.0,0.0,0.0077854706442388455
2005-04-20,745.9559804471226,754.2302362029354,737.0452434793242,747.2289428710938,114000,0.0,0.0,0.007725489976577071
2005-04-21,738.3180801761191,738.3180801761191,728.7708636221175,735.7721557617188,165000,0.0,0.0,-0.015332365292696437
2005-04-22,759.3222377735037,759.3222377735037,750.4114990234375,750.4114990234375,129000,0.0,0.0,0.019896571441417432
2005-04-25,751.047906955751,763.1410512202929,749.7749444015888,757.4127197265625,157000,0.0,0.0,0.009329841976350561
2005-04-26,754.230193710009,763.1409301757812,751.6842690055026,763.1409301757812,119000,0.0,0.0,0.007562865396935292
2005-04-27,761.8681097126326,766.9599600699435,759.9586658286411,761.2316284179688,151000,0.0,0.0,-0.002501899298433252
2005-04-28,748.5020819481383,751.0480073969414,744.0467124127327,747.8656005859375,99000,0.0,0.0,-0.017558424181361443
2005-04-29,747.8656005859375,747.8656005859375,747.8656005859375,747.8656005859375,0,0.0,0.0,0.0
2005-05-02,747.2290192932642,761.8680886661306,742.137169076615,757.4127197265625,236000,0.0,0.0,0.012765822004842775
2005-05-03,757.4127197265625,757.4127197265625,757.4127197265625,757.4127197265625,0,0.0,0.0,0.0
2005-05-04,757.4127197265625,757.4127197265625,757.4127197265625,757.4127197265625,0,0.0,0.0,0.0
2005-05-05,757.4127197265625,757.4127197265625,757.4127197265625,757.4127197265625,0,0.0,0.0,0.0
2005-05-06,761.2315818932486,767.5963944508845,761.2315818932486,765.6869506835938,152000,0.0,0.0,0.010924335889181291
2005-05-09,772.6883612347357,772.6883612347357,767.5965104193502,772.0518798828125,162000,0.0,0.0,0.00831270428931341
2005-05-10,770.7788152521307,770.7788152521307,764.4140025745738,770.142333984375,77000,0.0,0.0,-0.0024733388366690034
2005-05-11,768.2327598025913,768.8692409623284,763.7773916844321,765.0503540039062,73000,0.0,0.0,-0.006611738838099068
2005-05-12,763.140996395589,764.4139588583006,753.5937779252523,756.7761840820312,157000,0.0,0.0,-0.010815196514284309
2005-05-13,752.3209430413087,754.2303870591801,747.8655736662756,750.4114990234375,115000,0.0,0.0,-0.0084102607778469
2005-05-16,745.3193657429134,746.5923279388876,735.1356681751196,736.4086303710938,96000,0.0,0.0,-0.01866025330177734
2005-05-17,746.5924077063148,746.5924077063148,726.2250103946336,728.7709350585938,138000,0.0,0.0,-0.01037154508720406
2005-05-18,734.4991870771324,740.2275169590165,734.4991870771324,736.4086303710938,99000,0.0,0.0,0.010480241383235
2005-05-19,749.1384356148635,754.8667668982397,747.2289918537382,754.2302856445312,123000,0.0,0.0,0.0242007691632522
2005-05-20,761.2315861469991,763.1410299249598,752.9573297758361,753.5938110351562,83000,0.0,0.0,-0.000843873047117305
2005-05-23,751.6843738958983,753.5938176907227,747.8654863062494,752.9573364257812,124000,0.0,0.0,-0.0008445857702847892
2005-05-24,761.2315861469991,763.77751118428,753.5938110351562,753.5938110351562,76000,0.0,0.0,0.0008452996983816519
2005-05-25,757.4127937556324,757.4127937556324,750.4114990234375,750.4114990234375,58000,0.0,0.0,-0.0042228478593095975
2005-05-26,747.865442482822,749.1384049381119,739.5911865234375,739.5911865234375,61000,0.0,0.0,-0.014419172033052874
2005-05-27,749.7748461161574,749.7748461161574,741.5005905987465,743.4100341796875,113000,0.0,0.0,0.005163457496297541
2005-05-30,730.6804428034984,745.3195109084465,730.6804428034984,740.2276611328125,163000,0.0,0.0,-0.004280777633552613
2005-05-31,737.045166015625,737.6816471607162,735.1357225803514,737.045166015625,160000,0.0,0.0,-0.004299346382594216
2005-06-01,730.6803740530303,735.1357421875,730.6803740530303,735.1357421875,196000,0.0,0.0,-0.002590646972758903
2005-06-02,740.8640332283592,743.4099577411714,738.3181087155469,738.95458984375,148000,0.0,0.0,0.00519475171331818
2005-06-03,737.6816668357684,738.9546291599027,733.8627798633659,735.1357421875,70000,0.0,0.0,-0.005167905726192856
2005-06-06,730.6804133349652,731.9533757275349,729.4074509423956,731.31689453125,92000,0.0,0.0,-0.005194751713318291
2005-06-07,726.8617279918482,726.8617279918482,716.6780260234859,717.9509887695312,271000,0.0,0.0,-0.018276489797607987
2005-06-08,718.5874701425539,721.1333956346444,717.9509887695312,717.9509887695312,234000,0.0,0.0,0.0
2005-06-09,721.1330956338038,722.40605785028,717.314208984375,717.314208984375,129000,0.0,0.0,-0.0008869404668522263
2005-06-10,717.9508255208333,717.9508255208333,714.1319381510416,716.0413818359375,1195000,0.0,0.0,-0.0017744345957396712
2005-06-13,716.0413273712918,719.8602144506053,715.4048461914062,715.4048461914062,173000,0.0,0.0,-0.000888964884821597
2005-06-14,725.5885052976355,725.5885052976355,719.2236938476562,719.2236938476562,112000,0.0,0.0,0.005338023185865071
2005-06-15,720.4969751899874,724.9523451779113,720.4969751899874,723.6793823242188,188000,0.0,0.0,0.00619513583142095
2005-06-16,722.4060995726459,723.0425807176438,718.5872127026582,719.2236938476562,134000,0.0,0.0,-0.006156992427022501
2005-06-17,720.4969751899874,725.5888266047576,720.4969751899874,723.6793823242188,264000,0.0,0.0,0.00619513583142095
2005-06-20,726.8614675876313,726.8614675876313,719.2236938476562,719.2236938476562,111000,0.0,0.0,-0.006156992427022501
2005-06-21,717.3142504126624,720.496656137652,717.3142504126624,719.2236938476562,100000,0.0,0.0,0.0
2005-06-22,716.0415446504634,718.5874701425539,713.4956191583728,717.9509887695312,158000,0.0,0.0,-0.0017695538801236754
2005-06-23,718.5872192382812,720.4966626906416,717.9507380874945,718.5872192382812,67000,0.0,0.0,0.0008861753499920244
2005-06-24,714.7683799467078,719.8602294921875,714.7683799467078,719.8602294921875,108000,0.0,0.0,0.0017715459165217329
2005-06-27,715.4048940004718,719.8602625574142,714.131931555631,716.6778564453125,161000,0.0,0.0,-0.004420820760052235
2005-06-28,716.677792904783,728.7709350585938,716.677792904783,728.7709350585938,166000,0.0,0.0,0.01687379971981051
2005-06-29,729.4073356601834,732.5897411386311,726.8614112774254,730.6802978515625,151000,0.0,0.0,0.0026199765949985743
2005-06-30,733.2262987012987,740.864072646104,732.5898175392316,735.1357421875,236000,0.0,0.0,0.0060976658998990185
2005-07-01,735.1355171203613,739.5908838907877,731.9531122843424,733.22607421875,118000,0.0,0.0,-0.0025977079594409203
2005-07-04,738.318115234375,738.9545963681977,736.4086718329067,738.318115234375,112000,0.0,0.0,0.006944708043901127
2005-07-05,738.3181283058075,738.9546094508987,736.4086848705339,737.045166015625,76000,0.0,0.0,-0.0017241202572225722
2005-07-06,742.137080082277,748.5018920898438,741.5005988815203,748.5018920898438,165000,0.0,0.0,0.015544130268369205
2005-07-07,745.3196416305283,754.2303803007482,745.3196416305283,751.0479736328125,251000,0.0,0.0,0.0034015699490885787
2005-07-08,751.0480682807915,761.231770901548,749.7751054531969,759.3223266601562,315000,0.0,0.0,0.011017076562128025
2005-07-11,761.8681097126326,763.7775535966242,758.6857032393134,761.2316284179688,71000,0.0,0.0,0.0025144812562150065
2005-07-12,761.8679176099372,761.8679176099372,753.5936628656355,756.1395874023438,82000,0.0,0.0,-0.006689213671018268
2005-07-13,753.5937385591005,760.5950317382814,747.8654077761344,760.5950317382812,148000,0.0,0.0,0.0058923569274342835
2005-07-14,763.1410656055014,763.1410656055014,761.231621738265,761.8681030273438,81000,0.0,0.0,0.0016737833353355214
2005-07-15,766.3233163233803,768.8692409623284,765.0503540039062,765.0503540039062,156000,0.0,0.0,0.004176905377607509
2005-07-18,765.0503540039062,765.0503540039062,765.0503540039062,765.0503540039062,0,0.0,0.0,0.0
2005-07-19,763.1410389311803,765.686963998507,763.1410389311803,764.4140014648438,93000,0.0,0.0,-0.0008317786348730483
2005-07-20,776.5070882294,781.5989379882812,775.2341257896796,781.5989379882812,204000,0.0,0.0,0.022481190154165276
2005-07-21,791.7827060889109,791.7827060889109,780.9625244140625,780.9625244140625,182000,0.0,0.0,-0.0008142456997917158
2005-07-22,775.2342866424284,775.2342866424284,768.8694731231966,772.0518798828125,188000,0.0,0.0,-0.011409823458475743
2005-07-25,784.7812921385101,784.7812921385101,766.3233379844008,768.8692626953125,155000,0.0,0.0,-0.004122284098295403
2005-07-26,763.1409565307107,763.1409565307107,758.0491069458519,760.5950317382812,99000,0.0,0.0,-0.010761557729626836
2005-07-27,763.7775201980121,768.2328890658338,763.7775201980121,764.4140014648438,125000,0.0,0.0,0.005021029019653955
2005-07-28,776.5070567783973,778.4165003606392,766.9598388671875,766.9598388671875,90000,0.0,0.0,0.003330443185845855
2005-07-29,748.5020550055661,757.4127937556324,737.6818722376285,750.4114990234375,399000,0.0,0.0,-0.021576540263427813
2005-08-01,757.4126289004371,759.3220725027071,748.5018920898438,748.5018920898438,134000,0.0,0.0,-0.0025447463639334256
2005-08-02,754.2301439998125,758.0490308048749,753.5936628656355,756.1395874023438,100000,0.0,0.0,0.010203975959466538
2005-08-03,759.9585308399742,762.5044555664062,756.7761249319341,762.5044555664062,45000,0.0,0.0,0.008417583565395015
2005-08-04,759.3221090074544,759.3221090074544,749.1384093057618,756.7761840820312,177000,0.0,0.0,-0.007512443294668936
2005-08-05,754.8668755882411,762.5046517324728,754.8668755882411,755.5033569335938,211000,0.0,0.0,-0.0016819069828174493
2005-08-08,747.2290923269852,751.0479803627279,740.8642789340807,750.4114990234375,260000,0.0,0.0,-0.006739689325568121
2005-08-09,746.5924092404128,754.8666644152852,746.5924092404128,752.3207397460938,188000,0.0,0.0,0.0025442583504395877
2005-08-10,763.1409565307107,763.1409565307107,760.5950317382814,760.5950317382812,178000,0.0,0.0,0.010998356890945304
2005-08-11,760.5952894877507,762.5047337291426,752.3210311083861,759.3223266601562,170000,0.0,0.0,-0.0016733018558067192
2005-08-12,756.1396798388922,756.7761610508778,744.6830180231514,747.2289428710938,199000,0.0,0.0,-0.015926548403040752
2005-08-15,745.3193073621915,745.3193073621915,724.9519138219779,730.0437622070312,474000,0.0,0.0,-0.022998547939044656
2005-08-16,735.1356982934506,735.1356982934506,724.9520003084331,727.4979248046875,204000,0.0,0.0,-0.003487239442533263
2005-08-17,723.6791215227929,723.6791215227929,708.4035727835255,713.4954223632812,658000,0.0,0.0,-0.019247480939778017
2005-08-18,719.2237894371074,722.4061955850591,716.0413832891555,721.7697143554688,322000,0.0,0.0,0.011596839633225553
2005-08-19,731.316788036518,737.0451179689189,725.5884581041171,735.7721557617188,353000,0.0,0.0,0.01940015094531078
2005-08-22,735.1357421875,738.9546291599027,735.1357421875,735.1357421875,186000,0.0,0.0,-0.0008649601228248871
2005-08-23,735.1357817089589,737.0452252978133,730.6804133349652,731.31689453125,246000,0.0,0.0,-0.005194751713318291
2005-08-24,737.6818843941068,737.6818843941068,731.9535522460938,731.9535522460938,155000,0.0,0.0,0.0008705633899677157
2005-08-25,737.6818985325599,742.1372680664062,735.1359730846477,742.1372680664062,259000,0.0,0.0,0.01391306291097627
2005-08-26,737.6816081148653,741.500494783277,737.6816081148653,740.864013671875,64000,0.0,0.0,-0.0017156588805311568
2005-08-29,737.6816317693344,737.6816317693344,731.9533015830325,732.5897827148438,132000,0.0,0.0,-0.011168353171889689
2005-08-30,733.8627472976159,745.3194077064251,730.6803416285022,738.318115234375,266000,0.0,0.0,0.007819290760926467
2005-08-31,744.0464454387796,744.6829265726024,735.772190699084,738.318115234375,80000,0.0,0.0,0.0
2005-09-01,745.9560359233135,756.1397360724372,745.9560359233135,753.5938110351562,229000,0.0,0.0,0.020689856425819997
2005-09-02,758.6855119390519,761.8679176099372,753.5936628656355,756.1395874023438,191000,0.0,0.0,0.0033781810969102377
2005-09-05,756.7764221295562,757.4129035611202,745.3197563614048,745.9562377929688,167000,0.0,0.0,-0.013467552524738302
2005-09-06,756.7761058758591,756.7761058758591,739.591114405171,746.5924072265625,200000,0.0,0.0,0.000852824068441338
2005-09-07,747.8654142600208,763.7774443506595,740.8641210201397,759.9585571289062,261000,0.0,0.0,0.01790287414252756
2005-09-08,763.1410400390625,772.051777787642,759.958633700284,770.142333984375,351000,0.0,0.0,0.013400437115864028
2005-09-09,771.4152965198864,773.9612215909091,759.958633700284,770.142333984375,2833000,0.0,0.0,0.0
2005-09-12,782.8719004280016,785.4178253074423,773.9611633499593,781.5989379882812,234000,0.0,0.0,0.014875956687947278
2005-09-13,781.5989606248115,792.4191416758064,780.9624793865177,791.1461791992188,346000,0.0,0.0,0.012215013028946453
2005-09-14,788.6001456089313,795.6014382656691,784.781258705256,789.8731079101562,358000,0.0,0.0,-0.0016091479963299404
2005-09-15,795.6013869940534,813.4228580627203,794.9649058844582,812.786376953125,322000,0.0,0.0,0.02900879750621277
2005-09-16,801.966437354175,803.8758812526373,785.4179235675016,801.3299560546875,270000,0.0,0.0,-0.014095242271879527
2005-09-19,801.3299560546876,801.3299560546876,801.3299560546876,801.3299560546875,0,0.0,0.0,0.0
2005-09-20,790.5095826156496,812.7864227054625,789.2366203248031,808.3310546875,283000,0.0,0.0,0.008736848759881788
2005-09-21,807.6947507858276,814.696044921875,801.9664192199707,814.696044921875,321000,0.0,0.0,0.007874236919965583
2005-09-22,801.9665189599801,807.6948512382658,796.2381866816946,805.14892578125,296000,0.0,0.0,-0.01171862708814364
2005-09-23,805.1489257812499,805.1489257812499,805.1489257812499,805.14892578125,0,0.0,0.0,0.0
2005-09-26,805.1486489603839,811.5134604146161,803.2392055241141,808.3310546875,153000,0.0,0.0,0.003952223997768289
2005-09-27,821.1312454367132,827.5313330862589,811.5311139623947,816.6511840820312,265000,7.0,0.0,0.01029297259616957
2005-09-28,821.7712264400518,831.3713575900524,821.7712264400518,826.8912963867188,173000,0.0,0.0,0.012539150746714522
2005-09-29,838.4115660154783,853.7717779119452,824.3313717770504,852.4917602539062,655000,0.0,0.0,0.030959890349619545
2005-09-30,840.9718175540474,846.0918895026261,828.1716376826007,835.8517456054688,505000,0.0,0.0,-0.01951926742785337
2005-10-03,832.0114170659325,851.8516893190432,826.2513380247068,839.051513671875,488000,0.0,0.0,0.003828152639782312
2005-10-04,845.4517768543852,874.892186949239,845.4517768543852,865.2920532226562,559000,0.0,0.0,0.03127405066698086
2005-10-05,890.8923812545322,894.0924257274293,882.572265625,882.572265625,771000,0.0,0.0,0.019970381489100797
2005-10-06,844.1716656839624,869.7720194575472,841.6116303066038,848.01171875,514000,0.0,0.0,-0.03915888615707375
2005-10-07,835.2115016352606,845.4516426514783,831.3714487541789,843.5316162109375,549000,0.0,0.0,-0.005283066778447698
2005-10-10,843.5316162109375,843.5316162109375,843.5316162109375,843.5316162109375,0,0.0,0.0,0.0
2005-10-11,817.9311836102257,837.1314461362873,816.0111573576196,834.5714111328125,387000,0.0,0.0,-0.010622251621549617
2005-10-12,826.2513921603016,835.2115157003824,816.6512597959295,824.9713745117188,284000,0.0,0.0,-0.011502954082818428
2005-10-13,818.57122342269,831.3713989257812,811.5311268959897,831.3713989257812,231000,0.0,0.0,0.007757874529707776
2005-10-14,829.4515359010214,829.4515359010214,813.4513133720665,822.4114379882812,277000,0.0,0.0,-0.010777326414015742
2005-10-17,840.9717832594652,845.4518460317759,832.0116577148438,832.0116577148438,217000,0.0,0.0,0.011673256575863933
2005-10-18,832.6513452300195,832.6513452300195,811.5310574570829,823.6912231445312,305000,0.0,0.0,-0.01000038219796695
2005-10-19,820.491254363608,824.3313070361366,813.4511577973057,818.5712280273438,207000,0.0,0.0,-0.006215915592303389
2005-10-20,825.6113978794642,843.5316452752976,823.0513625372023,833.29150390625,199000,0.0,0.0,0.017982889423538984
2005-10-21,844.1718280968299,844.1718280968299,825.6115680401142,832.0116577148438,202000,0.0,0.0,-0.001535892524292759
2005-10-24,832.6516666823168,834.5716935847356,828.1716039100061,832.0116577148438,111000,0.0,0.0,0.0
2005-10-25,842.8915248941058,844.811551146712,831.3713673784689,834.5714111328125,154000,0.0,0.0,0.003076583596195226
2005-10-26,834.571630600634,846.731800064907,828.1715414089114,845.4517822265625,167000,0.0,0.0,0.013037076214941878
2005-10-27,846.0919066357012,851.2119786879596,828.1716544527967,837.7717895507812,253000,0.0,0.0,-0.009083891993882154
2005-10-28,824.9713335200888,839.051526954877,820.4912719726562,820.4912719726562,256000,0.0,0.0,-0.0206267599287282
2005-10-31,830.7316397798979,844.811837064303,826.2515770075872,832.0116577148438,131000,0.0,0.0,0.014040838867779515
2005-11-01,842.8917976092575,851.2119140625,841.611779693374,851.2119140625,112000,0.0,0.0,0.023076907840919647
2005-11-02,838.4116010312681,838.4116010312681,828.1714593392832,829.4514770507812,234000,0.0,0.0,-0.02556406536636069
2005-11-03,829.4514770507812,829.4514770507812,829.4514770507812,829.4514770507812,0,0.0,0.0,0.0
2005-11-04,833.9315069200075,843.5316393864696,830.0914539334226,832.6514892578125,260000,0.0,0.0,0.0038579860251852782
2005-11-07,835.8516713531093,838.4117070999795,821.7714747453233,827.5315551757812,171000,0.0,0.0,-0.0061489520502688855
2005-11-08,830.7315998593689,833.2916356062391,827.5315551757812,827.5315551757812,73000,0.0,0.0,0.0
2005-11-09,827.5313308739552,827.5313308739552,822.4112607680065,823.05126953125,150000,0.0,0.0,-0.005414036016523349
2005-11-10,823.0516363068921,830.0917358398438,821.7716182099919,830.0917358398438,186000,0.0,0.0,0.008554104184303801
2005-11-11,838.4114437103273,838.4114437103273,816.0111379623413,819.211181640625,604000,0.0,0.0,-0.013107652720106167
2005-11-14,822.4113625100574,822.4113625100574,807.0511502919707,814.0912475585938,217000,0.0,0.0,-0.006249834226844442
2005-11-15,826.8912428679731,830.7312950794343,821.1311645507814,821.1311645507812,262000,0.0,0.0,0.008647577299595977
2005-11-16,827.5314243861607,846.0916806175595,826.8914155505952,833.29150390625,354000,0.0,0.0,0.01480925323559168
2005-11-17,835.2117478956869,841.6118379178762,835.2117478956869,837.1317749023438,149000,0.0,0.0,0.004608556523247431
2005-11-18,837.7717725861858,837.7717725861858,832.6517006376071,835.8517456054688,162000,0.0,0.0,-0.001529065477205549
2005-11-21,837.7716104092547,837.7716104092547,817.9313354492188,817.9313354492188,248000,0.0,0.0,-0.021439699385049305
2005-11-22,830.7317448882939,831.3717539367441,823.6916453553423,830.0917358398438,148000,0.0,0.0,0.014867263135170505
2005-11-23,741.7702026367188,744.3302378485798,740.4901850307883,741.7702026367188,148000,0.0,0.0,-0.10639972594567015
2005-11-24,831.3716087960864,831.3716087960864,821.7714747453233,827.5315551757812,226000,0.0,0.0,0.1156171442775844
2005-11-25,821.1316091615416,830.0917358398438,818.5715729677411,830.0917358398438,200000,0.0,0.0,0.003093755939637566
2005-11-28,831.371177759841,853.7714789311992,831.371177759841,846.7313842773438,276000,0.0,0.0,0.020045553664818527
2005-11-29,849.2918871886748,862.7320753054511,849.2918871886748,851.2119140625,204000,0.0,0.0,0.005291559836275939
2005-11-30,851.8518040974935,854.4118395718662,842.2516710685962,844.8117065429688,235000,0.0,0.0,-0.007518935548006533
2005-12-01,841.6116044111129,851.8517456054688,837.7715514632296,851.8517456054688,273000,0.0,0.0,0.008333264096574089
2005-12-02,856.3318337264152,856.3318337264152,837.7715772405661,848.01171875,171000,0.0,0.0,-0.004507858175179735
2005-12-05,873.6122192382812,878.7322908528645,862.0920581054687,864.0120849609375,464000,0.0,0.0,0.018868095637313287
2005-12-06,855.6915845683976,892.8120871151194,854.4115672392003,881.2919311523438,206000,0.0,0.0,0.019999542242730817
2005-12-07,883.852142008637,907.5324673195129,883.2121332164512,900.4923706054688,317000,0.0,0.0,0.021786696070187794
2005-12-08,894.7322331396413,894.7322331396413,874.251953125,874.251953125,291000,0.0,0.0,-0.029140077514288487
2005-12-09,874.251953125,874.251953125,874.251953125,874.251953125,0,0.0,0.0,0.0
2005-12-12,893.4522738914245,903.052405774212,889.6122211383095,900.4923706054688,331000,0.0,0.0,0.030014708444942917
2005-12-13,894.0924775094696,929.29296875,881.9323078081956,929.29296875,367000,0.0,0.0,0.031983167303423654
2005-12-14,903.6926303581547,920.9728718735018,900.4925856330904,917.7728271484375,402000,0.0,0.0,-0.012396673588371487
2005-12-15,891.5323108850523,896.0123727487963,876.812107618465,880.6521606445312,549000,0.0,0.0,-0.04044646497024962
2005-12-16,888.3320684708611,888.3320684708611,869.7718163198128,885.7720336914062,263000,0.0,0.0,0.005813729047264182
2005-12-19,890.8923377514236,890.8923377514236,867.2120098083182,871.0520629882812,352000,0.0,0.0,-0.016618238263608642
2005-12-20,881.9322136648432,888.3323022981149,871.0520629882812,871.0520629882812,211000,0.0,0.0,0.0
2005-12-21,886.412113399296,886.412113399296,870.4118947458791,873.6119384765625,198000,0.0,0.0,0.002938831784060403
2005-12-22,875.5321187234115,885.1322516041506,875.5321187234115,883.8522338867188,139000,0.0,0.0,0.011721789686177653
2005-12-23,741.7702026367188,744.3302378485798,740.4901850307883,741.7702026367188,198000,0.0,0.0,-0.16075315058626682
2005-12-26,883.2119989119512,896.012172809226,882.5719902170875,885.7720336914062,176000,0.0,0.0,0.19413267146997049
2005-12-27,894.7324136841349,896.0124314433397,884.4922716104968,887.0523071289062,228000,0.0,0.0,0.001445375772550106
2005-12-28,883.2121729251728,894.7323317024576,881.9321552832522,891.5322875976562,148000,0.0,0.0,0.005050412960708295
2005-12-29,905.6127262789929,908.8127712481767,901.1326633221357,904.9727172851562,215000,0.0,0.0,0.015075651072286922
2005-12-30,908.8123703269878,919.0525097109539,906.2523354809963,914.5724487304688,221000,0.0,0.0,0.010607757849442123
2006-01-02,914.5724487304688,914.5724487304688,914.5724487304688,914.5724487304688,0,0.0,0.0,0.0
2006-01-03,914.5724487304688,914.5724487304688,914.5724487304688,914.5724487304688,0,0.0,0.0,0.0
2006-01-04,924.8126772302008,926.0926947765403,921.6126333643524,924.1726684570312,226000,0.0,0.0,0.01049694831709469
2006-01-05,933.1329213105353,980.4935771246503,929.2928681364178,972.1734619140625,920000,0.0,0.0,0.05193920475615421
2006-01-06,971.5334828390095,972.1734917209851,953.6132341436918,961.933349609375,710000,0.0,0.0,-0.010533215219150516
2006-01-09,961.933349609375,961.933349609375,961.933349609375,961.933349609375,0,0.0,0.0,0.0
2006-01-10,995.8538228164733,999.6938761178221,968.9734497070312,968.9734497070312,689000,0.0,0.0,0.007318698432188686
2006-01-11,969.6134264646508,976.6535239505329,954.8932226305341,972.1734619140625,505000,0.0,0.0,0.003302476665381082
2006-01-12,983.053629293584,987.53369140625,981.1336026738699,987.53369140625,246000,0.0,0.0,0.015799885610892517
2006-01-13,978.5733776369655,1013.1338500976561,976.6533513891493,1013.1338500976562,613000,0.0,0.0,0.025923326884120357
2006-01-16,1011.854006551618,1027.8542280340914,1005.4539179586287,1018.8941040039062,491000,0.0,0.0,0.005685580346264096
2006-01-17,1006.0938687411222,1006.0938687411222,980.4935158469459,985.6135864257812,513000,0.0,0.0,-0.03266337242245676
2006-01-18,981.7733148573551,981.7733148573551,949.1328721860871,955.532958984375,517000,0.0,0.0,-0.03051969641620944
2006-01-19,951.6931783187696,980.4935771246503,951.6931783187696,972.1734619140625,455000,0.0,0.0,0.01741489163008514
2006-01-20,1023.3740293121338,1067.5346347045897,1005.4537836456299,1024.0140380859375,508000,0.0,0.0,0.05332440989472054
2006-01-23,1011.2140850732,1054.0946823516206,1002.2539602687539,1035.534423828125,366000,0.0,0.0,0.011250222471286708
2006-01-24,1036.17447273137,1052.1746962139423,1029.7743833383413,1040.0145263671875,388000,0.0,0.0,0.0043263675605302865
2006-01-25,1024.6541744283918,1045.13445773989,1024.6541744283918,1038.0943603515625,312000,0.0,0.0,-0.001846287688242465
2006-01-26,1048.9743179330644,1052.174361611933,1040.6542043680065,1043.854248046875,191000,0.0,0.0,0.005548520361252862
2006-01-27,1053.45437738884,1088.014849065023,1052.814368654096,1070.0946044921875,533000,0.0,0.0,0.025137950527489794
2006-01-30,1092.495141023715,1096.335194243482,1077.774937014608,1081.614990234375,363000,0.0,0.0,0.010765763787449867
2006-01-31,1038.7344337633763,1047.694558269037,1029.1343003644542,1031.6943359375,647000,0.0,0.0,-0.0461538114279072
2006-02-01,1040.014387293952,1041.93441385511,1016.3340597063359,1024.6541748046875,325000,0.0,0.0,-0.006823882702055473
2006-02-02,1050.2544640933766,1050.2544640933766,1040.6543318804572,1044.494384765625,421000,0.0,0.0,0.01936283523630733
2006-02-03,1036.1740423909202,1036.1740423909202,1027.853929635465,1032.9739990234375,232000,0.0,0.0,-0.011029629177731315
2006-02-06,1032.9743190209565,1033.6143278927168,1020.8141504575128,1027.854248046875,279000,0.0,0.0,-0.004956321244680595
2006-02-07,1040.6541807318877,1048.3342853867357,1031.0540499133278,1041.294189453125,404000,0.0,0.0,0.013075726866711435
2006-02-08,1047.694558269037,1068.1748428534042,1024.0142292183623,1031.6943359375,524000,0.0,0.0,-0.009219155943496316
2006-02-09,1042.5741291258857,1048.9742158608512,1030.4139643294511,1032.9739990234375,245000,0.0,0.0,0.0012403509851341976
2006-02-10,1036.174200213397,1039.374244068287,1022.7340160228588,1036.814208984375,227000,0.0,0.0,0.0037176249978876363
2006-02-13,1024.0139491324921,1027.2139927235312,992.0135132221018,1014.413818359375,354000,0.0,0.0,-0.02160501894253808
2006-02-14,1015.0540365614115,1027.214204716939,977.2935143942467,1010.573974609375,336000,0.0,0.0,-0.0037852833631645266
2006-02-15,1004.8135926421089,1009.9336619039796,990.7334021719647,1004.173583984375,290000,0.0,0.0,-0.0063334211901449056
2006-02-16,1007.3740299916108,1055.3746985109062,1006.0940121644296,1048.974609375,625000,0.0,0.0,0.04461482168537323
2006-02-17,1056.6545817302708,1074.5748290279373,1041.2943697608423,1061.1346435546875,767000,0.0,0.0,0.011592305543918435
2006-02-20,1070.0947730654761,1107.2152855282739,1064.334693545387,1088.655029296875,565000,0.0,0.0,0.025934866898697395
2006-02-21,1081.6151113303522,1123.2156925353656,1064.334869906731,1122.57568359375,549000,0.0,0.0,0.03115831313320916
2006-02-22,1109.7754437915125,1120.015586294779,1098.2552834753376,1102.0953369140625,356000,0.0,0.0,-0.01824406761967523
2006-02-23,1137.2961090794397,1145.6162269286422,1124.4959277729745,1133.4560546875,314000,0.0,0.0,0.028455539845808175
2006-02-24,1108.495042822827,1126.415286009339,1107.2150254523617,1113.6151123046875,303000,0.0,0.0,-0.017504818383349496
2006-02-27,1126.415235266838,1139.21540839487,1120.0151487028218,1121.295166015625,382000,0.0,0.0,0.006896506365689614
2006-02-28,1123.215654180887,1123.215654180887,1088.0151635940215,1104.6553955078125,329000,0.0,0.0,-0.014839777261271614
2006-03-01,1104.015235524064,1110.4153238459426,1095.6951207056218,1101.4552001953125,149000,0.0,0.0,-0.0028970078139426425
2006-03-02,1095.0550220196062,1095.0550220196062,1057.2945040189302,1064.974609375,445000,0.0,0.0,-0.0331203582441153
2006-03-03,1057.9347341652685,1057.9347341652685,1032.974386535235,1048.974609375,313000,0.0,0.0,-0.015023832361026779
2006-03-06,1054.0945182867808,1086.7349678512167,1053.4545094717919,1084.81494140625,395000,0.0,0.0,0.034167015779918986
2006-03-07,1085.4550608202894,1086.7350785806907,1072.014874336076,1083.5350341796875,187000,0.0,0.0,-0.0011798392312917239
2006-03-08,1070.7350138719657,1070.7350138719657,1034.894511315582,1046.4146728515625,287000,0.0,0.0,-0.034258570472737615
2006-03-09,1052.1747261527535,1100.8154069238053,1052.1747261527535,1098.25537109375,366000,0.0,0.0,0.049541257005616623
2006-03-10,1078.4148532563606,1091.8550383711283,1078.4148532563606,1084.81494140625,1666000,0.0,0.0,-0.012237982204552966
2006-03-13,1086.73521548645,1107.2155022329555,1084.815188603965,1098.8953857421875,308000,0.0,0.0,0.012979581860925515
2006-03-14,1106.575040627982,1106.575040627982,1084.8147448608613,1089.934814453125,195000,0.0,0.0,-0.008154162266329479
2006-03-15,1066.2550330079293,1075.215159335727,1059.214933750374,1069.455078125,362000,0.0,0.0,-0.01878987262041054
2006-03-16,1072.6551232420707,1081.6152495698682,1061.1349608206162,1069.455078125,234000,0.0,0.0,0.0
2006-03-17,1080.9749405551963,1094.4151263169838,1073.2948344056035,1090.5750732421875,177000,0.0,0.0,0.019748370501186274
2006-03-20,1092.494937918933,1107.21513919142,1090.5749116659997,1099.5350341796875,199000,0.0,0.0,0.008215813067194766
2006-03-21,1099.5350341796875,1099.5350341796875,1099.5350341796875,1099.5350341796875,0,0.0,0.0,0.0
2006-03-22,1079.6949876601725,1080.3349965443813,1063.6947655549536,1070.73486328125,545000,0.0,0.0,-0.02619304524473287
2006-03-23,1082.2550056868683,1085.4550500561377,1068.8148193359375,1068.8148193359375,255000,0.0,0.0,-0.0017932020439014318
2006-03-24,1094.4151263169838,1095.6951440085827,1088.01503785899,1090.5750732421875,457000,0.0,0.0,0.020359236710218775
2006-03-27,1110.415564248728,1118.0956718977106,1096.9753758630086,1100.8154296875,446000,0.0,0.0,0.009389868424984904
2006-03-28,1108.640735284706,1124.944275509481,1096.2500447138768,1114.510009765625,294000,32.0,0.0,0.012440396190678937
2006-03-29,1114.510102053939,1117.7708103689006,1109.29296875,1109.29296875,303000,0.0,0.0,-0.0046810176399600945
2006-03-30,1124.9444034807277,1146.4650790255764,1123.640120114373,1131.4658203125,421000,0.0,0.0,0.019988273780807697
2006-03-31,1141.9002352055813,1146.465227579333,1127.553116316648,1138.6395263671875,252000,0.0,0.0,0.006340188033878258
2006-04-03,1149.7260929022702,1149.7260929022702,1141.2482487685609,1141.900390625,286000,0.0,0.0,0.002863824926415681
2006-04-04,1130.1617954201895,1190.1588439941406,1124.944660761585,1142.552490234375,1862000,0.0,0.0,0.0005710652301451624
2006-04-05,1152.3343970486862,1152.9865387561274,1125.596587043595,1130.813720703125,778000,0.0,0.0,-0.01027416213397947
2006-04-06,1137.9873865179773,1139.2916700555338,1117.1188499170746,1119.7274169921875,475000,0.0,0.0,-0.009803828436078965
2006-04-07,1133.4223246890492,1154.2908600112871,1132.7701829602292,1151.0301513671875,528000,0.0,0.0,0.027955673764857414
2006-04-10,1141.2482487685609,1145.8132417636352,1133.4225464912909,1141.900390625,314000,0.0,0.0,-0.007931817191185853
2006-04-11,1144.5089674460512,1145.1611093078438,1134.726839519162,1137.987548828125,204000,0.0,0.0,-0.003426605182903386
2006-04-12,1128.2051583098469,1128.8573000198526,1109.2930487196818,1109.9451904296875,666000,0.0,0.0,-0.02464206082686482
2006-04-13,1121.0314900999701,1125.5964816245191,1113.2057903436003,1122.9879150390625,290000,0.0,0.0,0.011750782580828067
2006-04-14,1122.3361911784802,1122.3361911784802,1115.1626303981413,1118.42333984375,251000,0.0,0.0,-0.004064669916909791
2006-04-17,1122.9881054916873,1122.9881054916873,1109.2931285954473,1110.597412109375,277000,0.0,0.0,-0.006997285782205043
2006-04-18,1111.249222117457,1134.726318359375,1110.5970805551815,1134.726318359375,363000,0.0,0.0,0.021726060214899645
2006-04-19,1134.7264947615608,1138.639344743497,1125.5965114703758,1128.205078125,238000,0.0,0.0,-0.0057469718723045515
2006-04-20,1134.7266003403954,1143.8565844810653,1132.118033443061,1136.0308837890625,290000,0.0,0.0,0.006936509873779695
2006-04-21,1140.5961491350447,1141.248291015625,1127.5533115234375,1141.248291015625,223000,0.0,0.0,0.004592663193416557
2006-04-24,1121.03173633447,1121.03173633447,1104.0760498046875,1104.0760498046875,466000,0.0,0.0,-0.03257156352703672
2006-04-25,1094.9457745815068,1094.9457745815068,1079.294375778674,1087.772216796875,384000,0.0,0.0,-0.014766947449586176
2006-04-26,1085.8160512680824,1101.4674538088836,1079.946775315282,1098.85888671875,232000,0.0,0.0,0.010192087783342574
2006-04-27,1111.9015425994617,1112.5536842666754,1077.9901759043462,1086.468017578125,305000,0.0,0.0,-0.011276124068691606
2006-04-28,1089.728747340611,1096.90230582101,1078.6423387799946,1095.5980224609375,335000,0.0,0.0,0.008403381171923074
2006-05-01,1096.2500821174342,1115.8143310546875,1091.6850906987415,1115.8143310546875,351000,0.0,0.0,0.018452304749820625
2006-05-02,1109.9453986180972,1142.552490234375,1099.5111293008883,1142.552490234375,702000,0.0,0.0,0.023962910706133433
2006-05-03,1142.552490234375,1142.552490234375,1142.552490234375,1142.552490234375,0,0.0,0.0,0.0
2006-05-04,1142.552490234375,1142.552490234375,1142.552490234375,1142.552490234375,0,0.0,0.0,0.0
2006-05-05,1142.552490234375,1142.552490234375,1142.552490234375,1142.552490234375,0,0.0,0.0,0.0
2006-05-08,1151.6823136242272,1162.7687232117762,1150.378030143339,1160.16015625,448000,0.0,0.0,0.015410815840953607
2006-05-09,1162.768714575674,1166.0294232536764,1160.160147633272,1164.072998046875,287000,0.0,0.0,0.003372673829381112
2006-05-10,1167.985910926963,1182.3330298774897,1167.3337691564845,1172.5509033203125,478000,0.0,0.0,0.007282967037000265
2006-05-11,1177.1157484597306,1216.8963914824694,1167.9857648151676,1203.201416015625,610000,0.0,0.0,0.026140027361302165
2006-05-12,1192.7668202993032,1228.6346033044763,1186.8975467166383,1206.4617919921875,485000,0.0,0.0,0.0027097507808453436
2006-05-15,1210.375036697547,1302.3270195501084,1210.375036697547,1249.5035400390625,535000,0.0,0.0,0.03567601421989641
2006-05-16,1236.4605393104491,1239.0691058490788,1208.4184490201806,1212.331298828125,298000,0.0,0.0,-0.029749608560353025
2006-05-17,1238.4170480501853,1271.6762736692267,1234.5041979773569,1269.7198486328125,544000,0.0,0.0,0.04733734900695952
2006-05-18,1237.1124931987601,1271.6759945901858,1237.1124931987601,1266.4588623046875,333000,0.0,0.0,-0.002568272309546371
2006-05-19,1271.6765669055453,1304.2836583646617,1263.8508649553573,1301.02294921875,366000,0.0,0.0,0.027291914441787135
2006-05-22,1287.979827231549,1287.979827231549,1218.8528086560837,1226.0263671875,581000,0.0,0.0,-0.057644319092360896
2006-05-23,1199.9406358388874,1226.026301835385,1190.1585110902008,1198.6363525390625,384000,0.0,0.0,-0.022340477645085288
2006-05-24,1203.2015110523957,1238.4171650344172,1195.375810167502,1233.8521728515625,256000,0.0,0.0,0.029379903452704914
2006-05-25,1207.7665843028435,1211.6794350079283,1128.8574284169665,1143.856689453125,849000,0.0,0.0,-0.07293862699163423
2006-05-26,1209.071134380888,1267.7639078945233,1209.071134380888,1254.7210693359375,838000,0.0,0.0,0.09692156448008937
2006-05-29,1241.6778185791272,1248.851377404952,1234.5042597533024,1240.37353515625,300000,0.0,0.0,-0.011434839607245117
2006-05-30,1229.2871911325508,1278.1978220794695,1227.3307658946742,1265.80712890625,351000,0.0,0.0,0.02050478588032445
2006-05-31,1270.371881763182,1271.0240233862637,1241.0255087245048,1242.98193359375,392000,0.0,0.0,-0.018032127321184088
2006-06-01,1239.0693024406332,1239.0693024406332,1222.765758987467,1235.80859375,269000,0.0,0.0,-0.00577107329549853
2006-06-02,1265.8071579049954,1281.458560166572,1239.0693457081356,1271.0242919921875,510000,0.0,0.0,0.02849607813077859
2006-06-05,1257.981778975584,1262.546772471089,1247.5475081287154,1254.7210693359375,215000,0.0,0.0,-0.01282683797545403
2006-06-06,1239.0693198602628,1241.6778868494423,1216.896500452237,1227.98291015625,352000,0.0,0.0,-0.021310042393596462
2006-06-07,1207.1144264770573,1211.679418905658,1197.3322998443423,1204.505859375,275000,0.0,0.0,-0.019118385595661702
2006-06-08,1201.8974197323312,1238.417363034019,1196.6802849749472,1236.4609375,634000,0.0,0.0,0.02652961617105043
2006-06-09,1226.0262992981284,1236.4605656751337,1200.5927750041778,1219.5048828125,1041000,0.0,0.0,-0.013713376762053975
2006-06-12,1219.5051087795482,1219.5051087795482,1173.8551849214903,1191.4630126953125,453000,0.0,0.0,-0.022994471373099845
2006-06-13,1183.6372940536423,1203.2015468479174,1179.7244434947872,1199.2886962890625,321000,0.0,0.0,0.00656812969464049
2006-06-14,1186.245614001947,1235.8083774236886,1186.245614001947,1222.1134033203125,425000,0.0,0.0,0.019031870392738792
2006-06-15,1231.2435554074514,1248.1992399628505,1231.2435554074514,1238.4171142578125,254000,0.0,0.0,0.013340587619123712
2006-06-16,1271.0242989870887,1286.0235595703125,1267.111448400161,1286.0235595703125,417000,0.0,0.0,0.03844136580834534
2006-06-19,1283.41502803356,1283.41502803356,1256.6772149495275,1270.3721923828125,183000,0.0,0.0,-0.01217035805528277
2006-06-20,1262.5456960594315,1276.892806241925,1248.8507272488696,1261.8935546875,247000,0.0,0.0,-0.0066741367184756095
2006-06-21,1257.3292843443464,1257.3292843443464,1213.6357874298903,1229.9393310546875,340000,0.0,0.0,-0.025322439847730083
2006-06-22,1246.8948858173076,1271.67626953125,1244.9384607872596,1271.67626953125,301000,0.0,0.0,0.033934144085605134
2006-06-23,1248.199206181138,1255.3727648373513,1244.938497701041,1254.0684814453125,151000,0.0,0.0,-0.013846124605618293
2006-06-26,1248.1995801851037,1254.0688572079175,1243.6345869451372,1250.156005859375,165000,0.0,0.0,-0.003119826105053236
2006-06-27,1252.7643665753037,1252.7643665753037,1245.590806954102,1251.4600830078125,226000,0.0,0.0,0.0010431315310452938
2006-06-28,1238.4171142578125,1247.5470982491813,1223.4178548434209,1238.4171142578125,216000,0.0,0.0,-0.01042220117692605
2006-06-29,1251.459728492617,1254.068294888641,1245.5904541015625,1245.5904541015625,367000,0.0,0.0,0.0057923455362203224
2006-06-30,1271.676213774639,1276.8933469593555,1249.5033977395942,1259.2855224609375,328000,0.0,0.0,0.010994840490531121
2006-07-03,1246.894775390625,1252.7640499609784,1246.2426337716968,1246.894775390625,149000,0.0,0.0,-0.00983950569533909
2006-07-04,1271.6761662409856,1327.1082042566184,1271.6761662409856,1322.543212890625,565000,0.0,0.0,0.06066946384974714
2006-07-05,1306.2399542694402,1317.326364265736,1274.9371495740168,1286.0235595703125,556000,0.0,0.0,-0.02761320232440123
2006-07-06,1292.5446675023607,1369.497377272935,1286.6753930283337,1338.194580078125,803000,0.0,0.0,0.04056770198303661
2006-07-07,1336.238454192906,1343.4120134882314,1314.065634552809,1331.6734619140625,299000,0.0,0.0,-0.004873071720019828
2006-07-10,1333.6296582871905,1375.366723387621,1329.716808434025,1363.628173828125,384000,0.0,0.0,0.0239959065251123
2006-07-11,1354.4982204718951,1370.1496202269868,1337.5425374038791,1368.8453369140625,300000,0.0,0.0,0.0038259425744271436
2006-07-12,1341.4552231845228,1349.9330636810705,1319.9345511548247,1329.7166748046875,383000,0.0,0.0,-0.028585159370588253
2006-07-13,1323.8477265615547,1356.4548134226768,1323.8477265615547,1347.3248291015625,419000,0.0,0.0,0.013242034660850832
2006-07-14,1343.411734336035,1343.411734336035,1304.2832372194512,1307.5439453125,627000,0.0,0.0,-0.029525829948216398
2006-07-17,1307.5439453125,1307.5439453125,1307.5439453125,1307.5439453125,0,0.0,0.0,0.0
2006-07-18,1301.023038228353,1330.3694225492932,1278.1980726453994,1314.718017578125,473000,0.0,0.0,0.005486677745206059
2006-07-19,1299.066212413413,1306.2397708152944,1280.1541038993623,1294.501220703125,309000,0.0,0.0,-0.01537728745228717
2006-07-20,1317.3264430881618,1317.3264430881618,1291.240770947802,1305.587890625,346000,0.0,0.0,0.008564433732903831
2006-07-21,1302.326832518817,1351.8895963002042,1301.022549261412,1337.54248046875,511000,0.0,0.0,0.02447524986498828
2006-07-24,1317.9784258295158,1368.8454803642524,1317.3262841047115,1359.0633544921875,444000,0.0,0.0,0.016089862069947447
2006-07-25,1417.1040199593324,1454.2760996361303,1398.1919092465755,1428.1904296875,785000,0.0,0.0,0.050863762139434554
2006-07-26,1428.1909933278969,1444.4945434800418,1379.280342871462,1383.8453369140625,507000,0.0,0.0,-0.031049845911053087
2006-07-27,1403.4086840567675,1403.4086840567675,1379.2794455297692,1386.4530029296875,358000,0.0,0.0,0.0018843623243620655
2006-07-28,1389.7139765944437,1398.1918187792057,1385.8011263553228,1395.583251953125,210000,0.0,0.0,0.006585328896215437
2006-07-31,1409.9304839718152,1416.4519015665046,1392.974798225623,1399.4962158203125,214000,0.0,0.0,0.002803819737526414
2006-08-01,1402.7568277918308,1402.7568277918308,1376.0190174991924,1387.757568359375,301000,0.0,0.0,-0.008387766489284076
2006-08-02,1383.8448378236192,1406.6697998046875,1383.8448378236192,1406.6697998046875,193000,0.0,0.0,0.013627907263132899
2006-08-03,1414.4953234170405,1420.364598617941,1408.62604821614,1413.1910400390625,130000,0.0,0.0,0.004635942447389185
2006-08-04,1424.929874573176,1434.7120018585754,1405.3656200023772,1414.49560546875,276000,0.0,0.0,0.0009231345180702455
2006-08-07,1425.5815439888363,1431.4508184151398,1401.4523046806994,1404.7130126953125,213000,0.0,0.0,-0.006915958406385925
2006-08-08,1387.7574972747093,1404.713180982013,1386.453213912609,1402.1046142578125,254000,0.0,0.0,-0.0018568906345468594
2006-08-09,1397.5395876446385,1397.5395876446385,1369.497496058675,1379.9317626953125,400000,0.0,0.0,-0.015813978027764297
2006-08-10,1381.8880537109376,1397.5394521484375,1370.801646484375,1385.8009033203125,261000,0.0,0.0,0.004253210762781734
2006-08-11,1375.3666662343928,1415.1473047551601,1375.3666662343928,1411.8865966796875,363000,0.0,0.0,0.018823550552518054
2006-08-14,1402.1042447476773,1452.3191409549197,1402.1042447476773,1447.754150390625,419000,0.0,0.0,0.02540399051544706
2006-08-15,1465.3623475060097,1486.2308811598557,1454.9280806790864,1483.622314453125,355000,0.0,0.0,0.024775037980600656
2006-08-16,1484.9265936766935,1492.1001521002524,1477.7530352531346,1485.5787353515625,227000,0.0,0.0,0.001318678533868356
2006-08-17,1496.6653239295758,1506.4474502297692,1460.1453857421875,1460.1453857421875,365000,0.0,0.0,-0.01712016267071581
2006-08-18,1464.0580173068577,1467.3187255859377,1457.536600748698,1467.3187255859375,171000,0.0,0.0,0.004912757259513345
2006-08-21,1462.753864145534,1472.53598985315,1449.0588881548713,1463.406005859375,191000,0.0,0.0,-0.0026665779277096346
2006-08-22,1463.405700793172,1463.405700793172,1444.4935950342585,1452.971435546875,399000,0.0,0.0,-0.007130331753949837
2006-08-23,1452.9719763069509,1467.319096360251,1447.7548417421144,1465.3626708984375,183000,0.0,0.0,0.008528202997258871
2006-08-24,1480.3614810390725,1532.5328107673217,1480.3614810390725,1525.3592529296875,792000,0.0,0.0,0.04094316255133279
2006-08-25,1498.6219060299654,1513.621167926697,1490.796204170801,1499.2740478515625,517000,0.0,0.0,-0.017101023924707803
2006-08-28,1493.404291624664,1535.7934964087701,1493.404291624664,1516.229248046875,395000,0.0,0.0,0.011308939963050157
2006-08-29,1530.5766091356747,1569.705112138717,1529.9244674189572,1554.0537109375,562000,0.0,0.0,0.02494640104017809
2006-08-30,1565.1400650987255,1584.7043159124596,1546.2279559787826,1560.5750732421875,395000,0.0,0.0,0.0041963558008257795
2006-08-31,1587.9647909354926,1589.921215729253,1567.0962598020487,1573.61767578125,405000,0.0,0.0,0.008357561749314346
2006-09-01,1576.2266450123388,1600.3558903021428,1576.2266450123388,1593.83447265625,330000,0.0,0.0,0.012847337181163265
2006-09-04,1629.0501887719668,1629.0501887719668,1610.1380768927086,1621.2244873046875,378000,0.0,0.0,0.017184980698020658
2006-09-05,1617.3110155298418,1617.3110155298418,1587.3125047579172,1606.224609375,514000,0.0,0.0,-0.009252190580112063
2006-09-06,1576.8791813452704,1582.0963167674217,1528.6206786903695,1548.1849365234375,1024000,0.0,0.0,-0.03613421965570951
2006-09-07,1533.8375701510013,1537.750421095264,1507.0997553652057,1514.2733154296875,763000,0.0,0.0,-0.02190411513103918
2006-09-08,1494.708894317968,1532.5331159019306,1487.5353350520443,1516.8817138671875,2109000,0.0,0.0,0.001722541374084674
2006-09-11,1536.4459664106164,1542.9673839250927,1516.8817138671875,1516.8817138671875,488000,0.0,0.0,0.0
2006-09-12,1529.2721287504155,1559.9227854886967,1526.663562219498,1532.5328369140625,657000,0.0,0.0,0.010317958812340988
2006-09-13,1548.8359399923131,1555.3573544764913,1493.4039168767988,1501.2296142578125,583000,0.0,0.0,-0.020425808767192688
2006-09-14,1520.794403969113,1549.488638006266,1511.664420411837,1515.5772705078125,561000,0.0,0.0,0.009557269663304169
2006-09-15,1506.447048915906,1506.447048915906,1451.0150146484375,1451.0150146484375,936000,0.0,0.0,-0.04259911857726839
2006-09-18,1451.0150146484375,1451.0150146484375,1451.0150146484375,1451.0150146484375,0,0.0,0.0,0.0
2006-09-19,1434.7115567835365,1496.6650103719164,1428.8422822330583,1470.579345703125,614000,0.0,0.0,0.013483203727859161
2006-09-20,1484.2745024304409,1493.4044861888003,1470.5795267929018,1481.0137939453125,431000,0.0,0.0,0.007095467696235369
2006-09-21,1490.143610307589,1494.056460050191,1445.7979798914332,1462.753662109375,476000,0.0,0.0,-0.012329481271942666
2006-09-22,1456.2324383724358,1490.7959490010696,1451.6674464026164,1486.23095703125,423000,0.0,0.0,0.016050067437889393
2006-09-25,1498.6216282724545,1509.708037184827,1457.536701126604,1477.1009521484375,420000,0.0,0.0,-0.006143059286727315
2006-09-26,1496.7255250336023,1526.8170347152218,1483.6422599546372,1520.9295654296875,429000,7.0,0.0,0.029672049982434556
2006-09-27,1548.4048142570773,1564.104736328125,1546.4423239981963,1564.104736328125,464000,0.0,0.0,0.028387357231917543
2006-09-28,1583.0758393681645,1591.5799657779933,1564.1050958385458,1585.038330078125,412000,0.0,0.0,0.013383754465921216
2006-09-29,1596.8127287122243,1602.0460354839151,1579.150318357767,1588.9627685546875,348000,0.0,0.0,0.0024759265451763657
2006-10-02,1573.9172113728641,1598.1212582643004,1573.9172113728641,1593.5421142578125,300000,0.0,0.0,0.0028819716822505725
2006-10-03,1589.6169507203988,1589.6169507203988,1559.5254364269263,1562.14208984375,411000,0.0,0.0,-0.01970454632677654
2006-10-04,1625.5958627021212,1638.0249658777109,1597.4668397257867,1613.8209228515625,973000,0.0,0.0,0.03308203097772089
2006-10-05,1617.0921674884735,1617.7463309866484,1576.5340306016267,1596.158935546875,743000,0.0,0.0,-0.010944205180757893
2006-10-06,1598.120634393447,1598.7747975675745,1566.0666388612003,1579.14990234375,343000,0.0,0.0,-0.010656227788053863
2006-10-09,1579.14990234375,1579.14990234375,1579.14990234375,1579.14990234375,0,0.0,0.0,0.0
2006-10-10,1572.6082594115962,1615.7830285967732,1571.954096242124,1605.9705810546875,482000,0.0,0.0,0.016984251255141025
2006-10-11,1608.5877606935373,1624.941845287819,1608.5877606935373,1615.12939453125,291000,0.0,0.0,0.0057029771183900735
2006-10-12,1621.0168607045368,1635.4084551095004,1615.7835536481864,1628.8668212890625,331000,0.0,0.0,0.008505465137546686
2006-10-13,1636.063099121094,1651.763024902344,1622.3256640625002,1635.408935546875,379000,0.0,0.0,0.004016359208934617
2006-10-16,1625.5960660300723,1630.8293732848974,1613.8211247067156,1618.4002685546875,295000,0.0,0.0,-0.010400253185910313
2006-10-17,1614.475115763095,1614.475115763095,1583.075275586179,1587.6544189453125,407000,0.0,0.0,-0.018997679502878895
2006-10-18,1586.346164584745,1603.354412122561,1562.1421200116995,1598.7752685546875,549000,0.0,0.0,0.007004578248686277
2006-10-19,1618.3999853118648,1618.3999853118648,1601.391739710366,1609.24169921875,225000,0.0,0.0,0.006546530253451088
2006-10-20,1606.6251135444484,1606.6251135444484,1583.7293973498004,1592.2335205078125,235000,0.0,0.0,-0.010569064124546723
2006-10-23,1611.8588301265759,1615.7838110440919,1600.0838873740277,1608.5880126953125,285000,0.0,0.0,0.010271415578717358
2006-10-24,1619.7083118965957,1624.287454943153,1604.0083928798272,1609.24169921875,244000,0.0,0.0,0.000406372867557403
2006-10-25,1609.8957300725974,1611.2040565496982,1590.2708329160846,1594.8499755859375,249000,0.0,0.0,-0.008943170960458824
2006-10-26,1603.3544471503785,1603.3544471503785,1570.6462780938632,1579.8045654296875,465000,0.0,0.0,-0.009433746362708773
2006-10-27,1585.6923489292906,1593.5423110527029,1573.9174057441721,1583.7298583984375,367000,0.0,0.0,0.002484669974151199
2006-10-30,1573.26330948845,1573.26330948845,1545.13427734375,1545.13427734375,609000,0.0,0.0,-0.024370053295400762
2006-10-31,1543.8257487522153,1590.271353905354,1526.1633355249655,1568.6839599609375,517000,0.0,0.0,0.015241188395400673
2006-11-01,1570.6465008424059,1594.850549376837,1568.0298469467918,1585.6922607421875,297000,0.0,0.0,0.01084240115623647
2006-11-02,1572.6084823827005,1598.7750128715973,1572.6084823827005,1598.120849609375,265000,0.0,0.0,0.007837957701433362
2006-11-03,1598.120849609375,1598.120849609375,1598.120849609375,1598.120849609375,0,0.0,0.0,0.0
2006-11-06,1592.8881159954094,1626.9046178565025,1589.617298508766,1624.2879638671875,443000,0.0,0.0,0.016373676786838987
2006-11-07,1635.4083666129113,1640.6416733860726,1609.8959960937498,1609.89599609375,383000,0.0,0.0,-0.00886047800241796
2006-11-08,1609.2415487634732,1625.59562954359,1600.0832635266079,1600.7374267578125,314000,0.0,0.0,-0.005688919879395793
2006-11-09,1608.5875359263846,1622.3249650660568,1604.0083928798272,1609.24169921875,315000,0.0,0.0,0.005312721698625067
2006-11-10,1628.2127806990693,1658.304298542443,1625.5961269735585,1656.9959716796875,769000,0.0,0.0,0.029675015558024098
2006-11-13,1666.8081586764235,1694.283018434826,1655.0332187799652,1662.8831787109375,510000,0.0,0.0,0.003552939857350612
2006-11-14,1700.8243808877676,1713.9076453561352,1693.6285854301657,1709.982666015625,561000,0.0,0.0,0.02832399046889078
2006-11-15,1711.2915722473028,1751.84970584032,1700.1707936814757,1743.3455810546875,853000,0.0,0.0,0.019510674407478223
2006-11-16,1759.699625713714,1789.1369800472148,1697.5540998985457,1698.8624267578125,1158000,0.0,0.0,-0.02551597043081022
2006-11-17,1688.3958118836788,1732.2247616691134,1675.3125432910117,1698.8624267578125,629000,0.0,0.0,0.0
2006-11-20,1733.532885903744,1734.1870492569153,1675.9665108246763,1680.545654296875,547000,0.0,0.0,-0.010781786784168301
2006-11-21,1697.5542156781926,1719.7957738026853,1692.3209078841942,1712.5999755859375,516000,0.0,0.0,0.01907375810178369
2006-11-22,1711.2915039062502,1717.8331380954942,1700.8248892034596,1711.29150390625,312000,0.0,0.0,-0.0007640264500411442
2006-11-23,1711.2915039062502,1711.2915039062502,1711.2915039062502,1711.29150390625,0,0.0,0.0,0.0
2006-11-24,1702.1331547792197,1732.878834362088,1689.049886871616,1721.758056640625,461000,0.0,0.0,0.006116171739580123
2006-11-27,1707.3662084320658,1730.91608716906,1707.3662084320658,1721.1036376953125,339000,0.0,0.0,-0.0003800876335606773
2006-11-28,1713.9077213915828,1713.9077213915828,1698.8619665854735,1707.3660888671875,495000,0.0,0.0,-0.007981825456205849
2006-11-29,1719.141694164384,1733.5332912997023,1708.6750780659709,1731.57080078125,599000,0.0,0.0,0.014176638549803888
2006-11-30,1770.819821971246,1823.8070423553136,1766.240679468919,1812.0321044921875,1628000,0.0,0.0,0.046467232916283185
2006-12-01,1792.407862589368,1802.2203143918646,1768.2038148098766,1772.782958984375,1127000,0.0,0.0,-0.021660292558012828
2006-12-04,1772.7825538340944,1778.0158602660772,1740.0743886342034,1763.624267578125,806000,0.0,0.0,-0.0051662790190046826
2006-12-05,1772.7829075001748,1776.7078881071861,1754.4663313341214,1755.774658203125,357000,0.0,0.0,-0.0044508399659182185
2006-12-06,1765.5872349783308,1772.7830332683498,1756.428946245579,1762.9705810546875,347000,0.0,0.0,0.004098431890415144
2006-12-07,1782.5950927734375,1790.4450528150087,1772.7826427214736,1782.5950927734375,358000,0.0,0.0,0.01113150266353835
2006-12-08,1785.8664272142494,1813.9954588516898,1785.8664272142494,1805.4913330078125,1605000,0.0,0.0,0.012844330340185062
2006-12-11,1829.6955204336907,1874.1786435618606,1827.0788661320337,1870.253662109375,890000,0.0,0.0,0.03586964274908677
2006-12-12,1885.298464578978,1897.0734029420667,1850.6278127321057,1857.8236083984375,699000,0.0,0.0,-0.006646186002875254
2006-12-13,1877.449113812363,1887.9157290810035,1851.9367390950522,1864.3658447265625,791000,0.0,0.0,0.0035214518205874956
2006-12-14,1865.0197831677199,1866.3281099184514,1851.9365156604051,1858.4781494140625,534000,0.0,0.0,-0.003158015005023662
2006-12-15,1878.1035137469953,1918.0074894831732,1865.0202430138222,1913.4283447265625,1172000,0.0,0.0,0.0295673077080969
2006-12-18,1929.7821669003226,1953.3320509709708,1904.923955936861,1919.3155517578125,996000,0.0,0.0,0.0030767846872736815
2006-12-19,1916.6987442601505,1961.8360184423861,1916.6987442601505,1945.48193359375,679000,0.0,0.0,0.013633183877436394
2006-12-20,1961.8362824705378,1965.7612633624428,1926.5114544433923,1932.39892578125,773000,0.0,0.0,-0.006724815885765012
2006-12-21,1936.9780726312183,1945.4821979078836,1927.8197838717326,1939.5947265625,530000,0.0,0.0,0.0037237656703523747
2006-12-22,1942.8654839010799,1961.8362243162758,1933.0530319621855,1957.257080078125,531000,0.0,0.0,0.009106208257705362
2006-12-25,1961.8359412310529,1975.5733719632476,1952.6776540762562,1969.03173828125,417000,0.0,0.0,0.006015897616604926
2006-12-26,1978.8440229683047,2014.8230052040922,1969.0315732676354,2008.2813720703125,484000,0.0,0.0,0.019933469342308996
2006-12-27,2024.635651284076,2027.9064681682182,1988.6566655585107,1998.4691162109375,492000,0.0,0.0,-0.0048858969643579275
2006-12-28,2011.5523837475068,2014.8232006316491,1988.6566655585107,1998.4691162109375,435000,0.0,0.0,0.0
2006-12-29,2001.7396038759102,2021.364501953125,1995.1979711835052,2021.364501953125,251000,0.0,0.0,0.011456462127168887
2007-01-04,2024.6358374887218,2040.9899234135096,1950.7153691086812,1959.8736572265625,824000,0.0,0.0,-0.030420463339070003
2007-01-05,1949.4071700657466,1953.3321509450736,1877.4491872780848,1882.6824951171875,1137000,0.0,0.0,-0.03938578480543942
2007-01-09,1885.9526329937003,1893.148428679767,1861.748592958748,1865.0194091796875,965000,0.0,0.0,-0.009381871868097691
2007-01-10,1874.832538304822,1928.4739437971443,1852.5909799299568,1897.0740966796875,1726000,0.0,0.0,0.01718732113039989
2007-01-11,1955.9483070000763,2014.8230052040922,1953.3316537465646,2008.2813720703125,1774000,0.0,0.0,0.05862041740238988
2007-01-12,2024.6359512840163,2086.7814812911183,2024.6359512840163,2050.802490234375,1389000,0.0,0.0,0.021172888797065248
2007-01-15,2063.885498046875,2073.6979489092214,2037.7189624139512,2063.885498046875,562000,0.0,0.0,0.006379457736568783
2007-01-16,2083.5105776661517,2122.7603844667697,2080.2397604327666,2116.21875,848000,0.0,0.0,0.02535666440926576
2007-01-17,2126.0308561756533,2129.301672877462,2067.1561555430967,2096.593505859375,1134000,0.0,0.0,-0.009273731338324542
2007-01-18,2116.218030107893,2129.3012945907853,2103.134765625,2103.134765625,658000,0.0,0.0,0.003119946593054035
2007-01-19,2103.1356170169893,2112.948069351439,2057.344172789559,2060.614990234375,1009000,0.0,0.0,-0.020217332757555884
2007-01-22,2073.698125965997,2122.7603844667697,2057.344039799073,2116.21875,893000,0.0,0.0,0.02698406059799674
2007-01-23,2119.489698401163,2126.0313332727715,2096.593976350533,2109.67724609375,1063000,0.0,0.0,-0.0030911284130007433
2007-01-24,2135.843779962713,2162.0103193803266,2122.760510253906,2158.739501953125,1183000,0.0,0.0,0.023255811262228754
2007-01-25,2194.7185714493935,2211.072659165112,2168.552031104244,2191.44775390625,938000,0.0,0.0,0.015151551135990315
2007-01-26,2165.280749529644,2233.9679032156296,2129.301764265556,2227.42626953125,1770000,0.0,0.0,0.016417692623914126
2007-01-29,2253.59303432938,2269.947120209854,2211.072411040146,2240.509765625,1188000,0.0,0.0,0.005873817810590598
2007-01-30,2247.050869168647,2292.8422988169164,2240.5092363617514,2279.759033203125,1236000,0.0,0.0,0.01751800781246593
2007-01-31,2289.5716829932126,2338.633933343067,2289.5716829932126,2319.009033203125,1472000,0.0,0.0,0.01721673186874173
2007-02-01,2348.446546824705,2348.446546824705,2276.488574637876,2286.301025390625,1453000,0.0,0.0,-0.014104303753971204
2007-02-02,2305.925724745838,2322.2798079000636,2227.4261256055543,2247.051025390625,1535000,0.0,0.0,-0.017167468134820063
2007-02-05,2194.717814559821,2197.9886309749622,2148.9263847478423,2155.468017578125,1675000,0.0,0.0,-0.0407569773795321
2007-02-06,2155.4683266497673,2207.801396796044,2142.385059113198,2152.197509765625,1311000,0.0,0.0,-0.0015173075108647627
2007-02-07,2178.3638929181916,2181.634709574225,2093.322659861325,2122.760009765625,1616000,0.0,0.0,-0.013677880336923964
2007-02-08,2148.9263184312867,2237.2383589147644,2122.7597879176637,2220.88427734375,1360000,0.0,0.0,0.0462248521390598
2007-02-09,2204.530366688205,2204.530366688205,2145.655668468045,2175.093017578125,1918000,0.0,0.0,-0.020618480770368097
2007-02-13,2175.093558575804,2175.093558575804,2129.302115237366,2135.84375,956000,0.0,0.0,-0.018044868546278292
2007-02-14,2148.926113552517,2181.6342735761477,2119.48876953125,2119.48876953125,1125000,0.0,0.0,-0.007657386205685679
2007-02-15,2139.1146770046703,2142.3854945536073,2037.7193329876293,2057.34423828125,1648000,0.0,0.0,-0.029320528678122737
2007-02-16,2044.260487052965,2135.8433568729374,2001.7398689222632,2106.406005859375,1780000,0.0,0.0,0.023847135868284353
2007-02-19,2126.0312017001547,2155.4685568006184,2103.1354810664607,2116.21875,1265000,0.0,0.0,0.004658524573766476
2007-02-20,2122.76025352117,2122.76025352117,2070.4271810152554,2073.697998046875,931000,0.0,0.0,-0.020092796150268044
2007-02-21,2047.5316076582405,2093.3230493630576,2040.989973128981,2054.0732421875,876000,0.0,0.0,-0.0094636518325516
2007-02-22,2076.9681615005306,2122.759585533613,2070.4265294958045,2119.48876953125,1122000,0.0,0.0,0.03184673554974382
2007-02-23,2171.822941706731,2217.614389272837,2165.2813063401445,2211.07275390625,1568000,0.0,0.0,0.04321041266722769
2007-02-26,2188.1765454360107,2207.8014471888,2145.655924971634,2162.010009765625,1510000,0.0,0.0,-0.022189565700154845
2007-02-27,2139.1136655454284,2139.1136655454284,2090.0514255099824,2119.48876953125,1068000,0.0,0.0,-0.019667457616898143
2007-02-28,1962.4903587778663,2080.2397803045383,1962.4903587778663,2054.0732421875,1604000,0.0,0.0,-0.03086382352392336
2007-03-01,2076.9684413693985,2103.13497291421,2037.7186440521816,2080.2392578125,1106000,0.0,0.0,0.01273859913443709
2007-03-02,2054.0732421875,2067.1565112460194,2040.989973128981,2054.0732421875,534000,0.0,0.0,-0.012578368342358481
2007-03-05,1991.9275345638766,2008.2816194125128,1941.5569532300774,1945.48193359375,1022000,0.0,0.0,-0.052866327433439
2007-03-06,1965.7614818359375,2050.8027439453126,1962.4906640625,2044.2611083984375,1323000,0.0,0.0,0.05077362739741287
2007-03-07,2083.5090630818486,2083.5090630818486,2011.551136256416,2031.176025390625,1000000,0.0,0.0,-0.0064008863417961415
2007-03-08,2034.44812992126,2083.5103838582677,2008.281594488189,2076.96875,1027000,0.0,0.0,0.022544931624312703
2007-03-09,2112.947404181288,2171.8220996538316,2112.947404181288,2155.468017578125,2363000,0.0,0.0,0.037795112506206374
2007-03-12,2201.2592647220044,2214.342529296875,2197.988448578287,2214.342529296875,966000,0.0,0.0,0.027314027041283273
2007-03-13,2188.1762189435526,2204.530301297391,2171.8221365897143,2178.36376953125,877000,0.0,0.0,-0.016248055253244575
2007-03-14,2099.8639881310096,2155.46786320613,2099.8639881310096,2126.030517578125,1134000,0.0,0.0,-0.024024110520524444
2007-03-15,2168.552001953125,2181.635271949826,2152.197914457249,2168.552001953125,696000,0.0,0.0,0.020000411105781435
2007-03-16,2178.36376953125,2211.071934238926,2126.0307059989677,2178.36376953125,809000,0.0,0.0,0.004524571036012892
2007-03-19,2162.0095836880982,2224.155093657953,2152.1971347454896,2220.88427734375,811000,0.0,0.0,0.019519470717991982
2007-03-20,2247.0514827952666,2263.4055692784923,2217.6141271254596,2224.15576171875,799000,0.0,0.0,0.0014730548585417669
2007-03-22,2250.3216107704975,2266.6756922441205,2220.8842641179767,2233.967529296875,563000,0.0,0.0,0.004411457033271171
2007-03-23,2243.7811379237482,2243.7811379237482,2220.8854120265673,2237.239501953125,532000,0.0,0.0,0.0014646464701659756
2007-03-26,2250.3222004263425,2253.593017578125,2240.509748970995,2253.593017578125,507000,0.0,0.0,0.007309684819494455
2007-03-27,2264.9173896257266,2298.2249982966932,2248.2635852902436,2291.5634765625,612000,62.0,0.0,0.01684885366976374
2007-03-28,2284.9021932326236,2298.2252380911227,2248.2638198717505,2258.256103515625,641000,0.0,0.0,-0.014534780898514899
2007-03-29,2254.9250040152347,2278.2403290198235,2234.940439725587,2268.248046875,743000,0.0,0.0,0.004424628076425741
2007-03-30,2278.2405280565695,2291.563572080292,2278.2405280565695,2281.5712890625,257000,0.0,0.0,0.005873803002213851
2007-04-02,2281.5708880516063,2294.8939297336597,2254.9248046875,2254.9248046875,358000,0.0,0.0,-0.011679005824950184
2007-04-03,2278.240127631093,2278.240127631093,2244.93252342596,2254.9248046875,384000,0.0,0.0,0.0
2007-04-04,2274.9100068721064,2281.571529586227,2244.933154658565,2248.263916015625,434000,0.0,0.0,-0.002953929398456401
2007-04-05,2248.2644484272505,2298.2258806145223,2211.6260648232505,2284.90283203125,1339000,0.0,0.0,0.016296536965534125
2007-04-06,2324.8710485387733,2338.194091796875,2304.8864836516204,2338.194091796875,1140000,0.0,0.0,0.023323206141877773
2007-04-09,2354.847999561993,2364.8402824455657,2318.2096289888927,2361.509521484375,765000,0.0,0.0,0.009971554444217379
2007-04-10,2361.509189493985,2391.486033930439,2348.1861475222277,2388.1552734375,786000,0.0,0.0,0.01128335571409278
2007-04-11,2414.801528518264,2471.4244609111065,2404.809246331292,2464.762939453125,1105000,0.0,0.0,0.032078176351304055
2007-04-12,2448.1091358081712,2464.762939453125,2431.455332163218,2464.762939453125,738000,0.0,0.0,0.0
2007-04-13,2481.4174305689517,2491.4097155242625,2411.4714358817732,2428.125244140625,900000,0.0,0.0,-0.014864591935413118
2007-04-16,2451.439950569705,2491.409080198559,2448.1091897673004,2484.74755859375,932000,0.0,0.0,0.023319354959041583
2007-04-17,2491.408879611691,2494.7396401459314,2444.778232132328,2471.42431640625,775000,0.0,0.0,-0.0053620103746234715
2007-04-18,2461.4322237761126,2468.093745356021,2441.4476590363874,2451.43994140625,521000,0.0,0.0,-0.008086177216650392
2007-04-19,2438.117478564589,2438.117478564589,2378.163770075296,2391.48681640625,919000,0.0,0.0,-0.024456289541243348
2007-04-20,2418.1329104245365,2428.125195178357,2391.486817747682,2424.79443359375,451000,0.0,0.0,0.013927577170403271
2007-04-23,2441.4476590363874,2468.093745356021,2428.124615876571,2451.43994140625,631000,0.0,0.0,0.010988769787387387
2007-04-24,2454.771141913797,2458.1019033003827,2428.1250508211097,2448.109619140625,399000,0.0,0.0,-0.001358516767787754
2007-04-25,2444.778089954007,2488.0779743809853,2438.1165692729332,2478.085693359375,645000,0.0,0.0,0.012244580056538723
2007-04-26,2481.4164536999115,2488.0779743809853,2451.4396106350805,2478.085693359375,528000,0.0,0.0,0.0
2007-04-27,2521.3864255229,2534.7094713645006,2504.7326182208994,2518.0556640625,880000,0.0,0.0,0.016129373899471666
2007-05-01,2514.7244325618153,2597.993453507571,2511.393671723985,2584.67041015625,1195000,0.0,0.0,0.02645483459498954
2007-05-02,2601.3245570095205,2607.986079562682,2564.686182967133,2574.678466796875,1294000,0.0,0.0,-0.0038658481638944586
2007-05-07,2637.9627454935453,2651.2857896627047,2634.6319844512554,2644.624267578125,896000,0.0,0.0,0.027166810024347843
2007-05-08,2621.3093751239294,2637.963183098033,2614.6478519342877,2624.64013671875,483000,0.0,0.0,-0.007556510429239882
2007-05-09,2611.316795875959,2627.9706019721066,2604.6552734375,2604.6552734375,600000,0.0,0.0,-0.0076143251037205095
2007-05-10,2604.655516635497,2614.6478012261705,2588.001708984375,2588.001708984375,378000,0.0,0.0,-0.0063937691190690815
2007-05-11,2558.0244140625,2574.6782188415527,2554.6936531066895,2558.0244140625,490000,0.0,0.0,-0.011583182042657625
2007-05-14,2597.9928612524222,2597.9928612524222,2568.0160205456637,2578.00830078125,308000,0.0,0.0,0.0078122345544828775
2007-05-15,2594.662750593134,2654.6164470124877,2574.6781851200167,2621.308837890625,913000,0.0,0.0,0.016796120127407388
2007-05-16,2657.9471209716794,2671.27016418457,2657.9471209716794,2664.608642578125,552000,0.0,0.0,0.01651839114171061
2007-05-17,2754.539265171763,2791.1776350833584,2744.5469824686006,2784.51611328125,1052000,0.0,0.0,0.045000030693854276
2007-05-18,2727.893165727771,2744.5469701583434,2724.562404841656,2734.5546875,686000,0.0,0.0,-0.017942588136929838
2007-05-21,2737.8854030539774,2767.8622505326707,2704.5777947443185,2747.877685546875,444000,0.0,0.0,0.004872090548335484
2007-05-22,2734.5545879359356,2747.877630995307,2721.2315448765644,2727.89306640625,440000,0.0,0.0,-0.007272746980602096
2007-05-23,2777.8550797506687,2824.485740561831,2761.2012723181106,2801.17041015625,693000,0.0,0.0,0.026862249350021683
2007-05-24,2777.8545873759026,2784.5161091681707,2761.2007828952314,2767.8623046875,563000,0.0,0.0,-0.011890781563300923
2007-05-25,2741.216159429783,2744.5469202553354,2707.908551174257,2731.223876953125,711000,0.0,0.0,-0.01323708468890461
2007-05-28,2771.193065583634,2777.8545873759026,2764.531543791366,2767.8623046875,263000,0.0,0.0,0.013414655621438065
2007-05-29,2764.5318368765024,2771.193359375,2761.2010756272534,2771.193359375,296000,0.0,0.0,0.0012034755781957784
2007-05-30,2761.2008285430206,2767.8623504454163,2744.5470237870313,2754.539306640625,311000,0.0,0.0,-0.006009704331180643
2007-05-31,2781.184835994945,2831.146240234375,2781.184835994945,2831.146240234375,908000,0.0,0.0,0.02781116007641149
2007-06-01,2834.478174282869,2874.447314225753,2834.478174282869,2861.124267578125,768000,0.0,0.0,0.01058865378189311
2007-06-04,2881.108544129762,2894.431589420535,2871.1162601616816,2874.447021484375,512000,0.0,0.0,0.0046564750986952674
2007-06-05,2841.1394022815634,2841.1394022815634,2817.82407307175,2824.485595703125,719000,0.0,0.0,-0.017381230340244636
2007-06-06,2844.469970703125,2851.1314928827574,2831.1469263438594,2844.469970703125,461000,0.0,0.0,0.0070754034045710235
2007-06-07,2811.1616785386027,2834.4770005170035,2811.1616785386027,2831.146240234375,712000,0.0,0.0,-0.0046840819576156045
2007-06-08,2784.51669945182,2791.17822265625,2781.1859378496047,2791.17822265625,1985000,0.0,0.0,-0.014117256470233208
2007-06-11,2817.8241681780137,2817.8241681780137,2787.847315325056,2797.839599609375,437000,0.0,0.0,0.002386582447173824
2007-06-12,2807.83153235394,2807.83153235394,2737.885551120924,2757.8701171875,698000,0.0,0.0,-0.014285837696862758
2007-06-13,2724.5628925166466,2771.1935532687653,2724.5628925166466,2751.208984375,814000,0.0,0.0,-0.002415317810286588
2007-06-14,2787.8474610540347,2801.1705074628953,2787.8474610540347,2791.17822265625,441000,0.0,0.0,0.014527881563431988
2007-06-15,2807.8318838936943,2807.8318838936943,2794.508838181269,2797.839599609375,333000,0.0,0.0,0.002386582447173824
2007-06-18,2857.793408882867,2877.777978175754,2854.4626473340527,2871.116455078125,841000,0.0,0.0,0.02619051338003109
2007-06-19,2921.077392578125,2924.408153573083,2911.085109593251,2921.077392578125,843000,0.0,0.0,0.01740122293250579
2007-06-20,2977.7005356297345,2987.6928193063445,2957.715968276515,2967.708251953125,1113000,0.0,0.0,0.015963582304761914
2007-06-21,2971.038914203107,2971.038914203107,2947.723586401065,2961.046630859375,806000,0.0,0.0,-0.0022447021500060504
2007-06-22,2991.023636688603,3024.331249569322,2987.6928754005307,3021.00048828125,867000,0.0,0.0,0.020247522209562385
2007-06-25,3077.623430178473,3077.623430178473,3017.6697269931783,3021.00048828125,1138000,0.0,0.0,0.0
2007-06-26,3007.6765568513624,3030.9918789974968,2961.0459125590933,2994.353515625,1219000,0.0,0.0,-0.008820578731985051
2007-06-27,2971.0389111549066,2974.369672266067,2944.392822265625,2944.392822265625,886000,0.0,0.0,-0.01668496825731247
2007-06-28,2977.6997140920466,2997.6842759315905,2967.7074331722747,2994.353515625,523000,0.0,0.0,0.01696808013576523
2007-06-29,3020.999054158982,3054.3066512279893,2974.368418262371,2991.022216796875,778000,0.0,0.0,-0.0011125268979570446
2007-07-02,3021.0003459104046,3047.6464349592284,3007.6773013859925,3044.315673828125,621000,0.0,0.0,0.017817807146990328
2007-07-03,3021.0010213085307,3107.600830078125,3021.0010213085307,3107.600830078125,802000,0.0,0.0,0.020787974385856334
2007-07-04,3147.5687210178176,3210.8531714933083,3144.237960466476,3204.191650390625,1097000,0.0,0.0,0.031082119485104975
2007-07-05,3230.838180763134,3284.1303569406705,3197.530570652174,3217.51513671875,1652000,0.0,0.0,0.004158142764806527
2007-07-06,3244.1608939088032,3264.1454579369893,3204.191765852432,3260.814697265625,1410000,0.0,0.0,0.013457453564937216
2007-07-09,3307.4454121191898,3320.7684550683102,3290.791608432789,3314.10693359375,1076000,0.0,0.0,0.016343227467912724
2007-07-10,3297.4537607982443,3314.1075676709625,3280.7999539255256,3307.446044921875,819000,0.0,0.0,-0.0020098593091116834
2007-07-11,3254.1548365938943,3257.485598965024,3240.831787109375,3240.831787109375,922000,0.0,0.0,-0.020140693727952685
2007-07-12,3267.4770041725856,3300.7846188940184,3257.4847197561553,3297.453857421875,922000,0.0,0.0,0.017471462276356986
2007-07-13,3384.053415068069,3384.053415068069,3344.084280244431,3364.06884765625,1130000,0.0,0.0,0.02020194765862726
2007-07-17,3277.4684559384536,3300.7837803201296,3267.4761740605927,3274.1376953125,1312000,0.0,0.0,-0.02673285132270853
2007-07-18,3200.861079132208,3234.1686866153736,3177.5457538939922,3184.207275390625,1433000,0.0,0.0,-0.027466902216918387
2007-07-19,3284.1304815383187,3364.0687488374256,3284.1304815383187,3357.4072265625,1371000,0.0,0.0,0.05439342862836316
2007-07-20,3470.6531799432223,3510.622314453125,3470.6531799432223,3510.622314453125,1236000,0.0,0.0,0.04563494314256755
2007-07-23,3517.283939669325,3550.591552734375,3517.283939669325,3550.591552734375,755000,0.0,0.0,0.011385228800232294
2007-07-24,3630.529052734375,3650.5136163274083,3583.8984043506307,3630.529052734375,826000,0.0,0.0,0.022513854047345516
2007-07-25,3577.237063144116,3757.0981445312505,3577.237063144116,3757.09814453125,1734000,0.0,0.0,0.034862437390921874
2007-07-26,4036.8822329661884,4090.174407658811,4010.236145619877,4063.5283203125,1732000,0.0,0.0,0.08156033299989329
2007-07-27,3976.9278811123704,3996.9124433290153,3850.358987073618,3857.0205078125,1662000,0.0,0.0,-0.05081982853859346
2007-07-30,3790.4048547922857,3923.63525390625,3630.5283758555283,3923.63525390625,1560000,0.0,0.0,0.017271037568719283
2007-07-31,4010.2359556647293,4010.2359556647293,3837.0363961177477,3903.651611328125,842000,0.0,0.0,-0.005093144822325146
2007-08-01,3803.729631633587,3823.714200626408,3690.483740674268,3697.145263671875,1024000,0.0,0.0,-0.05290081396018609
2007-08-02,3763.7598639213193,3783.744429570459,3424.0222478859437,3557.252685546875,1974000,0.0,0.0,-0.03783799882022043
2007-08-03,3590.56094244462,3683.822265625,3530.607234685805,3683.822265625,1147000,0.0,0.0,0.03558071108987493
2007-08-06,3550.591089847314,3657.1754377601787,3523.9450028690976,3650.513916015625,1046000,0.0,0.0,-0.009041790620624268
2007-08-07,3743.77637072577,3750.437894517097,3630.5304662732115,3677.1611328125,833000,0.0,0.0,0.0072995795687746945
2007-08-08,3697.1450323807567,3797.06787109375,3683.8219872190243,3797.06787109375,712000,0.0,0.0,0.032608508017579974
2007-08-09,3830.3744139748374,3850.358976134706,3683.8209581358,3710.467041015625,1101000,0.0,0.0,-0.022807290524722523
2007-08-10,3537.2669932243907,3590.5591513144004,3377.3905189543616,3450.667236328125,1226000,0.0,0.0,-0.07001808716144475
2007-08-13,3523.9454622823346,3557.253075347385,3503.9608944433044,3550.591552734375,562000,0.0,0.0,0.028957969448418996
2007-08-14,3650.513800005541,3770.421187596964,3630.5292354069707,3757.09814453125,1060000,0.0,0.0,0.058161179265421525
2007-08-15,3683.8219514666866,3717.1295640477597,3523.9454110775355,3530.60693359375,1402000,0.0,0.0,-0.06028354922459922
2007-08-16,3350.745325903799,3450.6681487438723,3310.7761967677698,3397.3759765625,1597000,0.0,0.0,-0.037735992574975286
2007-08-17,3237.500390625,3257.4849609375,3064.30078125,3064.30078125,2211000,0.0,0.0,-0.09803895642115801
2007-08-20,3250.8231892903646,3307.446134185791,3197.531005859375,3197.531005859375,1549000,0.0,0.0,0.043478181197025734
2007-08-21,3270.8077212633843,3357.407518364044,3254.153914128642,3344.08447265625,1254000,0.0,0.0,0.04583332156226794
2007-08-22,3384.053608295796,3390.715131146772,3304.115334084084,3327.4306640625,698000,0.0,0.0,-0.004980080117570007
2007-08-23,3517.284471198694,3570.57666015625,3497.2999003396103,3570.57666015625,867000,0.0,0.0,0.07307319690228797
2007-08-24,3563.914133336422,3657.1754377601787,3517.2834811245434,3650.513916015625,758000,0.0,0.0,0.02238777191129593
2007-08-27,3703.8064378415297,3703.8064378415297,3623.868169398907,3657.17578125,779000,0.0,0.0,0.0018249116118000952
2007-08-28,3597.2223643623156,3677.160639125923,3590.5608414653484,3610.54541015625,674000,0.0,0.0,-0.012750377308309746
2007-08-29,3390.714223206159,3450.667912810983,3377.391181071754,3430.683349609375,1074000,0.0,0.0,-0.04981575914844716
2007-08-30,3557.2532215548636,3570.5762673284776,3517.2840842340224,3543.93017578125,694000,0.0,0.0,0.03300999090597201
2007-08-31,3510.6229475789996,3577.2381837759444,3510.6229475789996,3570.57666015625,675000,0.0,0.0,0.007518907837716027
2007-09-03,3570.5756753177966,3577.2371971001057,3523.9450228416313,3537.26806640625,442000,0.0,0.0,-0.009328631456562042
2007-09-04,3490.636892865795,3510.62145522953,3417.360164198765,3437.3447265625,495000,0.0,0.0,-0.028248732628643802
2007-09-05,3503.9599344416183,3510.62145522953,3417.360164198765,3437.3447265625,514000,0.0,0.0,0.0
2007-09-06,3370.730072821571,3557.252685546875,3357.407029055478,3557.252685546875,789000,0.0,0.0,0.03488389106212475
2007-09-07,3543.9308615902646,3563.9154341180297,3477.3156198310494,3523.9462890625,548000,0.0,0.0,-0.009362954906099064
2007-09-10,3364.0685728209623,3470.652923643013,3324.0994412626937,3444.0068359375,714000,0.0,0.0,-0.022684640050591343
2007-09-11,3477.314445569391,3490.637489422147,3397.3761824528533,3444.0068359375,499000,0.0,0.0,0.0
2007-09-12,3503.9593944181347,3503.9593944181347,3430.6826770443713,3450.667236328125,501000,0.0,0.0,0.0019339103282620673
2007-09-13,3483.975784970238,3497.298828125,3457.3296986607143,3497.298828125,346000,0.0,0.0,0.01351378982764384
2007-09-14,3563.9130586149026,3690.48193359375,3563.9130586149026,3690.48193359375,2106000,0.0,0.0,0.05523780350571905
2007-09-18,3697.144585065944,3743.7752374901993,3697.144585065944,3717.129150390625,563000,0.0,0.0,0.007220524927736616
2007-09-19,3923.63525390625,3923.63525390625,3896.9891740834573,3923.63525390625,771000,0.0,0.0,0.05555526729382643
2007-09-20,3877.0055252439743,3903.6516113281255,3863.682482201899,3903.651611328125,448000,0.0,0.0,-0.005093144822325146
2007-09-21,3837.0361328125,3850.3591749403213,3777.0824432373047,3837.0361328125,474000,0.0,0.0,-0.017064913867393172
2007-09-25,3873.09642650463,3966.5849609375005,3799.6411494502318,3966.5849609375,434000,14.0,0.0,0.03376273343301617
2007-09-26,3973.2628843377665,3993.296142578125,3939.8741206038358,3993.296142578125,401000,0.0,0.0,0.0067340500464943
2007-09-27,4040.04086710612,4066.7518811035156,3999.974346110026,4006.652099609375,437000,0.0,0.0,0.003344594679278501
2007-09-28,4026.684696479132,4026.684696479132,3953.229420092282,3979.9404296875,284000,0.0,0.0,-0.006666830375534505
2007-10-01,3973.2627315424743,4006.6514939924114,3946.551721582525,3959.9072265625,499000,0.0,0.0,-0.005033543460994161
2007-10-02,4020.008321875,4173.5966796875,3993.2973031250003,4173.5966796875,907000,0.0,0.0,0.053963247343675524
2007-10-03,4240.3728473297215,4327.18363003096,4233.695094814242,4313.828125,864000,0.0,0.0,0.03359966380915358
2007-10-04,4307.150445385514,4327.183703271028,4260.406176985981,4287.1171875,606000,0.0,0.0,-0.006191933643624248
2007-10-05,4240.373196396531,4247.050949461723,4173.595665744617,4186.951171875,828000,0.0,0.0,-0.02336442211494827
2007-10-09,4320.505655859994,4340.5389123786645,4193.628364575079,4213.66162109375,549000,0.0,0.0,0.006379450851534241
2007-10-10,4247.049934003996,4387.28271484375,4227.016679598317,4387.28271484375,723000,0.0,0.0,0.04120432758075454
2007-10-11,4420.671834074693,4641.037650576906,4400.6385780290375,4621.00439453125,1083000,0.0,0.0,0.05327253675646104
2007-10-12,4605.912435019405,4605.912435019405,4500.8046875,4500.8046875,1083000,0.0,0.0,-0.026011597646066087
2007-10-15,4667.749271007066,4774.5933172676005,4627.682753659366,4754.56005859375,958000,0.0,0.0,0.05638000062488824
2007-10-16,4750.048035031208,4750.048035031208,4681.103515625,4681.103515625,958000,0.0,0.0,-0.015449703455944208
2007-10-17,4702.942699228474,4702.942699228474,4547.54931640625,4547.54931640625,958000,0.0,0.0,-0.028530494737610712
2007-10-18,4614.328346162683,4614.328346162683,4500.806519990809,4540.873046875,716000,0.0,0.0,-0.001468102722308906
2007-10-19,4449.829511372008,4449.829511372008,4413.99462890625,4413.99462890625,716000,0.0,0.0,-0.027941414934748443
2007-10-22,4280.438295329275,4360.5713055382475,4253.727291926284,4353.8935546875,685000,0.0,0.0,-0.013616027945562492
2007-10-23,4373.927990322738,4373.927990322738,4280.439453125,4280.439453125,685000,0.0,0.0,-0.016870899722253863
2007-10-24,4480.770702699791,4607.647965518415,4480.770702699791,4600.97021484375,941000,0.0,0.0,0.07488267623660505
2007-10-25,4607.649268557486,4661.0712890625,4607.649268557486,4661.0712890625,941000,0.0,0.0,0.01306269578204411
2007-10-26,4497.199667702523,4527.5166015625,4497.199667702523,4527.5166015625,941000,0.0,0.0,-0.028653217086251126
2007-10-29,4627.683285216855,4747.8828510666435,4614.327777900212,4734.52734375,838000,0.0,0.0,0.04572280135119944
2007-10-30,4786.813382074324,4787.94873046875,4786.813382074324,4787.94873046875,838000,0.0,0.0,0.011283362169039135
2007-10-31,4721.171202847149,4794.62648323091,4674.426933512029,4787.94873046875,607000,0.0,0.0,0.0
2007-11-01,4801.771248785302,4814.6591796875,4801.771248785302,4814.6591796875,607000,0.0,0.0,0.005578683215376579
2007-11-02,4732.576752479127,4732.576752479127,4707.81591796875,4707.81591796875,607000,0.0,0.0,-0.022191240902265652
2007-11-05,4727.849078262062,4741.204584132858,4514.160984329314,4567.5830078125,717000,0.0,0.0,-0.029787254344633585
2007-11-06,4664.744256405227,4664.744256405227,4587.6162109375,4587.6162109375,717000,0.0,0.0,0.004385952721764452
2007-11-07,4555.296176439286,4555.296176439286,4507.4833984375,4507.4833984375,717000,0.0,0.0,-0.017467200571170793
2007-11-08,4507.483101489029,4507.483101489029,4260.40625,4260.40625,717000,0.0,0.0,-0.05481487708266397
2007-11-09,4273.762723941369,4273.762723941369,4100.14111328125,4100.14111328125,717000,0.0,0.0,-0.03761733677832957
2007-11-12,4086.784872249681,4086.784872249681,3926.518798828125,3926.518798828125,717000,0.0,0.0,-0.04234544852388722
2007-11-13,3966.5857516061233,3966.5857516061233,3946.552490234375,3946.552490234375,717000,0.0,0.0,0.005102150895655688
2007-11-14,4304.212317796282,4304.212317796282,4280.439453125,4280.439453125,717000,0.0,0.0,0.08460218474651438
2007-11-15,4347.216501617432,4360.572005462646,4273.76123046875,4273.76123046875,717000,0.0,0.0,-0.0015601722041354016
2007-11-16,4230.356389680456,4230.356389680456,4073.42919921875,4073.42919921875,717000,0.0,0.0,-0.04687487682320224
2007-11-19,4127.519617959166,4127.519617959166,3946.552490234375,3946.552490234375,717000,0.0,0.0,-0.03114739517473608
2007-11-20,3916.2388237632313,4093.46240234375,3916.2388237632313,4093.46240234375,717000,0.0,0.0,0.037224872207552995
2007-11-21,4103.412841409546,4103.412841409546,3953.230224609375,3953.230224609375,717000,0.0,0.0,-0.03425759514832327
2007-11-22,3895.8682342676125,4006.652099609375,3895.8682342676125,4006.652099609375,717000,0.0,0.0,0.013513474289314598
2007-11-26,4126.8523968750005,4227.0187171875,4106.8191328125,4173.5966796875,493000,0.0,0.0,0.041666852007041344
2007-11-27,4173.595360457608,4173.595360457608,4120.17333984375,4120.17333984375,717000,0.0,0.0,-0.012800312043508288
2007-11-28,4162.710662973272,4162.710662973272,4153.56201171875,4153.56201171875,717000,0.0,0.0,0.008103705626197222
2007-11-29,4163.579970822765,4360.57373046875,4163.579970822765,4360.57373046875,717000,0.0,0.0,0.049839563768626194
2007-11-30,4361.106498545338,4487.44970703125,4361.106498545338,4487.44970703125,717000,0.0,0.0,0.029096165872847468
2007-12-03,4515.830514989299,4534.1943359375,4515.830514989299,4534.1943359375,717000,0.0,0.0,0.010416747141033689
2007-12-04,4507.483231393915,4567.5830078125,4480.772219652321,4567.5830078125,717000,0.0,0.0,0.007363749632512517
2007-12-05,4570.186018269855,4570.186018269855,4480.77099609375,4480.77099609375,717000,0.0,0.0,-0.01900611583199796
2007-12-06,4467.683850127221,4534.1943359375,4467.683850127221,4534.1943359375,717000,0.0,0.0,0.011922800761369645
2007-12-07,4528.852544066846,4560.90576171875,4528.852544066846,4560.90576171875,717000,0.0,0.0,0.00589110739465637
2007-12-10,4567.24868569171,4567.24868569171,4547.54931640625,4547.54931640625,717000,0.0,0.0,-0.0029284633382704595
2007-12-11,4460.003124923287,4480.77099609375,4460.003124923287,4480.77099609375,717000,0.0,0.0,-0.014684463139648218
2007-12-12,4387.282663796165,4407.31591796875,4387.282663796165,4407.31591796875,717000,0.0,0.0,-0.016393401534922636
2007-12-13,4413.994412732199,4413.994412732199,4313.828125,4313.828125,717000,0.0,0.0,-0.021211956371812946
2007-12-14,4387.2828357872595,4393.960587439904,4340.53857421875,4340.53857421875,717000,0.0,0.0,0.006191820453845809
2007-12-17,4370.321534901014,4370.321534901014,4293.79443359375,4293.79443359375,717000,0.0,0.0,-0.010769202905520414
2007-12-18,4227.017709165336,4273.761980830671,4146.88467202476,4180.2734375,556000,0.0,0.0,-0.02643838633856932
2007-12-19,4143.479940834427,4173.5966796875,4143.479940834427,4173.5966796875,717000,0.0,0.0,-0.0015972059991590237
2007-12-20,4186.95181792079,4186.95181792079,4133.52978515625,4133.52978515625,717000,0.0,0.0,-0.009600087791484913
2007-12-21,4114.2970798991555,4287.1171875,4114.2970798991555,4287.1171875,717000,0.0,0.0,0.03715647650472764
2007-12-25,4381.539732387608,4407.31591796875,4381.539732387608,4407.31591796875,717000,0.0,0.0,0.028037192642929032
2007-12-26,4440.705439249675,4487.44970703125,4440.705439249675,4487.44970703125,717000,0.0,0.0,0.018181993429559284
2007-12-27,4474.5617569673295,4494.12744140625,4474.5617569673295,4494.12744140625,717000,0.0,0.0,0.0014880911900887472
2007-12-28,4413.994555480498,4480.772082794878,4400.639050017622,4440.70556640625,378000,0.0,0.0,-0.011887040520436098
2008-01-04,4280.439070958415,4307.150079201525,4140.206277682087,4240.37255859375,723000,0.0,0.0,-0.04511287785617013
2008-01-07,4199.905984404768,4199.905984404768,3999.97412109375,3999.97412109375,717000,0.0,0.0,-0.05669276323675776
2008-01-08,3986.619279661017,3986.619279661017,3939.8750000000005,3939.875,717000,0.0,0.0,-0.01502487748028647
2008-01-09,3946.5520961041843,3999.97412109375,3946.5520961041843,3999.97412109375,717000,0.0,0.0,0.015254067982803932
2008-01-10,4086.7851416015624,4086.7851416015624,4006.652099609375,4006.652099609375,717000,0.0,0.0,0.0016695054301498757
2008-01-11,4009.0561560815772,4009.0561560815772,4006.652099609375,4006.652099609375,717000,0.0,0.0,0.0
2008-01-15,3993.617226996988,3993.617226996988,3939.8750000000005,3939.875,717000,0.0,0.0,-0.016666558001351195
2008-01-16,3732.8636248553244,3759.5746346932874,3605.986328125,3605.986328125,820000,0.0,0.0,-0.08474600637710583
2008-01-17,3517.5161174794116,3552.564208984375,3517.5161174794116,3552.564208984375,820000,0.0,0.0,-0.014814842398030659
2008-01-18,3459.0756036931816,3672.7636718749995,3459.0756036931816,3672.763671875,820000,0.0,0.0,0.0338345645060103
2008-01-21,3598.5739116260593,3598.5739116260593,3532.5310058593745,3532.531005859375,820000,0.0,0.0,-0.03818178313227383
2008-01-22,3338.876391214038,3387.623986525763,3312.1653800843255,3365.58740234375,820000,0.0,0.0,-0.04725892093762718
2008-01-23,3618.272994814816,3639.374755859375,3618.272994814816,3639.374755859375,820000,0.0,0.0,0.08134905464792364
2008-01-24,3619.3417317096455,3619.3417317096455,3552.564208984375,3552.564208984375,820000,0.0,0.0,-0.023853148603406482
2008-01-25,3583.2767258137465,3583.2767258137465,3472.431884765625,3472.431884765625,820000,0.0,0.0,-0.022556193077692077
2008-01-28,3424.151841118234,3424.151841118234,3138.544189453125,3138.544189453125,820000,0.0,0.0,-0.0961538502100916
2008-01-29,3184.5543146999285,3308.827392578125,3184.5543146999285,3308.827392578125,820000,0.0,0.0,0.05425547414537779
2008-01-30,3286.455538076269,3372.2646484375005,3286.455538076269,3372.2646484375,820000,0.0,0.0,0.019172126053377037
2008-01-31,3404.9509686220713,3505.819580078125,3404.9509686220713,3505.819580078125,820000,0.0,0.0,0.039603929573708285
2008-02-01,3539.209228515625,3539.209228515625,3539.209228515625,3539.209228515625,820000,0.0,0.0,0.009524063539161354
2008-02-04,3533.532133687135,3533.532133687135,3358.908935546875,3358.908935546875,820000,0.0,0.0,-0.050943666035921154
2008-02-05,3354.3021363019698,3354.3021363019698,3252.065673828125,3252.065673828125,820000,0.0,0.0,-0.03180891883910353
2008-02-06,3081.716584982872,3088.461181640625,3081.716584982872,3088.461181640625,820000,0.0,0.0,-0.050307868473921435
2008-02-07,3108.49457934779,3125.18896484375,3108.49457934779,3125.18896484375,820000,0.0,0.0,0.01189193615948736
2008-02-08,3119.7127275208613,3161.916259765625,3119.7127275208613,3161.916259765625,820000,0.0,0.0,0.0117520237448141
2008-02-12,3173.80315362723,3173.80315362723,3118.511474609375,3118.511474609375,820000,0.0,0.0,-0.013727367074378938
2008-02-13,3239.0444140523487,3239.0444140523487,3211.99951171875,3211.99951171875,820000,0.0,0.0,0.02997841690516312
2008-02-14,3380.2777795054612,3439.0419921875,3380.2777795054612,3439.0419921875,820000,0.0,0.0,0.07068571450288275
2008-02-15,3425.6871821921845,3452.398193359375,3385.620665441399,3452.398193359375,820000,0.0,0.0,0.0038836981933387804
2008-02-18,3479.1100639447777,3479.1100639447777,3412.33251953125,3412.33251953125,820000,0.0,0.0,-0.011605171705045714
2008-02-19,3465.7548828125,3465.7548828125,3465.7548828125,3465.7548828125,820000,0.0,0.0,0.015655673348208277
2008-02-20,3493.4657539636946,3493.4657539636946,3405.6533203124995,3405.6533203125,820000,0.0,0.0,-0.01734155026313544
2008-02-21,3545.8869066559864,3565.9201660156245,3539.209153536107,3565.920166015625,820000,0.0,0.0,0.047059060517768536
2008-02-22,3564.5174022956608,3612.6640625,3564.5174022956608,3612.6640625,820000,0.0,0.0,0.013108508970520294
2008-02-25,3717.772189054153,3746.2194824218745,3717.772189054153,3746.219482421875,820000,0.0,0.0,0.0369686795149875
2008-02-26,3747.3547590438884,3859.7412109375,3747.3547590438884,3859.7412109375,820000,0.0,0.0,0.03030301055458584
2008-02-27,3858.3387208390022,3858.3387208390022,3806.3190917968745,3806.319091796875,820000,0.0,0.0,-0.013840855182010836
2008-02-28,3837.7719630061,3837.7719630061,3772.930908203125,3772.930908203125,820000,0.0,0.0,-0.00877177734933099
2008-02-29,3762.5802733000846,3762.5802733000846,3559.24267578125,3559.24267578125,820000,0.0,0.0,-0.056637197346305235
2008-03-03,3565.91924586809,3565.91924586809,3352.2312011718745,3352.231201171875,820000,0.0,0.0,-0.05816166343980356
2008-03-04,3352.2330465739406,3465.7548828125,3352.2330465739406,3465.7548828125,820000,0.0,0.0,0.03386511097472611
2008-03-05,3499.142190804159,3552.564208984375,3499.142190804159,3552.564208984375,820000,0.0,0.0,0.02504773970091856
2008-03-06,3706.152624092309,3706.152624092309,3692.797119140625,3692.797119140625,820000,0.0,0.0,0.03947371585898529
2008-03-07,3545.8875509631953,3545.8875509631953,3512.498779296875,3512.498779296875,820000,0.0,0.0,-0.0488243285582145
2008-03-10,3439.042534828186,3452.39803981781,3404.652109479904,3419.00927734375,820000,0.0,0.0,-0.02661623756402831
2008-03-11,3459.075694628355,3545.8864746093755,3398.9759238722636,3545.886474609375,820000,0.0,0.0,0.03710934571204105
2008-03-12,3652.730595341435,3652.730595341435,3585.953070746528,3605.986328125,262000,0.0,0.0,0.01694917588196221
2008-03-13,3479.108765598401,3479.108765598401,3372.264734409199,3432.364501953125,310000,0.0,0.0,-0.04814822086753523
2008-03-14,3425.6864723382996,3445.7197265625005,3425.6864723382996,3445.7197265625,310000,0.0,0.0,0.0038909692143056507
2008-03-17,3472.5647031787494,3472.5647031787494,3245.387451171875,3245.387451171875,310000,0.0,0.0,-0.05813945743941262
2008-03-18,3238.9772792456492,3315.50439453125,3238.9772792456492,3315.50439453125,310000,0.0,0.0,0.0216051070678962
2008-03-19,3312.164353788241,3492.463623046875,3312.164353788241,3492.463623046875,310000,0.0,0.0,0.05337324505059016
2008-03-21,3479.109204526566,3479.109204526566,3452.398193359375,3452.398193359375,310000,0.0,0.0,-0.011471967645734993
2008-03-24,3459.0763715847793,3559.24267578125,3459.0763715847793,3559.24267578125,310000,0.0,0.0,0.03094790242544687
2008-03-25,3634.968466528559,3634.968466528559,3599.309326171875,3599.309326171875,310000,0.0,0.0,0.011257071810039099
2008-03-26,3583.7596202637455,3583.7596202637455,3566.5744628906255,3566.574462890625,310000,112.0,0.0,-0.009094762443234039
2008-03-27,3456.5101891921227,3484.74267578125,3456.5101891921227,3484.74267578125,310000,0.0,0.0,-0.022944084852514868
2008-03-28,3478.400481690372,3552.93701171875,3478.400481690372,3552.93701171875,310000,0.0,0.0,0.01956940362094639
2008-03-31,3505.2005531296045,3505.2005531296045,3471.103271484375,3471.103271484375,310000,0.0,0.0,-0.023032702230425306
2008-04-01,3517.612358499168,3552.93701171875,3517.612358499168,3552.93701171875,310000,0.0,0.0,0.02357571464572983
2008-04-02,3539.296849512792,3723.422119140625,3539.296849512792,3723.422119140625,310000,0.0,0.0,0.047984275223444506
2008-04-03,3744.972506824827,3744.972506824827,3675.686767578125,3675.686767578125,310000,0.0,0.0,-0.012820290054439853
2008-04-04,3715.376031389419,3737.061767578125,3715.376031389419,3737.061767578125,310000,0.0,0.0,0.016697559906727166
2008-04-07,3760.4527591236956,3839.35400390625,3760.4527591236956,3839.35400390625,310000,0.0,0.0,0.02737236970916257
2008-04-08,3857.6973761061754,3857.6973761061754,3750.7001953125,3750.7001953125,310000,0.0,0.0,-0.023090813846170843
2008-04-09,3758.6105633506004,3758.6105633506004,3709.783203125,3709.783203125,310000,0.0,0.0,-0.010909160971766418
2008-04-10,3688.84690316511,3777.977294921875,3688.84690316511,3777.977294921875,310000,0.0,0.0,0.018382230999221427
2008-04-11,3766.521600816357,3784.797607421875,3766.521600816357,3784.797607421875,310000,0.0,0.0,0.0018052814952507212
2008-04-14,3774.0911826774345,3812.07568359375,3774.0911826774345,3812.07568359375,310000,0.0,0.0,0.007207274734686964
2008-04-15,3681.0050628501676,3681.0050628501676,3648.4082031249995,3648.408203125,310000,0.0,0.0,-0.04293395358679131
2008-04-16,3656.660140245331,3656.660140245331,3559.7556152343755,3559.755615234375,310000,0.0,0.0,-0.024298977240181263
2008-04-17,3659.628760475804,3659.628760475804,3587.0341796875,3587.0341796875,310000,0.0,0.0,0.007663044152914189
2008-04-18,3702.9639002987965,3771.158447265625,3702.9639002987965,3771.158447265625,310000,0.0,0.0,0.0513305026812334
2008-04-21,3951.3300125539504,4023.479736328125,3951.3300125539504,4023.479736328125,310000,0.0,0.0,0.06690816431896462
2008-04-22,4005.203099757423,4005.203099757423,3962.10400390625,3962.10400390625,310000,0.0,0.0,-0.01525439083679525
2008-04-23,4033.0808427927846,4033.0808427927846,3996.201171875,3996.201171875,310000,0.0,0.0,0.008605823556154357
2008-04-24,4007.0437853010044,4007.0437853010044,3968.923095703125,3968.923095703125,310000,0.0,0.0,-0.006826001744821175
2008-04-25,3879.7243586125182,3893.90869140625,3879.7243586125182,3893.90869140625,310000,0.0,0.0,-0.018900442887917812
2008-04-28,3938.303916727753,3938.303916727753,3934.825927734375,3934.825927734375,310000,0.0,0.0,0.010508011248036686
2008-04-30,3928.0058318661972,3928.0058318661972,3873.4501953125,3873.4501953125,310000,0.0,0.0,-0.01559808071540647
2008-05-01,3808.1890691239346,3808.1890691239346,3805.2568359374995,3805.2568359375,310000,0.0,0.0,-0.017605327533970816
2008-05-02,3837.102635651071,3873.4501953125,3837.102635651071,3873.4501953125,310000,0.0,0.0,0.01792082960891639
2008-05-07,3976.4931229091144,3976.4931229091144,3962.10400390625,3962.10400390625,6000,0.0,0.0,0.022887556086570005
2008-05-08,3989.3834270608836,3989.3834270608836,3955.2861328125,3955.2861328125,6000,0.0,0.0,-0.0017207703500534688
2008-05-09,3940.4181347065087,3940.4181347065087,3928.006591796875,3928.006591796875,6000,0.0,0.0,-0.006896982948798036
2008-05-12,3900.728401834239,3921.186767578125,3900.728401834239,3921.186767578125,6000,0.0,0.0,-0.0017362048813747144
2008-05-13,3962.1055916621767,3962.1055916621767,3955.2861328125,3955.2861328125,6000,0.0,0.0,0.008696184919402938
2008-05-14,3962.102304553495,3975.7412109374995,3962.102304553495,3975.7412109375,6000,0.0,0.0,0.005171579865058895
2008-05-15,4044.278837812269,4044.278837812269,4037.118408203125,4037.118408203125,6000,0.0,0.0,0.015437925661955232
2008-05-16,4038.208269003894,4084.8532714843745,4038.208269003894,4084.853271484375,6000,0.0,0.0,0.011823993862616566
2008-05-19,4091.673965578969,4166.68798828125,4091.673965578969,4166.68798828125,6000,0.0,0.0,0.020033697995506472
2008-05-20,4196.352624531697,4196.352624531697,4166.68798828125,4166.68798828125,6000,0.0,0.0,0.0
2008-05-21,4030.298472154861,4064.3957519531255,4030.298472154861,4064.395751953125,6000,0.0,0.0,-0.024550011091740154
2008-05-22,4008.2723614759434,4043.9379882812505,4008.2723614759434,4043.93798828125,6000,0.0,0.0,-0.005033408388453342
2008-05-23,4084.171660214379,4084.171660214379,4009.839599609375,4009.839599609375,6000,0.0,0.0,-0.00843197615064506
2008-05-26,4000.224225785574,4016.6591796875,4000.224225785574,4016.6591796875,6000,0.0,0.0,0.0017007114396270229
2008-05-27,4043.937864973738,4043.937864973738,4037.118408203125,4037.118408203125,6000,0.0,0.0,0.00509359335715831
2008-05-28,3997.498516495721,3997.498516495721,3955.2861328125,3955.2861328125,6000,0.0,0.0,-0.02026997157783328
2008-05-29,3943.076321314592,3948.4636230468755,3943.076321314592,3948.463623046875,6000,0.0,0.0,-0.0017249092825488699
2008-05-30,3980.7192785752163,3980.7192785752163,3975.7412109374995,3975.7412109375,6000,0.0,0.0,0.006908405520417604
2008-06-02,3903.184186324546,3903.184186324546,3852.9929199218755,3852.992919921875,6000,0.0,0.0,-0.0308743161345455
2008-06-03,3873.6037917800313,3873.6037917800313,3839.35400390625,3839.35400390625,6000,0.0,0.0,-0.003539823793888952
2008-06-04,3948.9422142209887,3948.9422142209887,3941.645263671875,3941.645263671875,6000,0.0,0.0,0.026642830971447706
2008-06-05,3938.5916125142803,3938.5916125142803,3934.825927734375,3934.825927734375,6000,0.0,0.0,-0.0017300734798106898
2008-06-06,3995.1101049156896,3995.1101049156896,3962.10400390625,3962.10400390625,6000,0.0,0.0,0.00693247342394665
2008-06-09,3880.2697818041265,3893.90869140625,3880.2697818041265,3893.90869140625,6000,0.0,0.0,-0.017211893588044647
2008-06-10,3893.9094042446523,3893.9094042446523,3825.7148437499995,3825.71484375,6000,0.0,0.0,-0.01751295499217842
2008-06-11,3825.714006511567,3859.8112792968745,3825.714006511567,3859.811279296875,6000,0.0,0.0,0.008912435176024136
2008-06-12,3862.608667084885,3866.632080078125,3862.608667084885,3866.632080078125,6000,0.0,0.0,0.0017671332320923216
2008-06-13,3880.270400577121,3928.006591796875,3880.270400577121,3928.006591796875,6000,0.0,0.0,0.015872860527632593
2008-06-16,3934.5524245507786,4050.7558593749995,3934.5524245507786,4050.755859375,6000,0.0,0.0,0.031249761096244333
2008-06-17,4042.3695231090123,4042.3695231090123,4037.118408203125,4037.118408203125,6000,0.0,0.0,-0.0033666435710542064
2008-06-18,4016.182542724827,4037.118408203125,4016.182542724827,4037.118408203125,6000,0.0,0.0,0.0
2008-06-19,4039.390019207725,4084.8532714843745,4039.390019207725,4084.853271484375,6000,0.0,0.0,0.011823993862616566
2008-06-20,4097.197888948486,4097.197888948486,4037.118408203125,4037.118408203125,6000,0.0,0.0,-0.011685820789323897
2008-06-23,4004.247047797116,4050.7558593749995,4004.247047797116,4050.755859375,6000,0.0,0.0,0.0033780161473997428
2008-06-24,4043.9359706966793,4132.5888671875,4043.9359706966793,4132.5888671875,6000,0.0,0.0,0.02020191061949772
2008-06-25,4117.72370432065,4180.326171875,4117.72370432065,4180.326171875,6000,0.0,0.0,0.0115514284681284
2008-06-26,4271.023628536152,4282.61669921875,4271.023628536152,4282.61669921875,6000,0.0,0.0,0.02446950863115771
2008-06-27,4149.2775485247275,4149.2775485247275,4132.5888671875,4132.5888671875,6000,0.0,0.0,-0.035031814091281754
2008-06-30,4162.663171177199,4162.663171177199,4050.7558593749995,4050.755859375,6000,0.0,0.0,-0.01980187491241847
2008-07-01,4085.809516623139,4091.67431640625,4085.809516623139,4091.67431640625,6000,0.0,0.0,0.010101437472848085
2008-07-02,4091.67335911801,4146.22900390625,4091.67335911801,4146.22900390625,6000,0.0,0.0,0.013333096253837606
2008-07-03,4147.04845171785,4173.5078125,4147.04845171785,4173.5078125,6000,0.0,0.0,0.006579185223018369
2008-07-04,4157.20828460068,4180.326171875,4157.20828460068,4180.326171875,6000,0.0,0.0,0.0016337238796051423
2008-07-07,4153.048350198817,4180.326171875,4153.048350198817,4180.326171875,6000,0.0,0.0,0.0
2008-07-08,4082.466321910511,4082.466321910511,4050.7558593749995,4050.755859375,6000,0.0,0.0,-0.030995263807820028
2008-07-09,4057.577142177484,4057.577142177484,3989.382568359375,3989.382568359375,6000,0.0,0.0,-0.01515107134229865
2008-07-10,3989.381694793701,3989.381694793701,3928.006591796875,3928.006591796875,6000,0.0,0.0,-0.015384830988455667
2008-07-11,3928.006723321859,3962.10400390625,3928.006723321859,3962.10400390625,6000,0.0,0.0,0.008680589330115396
2008-07-14,4079.670880188561,4079.670880188561,4016.6591796875,4016.6591796875,6000,0.0,0.0,0.01376924374712618
2008-07-15,4020.2737180966974,4020.2737180966974,3996.201171875,3996.201171875,6000,0.0,0.0,-0.00509328944710008
2008-07-16,3811.939409337579,3825.7148437499995,3811.939409337579,3825.71484375,6000,0.0,0.0,-0.042662098526188186
2008-07-17,3839.830009040156,3839.830009040156,3798.4357910156245,3798.435791015625,6000,0.0,0.0,-0.007130445903186011
2008-07-18,3805.256699859119,3805.256699859119,3743.881591796875,3743.881591796875,6000,0.0,0.0,-0.014362280217500634
2008-07-22,3709.7833549954794,3771.158447265625,3648.4082627253333,3771.158447265625,229000,0.0,0.0,0.007285715319767405
2008-07-23,3887.0890975251214,3887.0890975251214,3859.8112792968745,3859.811279296875,229000,0.0,0.0,0.023508116476922414
2008-07-24,3825.714464366007,3825.714464366007,3791.6171875,3791.6171875,229000,0.0,0.0,-0.017667726959256336
2008-07-25,3767.9532512250207,3767.9532512250207,3682.505615234375,3682.505615234375,229000,0.0,0.0,-0.02877705392446739
2008-07-28,3777.977901962308,3777.977901962308,3771.158447265625,3771.158447265625,229000,0.0,0.0,0.024074052097706744
2008-07-29,3790.4581227817634,3825.7148437499995,3790.4581227817634,3825.71484375,229000,0.0,0.0,0.01446674735290765
2008-07-30,3902.842628624014,3941.645263671875,3902.842628624014,3941.645263671875,229000,0.0,0.0,0.030302943281637518
2008-07-31,3600.67333984375,3600.67333984375,3600.67333984375,3600.67333984375,229000,0.0,0.0,-0.08650497470451957
2008-08-01,3590.6469700055445,3590.6469700055445,3512.018798828125,3512.018798828125,229000,0.0,0.0,-0.02462165618708201
2008-08-04,3505.1992272665334,3518.838134765625,3505.1992272665334,3518.838134765625,229000,0.0,0.0,0.0019417139622872615
2008-08-05,3525.6579937292454,3593.8525390624995,3525.6579937292454,3593.8525390625,229000,0.0,0.0,0.021317946840391233
2008-08-06,3593.8532959437325,3675.686767578125,3593.8532959437325,3675.686767578125,229000,0.0,0.0,0.022770613881940793
2008-08-07,3705.5547398544154,3705.5547398544154,3668.8662109375,3668.8662109375,229000,0.0,0.0,-0.0018555870159521204
2008-08-08,3637.838405431303,3637.838405431303,3627.9501953125,3627.9501953125,229000,0.0,0.0,-0.011152223404337414
2008-08-11,3672.412816457659,3672.412816457659,3648.4082031249995,3648.408203125,229000,0.0,0.0,0.005638999079682128
2008-08-12,3721.5818360084177,3743.881591796875,3721.5818360084177,3743.881591796875,229000,0.0,0.0,0.026168505100415684
2008-08-13,3727.3095667455373,3727.3095667455373,3682.505615234375,3682.505615234375,229000,0.0,0.0,-0.016393674601509645
2008-08-14,3668.7303761634334,3668.7303761634334,3559.7556152343755,3559.755615234375,229000,0.0,0.0,-0.033333282505310535
2008-08-15,3537.387435165197,3537.387435165197,3532.477294921875,3532.477294921875,229000,0.0,0.0,-0.007662975569378783
2008-08-18,3487.878458398122,3487.878458398122,3457.463623046875,3457.463623046875,229000,0.0,0.0,-0.021235429307029374
2008-08-19,3371.334721091151,3371.334721091151,3321.0751953125,3321.0751953125,229000,0.0,0.0,-0.039447538023316464
2008-08-20,3323.324327208223,3430.185302734375,3323.324327208223,3430.185302734375,229000,0.0,0.0,0.0328538503361433
2008-08-21,3372.620671084116,3372.620671084116,3317.665771484375,3317.665771484375,229000,0.0,0.0,-0.032802755921175764
2008-08-22,3315.687173141991,3348.352294921875,3315.687173141991,3348.352294921875,229000,0.0,0.0,0.009249431844899236
2008-08-25,3357.285762426198,3423.3662109375005,3357.285762426198,3423.3662109375,229000,0.0,0.0,0.022403232816747387
2008-08-26,3379.1095209382734,3379.1095209382734,3379.0412597656245,3379.041259765625,229000,0.0,0.0,-0.01294776791050245
2008-08-27,3369.0159104851173,3369.0159104851173,3358.5822753906245,3358.582275390625,229000,0.0,0.0,-0.006054671370428588
2008-08-28,3329.279961616822,3329.279961616822,3283.566650390625,3283.566650390625,229000,0.0,0.0,-0.022335503152524416
2008-08-29,3323.257020751001,3505.1999511718745,3323.257020751001,3505.199951171875,229000,0.0,0.0,0.06749773169820794
2008-09-01,3532.4779527831124,3662.0476074218755,3532.4779527831124,3662.047607421875,229000,0.0,0.0,0.044747135237623636
2008-09-02,3662.048453591087,3662.048453591087,3600.67333984375,3600.67333984375,229000,0.0,0.0,-0.01675954934439894
2008-09-03,3639.7534291261645,3675.686767578125,3639.7534291261645,3675.686767578125,229000,0.0,0.0,0.020833166648110968
2008-09-04,3663.2695126381136,3663.2695126381136,3627.9501953125,3627.9501953125,229000,0.0,0.0,-0.012987116499341478
2008-09-05,3525.657706784739,3525.657706784739,3512.018798828125,3512.018798828125,229000,0.0,0.0,-0.03195506835627582
2008-09-08,3532.477933195002,3607.491943359375,3532.477933195002,3607.491943359375,229000,0.0,0.0,0.02718469062953388
2008-09-09,3614.653337177792,3614.653337177792,3484.74267578125,3484.74267578125,229000,0.0,0.0,-0.03402620698961789
2008-09-10,3385.8598632812495,3392.6793191992383,3355.1723116503017,3385.85986328125,334000,0.0,0.0,-0.028375929501833652
2008-09-11,3324.4837353058338,3324.4837353058338,3276.74755859375,3276.74755859375,334000,0.0,0.0,-0.03222587735269078
2008-09-12,3305.526536419074,3305.526536419074,3304.026123046875,3304.026123046875,334000,0.0,0.0,0.008324890448635047
2008-09-16,3315.414273940745,3315.414273940745,3106.261474609375,3106.261474609375,673000,0.0,0.0,-0.05985565521350278
2008-09-17,3256.2898811200716,3256.2898811200716,3167.636962890625,3167.636962890625,673000,0.0,0.0,0.019758635511831324
2008-09-18,3167.637018995752,3167.637018995752,2997.150634765625,2997.150634765625,673000,0.0,0.0,-0.05382129648134393
2008-09-19,3106.7390389341663,3242.650634765625,3106.7390389341663,3242.650634765625,673000,0.0,0.0,0.08191113157687457
2008-09-22,3372.152019905347,3382.449462890625,3372.152019905347,3382.449462890625,673000,0.0,0.0,0.04311251623167989
2008-09-24,3375.6304602405344,3375.6304602405344,3286.9775390625,3286.9775390625,673000,0.0,0.0,-0.028225676355422946
2008-09-25,3313.73479219949,3313.73479219949,3294.5825195312505,3294.58251953125,673000,66.0,0.0,0.0023136697401708872
2008-09-26,3287.6684356656883,3287.6684356656883,3239.26953125,3239.26953125,673000,0.0,0.0,-0.016789073563444945
2008-09-29,3235.812629775747,3235.812629775747,3121.7294921875,3121.7294921875,673000,0.0,0.0,-0.036285970626576014
2008-09-30,3126.777089300399,3126.777089300399,2979.990234375,2979.990234375,673000,0.0,0.0,-0.04540408070821622
2008-10-01,3000.732069359756,3000.732069359756,2834.79296875,2834.79296875,673000,0.0,0.0,-0.0487240743107511
2008-10-02,2837.766300788154,2837.766300788154,2744.90966796875,2744.90966796875,673000,0.0,0.0,-0.03170718347762935
2008-10-03,2499.942139306677,2506.372314453125,2499.942139306677,2506.372314453125,673000,0.0,0.0,-0.0869017134877681
2008-10-06,2528.427930191341,2528.427930191341,2319.6904296875,2319.6904296875,673000,0.0,0.0,-0.07448290251576528
2008-10-07,2234.682154733503,2388.83251953125,2234.682154733503,2388.83251953125,673000,0.0,0.0,0.02980660219090714
2008-10-08,2400.378235560908,2400.378235560908,2122.6376953125,2122.6376953125,673000,0.0,0.0,-0.11143302095995589
2008-10-09,2260.9207542045656,2399.203369140625,2250.5495580843613,2399.203369140625,310000,0.0,0.0,0.13029339601330703
2008-10-10,2523.6576807776164,2527.11474609375,2523.6576807776164,2527.11474609375,310000,0.0,0.0,0.053314103588868234
2008-10-14,2803.679443359375,2803.679443359375,2803.679443359375,2803.679443359375,0,0.0,0.0,0.10943891554315877
2008-10-15,2736.474839071509,2736.474839071509,2706.88232421875,2706.88232421875,310000,0.0,0.0,-0.03452503080189595
2008-10-16,2665.3967983197012,2665.3967983197012,2430.31640625,2430.31640625,310000,0.0,0.0,-0.10217138569131234
2008-10-17,2326.60546875,2326.60546875,2326.60546875,2326.60546875,310000,0.0,0.0,-0.042673841658348866
2008-10-20,2348.937945199013,2395.74658203125,2348.937945199013,2395.74658203125,310000,0.0,0.0,0.029717592522636505
2008-10-21,2471.0509948837475,2471.0509948837475,2464.8876953125,2464.8876953125,310000,0.0,0.0,0.028859944453151654
2008-10-22,2454.516686900409,2454.516686900409,2274.749267578125,2274.749267578125,310000,0.0,0.0,-0.07713877922144807
2008-10-23,2078.170778457383,2084.611083984375,2078.170778457383,2084.611083984375,310000,0.0,0.0,-0.08358643579043146
2008-10-24,1891.0143708834682,1894.4714355468748,1891.0143708834682,1894.471435546875,310000,0.0,0.0,-0.091211089636001
2008-10-27,1894.4720418961322,1894.4720418961322,1687.048095703125,1687.048095703125,310000,0.0,0.0,-0.1094887660757331
2008-10-28,1578.7035093910547,1706.407470703125,1578.7035093910547,1706.407470703125,310000,0.0,0.0,0.011475295250507722
2008-10-29,1702.189916451284,1913.83154296875,1702.189916451284,1913.83154296875,310000,0.0,0.0,0.12155600337365846
2008-10-30,2115.7235660118076,2122.6376953125,2115.7235660118076,2122.6376953125,310000,0.0,0.0,0.10910372603633034
2008-10-31,2173.1601247857175,2173.1601247857175,2164.122802734375,2164.122802734375,310000,0.0,0.0,0.01954413017044221
2008-11-04,2117.867623901221,2257.4638671875,2117.867623901221,2257.4638671875,843000,0.0,0.0,0.04313113116094347
2008-11-05,2242.529213939028,2509.82958984375,2242.529213939028,2509.82958984375,843000,0.0,0.0,0.11179169966988844
2008-11-06,2491.575551671564,2491.575551671564,2288.57666015625,2288.57666015625,843000,0.0,0.0,-0.0881545625977237
2008-11-07,2305.8627473103024,2305.8627473103024,2236.721435546875,2236.721435546875,843000,0.0,0.0,-0.02265828604834008
2008-11-10,2304.5491299076098,2304.5491299076098,2236.721435546875,2236.721435546875,843000,0.0,0.0,0.0
2008-11-11,2235.4760082836888,2235.4760082836888,2146.8369140625,2146.8369140625,843000,0.0,0.0,-0.04018583631197614
2008-11-12,2164.122754543485,2164.122754543485,2119.180908203125,2119.180908203125,843000,0.0,0.0,-0.012882210883471856
2008-11-13,1977.7178158697648,1977.7178158697648,1973.9842529296875,1973.9842529296875,843000,0.0,0.0,-0.06851546024758748
2008-11-14,1975.643703789563,2072.1650390625,1975.643703789563,2072.1650390625,12967000,0.0,0.0,0.04973737049173388
2008-11-17,2088.067048809039,2122.6376953125,2088.067048809039,2122.6376953125,12040000,0.0,0.0,0.02435744996104905
2008-11-18,2111.3678239360825,2111.3678239360825,2077.696044921875,2077.696044921875,9803000,0.0,0.0,-0.021172548895118215
2008-11-19,2005.9969311955133,2025.8404541015623,2005.9969311955133,2025.8404541015625,11498000,0.0,0.0,-0.0249582179968304
2008-11-20,2026.5316471900505,2026.5316471900505,1874.4207763671875,1874.4207763671875,14017000,0.0,0.0,-0.07474412776574146
2008-11-21,1869.16603188433,1967.0701904296875,1869.16603188433,1967.0701904296875,13399000,0.0,0.0,0.049428290184695634
2008-11-25,1987.9500163754794,1987.9500163754794,1987.811767578125,1987.811767578125,12835000,0.0,0.0,0.010544401134921833
2008-11-26,1944.5991721425298,1944.5991721425298,1926.9681396484377,1926.9681396484375,8322000,0.0,0.0,-0.030608344774926577
2008-11-27,2054.6723926021928,2054.6723926021928,2045.8914794921875,2045.8914794921875,13084000,0.0,0.0,0.061715260048589515
2008-11-28,2053.496567733238,2053.496567733238,2042.4339599609377,2042.4339599609375,5493000,0.0,0.0,-0.001689981881203284
2008-12-01,2049.1409832027985,2068.7080078125,2049.1409832027985,2068.7080078125,10289000,0.0,0.0,0.01286408685256335
2008-12-02,2081.844369161634,2081.844369161634,1992.652099609375,1992.652099609375,10974000,0.0,0.0,-0.03676493150115867
2008-12-03,2024.8028617596667,2112.2666015625,2024.8028617596667,2112.2666015625,14041000,0.0,0.0,0.060027790087679334
2008-12-04,2129.552592563944,2129.552592563944,2094.98193359375,2094.98193359375,11501000,0.0,0.0,-0.008182995440047192
2008-12-05,2082.743515702673,2139.92333984375,2082.743515702673,2139.92333984375,14029000,0.0,0.0,0.021451930219229753
2008-12-08,2136.6048786402494,2202.15087890625,2136.6048786402494,2202.15087890625,10333000,0.0,0.0,0.029079330975960938
2008-12-09,2330.0947591168188,2347.34716796875,2330.0947591168188,2347.34716796875,14412000,0.0,0.0,0.06593385151457709
2008-12-10,2331.9287300119813,2485.6298828125,2331.9287300119813,2485.6298828125,18058000,0.0,0.0,0.05891021010045616
2008-12-11,2490.4700415284256,2490.4700415284256,2409.57470703125,2409.57470703125,12363000,0.0,0.0,-0.030597948756229676
2008-12-12,2415.1753851536528,2415.1753851536528,2295.49169921875,2295.49169921875,13140000,0.0,0.0,-0.047345702741483975
2008-12-15,2408.813820110044,2461.430419921875,2408.813820110044,2461.430419921875,13202000,0.0,0.0,0.07228896569724075
2008-12-16,2404.6658137173104,2404.6658137173104,2388.83251953125,2388.83251953125,457000,0.0,0.0,-0.029494191589997998
2008-12-17,2377.1474697191156,2437.231201171875,2377.1474697191156,2437.231201171875,618000,0.0,0.0,0.020260391318736026
2008-12-18,2444.1451435504355,2444.1451435504355,2381.91796875,2381.91796875,691000,0.0,0.0,-0.02269511090916576
2008-12-19,2390.8371296172563,2390.8371296172563,2381.91796875,2381.91796875,366000,0.0,0.0,0.0
2008-12-22,2381.918355393307,2416.489013671875,2381.918355393307,2416.489013671875,618000,0.0,0.0,0.014513952778994144
2008-12-24,2423.7483825683594,2423.7483825683594,2364.632568359375,2364.632568359375,245000,0.0,0.0,-0.021459416955388444
2008-12-25,2331.790341725069,2350.80419921875,2331.790341725069,2350.80419921875,93000,0.0,0.0,-0.005847999103818169
2008-12-26,2343.890244827942,2357.718505859375,2340.433179570083,2357.718505859375,71000,0.0,0.0,0.0029412516120750354
2008-12-29,2328.8176098780696,2336.976318359375,2328.8176098780696,2336.976318359375,327000,0.0,0.0,-0.00879756741462212
2008-12-30,2323.1476041666665,2361.175317925347,2309.3193446180553,2333.518798828125,112000,0.0,0.0,-0.001479484196774905
2009-01-05,2444.1451615454444,2475.258749174736,2433.773965669014,2454.516357421875,206000,0.0,0.0,0.051851975074944434
2009-01-06,2502.915013714566,2530.571533203125,2502.915013714566,2530.571533203125,326000,0.0,0.0,0.030985809302625844
2009-01-07,2544.4003150897793,2544.4003150897793,2502.91552734375,2502.91552734375,348000,0.0,0.0,-0.010928758778997572
2009-01-08,2502.9152828446217,2502.9152828446217,2354.261474609375,2354.261474609375,479000,0.0,0.0,-0.05939235707732249
2009-01-09,2367.1219975607987,2367.1219975607987,2336.976318359375,2336.976318359375,379000,0.0,0.0,-0.007342071573790632
2009-01-13,2367.813203933127,2367.813203933127,2357.718505859375,2357.718505859375,694000,0.0,0.0,0.008875651557548325
2009-01-14,2365.6700641803914,2365.6700641803914,2302.40576171875,2302.40576171875,207000,0.0,0.0,-0.02346028332184802
2009-01-15,2292.0347011420563,2292.0347011420563,2264.378173828125,2264.378173828125,714000,0.0,0.0,-0.016516457925399464
2009-01-16,2242.1135922822486,2254.005859375,2242.1135922822486,2254.005859375,417000,0.0,0.0,-0.004580645836022024
2009-01-19,2247.0926702478946,2257.4638671875,2247.0926702478946,2257.4638671875,445000,0.0,0.0,0.0015341609686227997
2009-01-20,2224.829197892445,2233.264404296875,2224.829197892445,2233.264404296875,105000,0.0,0.0,-0.01071975646758605
2009-01-21,2150.432553887703,2150.432553887703,2088.067138671875,2088.067138671875,610000,0.0,0.0,-0.06501570765451492
2009-01-22,2091.5243284955286,2150.29443359375,2091.5243284955286,2150.29443359375,272000,0.0,0.0,0.029801386061491852
2009-01-23,2150.29440922031,2150.29440922031,2077.696044921875,2077.696044921875,308000,0.0,0.0,-0.03376206883005439
2009-01-26,2094.981549620259,2094.981549620259,2009.937744140625,2009.937744140625,298000,0.0,0.0,-0.032612229756541655
2009-01-27,2081.1531920689745,2119.180908203125,2074.239061862765,2119.180908203125,220000,0.0,0.0,0.05435151629992818
2009-01-28,2110.12288072756,2191.77880859375,2110.12288072756,2191.77880859375,171000,0.0,0.0,0.03425752851472286
2009-01-29,2199.7307959212903,2215.97900390625,2199.7307959212903,2215.97900390625,551000,0.0,0.0,0.011041349253680721
2009-01-30,1956.6993928253119,1956.6993928253119,1939.4140625,1939.4140625,2165000,0.0,0.0,-0.12480485641729056
2009-02-02,1839.1586366754136,1839.1586366754136,1801.1309205035536,1807.3536376953125,1721000,0.0,0.0,-0.06809295000906368
2009-02-03,1805.970937059228,1868.8895263671873,1805.970937059228,1868.8895263671875,491000,0.0,0.0,0.03404750868255313
2009-02-04,1866.8153778706196,1908.9915771484373,1866.8153778706196,1908.9915771484375,242000,0.0,0.0,0.021457689293813864
2009-02-05,1906.2254823383532,1906.2254823383532,1891.705810546875,1891.705810546875,324000,0.0,0.0,-0.009054920308963932
2009-02-06,1886.7780330621679,1908.30029296875,1886.7780330621679,1908.30029296875,179000,0.0,0.0,0.008772232093042787
2009-02-09,1916.5278743692222,1916.5278743692222,1875.8037109375,1875.8037109375,211000,0.0,0.0,-0.017029071446975963
2009-02-10,1873.729001820353,1875.8032405677557,1840.5411818619114,1861.2835693359375,237000,0.0,0.0,-0.007740757477393778
2009-02-12,1865.640108454719,1911.06591796875,1865.640108454719,1911.06591796875,243000,0.0,0.0,0.026746246221135195
2009-02-13,1916.3150358925511,1942.8701171875,1916.3150358925511,1942.8701171875,319000,0.0,0.0,0.01664212569525292
2009-02-16,1943.5617096398898,1962.2298583984375,1943.5617096398898,1962.2298583984375,177000,0.0,0.0,0.009964506139485296
2009-02-17,1942.6632362994544,1942.6632362994544,1933.88232421875,1933.88232421875,132000,0.0,0.0,-0.014446592002643643
2009-02-18,1878.3619056070506,1878.3619056070506,1875.8037109375,1875.8037109375,316000,0.0,0.0,-0.03003213409311889
2009-02-19,1852.4644341539592,1852.4644341539592,1825.3306884765625,1825.3306884765625,450000,0.0,0.0,-0.026907411562647865
2009-02-20,1831.2076405210819,1831.2076405210819,1757.5721435546877,1757.5721435546875,505000,0.0,0.0,-0.037121243481873956
2009-02-23,1762.6879966653016,1762.6879966653016,1762.4114990234375,1762.4114990234375,337000,0.0,0.0,0.0027534320491462427
2009-02-24,1738.5582921241057,1842.615966796875,1738.5582921241057,1842.615966796875,277000,0.0,0.0,0.045508366132358535
2009-02-25,1908.3002585330019,1911.75732421875,1908.3002585330019,1911.75732421875,349000,0.0,0.0,0.03752347676768886
2009-02-26,1906.2259247367772,1908.9915771484373,1906.2259247367772,1908.9915771484375,373000,0.0,0.0,-0.001446704053529757
2009-02-27,1906.2258541032909,1953.241943359375,1906.2258541032909,1953.241943359375,286000,0.0,0.0,0.023179969330737737
2009-03-02,1969.8358597468057,1969.8358597468057,1915.9056396484375,1915.9056396484375,312000,0.0,0.0,-0.019115042986801112
2009-03-03,1910.3742549253188,1910.3742549253188,1874.4207763671875,1874.4207763671875,280000,0.0,0.0,-0.021652873932174632
2009-03-04,1845.4509543939962,1891.0150146484375,1845.4509543939962,1891.0150146484375,207000,0.0,0.0,0.008852995277512488
2009-03-05,1912.6558197436837,1912.6558197436837,1862.6666259765625,1862.6666259765625,659000,0.0,0.0,-0.014991096555172168
2009-03-06,1820.4907656545702,1820.4907656545702,1803.8968505859375,1803.8968505859375,488000,0.0,0.0,-0.03155141911656523
2009-03-09,1799.4717497111396,1841.2330322265625,1799.4717497111396,1841.2330322265625,236000,0.0,0.0,0.020697514732340494
2009-03-10,1833.2817614269902,1843.3072509765625,1833.2817614269902,1843.3072509765625,158000,0.0,0.0,0.0011265378763554157
2009-03-11,1929.0423251922275,1969.835693359375,1929.0423251922275,1969.835693359375,446000,0.0,0.0,0.0686420792387048
2009-03-12,1967.760563837451,1967.760563837451,1934.57275390625,1934.57275390625,537000,0.0,0.0,-0.0179014623260213
2009-03-13,1918.6713266820805,1986.4298095703125,1918.6713266820805,1986.4298095703125,2134000,0.0,0.0,0.026805430583757506
2009-03-16,2058.3361724441115,2058.3361724441115,2046.5821533203125,2046.5821533203125,399000,0.0,0.0,0.030281635656188355
2009-03-17,2070.6941668282475,2070.6941668282475,2065.2509765625,2065.2509765625,298000,0.0,0.0,0.009121951548292317
2009-03-18,2069.813991486776,2069.813991486776,1978.823974609375,1978.823974609375,619000,0.0,0.0,-0.04184818355441633
2009-03-19,1972.6011735632067,1972.6011735632067,1949.7845458984375,1949.7845458984375,316000,0.0,0.0,-0.014675094441722658
2009-03-23,1983.525964355284,2029.9888916015625,1983.525964355284,2029.9888916015625,475000,0.0,0.0,0.04113497866820337
2009-03-24,2080.4617790483535,2119.180908203125,2080.4617790483535,2119.180908203125,548000,0.0,0.0,0.04393719442040611
2009-03-25,2122.153840691915,2122.153840691915,2112.2666015625,2112.2666015625,278000,0.0,0.0,-0.003262725996568072
2009-03-26,2121.84547972624,2146.32421875,2121.84547972624,2146.32421875,234000,78.0,0.0,0.016123730386262247
2009-03-27,2167.32611007752,2167.32611007752,2115.104736328125,2115.104736328125,306000,0.0,0.0,-0.014545557539325071
2009-03-30,2115.530526187073,2115.530526187073,2005.1278076171875,2005.1278076171875,378000,0.0,0.0,-0.05199597297572134
2009-03-31,2018.6091806709035,2025.7044677734375,2018.6091806709035,2025.7044677734375,360000,0.0,0.0,0.010262019247891496
2009-04-01,2048.0491738935766,2060.470947265625,2048.0491738935766,2060.470947265625,284000,0.0,0.0,0.017162661210103014
2009-04-02,2062.103168487069,2115.814453125,2062.103168487069,2115.814453125,313000,0.0,0.0,0.02685963902224353
2009-04-03,2160.5144672611855,2160.5144672611855,2110.137939453125,2110.137939453125,441000,0.0,0.0,-0.0026828976725681297
2009-04-06,2128.3736566205953,2128.3736566205953,2093.110107421875,2093.110107421875,269000,0.0,0.0,-0.00806953503507124
2009-04-07,2111.9825037038336,2113.685302734375,2111.9825037038336,2113.685302734375,346000,0.0,0.0,0.009829963191875679
2009-04-08,2048.6226031606625,2048.6226031606625,2027.8333740234375,2027.8333740234375,355000,0.0,0.0,-0.04061717636011142
2009-04-09,1994.839887707511,1994.839887707511,1988.099365234375,1988.099365234375,640000,0.0,0.0,-0.019594316425627256
2009-04-10,1978.165619744799,1990.9371337890623,1978.165619744799,1990.9371337890625,606000,0.0,0.0,0.0014273776272510919
2009-04-13,1936.516259387258,1936.516259387258,1897.279296875,1897.279296875,801000,0.0,0.0,-0.047042086525262095
2009-04-14,1887.7719515660401,1909.341552734375,1887.7719515660401,1909.341552734375,653000,0.0,0.0,0.006357659559793172
2009-04-15,1912.889313020268,1960.4277343750002,1912.889313020268,1960.427734375,376000,0.0,0.0,0.026755915706890843
2009-04-16,1959.0797114557322,1988.099365234375,1959.0797114557322,1988.099365234375,388000,0.0,0.0,0.014115098646162005
2009-04-17,1991.5758216598688,1991.5758216598688,1853.998291015625,1853.998291015625,1149000,0.0,0.0,-0.0674518973064211
2009-04-20,1861.8037136598966,1861.8037136598966,1781.626953125,1781.626953125,1949000,0.0,0.0,-0.03903527756273162
2009-04-21,1787.5155604808326,1803.6218261718748,1787.5155604808326,1803.621826171875,692000,0.0,0.0,0.01234538633819815
2009-04-22,1794.2104719497795,1864.6412353515625,1794.2104719497795,1864.6412353515625,494000,0.0,0.0,0.03383159833965799
2009-04-23,1875.142357849567,1899.408203125,1875.142357849567,1899.408203125,394000,0.0,0.0,0.018645392536802197
2009-04-24,1899.042182779312,1899.042182779312,1837.6787109375,1837.6787109375,472000,0.0,0.0,-0.03249932904677344
2009-04-27,1851.231311990227,1851.231311990227,1835.5506591796877,1835.5506591796875,712000,0.0,0.0,-0.0011580107802015016
2009-04-28,1853.1470531252562,1853.1470531252562,1816.3934326171875,1816.3934326171875,412000,0.0,0.0,-0.010436773546234623
2009-04-30,1816.3938169472071,1854.7083740234375,1816.3938169472071,1854.7083740234375,435000,0.0,0.0,0.021093966052851743
2009-05-01,1885.075281599394,1885.075281599394,1883.7980957031248,1883.798095703125,404000,0.0,0.0,0.015684256396914176
2009-05-07,1980.5781743941159,1980.5781743941159,1902.955810546875,1902.955810546875,906000,0.0,0.0,0.0101697283203801
2009-05-08,1887.3462298019754,1887.3462298019754,1849.7412109375,1849.7412109375,1001000,0.0,0.0,-0.02796418041577231
2009-05-11,1847.6840031404643,1848.322509765625,1847.6840031404643,1848.322509765625,814000,0.0,0.0,-0.0007669727870505127
2009-05-12,1869.0913693495406,1869.0913693495406,1863.22216796875,1863.22216796875,409000,0.0,0.0,0.008061178784764422
2009-05-13,1857.4749111494864,1888.0556640625,1857.4749111494864,1888.0556640625,462000,0.0,0.0,0.013328252808854746
2009-05-14,1865.2093421801471,1865.2093421801471,1858.9654541015625,1858.9654541015625,501000,0.0,0.0,-0.015407495930678472
2009-05-15,1853.0758234076202,1853.0758234076202,1839.09814453125,1839.09814453125,575000,0.0,0.0,-0.010687293583900637
2009-05-18,1791.4895809853888,1791.4895809853888,1790.85107421875,1790.85107421875,749000,0.0,0.0,-0.026234092213059834
2009-05-19,1832.002766642537,1832.002766642537,1826.3265380859373,1826.3265380859375,534000,0.0,0.0,0.019809276370266193
2009-05-20,1822.2827932744906,1824.198486328125,1822.2827932744906,1824.198486328125,503000,0.0,0.0,-0.001165208802168971
2009-05-21,1822.069257061298,1844.774169921875,1822.069257061298,1844.774169921875,369000,0.0,0.0,0.011279300880885135
2009-05-22,1840.588327783886,1840.588327783886,1802.2027587890625,1802.2027587890625,503000,0.0,0.0,-0.023076760194780555
2009-05-25,1808.8724938634346,1808.8724938634346,1800.783935546875,1800.783935546875,602000,0.0,0.0,-0.000787271706953141
2009-05-26,1802.9124356829693,1802.9124356829693,1797.2362060546875,1797.2362060546875,439000,0.0,0.0,-0.001970102810313068
2009-05-27,1827.8873483142463,1827.8873483142463,1818.5216064453123,1818.5216064453125,414000,0.0,0.0,0.01184340729333
2009-05-28,1822.5658595367165,1823.48828125,1822.5658595367165,1823.48828125,392000,0.0,0.0,0.002731160733578486
2009-05-29,1820.7920630764575,1820.7920630764575,1818.5216064453123,1818.5216064453125,289000,0.0,0.0,-0.0027237218115176987
2009-06-01,1871.6656502250264,1885.9272460937498,1871.6656502250264,1885.92724609375,404000,0.0,0.0,0.03706617474850682
2009-06-02,1884.5082409464826,1884.5082409464826,1875.993896484375,1875.993896484375,310000,0.0,0.0,-0.005267090567756316
2009-06-03,1864.6412832417782,1864.6412832417782,1828.455322265625,1828.455322265625,337000,0.0,0.0,-0.025340473819151388
2009-06-04,1829.8742312843492,1829.8742312843492,1799.3645019531252,1799.364501953125,455000,0.0,0.0,-0.015910052577305378
2009-06-05,1804.8708386463848,1804.8708386463848,1795.1075439453125,1795.1075439453125,269000,0.0,0.0,-0.002365811931485662
2009-06-08,1801.9194364084267,1827.7462158203125,1801.9194364084267,1827.7462158203125,368000,0.0,0.0,0.018182014768466814
2009-06-09,1828.455722865861,1851.16064453125,1828.455722865861,1851.16064453125,347000,0.0,0.0,0.012810546950266177
2009-06-10,1859.7457187613968,1870.317626953125,1859.7457187613968,1870.317626953125,299000,0.0,0.0,0.010348633155349951
2009-06-11,1839.8080196704893,1841.22707714806,1834.8413184989915,1836.2603759765625,237000,0.0,0.0,-0.01820934074820435
2009-06-12,1804.3309637932462,1811.4262487472108,1802.9119068024531,1808.588134765625,1620000,0.0,0.0,-0.015069889637095102
2009-06-15,1805.7504322804152,1809.2980755658384,1800.7837316808227,1806.4599609375,334000,0.0,0.0,-0.0011767045173061152
2009-06-16,1814.9740446505014,1817.8121588720032,1810.7168733182484,1812.845458984375,355000,0.0,0.0,0.003534812940753529
2009-06-17,1829.8740544627206,1840.5169822707628,1827.035940380576,1834.1312255859375,265000,0.0,0.0,0.01174163329591682
2009-06-18,1816.3932944465869,1839.8077392578125,1816.3932944465869,1839.8077392578125,216000,0.0,0.0,0.0030949332265262086
2009-06-19,1839.0986033570184,1841.2271897034966,1834.131901881903,1834.8414306640625,173000,0.0,0.0,-0.0026993628126347202
2009-06-22,1819.940775402446,1826.3265325091213,1816.3931325654041,1817.1026611328125,201000,0.0,0.0,-0.009667739802904918
2009-06-23,1802.912353515625,1806.459996871618,1801.493296173228,1802.912353515625,231000,0.0,0.0,-0.007809304295631314
2009-06-24,1808.5882071124079,1825.6168916831014,1805.7500930172923,1818.5216064453125,209000,0.0,0.0,0.008657799087820273
2009-06-25,1833.4217529296875,1842.6456239777083,1820.6502391708893,1833.4217529296875,177000,0.0,0.0,0.00819354932686256
2009-06-26,1836.2602137839149,1838.3887998122577,1822.069640261628,1830.583984375,147000,0.0,0.0,-0.001547799108499115
2009-06-29,1838.3888063380018,1894.441571950006,1837.679277659369,1866.0604248046875,476000,0.0,0.0,0.01937984857974162
2009-06-30,1901.5372486750048,1902.2467774991371,1873.156095709706,1895.1514892578125,277000,0.0,0.0,0.015589561874005176
2009-07-01,1885.9272660872348,1901.5368973340064,1871.7366922265333,1888.765380859375,193000,0.0,0.0,-0.003369708666898452
2009-07-02,1901.5370268589681,1901.5370268589681,1875.9939921698178,1880.960693359375,216000,0.0,0.0,-0.004132163570495395
2009-07-03,1861.8032786885246,1865.3509221311476,1853.2889344262296,1861.09375,155000,0.0,0.0,-0.010562125742188067
2009-07-06,1861.8031160372848,1867.4793450495936,1853.99830114536,1855.4173583984375,151000,0.0,0.0,-0.0030500299093275673
2009-07-07,1853.9978724227337,1876.7027832216345,1853.9978724227337,1871.736083984375,198000,0.0,0.0,0.008795177813806454
2009-07-08,1858.256026454734,1891.6038818359375,1858.256026454734,1891.6038818359375,358000,0.0,0.0,0.010614636337656025
2009-07-09,1864.6412305434392,1867.4793450495936,1853.2887725188216,1855.4173583984375,310000,0.0,0.0,-0.01913007463400762
2009-07-10,1862.5126349138634,1862.5126349138634,1830.5838468867687,1836.9696044921875,523000,0.0,0.0,-0.009942643806121199
2009-07-13,1827.0366870098233,1866.060771586732,1823.489042957377,1827.7462158203125,290000,0.0,0.0,-0.005020980559133803
2009-07-14,1849.0315910802012,1849.0315910802012,1817.1028030531063,1836.9696044921875,277000,0.0,0.0,0.0050463180238267125
2009-07-15,1844.064891150402,1844.064891150402,1819.2313893457601,1819.94091796875,103000,0.0,0.0,-0.009269988181511035
2009-07-16,1833.4217529296875,1851.1599664835737,1832.712224387532,1833.4217529296875,160000,0.0,0.0,0.007407292636721241
2009-07-17,1828.45531769513,1837.6791900777596,1814.2647447987765,1819.2314453125,188000,0.0,0.0,-0.007739794509644238
2009-07-21,1819.2313182645632,1848.3219906705096,1814.2646180976942,1827.0361328125,152000,0.0,0.0,0.004290101471206453
2009-07-22,1834.131307810923,1851.1599930671946,1830.5836650491997,1845.4837646484375,130000,0.0,0.0,0.010097026273661935
2009-07-23,1851.1602068213208,1871.0270085809977,1851.1602068213208,1858.2554931640625,161000,0.0,0.0,0.006920531494384541
2009-07-24,1885.9272101556633,1890.1843821876173,1875.9938087477703,1889.474853515625,326000,0.0,0.0,0.016800359512676666
2009-07-27,1897.2793218657725,1907.2127214566929,1887.3459222748522,1892.3126220703125,170000,0.0,0.0,0.0015018821496393109
2009-07-28,1877.412921770814,1888.765380859375,1875.9938643847438,1888.765380859375,107000,0.0,0.0,-0.001874553479993435
2009-07-29,1858.9646279454507,1861.8027418812453,1839.0978303948887,1846.193115234375,188000,0.0,0.0,-0.022539732068590723
2009-07-30,1867.4794434139724,1915.727392559926,1867.4794434139724,1903.6654052734375,364000,0.0,0.0,0.031130161609213003
2009-07-31,1823.488701071596,1823.488701071596,1792.2694392633664,1796.526611328125,906000,0.0,0.0,-0.05628026524436602
2009-08-03,1816.3935383417672,1832.7126990378065,1814.2649521640228,1822.779296875,307000,0.0,0.0,0.014613023476155007
2009-08-04,1819.941035781908,1819.941035781908,1806.4599910724125,1810.7171630859375,406000,0.0,0.0,-0.006617440635705019
2009-08-05,1810.7171688988096,1812.8457549124053,1802.2028248444265,1802.912353515625,202000,0.0,0.0,-0.004310341631164061
2009-08-06,1810.007604222923,1814.9743048225155,1797.2360883953995,1806.4599609375,173000,0.0,0.0,0.0019677093093057874
2009-08-07,1807.169469417689,1807.169469417689,1797.2360683294096,1803.621826171875,246000,0.0,0.0,-0.0015711030562515216
2009-08-10,1816.392769607843,1817.8118264590992,1806.4593716490504,1809.2974853515625,246000,0.0,0.0,0.0031468122071542926
2009-08-11,1816.3933418568056,1818.521927804294,1803.6218261718748,1803.621826171875,213000,0.0,0.0,-0.0031369408434150925
2009-08-12,1798.6551973605042,1800.0742547154239,1792.9789679408261,1796.526611328125,290000,0.0,0.0,-0.003933870582398802
2009-08-13,1799.364435789571,1804.3311357306304,1796.526321537537,1798.6549072265625,118000,0.0,0.0,0.0011846726260649199
2009-08-14,1798.655125627735,1805.0408834702005,1796.5265396802467,1803.621826171875,276000,0.0,0.0,0.002761462982897145
2009-08-17,1787.302680747023,1787.302680747023,1751.8262480208018,1753.954833984375,538000,0.0,0.0,-0.027537364799425035
2009-08-18,1744.0215565799888,1750.4073149238536,1718.4785232045292,1736.92626953125,432000,0.0,0.0,-0.009708667591195597
2009-08-19,1737.6356649421969,1766.726339610482,1733.3784930395211,1752.5357666015625,156000,0.0,0.0,0.008986850705254845
2009-08-20,1746.859313416773,1746.859313416773,1724.1543995137117,1738.344970703125,266000,0.0,0.0,-0.008097293173054965
2009-08-21,1724.1545677425988,1724.1545677425988,1667.3922774465461,1685.1304931640625,667000,0.0,0.0,-0.03061215031302922
2009-08-24,1706.4163360088767,1726.992666048069,1705.7068073868356,1708.544921875,252000,0.0,0.0,0.013894727325818979
2009-08-25,1709.2542975661556,1717.0591117102933,1701.449483422018,1704.28759765625,212000,0.0,0.0,-0.002491783601497488
2009-08-26,1708.5448053006248,1717.7686767578125,1703.578105285216,1717.7686767578125,126000,0.0,0.0,0.007910096347647944
2009-08-27,1723.4451186589502,1734.7975772421298,1716.349832044463,1730.5404052734375,283000,0.0,0.0,0.0074350689289146565
2009-08-28,1738.3455095633092,1783.0458226663657,1738.3455095633092,1780.917236328125,324000,0.0,0.0,0.029110462200810483
2009-08-31,1802.9121600967367,1807.8788602622924,1773.8214876984814,1792.978759765625,232000,0.0,0.0,0.006772646808881566
2009-09-02,1742.6023787022968,1780.2073974609375,1742.6023787022968,1780.2073974609375,203000,0.0,0.0,-0.00712298583300397
2009-09-03,1758.921432519768,1770.27389033353,1756.7928466796875,1756.7928466796875,145000,0.0,0.0,-0.013152709518366001
2009-09-04,1753.24549286941,1753.24549286941,1720.6071712700605,1728.4119873046875,341000,0.0,0.0,-0.01615492653481565
2009-09-07,1737.635870766894,1737.635870766894,1721.3167098736155,1729.8310546875,131000,0.0,0.0,0.0008210238029102701
2009-09-08,1727.7024387058457,1731.2500823171513,1722.7357376500179,1725.5738525390625,160000,0.0,0.0,-0.0024610508274212073
2009-09-09,1746.8595283370948,1760.3405726256426,1730.5403694614843,1734.0880126953125,246000,0.0,0.0,0.0049341035990559945
2009-09-10,1745.4402871395944,1755.3736871477058,1741.1831157075464,1742.6021728515625,348000,0.0,0.0,0.00490987775356122
2009-09-11,1753.95470183127,1772.402445458945,1748.988001623819,1769.5643310546875,1306000,0.0,0.0,0.015472354288990964
2009-09-14,1762.4693440461417,1775.950389753419,1758.9217004389636,1768.8551025390625,147000,0.0,0.0,-0.00040079272800574994
2009-09-15,1773.1121076565346,1775.9502222746323,1753.9548339843752,1753.954833984375,105000,0.0,0.0,-0.008423679550291774
2009-09-16,1756.0836077910926,1758.9217227127751,1728.4119873046875,1728.4119873046875,263000,0.0,0.0,-0.01456300138679345
2009-09-17,1744.7308349609373,1748.9880065793861,1733.3783773117405,1744.7308349609375,140000,0.0,0.0,0.009441526543505274
2009-09-18,1744.7311581117974,1744.7311581117974,1722.7357673425963,1729.8310546875,378000,0.0,0.0,-0.008539873300153489
2009-09-21,1729.8310546875,1729.8310546875,1729.8310546875,1729.8310546875,0,0.0,0.0,0.0
2009-09-24,1728.4116871148767,1763.1785888671875,1724.1545154717367,1763.1785888671875,657000,0.0,0.0,0.01927791392652023
2009-09-25,1730.181806978212,1731.6164519259553,1720.8566148178818,1722.291259765625,291000,27.0,0.0,-0.02318955627054886
2009-09-28,1693.598300143167,1693.598300143167,1644.8203736672099,1657.732177734375,403000,0.0,0.0,-0.037484415986663855
2009-09-29,1665.6230254610155,1672.7962512381948,1645.5379932849137,1651.993896484375,286000,0.0,0.0,-0.0034615249236716883
2009-09-30,1641.2338158565835,1641.2338158565835,1599.6291124825966,1626.1700439453125,431000,0.0,0.0,-0.015631929751083518
2009-10-01,1636.2127844276074,1646.255300421464,1618.9970427238536,1621.8663330078125,246000,0.0,0.0,-0.002646531925442841
2009-10-02,1600.3467379816377,1613.975867529666,1585.2829632180276,1613.258544921875,269000,0.0,0.0,-0.0053073350810445286
2009-10-05,1611.1061939136403,1611.1061939136403,1591.7384881096918,1592.455810546875,263000,0.0,0.0,-0.012894854603734629
2009-10-06,1593.890374792374,1602.4982436031337,1553.0029979412643,1558.7415771484375,449000,0.0,0.0,-0.02117122068640609
2009-10-07,1577.3919053110494,1578.109227687271,1559.4588459055121,1564.4801025390625,324000,0.0,0.0,0.0036815117237862793
2009-10-08,1566.6325454472103,1597.4774169921875,1566.6325454472103,1597.4774169921875,231000,0.0,0.0,0.021091552650348344
2009-10-09,1679.96932099556,1716.5527690616461,1679.96932099556,1706.51025390625,486000,0.0,0.0,0.06825313194057858
2009-10-13,1710.0969886302332,1710.0969886302332,1662.036376953125,1662.036376953125,308000,0.0,0.0,-0.026061300745965688
2009-10-14,1666.3398065616261,1672.7957076632424,1655.5799713922656,1667.05712890625,343000,0.0,0.0,0.003020843600504808
2009-10-15,1677.1000853545906,1678.5347304233285,1661.3189895984738,1665.6229248046875,127000,0.0,0.0,-0.0008603209072405305
2009-10-16,1663.4708696262535,1717.2700568716045,1663.4708696262535,1716.552734375,287000,0.0,0.0,0.03057703446071658
2009-10-19,1737.3550317169277,1753.136126142102,1706.5101653404506,1722.291259765625,354000,0.0,0.0,0.003343052197411378
2009-10-20,1723.7256116418184,1742.3759927915012,1710.8138093074228,1737.354736328125,199000,0.0,0.0,0.008746184175927318
2009-10-21,1728.0299127410326,1757.44013541533,1728.0299127410326,1746.6802978515625,196000,0.0,0.0,0.005367678418482846
2009-10-22,1746.680004355962,1761.7437744140625,1746.680004355962,1761.7437744140625,140000,0.0,0.0,0.008624060499811126
2009-10-23,1763.8957415652199,1766.047708716377,1757.439840111748,1761.7437744140625,133000,0.0,0.0,0.0
2009-10-26,1763.895843231824,1771.7863899075255,1756.7226189811863,1757.43994140625,190000,0.0,0.0,-0.0024429392459434096
2009-10-27,1763.1787962347641,1763.1787962347641,1721.5740890819502,1728.747314453125,159000,0.0,0.0,-0.016326376951559474
2009-10-28,1707.9449826237005,1745.245755028754,1707.2276600774494,1742.37646484375,195000,0.0,0.0,0.007883830260604796
2009-10-29,1712.2488418970354,1756.0055152760547,1705.7929392673439,1734.48583984375,290000,0.0,0.0,-0.004528656785264595
2009-10-30,1691.4468785028873,1704.3586867357337,1636.2130321734885,1649.8421630859375,384000,0.0,0.0,-0.04880044265189132
2009-11-02,1641.2337915880928,1668.492045119713,1624.7353749768488,1664.1881103515625,304000,0.0,0.0,0.00869534528005489
2009-11-04,1639.0822248644906,1691.44677734375,1639.0822248644906,1691.44677734375,123000,0.0,0.0,0.016379558790639903
2009-11-05,1692.1636859294163,1720.1392619155322,1682.8384939340444,1715.8353271484375,173000,0.0,0.0,0.014418750936395108
2009-11-06,1720.1396879352815,1744.5286576557985,1713.683784185733,1738.07275390625,201000,0.0,0.0,0.012960117096300294
2009-11-09,1704.3583687321768,1726.5953676508207,1696.4678207287873,1697.9024658203125,215000,0.0,0.0,-0.02311197157636602
2009-11-10,1700.7716206721375,1710.0968130250424,1686.4251708984375,1686.4251708984375,103000,0.0,0.0,-0.006759690354963932
2009-11-11,1682.8389687896704,1682.8389687896704,1655.5807075731284,1659.8846435546875,92000,0.0,0.0,-0.0157377438393016
2009-11-12,1657.0148857379781,1669.2093675810715,1645.5377263562434,1664.1881103515625,113000,0.0,0.0,0.0025926300442535855
2009-11-13,1663.4709624514055,1677.1000906474283,1649.12451171875,1649.12451171875,135000,0.0,0.0,-0.009051620149858164
2009-11-16,1643.385745578342,1663.4707743326824,1636.9298434787327,1652.7109375,85000,0.0,0.0,0.0021747453001665917
2009-11-17,1656.2977424179105,1665.6229354241611,1624.7355507044465,1632.6260986328125,194000,0.0,0.0,-0.012152662883425425
2009-11-18,1614.693190137457,1630.4742875088582,1611.1065770985022,1613.258544921875,294000,0.0,0.0,-0.011862822557569208
2009-11-19,1618.27960059691,1618.27960059691,1585.2827647691363,1596.0426025390625,105000,0.0,0.0,-0.010671533361471308
2009-11-20,1574.5228068498566,1585.999966261974,1563.7629699009965,1570.2188720703125,169000,0.0,0.0,-0.01617985035466374
2009-11-24,1567.349521652519,1601.0636761228477,1563.7629094748245,1583.130615234375,317000,0.0,0.0,0.008222893886785654
2009-11-25,1569.5013885015392,1591.021060190317,1560.1761974364022,1587.4344482421875,130000,0.0,0.0,0.0027185583845052985
2009-11-26,1574.5230891979154,1584.5656054843714,1558.741992176342,1569.5018310546875,149000,0.0,0.0,-0.011296603275402828
2009-11-27,1553.003471012912,1553.7207936323175,1524.310566236692,1528.614501953125,348000,0.0,0.0,-0.026051150940095913
2009-11-30,1535.0699338559753,1549.4163818359375,1532.9179666589807,1549.4163818359375,174000,0.0,0.0,0.01360832299852821
2009-12-01,1527.8969526560295,1535.787500298854,1480.553666799082,1523.593017578125,358000,0.0,0.0,-0.016666510410335178
2009-12-02,1520.0059109223669,1537.221645637863,1471.2279958951272,1481.2705078125,474000,0.0,0.0,-0.0277780938067701
2009-12-03,1487.0096591330712,1503.5080779271188,1466.207305001446,1472.6632080078125,240000,0.0,0.0,-0.005810754861648171
2009-12-04,1472.6633091929389,1479.1192126428837,1443.9704049709626,1459.0341796875,321000,0.0,0.0,-0.009254681074534088
2009-12-07,1498.486645654817,1550.1338636955768,1497.0520007092405,1548.69921875,337000,0.0,0.0,0.061455064117623914
2009-12-08,1553.003122900346,1589.5865682896845,1547.9818656900447,1568.06689453125,326000,0.0,0.0,0.012505769710972059
2009-12-09,1546.5474083533654,1550.1340210814576,1518.5718290742461,1538.6568603515625,203000,0.0,0.0,-0.018755599191754624
2009-12-10,1537.9394057102006,1556.589790294373,1524.3102785140748,1536.5047607421875,196000,0.0,0.0,-0.0013986871698496994
2009-12-11,1544.3952059328444,1547.9818181156888,1539.3739488768622,1540.80859375,913000,0.0,0.0,0.002801054131282843
2009-12-14,1548.6991398551247,1555.8723642175848,1497.7692468816585,1514.9849853515625,180000,0.0,0.0,-0.016759776978909735
2009-12-15,1498.4866330980067,1520.006307101329,1479.836248961794,1511.3984375,197000,0.0,0.0,-0.0023673817801767028
2009-12-16,1554.4377985323067,1556.5897659506716,1539.3740266037519,1548.69921875,342000,0.0,0.0,0.02467964788404786
2009-12-17,1551.5681308580015,1553.002775454264,1527.8964950196685,1530.0484619140625,232000,0.0,0.0,-0.012042852873000776
2009-12-18,1529.331553031689,1557.3071302212932,1524.3102955874012,1531.4835205078125,305000,0.0,0.0,0.0009379170852894525
2009-12-21,1545.112866245179,1547.2648340254648,1530.7664143766071,1534.35302734375,214000,0.0,0.0,0.00187367790610371
2009-12-22,1549.416410348711,1578.1093068366501,1547.2644431121157,1572.3707275390625,240000,0.0,0.0,0.024777674705754205
2009-12-24,1581.6962854771398,1592.456124153855,1563.0458984375,1563.0458984375,237000,0.0,0.0,-0.005930426545244116
2009-12-25,1567.3498320997808,1567.3498320997808,1550.8514128145198,1553.720703125,312000,0.0,0.0,-0.005966040614560297
2009-12-28,1557.3070576520329,1570.936184365708,1556.5897351934184,1568.06689453125,325000,0.0,0.0,0.00923344290733552
2009-12-29,1565.915218095239,1570.2191536465773,1563.04592772768,1569.5018310546875,346000,0.0,0.0,0.0009150990486705979
2009-12-30,1582.4134548439965,1608.9543876768287,1580.9788098260055,1591.7386474609375,386000,0.0,0.0,0.014168072930062836
2010-01-04,1586.0002586070134,1624.018356167471,1586.0002586070134,1616.1278076171875,457000,0.0,0.0,0.015322339628527804
2010-01-05,1641.9507472477528,1654.1452263666745,1635.4948465377354,1638.3641357421875,257000,0.0,0.0,0.013759015852703671
2010-01-06,1720.8564977279975,1763.1785208067602,1704.3580819515307,1757.43994140625,479000,0.0,0.0,0.07267969498741533
2010-01-07,1782.54642062717,1850.6920584378668,1782.54642062717,1833.476318359375,474000,0.0,0.0,0.04326541986537702
2010-01-08,1832.7589042321515,1863.603770330775,1815.5431650143153,1839.93212890625,631000,0.0,0.0,0.0035210765921709353
2010-01-12,1836.345452801228,1872.211574926252,1834.9108079162272,1869.34228515625,489000,0.0,0.0,0.01598437017754728
2010-01-13,1854.27825644946,1865.755413936188,1842.0837766198117,1857.8648681640625,357000,0.0,0.0,-0.006139815636400758
2010-01-14,1854.9959485210422,1857.865238464617,1832.0416289724449,1841.3668212890625,478000,0.0,0.0,-0.008880111335171192
2010-01-15,1857.1479435034018,1857.1479435034018,1818.4125286910482,1838.49755859375,639000,0.0,0.0,-0.0015582243918699223
2010-01-18,1818.4128918855085,1862.8868955529254,1818.4128918855085,1847.8231201171875,237000,0.0,0.0,0.005072381782530444
2010-01-19,1853.5611740426125,1853.5611740426125,1838.4974028913375,1848.5399169921875,255000,0.0,0.0,0.000387914225769892
2010-01-20,1852.1266716496684,1864.3211539959289,1848.540059194886,1852.843994140625,200000,0.0,0.0,0.0023283658139450214
2010-01-21,1853.561279296875,1861.4518265384638,1845.6707320552862,1853.561279296875,441000,0.0,0.0,0.000387126578664132
2010-01-22,1839.932248345737,1839.932248345737,1815.5432828705887,1830.6070556640625,469000,0.0,0.0,-0.012383849344069109
2010-01-25,1815.5436098332154,1849.9750967048055,1811.956996617425,1840.64990234375,159000,0.0,0.0,0.005486074495678395
2010-01-26,1834.910963365916,1848.5400909280552,1831.3243508495634,1833.476318359375,374000,0.0,0.0,-0.0038973103876194237
2010-01-27,1825.5860525351075,1852.8443118656905,1821.9994394652938,1842.08447265625,308000,0.0,0.0,0.004694990718275394
2010-01-28,1857.1476905614047,1895.165777699201,1857.1476905614047,1887.9925537109375,363000,0.0,0.0,0.02492181098974733
2010-01-29,1866.4732733564415,1866.4732733564415,1814.1087272553575,1814.8260498046875,254000,0.0,0.0,-0.03875359771013809
2010-02-01,1811.238932609558,1837.7798595428467,1800.479097366333,1836.34521484375,331000,0.0,0.0,0.011857425697288315
2010-02-02,1839.214765570682,1839.214765570682,1800.4793531912683,1805.5006103515625,273000,0.0,0.0,-0.016796735299474674
2010-02-03,1807.6526625484016,1814.1085649146457,1804.7833726078486,1806.218017578125,331000,0.0,0.0,0.00039734532486401797
2010-02-04,1806.2182925727423,1826.303325214536,1806.2182925727423,1821.9993896484375,110000,0.0,0.0,0.008737246509960661
2010-02-05,1779.6770466888354,1779.6770466888354,1743.8109232166703,1745.962890625,232000,0.0,0.0,-0.041732450326511406
2010-02-08,1735.2031477317153,1761.0267580328073,1723.0086650895328,1748.832275390625,354000,0.0,0.0,0.001643439720873996
2010-02-09,1727.3123138339204,1748.8319855178977,1727.3123138339204,1730.89892578125,340000,0.0,0.0,-0.010254470861346232
2010-02-10,1750.984127541154,1755.2880623077444,1741.6589355468752,1741.658935546875,189000,0.0,0.0,0.006216428703812671
2010-02-12,1759.5921875491229,1786.8504440215513,1756.0055748553823,1782.5465087890625,288000,0.0,0.0,0.023476222817040204
2010-02-15,1803.3490617055352,1811.2396105037694,1780.3947379288538,1781.112060546875,210000,0.0,0.0,-0.0008047185501836029
2010-02-16,1783.981060678681,1783.981060678681,1753.1361931237218,1753.853515625,262000,0.0,0.0,-0.015304227917869229
2010-02-17,1768.1996534249583,1784.6980680410938,1760.309107304198,1773.938232421875,258000,0.0,0.0,0.011451764139901677
2010-02-18,1781.1119625124209,1781.1119625124209,1757.440317420633,1759.59228515625,208000,0.0,0.0,-0.008087061321204625
2010-02-19,1761.7443053366576,1761.7443053366576,1730.1821109413754,1735.203369140625,335000,0.0,0.0,-0.013860549526937271
2010-02-22,1749.5495806173312,1758.1574506326685,1740.941710601994,1753.853515625,299000,0.0,0.0,0.010748104122003665
2010-02-23,1751.7019983199611,1765.3311293470206,1743.0941260923446,1754.5712890625,424000,0.0,0.0,0.0004092550666889849
2010-02-24,1739.5073228016818,1740.9419680163635,1728.7474836915683,1730.18212890625,395000,0.0,0.0,-0.01390035292853875
2010-02-25,1751.7014671429679,1751.7014671429679,1728.7471481632074,1736.6376953125,283000,0.0,0.0,0.0037311484718265397
2010-02-26,1728.0298256950898,1745.2455649299102,1720.8566010139148,1736.6376953125,215000,0.0,0.0,0.0
2010-03-01,1740.941220927758,1787.5671703963628,1740.941220927758,1777.524658203125,211000,0.0,0.0,0.02354374951147631
2010-03-02,1797.610126872639,1836.3455406200942,1797.610126872639,1827.7376708984375,238000,0.0,0.0,0.028248841704436423
2010-03-03,1845.6713308065598,1895.1665977422974,1838.498103714424,1888.710693359375,261000,0.0,0.0,0.033359832448474736
2010-03-04,1875.7982413625753,1898.7525601861325,1867.9076942669774,1889.4273681640625,155000,0.0,0.0,0.0003794518701076832
2010-03-05,1895.1659478699517,1926.0108137891068,1877.2328862890477,1889.4273681640625,231000,0.0,0.0,0.0
2010-03-08,1912.381599233551,1933.9012721431557,1912.381599233551,1931.031982421875,368000,0.0,0.0,0.0220196949397633
2010-03-09,1941.0748763429535,2012.0898108433057,1940.357553772243,1942.509521484375,336000,0.0,0.0,0.00594373328198583
2010-03-10,1929.597398684308,1989.1351622868349,1929.597398684308,1969.7674560546875,273000,0.0,0.0,0.014032329967414103
2010-03-11,2007.0679301968582,2012.0891866340912,1959.7246552172326,1994.1561279296875,270000,0.0,0.0,0.012381498029137239
2010-03-12,1986.9837550751604,2001.330208180396,1974.071947280448,1984.831787109375,1085000,0.0,0.0,-0.004675832894785903
2010-03-15,1980.527161990895,1986.2657412360695,1939.6397848690258,1951.116943359375,299000,0.0,0.0,-0.016986247383261044
2010-03-16,1933.9013094864827,1954.7036603674574,1925.2934401564241,1930.314697265625,211000,0.0,0.0,-0.010661711572210186
2010-03-17,1930.3148604104686,1978.3754682319109,1930.3148604104686,1974.071533203125,459000,0.0,0.0,0.02266823953601116
2010-03-18,1978.3750861987733,2004.198691384834,1961.8766717743456,1962.593994140625,273000,0.0,0.0,-0.005814145470137366
2010-03-19,1964.029171020244,1991.2874283243962,1957.5732679745236,1989.852783203125,356000,0.0,0.0,0.013889163598727938
2010-03-23,1999.8950467164489,2001.3296916567047,1986.9832422541476,1997.0257568359375,359000,0.0,0.0,0.003604776038389046
2010-03-24,2166.3140221461776,2216.52659881844,2111.080187806689,2169.900634765625,930000,0.0,0.0,0.08656617338956529
2010-03-25,2166.31442557308,2288.25927734375,2155.5545857109623,2288.25927734375,1156000,0.0,0.0,0.054545650930651446
2010-03-26,2284.6717927352242,2345.6441953670906,2273.9119569766594,2309.778076171875,701000,0.0,0.0,0.009404003751316337
2010-03-29,2295.8643022726137,2328.819292257388,2273.894308949431,2292.20263671875,314000,66.0,0.0,-0.007609146365374575
2010-03-30,2292.202526585913,2328.8191803652403,2248.2625420507193,2321.495849609375,376000,0.0,0.0,0.012779504054911017
2010-03-31,2321.4955364893353,2321.4955364893353,2295.8638823009674,2306.848876953125,383000,0.0,0.0,-0.006309282292584983
2010-04-01,2303.187371664804,2354.45068359375,2284.8790459758943,2354.45068359375,352000,0.0,0.0,0.020634991358210453
2010-04-02,2358.111903110397,2358.111903110397,2325.156923097985,2350.78857421875,255000,0.0,0.0,-0.0015553986331157121
2010-04-05,2383.743790900038,2413.037109375,2372.7587964719273,2413.037109375,366000,0.0,0.0,0.026479852692383288
2010-04-06,2405.71406453765,2405.71406453765,2339.8040901667555,2369.097412109375,344000,0.0,0.0,-0.01820929197272303
2010-04-07,2354.4504758227267,2358.112140637381,2310.510498046875,2310.510498046875,393000,0.0,0.0,-0.024729634907808995
2010-04-08,2266.5705311927422,2281.217190521936,2240.9388773666533,2248.26220703125,349000,0.0,0.0,-0.02694135822721644
2010-04-09,2233.6157667539,2281.2174142420977,2222.6307711797003,2229.9541015625,511000,0.0,0.0,-0.008143225203667503
2010-04-12,2270.2320735469743,2321.495378433519,2255.5854150079617,2299.525390625,284000,0.0,0.0,0.03119852960818892
2010-04-13,2299.5258346581877,2303.1875,2259.247515898251,2303.1875,240000,0.0,0.0,0.0015925500931324166
2010-04-14,2310.510566867618,2339.8038862573817,2299.5255720964565,2325.1572265625,413000,0.0,0.0,0.009538835445442428
2010-04-15,2343.4655511811025,2350.788881028543,2314.1722317913386,2325.1572265625,142000,0.0,0.0,0.0
2010-04-16,2321.49596114966,2321.49596114966,2277.5559745032947,2292.20263671875,185000,0.0,0.0,-0.014173058693527585
2010-04-19,2244.6009852959855,2266.5709786267785,2240.9393197408535,2251.92431640625,204000,0.0,0.0,-0.0175718846437406
2010-04-20,2262.909739892338,2270.233072383899,2226.2930774345336,2237.278076171875,133000,0.0,0.0,-0.006503877651513723
2010-04-21,2270.232731745793,2288.5410602276143,2248.262737567608,2284.87939453125,295000,0.0,0.0,0.02127644250679106
2010-04-22,2255.585536695847,2259.2472015281455,2233.615547702056,2248.26220703125,161000,0.0,0.0,-0.016025873220110176
2010-04-23,2244.6010951563762,2266.5710895624748,2240.9394294220265,2262.909423828125,105000,0.0,0.0,0.006514905935378401
2010-04-26,2303.187168417566,2321.495492490838,2295.863838788258,2310.510498046875,278000,0.0,0.0,0.02103534225343595
2010-04-27,2299.5259453495846,2314.172607421875,2281.217617759222,2314.172607421875,85000,0.0,0.0,0.0015849784617276708
2010-04-28,2270.2330640197947,2292.2030614135347,2266.571397787505,2277.556396484375,253000,0.0,0.0,-0.015822592843795058
2010-04-30,2317.8341613672496,2317.8341613672496,2295.8641693163754,2303.1875,110000,0.0,0.0,0.011253773366573405
2010-05-06,2251.924650556306,2277.556313245565,2244.601318359375,2244.601318359375,229000,0.0,0.0,-0.025437000522373854
2010-05-07,1973.6370821067756,2082.7546795961666,1973.6370821067756,2035.8853759765625,619000,0.0,0.0,-0.09298575238090268
2010-05-10,2035.8862671367447,2127.4279158389363,2023.4366029132466,2096.669921875,498000,0.0,0.0,0.02985656590282293
2010-05-11,2127.4275747445913,2136.215571611006,1999.269287109375,1999.269287109375,554000,0.0,0.0,-0.046454920609783956
2010-05-12,1989.7492015844257,2038.0831902868815,1973.6378720169405,1983.158203125,415000,0.0,0.0,-0.008058486212064508
2010-05-13,2033.689164315943,2045.4064947549255,2021.97183387696,2037.350830078125,453000,0.0,0.0,0.027326426539108217
2010-05-14,1992.6780088748465,1997.0720066893446,1965.5816890187755,1975.8343505859375,369000,0.0,0.0,-0.030194347769661567
2010-05-17,1955.3293227131385,1966.314318908156,1909.9246717737321,1920.90966796875,1193000,0.0,0.0,-0.027798222356494318
2010-05-18,1923.1065871113478,1933.3592497996797,1876.237271964689,1885.0252685546875,598000,0.0,0.0,-0.01868094060456693
2010-05-19,1874.040341234314,1964.1173095703125,1867.449343551192,1964.1173095703125,470000,0.0,0.0,0.04195807999765844
2010-05-20,1939.2179041466345,1945.8089015549879,1898.9395866511418,1904.06591796875,318000,0.0,0.0,-0.030574238773294016
2010-05-21,1852.8025192319205,1926.0358203873325,1852.8025192319205,1911.38916015625,570000,0.0,0.0,0.003846107489446693
2010-05-24,1899.6721390349228,1958.9911225591436,1887.9548089560644,1950.203125,477000,0.0,0.0,0.02030667833262023
2010-05-25,1930.4300312666674,1945.0766931123933,1872.5757169760502,1887.9547119140625,460000,0.0,0.0,-0.03191893823159442
2010-05-26,1898.2073187891542,1915.7833124816464,1862.3229983336494,1870.378662109375,303000,0.0,0.0,-0.00930957172530289
2010-05-27,1856.4648210228977,1920.9101481432192,1856.4648210228977,1907.7281494140625,440000,0.0,0.0,0.019968944289904034
2010-05-28,1926.035816273429,1981.693125032661,1926.035816273429,1970.7081298828125,405000,0.0,0.0,0.033013079189555095
2010-05-31,1970.708651563226,1991.9463144749072,1960.4559867093112,1969.976318359375,717000,0.0,0.0,-0.00037134444839426184
2010-06-01,1969.2436193969681,1986.8196130249069,1955.3292911081833,1978.0316162109375,268000,0.0,0.0,0.004089032835821627
2010-06-02,1970.708193571671,1971.4405266053284,1911.3892178454334,1937.0208740234375,425000,0.0,0.0,-0.020733107525378713
2010-06-03,1931.8945219939176,1963.384842102234,1926.7681908134941,1950.9351806640625,537000,0.0,0.0,0.0071833539985159955
2010-06-04,1947.2735813965396,1962.652575457964,1932.6269203856593,1941.4149169921875,326000,0.0,0.0,-0.004879846222586637
2010-06-07,1917.248271915545,1917.248271915545,1887.9549446135507,1890.88427734375,322000,0.0,0.0,-0.02602773843250572
2010-06-08,1860.1262434587284,1873.3082404596169,1852.070578624852,1854.267578125,334000,0.0,0.0,-0.01936485466481741
2010-06-09,1842.5496430732833,1842.5496430732833,1750.2756943343193,1767.8516845703125,542000,0.0,0.0,-0.04660378824186184
2010-06-10,1760.5289953250694,1791.286989419767,1751.7409970122987,1775.1756591796875,369000,0.0,0.0,0.004142867115662474
2010-06-11,1804.4682550904977,1804.4682550904977,1775.1749392611064,1780.30126953125,1457000,0.0,0.0,0.002887382059942656
2010-06-14,1804.4686607871124,1826.4386525986438,1790.5543326398092,1795.6806640625,402000,0.0,0.0,0.008638647174193936
2010-06-15,1829.3681081679085,1855.7321001190874,1801.5394499972197,1852.0704345703125,301000,0.0,0.0,0.03140300591099421
2010-06-16,1925.3034804367858,1955.3291338022889,1911.389153267406,1946.5411376953125,539000,0.0,0.0,0.05100815895639399
2010-06-17,1983.1581657940933,2049.8004822960365,1977.2995006071094,2040.2801513671875,561000,0.0,0.0,0.048156708253729086
2010-06-18,2026.3655486137075,2102.528185786033,2019.7745511661024,2081.29052734375,535000,0.0,0.0,0.020100365113624896
2010-06-21,2093.0073592155886,2145.735326277703,2093.0073592155886,2135.482666015625,411000,0.0,0.0,0.0260377578045472
2010-06-22,2128.1599558541184,2135.4832867414348,2064.4469771344666,2068.108642578125,304000,0.0,0.0,-0.03154978708546774
2010-06-23,1994.8750888761467,2028.5624068233944,1978.7637629013761,1995.607421875,548000,0.0,0.0,-0.03505677565021159
2010-06-24,1976.566639868101,2013.915620465831,1969.2433103391343,1979.4959716796875,586000,0.0,0.0,-0.008073456742396123
2010-06-25,1942.879738585274,1962.6527325324291,1931.1624088388119,1940.6827392578125,519000,0.0,0.0,-0.01960763395185916
2010-06-28,1926.0357738984767,1939.217767788276,1893.8131221678557,1898.939453125,262000,0.0,0.0,-0.02150958798591507
2010-06-29,1917.9808150922956,1948.0064788642635,1904.066483100408,1907.7281494140625,425000,0.0,0.0,0.00462821301363725
2010-06-30,1869.6459073110907,1912.8535487256438,1868.9135744057594,1912.1212158203125,559000,0.0,0.0,0.0023027738032797007
2010-07-01,1927.5003070480254,1940.6823000293568,1900.403988141955,1909.92431640625,540000,0.0,0.0,-0.0011489331303298211
2010-07-02,1915.783566215343,1956.7942235960995,1915.783566215343,1948.0062255859375,403000,0.0,0.0,0.01993896242514115
2010-07-05,1975.1021917736145,1977.2991908745864,1935.556207956123,1937.0208740234375,288000,0.0,0.0,-0.005639279494189409
2010-07-06,1917.2475421824845,1943.6115267197533,1895.277555068094,1939.217529296875,556000,0.0,0.0,0.0011340379976776394
2010-07-07,1945.8089819879701,1956.7939781226407,1927.5006550968526,1939.9503173828125,622000,0.0,0.0,0.00037787822916546254
2010-07-08,1986.819532115355,1986.819532115355,1935.5562194548042,1942.147216796875,582000,0.0,0.0,0.0011324513800055058
2010-07-09,1963.3848039765924,1963.3848039765924,1900.4041649829383,1911.38916015625,439000,0.0,0.0,-0.015837139622892904
2010-07-12,1904.0660398480293,1911.3893707705217,1871.8433837890627,1871.8433837890625,548000,0.0,0.0,-0.020689547263077923
2010-07-13,1901.8691070778884,1916.5157694350535,1892.348776545731,1910.6571044921875,581000,0.0,0.0,0.020735559950831206
2010-07-14,1920.9098579550578,1928.9655226281443,1900.4045296962925,1903.3338623046875,414000,0.0,0.0,-0.003832839587114889
2010-07-15,1868.181718133817,1875.5050490555489,1838.8883944468892,1839.6207275390625,232000,0.0,0.0,-0.033474492324996885
2010-07-16,1834.4942587914647,1834.4942587914647,1763.4579541596197,1786.1602783203125,314000,0.0,0.0,-0.029060582118068612
2010-07-21,1784.6954808814212,1812.5241342558545,1764.9224903259028,1797.1451416015625,140000,0.0,0.0,0.006149987442101157
2010-07-22,1770.0487708981939,1784.6954301526266,1749.543447941988,1760.5284423828125,135000,0.0,0.0,-0.020374925970708335
2010-07-23,1773.7106496984593,1802.2716386903007,1757.5993225748564,1785.427978515625,145000,0.0,0.0,0.014143217191715296
2010-07-26,1799.3427284172546,1825.7067244380203,1799.3427284172546,1803.00439453125,86000,0.0,0.0,0.009844371336802826
2010-07-27,1783.963356629547,1786.8926889064426,1768.5843621758438,1781.766357421875,116000,0.0,0.0,-0.011779248666166753
2010-07-28,1817.650800606169,1841.817793523173,1812.5244687752893,1838.1561279296875,154000,0.0,0.0,0.03164824067584582
2010-07-29,1805.9334941271168,1818.38315730642,1798.610162845174,1800.0748291015625,147000,0.0,0.0,-0.02071711877435345
2010-07-30,1784.695341879806,1784.695341879806,1754.6696918933176,1767.8516845703125,335000,0.0,0.0,-0.01790100278627471
2010-08-02,1763.4579859853582,1787.6249766570843,1760.5286537827246,1769.316650390625,63000,0.0,0.0,0.000828670093254269
2010-08-03,1787.6252455535925,1787.6252455535925,1759.064252281741,1771.513916015625,84000,0.0,0.0,0.001241872462181881
2010-08-04,1761.261074807239,1761.261074807239,1730.5030851432457,1737.826416015625,149000,0.0,0.0,-0.019016220925753613
2010-08-05,1747.347011384813,1759.064342559229,1737.8266798055997,1756.135009765625,336000,0.0,0.0,0.01053534091855779
2010-08-06,1742.952736858131,1758.3317315951144,1737.8264052791365,1756.8670654296875,613000,0.0,0.0,0.00041685614146502736
2010-08-09,1749.544010980016,1760.5290089560312,1746.614678186412,1756.135009765625,457000,0.0,0.0,-0.000416682444828842
2010-08-10,1753.2054554703843,1759.7964534232806,1745.1497913057335,1750.276123046875,113000,0.0,0.0,-0.003336239347299319
2010-08-11,1738.5583396079264,1741.4876712669118,1695.3506976378894,1698.280029296875,147000,0.0,0.0,-0.02970736620658765
2010-08-12,1625.7793093111177,1646.2846339330597,1612.5973149112979,1638.9613037109375,198000,0.0,0.0,-0.0349287070227734
2010-08-13,1646.284845270345,1659.4668413623674,1622.1178524349707,1655.80517578125,167000,0.0,0.0,0.010277162756786584
2010-08-16,1641.1583258999813,1657.2696526156437,1632.37032950962,1649.2139892578125,95000,0.0,0.0,-0.003980653412517299
2010-08-17,1622.1176878625483,1636.032015659112,1622.1176878625483,1635.2996826171875,102000,0.0,0.0,-0.008436932218169435
2010-08-18,1647.7494137481558,1715.856389516413,1647.7494137481558,1706.3360595703125,254000,0.0,0.0,0.04343936326058362
2010-08-19,1706.336093364946,1748.8114124272493,1702.6744279285406,1745.882080078125,158000,0.0,0.0,0.023175985929624554
2010-08-20,1718.7858881541893,1732.700217883601,1711.4625567176565,1726.841552734375,115000,0.0,0.0,-0.010905964131837531
2010-08-23,1720.2505544414958,1731.9678847399477,1705.6038915684305,1726.841552734375,79000,0.0,0.0,0.0
2010-08-24,1709.9977694472223,1726.10909746771,1707.0684370798608,1710.7301025390625,144000,0.0,0.0,-0.009330010718007542
2010-08-25,1683.6334487468569,1718.785430277892,1680.704116952604,1701.9417724609375,88000,0.0,0.0,-0.005137180941097275
2010-08-26,1715.1241673726988,1753.2054896200857,1712.1948348921305,1725.3768310546875,182000,0.0,0.0,0.013769600683731786
2010-08-27,1713.6593581456218,1736.3616829757561,1701.2096961419998,1731.2353515625,116000,0.0,0.0,0.0033955020157721005
2010-08-30,1753.205333654109,1776.6399914138965,1750.2760014341354,1758.3316650390625,128000,0.0,0.0,0.01565143263283475
2010-08-31,1731.235485223749,1740.0234826106716,1709.9978248720195,1712.19482421875,85000,0.0,0.0,-0.02623898649933465
2010-09-01,1714.3919677734375,1725.3769654311059,1699.0129710527017,1714.3919677734375,88000,0.0,0.0,0.0012832322137699137
2010-09-02,1744.4173341934888,1745.1496672473065,1687.2953559957173,1709.9976806640625,91000,0.0,0.0,-0.002563175278452845
2010-09-03,1707.0686692457932,1714.3920011601895,1697.548337757078,1713.65966796875,84000,0.0,0.0,0.002141515948293815
2010-09-06,1720.9824565305548,1732.699783894167,1715.8561258089744,1728.3057861328125,43000,0.0,0.0,0.008546690126297385
2010-09-07,1720.9822413551028,1720.9822413551028,1710.7295811938384,1711.4619140625,29000,0.0,0.0,-0.009745886523936043
2010-09-08,1690.9563879235998,1692.42105348265,1671.9157356559456,1691.688720703125,77000,0.0,0.0,-0.011553393737193551
2010-09-09,1696.083530164836,1697.5481964257729,1678.5075350335942,1679.2398681640625,77000,0.0,0.0,-0.007358831673174637
2010-09-10,1696.81591796875,1701.9422500472056,1687.2955869659042,1696.81591796875,1283000,0.0,0.0,0.010466670151122459
2010-09-13,1701.942216611505,1706.3362154495726,1696.0835514940816,1697.5482177734375,132000,0.0,0.0,0.0004315729225148335
2010-09-14,1696.8157848011363,1701.9421164772727,1695.3511186079545,1699.7451171875,33000,0.0,0.0,0.00129416024302631
2010-09-16,1753.205444491046,1772.2461051246162,1714.391790122614,1729.0384521484375,119000,0.0,0.0,0.017233957412043033
2010-09-17,1748.0788082402244,1748.0788082402244,1719.5178222656248,1719.517822265625,187000,0.0,0.0,-0.005506314721331118
2010-09-21,1726.8413200523587,1740.7556479068942,1715.1239913327497,1731.9676513671875,99000,0.0,0.0,0.007240302450112868
2010-09-22,1733.4324616116958,1764.922785164422,1724.6444643411676,1750.276123046875,87000,0.0,0.0,0.010570908564738524
2010-09-24,1725.3766997848732,1788.3573433254076,1725.3766997848732,1768.5843505859375,199000,0.0,0.0,0.010460193850551747
2010-09-27,1755.4024102127792,1757.5994094746225,1731.235418332503,1745.882080078125,258000,0.0,0.0,-0.012836408113806486
2010-09-28,1750.3017291982787,1767.981544644726,1746.6184343136022,1759.8782958984375,97000,14.0,0.0,0.008016701689089079
2010-09-29,1781.2416256291438,1840.1743510428457,1704.629082591331,1708.3123779296875,540000,0.0,0.0,-0.029300843182695768
2010-09-30,1578.6604481751133,1580.8704254707388,1524.8843339815608,1533.7242431640625,861000,0.0,0.0,-0.10219918617999435
2010-10-01,1546.2474149506668,1549.194051282159,1500.5745518125336,1538.1441650390625,525000,0.0,0.0,0.0028818230491562957
2010-10-04,1547.7207597984388,1569.8205326656227,1546.9841007028663,1556.5606689453125,254000,0.0,0.0,0.01197319752260162
2010-10-05,1560.980426920117,1578.6602429871689,1558.0337909089417,1577.923583984375,219000,0.0,0.0,0.013724434559648335
2010-10-06,1592.6571356772045,1594.8671132012707,1569.0840420871625,1583.08056640625,162000,0.0,0.0,0.0032682079628045813
2010-10-07,1570.5573004831754,1571.2939596297435,1552.877480965541,1563.9273681640625,114000,0.0,0.0,-0.012098688246591993
2010-10-08,1558.03399850394,1558.03399850394,1535.1975663745677,1544.0374755859375,198000,0.0,0.0,-0.012717913237540124
2010-10-12,1546.2475308961318,1550.667485724801,1521.9377793384508,1522.6744384765625,113000,0.0,0.0,-0.013835828111146142
2010-10-13,1490.9977997642945,1535.1973392829989,1485.104527828467,1513.834228515625,110000,0.0,0.0,-0.005805712460624335
2010-10-14,1514.5710105096725,1549.1939859444753,1513.097692406064,1546.9840087890625,207000,0.0,0.0,0.021897893209841257
2010-10-15,1535.9343945429875,1535.9343945429875,1524.1478476304273,1532.2510986328125,95000,0.0,0.0,-0.009523634421911398
2010-10-18,1528.5676294742698,1542.5641523465642,1507.941174715099,1533.7242431640625,78000,0.0,0.0,0.000961425012234951
2010-10-19,1540.354254809293,1563.9273471832275,1540.354254809293,1555.8240966796875,87000,0.0,0.0,0.014409274427346297
2010-10-20,1555.8240148977432,1572.030515052928,1544.774128428299,1566.8739013671875,60000,0.0,0.0,0.007102219788909014
2010-10-21,1563.1904358595946,1577.9236162164239,1558.0338227347042,1573.503662109375,101000,0.0,0.0,0.004231202483111485
2010-10-22,1576.4504420685112,1583.8170329192988,1569.8205103028026,1581.6070556640625,57000,0.0,0.0,0.00514990447739061
2010-10-25,1581.607437355138,1594.130644823716,1574.2408447265625,1574.2408447265625,83000,0.0,0.0,-0.004657421646622084
2010-10-26,1588.9735137883044,1599.2867401179456,1576.4503103880256,1594.130126953125,75000,0.0,0.0,0.0126342054287234
2010-10-27,1596.3404127854567,1596.3404127854567,1576.450615302666,1580.1339111328125,33000,0.0,0.0,-0.008779845248306994
2010-10-28,1583.080465646125,1583.080465646125,1552.87744140625,1552.87744140625,348000,0.0,0.0,-0.017249468247296895
2010-10-29,1583.0805243781733,1583.0805243781733,1521.2011553471048,1523.4111328125,85000,0.0,0.0,-0.018975295672442716
2010-11-01,1523.411097614674,1527.0943933052317,1517.5178245097816,1522.6744384765625,81000,0.0,0.0,-0.0004835820876386565
2010-11-02,1517.5179258116489,1517.5179258116489,1504.258060440479,1514.5712890625,58000,0.0,0.0,-0.005321655903129052
2010-11-04,1507.2042975878194,1527.0940903712362,1507.2042975878194,1513.834228515625,80000,0.0,0.0,-0.00048664632176620426
2010-11-05,1529.3044785052812,1552.8775725862874,1527.8311601252183,1530.0411376953125,204000,0.0,0.0,0.01070586783836891
2010-11-08,1550.6675237081138,1550.6675237081138,1523.4111349303464,1528.5677490234375,97000,0.0,0.0,-0.0009629732401145175
2010-11-09,1511.6244438293784,1527.094284628802,1511.6244438293784,1515.3077392578125,80000,0.0,0.0,-0.00867479362566459
2010-11-10,1516.044392552869,1538.1441650390625,1512.3610971385035,1538.1441650390625,67000,0.0,0.0,0.015070487129192012
2010-11-11,1542.5642136170245,1569.820601345692,1536.6709405946099,1552.87744140625,99000,0.0,0.0,0.00957860563532642
2010-11-12,1558.7706576048874,1569.0838850181522,1544.0374755859377,1544.0374755859375,101000,0.0,0.0,-0.00569263586719837
2010-11-15,1552.1408628236995,1583.0805477969295,1552.1408628236995,1580.1339111328125,93000,0.0,0.0,0.023377953008023367
2010-11-16,1602.9701388888889,1613.2833658854165,1588.2369574652778,1591.18359375,119000,0.0,0.0,0.006992877337380854
2010-11-17,1577.9239800991916,1613.2836211098177,1577.9239800991916,1611.810302734375,87000,0.0,0.0,0.01296312321557025
2010-11-18,1612.547000616613,1625.8068663137803,1602.9704309464366,1622.8602294921875,102000,0.0,0.0,0.006855600028779163
2010-11-19,1636.1198796241795,1638.3298569492008,1609.6001517239226,1613.283447265625,125000,0.0,0.0,-0.005901175007264281
2010-11-22,1634.646476211062,1634.646476211062,1614.0200222525627,1619.1766357421875,74000,0.0,0.0,0.0036529157269609147
2010-11-24,1588.973333762924,1597.076582103857,1580.1334264819063,1585.2900390625,130000,0.0,0.0,-0.02092828906474109
2010-11-25,1602.9701252880184,1604.4434434178788,1590.4469211842058,1598.5501708984375,114000,0.0,0.0,0.008364483160304914
2010-11-26,1591.920422340507,1599.287013836761,1578.6605576472496,1579.397216796875,97000,0.0,0.0,-0.011981453225705097
2010-11-29,1583.8171703567923,1624.333423551966,1583.8171703567923,1617.7034912109375,142000,0.0,0.0,0.024253730478106306
2010-11-30,1634.64635792979,1688.4224661446951,1631.6997218632198,1685.475830078125,477000,0.0,0.0,0.04189416616543018
2010-12-01,1679.582831133165,1720.0990836385704,1672.9528989050077,1714.205810546875,255000,0.0,0.0,0.017045619970366577
2010-12-02,1679.5825977480242,1745.8819108170253,1672.9526664411242,1724.518798828125,152000,0.0,0.0,0.006016190248451014
2010-12-03,1723.7820659657082,1734.8319510039498,1701.6822958892246,1717.8887939453125,196000,0.0,0.0,-0.003844553557385333
2010-12-06,1715.6790752459094,1754.7220082592341,1711.9957796786148,1748.8287353515625,307000,0.0,0.0,0.018010444864241304
2010-12-07,1751.0382723902267,1757.6682027442496,1714.2053259789893,1719.3619384765625,231000,0.0,0.0,-0.016849446877985064
2010-12-08,1741.4620170981198,1742.9353352174921,1717.152268128476,1738.515380859375,371000,0.0,0.0,0.011139854822995288
2010-12-09,1741.4620604238821,1756.9319010621653,1733.3588105657338,1754.721923828125,209000,0.0,0.0,0.009322059009186923
2010-12-10,1767.9818557399033,1778.2950832317194,1742.198787010363,1751.0386962890625,2082000,0.0,0.0,-0.0020990377387131165
2010-12-13,1735.5688251830543,1760.615234375,1728.202234244247,1760.615234375,193000,0.0,0.0,0.0054690613669663435
2010-12-14,1756.931830398175,1759.1418075433298,1749.565239914325,1753.24853515625,174000,0.0,0.0,-0.004184161919605911
2010-12-15,1759.1418294679265,1764.2984428708894,1752.5118979498313,1761.351806640625,124000,0.0,0.0,0.004621861260333482
2010-12-16,1759.8786244782916,1761.3519427072395,1751.775374219078,1753.9853515625,71000,0.0,0.0,-0.004182273552820082
2010-12-17,1753.2485131021792,1755.458490219535,1742.9352865545193,1745.145263671875,248000,0.0,0.0,-0.005040000979911308
2010-12-20,1750.3018253604755,1753.9851204475135,1731.1486909078776,1746.6185302734375,197000,0.0,0.0,0.0008442085780657749
2010-12-21,1751.0388653211357,1786.3985058492867,1749.565546965796,1782.7152099609375,329000,0.0,0.0,0.0206666075401416
2010-12-22,1785.6615939226165,1815.1279568586333,1784.924934849216,1800.394775390625,283000,0.0,0.0,0.009917212424566113
2010-12-24,1793.027925616827,1814.391035659098,1793.027925616827,1802.6044921875,106000,0.0,0.0,0.0012273512604454861
2010-12-27,1807.7613851509843,1815.1279759625204,1803.3414306640625,1803.3414306640625,68000,0.0,0.0,0.00040881872854336976
2010-12-28,1800.3946826955212,1800.3946826955212,1789.3447971634293,1790.818115234375,79000,0.0,0.0,-0.0069445060246167145
2010-12-29,1774.6117078216103,1804.8147298310275,1773.8750487482098,1800.394775390625,138000,0.0,0.0,0.005347645344204288
2010-12-30,1789.3449004947588,1789.3449004947588,1753.248605672098,1754.721923828125,169000,0.0,0.0,-0.02536824266921711
2011-01-04,1764.2981330982723,1764.2981330982723,1718.6252795483379,1719.3619384765625,262000,0.0,0.0,-0.020151332739047678
2011-01-05,1695.052413519728,1717.8888432542396,1667.0593706193586,1683.265869140625,450000,0.0,0.0,-0.020993874837034188
2011-01-06,1707.575418630897,1733.358481466135,1706.8387596927473,1727.4652099609375,286000,0.0,0.0,0.026258086515398738
2011-01-07,1740.7254096654838,1748.8286595623608,1732.622159768607,1737.0421142578125,169000,0.0,0.0,0.005543905742154687
2011-01-11,1753.9851677449544,1784.188188273112,1749.5652135213218,1767.981689453125,273000,0.0,0.0,0.01781164367942334
2011-01-12,1770.9286471139355,1778.29523882406,1741.4622802734375,1741.4622802734375,361000,0.0,0.0,-0.014999821173425465
2011-01-13,1753.9851677449544,1770.1916665649414,1745.1452592976889,1767.981689453125,199000,0.0,0.0,0.015228242081432475
2011-01-14,1767.9816835184408,1773.1382967620364,1753.248502822454,1757.66845703125,308000,0.0,0.0,-0.005833336670508782
2011-01-17,1759.8785156856309,1787.1349012362246,1759.8785156856309,1779.768310546875,212000,0.0,0.0,0.012573391430686698
2011-01-18,1783.4514804711823,1783.4514804711823,1765.7716640600677,1774.611572265625,119000,0.0,0.0,-0.0028974211141367112
2011-01-19,1786.3981683570219,1790.8181225880082,1770.9283285485692,1773.1383056640625,155000,0.0,0.0,-0.0008301910257925149
2011-01-20,1776.0846068912815,1776.0846068912815,1697.9987635356301,1700.208740234375,924000,0.0,0.0,-0.04113021821068519
2011-01-21,1683.2657690191818,1685.4757459588131,1651.5894328844663,1663.3759765625,476000,0.0,0.0,-0.02166367152470794
2011-01-24,1663.3761691743296,1665.5861463698666,1630.9631703064506,1664.8494873046875,253000,0.0,0.0,0.000885855490851073
2011-01-25,1668.5327339424548,1692.8424823840005,1665.586097767722,1671.4793701171875,330000,0.0,0.0,0.003982271588546693
2011-01-26,1664.8494761477234,1664.8494761477234,1644.2230224609375,1644.2230224609375,145000,0.0,0.0,-0.01630672094645058
2011-01-27,1643.4863904852439,1672.952753380542,1643.4863904852439,1662.6395263671875,206000,0.0,0.0,0.011200733510400296
2011-01-28,1669.2696191759278,1685.4761203329756,1628.7533662833082,1630.2266845703125,293000,0.0,0.0,-0.019494810079305647
2011-01-31,1620.6499994737876,1653.0629994632634,1600.0235449350303,1640.539794921875,470000,0.0,0.0,0.006326181781450169
2011-02-01,1654.5363090579535,1675.8994225765111,1651.5896727105662,1658.2196044921875,193000,0.0,0.0,0.01077682457020468
2011-02-02,1691.3693847656252,1698.7359761626878,1621.3867664935283,1691.369384765625,259000,0.0,0.0,0.019991188250116698
2011-02-03,1709.7855939936064,1712.732230088382,1672.95264280891,1683.265869140625,124000,0.0,0.0,-0.004791097496495644
2011-02-04,1692.1058646768279,1694.3158418618652,1678.8460015666046,1682.529296875,138000,0.0,0.0,-0.00043758521997538935
2011-02-07,1682.5294728610336,1692.1060416645334,1678.84617716738,1686.2127685546875,96000,0.0,0.0,0.0021892466814865674
2011-02-08,1692.1056808756582,1697.9989527289474,1691.369021893997,1696.525634765625,69000,0.0,0.0,0.0061159934281467265
2011-02-09,1703.8921959437237,1708.3121497594013,1703.155536974444,1706.1021728515625,150000,0.0,0.0,0.005644794213357507
2011-02-10,1720.0988520304363,1773.13830271403,1714.2055797322591,1767.981689453125,379000,0.0,0.0,0.036269525697946836
2011-02-14,1794.5010869565217,1798.1843814699791,1774.6112965838508,1779.03125,155000,0.0,0.0,0.006249816167662292
2011-02-15,1793.0282523455119,1806.2881161672947,1785.6616613334104,1796.7115478515625,274000,0.0,0.0,0.00993816036202988
2011-02-16,1819.5479295759148,1876.2706787975123,1812.1813387679153,1869.6407470703125,382000,0.0,0.0,0.040590377073023154
2011-02-17,1899.1074686964896,1973.5100498983304,1878.4810105415238,1882.164306640625,916000,0.0,0.0,0.006698377530515831
2011-02-18,1855.6445531427837,1881.4276255365896,1767.982107003843,1868.9044189453125,499000,0.0,0.0,-0.007045021334497248
2011-02-21,1874.7973361545137,1926.3634711371526,1874.7973361545137,1889.530517578125,262000,0.0,0.0,0.01103646522728674
2011-02-22,1886.5838082541447,1891.7404215527697,1821.021153457339,1821.7578125,346000,0.0,0.0,-0.03586748372023729
2011-02-23,1793.7648383246526,1845.3309733072915,1784.924929470486,1790.08154296875,406000,0.0,0.0,-0.01738775006968718
2011-02-24,1795.2377975723134,1798.921092191871,1773.87468877888,1777.5579833984375,222000,0.0,0.0,-0.00699608328989465
2011-02-25,1782.7150395742015,1829.1245633317117,1782.7150395742015,1827.6512451171875,292000,0.0,0.0,0.02818094384914449
2011-02-28,1804.814480602269,1809.2344344323155,1765.771555103526,1767.244873046875,541000,0.0,0.0,-0.03305136701090872
2011-03-01,1786.3979456343861,1806.2877371940267,1769.454789861359,1781.2413330078125,247000,0.0,0.0,0.00791993241819755
2011-03-02,1761.3513842794446,1762.0880431603646,1711.9952392578125,1711.9952392578125,487000,0.0,0.0,-0.0388751891542235
2011-03-03,1703.1560594923392,1745.8822928187042,1689.8961939772605,1706.83935546875,324000,0.0,0.0,-0.0030116227375127647
2011-03-04,1743.672461460285,1756.1956688302998,1714.2060911778974,1720.099365234375,272000,0.0,0.0,0.007768750892191312
2011-03-07,1689.8960642483412,1702.419269606764,1681.0561545835722,1686.2127685546875,262000,0.0,0.0,-0.019700371597468846
2011-03-08,1694.3160897516777,1700.2093631073358,1682.5295430403617,1687.6861572265625,186000,0.0,0.0,0.0008737857400629157
2011-03-09,1706.8390440270023,1751.0385876789746,1706.8390440270023,1743.6719970703125,247000,0.0,0.0,0.033173134474097754
2011-03-10,1737.042203276215,1742.1988171112166,1702.4192246697764,1703.1558837890625,248000,0.0,0.0,-0.023236086459680783
2011-03-11,1695.0523168023028,1709.7854964355256,1694.3156578206415,1696.525634765625,2417000,0.0,0.0,-0.0038929196596421134
2011-03-14,1512.3612798819863,1620.6501781492304,1508.6779840225563,1567.6107177734375,595000,0.0,0.0,-0.07598760334086974
2011-03-15,1539.6173844945945,1552.1405881005314,1473.3180712866933,1518.2542724609375,925000,0.0,0.0,-0.03148514152965454
2011-03-16,1566.137402809625,1642.0132976776358,1566.137402809625,1621.3868408203125,605000,0.0,0.0,0.0679283900134906
2011-03-17,1547.7208158318015,1583.0804536994485,1528.5676786534927,1565.400634765625,440000,0.0,0.0,-0.034529826346908266
2011-03-18,1572.0304578993055,1605.916775173611,1572.0304578993055,1591.18359375,408000,0.0,0.0,0.016470517777856353
2011-03-22,1642.7497043404528,1652.3262721236033,1627.2798640753633,1644.2230224609375,291000,0.0,0.0,0.03333331798999861
2011-03-23,1629.4898814739097,1675.8994034146224,1629.4898814739097,1655.27294921875,190000,0.0,0.0,0.006720454954628918
2011-03-24,1657.4831592793369,1660.4297960069446,1624.33349609375,1624.33349609375,355000,0.0,0.0,-0.018691450941430987
2011-03-25,1649.3795975609648,1649.3795975609648,1629.4898033965405,1638.3297119140625,358000,0.0,0.0,0.008616590037680671
2011-03-28,1639.0663709571893,1639.0663709571893,1620.6498948790186,1638.3297119140625,266000,0.0,0.0,0.0
2011-03-29,1638.329743020134,1645.8004668825147,1609.1939199568483,1627.1236572265625,385000,31.0,0.0,-0.006839926423850229
2011-03-30,1632.352929032089,1669.70654296875,1624.1351339660234,1669.70654296875,386000,0.0,0.0,0.026170651230509545
2011-03-31,1695.1070437521462,1699.5894775390625,1651.0297781808035,1699.5894775390625,318000,0.0,0.0,0.01789711772775382
2011-04-01,1673.4419461382113,1684.6480305989583,1647.2944157298018,1654.01806640625,256000,0.0,0.0,-0.02681318738145999
2011-04-04,1668.9595103520035,1668.9595103520035,1654.018064422263,1654.76513671875,105000,0.0,0.0,0.0004516699833414517
2011-04-05,1652.5242122455236,1655.5125019602533,1632.353256671098,1637.582763671875,148000,0.0,0.0,-0.010383572064459945
2011-04-06,1640.570976967526,1640.570976967526,1606.9527192427815,1621.1470947265625,153000,0.0,0.0,-0.010036542463636833
2011-04-07,1606.205552318975,1610.6879864184698,1552.4163431250372,1566.6107177734375,269000,0.0,0.0,-0.033640609868485494
2011-04-08,1529.257298607106,1545.6928924367867,1498.6273282881557,1538.22216796875,478000,0.0,0.0,-0.018120998077323924
2011-04-11,1541.210600806302,1582.2995891942548,1541.210600806302,1572.587646484375,224000,0.0,0.0,0.02234103709544466
2011-04-12,1565.116756594158,1575.5757707193695,1535.9809315310686,1544.94580078125,142000,0.0,0.0,-0.017577300549778685
2011-04-13,1546.4399371644245,1580.0581966679988,1533.7397057964074,1547.93408203125,134000,0.0,0.0,0.0019342304749390138
2011-04-14,1553.1633602408474,1553.1633602408474,1532.2453351870986,1541.957275390625,153000,0.0,0.0,-0.0038611506200457724
2011-04-15,1559.887366176515,1576.3229610308651,1541.210553842026,1547.1871337890625,145000,0.0,0.0,0.0033917012370610067
2011-04-18,1553.1635617527634,1558.393068694692,1513.568723478162,1514.3157958984375,236000,0.0,0.0,-0.021245870762978125
2011-04-19,1501.6155857583585,1517.3041068035952,1494.8919338818287,1506.8450927734375,248000,0.0,0.0,-0.004933385192992468
2011-04-20,1516.557124580924,1524.0278493325543,1508.3393273541308,1518.05126953125,92000,0.0,0.0,0.007436847232376698
2011-04-21,1522.5334739101081,1522.5334739101081,1504.6037372202934,1512.821533203125,64000,0.0,0.0,-0.003445032742365739
2011-04-22,1505.3510807712319,1509.0864432545352,1500.868645791268,1503.10986328125,74000,0.0,0.0,-0.00641957409299454
2011-04-25,1505.351046048678,1524.0278580343936,1505.351046048678,1515.06298828125,54000,0.0,0.0,0.007952263032794393
2011-04-26,1489.6622153481285,1497.1329385946085,1445.5849481938958,1495.6387939453125,418000,0.0,0.0,-0.012820717347186372
2011-04-27,1494.1448151975012,1495.6389600126986,1476.2150774151312,1479.950439453125,167000,0.0,0.0,-0.010489400619787093
2011-04-28,1466.5032601597034,1466.5032601597034,1428.402564149441,1436.620361328125,374000,0.0,0.0,-0.029278060244376403
2011-05-02,1452.3087501180137,1486.6740806249213,1447.0792433017452,1483.685791015625,147000,0.0,0.0,0.032761215805119814
2011-05-06,1459.7796091134649,1485.9271456124266,1459.7796091134649,1478.4564208984375,57000,0.0,0.0,-0.0035245805741711544
2011-05-09,1478.4562768921342,1478.4562768921342,1435.1260777714956,1442.5968017578125,194000,0.0,0.0,-0.024254769118479347
2011-05-10,1438.1143861705134,1441.1026758041144,1428.40244486131,1435.8731689453125,135000,0.0,0.0,-0.004660784499388337
2011-05-11,1441.8496689653473,1447.0791755367243,1414.2079913737837,1420.1845703125,265000,0.0,0.0,-0.010926172988061422
2011-05-12,1406.7374721899964,1445.5852409387378,1385.8194428637512,1391.0489501953125,192000,0.0,0.0,-0.020515375766106514
2011-05-13,1374.6131840211297,1376.8544011689903,1340.9949268032217,1365.6483154296875,435000,0.0,0.0,-0.01826005818275378
2011-05-16,1355.1895509150258,1391.796104385167,1352.2012608358305,1363.4073486328125,242000,0.0,0.0,-0.0016409545353335275
2011-05-17,1367.8896145988429,1379.8427734375,1361.913035179514,1379.8427734375,87000,0.0,0.0,0.012054669370213267
2011-05-18,1394.78426540885,1408.978641971661,1373.1191643392963,1407.4844970703125,120000,0.0,0.0,0.020032516867085404
2011-05-19,1411.2199469378093,1416.4494544171976,1374.6133945820905,1377.6016845703125,107000,0.0,0.0,-0.02123136173947293
2011-05-20,1371.6251024199696,1392.54313230437,1367.142667444741,1378.3487548828125,114000,0.0,0.0,0.0005422977634736981
2011-05-23,1378.3484328662832,1378.3484328662832,1355.936263226181,1361.912841796875,106000,0.0,0.0,-0.011924350080277701
2011-05-24,1355.936586460772,1377.6016889441673,1355.936586460772,1376.1075439453125,59000,0.0,0.0,0.010422621560502554
2011-05-25,1380.5897196330789,1390.3016603014933,1374.6131407602084,1381.3367919921875,78000,0.0,0.0,0.003800028616864237
2011-05-26,1389.5545291595947,1408.2313373472236,1389.5545291595947,1403.0018310546875,127000,0.0,0.0,0.01568411062971431
2011-05-27,1397.772481927559,1397.772481927559,1387.3134681664762,1390.3017578125,67000,0.0,0.0,-0.009052071751496138
2011-05-30,1374.613425332992,1382.8312229844391,1364.9014826540088,1367.1427001953125,79000,0.0,0.0,-0.016657576304604516
2011-05-31,1367.1425909745064,1405.2432861328125,1367.1425909745064,1405.2432861328125,163000,0.0,0.0,0.027868770342742488
2011-06-01,1403.749078052946,1442.5968439171043,1403.0020056324815,1427.6553955078125,176000,0.0,0.0,0.015948917597519596
2011-06-02,1388.8076575237772,1391.0488748301632,1368.6367017663044,1374.61328125,290000,0.0,0.0,-0.037153303538593474
2011-06-03,1382.0836745403024,1385.0719635663356,1359.6715068450542,1360.4185791015625,125000,0.0,0.0,-0.01032632402294964
2011-06-06,1367.1422649262947,1373.8659154095387,1338.0064461655704,1346.9713134765625,242000,0.0,0.0,-0.00988465302633601
2011-06-07,1341.7419618031267,1350.7068301447957,1331.2829487378463,1335.018310546875,128000,0.0,0.0,-0.008873984776139432
2011-06-08,1335.7655772364835,1335.7655772364835,1240.1403010137376,1267.781982421875,571000,0.0,0.0,-0.05036359995501294
2011-06-09,1240.140102294469,1242.3813193468084,1198.3040506508003,1208.0159912109375,417000,0.0,0.0,-0.04714216800649351
2011-06-10,1210.2570432857306,1229.6809217582177,1179.6270810791164,1224.451416015625,1800000,0.0,0.0,0.013605304006126806
2011-06-13,1210.2573777919279,1233.4166239101685,1187.8452041291143,1191.58056640625,307000,0.0,0.0,-0.026845368611142617
2011-06-14,1195.3158550613496,1223.7046066190567,1178.880262054256,1217.72802734375,247000,0.0,0.0,0.021943510724045767
2011-06-15,1225.1986739884562,1225.9457463506442,1195.3157795009329,1201.2923583984375,138000,0.0,0.0,-0.013496994875911605
2011-06-16,1184.85671771877,1199.7981643482626,1173.6506327466504,1174.397705078125,197000,0.0,0.0,-0.022388099892825752
2011-06-17,1175.1449165901497,1175.1449165901497,1124.3439920331693,1125.091064453125,271000,0.0,0.0,-0.04198461936003184
2011-06-20,1124.344062356388,1158.7093958237592,1113.1379753561582,1143.0208740234375,214000,0.0,0.0,0.01593631852282784
2011-06-21,1140.0324095110661,1162.444580078125,1132.5616859887132,1162.444580078125,142000,0.0,0.0,0.016993308255444095
2011-06-22,1170.6624133602386,1175.89191999299,1143.7678078203735,1148.997314453125,287000,0.0,0.0,-0.011568091808812242
2011-06-23,1128.8265045373619,1130.3206494804954,1098.196533203125,1098.196533203125,459000,0.0,0.0,-0.04421314185070924
2011-06-24,1094.4610245636438,1116.8731957151178,1090.725662705065,1107.1612548828125,288000,0.0,0.0,0.008163130558735299
2011-06-27,1107.1616749753684,1107.1616749753684,1081.7612046992804,1089.97900390625,438000,0.0,0.0,-0.01551919460763751
2011-06-28,1092.2197912843435,1119.861468628749,1089.231501841705,1113.1378173828125,194000,0.0,0.0,0.021247027138657115
2011-06-29,1135.5502862360474,1155.7212452678718,1129.5737057821734,1137.79150390625,273000,0.0,0.0,0.022147919276880534
2011-06-30,1135.550212618671,1144.515082718292,1110.896819844713,1121.3558349609375,399000,0.0,0.0,-0.01444523789190355
2011-07-01,1125.8384389111031,1132.5620924945138,1098.1967519570815,1106.41455078125,308000,0.0,0.0,-0.013324302343517891
2011-07-04,1119.8615491450228,1133.3088526037354,1109.4025353438017,1128.079345703125,230000,0.0,0.0,0.019581082792681448
2011-07-05,1128.079170023534,1150.491338964399,1124.3438085333898,1148.2501220703125,231000,0.0,0.0,0.017880636183986942
2011-07-06,1193.074482889542,1206.5217845125924,1161.6974457690906,1185.603759765625,622000,0.0,0.0,0.032530924210104395
2011-07-07,1180.3745808208969,1205.0279739646246,1180.3745808208969,1198.3043212890625,320000,0.0,0.0,0.010712315492275692
2011-07-08,1208.76289115994,1233.4162752194443,1206.5216744272577,1227.439697265625,301000,0.0,0.0,0.02431383702699197
2011-07-11,1220.7163275240384,1234.1636310096155,1208.016096454327,1213.99267578125,312000,0.0,0.0,-0.010955341850463984
2011-07-12,1189.339252136963,1198.3041208716638,1178.8802386131456,1182.6156005859375,246000,0.0,0.0,-0.025846181629654574
2011-07-13,1170.6623293953353,1190.086209780963,1170.6623293953353,1179.627197265625,179000,0.0,0.0,-0.0025269439358248658
2011-07-14,1165.4327451378854,1169.1681065005066,1155.7208055950696,1163.1915283203125,131000,0.0,0.0,-0.013932934899611005
2011-07-15,1160.9507531650115,1160.9507531650115,1125.0912704417678,1137.79150390625,305000,0.0,0.0,-0.02183649364326179
2011-07-19,1103.4259241230243,1108.6554308724226,1090.7256934459144,1095.9552001953125,380000,0.0,0.0,-0.036769745218966476
2011-07-20,1112.3909299668999,1119.8616548155694,1089.231682936024,1091.472900390625,244000,0.0,0.0,-0.00408985677871565
2011-07-21,1096.7024464877627,1119.8616943359375,1091.4729389091424,1119.8616943359375,135000,0.0,0.0,0.026009618686045677
2011-07-22,1119.861589294884,1124.344023941828,1098.9435609424777,1113.885009765625,202000,0.0,0.0,-0.005336984558487412
2011-07-25,1109.402522334346,1110.1495947399583,1088.4844949772,1089.2315673828125,156000,0.0,0.0,-0.022132843306689187
2011-07-26,1078.0254276315789,1080.2666447368422,1057.1074013157895,1064.578125,330000,0.0,0.0,-0.022633793511924516
2011-07-27,1042.9132080078125,1048.142715497823,1030.2129755320727,1042.9132080078125,321000,0.0,0.0,-0.020350706522536788
2011-07-28,1046.6486613821476,1064.578402904754,1043.66037112838,1053.372314453125,266000,0.0,0.0,0.010028740996857799
2011-07-29,851.6625946716457,927.863984721214,829.250421127655,916.6578979492188,2085000,0.0,0.0,-0.12978736447509898
2011-08-01,928.611023150323,960.7351373864162,902.4634883069913,906.9459228515625,822000,0.0,0.0,-0.010594983274986536
2011-08-02,912.9224437671703,912.9224437671703,872.5805354501267,883.78662109375,327000,0.0,0.0,-0.025535482518071695
2011-08-03,866.603944359756,910.6812139435713,862.1215101647917,888.26904296875,486000,0.0,0.0,0.005071837215020025
2011-08-04,895.739990234375,932.3465452981651,892.7517000250859,895.739990234375,370000,0.0,0.0,0.008410680665686288
2011-08-05,856.8922649903155,899.4754028320312,856.8922649903155,899.4754028320312,397000,0.0,0.0,0.00417019742155178
2011-08-08,906.1987730734868,925.622654441921,897.2339047495941,912.9224243164062,373000,0.0,0.0,0.014949849036490104
2011-08-09,890.5102123684353,892.0043570200602,854.650740729438,860.6273193359375,408000,0.0,0.0,-0.0572831859395142
2011-08-10,875.5688427521152,876.3159151435419,842.6976575293395,855.3978881835938,272000,0.0,0.0,-0.006076301594026501
2011-08-11,835.9738963880037,860.6272820723684,835.2268240945381,851.6624145507812,198000,0.0,0.0,-0.004366942781147909
2011-08-12,852.4095266359661,853.1565989643061,805.3439699505446,814.308837890625,388000,0.0,0.0,-0.04385960448877957
2011-08-15,833.73266238678,905.451601086718,830.7443732742826,904.7045288085938,495000,0.0,0.0,0.11100909963365813
2011-08-16,905.4516275204852,933.0933026180578,868.8450848237,871.8333740234375,616000,0.0,0.0,-0.03633358045465329
2011-08-17,894.2455993652343,911.4282633463541,888.2690205891927,896.48681640625,351000,0.0,0.0,0.028277699750170138
2011-08-18,903.210612931275,911.4284100712619,893.4986708567452,909.9342651367188,178000,0.0,0.0,0.015000163398247723
2011-08-19,889.0162110367442,927.8639782417112,889.0162110367442,918.8991088867188,300000,0.0,0.0,0.009852188332146294
2011-08-22,923.3814208984375,933.0933614095052,896.48681640625,896.48681640625,167000,0.0,0.0,-0.02439037350642559
2011-08-23,901.7165082732199,986.8827733462498,899.4752907712981,979.4120483398438,518000,0.0,0.0,0.09250022467259078
2011-08-24,978.665004002885,983.1474391357226,921.1404197981352,928.6111450195312,404000,0.0,0.0,-0.0518687751558935
2011-08-25,930.8521965123431,959.9880196776571,930.8521965123431,944.2994995117188,301000,0.0,0.0,0.016894428390537453
2011-08-26,962.9762305493625,962.9762305493625,937.5757714037626,950.2760009765625,129000,0.0,0.0,0.00632903169803023
2011-08-29,944.2993966021302,978.6647227442963,941.3111073723766,969.1769409179688,219000,0.0,0.0,0.01988994768044483
2011-08-30,980.1588750892499,986.8825259092218,963.723284195985,971.2191772460938,211000,0.0,0.0,0.0021071862545456455
2011-08-31,980.1591184701492,1003.3183659340018,974.1825384794776,1001.0771484375,443000,0.0,0.0,0.03074277350666499
2011-09-01,1010.0421210445237,1015.2716290676833,988.3770163771486,1007.8009033203125,305000,0.0,0.0,0.0067165201935806
2011-09-02,992.1121686481044,994.3533858965566,965.9646340828307,984.1185302734375,308000,0.0,0.0,-0.023499059158263114
2011-09-05,973.4351004080465,982.3999670273071,965.9643782253294,971.34326171875,144000,0.0,0.0,-0.012981432786493552
2011-09-06,965.2176382737833,965.2176382737833,937.5759566823514,961.2581176757812,302000,0.0,0.0,-0.010382677721080369
2011-09-07,971.941190807257,988.3767835803236,968.2058288133783,983.5208129882812,117000,0.0,0.0,0.023159955586464998
2011-09-08,1002.5713019981187,1017.5127521024125,990.6181419146835,1006.5308227539062,193000,0.0,0.0,0.023395549399420013
2011-09-09,992.858942857631,993.6060150493975,982.3999321729004,987.5547485351562,1170000,0.0,0.0,-0.01885294895076417
2011-09-12,951.0230897316792,971.1940429310157,948.7818727095307,966.7116088867188,131000,0.0,0.0,-0.021105806720441822
2011-09-13,963.7235293820904,963.7235293820904,907.6930916273177,921.962158203125,334000,0.0,0.0,-0.046290383059667595
2011-09-14,930.10508443795,944.2994592205372,911.4282755134932,914.4165649414062,171000,0.0,0.0,-0.008184276539532687
2011-09-15,915.9108508269929,916.6579232991194,874.0747923879134,886.7750244140625,300000,0.0,0.0,-0.030228608696644677
2011-09-16,888.2690920324889,894.9927436963176,865.1098474126342,879.5283813476562,300000,0.0,0.0,-0.008171907041692461
2011-09-20,871.8334391450678,877.0629456352267,866.6039326549088,870.3392944335938,145000,0.0,0.0,-0.010447743482686178
2011-09-21,870.339316290778,895.7397770237278,870.339316290778,884.53369140625,221000,0.0,0.0,0.016309038398517606
2011-09-22,870.3394131840024,894.9928042870686,867.3511233533277,892.7515869140625,202000,0.0,0.0,0.009290652902940844
2011-09-26,889.016254886947,898.7281971672246,877.0630951573746,882.2926025390625,316000,0.0,0.0,-0.011715447531326362
2011-09-27,890.510291338373,890.510291338373,868.8451919685637,877.06298828125,437000,0.0,0.0,-0.005927301490188941
2011-09-28,877.0630088102537,877.0630088102537,823.2737953227424,826.2620849609375,614000,0.0,0.0,-0.057921613383624004
2011-09-29,827.0090269444806,855.397774030199,819.5383040271863,852.4094848632812,403000,0.0,0.0,0.031645406921436914
2011-09-30,841.9505105520102,855.3978124064346,830.7444256733233,838.2151489257812,199000,0.0,0.0,-0.016652015480302484
2011-10-03,841.9506057806477,851.66254710731,836.721098912445,847.9271850585938,189000,0.0,0.0,0.011586567178198726
2011-10-04,841.9505851379128,859.1332501407273,841.9505851379128,855.3978881835938,195000,0.0,0.0,0.008810547953458814
2011-10-05,854.6508635957363,884.5337609242584,853.1567187293101,881.5454711914062,151000,0.0,0.0,0.030567743232726485
2011-10-06,886.0279649545539,899.4752696503228,874.0748052249814,882.2926025390625,131000,0.0,0.0,0.0008475244579799757
2011-10-07,885.2805306348818,894.2453967678931,877.8098088573721,880.051025390625,210000,0.0,0.0,-0.0025406278393207415
2011-10-11,892.7515279747533,892.7515279747533,883.0395866662413,892.0044555664062,92000,0.0,0.0,0.013582655813025646
2011-10-12,882.2925225257053,890.5103190945306,859.1332776499247,867.35107421875,162000,0.0,0.0,-0.02763818184293909
2011-10-13,874.0749692563658,912.9227456677597,872.5808240097737,907.6932373046875,183000,0.0,0.0,0.04651191920442943
2011-10-14,890.5104749833777,897.2341278985207,876.3160966069648,877.8102416992188,164000,0.0,0.0,-0.032921910594160164
2011-10-17,889.0163686015818,906.9461104893448,889.0163686015818,905.4519653320312,151000,0.0,0.0,0.03148940661629229
2011-10-18,894.2455993652343,906.1987569173177,893.4985270182291,896.48681640625,90000,0.0,0.0,-0.009901297108006912
2011-10-19,899.4751057942708,900.9692504882812,894.2455993652343,896.48681640625,105000,0.0,0.0,0.0
2011-10-20,892.751604191074,896.486966551706,877.8101547485455,886.7750244140625,94000,0.0,0.0,-0.010833167665665444
2011-10-21,875.5688229122677,892.7514875257338,874.8217505377692,884.53369140625,114000,0.0,0.0,-0.002527510299800584
2011-10-24,881.5455581511941,898.7282258100732,880.7984856442863,893.4987182617188,84000,0.0,0.0,0.010135314169001264
2011-10-25,881.5454969014207,883.0396418114232,868.0981927113991,872.5806274414062,86000,0.0,0.0,-0.023411439090822883
2011-10-26,862.8685315223775,864.3626761657063,808.3322520408766,839.7092895507812,238000,0.0,0.0,-0.0376714046322697
2011-10-27,817.297234597892,848.6742765111567,811.3206551858417,841.2035522460938,235000,0.0,0.0,0.0017795000173357334
2011-10-28,838.2153924959842,881.5455999512134,832.9858846996635,879.3043823242188,307000,0.0,0.0,0.045293234885174005
2011-10-31,872.5805465837303,913.6695278012861,871.0864018121828,901.7163696289062,244000,0.0,0.0,0.025488315258303418
2011-11-01,896.486613301146,900.2219741899008,874.0744479686174,880.051025390625,100000,0.0,0.0,-0.024026783773701932
2011-11-02,867.35107421875,880.7983776950098,865.8569293880545,867.35107421875,215000,0.0,0.0,-0.014430925941183781
2011-11-04,874.0749171776107,888.2692961745121,871.8336994412579,885.281005859375,77000,0.0,0.0,0.020672057917003217
2011-11-07,899.4753847027769,907.6931830680016,894.2458766521794,905.4519653320312,147000,0.0,0.0,0.022784809952039575
2011-11-08,899.4750228617232,911.4281793117129,895.7396614711015,904.7045288085938,136000,0.0,0.0,-0.0008254844564431485
2011-11-09,909.1871776845504,933.0934962432239,903.9576704998406,915.1637573242188,165000,0.0,0.0,0.011560933080990266
2011-11-10,898.7282484179058,931.5994395487353,894.9928857894025,927.1170043945312,176000,0.0,0.0,0.01306132041904906
2011-11-11,924.1285567256472,928.6109911155855,906.9458915642164,918.1519775390625,99000,0.0,0.0,-0.009669790126785038
2011-11-14,928.6108968589201,935.334547761358,923.3813906014684,930.1050415039062,89000,0.0,0.0,0.013018611577662487
2011-11-15,924.1286015794767,924.87567401406,899.4752112382296,902.4635009765625,170000,0.0,0.0,-0.02971872992178337
2011-11-16,905.4517200047549,905.4517200047549,874.8217525788514,883.78662109375,88000,0.0,0.0,-0.020695440715998048
2011-11-17,869.5923376214015,880.0513519914183,856.1450334313798,872.5806274414062,121000,0.0,0.0,-0.01267952397658556
2011-11-18,856.8919378336449,871.0863116948823,853.156576291214,868.0980224609375,131000,0.0,0.0,-0.0051371814128085
2011-11-21,859.1332734912403,886.7749527253063,859.1332734912403,868.84521484375,44000,0.0,0.0,0.0008607235167916727
2011-11-22,853.1566919267965,856.1449815657695,844.9388954196207,847.9271850585938,123000,0.0,0.0,-0.024075668977377118
2011-11-24,827.0091379070809,833.7327894347808,809.0794004998813,811.3206176757812,256000,0.0,0.0,-0.04317182893514959
2011-11-25,825.5149897316683,846.4330166207965,823.273772564976,834.4798583984375,292000,0.0,0.0,0.028545115479748695
2011-11-28,856.8919677734375,873.3275591343927,848.6741720929599,856.8919677734375,142000,0.0,0.0,0.02685757978390768
2011-11-29,869.5923122599974,882.2925436246194,869.5923122599974,881.5454711914062,217000,0.0,0.0,0.028770842002439068
2011-11-30,880.7982557625606,880.7982557625606,850.1682909735317,866.6038818359375,190000,0.0,0.0,-0.016949312138459738
2011-12-01,868.0980507455221,876.3158464066242,855.397821087455,857.6390380859375,155000,0.0,0.0,-0.010344799899819956
2011-12-02,847.9270850890896,849.4212297324184,833.732710977466,839.7092895507812,109000,0.0,0.0,-0.02090593797499185
2011-12-05,845.6859889322917,855.3979305013021,836.7211197916666,840.4564819335938,86000,0.0,0.0,0.0008898226947235965
2011-12-06,837.4681711041691,843.4447503805592,826.2620849609375,826.2620849609375,212000,0.0,0.0,-0.016888913677005513
2011-12-07,839.7093693070348,846.433020840632,832.2386453808156,832.9857177734375,147000,0.0,0.0,0.008137409346113067
2011-12-08,834.4798814659739,835.9740262850714,812.8147815890596,826.2620849609375,146000,0.0,0.0,-0.008071726404232038
2011-12-09,810.5735956431528,826.2621168491493,809.826523204772,815.0560302734375,1438000,0.0,0.0,-0.013562348910188482
2011-12-12,823.2738582835478,829.2504380170037,818.0443510167739,825.5150756835938,118000,0.0,0.0,0.012832302346928781
2011-12-13,820.2854809701336,838.9622906461384,815.8030466478924,835.2269287109375,154000,0.0,0.0,0.011764598022999895
2011-12-14,847.9271698683526,859.1332558137494,831.4915771484374,831.4915771484375,204000,0.0,0.0,-0.004472259495111097
2011-12-15,829.2503403003132,830.744485057611,816.5501098632812,816.5501098632812,95000,0.0,0.0,-0.017969475212722297
2011-12-16,824.0208462291391,824.0208462291391,810.573543208174,812.0676879882812,177000,0.0,0.0,-0.005489463317505994
2011-12-19,815.0561071453672,815.0561071453672,782.1849167563698,788.9085693359375,321000,0.0,0.0,-0.028518704776587467
2011-12-20,789.6556374562484,799.3675800172051,777.7024773812249,790.4027099609375,128000,0.0,0.0,0.001893933825890315
2011-12-21,791.1496073018894,791.1496073018894,782.931811569764,787.4142456054688,95000,0.0,0.0,-0.00378093890343123
2011-12-22,789.655615760146,806.0912104117291,789.655615760146,797.8734130859375,182000,0.0,0.0,0.013282928952379258
2011-12-26,796.3791628279777,796.3791628279777,783.6789322763119,791.896728515625,88000,0.0,0.0,-0.007490767924195452
2011-12-27,799.3674863617996,809.0794277848869,799.3674863617996,801.6087036132812,90000,0.0,0.0,0.012264193988856142
2011-12-28,801.6088019862319,803.1029470039136,787.4144243182558,788.9085693359375,107000,0.0,0.0,-0.01584330886141505
2011-12-29,788.161381126469,789.655525924813,780.6906571347489,786.667236328125,84000,0.0,0.0,-0.002841055471991094
2011-12-30,784.4259562483322,788.1613179447529,782.931811569764,787.4142456054688,26000,0.0,0.0,0.0009495873767801921
2012-01-04,807.5852954057011,820.2855266933024,804.5970056909714,818.7913818359375,252000,0.0,0.0,0.039848321776731144
2012-01-05,820.2855140422953,820.2855140422953,801.6087036132812,801.6087036132812,160000,0.0,0.0,-0.02098541655888997
2012-01-06,803.1028080076287,804.5969527667128,791.896722314499,794.137939453125,143000,0.0,0.0,-0.009319714377453159
2012-01-10,812.067632801845,812.067632801845,785.1730285876164,787.4142456054688,161000,0.0,0.0,-0.008466657382326326
2012-01-11,783.6790312842078,787.414393683084,777.7024514460061,778.4495239257812,150000,0.0,0.0,-0.011385013326491444
2012-01-12,779.1964660411127,790.4025513628928,778.4493936863273,781.4376831054688,122000,0.0,0.0,0.003838603644611416
2012-01-13,781.4377696408063,781.4377696408063,759.025596515353,772.472900390625,185000,0.0,0.0,-0.011472165866403206
2012-01-16,769.4846064151484,784.4260550834036,768.7375339817356,773.967041015625,112000,0.0,0.0,0.0019342304749390138
2012-01-17,772.4728961487995,778.4494756161016,767.9904615483229,773.967041015625,90000,0.0,0.0,0.0
2012-01-18,771.725944829058,771.725944829058,753.0491310626239,753.7962036132812,244000,0.0,0.0,-0.02606162321314731
2012-01-19,754.543056469465,769.4845031322267,748.5664778043604,767.2432861328125,204000,0.0,0.0,0.017839148638681523
2012-01-20,779.9434886259191,801.6085855321946,779.1964163188062,800.1144409179688,174000,0.0,0.0,0.04284319638799183
2012-01-23,794.1378764102333,805.3439612137644,791.1495871292917,794.8849487304688,103000,0.0,0.0,-0.006535930262051237
2012-01-24,804.5968767683082,810.5734552401248,799.3673706054688,799.3673706054688,57000,0.0,0.0,0.005639082589447675
2012-01-25,804.5969661480815,812.8147624597145,795.6320974444816,811.3206176757812,158000,0.0,0.0,0.014953383775545781
2012-01-26,802.3557027086713,811.3205708953603,800.8615580108898,806.091064453125,115000,0.0,0.0,-0.006445729479472084
2012-01-27,749.3136117797613,772.4728560122365,749.3136117797613,766.4962768554688,531000,0.0,0.0,-0.049119496969636356
2012-01-30,765.7492870420922,770.2317218930702,758.278562290462,759.025634765625,228000,0.0,0.0,-0.009746481901375836
2012-01-31,759.0254904682936,776.2081541304694,756.0372011357412,767.2432861328125,128000,0.0,0.0,0.010826579486640009
2012-02-01,770.9787747713415,774.7141370522104,764.2551226657774,765.749267578125,94000,0.0,0.0,-0.001947255299186601
2012-02-02,773.2199622439696,784.4260486533025,770.2316725348142,776.208251953125,112000,0.0,0.0,0.01365849739312086
2012-02-03,778.4494692349916,781.437758944147,775.4611795258361,776.208251953125,102000,0.0,0.0,0.0
2012-02-06,783.6789805045354,788.1614150927405,773.21996646539,774.714111328125,91000,0.0,0.0,-0.0019249223661824688
2012-02-07,777.7024773812249,797.1263625031382,777.7024773812249,790.4027099609375,192000,0.0,0.0,0.020250823372659266
2012-02-08,794.8849367516062,799.3673706054688,788.1612859708126,799.3673706054688,271000,0.0,0.0,0.011341890066361549
2012-02-09,803.8498213212569,818.044195489569,803.8498213212569,815.802978515625,158000,0.0,0.0,0.020560769071306106
2012-02-10,816.550013506854,816.550013506854,803.1027122780129,806.8380737304688,106000,0.0,0.0,-0.010989056207502568
2012-02-13,810.5736277980875,810.5736277980875,802.3558306499041,803.8499755859375,76000,0.0,0.0,-0.0037034669555386923
2012-02-14,797.873395841804,806.8382654580041,794.1380335017208,803.8499755859375,84000,0.0,0.0,0.0
2012-02-15,809.0795510474672,844.1919600033591,805.3441883925851,842.6978149414062,368000,0.0,0.0,0.04832722589454841
2012-02-16,853.9036865234375,883.0395078483842,846.4329631067845,853.9036865234375,651000,0.0,0.0,0.013297615566750132
2012-02-17,876.3159389610651,877.0630113727966,861.3744907264348,868.84521484375,182000,0.0,0.0,0.017497908202206203
2012-02-20,891.2574388164364,900.2223082764508,868.8452651664003,872.5806274414062,216000,0.0,0.0,0.004299284307306639
2012-02-21,871.0864619030135,874.074751652252,852.409650970273,858.38623046875,114000,0.0,0.0,-0.01626714658366557
2012-02-22,855.3978707965712,883.78662109375,853.9037260440881,883.78662109375,291000,0.0,0.0,0.029590864488971746
2012-02-23,890.5102495181015,920.3931437972325,888.2690324471668,914.4165649414062,299000,0.0,0.0,0.034657623363600454
2012-02-24,920.3930331765412,933.09326171875,914.4164550390312,933.09326171875,339000,0.0,0.0,0.020424713957954754
2012-02-27,970.4471563407084,971.1942288244195,943.5525469271091,945.0466918945312,384000,0.0,0.0,0.012810541739164627
2012-02-28,926.3696387904859,933.8403616839574,909.186976135501,922.63427734375,381000,0.0,0.0,-0.023715669017211338
2012-02-29,927.1167638382703,938.3228488161704,903.2104492187501,903.21044921875,310000,0.0,0.0,-0.02105257587103837
2012-03-01,908.4399739583333,914.4165527343749,892.0043823242187,896.48681640625,282000,0.0,0.0,-0.007444148612669066
2012-03-02,911.428490136884,911.428490136884,880.0514437551225,883.0397338867188,205000,0.0,0.0,-0.014999754902628282
2012-03-05,874.074751652252,878.5571862761096,858.38623046875,858.38623046875,220000,0.0,0.0,-0.02791890610568093
2012-03-06,862.1215050363709,862.8685773977543,845.6859130859375,845.6859130859375,156000,0.0,0.0,-0.01479557445356161
2012-03-07,829.2504144483997,834.4799215665428,824.7679797757056,833.7328491210938,346000,0.0,0.0,-0.014134164682046757
2012-03-08,856.145054099834,856.145054099834,844.1918945312499,844.19189453125,261000,0.0,0.0,0.012544840258101875
2012-03-09,855.3978990957817,880.7983607283202,844.9388854823834,873.32763671875,1533000,0.0,0.0,0.03451317452375924
2012-03-12,883.7866824462467,893.4986240115901,853.9037853221132,862.12158203125,192000,0.0,0.0,-0.012831444026669248
2012-03-13,865.8568337470397,877.0629187394517,856.89196575311,857.6390380859375,143000,0.0,0.0,-0.005199433628318539
2012-03-14,875.568903668563,900.9693667442722,875.568903668563,898.7281494140625,299000,0.0,0.0,0.04790956276876912
2012-03-15,912.9225145615968,933.0934702843163,903.2105729173246,924.1286010742188,236000,0.0,0.0,0.028262663939831345
2012-03-16,924.1285634318197,939.817083910452,913.669549779398,937.5758666992188,293000,0.0,0.0,0.014551292546696182
2012-03-19,952.5173254394532,952.5173254394532,927.1168634277344,933.8405151367188,121000,0.0,0.0,-0.003984052592619025
2012-03-21,946.5407864040798,947.2878588479663,933.8405548580108,941.311279296875,218000,0.0,0.0,0.008000042875696556
2012-03-22,941.311241564353,977.1707174334712,941.311241564353,976.4236450195312,290000,0.0,0.0,0.03730154572128774
2012-03-23,948.7820543130867,953.2644892153533,945.0466918945312,945.0466918945312,325000,0.0,0.0,-0.032134569134048774
2012-03-26,948.0348761292232,950.2760933304744,933.8405005212995,939.0700073242188,275000,0.0,0.0,-0.006324221460773605
2012-03-27,948.782156520586,956.2528821624803,942.058503442881,951.7704467773438,271000,0.0,0.0,0.013524486304608452
2012-03-28,952.5232353867126,962.31201171875,941.228493465131,962.31201171875,244000,10.0,0.0,0.011075743081852885
2012-03-29,962.312100523456,962.312100523456,951.0173575595657,953.2763061523438,180000,0.0,0.0,-0.00938957994535261
2012-03-30,948.758496916696,958.5472750594872,938.2167358398438,938.2167358398438,144000,0.0,0.0,-0.015797697074087735
2012-04-02,948.7585216148941,952.5234363832071,944.993606846581,946.4995727539062,268000,0.0,0.0,0.008828276663225498
2012-04-03,951.7702784982288,951.7702784982288,925.4158799638633,929.9337768554688,97000,0.0,0.0,-0.01750216944127947
2012-04-04,933.6985409805199,938.2164371465547,918.6388870937373,921.6508178710938,141000,0.0,0.0,-0.00890704175988044
2012-04-05,905.0853516415099,937.4636129731113,905.0853516415099,930.686767578125,105000,0.0,0.0,0.009804092321974212
2012-04-06,924.6629064045754,924.6629064045754,911.1092155940848,913.3681640625,254000,0.0,0.0,-0.018608412753833625
2012-04-09,903.5795520963218,912.6153476172849,903.5795520963218,905.8385009765625,169000,0.0,0.0,-0.008243842277627533
2012-04-10,907.3442914081966,920.1449992537894,903.5793773359634,906.59130859375,68000,0.0,0.0,0.0008310616256383963
2012-04-11,892.2844194245818,900.5672283812656,890.0254715273044,897.5552978515625,115000,0.0,0.0,-0.009967016732383649
2012-04-12,897.55551604837,898.3084988638468,882.4958597388336,889.272705078125,94000,0.0,0.0,-0.009227947061605235
2012-04-13,890.025781800057,891.5317475899047,862.9183975827963,868.9422607421875,237000,0.0,0.0,-0.022861878274057057
2012-04-16,846.352698483497,854.6355095896522,843.3407671721677,844.09375,177000,0.0,0.0,-0.028596273728203392
2012-04-17,844.093718307618,854.6354775014687,837.3168731115711,841.081787109375,104000,0.0,0.0,-0.003568280052571149
2012-04-18,853.882513010724,858.4004099049606,848.6116333007812,848.6116333007812,126000,0.0,0.0,0.00895257311097497
2012-04-19,841.0818363800183,856.1414932534296,841.0818363800183,851.6235961914062,130000,0.0,0.0,0.0035492830553236487
2012-04-20,850.8705021373013,867.4361225328947,850.8705021373013,858.4003295898438,158000,0.0,0.0,0.00795742793969545
2012-04-23,858.4004279868899,877.2249987760761,850.8705996712155,856.1414794921875,102000,0.0,0.0,-0.0026314646206340164
2012-04-24,849.3645523521279,855.3884144255474,838.8227937236442,842.5877075195312,145000,0.0,0.0,-0.015831229180363393
2012-04-25,850.1175830620659,852.3765314670138,845.5996862521702,847.1056518554688,54000,0.0,0.0,0.0053619870022050264
2012-04-26,852.3765829763105,863.6713256835938,850.870617282006,863.6713256835938,68000,0.0,0.0,0.019555617167516415
2012-04-27,847.8588045127277,853.8826681327115,805.6917591728408,816.2335205078125,460000,0.0,0.0,-0.05492576141535599
2012-05-01,806.4445458489496,816.2333218489835,775.572252310381,780.0901489257812,8284000,0.0,0.0,-0.04428067541203773
2012-05-02,786.8670123302686,795.1498229863766,780.8431500349172,787.6199951171875,100000,0.0,0.0,0.009652533366528493
2012-05-07,765.0306082864995,771.8074542260453,756.7477965826102,762.0186767578125,206000,0.0,0.0,-0.03250465772592004
2012-05-08,760.5125250949328,768.0423520760708,749.2177846232258,755.99462890625,157000,0.0,0.0,-0.007905380846035426
2012-05-09,751.4768406027615,762.0185998897741,743.1940297343943,760.5126342773438,232000,0.0,0.0,0.005976240039734515
2012-05-10,759.0066313872467,783.1020800027147,759.0066313872467,780.0901489257812,135000,0.0,0.0,0.025742523879357382
2012-05-11,770.3012902707469,774.8191864013672,737.9230346679688,737.9230346679688,305000,0.0,0.0,-0.05405415555609627
2012-05-14,734.1581212257852,745.4528615523358,730.3932077836017,737.9230346679688,173000,0.0,0.0,0.0
2012-05-15,726.6282694433697,728.134234768641,707.0507202148438,707.0507202148438,191000,0.0,0.0,-0.04183676752551313
2012-05-16,700.2739525044002,719.8515038647383,699.5209697597718,708.5567626953125,182000,0.0,0.0,0.002130034575187345
2012-05-17,710.0628522545319,717.59268101651,704.0389892449494,714.5807495117188,118000,0.0,0.0,0.008501770265364916
2012-05-18,697.2620477748251,706.2978410505248,686.7202889531754,699.52099609375,238000,0.0,0.0,-0.021074949791551556
2012-05-21,691.2383422851562,698.0151887781481,690.4853593414905,691.2383422851562,90000,0.0,0.0,-0.011840464910768289
2012-05-22,699.5209590273354,712.3216654896224,699.5209590273354,701.7799072265625,79000,0.0,0.0,0.015250260722744269
2012-05-23,696.5089406398748,698.7678885554635,681.4492878692829,682.2022705078125,366000,0.0,0.0,-0.027897117767479163
2012-05-24,670.907656320608,682.955380788767,655.8480007354092,676.9315185546875,277000,0.0,0.0,-0.007726083862490851
2012-05-25,676.1785628567151,682.9554081414706,658.8599582401176,667.895751953125,169000,0.0,0.0,-0.01334812511146577
2012-05-28,673.1665217054033,694.2500369266016,673.1665217054033,691.9910888671875,134000,0.0,0.0,0.03607649373963007
2012-05-29,680.696424254377,695.756079658235,679.1904587139912,693.4971313476562,91000,0.0,0.0,0.0021763899921518615
2012-05-30,691.2382777313436,691.9912606046893,670.1547572776642,679.1905517578125,196000,0.0,0.0,-0.020629616105321325
2012-05-31,661.1189627975159,682.2024832511953,658.8600141774789,679.1905517578125,98000,0.0,0.0,0.0
2012-06-01,674.6725622912027,680.696424454517,670.154665668717,676.1785278320312,142000,0.0,0.0,-0.004434725892440428
2012-06-04,664.8838018798829,678.4374920654298,658.8599395751953,677.6845092773438,141000,0.0,0.0,0.002227195013336125
2012-06-05,682.9552873323202,707.0507329713877,682.2023046560993,702.5328369140625,133000,0.0,0.0,0.03666651265677601
2012-06-06,698.7680922184746,698.7680922184746,677.6845721946414,683.7084350585938,265000,0.0,0.0,-0.026795049094297974
2012-06-07,692.744127106693,695.0030753472582,676.1785066758807,679.9434204101562,165000,0.0,0.0,-0.005506754714990181
2012-06-08,678.437593996934,678.437593996934,656.6010898616275,658.1070556640625,1084000,0.0,0.0,-0.032114973232510446
2012-06-11,660.3658447265625,670.154620075987,651.3300520963245,660.3658447265625,182000,0.0,0.0,0.0034322517029099497
2012-06-12,660.3658447265625,661.8718101649355,646.059173062019,660.3658447265625,292000,0.0,0.0,0.0
2012-06-13,663.377903742478,679.1905438997902,660.3659722839424,678.4375610351562,95000,0.0,0.0,0.027366218972267875
2012-06-14,679.9435346311582,681.4495003778496,667.1428257842815,679.1905517578125,99000,0.0,0.0,0.0011098894959580274
2012-06-15,675.4256591796875,683.7084710536859,674.6726762820513,675.4256591796875,94000,0.0,0.0,-0.005543205170303267
2012-06-18,693.4971903104249,701.0270186525577,687.4733276367188,687.4733276367188,133000,0.0,0.0,0.01783714949719739
2012-06-19,685.2144787358303,696.5092228908165,684.4614957921646,691.2383422851562,41000,0.0,0.0,0.0054765974141575136
2012-06-20,696.5090650018501,702.5329271856499,695.7560822288751,699.52099609375,60000,0.0,0.0,0.011982341403707686
2012-06-21,706.2978461371528,724.3694328187004,706.2978461371528,711.5687255859375,153000,0.0,0.0,0.017222827562666687
2012-06-22,703.2859773105489,718.3456342122737,702.5329944654627,717.5926513671875,85000,0.0,0.0,0.00846569778103956
2012-06-25,711.5689215861576,715.3338365151849,694.250312912632,695.0032958984375,116000,0.0,0.0,-0.03147935730070783
2012-06-26,686.7202308704868,697.2619888005163,684.4612827426234,688.2261962890625,256000,0.0,0.0,-0.009751176216530322
2012-06-27,684.4612620024739,691.9910888671875,679.9433658836456,691.9910888671875,174000,0.0,0.0,0.005470429051415593
2012-06-28,695.7559975280103,698.0149455719325,691.238101440166,697.261962890625,74000,0.0,0.0,0.007616968062502227
2012-06-29,689.7322879914315,703.2859792401714,688.226322297127,700.2740478515625,112000,0.0,0.0,0.004319875629598791
2012-07-02,707.0507540209541,708.5567194182297,698.7679443359375,698.7679443359375,116000,0.0,0.0,-0.002150734444958724
2012-07-03,699.5211288097292,713.8278042105741,698.7681458938954,712.3218383789062,103000,0.0,0.0,0.01939684576665779
2012-07-04,717.5925194504589,730.3932254637409,717.5925194504589,728.13427734375,115000,0.0,0.0,0.02219844754560585
2012-07-05,727.3814759637318,735.664287801828,722.110595703125,722.110595703125,69000,0.0,0.0,-0.008272762082564666
2012-07-06,715.3336791992188,719.0985933002673,704.7919197162829,715.3336791992188,91000,0.0,0.0,-0.009384873375673841
2012-07-09,707.8038762649801,707.8038762649801,704.0389620295281,705.5819702148438,53000,0.0,0.0,-0.013632391802510302
2012-07-10,712.3217181540549,714.580666520294,698.7680279566205,705.6226806640625,46000,0.0,0.0,5.769768919461349e-05
2012-07-11,696.508996240024,701.0268924318511,693.4970654454725,698.7679443359375,61000,0.0,0.0,-0.00971445011046701
2012-07-12,700.2739739717465,700.2739739717465,685.967301385227,689.8074951171875,58000,0.0,0.0,-0.012823211613213648
2012-07-13,676.9315106024455,679.9434416841027,673.1665967503741,676.1785278320312,127000,0.0,0.0,-0.019757638734906657
2012-07-17,676.931470574083,676.931470574083,671.660591492861,672.41357421875,38000,0.0,0.0,-0.005567987533340424
2012-07-18,670.1544885629119,670.1544885629119,661.8716802773029,662.7752685546875,60000,0.0,0.0,-0.014333895140741126
2012-07-19,660.3660937840998,664.1310087999727,658.1071447745761,659.1400146484375,99000,0.0,0.0,-0.0054848967345709765
2012-07-20,658.8599109427356,658.8599109427356,646.0592041015625,646.0592041015625,94000,0.0,0.0,-0.019845268465231714
2012-07-23,634.7644504595424,646.0591915709222,630.9995367557492,640.0031127929688,267000,0.0,0.0,-0.009373895256264642
2012-07-24,636.270371220538,637.7763365962079,622.7166828395088,623.4696655273438,152000,0.0,0.0,-0.025833385705693157
2012-07-25,621.210673513588,621.210673513588,606.9040034569114,613.6808471679688,107000,0.0,0.0,-0.015700552730332773
2012-07-26,629.4935595553379,645.3061968168954,613.6809222937803,637.0438842773438,186000,0.0,0.0,0.03807033772879076
2012-07-27,649.8241457234767,665.6367842636771,643.8002834224479,657.9933471679688,179000,0.0,0.0,0.03288543129864574
2012-07-30,667.1425773896083,693.4969681442767,646.812047378864,653.5136108398438,166000,0.0,0.0,-0.00680817875652695
2012-07-31,655.0950711495536,661.8719167131696,653.5891054687501,658.8599853515625,111000,0.0,0.0,0.008180968878135575
2012-08-01,652.8359970165089,654.3419624075505,632.5054642374481,635.5173950195312,94000,0.0,0.0,-0.035428757021229385
2012-08-02,640.0353103387552,650.5770683913935,630.2465350041624,643.0472412109375,198000,0.0,0.0,0.011848371500790877
2012-08-03,630.246539055973,634.7644353932918,624.9756599957677,626.7828369140625,88000,0.0,0.0,-0.025292705192618725
2012-08-06,631.7526921492356,634.0116409888634,623.4698797372671,626.4818115234375,66000,0.0,0.0,-0.0004802706342552643
2012-08-07,624.975792563119,627.9877240935436,620.457895267482,627.2347412109375,24000,0.0,0.0,0.001201838064011973
2012-08-08,629.4935992570191,639.2823753220206,628.7406164827883,630.24658203125,88000,0.0,0.0,0.004801776149225834
2012-08-09,629.4936005408497,647.5651871592472,629.4936005408497,643.7667236328125,181000,0.0,0.0,0.021452145853751103
2012-08-10,643.8002311912538,655.094972089346,640.0353175585565,644.555419921875,48000,0.0,0.0,0.0012251274570573845
2012-08-13,642.2942535652608,647.5651325511421,642.2942535652608,645.3366088867188,35000,0.0,0.0,0.0012119810658615116
2012-08-14,649.071111707146,650.577077163543,627.2346125893881,627.82177734375,99000,0.0,0.0,-0.02714061359882225
2012-08-15,630.9994542908726,637.0233154296875,627.2345410791131,637.0233154296875,36000,0.0,0.0,0.01465629007784397
2012-08-16,637.0232940540059,661.1187378007295,632.5053983514952,659.2789306640625,98000,0.0,0.0,0.03493689272481815
2012-08-17,657.3539398842163,664.8837673742989,653.589026139175,657.6551513671875,160000,0.0,0.0,-0.0024629625206427086
2012-08-20,659.6128939832269,667.8957042958017,655.0949974490952,660.2152709960938,59000,0.0,0.0,0.003892799476418629
2012-08-21,667.1428379368137,674.6726668074324,666.3898550497519,668.6488037109375,57000,0.0,0.0,0.012773913426933792
2012-08-22,668.6486949271897,668.6486949271897,659.6129017524979,664.1307983398438,55000,0.0,0.0,-0.0067569183493924045
2012-08-23,663.377924147888,673.9196845770259,655.0951123821369,672.966552734375,42000,0.0,0.0,0.01330423828652183
2012-08-24,668.6485992366868,671.660529863879,666.3896512662925,670.0792846679688,13000,0.0,0.0,-0.0042903589408341825
2012-08-27,670.9077462137744,681.4495065358765,669.4017804534742,673.919677734375,45000,0.0,0.0,0.005731251740320964
2012-08-28,678.4375573109772,681.4494887529793,662.6249172404661,666.3898315429688,132000,0.0,0.0,-0.011173210161662839
2012-08-29,667.8958009302814,679.1905438997902,667.8958009302814,678.4375610351562,49000,0.0,0.0,0.018079101633786898
2012-08-30,681.4495127909893,682.2024956780512,664.8838892756281,668.6488037109375,87000,0.0,0.0,-0.014428383518865218
2012-08-31,664.1307178462317,667.8956312127069,655.8479084399862,656.6008911132812,58000,0.0,0.0,-0.018018296796152855
2012-09-03,657.3540790914251,664.1309252676255,649.0712670982915,652.836181640625,118000,0.0,0.0,-0.0057336344248225535
2012-09-04,652.8359777468061,656.6008911132812,645.3061510138556,656.6008911132812,88000,0.0,0.0,0.005766698566239459
2012-09-05,656.6010961829585,657.3540790914251,652.0831987321583,652.836181640625,50000,0.0,0.0,-0.0057336344248225535
2012-09-06,646.8121816293353,651.330078125,646.8121816293353,651.330078125,40000,0.0,0.0,-0.0023070159987763628
2012-09-07,662.6248193641619,665.6367503612717,648.3181471278901,651.330078125,52000,0.0,0.0,0.0
2012-09-10,651.3302033821651,663.3779296875,646.8123060176646,663.3779296875,47000,0.0,0.0,0.01849730569357777
2012-09-11,652.836030489268,656.6009441599097,652.836030489268,655.8479614257812,54000,0.0,0.0,-0.011350947815321422
2012-09-12,656.6009552576481,680.6964031570113,655.8479725107929,679.9434204101562,99000,0.0,0.0,0.03673939754572486
2012-09-13,684.4613043658212,706.2978036250167,684.4613043658212,701.7799072265625,186000,0.0,0.0,0.032115152762613786
2012-09-14,700.2740459302039,719.09861705736,696.5091317047727,717.5926513671875,962000,0.0,0.0,0.02253234094876988
2012-09-18,737.9232075399982,758.2537448905899,731.8993446213043,754.4888305664062,212000,0.0,0.0,0.051416606801815146
2012-09-19,759.0067827056491,768.0425777378592,743.9471243186323,759.759765625,207000,0.0,0.0,0.006986100847426346
2012-09-20,755.9946406750802,758.2535888045874,731.8991939603366,734.1581420898438,140000,0.0,0.0,-0.03369699830589956
2012-09-21,726.6282625667385,737.1700197438726,722.8633492891906,734.9110717773438,136000,0.0,0.0,0.0010255688036868715
2012-09-24,736.4171648999856,742.4410271895559,728.8873370380225,729.6403198242188,87000,0.0,0.0,-0.0071719588335742435
2012-09-25,725.122354668709,774.8192138671876,725.122354668709,774.8192138671875,254000,0.0,0.0,0.06191940441812904
2012-09-26,759.0063748104145,759.0063748104145,743.1937420018643,744.69970703125,177000,0.0,0.0,-0.03887294777527328
2012-09-27,742.4410716047191,747.7119514234139,734.911243292298,745.4530029296875,98000,0.0,0.0,0.0010115431647481632
2012-09-28,765.0305264202402,766.5364920234297,738.6761283644249,748.4649047851562,200000,0.0,0.0,0.004040364508066663
2012-10-01,749.2178004968238,758.2535930656296,743.1939387842865,757.5006103515625,79000,0.0,0.0,0.012072316963211316
2012-10-02,758.2536717434132,789.8789490157303,758.2536717434132,782.34912109375,150000,0.0,0.0,0.032803288080065274
2012-10-03,801.9268444103508,816.9865034603105,798.1619296478609,816.2335205078125,176000,0.0,0.0,0.04331109794907295
2012-10-04,817.7394129018314,829.7871390587644,800.4208065512402,826.7752075195312,180000,0.0,0.0,0.012915038094931885
2012-10-05,812.4682445164295,835.0577230479337,802.6794704861111,833.5517578125,202000,0.0,0.0,0.008196363692737574
2012-10-09,821.5042476311199,823.0102132546417,792.1379179724456,795.90283203125,187000,0.0,0.0,-0.0451668722768368
2012-10-10,777.0781883757376,777.0781883757376,765.783447265625,765.783447265625,176000,0.0,0.0,-0.0378430425844275
2012-10-11,761.2655903019318,783.1020909139555,760.5126075222067,769.5484008789062,156000,0.0,0.0,0.004916472962068763
2012-10-12,769.5485985222764,783.1022920383243,760.5128028449111,765.0307006835938,135000,0.0,0.0,-0.005870586164759439
2012-10-15,761.2656911656477,780.84324603242,759.7597254066652,779.3372802734375,77000,0.0,0.0,0.018700660740882835
2012-10-16,789.1260550197898,796.6558837890625,783.8551748812988,796.6558837890625,90000,0.0,0.0,0.022222218741478228
2012-10-17,807.9506795790448,810.9626112829742,786.8671576515394,789.8790893554688,102000,0.0,0.0,-0.008506551663639117
2012-10-18,802.6797032731303,808.7035659618592,801.9267204370392,804.1856689453125,116000,0.0,0.0,0.01811236654146353
2012-10-19,795.9026789729536,796.65566163991,777.0781122990427,781.5960083007812,202000,0.0,0.0,-0.028090105950479782
2012-10-22,768.0424349114085,789.125952732506,765.0305037941089,786.8670043945312,124000,0.0,0.0,0.006743888195142267
2012-10-23,797.4088411085244,800.4207725196991,784.6081326110315,788.373046875,49000,0.0,0.0,0.001913973355163856
2012-10-24,792.8910023997295,795.9029340327769,775.5723955097069,776.3253784179688,78000,0.0,0.0,-0.015281684863259204
2012-10-25,743.1940078663445,798.9147338867188,740.935059514167,798.9147338867188,219000,0.0,0.0,0.02909779339532048
2012-10-26,789.879070766682,801.9267972988716,774.0664296931832,776.3253784179688,266000,0.0,0.0,-0.02827505178037315
2012-10-29,771.8075474416177,777.8314112265278,760.5128028449111,765.0307006835938,130000,0.0,0.0,-0.01454889669766024
2012-10-30,767.2895631704758,779.3372893831623,756.747802734375,756.747802734375,229000,0.0,0.0,-0.01082688308040125
2012-10-31,766.5365384009576,775.5723325667843,762.7716241651966,770.3014526367188,85000,0.0,0.0,0.017910392145666032
2012-11-01,771.0544296116504,777.8312751844092,766.5365325631446,775.5723266601562,98000,0.0,0.0,0.006842612077901933
2012-11-02,781.596195344002,781.596195344002,768.0425040952621,770.3014526367188,120000,0.0,0.0,-0.006796108940781087
2012-11-05,769.5485985222764,770.3015814953902,760.5128028449111,765.0307006835938,93000,0.0,0.0,-0.006842453607069476
2012-11-06,754.4888540694963,763.5246487290112,751.4769225163246,756.747802734375,62000,0.0,0.0,-0.01082688308040125
2012-11-07,761.2655269464798,767.2893886829504,758.2535960782444,763.5244750976562,78000,0.0,0.0,0.008954994436448871
2012-11-08,757.5005943024776,759.7595423968189,752.9826981137949,755.99462890625,76000,0.0,0.0,-0.009861957850720082
2012-11-09,746.9587444479696,747.7117270532599,733.4050575527443,741.6878662109375,132000,0.0,0.0,-0.018924423730378948
2012-11-12,730.3932273287733,734.1581408717051,716.8395385742188,716.8395385742188,132000,0.0,0.0,-0.03350240548448158
2012-11-13,726.6284012552691,743.9470056375189,726.6284012552691,742.4410400390625,273000,0.0,0.0,0.0357144103905942
2012-11-14,740.9351501165357,768.0425336573846,740.1821672404011,767.28955078125,195000,0.0,0.0,0.03346866539177329
2012-11-15,772.5603447951758,785.3610522625421,772.5603447951758,782.34912109375,123000,0.0,0.0,0.01962697171773864
2012-11-16,790.6319523489238,799.6677460900545,783.1021242313151,795.90283203125,212000,0.0,0.0,0.017324376767435368
2012-11-19,828.2811197002283,828.2811197002283,788.3730293873991,804.1856689453125,181000,0.0,0.0,0.01040684437938677
2012-11-20,808.7034360479684,808.7034360479684,774.0662311520591,774.8192138671875,300000,0.0,0.0,-0.03651700871098462
2012-11-21,783.8552044647668,788.3731018968404,759.0067685883621,764.2776489257812,298000,0.0,0.0,-0.013605192995656878
2012-11-22,781.5961383015521,785.3610522625421,774.0663103795717,782.34912109375,279000,0.0,0.0,0.02364516637817271
2012-11-26,790.6319076950485,791.384890464282,775.572252310381,780.0901489257812,259000,0.0,0.0,-0.00288742213298665
2012-11-27,788.3729047605977,789.8788701947153,763.5244750976562,763.5244750976562,344000,0.0,0.0,-0.021235589054594106
2012-11-28,758.2536596044287,767.2894529661497,752.2297973632812,752.2297973632812,201000,0.0,0.0,-0.014792816868025582
2012-11-29,755.2418681088949,762.7716973024034,751.4769535121407,759.759765625,168000,0.0,0.0,0.010010196735243504
2012-11-30,765.7834549333583,767.2894204297857,749.2178344726562,749.2178344726562,229000,0.0,0.0,-0.013875348010395916
2012-12-03,759.7595510236233,759.7595510236233,726.6283119304227,728.13427734375,321000,0.0,0.0,-0.028140757145411643
2012-12-04,727.3811091933139,747.7116370900214,724.3691791345425,744.69970703125,221000,0.0,0.0,0.022750514847249104
2012-12-05,738.6761532260651,741.6880845338167,731.1463249566863,733.4052734375,207000,0.0,0.0,-0.015166426798763344
2012-12-06,738.6760544401108,740.1820198925881,731.899209903963,735.6641235351562,282000,0.0,0.0,0.0030799479898322435
2012-12-07,736.4170871170501,736.4170871170501,727.3812946370863,728.13427734375,191000,0.0,0.0,-0.010235440264807716
2012-12-10,728.8874187077703,729.6404015783362,693.4972237911741,696.5091552734375,600000,0.0,0.0,-0.04343309064597489
2012-12-11,677.6845284755497,677.6845284755497,663.3778550966214,667.895751953125,662000,0.0,0.0,-0.04108115895343745
2012-12-12,677.6846456847735,681.4495603830222,665.6369186503774,673.166748046875,436000,0.0,0.0,0.007891944331635647
2012-12-13,687.4732799929584,687.4732799929584,679.9434521726631,682.9553833007812,344000,0.0,0.0,0.014541174652947353
2012-12-14,677.6846030323775,679.9435517091521,656.601082049148,657.3540649414062,1989000,0.0,0.0,-0.037486077400315176
2012-12-17,672.4136785245832,672.4136785245832,656.6010388280365,664.8838500976562,485000,0.0,0.0,0.011454687143253928
2012-12-18,664.8838909012931,679.9435486793518,663.3779251234872,674.6726684570312,237000,0.0,0.0,0.014722599079429077
2012-12-19,681.4495223607772,686.7204026442307,671.6607446915065,675.4256591796875,528000,0.0,0.0,0.0011160830397625165
2012-12-20,678.437539202009,678.437539202009,653.5891054687501,658.8599853515625,821000,0.0,0.0,-0.024526272585267517
2012-12-21,658.1067789713542,661.8716918945313,643.8001098632812,643.8001098632812,674000,0.0,0.0,-0.022857474764149455
2012-12-25,649.8241656268085,657.353993733724,646.8122343840422,650.5771484375,223000,0.0,0.0,0.010526619163917061
2012-12-26,652.8360569413244,653.5890397059626,643.0472810010277,646.8121948242188,370000,0.0,0.0,-0.0057870978443118615
2012-12-27,649.8240470536258,665.6366831928218,648.3180817070357,656.6008911132812,647000,0.0,0.0,0.015133753456399779
2012-12-28,665.6367793141021,704.038901197608,658.1069514938068,682.9553833007812,645000,0.0,0.0,0.040137764879994986
2013-01-04,705.5450182148055,705.5450182148055,681.4495640175015,691.2383422851562,936000,0.0,0.0,0.012128111421192411
2013-01-07,693.4972326182786,693.4972326182786,673.919677734375,673.919677734375,491000,0.0,0.0,-0.02505454846953037
2013-01-08,671.6606450931387,671.6606450931387,653.5890582296462,654.342041015625,521000,0.0,0.0,-0.02905040076076615
2013-01-09,645.3061893650743,654.3419819816214,640.0353103387552,643.0472412109375,570000,0.0,0.0,-0.017261308454453728
2013-01-10,646.8121868569256,652.0830661444675,645.3062213461993,646.0592041015625,330000,0.0,0.0,0.004683890541157032
2013-01-11,655.8478781592767,684.4612184234013,653.5889302436879,682.2022705078125,543000,0.0,0.0,0.05594389210275574
2013-01-15,693.4972263513806,701.0270550848376,658.8600141774789,679.1905517578125,549000,0.0,0.0,-0.004414700566385044
2013-01-16,690.4851444169259,696.5090060912285,678.4374210683209,688.2261962890625,270000,0.0,0.0,0.013303548625440698
2013-01-17,696.5091277848185,713.0747502834845,696.5091277848185,705.544921875,685000,0.0,0.0,0.025164292901549867
2013-01-18,719.0984346109159,722.86334788113,703.2857988760161,706.2977294921875,416000,0.0,0.0,0.0010669875068860524
2013-01-21,709.3098560680043,709.3098560680043,693.4972159645774,695.7561645507812,283000,0.0,0.0,-0.014925100989614415
2013-01-22,694.2501651696991,698.0150792975174,685.2143712629352,686.7203369140625,252000,0.0,0.0,-0.01298706083697121
2013-01-23,681.4493992017664,698.0150199558424,680.6964164402174,692.744140625,226000,0.0,0.0,0.008771844063926837
2013-01-24,683.7082357848717,690.485079531638,680.6963052307533,682.2022705078125,321000,0.0,0.0,-0.015217552194200512
2013-01-25,691.9910841214735,698.7679282532398,691.238101440166,697.261962890625,122000,0.0,0.0,0.022075113252851608
2013-01-28,704.7919891325599,752.982894372393,697.262160188836,722.110595703125,1037000,0.0,0.0,0.03563744207340025
2013-01-29,733.4052449331233,733.4052449331233,706.2978642169094,719.0985717773438,495000,0.0,0.0,-0.004171139356913045
2013-01-30,716.8396484374999,722.8635110294117,704.0389404296875,704.0389404296875,580000,0.0,0.0,-0.020942374159406918
2013-01-31,681.449442522636,683.7083909508879,653.5890785741967,667.895751953125,1469000,0.0,0.0,-0.051336916754212036
2013-02-01,677.6844881018814,678.4374708664391,660.3658845170555,664.1307983398438,517000,0.0,0.0,-0.005637037819557045
2013-02-04,667.1427588669205,670.1546900581933,656.6009996974658,661.118896484375,423000,0.0,0.0,-0.00453510342088892
2013-02-05,658.1069096281662,662.6248060329364,654.3419959575247,655.8479614257812,647000,0.0,0.0,-0.007972749057125639
2013-02-06,661.8718341480602,670.1546443592418,652.8360411904075,662.6248168945312,432000,0.0,0.0,0.010332967192605791
2013-02-07,664.8839048235603,673.1667167749297,660.3660073955407,670.15478515625,302000,0.0,0.0,0.011363848847389724
2013-02-08,670.9076161083481,670.9076161083481,655.8479614257812,655.8479614257812,427000,0.0,0.0,-0.021348536259624074
2013-02-12,658.8599297308152,663.3778263918265,652.8360675161335,653.5890502929688,297000,0.0,0.0,-0.0034442603555582263
2013-02-13,649.8240995527545,659.612875096423,647.5651513503695,655.8479614257812,158000,0.0,0.0,0.0034561642851880237
2013-02-14,655.0950909324699,655.0950909324699,648.318245164203,649.0712280273438,132000,0.0,0.0,-0.010332781066674679
2013-02-15,647.5651181478636,647.5651181478636,627.9875680643235,635.5173950195312,386000,0.0,0.0,-0.020881888493201717
2013-02-18,641.5414257590805,663.3779296875,640.7884428649971,663.3779296875,274000,0.0,0.0,0.043839137821101604
2013-02-19,656.6009814003096,663.3778263918265,653.5890502929688,653.5890502929688,237000,0.0,0.0,-0.014756112551321254
2013-02-20,656.6009231637057,663.3777675541569,656.6009231637057,659.6128540039062,219000,0.0,0.0,0.00921650035023891
2013-02-21,658.1069754307005,673.9196144284632,658.1069754307005,667.895751953125,303000,0.0,0.0,0.012557211247386846
2013-02-22,661.8719732048805,676.1786483936095,661.8719732048805,670.15478515625,296000,0.0,0.0,0.0033823140759901005
2013-02-25,681.4495160938365,683.7084647659707,675.4256529681451,680.696533203125,287000,0.0,0.0,0.01573031824941329
2013-02-26,676.1786064786533,687.4733493485639,675.4256236206593,683.7084350585938,191000,0.0,0.0,0.004424735118446543
2013-02-27,677.6843754932135,679.1903407720872,669.4015664594075,670.9075317382812,196000,0.0,0.0,-0.018722751781196756
2013-02-28,673.9195874376477,681.4494152302472,671.6606390998679,676.9315185546875,163000,0.0,0.0,0.008978863004859283
2013-03-01,676.9314894227358,685.967282384997,673.1665756884603,679.9434204101562,170000,0.0,0.0,0.004449344982339509
2013-03-04,685.2143208755344,695.003096888042,685.2143208755344,693.4971313476562,153000,0.0,0.0,0.01993358642888854
2013-03-05,699.521086755701,701.0270524968328,696.5091552734375,696.5091552734375,120000,0.0,0.0,0.0043432391997471065
2013-03-06,701.027120552811,701.7801034964767,690.4853593414905,691.2383422851562,262000,0.0,0.0,-0.0075674712218420925
2013-03-07,697.2620652926439,730.3933081359229,696.5090825007512,724.3694458007812,607000,0.0,0.0,0.047930072001066026
2013-03-08,745.4528016850193,778.5840373154646,745.4528016850193,777.8310546875,3539000,0.0,0.0,0.07380434003206426
2013-03-11,800.4205917896278,813.2212973967996,795.1497130102041,811.71533203125,784000,0.0,0.0,0.043562515458274165
2013-03-12,809.4565226429459,809.4565226429459,792.1379179724456,795.90283203125,571000,0.0,0.0,-0.019480351517360828
2013-03-13,790.6318481219674,817.7392257718634,783.8550037094934,814.727294921875,512000,0.0,0.0,0.023651709898534268
2013-03-14,816.9863344888552,816.9863344888552,783.1021086344787,794.3968505859375,489000,0.0,0.0,-0.02495368016102495
2013-03-15,796.6558249296435,807.9505672490619,796.6558249296435,802.6796875,439000,0.0,0.0,0.010426573201987477
2013-03-18,793.6438835959674,802.6796773370979,789.878969537163,795.90283203125,383000,0.0,0.0,-0.00844278928978126
2013-03-19,801.9266490558052,816.9863044371349,795.1498041342069,797.4087524414062,335000,0.0,0.0,0.0018920907798669617
2013-03-21,798.161810053493,805.6916384502241,790.6319816567619,792.8909301757812,437000,0.0,0.0,-0.005665629141632711
2013-03-22,788.3728523033892,798.1616269738229,781.5960083007812,781.5960083007812,439000,0.0,0.0,-0.014245240354175737
2013-03-25,780.8430256338248,792.8907483051278,769.5482856294783,781.5960083007812,444000,0.0,0.0,0.0
2013-03-26,775.5721708768613,789.8788419901238,719.8514518041547,783.85498046875,486000,0.0,0.0,0.002890204330597612
2013-03-27,768.6493353923083,779.2933420149516,760.2861873316601,776.252197265625,359000,10.0,0.0,-0.009699221657784807
2013-03-28,786.896306135523,789.1771649938868,771.6905804130975,772.4508666992188,202000,0.0,0.0,-0.004897030346318609
2013-03-29,773.2111794477452,774.7317520720278,759.526025829201,761.806884765625,456000,0.0,0.0,-0.013779493806611698
2013-04-01,763.327017603798,765.6078752261202,751.1624436180801,751.9227294921875,255000,0.0,0.0,-0.012974620564735972
2013-04-02,742.0392456054688,749.6421067284756,733.6760983701612,742.0392456054688,317000,0.0,0.0,-0.013144281319163675
2013-04-03,742.039303941583,756.4847412109375,739.758445425369,756.4847412109375,264000,0.0,0.0,0.01946729326112928
2013-04-04,745.0804596250621,767.8890451237885,734.4364530589899,764.847900390625,443000,0.0,0.0,0.011055291302109138
2013-04-05,791.4578449927683,798.3004200215241,771.6904060208067,782.3344116210938,832000,0.0,0.0,0.022862730252038332
2013-04-08,804.3827091127494,815.0267147153755,802.8621368838028,809.7047119140625,888000,0.0,0.0,0.034985422967978685
2013-04-09,818.0680769153107,818.0680769153107,802.1020642617591,808.9446411132812,283000,0.0,0.0,-0.0009387012198367461
2013-04-10,817.3076334224405,903.219970703125,816.547347251815,903.219970703125,1066000,0.0,0.0,0.11654113866197413
2013-04-11,919.9462287551906,931.3505208471971,888.7744970370395,892.575927734375,676000,0.0,0.0,-0.011784552284051064
2013-04-12,878.1304298762907,882.6921463951285,862.9247081468311,865.20556640625,563000,0.0,0.0,-0.030664462795449987
2013-04-15,863.6849556403106,889.5346814253198,859.1232393253089,869.0069580078125,343000,0.0,0.0,0.004393628230285218
2013-04-16,847.7191447622463,871.2880178453222,843.9177136198147,861.404296875,479000,0.0,0.0,-0.008748676938377442
2013-04-17,867.486438096308,869.7672963910398,855.3218605244055,859.123291015625,320000,0.0,0.0,-0.0026480084527672476
2013-04-18,871.2880859375,900.9392511657395,866.7263682100786,871.2880859375,531000,0.0,0.0,0.014159545025830056
2013-04-19,871.2879890461815,884.2128545032365,869.767416639469,873.56884765625,269000,0.0,0.0,0.002617689551322133
2013-04-22,888.0142281129188,894.0965173465689,879.6510804166498,884.9730834960938,230000,0.0,0.0,0.013054764796662344
2013-04-23,891.0552535303204,891.0552535303204,857.6026672203084,869.0069580078125,185000,0.0,0.0,-0.018041368473272534
2013-04-24,885.7335702796231,914.6244506835936,880.4115659946812,914.6244506835938,448000,0.0,0.0,0.05249381751828408
2013-04-25,869.7674381252748,885.7334487901619,828.711982129851,864.4454345703125,1038000,0.0,0.0,-0.05486297253017591
2013-04-26,841.6368745487448,850.0000232569979,801.3417034998889,802.1019897460938,647000,0.0,0.0,-0.07211958364405924
2013-04-30,819.5885729433885,826.4311491553464,807.4239930110191,815.02685546875,319000,0.0,0.0,0.016113743498813227
2013-05-01,809.7047792632004,812.7459239740482,793.73876953125,793.73876953125,243000,0.0,0.0,-0.0261194901672982
2013-05-02,793.7386883822354,810.4649825818611,793.7386883822354,802.8621215820312,159000,0.0,0.0,0.011494149462006442
2013-05-07,834.0341130217943,834.7943993600092,821.8695316103551,824.150390625,264000,0.0,0.0,0.026515473168693626
2013-05-08,827.1913129878328,836.3147465869633,824.1501684547893,827.9515991210938,267000,0.0,0.0,0.0046122753071937694
2013-05-09,833.2736706149193,838.595673985635,824.150236265121,824.9105224609375,131000,0.0,0.0,-0.003673012605307502
2013-05-10,843.9176846344532,848.4794018486934,821.1090985632517,821.869384765625,539000,0.0,0.0,-0.003686627352309624
2013-05-13,830.9927147136016,833.27357303395,821.8692814322079,827.1912841796875,249000,0.0,0.0,0.0064753591175319425
2013-05-14,825.6707407213111,833.2736020539198,824.9104545880502,827.9515991210938,154000,0.0,0.0,0.0009191525055298744
2013-05-15,840.1162177655149,901.6993975293219,831.753069896356,890.2951049804688,942000,0.0,0.0,0.07529849078805495
2013-05-16,903.2200281479779,903.2200281479779,844.677989286535,865.9660034179688,356000,0.0,0.0,-0.02732700811944122
2013-05-17,861.4040395699295,861.4040395699295,847.7188915449881,853.0408935546875,252000,0.0,0.0,-0.014925655062976828
2013-05-20,862.1644696209881,867.4864725198831,843.9176025390625,843.9176025390625,281000,0.0,0.0,-0.010695021873579291
2013-05-21,843.9175182753035,877.3701045853155,843.9175182753035,869.0069580078125,277000,0.0,0.0,0.02972962691294101
2013-05-22,883.4526012093488,886.4937461360591,859.8837280273438,859.8837280273438,313000,0.0,0.0,-0.010498454467365415
2013-05-23,845.4382716629572,852.2808476026753,789.9373779296875,789.9373779296875,577000,0.0,0.0,-0.08134396293103474
2013-05-24,812.7458529843275,830.9927196556314,789.1769835338932,811.2252807617188,727000,0.0,0.0,0.02694884863889313
2013-05-27,791.4577827744812,805.1429317561724,789.9372106654043,796.77978515625,227000,0.0,0.0,-0.01780700866706819
2013-05-28,780.0536353187223,784.6153524843289,764.8479114333671,773.2110595703125,364000,0.0,0.0,-0.029579974322912372
2013-05-29,786.8962079493696,804.3827903482444,783.0947769930924,787.656494140625,331000,0.0,0.0,0.018682395177249678
2013-05-30,764.8480472621407,788.4169234700198,764.8480472621407,767.12890625,476000,0.0,0.0,-0.02606159924196616
2013-05-31,768.6494713017877,786.8963430240854,764.8480396929757,770.1700439453125,217000,0.0,0.0,0.003964311174478707
2013-06-03,764.0877085079549,770.9302850020559,751.162841796875,751.162841796875,337000,0.0,0.0,-0.02467922804562772
2013-06-04,743.5598129838736,760.286107345474,730.6349491590005,758.0052490234375,284000,0.0,0.0,0.009109086400219901
2013-06-05,760.2862714476774,763.3274165334682,728.354248046875,728.354248046875,221000,0.0,0.0,-0.039117144656666714
2013-06-06,722.2719408970574,736.7173797149985,705.5456433183887,710.1073608398438,299000,0.0,0.0,-0.025052214984619625
2013-06-07,691.1001730526195,725.3130529067096,690.3398868336398,710.8676147460938,317000,0.0,0.0,0.0010706182588373636
2013-06-10,719.9909450788439,743.559814453125,711.6277978815184,743.559814453125,206000,0.0,0.0,0.04598915329503117
2013-06-11,738.9981683062009,748.1216024828207,726.0733032226562,726.0733032226562,297000,0.0,0.0,-0.023517289249056272
2013-06-12,722.2718864207284,722.2718864207284,705.5455901036167,719.9910278320312,228000,0.0,0.0,-0.008376943985722862
2013-06-13,702.5045229851754,720.7513937120631,691.8605150611577,712.3882446289062,263000,0.0,0.0,-0.010559552701674302
2013-06-14,723.7924159787735,748.1215728183962,723.7924159787735,725.31298828125,2517000,0.0,0.0,0.01814283678849371
2013-06-17,736.7173901865918,785.3757111070685,736.7173901865918,781.5742797851562,262000,0.0,0.0,0.07756829453340797
2013-06-18,786.8961904609636,797.5401969019815,782.3344734148131,795.2593383789062,210000,0.0,0.0,0.01750960714509664
2013-06-19,811.9856296300238,843.157362602712,811.9856296300238,837.0750732421875,379000,0.0,0.0,0.052581256007028454
2013-06-20,822.6298179485701,837.075258374654,822.6298179485701,824.150390625,322000,0.0,0.0,-0.015440290877528073
2013-06-21,805.9033538176178,843.1573767771115,802.8622090862306,830.9927978515625,266000,0.0,0.0,0.00830237697439351
2013-06-24,832.5135575249914,838.5958483562242,817.3078304469093,829.472412109375,145000,0.0,0.0,-0.001829601587544749
2013-06-25,823.3898585425881,823.3898585425881,805.9032779825885,811.2252807617188,199000,0.0,0.0,-0.021998478890037143
2013-06-26,822.6296077104048,849.9999088911576,820.3487492786754,836.3147583007812,219000,0.0,0.0,0.03092787926370355
2013-06-27,834.7942828141023,847.7191487593116,830.2325654216755,834.0339965820312,202000,0.0,0.0,-0.002727157085430365
2013-06-28,853.0410616892689,890.295083099941,853.0410616892689,886.49365234375,478000,0.0,0.0,0.06289870194345148
2013-07-01,901.6994666562902,901.6994666562902,870.5277312997067,887.2540283203125,170000,0.0,0.0,0.0008577342596329807
2013-07-02,892.5759415536556,894.8568000073702,875.8496462264151,886.49365234375,222000,0.0,0.0,-0.0008569991820741585
2013-07-03,881.9318459965128,893.3361371085367,881.9318459965128,885.7332763671875,181000,0.0,0.0,-0.0008577342596330917
2013-07-04,884.2127230387092,902.459589206318,884.2127230387092,891.0552978515625,116000,0.0,0.0,0.006008605103110964
2013-07-05,899.4182498985972,916.144540260194,899.4182498985972,911.5828247070312,199000,0.0,0.0,0.02303732092156685
2013-07-08,919.9464391913831,931.3507338921028,886.4938414026055,896.3775634765625,194000,0.0,0.0,-0.016680065506231467
2013-07-09,913.1037631787752,926.0286291022051,913.1037631787752,924.508056640625,224000,0.0,0.0,0.03138241552472554
2013-07-10,930.5904865405254,934.3919182665896,911.5833279102042,929.8302001953125,330000,0.0,0.0,0.0057567303134453685
2013-07-11,927.5491333007812,931.3505641749647,916.9051268530674,927.5491333007812,136000,0.0,0.0,-0.002453208009432384
2013-07-12,925.268418924698,942.7550036701936,916.9052696985915,918.4258422851562,385000,0.0,0.0,-0.009835911315186907
2013-07-16,927.5491630506216,967.0840454101562,913.8640114646288,967.0840454101562,20061000,0.0,0.0,0.05298000217843657
2013-07-17,960.2413338192104,1042.3522317229908,955.6796172690003,1029.4273681640625,22948000,0.0,0.0,0.06446525826766725
2013-07-18,1008.8998819519277,1008.8998819519277,975.4472860168223,992.173583984375,121092000,0.0,0.0,-0.036188841808361794
2013-07-19,1007.3792859239106,1045.3935986002846,980.7692670504488,1027.146728515625,19367000,0.0,0.0,0.03524901801034108
2013-07-22,1037.0304131450177,1086.4490178770018,1021.8246886120996,1068.2021484375,22179000,0.0,0.0,0.03997035553158601
2013-07-23,1064.4008041370867,1071.2433807351108,1041.5922154770062,1057.5582275390625,15978000,0.0,0.0,-0.009964332045209523
2013-07-24,1049.1952083658389,1097.093250486888,1045.3937764514699,1065.9215087890625,16128000,0.0,0.0,0.007908104756994216
2013-07-25,1065.9212080085376,1070.4829250185599,1021.0643240766518,1024.10546875,10365000,0.0,0.0,-0.03922994300637339
2013-07-26,1008.139598499645,1039.3113357081559,997.4955906723485,1003.577880859375,10263000,0.0,0.0,-0.02004440803902796
2013-07-29,985.3309795673076,1014.9821433042869,974.6869720719818,978.4884033203125,9515000,0.0,0.0,-0.025000030408779184
2013-07-30,970.8853262424834,1006.6187720791293,964.0427515078065,993.6939086914062,6659000,0.0,0.0,0.015539791089497657
2013-07-31,986.0913197491288,990.653037496619,944.2755737304688,944.2755737304688,9629000,0.0,0.0,-0.0497319491733792
2013-08-01,938.9535449967075,992.173583984375,922.9875333004071,992.173583984375,12717000,0.0,0.0,0.05072461004649287
2013-08-02,996.7353896229715,1008.1396846987493,983.0502355320383,1005.8588256835938,7642000,0.0,0.0,0.013793192965551038
2013-08-05,989.1325397667518,1002.8176940448468,979.2488172325722,988.3722534179688,4360000,0.0,0.0,-0.01738471823194565
2013-08-06,985.3310395302107,1038.551080245577,984.5707532342768,1028.6673583984375,10101000,0.0,0.0,0.040769158422973684
2013-08-07,1007.3790061299751,1013.4612944688731,989.1321411132812,989.1321411132812,6618000,0.0,0.0,-0.0384334323067369
2013-08-08,980.7690179385597,1001.2967415698319,957.960436126035,964.042724609375,6838000,0.0,0.0,-0.02536508062074272
2013-08-09,969.3648602807579,979.248580424797,956.4399954770145,959.4811401367188,4617000,0.0,0.0,-0.004731724389605896
2013-08-12,957.2002761964876,957.9605623570884,930.5902605754574,935.1519775390625,6065000,0.0,0.0,-0.02535658240680949
2013-08-13,957.2003967431758,961.00182802492,944.2755303852457,949.5975341796875,4122000,0.0,0.0,0.015447282353655334
2013-08-14,962.5224360015217,979.2487342574723,941.9947063237641,960.2415771484375,4971000,0.0,0.0,0.011209004431487868
2013-08-15,944.2751723691642,951.1177460819843,936.672312688253,946.5560302734375,3618000,0.0,0.0,-0.014252191532511005
2013-08-16,936.6725673988217,938.9534259233318,920.7065577272508,927.5491333007812,4560000,0.0,0.0,-0.02008005481425712
2013-08-19,922.9873819658833,944.2753940705329,920.7065235260993,942.7548217773438,3613000,0.0,0.0,0.016393404867353523
2013-08-20,932.11103619126,941.2344721083034,914.6244506835936,914.6244506835938,5553000,0.0,0.0,-0.02983848021134139
2013-08-21,913.8638366348154,936.6724182479971,913.1035505810427,925.2681274414062,6171000,0.0,0.0,0.011637209949785898
2013-08-22,918.4255948153409,927.5490278764205,915.3844504616477,919.9461669921875,3113000,0.0,0.0,-0.005751803494988272
2013-08-23,935.1521040446299,945.0358254694919,919.9463787756116,920.7066650390625,5768000,0.0,0.0,0.0008266766840949735
2013-08-26,928.3095989320944,935.9124621502116,924.508167323036,929.0698852539062,1975000,0.0,0.0,0.00908347960584055
2013-08-27,938.1932049832363,953.3989295372596,925.2683391123165,938.9534912109375,4300000,0.0,0.0,0.010638172772471366
2013-08-28,921.4665417388841,924.5076854409925,907.0211091538686,911.5828247070312,5133000,0.0,0.0,-0.029150183433054977
2013-08-29,916.9050045528927,918.4255766997466,875.0892705144108,900.1787109375,8878000,0.0,0.0,-0.012510233256310399
2013-08-30,891.8156894162404,892.5759755964759,841.6368015206975,845.438232421875,14455000,0.0,0.0,-0.06081067886910474
2013-09-02,859.123291015625,875.0892990787472,852.2807161314297,859.123291015625,8299000,0.0,0.0,0.016186940770997804
2013-09-03,877.3702443011896,907.0214050704673,877.3702443011896,901.6994018554688,8537000,0.0,0.0,0.0495576261115116
2013-09-04,897.8980037448248,933.6314552063038,894.0965727382844,926.7888793945312,9240000,0.0,0.0,0.02782465807056611
2013-09-05,924.5081500771605,925.2684363847898,916.9052870008682,923.7478637695312,4993000,0.0,0.0,-0.0032812387940893695
2013-09-06,922.987385243605,925.2682436914887,897.1376561675896,900.9390869140625,6644000,0.0,0.0,-0.024691561139197793
2013-09-09,847.719137848631,851.5205689600598,811.9856854011999,825.6708374023438,21093000,0.0,0.0,-0.08354421581322546
2013-09-10,836.3148005035287,843.917662326288,808.944497941595,818.0679321289062,12787000,0.0,0.0,-0.009208155270879037
2013-09-11,826.4310384299538,838.5956167325106,815.0267462713068,836.3147583007812,10202000,0.0,0.0,0.02230478112543799
2013-09-12,836.3149892945119,842.3972801257447,818.0681168008134,829.472412109375,5967000,0.0,0.0,-0.008181544237373606
2013-09-13,824.9104971894494,834.7942174322724,817.3076354642011,822.629638671875,5736000,0.0,0.0,-0.00824954915631082
2013-09-17,834.0339568107358,837.8353877898185,821.8693776776713,824.9105224609375,4182000,0.0,0.0,0.0027726739736060324
2013-09-18,833.2736564001029,840.8765182285711,829.4722254858689,830.9927978515625,6302000,0.0,0.0,0.007373254704619248
2013-09-19,840.8765510304539,843.1574096679688,831.7531164803947,843.1574096679688,4836000,0.0,0.0,0.014638648912308927
2013-09-20,872.8085187760191,891.8156729305492,862.9247986156636,878.8908081054688,14936000,0.0,0.0,0.04238045948214064
2013-09-24,878.8909413213315,891.8158081054688,869.0072196628737,874.3292236328125,8451000,0.0,0.0,-0.005190160632683294
2013-09-25,875.8497314453125,881.1717350218031,869.007155418396,875.8497314453125,4364000,0.0,0.0,0.0017390563776220613
2013-09-26,884.2128872223432,888.0143183797909,865.2057314351044,872.80859375,5738000,0.0,0.0,-0.0034722139953095033
2013-09-27,874.3292385976495,876.6100974809476,867.4866619477548,868.2469482421875,5341000,0.0,0.0,-0.005226398480122074
2013-09-30,860.6439852787371,860.6439852787371,845.4382611572047,846.1985473632812,4944000,0.0,0.0,-0.025394158797268918
2013-10-01,846.9588873307408,855.3220361284411,846.1986010764044,849.23974609375,4785000,0.0,0.0,0.0035939540902605316
2013-10-02,854.5616173204634,854.5616173204634,822.6295995914069,826.4310302734375,6973000,0.0,0.0,-0.026857805378546873
2013-10-03,818.0678793887024,836.3147465869633,815.7870209889197,827.9515991210938,5488000,0.0,0.0,0.0018399222584286612
2013-10-04,817.3075765344206,839.3558739479073,814.2664320635948,835.554443359375,4721000,0.0,0.0,0.009182715808933706
2013-10-07,830.2325039333767,832.5133624606663,811.2253495392976,821.1090698242188,4759000,0.0,0.0,-0.017288368998527703
2013-10-08,820.3487411821886,830.9927470918741,812.7458798181275,826.4310302734375,4631000,0.0,0.0,0.0064814293798485245
2013-10-09,824.9104661421342,840.1161890203302,815.7870324152166,836.3147583007812,4634000,0.0,0.0,0.01195953160673735
2013-10-10,843.9176676432292,865.9659670681423,841.6368090820312,855.3219604492188,9560000,0.0,0.0,0.02272733078040634
2013-10-11,863.6852304755911,878.1306700698132,862.9249441811584,868.2469482421875,6687000,0.0,0.0,0.01511125446396866
2013-10-15,869.0071082398653,869.7673944238021,849.999953641443,856.842529296875,4681000,0.0,0.0,-0.013134994563932967
2013-10-16,855.3219110193386,863.68505859375,853.801338733082,863.68505859375,3989000,0.0,0.0,0.0079857489129187
2013-10-17,875.0893738109213,895.6171002165642,874.3290876477494,880.411376953125,10295000,0.0,0.0,0.01936622405695987
2013-10-18,886.4937787775175,891.8157825952213,868.2469085453902,872.04833984375,4893000,0.0,0.0,-0.009499010721916501
2013-10-21,875.8496462264151,886.49365234375,875.0893600751768,886.49365234375,3697000,0.0,0.0,0.01656480706400787
2013-10-22,885.733412575289,885.733412575289,878.1305506647715,879.651123046875,2662000,0.0,0.0,-0.007718644435619426
2013-10-23,888.0142855200173,903.2200095871409,873.56884765625,873.56884765625,6413000,0.0,0.0,-0.006914417808684958
2013-10-24,869.0071163721504,881.1716954289785,863.6851130347883,879.651123046875,3844000,0.0,0.0,0.006962559856551032
2013-10-25,876.609937086173,879.6510817074607,855.3219247371593,857.602783203125,5101000,0.0,0.0,-0.02506486863494295
2013-10-28,867.4865545012659,881.1717061060185,863.6851234999457,875.0894165039062,3721000,0.0,0.0,0.020390131239393927
2013-10-29,868.2468620749081,872.8085793887868,862.1645723230699,865.9660034179688,3171000,0.0,0.0,-0.010425692407967535
2013-10-30,874.3289015934854,877.370045599028,846.9586055436024,853.0408935546875,11262000,0.0,0.0,-0.014925655062976828
2013-10-31,847.719108733854,862.1645464611573,835.5545295950722,837.8353881835938,10282000,0.0,0.0,-0.017825060305996843
2013-11-01,835.5545225505588,843.1573844481981,823.3899435143359,840.8765258789062,6538000,0.0,0.0,0.0036297556037894196
2013-11-05,847.7190586306014,887.2539384949882,845.4382001768868,886.49365234375,10914000,0.0,0.0,0.054249494498807005
2013-11-06,886.4937069915062,917.665441113849,883.4525621990825,915.3845825195312,11619000,0.0,0.0,0.03259011511182086
2013-11-07,908.5418445151923,912.3432748269714,897.1375535798552,906.260986328125,6944000,0.0,0.0,-0.00996695418038851
2013-11-08,897.1378430025078,927.5492953076775,897.1378430025078,923.7478637695312,7737000,0.0,0.0,0.01929563084499253
2013-11-11,921.4667391690341,929.8298861416904,913.1035921963779,919.9461669921875,5562000,0.0,0.0,-0.004115513471208643
2013-11-12,919.946222622931,935.9122314453124,917.6653642197336,935.9122314453125,5145000,0.0,0.0,0.017355433422074018
2013-11-13,935.9122895996094,960.2414474121093,931.3505725097656,950.3577270507812,7189000,0.0,0.0,0.015434669106910714
2013-11-14,946.5563390337452,960.2414909233897,941.994621737197,945.0357666015625,5784000,0.0,0.0,-0.005599954940898155
2013-11-15,956.4398906914989,1002.0570555893447,954.9193185282375,993.6939086914062,15475000,0.0,0.0,0.05148814871295615
2013-11-18,988.3720023500407,999.7762946848488,983.8102854161175,991.4131469726562,6093000,0.0,0.0,-0.0022952356845514776
2013-11-19,987.6119917359429,995.2148554136638,983.0502735293104,990.6531372070312,5900000,0.0,0.0,-0.0007665923817388176
2013-11-20,990.6529182562601,996.7352078541496,987.6117734573154,992.9337768554688,4904000,0.0,0.0,0.002302157599649135
2013-11-21,992.9339715106671,998.2559759521484,976.967958186223,988.3722534179688,8249000,0.0,0.0,-0.004593985564622427
2013-11-22,1011.1805019632224,1030.187654255764,1005.098213229609,1029.4273681640625,10815000,0.0,0.0,0.041538109355172326
2013-11-25,1036.2700560548294,1049.1949210239652,1033.2289113562092,1046.9140625,6938000,0.0,0.0,0.01698681701762439
2013-11-26,1044.6333235616578,1069.7227701974182,1022.5850219726562,1022.5850219726562,12120000,0.0,0.0,-0.023238813383828938
2013-11-27,1019.5437535475812,1026.3863290747463,995.2145961176614,996.7351684570312,7365000,0.0,0.0,-0.025278928363099196
2013-11-28,1006.6188842396678,1017.262890568486,975.4471514195571,985.3308715820312,9247000,0.0,0.0,-0.011441651941161202
2013-11-29,986.091038049493,1002.8173316787057,986.091038049493,998.255615234375,6832000,0.0,0.0,0.013117160971108044
2013-12-02,999.7763384350177,1008.8997727021053,994.4543351125499,999.0160522460938,4019000,0.0,0.0,0.0007617658244178926
2013-12-03,1005.8585602615999,1008.8997048126554,972.4059701999896,974.6868286132812,7670000,0.0,0.0,-0.024353185895374718
2013-12-04,963.2824292186722,965.5632873778325,951.878138422871,954.1589965820312,8584000,0.0,0.0,-0.021060951506296277
2013-12-05,955.6799641019979,970.1254050868332,952.6388186315063,954.919677734375,4902000,0.0,0.0,0.0007972268301914553
2013-12-06,951.1181417361008,962.5224360015217,948.0769965986552,960.2415771484375,4768000,0.0,0.0,0.005573138283933021
2013-12-09,970.8854980468749,972.4060704792115,961.0017772366875,970.885498046875,3494000,0.0,0.0,0.011084628234955263
2013-12-10,968.6046181405766,983.0500559307421,964.0429009436822,980.0089111328125,4050000,0.0,0.0,0.009397002122589093
2013-12-11,980.769196996149,982.2897693945927,961.7620420156035,967.0840454101562,4906000,0.0,0.0,-0.013188518569403729
2013-12-12,950.357692448173,970.1251324510949,948.0768339862974,965.5634155273438,7863000,0.0,0.0,-0.001572386484948729
2013-12-13,961.0017194641794,964.8031503164901,950.3577130777089,956.4400024414062,7669000,0.0,0.0,-0.00944879739561666
2013-12-16,957.2003280505692,967.0840486738078,951.8783246380561,952.6386108398438,4155000,0.0,0.0,-0.003974521759712135
2013-12-17,957.9606251776972,966.3237734927407,957.2003389672387,961.0017700195312,4154000,0.0,0.0,0.00877894207155272
2013-12-18,962.522541599464,991.4134235748033,962.522541599464,990.6531372070312,7644000,0.0,0.0,0.03085464367760471
2013-12-19,1011.9410622580009,1056.7979538231564,1009.6602033648575,1040.0716552734375,17908000,0.0,0.0,0.04988478430072196
2013-12-20,1033.989045208182,1051.475624649203,1030.9479009575698,1047.6741943359375,11418000,0.0,0.0,0.007309630085535979
2013-12-24,1052.9964204417715,1060.5992826832285,1050.7155617693345,1056.7978515625,8189000,0.0,0.0,0.008708487119266639
2013-12-25,1038.5507869071325,1055.2770806933381,1038.5507869071325,1049.955078125,7850000,0.0,0.0,-0.0064750069536787525
2013-12-26,1052.9964454141523,1062.880166562444,1050.7155866876233,1059.0787353515625,4938000,0.0,0.0,0.008689569122190877
2013-12-27,1060.599504108946,1073.5243726178005,1059.0789313431983,1065.9215087890625,5910000,0.0,0.0,0.006461062061857481
2013-12-30,1064.4006025272129,1081.1268977097832,1062.8800302378881,1065.160888671875,7107000,0.0,0.0,-0.000713579856411406
2014-01-06,1064.4006995515451,1089.490144612403,1058.318409839822,1088.7298583984375,10130000,0.0,0.0,0.02212714527656945
2014-01-07,1079.6060924943222,1093.2912401456585,1068.9620887655049,1087.96923828125,8879000,0.0,0.0,-0.0006986307129542846
2014-01-08,1093.2917425017251,1220.2595596072802,1093.2917425017251,1205.0538330078125,30305000,0.0,0.0,0.10761755995190647
2014-01-09,1179.9641901750974,1180.724476380107,1151.0733143847276,1172.361328125,18174000,0.0,0.0,-0.027129497444286055
2014-01-10,1163.9981260536915,1227.8621643218235,1157.9158366948218,1222.5401611328125,21241000,0.0,0.0,0.04280150820742734
2014-01-14,1171.600906391759,1197.8307774303805,1168.5597619235132,1178.4434814453125,14622000,0.0,0.0,-0.03606971868035791
2014-01-15,1197.4505960941315,1207.3343152999878,1160.5767205953598,1167.7994384765625,11868000,0.0,0.0,-0.00903228974180037
2014-01-16,1152.974094466859,1171.6011075327594,1135.8676538961342,1144.9910888671875,16066000,0.0,0.0,-0.019531050330979238
2014-01-17,1148.0322332307317,1160.9570994326668,1108.1172052541665,1113.439208984375,16126000,0.0,0.0,-0.02755644143399294
2014-01-20,908.1617996476701,1049.1948794590078,907.4015135031347,1045.0133056640625,107315000,0.0,0.0,-0.06145454800601757
2014-01-21,1026.3863829770196,1041.2119640644655,1008.5196570511234,1019.9239501953125,32310000,0.0,0.0,-0.02400864690694704
2014-01-22,1026.3866012491644,1070.4832107843138,1020.6844534644468,1066.3016357421875,37108000,0.0,0.0,0.04547170947205803
2014-01-23,1079.6063536495938,1097.853221598601,1046.9140485742892,1052.996337890625,29971000,0.0,0.0,-0.012477986908743244
2014-01-24,1068.9623047595178,1071.2431631622765,1024.8657089728522,1030.947998046875,21895000,0.0,0.0,-0.020938667163760027
2014-01-27,1014.9819794391615,1029.0472727871947,1008.139404296875,1008.139404296875,14584000,0.0,0.0,-0.022123903235867104
2014-01-28,988.3720589883673,996.3550640801964,961.7620420156035,967.0840454101562,26017000,0.0,0.0,-0.04072389067596538
2014-01-29,956.8203328766438,979.62892245654,930.2103117000983,979.248779296875,24060000,0.0,0.0,0.012578776316756857
2014-01-30,1026.3864959035877,1052.9965161677549,926.0287051930147,937.0528564453125,59152000,0.0,0.0,-0.04309009492139493
2014-01-31,927.9294384614922,954.9196023823303,908.5421376169464,923.7478637695312,20040000,0.0,0.0,-0.014198764332519542
2014-02-03,911.2029958744802,942.3747295673077,909.6824234992204,914.244140625,18392000,0.0,0.0,-0.010288222054175566
2014-02-04,908.9221134730748,924.8881229945591,903.6001102992466,904.7405395507812,31797000,0.0,0.0,-0.01039503634961425
2014-02-05,912.3434382856908,922.6073019664049,861.0241198821207,869.3872680664062,32683000,0.0,0.0,-0.03907559122080295
2014-02-06,869.3871404253175,895.2368673815578,852.6608465124561,857.9828491210938,21016000,0.0,0.0,-0.013117766229400751
2014-02-07,873.9489907579281,874.3291338596061,857.9829804874482,873.56884765625,15762000,0.0,0.0,0.01816586258236086
2014-02-10,879.2709625130692,922.2271314555582,870.1475284013902,920.326416015625,16712000,0.0,0.0,0.05352476623316371
2014-02-12,932.8711888775432,941.6144803788404,910.822888569924,924.88818359375,15639000,0.0,0.0,0.004956684387996013
2014-02-13,923.7476797262624,927.9292535851056,880.4113688255242,890.6752319335938,17113000,0.0,0.0,-0.036991446390003846
2014-02-14,891.0551983907046,906.6410615024874,879.6509083089123,894.8566284179688,12150000,0.0,0.0,0.004694636534685603
2014-02-17,887.6340033162348,909.6822997583512,883.8325728951803,901.3191528320312,7487000,0.0,0.0,0.007221854550586215
2014-02-18,905.8807433518931,950.7376160818652,902.8395994379968,947.6964721679688,11066000,0.0,0.0,0.051454936012638175
2014-02-19,937.8130756955975,962.9025215796305,937.4329325761424,958.720947265625,9537000,0.0,0.0,0.011632917734130999
2014-02-20,947.6968176434019,960.241540861305,928.6896612526398,930.9705200195312,9445000,0.0,0.0,-0.028945260166934883
2014-02-21,943.1349944583184,964.042864146028,942.7548513730873,956.4400024414062,7045000,0.0,0.0,0.02735799026304364
2014-02-24,946.5561360514971,972.4058618553131,943.1348488127568,954.1589965820312,8320000,0.0,0.0,-0.0023848917376443346
2014-02-25,960.2415747501996,969.3650101397502,955.6798570554242,967.4642944335938,5029000,0.0,0.0,0.013944529055665233
2014-02-26,963.282803908128,1002.4375508704552,962.9026607337365,988.3722534179688,11557000,0.0,0.0,0.02161109108074699
2014-02-27,978.8685550491174,987.9919901253033,943.8953872570713,949.5975341796875,13278000,0.0,0.0,-0.03923088603933522
2014-02-28,949.5974464310161,965.5634563389835,940.093869104845,954.539306640625,9381000,0.0,0.0,0.005204070443597386
2014-03-03,939.3334383490987,950.3575863507676,924.5078600020267,937.8128662109375,8849000,0.0,0.0,-0.01752305045305469
2014-03-04,938.5732050515056,962.1420745181696,929.4497717095712,955.2994995117188,8121000,0.0,0.0,0.01864618617510838
2014-03-05,970.5055772876967,978.8687275815978,954.159419895072,955.6799926757812,5460000,0.0,0.0,0.00039829725050299913
2014-03-06,949.5973024398561,961.3817365373884,939.333440483941,957.96044921875,7853000,0.0,0.0,0.002386213544749216
2014-03-07,965.5634746287128,967.4641901299505,952.2584661200494,959.861328125,6968000,0.0,0.0,0.00198429789852006
2014-03-10,953.0186847563713,955.2995431961551,940.0938202642625,942.7548217773438,6150000,0.0,0.0,-0.01782185180964857
2014-03-11,937.4328955019035,942.374755859375,931.3506058311693,942.374755859375,7908000,0.0,0.0,-0.00040314396616103476
2014-03-12,934.0115876116071,939.3335909598214,925.2682963966836,931.3505859375,5240000,0.0,0.0,-0.011698286539755354
2014-03-13,934.0117635703649,939.7139110891095,928.6897592195365,934.3919067382812,4025000,0.0,0.0,0.003265495127938056
2014-03-14,922.227150712866,933.6314435906014,902.8398528207159,905.5008544921875,10065000,0.0,0.0,-0.030919630229830353
2014-03-17,898.6582376354123,911.2029592267695,897.5178083998343,903.60009765625,3833000,0.0,0.0,-0.002099122078690341
2014-03-18,909.3022228026512,910.8227950815854,887.2539247581053,892.575927734375,7379000,0.0,0.0,-0.012200275266093241
2014-03-19,899.418604319681,905.8810372332205,888.7745971679688,888.7745971679688,6301000,0.0,0.0,-0.004258831599968427
2014-03-20,888.7744991418086,895.9972174838507,876.9900639521611,878.1304931640625,6623000,0.0,0.0,-0.01197615687692144
2014-03-24,878.890971619406,945.4160235369648,878.890971619406,923.7478637695312,15511000,0.0,0.0,0.05194828212957403
2014-03-25,919.9462656074869,937.0527044307667,887.6341033857364,890.2951049804688,17514000,0.0,0.0,-0.03621416633382191
2014-03-26,900.9391254119937,934.7718605013048,900.9391254119937,917.2852783203125,10582000,0.0,0.0,0.030315985327624473
2014-03-27,919.5851662870074,919.9684864897114,870.9035005435935,903.4857177734375,13504000,10.0,0.0,-0.01504391367987945
2014-03-28,888.1530650283158,921.5019284972253,883.5532217912248,919.5853271484375,7595000,0.0,0.0,0.01781943981878986
2014-03-31,929.1683988835645,946.0344919326061,922.2686335453202,939.9013671875,6736000,0.0,0.0,0.022092610048554118
2014-04-01,946.0343080873843,946.8009485315393,923.418414984809,931.4681396484375,6239000,0.0,0.0,-0.008972460125574178
2014-04-02,926.8683666376028,933.3848109026314,910.0022755987051,926.4850463867188,7392000,0.0,0.0,-0.005349719490781002
2014-04-03,934.1513761572794,936.0679772573149,918.4352471369887,920.7351684570312,6163000,0.0,0.0,-0.00620612059753356
2014-04-04,920.7352357849991,923.4184775212584,911.1522295840728,914.6021118164062,4198000,0.0,0.0,-0.00666104309983373
2014-04-07,907.3189086914062,918.4351944337176,900.0358249292024,907.3189086914062,6090000,0.0,0.0,-0.007963247658083206
2014-04-08,900.8024623476226,908.8521864792397,888.9195362485689,889.3028564453125,5477000,0.0,0.0,-0.019856361499263397
2014-04-09,880.1032193304953,883.5531012878013,854.0374445419616,866.68701171875,8998000,0.0,0.0,-0.025430981765831362
2014-04-10,875.8867111138359,880.10323357434,860.1705819428655,864.0037841796875,4438000,0.0,0.0,-0.0030959590980154106
2014-04-11,857.1041156576692,862.0872791207952,848.6710697969945,852.5042724609375,4968000,0.0,0.0,-0.013309561751130516
2014-04-14,844.4545754273014,861.3206677190858,844.4545754273014,847.1378173828125,4506000,0.0,0.0,-0.006294930420270628
2014-04-15,847.1377045730064,849.0543057145744,827.9716931573276,833.7214965820312,6506000,0.0,0.0,-0.01583723512926183
2014-04-16,839.0879432061496,852.1208304007631,831.0382187624177,844.0711059570312,8695000,0.0,0.0,0.012413748976642491
2014-04-17,852.5041585906012,871.670169350282,852.5041585906012,855.9540405273438,5756000,0.0,0.0,0.014078120298691266
2014-04-18,863.2370798240172,863.620400019321,841.7711488870079,854.4207153320312,3955000,0.0,0.0,-0.0017913639316052832
2014-04-21,857.487357014974,869.3702841796876,855.9540760904948,862.4705200195312,3064000,0.0,0.0,0.009421359457994605
2014-04-22,857.870765468644,868.6037330437656,846.7544776229824,847.5211181640625,2912000,0.0,0.0,-0.017333232276890098
2014-04-23,855.5707148332258,857.8706361096591,844.0711084510588,853.6541137695312,4275000,0.0,0.0,0.007236392668013236
2014-04-24,858.2539933360706,860.5539147116921,841.0045830189098,843.3045043945312,6143000,0.0,0.0,-0.012123890939034543
2014-04-25,837.1714187260285,846.7544248927642,813.4055634325241,824.5218505859375,9764000,0.0,0.0,-0.02227268289297135
2014-04-28,824.5217590617242,828.7382813070421,815.7053943669684,820.3052368164062,3997000,0.0,0.0,-0.005114010946507652
2014-04-30,818.0053431335108,831.0382305123952,814.5554611802767,823.371826171875,5700000,0.0,0.0,0.0037383515523685684
2014-05-01,819.1552652039361,833.3381125659134,818.3886248059914,832.5714721679688,4428000,0.0,0.0,0.011173136733213074
2014-05-02,842.5378585439871,857.1040271630369,837.9380158221819,841.0045776367188,6306000,0.0,0.0,0.01012898682054364
2014-05-07,830.2714945570598,835.2546568050939,811.105485910775,818.0052490234375,8235000,0.0,0.0,-0.02734744759405583
2014-05-08,809.188931604217,818.0052960887728,772.0068726910911,812.2554931640625,17010000,0.0,0.0,-0.007028996288519274
2014-05-09,812.2554716704235,837.9379240545285,806.8889890827,828.3549194335938,9099000,0.0,0.0,0.019820643141257754
2014-05-12,818.3886385520262,837.1713286171547,816.855357730383,821.4552001953125,5620000,0.0,0.0,-0.008329423869419483
2014-05-13,835.6380256269115,849.4375526556128,831.0381832840111,845.9876708984375,5405000,0.0,0.0,0.02986464836705882
2014-05-14,857.1038983526196,864.003661398392,849.4374949684279,855.5706176757812,5319000,0.0,0.0,0.01132752533753445
2014-05-15,843.3043722610747,858.6371790294578,840.237810907398,855.5706176757812,7105000,0.0,0.0,0.0
2014-05-16,848.287745769341,852.8875889456772,837.9380986225844,841.7713012695312,5417000,0.0,0.0,-0.0161287871756709
2014-05-19,835.6380173159903,855.5706672703167,827.9716134874033,842.5377807617188,8087000,0.0,0.0,0.0009105555048403158
2014-05-20,850.9709809849145,873.5868764255046,849.8210201997998,865.9204711914062,6205000,0.0,0.0,0.02775269069660924
2014-05-21,854.4208118034492,866.3037391995492,854.4208118034492,860.937255859375,4620000,0.0,0.0,-0.0057548187135186835
2014-05-22,873.9702713391013,885.4698801725104,867.0705060390558,881.2533569335938,6558000,0.0,0.0,0.02359765585232987
2014-05-23,887.7695534733269,909.618804141712,885.0863121631744,888.5361938476562,7599000,0.0,0.0,0.008264180620433326
2014-05-26,897.7358270240503,910.0020723121671,895.4359060325285,908.8521118164062,5884000,0.0,0.0,0.022864479927120707
2014-05-27,903.8690213466388,915.3686272161888,901.9524203683803,905.0189819335938,5855000,0.0,0.0,-0.004217550724673669
2014-05-28,905.7857338883817,912.6854982599394,898.1193290310954,900.4192504882812,4880000,0.0,0.0,-0.005082469580345195
2014-05-29,891.6028761770845,910.7688881327398,891.6028761770845,905.4024047851562,4811000,0.0,0.0,0.0055342600618242255
2014-05-30,906.1688951153621,908.0854959933557,900.0357723057828,902.335693359375,4261000,0.0,0.0,-0.003387125337389607
2014-06-02,902.7190663152775,915.7519530476424,899.2691845331808,907.3189086914062,4479000,0.0,0.0,0.005522573659342722
2014-06-03,918.4351080568044,919.9683887046456,912.3019854654401,913.8352661132812,3586000,0.0,0.0,0.007181992306622753
2014-06-04,919.2020212639136,919.2020212639136,906.5524521639514,916.902099609375,4782000,0.0,0.0,0.0033560025639387536
2014-06-05,914.2187251243271,918.818567766462,907.7022813813024,912.3021240234375,3055000,0.0,0.0,-0.005016866673003828
2014-06-06,909.6187991027315,912.3020403980197,896.20259262629,903.1023559570312,5000000,0.0,0.0,-0.010084124353271662
2014-06-09,910.7686174025229,921.1182607820971,910.7686174025229,919.20166015625,5114000,0.0,0.0,0.01782666615032591
2014-06-10,927.2515900710533,945.2676399814872,906.9356188954577,911.5354614257812,8699000,0.0,0.0,-0.008340061884968275
2014-06-11,909.6189058041144,915.3687092542037,885.8530515437457,896.2026977539062,8106000,0.0,0.0,-0.016820808757008976
2014-06-12,881.6364773656304,882.7864379882811,872.4367923844238,882.7864379882812,6965000,0.0,0.0,-0.014970117585284326
2014-06-13,883.5529173243687,902.7189242077607,882.786277049033,899.26904296875,6922000,0.0,0.0,0.018671112594377703
2014-06-16,906.169066359591,928.4016407457401,897.736020902776,914.6021118164062,8466000,0.0,0.0,0.01705059121910546
2014-06-17,914.6019187151055,933.7679270704094,912.301997712469,926.8681640625,8000000,0.0,0.0,0.013411353513861135
2014-06-18,923.0352672409973,949.8676878003286,923.0352672409973,946.0344848632812,6556000,0.0,0.0,0.020678583582776744
2014-06-19,946.0346380659498,952.5510841142161,934.5350273925388,951.401123046875,7543000,0.0,0.0,0.0056727722609069
2014-06-20,953.7006972492385,960.2171409201537,939.5178492595994,959.4505004882812,8002000,0.0,0.0,0.008460550704026959
2014-06-23,965.5836835342419,965.5836835342419,948.3342727525663,949.8675537109375,4590000,0.0,0.0,-0.00998795328416302
2014-06-24,947.1841601336898,959.450405833519,936.8345153244588,954.0839233398438,5427000,0.0,0.0,0.004438902679045897
2014-06-25,943.3509544478783,947.9507965662751,934.9179105641508,936.06787109375,6252000,0.0,0.0,-0.01888308963746832
2014-06-26,937.601204567567,942.5843671429466,928.4015198130202,932.6180419921875,4024000,0.0,0.0,-0.003685447613463677
2014-06-27,938.7513286611162,938.7513286611162,914.2188317095803,923.4185180664062,4070000,0.0,0.0,-0.009864192532807903
2014-06-30,923.4182083853495,934.1511722021988,921.5016077037694,929.5513305664062,4171000,0.0,0.0,0.006641422475305969
2014-07-01,933.0015244872251,943.7344919012113,930.7016028985138,941.4345703125,5261000,0.0,0.0,0.012783844587531235
2014-07-02,949.484334269222,960.6006223975254,944.5011706254999,958.6840209960938,6086000,0.0,0.0,0.018322516750014728
2014-07-03,970.5669731382197,987.0497455888294,962.5172470576895,978.61669921875,9611000,0.0,0.0,0.020791707993574216
2014-07-04,991.2661728149557,996.6326563491433,979.3832449892543,981.6831665039062,5555000,0.0,0.0,0.003133471243239816
2014-07-07,981.2997545684293,992.799361067278,976.3165917522615,985.8995971679688,3322000,0.0,0.0,0.004295103357103036
2014-07-08,978.2333586644918,983.2165223254003,969.0336719058917,969.4169921875,5713000,0.0,0.0,-0.01671834031357311
2014-07-09,964.4335635101837,970.5666863305983,954.4672389270102,968.6500854492188,4770000,0.0,0.0,-0.0007911009859139506
2014-07-10,970.183227024308,970.9498672669191,952.933821565559,954.4671020507812,4269000,0.0,0.0,-0.014642009133628564
2014-07-11,941.8176823105923,946.80084465086,933.0013181701187,939.5177612304688,6831000,0.0,0.0,-0.01566249982654422
2014-07-14,939.9010414056236,956.7671286086609,938.7510809145074,956.00048828125,3658000,0.0,0.0,0.01754381633955937
2014-07-15,962.1339281330277,963.667209293399,954.8508426212636,960.6006469726562,3109000,0.0,0.0,0.004811879018677745
2014-07-16,973.6332477408056,977.0831293272887,965.9668442152874,968.6500854492188,4904000,0.0,0.0,0.008379588856129105
2014-07-17,965.9671972967257,976.7001661555782,962.1339941328498,962.900634765625,3195000,0.0,0.0,-0.00593552901089911
2014-07-18,944.5008479954482,961.3669345667955,944.1175278460994,957.9170532226562,4349000,0.0,0.0,-0.005175592748655533
2014-07-22,970.5667203744559,1000.4656951727212,970.5667203744559,990.8826904296875,9600000,0.0,0.0,0.034413874454084725
2014-07-23,997.0156726252083,1003.9154350655211,995.4823920829165,999.6989135742188,4942000,0.0,0.0,0.008897342974785616
2014-07-24,982.449707564308,985.5162692734436,962.133736241285,965.5836181640625,8677000,0.0,0.0,-0.03412557015610229
2014-07-25,963.2836007165422,977.8497673807797,958.6837586120462,975.9331665039062,4296000,0.0,0.0,0.010718438201677616
2014-07-28,969.8001944980438,974.7833575527768,951.01750298405,953.7007446289062,5801000,0.0,0.0,-0.022780680724934665
2014-07-29,952.5507369189434,958.3005401599028,948.3342145422398,951.0174560546875,3865000,0.0,0.0,-0.0028135540307906437
2014-07-30,949.8676239323181,960.9839117023089,941.4345780378424,944.8844604492188,4329000,0.0,0.0,-0.006448878058360363
2014-07-31,900.0360564457362,910.3857044542689,868.6037921235256,883.5532836914062,19822000,0.0,0.0,-0.06490865214214059
2014-08-01,881.6365703297081,882.7865310736164,866.6870806589001,870.136962890625,12675000,0.0,0.0,-0.015184506750661408
2014-08-04,873.9700397584911,873.9700397584911,854.8040301146646,860.5538330078125,5761000,0.0,0.0,-0.011013358001684015
2014-08-05,860.170548902239,874.7367168426513,857.8706276484897,858.6372680664062,8117000,0.0,0.0,-0.0022271296319806844
2014-08-06,862.4705295261357,864.0038104675155,848.6710010537175,849.0543212890625,7775000,0.0,0.0,-0.011160646216677672
2014-08-07,849.0543433960677,853.6541863399741,841.0046182442313,849.8209838867188,8176000,0.0,0.0,0.0009029605979653521
2014-08-08,844.0712388148218,847.9044415342352,827.2051468494029,830.655029296875,9000000,0.0,0.0,-0.02255293168001904
2014-08-11,842.5377807617186,845.6043422931535,837.5546182731371,842.5377807617188,7360000,0.0,0.0,0.014305278419733503
2014-08-12,843.3044572752793,844.8377381066889,832.9548116632645,840.6212158203125,6026000,0.0,0.0,-0.002274752521689294
2014-08-13,840.6212574099017,842.5378585439871,834.1048135540109,841.0045776367188,3484000,0.0,0.0,0.0004560458494164976
2014-08-14,850.9708862304688,858.6372906109234,843.3044818500141,850.9708862304688,7407000,0.0,0.0,0.011850480792573004
2014-08-15,854.8039617276594,872.0533690270964,852.5040407544011,865.5369262695312,5761000,0.0,0.0,0.017116966367187292
2014-08-18,875.1201333820921,929.5516090458053,873.5868523774806,900.0359497070312,26526000,0.0,0.0,0.039858522947358255
2014-08-19,896.5862598492706,908.8525105184356,882.0200871796374,895.052978515625,10662000,0.0,0.0,-0.005536413509958371
2014-08-20,893.136036093632,898.5025187139371,885.0863121631744,888.5361938476562,3748000,0.0,0.0,-0.007280892667131611
2014-08-21,889.6861766420561,895.0526593964676,883.1697332974138,889.3028564453125,3227000,0.0,0.0,0.0008628377807957666
2014-08-22,896.9690787438118,899.6523195776608,887.769395884901,890.45263671875,3333000,0.0,0.0,0.0012929006863120485
2014-08-25,893.136376848568,898.886181849739,891.2197751815111,895.052978515625,2537000,0.0,0.0,0.005166295889500461
2014-08-26,896.5859962404031,898.1192771232427,886.6196705019463,887.0029907226562,3019000,0.0,0.0,-0.00899386738684338
2014-08-27,893.1359884409819,895.819229607972,882.0197036063088,885.8529052734375,3520000,0.0,0.0,-0.0012965970365914625
2014-08-28,881.6364245019105,885.852946532137,874.3533409951556,877.80322265625,3196000,0.0,0.0,-0.009086929183466208
2014-08-29,873.970015592815,887.3862219725293,872.0534146814273,883.9363403320312,4065000,0.0,0.0,0.006986893551407025
2014-09-01,895.8192640059949,908.4688299932426,890.4527814659505,899.6524658203125,7339000,0.0,0.0,0.017779702871337788
2014-09-02,900.8024492915372,931.0847443953804,900.4191291003493,925.71826171875,11119000,0.0,0.0,0.028973183411074688
2014-09-03,931.4679283196562,932.6178887249891,910.0020007534418,912.6852416992188,6835000,0.0,0.0,-0.014078819181262858
2014-09-04,916.5185072470031,924.5682306481688,912.3019854654401,913.8352661132812,4758000,0.0,0.0,0.001260044932819726
2014-09-05,918.0518937869688,918.8185341993169,908.4688886326162,915.36865234375,3207000,0.0,0.0,0.0016779678869152104
2014-09-08,906.5525022859026,907.3191428798019,890.069729517068,902.7192993164062,5139000,0.0,0.0,-0.01381886193606896
2014-09-09,906.9355354665596,910.385417046948,902.335693359375,902.335693359375,3460000,0.0,0.0,-0.00042494489407918223
2014-09-10,903.8690653474549,915.3686717768119,903.485745133143,914.9853515625,4259000,0.0,0.0,0.014018793998972434
2014-09-11,919.2017879136986,926.101551125728,914.9852659507917,921.501708984375,5075000,0.0,0.0,0.007121816115140067
2014-09-12,916.1351870850428,919.9683887046456,909.6187443317183,913.8352661132812,5633000,0.0,0.0,-0.0083195102042114
2014-09-16,914.6021404037696,929.5516305444851,914.2188201437513,927.251708984375,4909000,0.0,0.0,0.0146814676217919
2014-09-17,928.7847895052274,933.7679518096302,920.3517456054688,920.3517456054688,3210000,0.0,0.0,-0.007441305647701402
2014-09-18,925.3352634072892,937.2181934676147,924.5686227582358,933.768310546875,5368000,0.0,0.0,0.014577649257980108
2014-09-19,936.0679237751426,941.4344065486283,929.9348006054447,932.6180419921875,5746000,0.0,0.0,-0.001231856491268002
2014-09-22,935.3013827933908,956.0006756912773,935.3013827933908,940.2845458984375,8061000,0.0,0.0,0.008220411316377074
2014-09-24,931.0847666953451,937.2178899012429,914.2186778791264,918.0518798828125,7123000,0.0,0.0,-0.023644614933431396
2014-09-25,920.3519109058733,934.534760011878,920.3519109058733,930.3182373046875,5966000,0.0,0.0,0.013361290021475458
2014-09-26,919.9686939876871,926.4851389034332,917.6687722527179,922.2686157226562,3829000,0.0,0.0,-0.008652546257023386
2014-09-29,926.4851338450113,930.7016570027669,914.6022049458821,919.9686889648438,3051000,0.0,0.0,-0.0024937710322174844
2014-09-30,918.4353142967767,921.8851965291102,908.8523080958504,914.6021118164062,3995000,0.0,0.0,-0.0058334345644698304
2014-10-01,912.6853548609956,915.3685961394614,900.8024291992188,900.8024291992188,3349000,0.0,0.0,-0.015088181449506188
2014-10-02,889.3030831169802,892.752965767003,880.8700366391469,881.2533569335938,4527000,0.0,0.0,-0.021701842304092667
2014-10-03,873.2034965555221,885.4697440927375,866.6870525513764,875.50341796875,4513000,0.0,0.0,-0.006524728580724171
2014-10-06,889.3028675426136,903.1023947975852,888.1529069380327,893.9027099609375,6957000,0.0,0.0,0.02101567122933168
2014-10-07,896.9694940728376,900.0360564457362,882.7866430981816,883.5532836914062,3345000,0.0,0.0,-0.01157779941173187
2014-10-08,873.2033804414575,881.6364245019105,868.986858411231,877.80322265625,3720000,0.0,0.0,-0.006507882593263625
2014-10-09,881.6364832324434,885.4696853334541,866.686995038502,868.2202758789062,3277000,0.0,0.0,-0.010916964679561714
2014-10-10,855.1873834411322,862.8537875956918,850.2042207406683,857.4873046875,5187000,0.0,0.0,-0.012362037019397198
2014-10-14,848.2876781442928,857.4873637635712,841.7712341639707,847.9043579101562,6757000,0.0,0.0,-0.011175613592129041
2014-10-15,848.2876808183726,851.3542427011322,835.6381130519892,849.0543212890625,4851000,0.0,0.0,0.0013562418546126942
2014-10-16,822.9886254086083,834.1049133158508,807.2724942294034,822.2219848632812,10430000,0.0,0.0,-0.03160261452417257
2014-10-17,830.2717054027328,835.2548689162303,816.4721756730474,819.9220581054688,4866000,0.0,0.0,-0.002797209026458858
2014-10-20,833.7214713549092,844.4544374229265,831.038229837905,840.2379150390625,5088000,0.0,0.0,0.024777790440881686
2014-10-21,843.3044405812614,853.2707657881308,835.6380365759771,842.1544799804688,6072000,0.0,0.0,0.002280978883602458
2014-10-22,850.970946285578,862.4705536678155,849.054345055205,859.4039916992188,4595000,0.0,0.0,0.02048259806104702
2014-10-23,860.5538663493239,864.0037482188758,847.9042994943004,857.4873046875,3566000,0.0,0.0,-0.0022302514652382532
2014-10-24,862.8537822037894,863.6204226144547,835.2547274198388,838.3212890625,6650000,0.0,0.0,-0.022351369542415345
2014-10-27,848.6709591450973,861.3205262868263,846.7543580630171,857.10400390625,5093000,0.0,0.0,0.022405150732548895
2014-10-28,857.1040097348325,859.7872512679916,846.371043602196,850.9708862304688,3515000,0.0,0.0,-0.00715562831095129
2014-10-29,851.3543116617547,858.6373967232464,846.7544684650229,852.5042724609375,5291000,0.0,0.0,0.0018019256067163258
2014-10-30,912.3022765162578,918.4354010642663,847.5211484779185,861.3206787109375,23344000,0.0,0.0,0.010341773683490763
2014-10-31,868.220261734739,919.5851690514962,868.220261734739,913.0687255859375,18640000,0.0,0.0,0.06007988447745927
2014-11-04,962.9002128150457,962.9002128150457,939.5176837618142,941.0509643554688,16990000,0.0,0.0,0.030646366462255603
2014-11-05,939.134375267199,956.7671023130321,937.2177745013475,945.6508178710938,8988000,0.0,0.0,0.004887996176461629
2014-11-06,950.6340772284835,954.8505993452228,929.5514666447873,935.30126953125,5753000,0.0,0.0,-0.010944365662521438
2014-11-07,946.4175691240079,947.5675297183262,929.5514804073385,932.6180419921875,4373000,0.0,0.0,-0.0028688376959087325
2014-11-10,926.8683613698446,930.7015638568994,919.201956395735,924.1851196289062,3720000,0.0,0.0,-0.009042203757143152
2014-11-11,933.768240383583,953.7008957612293,931.0849983135153,948.3344116210938,10030000,0.0,0.0,0.026130362282704045
2014-11-12,958.300790968974,970.5670410933768,956.7675097034236,962.900634765625,8093000,0.0,0.0,0.015359796044553065
2014-11-13,959.8338428611527,962.900404659431,946.4176349936845,960.2171630859375,5692000,0.0,0.0,-0.0027868625097964284
2014-11-14,977.083416143621,987.4330639411407,967.5004089236953,987.0497436523438,9452000,0.0,0.0,0.027944283437063344
2014-11-17,989.349696484841,994.3328603958457,961.3673145230459,963.667236328125,6098000,0.0,0.0,-0.023689289698508365
2014-11-18,975.1667339509959,996.6326683461436,974.4000934368835,995.8660278320312,7424000,0.0,0.0,0.03341276977164198
2014-11-19,1008.5157171939597,1021.1652871929718,983.9832178019365,985.1331787109375,9340000,0.0,0.0,-0.010777402603499575
2014-11-20,990.4993702399661,1000.4656951727212,977.0831635997189,990.8826904296875,6480000,0.0,0.0,0.005836278630137359
2014-11-21,993.9493213850623,995.8659224675635,978.9998329415539,994.3326416015625,4192000,0.0,0.0,0.003481694861759088
2014-11-25,1006.5988794396573,1023.4649688133605,1001.615716670154,1016.181884765625,8010000,0.0,0.0,0.021973776430461056
2014-11-26,1010.4321520018623,1034.9646473463688,1008.1322305633147,1029.21484375,9939000,0.0,0.0,0.012825419523573744
2014-11-27,1043.3976112342812,1046.8474931230057,1014.6485954949089,1021.1650390625,7857000,0.0,0.0,-0.007821306441879616
2014-11-28,1033.8147249000017,1056.0472996290341,1026.148319821025,1054.8973388671875,8153000,0.0,0.0,0.033033151855312415
2014-12-01,1061.7970071780453,1108.5620739201831,1056.4305241092754,1083.262939453125,14402000,0.0,0.0,0.02688944178814423
2014-12-02,1057.9638671875,1077.8965197576993,1054.5139850118885,1057.9638671875,10238000,0.0,0.0,-0.02335450733540001
2014-12-03,1071.7632779484543,1088.629366728759,1068.696716352035,1077.1297607421875,7224000,0.0,0.0,0.018115829991092403
2014-12-04,1096.295674205338,1099.7455556975924,1064.0967802776288,1071.76318359375,6979000,0.0,0.0,-0.004982294003964438
2014-12-05,1080.5798493453556,1088.246254803641,1066.0136789746127,1087.4796142578125,5776000,0.0,0.0,0.01466408895607274
2014-12-08,1089.396072536481,1089.396072536481,1058.730454731091,1061.4136962890625,10600000,0.0,0.0,-0.023969109514332843
2014-12-09,1056.046973290962,1069.4631780333154,1043.0140886841043,1046.8472900390625,10263000,0.0,0.0,-0.013723589869743869
2014-12-10,1038.79805176503,1047.6144189940323,1029.2150439074192,1037.2647705078125,11275000,0.0,0.0,-0.00915369378363906
2014-12-11,1020.3983847597751,1026.5315080340638,1005.4488967786965,1023.8482666015625,14243000,0.0,0.0,-0.012934502633962675
2014-12-12,1017.3315918985234,1027.681235071568,1012.7317504882814,1012.7317504882812,10090000,0.0,0.0,-0.010857581612341849
2014-12-15,1003.5323768533685,1015.031983921971,995.865972140967,998.1658935546875,5254000,0.0,0.0,-0.01438273948315627
2014-12-16,978.2333552906963,986.6664014569953,956.7674195946621,958.6840209960938,10757000,0.0,0.0,-0.03955441957447592
2014-12-17,950.6342215626257,965.5837113371992,946.4176988056947,952.9341430664062,6754000,0.0,0.0,-0.005997677862319306
2014-12-18,973.633353641409,982.8330388726665,964.0503481921826,970.1834716796875,8138000,0.0,0.0,0.018101280910950868
2014-12-19,985.1330815085881,987.0496828344803,965.9670682496662,969.0336303710938,8508000,0.0,0.0,-0.0011851792389361293
2014-12-22,977.4665558210996,980.149797346883,960.217146012492,970.1834716796875,5209000,0.0,0.0,0.0011865855555017735
2014-12-24,980.5333350749331,991.2663035589434,973.6335696209266,985.1331787109375,5915000,0.0,0.0,0.015409154523491786
2014-12-25,988.1995243078479,991.6494062778909,978.9998390544002,979.7664794921875,2294000,0.0,0.0,-0.005447689038118098
2014-12-26,981.2996688741723,988.9660725372518,977.4664670426325,983.98291015625,1839000,0.0,0.0,0.0043035057356195505
2014-12-29,983.983162888617,987.0497251414837,964.8171488081998,969.4169921875,4093000,0.0,0.0,-0.01480301925816685
2014-12-30,978.999724433896,984.7495270441185,966.3501586914062,966.3501586914062,4435000,0.0,0.0,-0.0031635854547725772
2015-01-05,959.4505884244845,962.1338301819641,942.9678176285385,944.5010986328125,5727000,0.0,0.0,-0.022609878895431534
2015-01-06,923.0350311292223,924.5683119118289,902.7190607596837,905.0189819335938,10476000,0.0,0.0,-0.041802086579221576
2015-01-07,904.635733545354,917.2853010059458,901.9524919628042,909.618896484375,6113000,0.0,0.0,0.005082671902586489
2015-01-08,919.9685906597651,984.7497122520568,903.8691403232192,930.3182373046875,24617000,0.0,0.0,0.022756058499129983
2015-01-09,931.8514900379423,954.8507041071634,931.8514900379423,935.6846923828125,8938000,0.0,0.0,0.005768407909182427
2015-01-13,923.8017756278982,940.6678661372872,921.1185339559499,940.2845458984375,8211000,0.0,0.0,0.004916029462778804
2015-01-14,931.8513610605793,935.301242693465,898.885825457449,899.6524658203125,9594000,0.0,0.0,-0.043212536306550975
2015-01-15,908.0856743442849,933.3848109026314,906.9357135916329,926.4850463867188,6823000,0.0,0.0,0.029825495495018783
2015-01-16,908.4689878478134,916.1353928085545,897.3527006547389,914.6021118164062,6174000,0.0,0.0,-0.012825824460584445
2015-01-19,934.5344923385148,937.9843735653593,925.3348090669298,929.5513305664062,5874000,0.0,0.0,0.0163450516425232
2015-01-20,920.7349189817783,937.6010040921856,918.4349982849046,934.151123046875,4288000,0.0,0.0,0.004948400727548874
2015-01-21,929.5514804073385,939.5178055580976,925.3349582281712,932.6180419921875,5185000,0.0,0.0,-0.0016411488643155447
2015-01-22,926.1016402363184,929.5515221742847,916.1353146377487,924.568359375,4005000,0.0,0.0,-0.008631274814277057
2015-01-23,933.3846345162035,934.1512748730956,917.2851870214681,921.501708984375,4625000,0.0,0.0,-0.003316845487442377
2015-01-26,908.4690162434761,928.40166976443,906.9357352034027,927.251708984375,4553000,0.0,0.0,0.006239814797888155
2015-01-27,934.1514711182533,951.4008827720577,933.7681508592799,944.1177978515625,5396000,0.0,0.0,0.018189331660182217
2015-01-28,937.6011687984312,947.5674935689786,929.9347651287792,942.9676513671875,6174000,0.0,0.0,-0.0012182234960428362
2015-01-29,895.8195042934851,903.4859099784957,854.0375933101775,861.3206787109375,22451000,0.0,0.0,-0.08658512573349886
2015-01-30,865.9201926884689,888.5360808551885,854.0372683974806,876.2698364257812,14688000,0.0,0.0,0.017356088254164348
2015-02-02,870.1369592642461,889.3029715828418,869.7536390178742,877.4200439453125,7040000,0.0,0.0,0.0013126179536464555
2015-02-03,873.9700397584911,877.4199214943799,854.8040301146646,860.5538330078125,7208000,0.0,0.0,-0.019222504721525646
2015-02-04,870.1369407694176,878.5699860103547,864.7704574342757,869.3703002929688,6196000,0.0,0.0,0.010245108379031809
2015-02-05,875.5032504869838,881.6363730823392,862.8536851340633,865.5369262695312,6174000,0.0,0.0,-0.004409368507465317
2015-02-06,886.236245984229,906.5522152909608,881.6364038770444,902.335693359375,15424000,0.0,0.0,0.042515536856927216
2015-02-09,913.4521584973832,914.6021192508418,891.6029041816673,900.0359497070312,5494000,0.0,0.0,-0.0025486564138694767
2015-02-10,903.1024197347592,906.5523016437629,896.9692963409748,904.2523803710938,3023000,0.0,0.0,0.004684735832424236
2015-02-12,914.6019338100771,918.0518153709701,906.5522101679934,908.4688110351562,5664000,0.0,0.0,0.004662891417916093
2015-02-13,908.4689952323953,910.7689167393128,896.2027471955022,900.0359497070312,4558000,0.0,0.0,-0.009282499548351253
2015-02-16,904.6356980455361,906.9356193117535,892.7527715034124,894.6693725585938,6886000,0.0,0.0,-0.005962625326448756
2015-02-17,898.119187920753,908.468832851978,895.0526264596492,900.8024291992188,4341000,0.0,0.0,0.006855109640207635
2015-02-18,906.9354396725541,913.4518819694406,905.0188389969993,912.6852416992188,4765000,0.0,0.0,0.013191363738398687
2015-02-19,915.7520741573857,931.8515246030157,913.8354729138583,924.1851196289062,5235000,0.0,0.0,0.012600048082597848
2015-02-20,929.9349508045034,930.7015913245401,921.1185848240815,927.251708984375,3535000,0.0,0.0,0.0033181548699898755
2015-02-23,931.4682862832071,933.3848876953125,926.1018023293121,933.3848876953125,4589000,0.0,0.0,0.0066143622616292586
2015-02-24,929.5514666447873,935.30126953125,921.1184224113089,935.30126953125,5045000,0.0,0.0,0.0020531528431635415
2015-02-25,934.5346153892202,941.8176989381928,929.1681327741878,937.9844970703125,3646000,0.0,0.0,0.0028688376959087325
2015-02-26,931.4679893324792,955.233839266065,930.3180288518219,952.5505981445312,4927000,0.0,0.0,0.015529149063459258
2015-02-27,958.3005472341428,990.4994456212099,956.3839461396744,979.7664794921875,13026000,0.0,0.0,0.028571586014086714
2015-03-02,985.1328767103955,998.16576301707,985.1328767103955,994.7158813476562,6387000,0.0,0.0,0.015258127490967999
2015-03-03,999.3159815294989,1003.1491843738776,991.6495758407418,1000.4659423828125,5040000,0.0,0.0,0.0057806064454968276
2015-03-04,998.5491499851319,1003.1489925186527,988.5828244958369,997.015869140625,4426000,0.0,0.0,-0.003448466455510224
2015-03-05,1000.0824004656073,1044.5475436062782,997.0158388696989,1043.3975830078125,9759000,0.0,0.0,0.04652053723795402
2015-03-06,1043.3979242488197,1066.3971437399766,1041.8646429494092,1060.6473388671875,11647000,0.0,0.0,0.016532294247461277
2015-03-09,1048.764090552824,1067.9301009795934,1044.1642480503992,1062.1802978515625,6444000,0.0,0.0,0.0014453050775691256
2015-03-10,1060.6470146715685,1062.1802955023188,1027.6814768104355,1035.731201171875,10143000,0.0,0.0,-0.024900760005796774
2015-03-11,1020.3985374966958,1033.431426405369,1015.0320538284187,1019.6318969726562,10888000,0.0,0.0,-0.015543901912970504
2015-03-12,1021.1650662496519,1033.047993071626,1013.1153416283146,1032.6646728515625,5149000,0.0,0.0,0.012781844033715739
2015-03-13,1042.247638964131,1055.6638461593295,1041.864318758554,1050.29736328125,8862000,0.0,0.0,0.01707494300255008
2015-03-16,1051.8308989016925,1089.7796084466152,1051.0642583048254,1064.48046875,10750000,0.0,0.0,0.01350389514874184
2015-03-17,1067.5467612526634,1088.6293723366477,1054.8971946022727,1079.4296875,12953000,0.0,0.0,0.014043675942269296
2015-03-18,1309.421875,1309.421875,1309.421875,1309.421875,1177000,0.0,0.0,0.21306824350242826
2015-03-19,1593.0790593811355,1593.462379655289,1409.8519683358559,1464.283447265625,85218000,0.0,0.0,0.11826713393315269
2015-03-20,1419.0515385716194,1425.5679826979613,1346.6040126964072,1368.0699462890625,35046000,0.0,0.0,-0.06570688288270266
2015-03-23,1379.9527065864213,1441.2839379902623,1379.1860661938733,1417.134765625,24800000,0.0,0.0,0.035864262254300394
2015-03-24,1389.1525560461955,1397.9689216060915,1367.3033022673233,1375.35302734375,14060000,0.0,0.0,-0.02948324979016581
2015-03-25,1375.3528374785267,1436.3007475005684,1362.703271247537,1422.501220703125,19390000,0.0,0.0,0.034280793674067445
2015-03-26,1409.4686843011405,1437.4510650337984,1366.153492208122,1379.5697021484375,25083000,0.0,0.0,-0.030180303489277138
2015-03-27,1404.349559554488,1412.4806157305684,1386.925867748601,1409.770263671875,9797000,18.0,0.0,0.02189129079625718
2015-03-30,1393.895657468941,1408.609000520002,1379.5695076560658,1394.6700439453125,10445000,0.0,0.0,-0.01071112089372106
2015-03-31,1406.2860203765913,1407.8347935267857,1367.1794983341804,1368.728271484375,9157000,0.0,0.0,-0.018600652228502823
2015-04-01,1367.179329502372,1392.7340833248463,1352.853179632197,1381.1182861328125,8665000,0.0,0.0,0.00905220919781291
2015-04-02,1377.6337244698661,1380.7312707868305,1351.6917740652902,1355.176513671875,10359000,0.0,0.0,-0.01878316486097331
2015-04-03,1367.1793607302513,1412.8681640625,1361.3714620015758,1412.8681640625,11267000,0.0,0.0,0.04257131805974734
2015-04-06,1405.8988350873594,1462.0418621013134,1401.6397089000939,1444.6181640625,8217000,0.0,0.0,0.022472018839116092
2015-04-07,1463.977669064025,1493.0171626318115,1463.977669064025,1477.9166259765625,10984000,0.0,0.0,0.023050009159805818
2015-04-08,1489.1451627825668,1493.7914815431989,1458.556897608406,1479.46533203125,8695000,0.0,0.0,0.001047898120547952
2015-04-09,1466.3006960402618,1475.2061399296006,1453.5233200251234,1460.4927978515625,6302000,0.0,0.0,-0.012823912645279045
2015-04-10,1451.9745631548287,1466.6879053947976,1442.6819259506378,1464.36474609375,6151000,0.0,0.0,0.002651124502553781
2015-04-13,1466.687946530918,1535.2211478339732,1458.9440819769006,1530.5748291015625,15645000,0.0,0.0,0.04521420171062607
2015-04-14,1516.2483907314975,1524.7666401176295,1490.6936425731014,1505.406982421875,8687000,0.0,0.0,-0.016443395122642146
2015-04-15,1505.0197789755211,1552.2573434301169,1494.5655638913074,1542.5775146484375,11557000,0.0,0.0,0.024691351017093854
2015-04-16,1544.9011115224446,1604.5288737215565,1542.5779519562454,1599.495361328125,14767000,0.0,0.0,0.03689788431322971
2015-04-17,1591.3642499021998,1594.8489891355623,1561.550369794543,1577.42529296875,10527000,0.0,0.0,-0.013798144647977795
2015-04-20,1564.260744116989,1582.071633777727,1537.1572163723874,1567.7454833984375,5616000,0.0,0.0,-0.006136461494220646
2015-04-21,1578.5869659733876,1601.431368963927,1564.6480082164483,1600.656982421875,6829000,0.0,0.0,0.020992883967424714
2015-04-22,1612.2727226459776,1630.4708057305984,1601.431311446629,1619.62939453125,9327000,0.0,0.0,0.011852890605374311
2015-04-23,1614.2086515431317,1619.2421637690998,1570.0686212538735,1577.42529296875,8154000,0.0,0.0,-0.026057875773929484
2015-04-24,1587.8794601550735,1617.3061460784545,1580.1355954383944,1606.8519287109375,6616000,0.0,0.0,0.018654852228726426
2015-04-27,1591.3637170247,1595.235648209675,1574.3272198108104,1593.2996826171875,5384000,0.0,0.0,-0.00843403542765886
2015-04-28,1602.2054629827137,1621.5651229994212,1599.8823037807088,1609.5621337890625,4560000,0.0,0.0,0.010206774876878155
2015-04-30,1595.2365376630169,1618.0809443916862,1570.068970928042,1573.5537109375,6597000,0.0,0.0,-0.022371564350110118
2015-05-01,1558.0656794329332,1590.9771065581317,1549.1602344461148,1568.5198974609375,7727000,0.0,0.0,-0.0031990096312399796
2015-05-07,1529.8003735759698,1539.8673970416685,1513.9254519569836,1528.6387939453125,8614000,0.0,0.0,-0.02542594683062871
2015-05-08,1629.6962268877132,1673.449059778735,1600.6567360308402,1638.2144775390625,27190000,0.0,0.0,0.0716818675724844
2015-05-11,1627.3731075100713,1634.34258548656,1581.68430744198,1594.848876953125,13442000,0.0,0.0,-0.026471259520964296
2015-05-12,1605.6902569232436,1613.046927982212,1585.1690166008584,1611.1109619140625,5603000,0.0,0.0,0.010196630662590023
2015-05-13,1606.8518146100962,1727.6560956121082,1600.6567232766597,1719.9122314453125,14525000,0.0,0.0,0.06753182872146168
2015-05-14,1690.4855500622712,1795.0277164655724,1678.4825605863366,1743.918212890625,18168000,0.0,0.0,0.013957678192182632
2015-05-15,1765.2141646434195,1788.4457614582045,1738.1106350261703,1763.2781982421875,9978000,0.0,0.0,0.01110142964759353
2015-05-18,1765.6009740835839,1769.4729060442935,1734.625518397907,1738.8846435546875,8440000,0.0,0.0,-0.013834206486428524
2015-05-19,1724.1716496543277,1730.75393531436,1692.0346079024057,1707.5223388671875,9151000,0.0,0.0,-0.01803587420462127
2015-05-20,1688.162583878183,1704.8118937650552,1668.8029212190297,1687.775390625,10313000,0.0,0.0,-0.011564679297424663
2015-05-21,1685.4520192562954,1692.8086901420913,1674.997802734375,1674.997802734375,5184000,0.0,0.0,-0.007570668444154327
2015-05-22,1676.159655349667,1684.2907139688268,1620.016631550706,1651.7664794921875,14893000,0.0,0.0,-0.013869464905722939
2015-05-25,1661.0587270523777,1687.0006698758064,1641.3118750524543,1657.961181640625,6893000,0.0,0.0,0.003750349837794209
2015-05-26,1651.3789010188257,1665.3178554002272,1641.6990715872969,1644.409423828125,5255000,0.0,0.0,-0.008173748554890725
2015-05-27,1654.8636670415801,1657.9612125110075,1606.8517122654555,1607.6260986328125,10149000,0.0,0.0,-0.02236871466576873
2015-05-28,1612.2727326215945,1614.9830854382014,1592.9130696458308,1613.047119140625,7941000,0.0,0.0,0.003372065502309729
2015-05-29,1602.9796808416193,1653.3147915926845,1599.8821355646305,1635.50390625,10686000,0.0,0.0,0.013921965975389083
2015-06-01,1618.4675610573147,1671.1258357711413,1614.982822289488,1663.7691650390625,6233000,0.0,0.0,0.017282293659494297
2015-06-02,1664.931137761281,1688.9371216080715,1628.922161991095,1633.5684814453125,7337000,0.0,0.0,-0.018151967369247957
2015-06-03,1625.8242162736333,1645.5710691028676,1610.72368175716,1622.3394775390625,5151000,0.0,0.0,-0.006873910725992416
2015-06-04,1626.2114628804861,1644.7967367419774,1622.3395308260087,1640.9248046875,4851000,0.0,0.0,0.011455880477389213
2015-06-05,1617.6934539093368,1628.9220585439398,1598.7209840094906,1616.9190673828125,7104000,0.0,0.0,-0.014629395104585052
2015-06-08,1631.245050963476,1632.4066306342309,1607.6262643247928,1612.2725830078125,5870000,0.0,0.0,-0.0028736653978117532
2015-06-09,1599.8822717647743,1601.0438513425318,1564.260498046875,1564.260498046875,6757000,0.0,0.0,-0.02977913627444273
2015-06-10,1587.4923494127063,1604.141659418742,1561.1632080078125,1561.1632080078125,7722000,0.0,0.0,-0.0019800346827972826
2015-06-11,1563.873362213135,1581.684249725342,1547.9984407348634,1548.7728271484375,9099000,0.0,0.0,-0.007936633912341673
2015-06-12,1541.4162081514037,1597.1720318072194,1535.995503073755,1587.87939453125,9963000,0.0,0.0,0.025250034541743904
2015-06-15,1571.2305509311948,1599.108471006859,1568.9073909248893,1573.5537109375,4705000,0.0,0.0,-0.009021896526328455
2015-06-16,1586.717998322808,1593.6874770855727,1573.9406205910723,1575.8765869140625,4291000,0.0,0.0,0.0014761974506600772
2015-06-17,1566.5837356279483,1575.8763727152123,1530.9619601267689,1539.093017578125,6684000,0.0,0.0,-0.023341656092478957
2015-06-18,1541.0289648487542,1551.483181444462,1511.215087890625,1511.215087890625,5759000,0.0,0.0,-0.018113219518965717
2015-06-19,1533.2852210737585,1541.803472301946,1523.2181968949913,1528.251708984375,3362000,0.0,0.0,0.011273458841341899
2015-06-22,1541.4161562194824,1553.419145629883,1532.897905670166,1548.7728271484375,5158000,0.0,0.0,0.013427839172972522
2015-06-23,1575.8762944114521,1622.3394775390625,1573.1659420623414,1622.3394775390625,8561000,0.0,0.0,0.04749996197058426
2015-06-24,1626.2117057011046,1633.1811844398235,1608.0136223277827,1616.9190673828125,7753000,0.0,0.0,-0.003341107228970519
2015-06-25,1619.6294418035768,1683.9035243614046,1618.8550552667355,1658.7359619140625,9841000,0.0,0.0,0.02586208263282841
2015-06-26,1664.1563205070952,1698.616514207684,1660.2843886306246,1686.613525390625,12099000,0.0,0.0,0.016806510569888244
2015-06-29,1625.0501846524294,1645.5714283471111,1611.8856132256526,1625.4373779296875,9635000,0.0,0.0,-0.036271585956106245
2015-06-30,1595.2360912596941,1609.5622406229486,1574.327657053863,1585.1690673828125,9563000,0.0,0.0,-0.02477383078157369
2015-07-01,1603.367269779277,1633.955536940002,1603.367269779277,1629.6964111328125,5647000,0.0,0.0,0.028089965080833057
2015-07-02,1640.5378361427868,1663.7694316510633,1626.5988788378208,1630.0836181640625,6236000,0.0,0.0,0.00023759457810967888
2015-07-03,1628.9218543482386,1632.0194000660388,1599.8823632438607,1618.0804443359375,4248000,0.0,0.0,-0.007363532578558152
2015-07-06,1579.7484464765569,1593.6874033572324,1566.9710693359375,1566.9710693359375,5066000,0.0,0.0,-0.031586424011802006
2015-07-07,1594.0746564211206,1601.044135122986,1570.8430607482355,1575.4893798828125,3839000,0.0,0.0,0.005436163253789372
2015-07-08,1572.3916597366333,1594.0744799644715,1536.3826904296875,1536.3826904296875,9820000,0.0,0.0,-0.02482193149155587
2015-07-09,1510.0536016484493,1556.5167893914784,1487.2092010081267,1530.9620361328125,9836000,0.0,0.0,-0.003528192767753069
2015-07-10,1548.772828993723,1575.4891602938646,1509.279121854383,1511.215087890625,8694000,0.0,0.0,-0.012898391845213908
2015-07-13,1557.2910260415022,1578.9738449023487,1496.1145013983999,1533.6722412109375,15266000,0.0,0.0,0.014860328950036195
2015-07-14,1546.0625979160397,1552.257689718358,1519.7334577561874,1528.251708984375,9121000,0.0,0.0,-0.003534348526959441
2015-07-15,1532.123411335609,1583.232911031414,1529.0258658994996,1566.1964111328125,9490000,0.0,0.0,0.02482883017592319
2015-07-16,1582.4588589348264,1635.1171424716838,1573.5534139249166,1626.986083984375,10345000,0.0,0.0,0.03881356924294965
2015-07-17,1652.9282211948448,1668.4159534149887,1627.7606563371112,1649.4434814453125,10784000,0.0,0.0,0.013803066714584755
2015-07-21,1633.9554215266605,1694.357565071248,1630.0834892481614,1684.677734375,7948000,0.0,0.0,0.021361297507941135
2015-07-22,1661.8332795852498,1674.2234624712535,1656.0253813574357,1662.607666015625,5662000,0.0,0.0,-0.013100468955602795
2015-07-23,1676.5465348991659,1694.357421875,1673.0617961430244,1694.357421875,5716000,0.0,0.0,0.019096360800177292
2015-07-24,1695.9063379826475,1711.3940670966444,1673.8363239952023,1684.677734375,6473000,0.0,0.0,-0.005712895859533718
2015-07-27,1657.1869141093712,1659.122880130527,1608.4005703762448,1613.43408203125,7520000,0.0,0.0,-0.0422891873561686
2015-07-28,1602.9799274587228,1625.4371341719127,1586.7178122526198,1604.9158935546875,5357000,0.0,0.0,-0.005279539196195948
2015-07-29,1621.952383765244,1623.8883498475611,1587.4921875,1587.4921875,3607000,0.0,0.0,-0.010856460531458834
2015-07-30,1703.6500755906454,1738.4974635004542,1661.833210098875,1718.7506103515625,18672000,0.0,0.0,0.08268287799152563
2015-07-31,1718.3635754836694,1726.8818266464996,1688.1625031790893,1688.9368896484375,7585000,0.0,0.0,-0.01734615861286981
2015-08-03,1685.8395206502141,1724.9460414553753,1680.806008071332,1717.9765625,5415000,0.0,0.0,0.01719405445493427
2015-08-04,1723.009958574849,1736.174529044859,1718.3636395854335,1728.4306640625,6776000,0.0,0.0,0.0060851246697377626
2015-08-05,1742.369663404382,1794.6407533065133,1736.5617645263674,1781.0889892578125,9855000,0.0,0.0,0.030465974881251245
2015-08-06,1781.0887288943356,1795.0276841639434,1771.4088988459969,1777.216796875,7993000,0.0,0.0,-0.0021740589078741435
2015-08-07,1796.5767445958645,1814.774828000176,1778.378661191553,1802.3846435546875,6526000,0.0,0.0,0.014161382406435719
2015-08-10,1805.4818295362518,1904.990478515625,1798.1251589891388,1904.990478515625,12255000,0.0,0.0,0.05692782355190107
2015-08-11,1928.2223071244557,2017.276751027794,1888.3414039851345,1911.572998046875,19174000,0.0,0.0,0.0034554081007160953
2015-08-12,1912.3476013384368,1953.7772821125232,1846.911937312076,1883.30810546875,10334000,0.0,0.0,-0.01478619577018736
2015-08-13,1858.1403498185664,1901.1187992517528,1850.3964850558302,1874.4024658203125,6225000,0.0,0.0,-0.004728721563177718
2015-08-14,1862.0126404380203,1872.4668598790322,1823.680502487643,1860.4638671875,6369000,0.0,0.0,-0.007436289103851745
2015-08-17,1886.4055663465945,1927.8352452462425,1879.4360876531957,1901.506103515625,5395000,0.0,0.0,0.02206021683730386
2015-08-18,1896.4723978061868,1927.8350487294822,1886.018180831755,1916.6064453125,5355000,0.0,0.0,0.007941253393274117
2015-08-19,1929.7707856209047,1989.7857277900941,1913.5086722589308,1920.4781494140625,10364000,0.0,0.0,0.0020200830019285743
2015-08-20,1949.1307663340515,1977.00867955933,1926.2863652188928,1929.3839111328125,7800000,0.0,0.0,0.004637262715781132
2015-08-21,1881.759017249585,1894.5363932926375,1826.0031945162639,1836.8446044921875,10366000,0.0,0.0,-0.04796313792535556
2015-08-24,1757.0828414853968,1788.8326856902893,1685.452095413383,1687.3880615234375,18192000,0.0,0.0,-0.08136591555063455
2015-08-25,1637.053020024993,1814.387524086357,1631.632314660672,1730.7537841796875,17930000,0.0,0.0,0.025699910794140468
2015-08-26,1750.8876674530693,1854.268252859962,1750.8876674530693,1849.2347412109375,11231000,0.0,0.0,0.06845627501395612
2015-08-27,1858.1403236266658,1889.5029754736672,1802.3844981208854,1808.57958984375,10380000,0.0,0.0,-0.021984851604380573
2015-08-28,1896.4727536234225,1911.5732920863286,1835.2962131839572,1871.6923828125,8598000,0.0,0.0,0.03489633153175342
2015-08-31,1883.6953637734362,1955.3261227247383,1859.3021864008304,1936.7408447265625,10638000,0.0,0.0,0.03475382093307311
2015-09-01,1923.1884729308251,1949.1304152876532,1843.0394868433114,1848.072998046875,10682000,0.0,0.0,-0.04578198829291791
2015-09-02,1804.3205100104847,1899.95724090589,1797.3510316456372,1840.7166748046875,8590000,0.0,0.0,-0.003980537159496422
2015-09-03,1872.4662996649413,1882.1461295846318,1815.5488997371608,1820.9696044921875,7152000,0.0,0.0,-0.010727924934235356
2015-09-04,1843.4267213099213,1848.8474258044264,1777.216687841323,1794.640380859375,8206000,0.0,0.0,-0.014458903414895197
2015-09-07,1757.857482015526,1786.122591307846,1739.2722046726306,1769.8604736328125,6831000,0.0,0.0,-0.013807728551553322
2015-09-08,1785.3480452859837,1803.9333209688566,1728.4306385071852,1731.1409912109375,7254000,0.0,0.0,-0.021877138338707303
2015-09-09,1804.320288189387,1827.5518798828125,1778.3783441317282,1827.5518798828125,7981000,0.0,0.0,0.05569210662872437
2015-09-10,1803.5460936561199,1819.033823099281,1774.1194077141138,1812.4515380859375,7841000,0.0,0.0,-0.008262606365978087
2015-09-11,1781.089303190697,1835.6835622667595,1781.089303190697,1786.510009765625,11431000,0.0,0.0,-0.014312950043182004
2015-09-14,1800.4486623352436,1807.0309477674368,1759.0189834384971,1774.5067138671875,4352000,0.0,0.0,-0.006718851746043253
2015-09-15,1789.2201007063888,1794.640806486499,1744.3056813854755,1751.662353515625,7147000,0.0,0.0,-0.012873639853285046
2015-09-16,1781.088914560594,1783.024880772073,1655.638304056761,1676.1595458984375,10045000,0.0,0.0,-0.043103516762606486
2015-09-17,1688.1622980838372,1689.3238776467388,1621.952262998439,1649.0557861328125,12715000,0.0,0.0,-0.016170155061878133
2015-09-18,1654.0896141615708,1671.1261176782161,1618.8550273430542,1630.4708251953125,6962000,0.0,0.0,-0.011270061991707103
2015-09-24,1595.2362707797788,1616.5319006081497,1562.7120361328125,1562.7120361328125,10714000,0.0,0.0,-0.04155780527651165
2015-09-25,1590.5897609016943,1598.3336253656753,1553.8064046977847,1588.2666015625,6608000,0.0,0.0,0.016352702762133076
2015-09-28,1590.5933537269705,1608.4303342904616,1550.6540276826317,1558.7969970703125,6232000,3.0,0.0,-0.018554570412294802
2015-09-29,1535.9187934041827,1549.4904060699605,1487.4487481692615,1497.530517578125,7812000,0.0,0.0,-0.03930369355813168
2015-09-30,1528.5513546031825,1568.8784324516685,1523.122709508194,1555.694580078125,6049000,0.0,0.0,0.03883998477310868
2015-10-01,1583.225893559403,1616.9610522024761,1564.2256317949134,1606.103759765625,7352000,0.0,0.0,0.03240300527688955
2015-10-02,1590.5931095173426,1630.5324294296502,1573.919412854923,1622.7772216796875,4680000,0.0,0.0,0.010381310555238166
2015-10-05,1644.4919512523434,1666.982055749546,1633.246899003742,1661.1656494140625,5346000,0.0,0.0,0.023656006025670084
2015-10-06,1690.6352346664432,1703.819087413842,1657.2878424230225,1663.104248046875,4382000,0.0,0.0,0.0011670110283681367
2015-10-07,1668.1449306054735,1673.185814868112,1623.1647325696215,1635.185302734375,5351000,0.0,0.0,-0.016787249112788727
2015-10-08,1636.736858922818,1639.451182071944,1609.593627431561,1615.4100341796875,3787000,0.0,0.0,-0.01209359484923156
2015-10-09,1628.59368605297,1659.6145181682648,1606.8791035722638,1658.0634765625,4953000,0.0,0.0,0.02640409647106856
2015-10-13,1658.8392441131598,1714.6767502263658,1654.5738790628454,1709.6358642578125,5606000,0.0,0.0,0.03110398873403364
2015-10-14,1696.0638792745744,1729.411271505396,1651.083675800443,1657.287841796875,6482000,0.0,0.0,-0.03061939887629983
2015-10-15,1665.8186306793943,1713.513158513092,1652.6347774570713,1704.2069091796875,4985000,0.0,0.0,0.028310753388464782
2015-10-16,1741.8198156692863,1794.9429934846673,1736.003409339135,1771.6773681640625,9005000,0.0,0.0,0.03959053247639499
2015-10-19,1797.2695150404056,1820.147379417403,1784.0856609926443,1804.636962890625,6506000,0.0,0.0,0.018603609956770795
2015-10-20,1791.065203254929,1810.8409827236455,1769.3506218775149,1806.96337890625,5497000,0.0,0.0,0.001289132420239536
2015-10-21,1822.473868278608,1827.9025138436932,1780.2079849504446,1811.6165771484375,6282000,0.0,0.0,0.0025751480613869226
2015-10-22,1798.0450602283804,1819.7596436600795,1790.2898518599163,1796.4940185546875,3068000,0.0,0.0,-0.008347549246625618
2015-10-23,1837.9846281866994,1849.6174422891468,1828.6783769047415,1831.3927001953125,5377000,0.0,0.0,0.01942599378577481
2015-10-26,1855.0455820003383,1889.1684940438229,1850.0046972666419,1862.0252685546875,7149000,0.0,0.0,0.016726378977107492
2015-10-27,1853.4947414410508,1855.4335434718469,1799.983805391079,1801.922607421875,6636000,0.0,0.0,-0.032278112519635416
2015-10-28,1780.5956628062527,1798.4326402646777,1730.9623342262873,1784.4732666015625,7036000,0.0,0.0,-0.009683734888746631
2015-10-29,1830.2290107834508,1831.3922919343725,1557.633461084136,1624.3282470703125,39832000,0.0,0.0,-0.08974358009646055
2015-10-30,1574.3074358366352,1574.3074358366352,1474.2652391750955,1510.7147216796875,39398000,0.0,0.0,-0.06994492990905121
2015-11-02,1497.143219599305,1523.8986928322374,1468.4489439581891,1505.6739501953125,19094000,0.0,0.0,-0.0033366799250955648
2015-11-04,1527.3883219814663,1542.123218207741,1509.551342339134,1525.8372802734375,12582000,0.0,0.0,0.013391564671427991
2015-11-05,1535.5312095651664,1552.204907042768,1528.939282655417,1545.2252197265625,10409000,0.0,0.0,0.012706426631318601
2015-11-06,1558.796875,1561.1234375,1531.2658854166666,1552.98046875,8098000,0.0,0.0,0.00501884704212241
2015-11-09,1578.1849196962619,1615.0221598365924,1570.429711245666,1614.6343994140625,10921000,0.0,0.0,0.03970039025261407
2015-11-10,1598.7361979166667,1607.6546875,1571.2052083333333,1582.0625,7336000,0.0,0.0,-0.020172925478289416
2015-11-11,1582.0625161729786,1602.2260580457714,1579.7359536491947,1592.144287109375,5215000,0.0,0.0,0.006372559307470382
2015-11-12,1589.8176003262342,1589.8176003262342,1557.2457275390625,1557.2457275390625,7926000,0.0,0.0,-0.021919219164283632
2015-11-13,1548.7149753452438,1574.3071607164973,1538.2454449660947,1565.388671875,4929000,0.0,0.0,0.005229068342865739
2015-11-16,1526.6129251435975,1527.7762065191196,1502.5717767161393,1508.38818359375,9292000,0.0,0.0,-0.03641299397738429
2015-11-17,1524.28603173194,1526.6125939782874,1491.7141602830764,1492.87744140625,10272000,0.0,0.0,-0.010282991047135814
2015-11-18,1499.0818361402116,1505.28600307716,1475.8162101266541,1494.4287109375,7313000,0.0,0.0,0.0010391137867209466
2015-11-19,1508.000211119528,1508.000211119528,1485.5101076880721,1493.653076171875,5671000,0.0,0.0,-0.0005190175750426906
2015-11-20,1492.8778953956073,1501.79638671875,1482.7961225955332,1501.79638671875,6302000,0.0,0.0,0.005451942406696997
2015-11-24,1496.7552896082632,1506.0615401135994,1490.1633621669832,1498.694091796875,5215000,0.0,0.0,-0.0020657227233401576
2015-11-25,1486.285789432825,1516.1433437731139,1485.898028986847,1507.224853515625,6655000,0.0,0.0,0.00569213007874203
2015-11-26,1514.5921632720203,1540.5721107731022,1514.5921632720203,1526.2249755859375,5162000,0.0,0.0,0.012606030232313659
2015-11-27,1525.0616937836694,1527.7760166559008,1487.8366943930687,1491.3265380859375,6770000,0.0,0.0,-0.022865854024307297
2015-11-30,1488.224660902167,1489.0001818302035,1466.122314453125,1466.122314453125,7089000,0.0,0.0,-0.01690053988119944
2015-12-01,1473.4894949087761,1500.2449620531725,1473.4894949087761,1491.7142333984375,7012000,0.0,0.0,0.017455514245316106
2015-12-02,1488.224252952422,1503.3469069037362,1480.8568061556277,1499.08154296875,4446000,0.0,0.0,0.004938820992227422
2015-12-03,1493.653133104358,1514.979956136741,1486.673445566487,1499.8572998046875,7176000,0.0,0.0,0.000517488084338158
2015-12-04,1476.9794842445688,1486.285734604734,1468.0609943160769,1471.9385986328125,6636000,0.0,0.0,-0.01861423828487585
2015-12-07,1473.4894525052882,1482.4079412967676,1463.407682567094,1466.509765625,5986000,0.0,0.0,-0.0036882197483338874
2015-12-08,1461.8564114613482,1470.387138530884,1416.4884538642718,1423.4681396484375,8672000,0.0,0.0,-0.029349702937858657
2015-12-09,1419.2032446191015,1461.8568940475445,1418.815484169752,1448.2852783203125,8298000,0.0,0.0,0.017434277579267965
2015-12-10,1423.8561351607536,1429.672540941639,1400.9782724226043,1412.611083984375,6755000,0.0,0.0,-0.024632021653435254
2015-12-11,1395.937288822082,1419.9784310184623,1388.1820816619593,1398.651611328125,6627000,0.0,0.0,-0.009882035341869377
2015-12-14,1358.324594260545,1371.5084470167135,1344.752981129195,1369.181884765625,6316000,0.0,0.0,-0.02107009803142923
2015-12-15,1345.1410440166346,1351.3452114148088,1311.4058837890625,1311.4058837890625,13044000,0.0,0.0,-0.04219746230899957
2015-12-16,1328.4672445494052,1337.773494949051,1314.507868949937,1326.5284423828125,10253000,0.0,0.0,0.011531562257488304
2015-12-17,1343.9776698775115,1347.8552742337652,1329.2427733237478,1331.5693359375,7266000,0.0,0.0,0.003800064434074768
2015-12-18,1319.9365409021052,1357.1615432307192,1299.3852375331828,1300.936279296875,11018000,0.0,0.0,-0.023005228352647178
2015-12-21,1279.6092368211353,1286.9766839422268,1257.1191350830668,1281.1602783203125,9861000,0.0,0.0,-0.015201360198249692
2015-12-22,1273.017398623083,1278.0582838445573,1253.2416181388376,1260.996826171875,6995000,0.0,0.0,-0.015738430616092147
2015-12-24,1259.4455460258152,1284.6499673594599,1246.6494551948879,1248.5882568359375,9639000,0.0,0.0,-0.009840285937600113
2015-12-25,1248.5882568359375,1248.5882568359375,1248.5882568359375,1248.5882568359375,0,0.0,0.0,0.0
2015-12-28,1267.201082084679,1288.91566611061,1265.2622799395065,1275.7318115234375,4993000,0.0,0.0,0.021739396105073805
2015-12-29,1269.139906625756,1319.5487632897796,1269.139906625756,1314.1201171875,7597000,0.0,0.0,0.030091203587861104
2015-12-30,1318.7732761967045,1330.793850016786,1298.2219725688228,1299.38525390625,4676000,0.0,0.0,-0.011212721796532432
2016-01-04,1283.487157074405,1332.344976346724,1283.487157074405,1291.630126953125,7394000,0.0,0.0,-0.005968304573113592
2016-01-05,1279.609325904079,1295.5075023774327,1269.139795055773,1272.629638671875,5157000,0.0,0.0,-0.014710471585291152
2016-01-06,1233.077988435851,1236.1800714256267,1165.607683408229,1175.689453125,18109000,0.0,0.0,-0.07617313207324206
2016-01-07,1189.6487123486247,1212.914332537972,1178.015902253951,1180.730224609375,11710000,0.0,0.0,0.004287502512654751
2016-01-08,1174.9140063492446,1221.0574937273173,1172.9752043585693,1191.9754638671875,10245000,0.0,0.0,0.009523970017395689
2016-01-12,1160.9546369497211,1162.8934389486353,1121.0153157720922,1121.403076171875,12789000,0.0,0.0,-0.05920624193584556
2016-01-13,1177.2407293167932,1211.363649007135,1171.424322551394,1193.9144287109375,11429000,0.0,0.0,0.06466127486166173
2016-01-14,1149.3218343236194,1160.1791256060287,1131.4848557882326,1149.7095947265625,8227000,0.0,0.0,-0.03702512753121068
2016-01-15,1172.9753680251633,1186.5469838535537,1143.1178132027046,1153.1995849609375,5658000,0.0,0.0,0.0030355406707769372
2016-01-18,1106.6681420298912,1144.2808994850066,1105.8926212576207,1136.9134521484375,6996000,0.0,0.0,-0.014122562152198204
2016-01-19,1209.424668150443,1240.0577392578125,1194.3020127936404,1240.0577392578125,14924000,0.0,0.0,0.09072307739385277
2016-01-20,1212.5268742740657,1227.649531164596,1147.7708819479483,1152.811767578125,14860000,0.0,0.0,-0.07035637851178211
2016-01-21,1163.281208620233,1221.833029454118,1143.1176676708158,1143.8931884765625,12193000,0.0,0.0,-0.007736370630826439
2016-01-22,1198.1796007063608,1237.34339995275,1174.138456614518,1235.7923583984375,12894000,0.0,0.0,0.08033894322272017
2016-01-25,1266.813164677248,1271.0785288680806,1228.8126473407406,1238.118896484375,7981000,0.0,0.0,0.0018826286391289138
2016-01-26,1214.465584670441,1252.8538646456561,1204.3838141718998,1225.3228759765625,10926000,0.0,0.0,-0.010335049843877453
2016-01-27,1256.3437249361334,1260.2213290254426,1216.7921632251812,1223.7718505859375,9038000,0.0,0.0,-0.0012658095437815264
2016-01-28,1236.1801083564146,1238.5066706682524,1207.48583984375,1207.48583984375,6539000,0.0,0.0,-0.013308044905910976
2016-01-29,1216.792356162986,1308.3038271809799,1212.9147514588337,1291.630126953125,16079000,0.0,0.0,0.06968552701227804
2016-02-01,1333.8959708402558,1347.8553472792817,1311.0181038985188,1342.0389404296875,8644000,0.0,0.0,0.039027282210793324
2016-02-02,1326.5283854166667,1341.6510416666667,1312.9567708333334,1331.95703125,7474000,0.0,0.0,-0.007512382000226858
2016-02-03,1355.6105346137474,1395.937621455804,1274.1808400288255,1309.467041015625,17200000,0.0,0.0,-0.016884921740507486
2016-02-04,1284.650362334788,1364.5290145053182,1276.1196324913333,1333.5081787109375,13817000,0.0,0.0,0.018359482860039078
2016-02-05,1312.181298484265,1338.1612473608743,1299.3852042614574,1321.487548828125,7215000,0.0,0.0,-0.00901429033186174
2016-02-08,1291.2421562882414,1353.2838214552442,1287.7523126225976,1346.69189453125,6628000,0.0,0.0,0.019072707666050848
2016-02-09,1273.4049467346365,1283.4867154968474,1220.6695409015333,1228.0369873046875,10057000,0.0,0.0,-0.0881084290388956
2016-02-10,1222.2207492315574,1246.649653800589,1162.1178887839394,1182.669189453125,10378000,0.0,0.0,-0.03694334805919519
2016-02-12,1131.8726976348132,1139.240145820857,1085.7292063643292,1112.8724365234375,13674000,0.0,0.0,-0.05901629428763766
2016-02-15,1190.4244791666667,1229.9760416666666,1171.8119791666666,1221.4453125,9028000,0.0,0.0,0.09756093547948685
2016-02-16,1207.4861603549978,1255.5684608957877,1202.4452740079794,1234.62939453125,6345000,0.0,0.0,0.010793837346892987
2016-02-17,1235.7924396092124,1263.3234290074722,1186.1591066095327,1210.5880126953125,9260000,0.0,0.0,-0.019472549367792524
2016-02-18,1264.8744470672423,1294.3442379860376,1258.282520151196,1282.71142578125,8296000,0.0,0.0,0.05957717433973131
2016-02-19,1270.691026826836,1271.854308206293,1231.5272203851177,1243.1600341796875,5804000,0.0,0.0,-0.03083420854185759
2016-02-22,1256.343933827012,1286.9770112258805,1250.9152871993645,1279.2218017578125,7085000,0.0,0.0,0.02900814584336331
2016-02-23,1292.7932624372509,1300.5484709701677,1262.5479491588749,1264.87451171875,6529000,0.0,0.0,-0.011215639085690565
2016-02-24,1236.5679364912696,1265.2622065760468,1215.6288745375134,1247.81298828125,6348000,0.0,0.0,-0.013488708389195248
2016-02-25,1247.4253007556697,1267.2010826451751,1245.4864986096397,1258.2825927734375,4833000,0.0,0.0,0.008390363452305705
2016-02-26,1271.8541081666797,1274.9561913573302,1238.5067138671875,1238.5067138671875,4880000,0.0,0.0,-0.015716564005436195
2016-02-29,1182.2815182613792,1267.9765709133192,1171.8119869419115,1226.4862060546875,16882000,0.0,0.0,-0.009705646063852491
2016-03-01,1209.0371522860064,1224.5475711735755,1167.9345422339486,1193.5267333984375,11372000,0.0,0.0,-0.026873088742084383
2016-03-02,1232.3029367789122,1247.0378365893584,1200.1188135087266,1236.1805419921875,9438000,0.0,0.0,0.03573762312998041
2016-03-03,1240.4454945024238,1287.364501953125,1226.4861203848598,1287.364501953125,8593000,0.0,0.0,0.041404922842783964
2016-03-04,1290.4668373087309,1295.8954838599095,1278.8340232704911,1292.4056396484375,4776000,0.0,0.0,0.003915858863332344
2016-03-07,1298.6092646694456,1298.9970249754083,1222.2204843947723,1225.7103271484375,11773000,0.0,0.0,-0.05160555668740552
2016-03-08,1209.8125,1239.2822916666667,1196.6286458333334,1227.26171875,7177000,0.0,0.0,0.001265708191569015
2016-03-09,1205.1595832385015,1229.9762541932196,1203.6085413038315,1224.547607421875,4593000,0.0,0.0,-0.002211517956324238
2016-03-10,1241.220810599949,1254.4046617590861,1226.873678456182,1248.5882568359375,6247000,0.0,0.0,0.019632270128457474
2016-03-11,1230.3636899185299,1257.506916610713,1221.445201148241,1249.751708984375,6598000,0.0,0.0,0.0009318141045038253
2016-03-14,1247.8130208333332,1248.20078125,1230.7515625,1233.078125,6427000,0.0,0.0,-0.013341517250594515
2016-03-15,1240.8333251492772,1243.9354084621505,1227.261710655457,1233.8536376953125,5557000,0.0,0.0,0.0006289242178492138
2016-03-16,1225.3226173595274,1243.5473524911406,1221.445014140035,1232.6900634765625,4433000,0.0,0.0,-0.0009430407166634014
2016-03-17,1244.7110483353817,1252.4662573592782,1181.8938552418203,1188.0980224609375,9082000,0.0,0.0,-0.03617457651103462
2016-03-18,1205.1593418614887,1206.710383485506,1171.8119469451153,1183.83251953125,8987000,0.0,0.0,-0.0035901944528552443
2016-03-22,1214.4659028014305,1283.487272756301,1208.649495220964,1280.77294921875,15756000,0.0,0.0,0.08188694607399749
2016-03-23,1293.956261273772,1302.0992284558963,1259.8333511772505,1267.976318359375,11352000,0.0,0.0,-0.009991334425965781
2016-03-24,1261.7724115444694,1325.3651206696363,1240.8333487837438,1307.140380859375,10498000,0.0,0.0,0.030887061479723865
2016-03-25,1297.0585208998314,1323.8139881470925,1292.0176357662895,1304.0382080078125,5254000,0.0,0.0,-0.002373251486212258
2016-03-28,1305.9768102887856,1324.201546061818,1298.6093639124533,1323.426025390625,5030000,0.0,0.0,0.014867522488034579
2016-03-29,1323.4262486049108,1324.5977678571428,1293.3572544642857,1312.1015625,8088000,12.0,0.0,-0.008556929267944824
2016-03-30,1308.1964405564354,1322.254670962415,1263.2882045373337,1263.6787109375,9517000,0.0,0.0,-0.03690480443467958
2016-03-31,1280.861245727539,1292.9669465255736,1249.6207275390625,1249.6207275390625,6671000,0.0,0.0,-0.011124650021213212
2016-04-01,1252.3543385588994,1255.087884043749,1197.6834288619098,1202.3695068359375,7724000,0.0,0.0,-0.03781244953913265
2016-04-04,1191.8257279107536,1228.5333355200626,1185.5776244878925,1200.4168701171875,5315000,0.0,0.0,-0.00162399055169693
2016-04-05,1194.9497829391541,1207.0554833545507,1170.7383821083608,1173.0814208984375,5697000,0.0,0.0,-0.022771630338785154
2016-04-06,1172.3001124712757,1190.2634053339268,1157.851376907839,1178.938720703125,5355000,0.0,0.0,0.004993088885681507
2016-04-07,1170.7381518696172,1213.6938545733058,1168.0046071521099,1212.912841796875,6738000,0.0,0.0,0.028817546236404645
2016-04-08,1191.0446606545781,1249.6206275720165,1187.5301026395318,1233.60986328125,9354000,0.0,0.0,0.017063898386724397
2016-04-11,1233.2193148109823,1241.0294434671634,1206.664877379967,1238.2958984375,4903000,0.0,0.0,0.003798636259105148
2016-04-12,1243.7630245097746,1276.956072259643,1239.4674536244975,1275.0035400390625,5750000,0.0,0.0,0.029643675350843557
2016-04-13,1288.6710958277924,1296.090717288619,1262.8976739112366,1266.4122314453125,6184000,0.0,0.0,-0.006738262541205797
2016-04-14,1310.5397275752316,1339.4372066695603,1303.1201045645255,1317.9593505859375,11239000,0.0,0.0,0.040703270120658885
2016-04-15,1304.6821094457655,1331.627055734828,1294.138434810915,1320.3023681640625,5488000,0.0,0.0,0.0017777616411942532
2016-04-18,1257.4304451983098,1293.7475356962734,1257.4304451983098,1282.4228515625,5585000,0.0,0.0,-0.028690031552571993
2016-04-19,1316.0063674029182,1335.1411780862247,1307.415227912454,1327.7215576171875,5772000,0.0,0.0,0.0353227533332674
2016-04-20,1344.123039927909,1370.2869689445185,1324.59771976626,1344.904052734375,8551000,0.0,0.0,0.012941339257927176
2016-04-21,1362.8673026488,1364.8198346010188,1352.3236301068177,1363.6483154296875,5127000,0.0,0.0,0.01393724902323168
2016-04-22,1343.3420828927217,1351.5427177010783,1322.6452426621072,1338.656005859375,7494000,0.0,0.0,-0.018327533050511935
2016-04-25,1345.6851748821648,1347.2472006220164,1315.2256729550584,1319.1307373046875,6556000,0.0,0.0,-0.014585725137170602
2016-04-26,1305.0726638093497,1318.3498842071706,1290.623923964662,1301.55810546875,5754000,0.0,0.0,-0.013321372430334488
2016-04-27,1292.9666991153006,1299.6053079600483,1277.7369494126438,1290.233154296875,5178000,0.0,0.0,-0.008701072295037027
2016-04-28,1214.4748829961493,1233.219189871974,1174.6432308850215,1183.6248779296875,21910000,0.0,0.0,-0.08262714069325305
2016-05-02,1146.1362939763717,1175.4242742313045,1146.1362939763717,1166.442626953125,11582000,0.0,0.0,-0.014516635546404255
2016-05-06,1166.8330952731508,1187.529933977795,1161.7565121946532,1170.7381591796875,8156000,0.0,0.0,0.0036825919486351832
2016-05-09,1183.624833095716,1204.7121775322612,1178.1577437973524,1188.701416015625,6125000,0.0,0.0,0.01534353065635452
2016-05-10,1191.0447343840124,1202.7599284927076,1172.69093028039,1184.796630859375,6261000,0.0,0.0,-0.003284916719741404
2016-05-11,1199.6357319078948,1202.7597832930715,1183.6249685588637,1187.1395263671875,4128000,0.0,0.0,0.0019774663826592764
2016-05-12,1171.909883052484,1215.6466064453125,1164.4902603340577,1215.6466064453125,5885000,0.0,0.0,0.02401325155549383
2016-05-13,1225.018667055807,1228.923731343521,1198.854736328125,1198.854736328125,4614000,0.0,0.0,-0.013813118079018749
2016-05-16,1213.6939244733258,1237.5148155263737,1206.6648090806232,1218.7705078125,4569000,0.0,0.0,0.016612330819472998
2016-05-17,1215.256035406416,1250.4016148365502,1212.1319839015152,1250.0111083984375,5104000,0.0,0.0,0.0256328819787488
2016-05-18,1242.9815446412572,1278.5176177051446,1240.638506856825,1259.7733154296875,6044000,0.0,0.0,0.00780969622242611
2016-05-19,1277.7370745916844,1287.8902420548213,1267.5839071285477,1276.175048828125,4424000,0.0,0.0,0.013019591062573888
2016-05-20,1262.1166790788268,1280.860986193859,1253.1350319195406,1278.12744140625,3228000,0.0,0.0,0.0015298783500883317
2016-05-23,1275.0035267902438,1275.7845396703603,1241.4199729452328,1262.8978271484375,3946000,0.0,0.0,-0.011915567856876752
2016-05-24,1253.9160814741424,1253.9160814741424,1230.4856968934982,1232.8287353515625,4680000,0.0,0.0,-0.023809599755800992
2016-05-25,1248.4488766469926,1260.9450806046727,1242.59128104183,1245.71533203125,3359000,0.0,0.0,0.010452868521119152
2016-05-26,1265.2409561820652,1267.1934885218525,1236.3434775532157,1239.467529296875,2760000,0.0,0.0,-0.005015433762212251
2016-05-27,1241.4197017097233,1255.0874241255271,1232.8285619055039,1238.6861572265625,5111000,0.0,0.0,-0.0006304094716831354
2016-05-30,1251.5732599258422,1252.3542728805542,1230.0954036712646,1249.6207275390625,3850000,0.0,0.0,0.008827555106438512
2016-05-31,1256.2591448102678,1292.5762416294642,1250.4015485491072,1284.76611328125,9890000,0.0,0.0,0.028124842176234566
2016-06-01,1265.240947256501,1275.7846218169718,1245.71562399637,1253.916259765625,5350000,0.0,0.0,-0.024012038608985042
2016-06-02,1253.1347583140032,1261.3353908863292,1225.0183037803142,1225.79931640625,6738000,0.0,0.0,-0.022423302306192605
2016-06-03,1216.817948564416,1235.562255859375,1216.4274421624377,1235.562255859375,3233000,0.0,0.0,0.007964549598336923
2016-06-06,1206.6647651843298,1238.6862896973118,1197.6831180648346,1237.5147705078125,4327000,0.0,0.0,0.0015802640774902343
2016-06-07,1244.1534663911011,1268.75537109375,1244.1534663911011,1268.75537109375,4294000,0.0,0.0,0.025244628452489426
2016-06-08,1274.6130441446967,1274.6130441446967,1250.4016444091048,1273.83203125,4852000,0.0,0.0,0.004001291558571651
2016-06-09,1280.8612879471139,1283.5948333787082,1267.5840672793693,1271.879638671875,3975000,0.0,0.0,-0.0015326923253838887
2016-06-10,1270.7076597240457,1271.8791787711177,1250.4013295747986,1254.6968994140625,4798000,0.0,0.0,-0.013509721152352938
2016-06-13,1234.3908177446908,1237.1243627381145,1199.2452392578125,1199.2452392578125,4882000,0.0,0.0,-0.044195263558988396
2016-06-14,1194.9495146051415,1223.4564801496433,1183.2343232854835,1189.0919189453125,5361000,0.0,0.0,-0.008466425364993424
2016-06-15,1179.3294995173947,1193.3877319619728,1169.1763316407548,1175.81494140625,4489000,0.0,0.0,-0.011165644411105569
2016-06-16,1190.263723536156,1194.9498011878732,1136.7643370123853,1144.1839599609375,6154000,0.0,0.0,-0.02690132633242648
2016-06-17,1151.9939418710899,1157.8515381856885,1141.8407749257854,1146.9173583984375,5994000,0.0,0.0,0.0023889501453886464
2016-06-20,1169.176513671875,1179.3296831292794,1150.0416943098437,1169.176513671875,5058000,0.0,0.0,0.019407810955551552
2016-06-21,1151.213129750145,1183.6251683421606,1142.6219869908157,1178.548583984375,4017000,0.0,0.0,0.008015958414240076
2016-06-22,1178.1576137408088,1178.1576137408088,1146.526600577731,1161.75634765625,4968000,0.0,0.0,-0.014248234274190641
2016-06-23,1164.8803643052502,1175.8145413754974,1154.3366935589406,1165.661376953125,4221000,0.0,0.0,0.0033613152230698162
2016-06-24,1182.453317128057,1186.7488873025645,1062.5678586213485,1077.797607421875,9195000,0.0,0.0,-0.07537675286189338
2016-06-27,1093.4179405765415,1112.1622481292823,1071.9400881723595,1082.874267578125,10302000,0.0,0.0,0.00471021657618409
2016-06-28,1055.5390779407694,1092.63719573743,1043.4333763439645,1080.531494140625,8256000,0.0,0.0,-0.002163476875980841
2016-06-29,1093.4180024827288,1130.9066197107081,1091.465470335438,1130.51611328125,6606000,0.0,0.0,0.04625928944382984
2016-06-30,1151.9940124867426,1169.5668025077268,1139.1072998046875,1139.1072998046875,5759000,0.0,0.0,0.007599349025200652
2016-07-01,1148.479401592343,1156.6800365578104,1135.2021830768247,1144.96484375,4411000,0.0,0.0,0.0051422231657340944
2016-07-04,1141.8406887633987,1158.6324635981546,1134.4210673247858,1156.679931640625,3133000,0.0,0.0,0.010231831968094074
2016-07-05,1147.6983855295543,1155.8990204720928,1123.8774935536092,1131.6876220703125,4212000,0.0,0.0,-0.02160693627221799
2016-07-06,1093.8084547867861,1125.0489675975475,1080.5312368422124,1123.096435546875,5782000,0.0,0.0,-0.0075914822746940835
2016-07-07,1123.8774289826226,1167.2236397599233,1111.3812240738514,1166.442626953125,7597000,0.0,0.0,0.038595253296430654
2016-07-08,1283.5945975521113,1301.9483992207906,1240.6388915190319,1270.7078857421875,29247000,0.0,0.0,0.08938738724030926
2016-07-11,1270.7078857421875,1270.7078857421875,1270.7078857421875,1270.7078857421875,0,0.0,0.0,0.0
2016-07-12,1702.60803650223,1799.8441376694448,1574.131420903782,1783.8333740234375,141815000,0.0,0.0,0.4038107373368087
2016-07-13,1705.732062653888,1758.0599235503214,1640.9079961702466,1704.9510498046875,104469000,0.0,0.0,-0.044220679670787244
2016-07-14,1757.278707753057,2027.5091223675272,1742.4394653320312,1975.9622802734375,175959000,0.0,0.0,0.15895543188749972
2016-07-15,2054.0634385967874,2171.2153457410905,1999.3925485961122,2169.6533203125,177801000,0.0,0.0,0.09802365256297252
2016-07-19,2448.475533144107,2553.9122785905042,2269.2330658852325,2481.278076171875,226639000,0.0,0.0,0.14362882444947056
2016-07-20,2278.2144831446685,2341.47652398619,2030.6334097278498,2168.482177734375,261373000,0.0,0.0,-0.12606241172294674
2016-07-21,2264.9374738420756,2286.805835658482,2088.0380470057894,2186.836181640625,183044000,0.0,0.0,0.008463986513103983
2016-07-22,2132.1648906056207,2336.790239081325,2122.01172445988,2204.01806640625,254126000,0.0,0.0,0.007856960164585702
2016-07-25,1852.5629821829914,1917.7775728289778,1813.5123291015625,1813.5123291015625,113211000,0.0,0.0,-0.17717900921811613
2016-07-26,1720.5715259068493,1865.8399343583583,1694.7980986009366,1842.4095458984375,166336000,0.0,0.0,0.015934392247110463
2016-07-27,1780.709331130212,1815.0738971695669,1710.8086797547057,1742.0491943359375,97224000,0.0,0.0,-0.05447233585275413
2016-07-28,1724.0860300950806,1765.089208613763,1618.649285332754,1646.375244140625,142096000,0.0,0.0,-0.05492034926819789
2016-07-29,1640.1269667482852,1701.0459683703646,1596.3902476349976,1679.568115234375,108895000,0.0,0.0,0.020161182094957875
2016-08-01,1607.7149444514573,1675.2725556708167,1569.835821397828,1637.3934326171875,73006000,0.0,0.0,-0.02511043299443816
2016-08-02,1671.3672142328464,1680.7393668360212,1631.5355656693534,1640.5172119140625,46412000,0.0,0.0,0.001907775635744402
2016-08-03,1613.572591995757,1677.6156474379895,1610.8390469463934,1645.20361328125,51317000,0.0,0.0,0.002856660895206087
2016-08-04,1663.5573031691695,1669.0243928978946,1634.6598288887662,1657.69970703125,30225000,0.0,0.0,0.007595469429511725
2016-08-05,1663.5572915488096,1666.6813428005446,1608.8863946434499,1617.8680419921875,27967000,0.0,0.0,-0.02402827536864105
2016-08-08,1617.8681348642908,1665.119412759193,1597.952306991233,1661.995361328125,37316000,0.0,0.0,0.027274980524122805
2016-08-09,1672.9296556602162,1791.6436181533782,1665.1195265488238,1784.614501953125,90963000,0.0,0.0,0.0737782688677382
2016-08-10,1797.501018199301,1824.4459606837136,1750.2497422483743,1779.147216796875,61861000,0.0,0.0,-0.0030635664734689483
2016-08-12,1796.3293013139205,1801.4058841219817,1712.760938165838,1718.22802734375,37145000,0.0,0.0,-0.03424066815718718
2016-08-15,1714.323162024399,1738.9250661719016,1692.0642963671344,1723.3048095703125,22801000,0.0,0.0,0.0029546615151021527
2016-08-16,1723.305053879543,1735.8012609323744,1695.9696009514741,1696.360107421875,20804000,0.0,0.0,-0.015635482474604
2016-08-17,1700.655481279684,1774.4611956222466,1699.4839620044052,1772.899169921875,36900000,0.0,0.0,0.045119584081898756
2016-08-18,1757.2786589849723,1821.7122098144212,1738.9248596577959,1788.128662109375,48561000,0.0,0.0,0.008590162625081055
2016-08-19,1808.0447307964703,1814.683339959222,1723.3048373660527,1733.8485107421875,35993000,0.0,0.0,-0.030355842125563637
2016-08-22,1749.4686544342508,1793.5958771911862,1732.2863730067716,1787.73828125,33338000,0.0,0.0,0.031081014387320804
2016-08-23,1799.8443126201523,1799.8443126201523,1745.954419988002,1764.69873046875,30376000,0.0,0.0,-0.012887541215004128
2016-08-24,1763.9172516789372,1778.7564935571306,1727.2096533486692,1748.2969970703125,24426000,0.0,0.0,-0.009294353259992838
2016-08-25,1732.6769636140452,1755.3263356874313,1728.7718994634613,1736.9725341796875,15023000,0.0,0.0,-0.006477425122620395
2016-08-26,1731.5054619289203,1733.8485004430327,1692.4548200270503,1694.016845703125,18167000,0.0,0.0,-0.024730205936646543
2016-08-29,1725.257224917465,1753.7641912866309,1719.790135476803,1750.2496337890625,19026000,0.0,0.0,0.033194940315128596
2016-08-30,1738.925097722249,1746.7352261647472,1724.476360103627,1733.4580078125,12629000,0.0,0.0,-0.009593846301919173
2016-08-31,1757.2786880038932,1778.756538635052,1744.78248400031,1770.9464111328125,17154000,0.0,0.0,0.0216263694599792
2016-09-01,1780.7092769686299,1831.4751116190514,1758.450411006522,1829.9130859375,28022000,0.0,0.0,0.03329670194083878
2016-09-02,1819.760130298528,1888.4892682668844,1819.760130298528,1860.372802734375,56776000,0.0,0.0,0.016645444546493193
2016-09-05,1878.336037564529,1881.460089186258,1808.8258889810602,1813.1214599609375,30570000,0.0,0.0,-0.025398856994677366
2016-09-06,1819.3696919629529,1843.5810937448166,1813.902601238016,1839.2855224609375,15880000,0.0,0.0,0.014430397012985319
2016-09-07,1819.7596616217859,1929.101443865155,1818.5881425263212,1928.7109375,52440000,0.0,0.0,0.048619648198726884
2016-09-08,2280.1666215880573,2280.557127945582,2113.4204069249126,2183.321044921875,135404000,0.0,0.0,0.13201050632911393
2016-09-09,2151.690255585407,2181.759248267817,2129.431390872455,2157.5478515625,62684000,0.0,0.0,-0.011804582481958037
2016-09-12,2132.164725128208,2153.2520685635423,2065.778643942898,2084.52294921875,47167000,0.0,0.0,-0.0338462492458117
2016-09-13,2101.7050989900913,2114.9823144054876,1998.6114263528962,2001.344970703125,60177000,0.0,0.0,-0.03990264465392379
2016-09-14,1999.3925936711319,2056.7970294659867,1981.8198072033192,2011.498291015625,52136000,0.0,0.0,0.00507324847096835
2016-09-15,2023.6039193977774,2106.0007598055217,2016.5748050501975,2102.876708984375,58066000,0.0,0.0,0.045428036591874
2016-09-16,2077.884688183756,2133.7271069791473,2054.4543026752003,2113.811279296875,51748000,0.0,0.0,0.0051998152177836765
2016-09-20,2081.3997900828585,2169.2637587073696,2073.9801660656776,2133.337158203125,47493000,0.0,0.0,0.009237285796272587
2016-09-21,2131.774624333644,2143.880323794048,2085.304358663063,2108.34423828125,44626000,0.0,0.0,-0.01171541020872957
2016-09-23,2097.018749783827,2129.8212777134063,2067.340272133255,2116.9345703125,34970000,0.0,0.0,0.004074444711293035
2016-09-26,2104.4396471104,2111.0782579845654,2079.8377362237875,2083.352294921875,18109000,0.0,0.0,-0.015863634078056355
2016-09-27,2063.045941603477,2119.278880386536,2061.8744220454964,2111.46875,30115000,0.0,0.0,0.01349577560485482
2016-09-28,2100.9246432469245,2144.66136444463,2095.067046657946,2118.887939453125,25253000,0.0,0.0,0.0035137576405641635
2016-09-29,2146.222394298084,2146.222394298084,2103.6572121695376,2119.66796875,21384000,0.0,0.0,0.00036813145346248355
2016-09-30,2102.486424294658,2127.0883271049406,2077.884521484375,2077.884521484375,21955000,0.0,0.0,-0.019712260543459204
2016-10-03,2093.114630601248,2100.143746898043,2052.892465125142,2065.388671875,20227000,0.0,0.0,-0.00601373631699631
2016-10-04,2073.979515626679,2075.151034840929,2025.1662150329425,2043.9105224609375,21148000,0.0,0.0,-0.010399083575182155
2016-10-05,2050.1585683331195,2092.3332588816866,2037.2718573321686,2091.55224609375,24095000,0.0,0.0,0.023309104341539433
2016-10-06,2092.7241815617294,2104.048869239522,2058.7501185283522,2059.140625,19068000,0.0,0.0,-0.015496443444950048
2016-10-07,2059.9210485441936,2089.209025537713,2052.891934065749,2084.52294921875,17563000,0.0,0.0,0.01232665895208096
2016-10-11,2069.684110731822,2078.665758759526,2052.5018275483876,2052.892333984375,15812000,0.0,0.0,-0.015174030703873909
2016-10-12,2039.6152892865828,2056.7975739369003,2018.527939943011,2020.0899658203125,14882000,0.0,0.0,-0.015978611065490034
2016-10-13,2031.8047679985243,2072.417432974855,2024.7756529064673,2036.4908447265625,22461000,0.0,0.0,0.008118885388151531
2016-10-14,2010.3269716524467,2047.8155865084364,2000.9548179384492,2043.9105224609375,16394000,0.0,0.0,0.0036433641494573177
2016-10-17,2067.3408242661944,2067.731330655364,2004.469295609818,2025.556640625,21953000,0.0,0.0,-0.008979787341100831
2016-10-18,2017.3556952890312,2055.2348091959293,2002.1259484604846,2047.4246826171875,16602000,0.0,0.0,0.010796065414117484
2016-10-19,2039.2242638055532,2055.2350249729275,2028.6805918172824,2036.8812255859375,10766000,0.0,0.0,-0.005149618992466465
2016-10-20,2025.9470585357724,2129.821753518524,2015.7938928607666,2104.829345703125,52014000,0.0,0.0,0.03335890147332532
2016-10-21,2030.6335073580503,2045.472752219513,1954.4847508321234,1966.98095703125,60956000,0.0,0.0,-0.06549147984528236
2016-10-24,1944.722089134856,1944.722089134856,1869.7448519633917,1872.087890625,43824000,0.0,0.0,-0.04824300208247634
2016-10-25,1866.6204320928068,1931.053982572998,1864.2773938935272,1927.929931640625,32113000,0.0,0.0,0.029828749651803044
2016-10-26,1916.6059713690356,1952.5325706693516,1906.452802001555,1915.0439453125,23514000,0.0,0.0,-0.006683845775017017
2016-10-27,1836.9419336761603,1944.3311836253406,1836.5514273127087,1943.5501708984375,58395000,0.0,0.0,0.014885415896440879
2016-10-28,1959.9519210403998,2001.3456057645046,1953.3133112261567,1998.612060546875,32180000,0.0,0.0,0.028330572821273936
2016-10-31,1999.392934355346,2022.8233203048226,1979.4771062982907,1986.896728515625,21720000,0.0,0.0,-0.0058617338814839215
2016-11-01,1986.1155901515522,1998.6117952016602,1968.9333082076537,1987.287109375,13507000,0.0,0.0,0.00019647767987751585
2016-11-02,1975.9622149721895,1998.2210778681213,1948.626769310519,1983.3818359375,19732000,0.0,0.0,-0.001965127947077705
2016-11-04,1952.532033451268,1957.9991231449317,1902.5472133949156,1905.6712646484375,21546000,0.0,0.0,-0.03918084247874054
2016-11-07,1922.4629459509376,1927.5395289891992,1893.1749668840434,1916.21484375,12319000,0.0,0.0,0.005532737622250705
2016-11-08,1928.7110051335517,1940.4261964990114,1904.890116023783,1907.233154296875,10314000,0.0,0.0,-0.004687203776977289
2016-11-09,1920.510568311218,1921.2915811490836,1733.8485000613682,1789.69091796875,42339000,0.0,0.0,-0.06162971530948369
2016-11-10,1879.1170627792465,1917.386695396114,1866.6208562104734,1906.4525146484375,24270000,0.0,0.0,0.0652412075780151
2016-11-11,1917.776927064761,1918.5579398634027,1875.2117295387868,1882.2408447265625,13366000,0.0,0.0,-0.012699854696532897
2016-11-14,1882.2414124223153,1946.284481226726,1868.1831778067128,1940.036376953125,16608000,0.0,0.0,0.030705705058142296
2016-11-15,1929.4925654220274,1943.5507990498747,1915.8248382838426,1941.5982666015625,11431000,0.0,0.0,0.0008050826608161366
2016-11-16,1988.4587990956763,2047.42527173186,1981.4296831522902,1995.4879150390625,32172000,0.0,0.0,0.027755303125514663
2016-11-17,2004.8597235915759,2034.5382080078125,2000.1736471048016,2034.5382080078125,18633000,0.0,0.0,0.01956929564666665
2016-11-18,2077.4938707637984,2096.238176364675,2045.0818423289495,2094.28564453125,26443000,0.0,0.0,0.029366583674012903
2016-11-21,2117.325795200893,2159.50048828125,2100.9245256696427,2159.50048828125,29208000,0.0,0.0,0.03113942165448802
2016-11-22,2145.0514894813123,2177.4635181772796,2142.3179448924957,2175.510986328125,22301000,0.0,0.0,0.007413982137886688
2016-11-24,2206.361144279644,2220.8098809766966,2152.4712614636105,2158.328857421875,27118000,0.0,0.0,-0.00789797386187896
2016-11-25,2166.9198393411875,2182.9306004536384,2152.8616100717186,2176.2919921875,16667000,0.0,0.0,0.008322705181768253
2016-11-28,2171.9971999331037,2196.2086034562703,2162.2345372221494,2184.493408203125,16685000,0.0,0.0,0.003768527405819899
2016-11-29,2193.865305026628,2193.865305026628,2166.9203591300743,2186.05517578125,11643000,0.0,0.0,0.0007149335274989621
2016-11-30,2205.9705391486414,2205.9705391486414,2161.4528118583344,2169.262939453125,17992000,0.0,0.0,-0.007681524471185308
2016-12-01,2186.8357347776487,2196.9889006891162,2175.9015561037604,2182.149658203125,16011000,0.0,0.0,0.005940597848064
2016-12-02,2168.8724489132696,2179.4161212432405,2097.800287281614,2112.2490234375,23404000,0.0,0.0,-0.03203292427852278
2016-12-05,2097.019620626934,2133.336720202037,2081.3993627451687,2114.201904296875,13471000,0.0,0.0,0.000924550485149167
2016-12-06,2139.5843935394423,2180.9780686106565,2123.573632426992,2176.2919921875,16993000,0.0,0.0,0.029368097609047572
2016-12-07,2186.835707145729,2214.952166237603,2169.262920213308,2185.273681640625,18302000,0.0,0.0,0.0041270608380528095
2016-12-08,2204.7991978174823,2206.361223462411,2180.978306732313,2204.40869140625,14631000,0.0,0.0,0.00875634476650955
2016-12-09,2218.076667583533,2297.739984517871,2215.73362885017,2284.853271484375,41857000,0.0,0.0,0.0364925888705363
2016-12-12,2335.2283761160716,2357.0967354910713,2257.1270926339284,2296.177734375,36809000,0.0,0.0,0.004956319529117126
2016-12-13,2278.2141153431694,2282.900191686008,2195.817272981598,2208.3134765625,30445000,0.0,0.0,-0.038265442825755724
2016-12-14,2208.313684703837,2211.8282422922252,2177.463679205764,2184.88330078125,17860000,0.0,0.0,-0.010609986322105747
2016-12-15,2202.4558731867633,2211.828025838622,2133.7267537398006,2153.642578125,30907000,0.0,0.0,-0.01429857724899053
2016-12-16,2132.164801070465,2132.94581381811,2032.9761821195677,2062.26416015625,53564000,0.0,0.0,-0.042429704397981216
2016-12-19,1952.53193427026,1986.1154835397087,1900.9850912055254,1916.6053466796875,56297000,0.0,0.0,-0.07063053137941677
2016-12-20,1914.6531092781897,1963.075908697014,1905.6714609988917,1938.08349609375,40576000,0.0,0.0,0.011206349523792625
2016-12-21,1952.5323145446903,1961.1234567286867,1909.967110087616,1915.82470703125,22149000,0.0,0.0,-0.011484948459322353
2016-12-22,1883.0218414028561,1908.0142507454075,1835.770567489595,1842.7996826171875,33606000,0.0,0.0,-0.038116756792024864
2016-12-26,1863.4967052201052,1931.8353312497613,1858.8106280066431,1917.777099609375,23638000,0.0,0.0,0.040686688683222894
2016-12-27,1929.8827990774853,1938.4739406354993,1879.1169625983123,1917.777099609375,23157000,0.0,0.0,0.0
2016-12-28,1906.8424549615954,1920.1196704989072,1892.0032140669525,1901.3753662109375,13122000,0.0,0.0,-0.008552471192704414
2016-12-29,1890.0512470228948,1907.2335310867393,1883.412637270955,1906.06201171875,10953000,0.0,0.0,0.0024648712669250727
2016-12-30,1903.3281295266497,1924.0249680299144,1899.4230656581092,1916.6053466796875,11996000,0.0,0.0,0.005531475311986389
2017-01-04,1916.605510636872,1916.9960170571321,1900.2042409859453,1911.91943359375,14376000,0.0,0.0,-0.0024449024386034024
2017-01-05,1917.7770621292022,1940.0359284581302,1864.6681880812341,1881.0694580078125,25462000,0.0,0.0,-0.01613560437949535
2017-01-06,1874.4309949974013,1891.2227726609196,1868.1828916807433,1878.3360595703125,14435000,0.0,0.0,-0.0014531087227341866
2017-01-10,1912.700032919413,1915.8240836060922,1888.8791464334831,1903.327880859375,17259000,0.0,0.0,0.0133052981449866
2017-01-11,1925.197034446305,1979.8679441466059,1919.729943476275,1963.857177734375,32244000,0.0,0.0,0.03180182326109282
2017-01-12,1975.9624720982142,1984.5536132812501,1929.1017020089287,1968.15234375,25818000,0.0,0.0,0.002187107119765219
2017-01-13,1944.7222512335527,1959.1709908511514,1844.7525933388158,1854.90576171875,75892000,0.0,0.0,-0.057539540773290265
2017-01-16,1819.7598350787985,1831.4750271501212,1788.9098292909819,1811.94970703125,36756000,0.0,0.0,-0.02315807928037117
2017-01-17,1792.0342141580654,1858.420314922256,1792.0342141580654,1842.01904296875,32123000,0.0,0.0,0.016595016859914047
2017-01-18,1836.5517929275484,1851.3910376928573,1808.4353291617003,1832.646728515625,28302000,0.0,0.0,-0.00508806599416034
2017-01-19,1818.5882664528212,1881.8503019188631,1800.2344660398337,1858.8104248046875,36079000,0.0,0.0,0.014276453765998953
2017-01-20,1859.9816935341892,1884.583592902792,1838.5038448790601,1845.532958984375,20924000,0.0,0.0,-0.007142990830658613
2017-01-23,1836.942511996225,1851.0007455064,1818.1982006493247,1836.1614990234375,12083000,0.0,0.0,-0.005077915252239551
2017-01-24,1830.6943378264023,1840.8475060822655,1815.8550919139868,1817.026611328125,11068000,0.0,0.0,-0.010421135453220987
2017-01-25,1835.3800610936175,1847.4857593689158,1818.1977796706133,1842.7996826171875,11931000,0.0,0.0,0.014184201336613356
2017-01-26,1843.1902063666737,1851.7813471590607,1831.865520776709,1840.84716796875,14533000,0.0,0.0,-0.0010595371091363104
2017-01-27,1845.5331778171064,1845.5331778171064,1827.9603904701387,1834.5989990234375,8360000,0.0,0.0,-0.003394181251997641
2017-01-30,1835.3799601003873,1847.0951513350706,1833.8179346024294,1840.45654296875,7187000,0.0,0.0,0.0031928197652077994
2017-01-31,1814.2926786218136,1836.1610363494979,1804.13951253396,1805.7015380859375,13502000,0.0,0.0,-0.018883904113677685
2017-02-01,1757.2789650595648,1774.4612482734806,1718.6188278282546,1767.0416259765625,30826000,0.0,0.0,-0.0214099125984879
2017-02-02,1781.880821512605,1793.5960142904657,1753.3738524198109,1758.8409423828125,16245000,0.0,0.0,-0.004640911381596835
2017-02-03,1784.2236081894216,1872.4780479904305,1782.271076335417,1870.135009765625,36983000,0.0,0.0,0.0632769369309969
2017-02-06,1874.4308494180534,1886.9270550808405,1840.8472966993133,1853.7340087890625,15932000,0.0,0.0,-0.00876995558658511
2017-02-07,1824.4457682011407,1840.0660230658766,1811.9495643093521,1814.2926025390625,12100000,0.0,0.0,-0.021276734452190804
2017-02-08,1822.102954133051,1829.522576106589,1788.9099084619602,1816.6358642578125,14047000,0.0,0.0,0.0012915566736426687
2017-02-09,1814.2928464449872,1850.2194374636997,1800.2346151767952,1827.9605712890625,16052000,0.0,0.0,0.006233889385353963
2017-02-10,1847.09521830271,1853.3433205210702,1824.0553413725072,1846.7047119140625,13191000,0.0,0.0,0.01025412742452203
2017-02-13,1857.638761099084,1862.7153437970633,1839.2849621140813,1847.485595703125,8293000,0.0,0.0,0.0004228525459564203
2017-02-14,1834.9896659818273,1841.2377686963857,1816.2453578381526,1816.6358642578125,10102000,0.0,0.0,-0.016698225695000124
2017-02-15,1824.8367830615255,1833.8184321114752,1771.3373952422598,1772.118408203125,17217000,0.0,0.0,-0.02450543718230247
2017-02-16,1778.3660909263322,1808.0445764139038,1776.4135589863604,1805.7015380859375,13049000,0.0,0.0,0.018950838571145434
2017-02-17,1801.0157830563585,1829.132248013006,1786.5670441203035,1824.0556640625,13808000,0.0,0.0,0.010164540257310728
2017-02-20,1808.4349777509083,1812.3400414040088,1788.1286467547848,1803.7489013671875,8080000,0.0,0.0,-0.011132753838271392
2017-02-21,1805.7018936912416,1818.588607032896,1798.6727773230662,1806.8734130859375,6273000,0.0,0.0,0.0017322320841786087
2017-02-22,1809.606592676661,1820.540771484375,1797.110388324988,1820.540771484375,8682000,0.0,0.0,0.007564092923972643
2017-02-23,1813.5118513150453,1816.2453963105675,1801.0156456212292,1812.34033203125,6846000,0.0,0.0,-0.004504397584262132
2017-02-24,1813.1212345825427,1858.8104838709678,1806.4826257115749,1852.171875,17905000,0.0,0.0,0.02197795980410988
2017-02-27,1834.989496231079,1864.667981379741,1834.5989898475439,1849.438232421875,10125000,0.0,0.0,-0.001475911936156038
2017-02-28,1858.4200051425366,1860.7630436024767,1834.208607723155,1835.380126953125,10896000,0.0,0.0,-0.007601284120930418
2017-03-01,1835.7706612064164,1836.942180454155,1814.2928083312086,1818.58837890625,12109000,0.0,0.0,-0.009148921141883926
2017-03-02,1831.084752097208,1831.475258548924,1783.442964987833,1786.5670166015625,20381000,0.0,0.0,-0.017607812012933932
2017-03-03,1793.9861876231514,1861.1532804118285,1791.643149502616,1851.7811279296875,48342000,0.0,0.0,0.036502471344274756
2017-03-06,1872.8685950351626,1914.6527776183075,1863.886948311683,1893.1749267578125,34599000,0.0,0.0,0.022353505068065882
2017-03-07,1916.6058502382668,1946.2843434367405,1903.719136086298,1928.321044921875,35312000,0.0,0.0,0.018564643798791858
2017-03-08,1968.933250330438,1977.524391049849,1929.8826106967524,1938.8642578125,38078000,0.0,0.0,0.005467560974034891
2017-03-09,1952.5323451677184,1956.0469033890204,1916.6057500166323,1925.9779052734375,21393000,0.0,0.0,-0.006646340757037517
2017-03-10,1925.977243843333,1955.6557252975288,1922.853193163944,1931.8348388671875,22282000,0.0,0.0,0.0030410180603388515
2017-03-13,1929.882852734375,1953.313239453125,1911.91955625,1952.5322265625,14231000,0.0,0.0,0.010713849485937121
2017-03-14,1952.5320590284753,1957.999148793755,1939.2548410270817,1943.94091796875,10586000,0.0,0.0,-0.004400085425926736
2017-03-15,1940.0359094362868,1954.8751535100748,1940.0359094362868,1951.360595703125,11182000,0.0,0.0,0.0038168226543262573
2017-03-16,1948.236305487035,1967.7616242431689,1947.4552927367897,1964.6375732421875,12475000,0.0,0.0,0.006803959026485451
2017-03-17,1956.8279958431192,2002.1267480917327,1940.426723477242,1997.8311767578125,25691000,0.0,0.0,0.01689553532300958
2017-03-21,2050.158802949654,2073.9796957077356,2022.0423393663443,2051.330322265625,42106000,0.0,0.0,0.02677861179172991
2017-03-22,2041.5675967974594,2159.110031119578,2040.7865839448207,2140.36572265625,61439000,0.0,0.0,0.04340373630917149
2017-03-23,2163.0148804302407,2192.3028594936577,2070.8553729773544,2095.457275390625,61249000,0.0,0.0,-0.02098166999698181
2017-03-24,2095.8480049638897,2125.917000004363,2075.93217707994,2097.800537109375,24353000,0.0,0.0,0.0011182579317028374
2017-03-27,2102.486474509485,2122.0117946665196,2088.0377375932794,2099.7529296875,17503000,0.0,0.0,0.0009306855173252249
2017-03-28,2099.7528585581117,2100.5338713379365,2054.06361093838,2080.2275390625,21553000,0.0,0.0,-0.00929889909852677
2017-03-29,2103.6455404012,2130.6357095988,2089.753541549494,2117.140625,17000000,43.0,0.0,0.01774473476787808
2017-03-30,2117.9346302323765,2123.88834452276,2061.969715902773,2063.557373046875,18921000,0.0,0.0,-0.0253092550019558
2017-03-31,2061.1757276685275,2094.5165251120393,2035.376301075334,2050.85595703125,21813000,0.0,0.0,-0.006155106798349519
2017-04-03,2061.1754942216553,2126.2694247150794,2058.397094749375,2123.887939453125,19923000,0.0,0.0,0.03561048847506276
2017-04-04,2129.0481973229707,2141.749454279409,2055.222141263673,2068.3203125,24921000,0.0,0.0,-0.02616316328225532
2017-04-05,2068.3202329601263,2098.0888028069903,2034.9794347316383,2071.0986328125,19705000,0.0,0.0,0.0013432737162175634
2017-04-06,2071.0984863466415,2106.0269391635265,2064.7478585617537,2093.32568359375,22016000,0.0,0.0,0.010732009779305551
2017-04-07,2093.326194900877,2093.326194900877,2015.927899867568,2045.299560546875,28057000,0.0,0.0,-0.022942499307812114
2017-04-10,2034.5829895315533,2066.3361380220963,2019.5002439985453,2046.093505859375,16032000,0.0,0.0,0.00038818045425470515
2017-04-11,2040.536005544171,2054.031089027638,2022.674865639583,2041.329833984375,11694000,0.0,0.0,-0.002328178971957251
2017-04-12,2008.3861885234649,2038.1547585114608,2008.3861885234649,2032.994873046875,12971000,0.0,0.0,-0.004083103474381344
2017-04-13,2017.9118363128034,2038.154460949301,1994.096983799277,2003.6229248046875,13819000,0.0,0.0,-0.014447625339146786
2017-04-14,2006.799052552407,2083.006611510093,2005.2113950741218,2044.90283203125,25087000,0.0,0.0,0.02060263271872209
2017-04-17,2065.938711722287,2116.3468224597955,2065.938711722287,2104.04248046875,22667000,0.0,0.0,0.02892051764569925
2017-04-18,2121.1100490712147,2135.398964072443,2096.8982764302446,2120.713134765625,21596000,0.0,0.0,0.00792315480871908
2017-04-19,2132.6206294693193,2173.105889883589,2125.873086066941,2156.03857421875,30067000,0.0,0.0,0.01665733987026452
2017-04-20,2167.548968154193,2187.394682933118,2127.4606243007643,2128.6513671875,26201000,0.0,0.0,-0.012702558923916252
2017-04-21,2157.625148446179,2170.72331435838,2136.191786044396,2143.733154296875,20159000,0.0,0.0,0.007085137257258678
2017-04-24,2167.1521839034526,2184.219499637491,2155.244754321566,2172.708984375,19840000,0.0,0.0,0.013516528407486739
2017-04-25,2194.538836434164,2223.910490240662,2188.5851228247384,2219.54443359375,29722000,0.0,0.0,0.021556245937935703
2017-04-26,2224.307337513011,2224.307337513011,2183.822086187828,2192.55419921875,20083000,0.0,0.0,-0.012160258639787203
2017-04-27,2206.843255051884,2206.843255051884,2164.7703440742766,2180.25,19272000,0.0,0.0,-0.005611810747088608
2017-04-28,2143.3369152812447,2243.359304661036,2136.5893731405445,2226.2919921875,56412000,0.0,0.0,0.02111775814126826
2017-05-01,2254.472883878907,2259.235854760341,2240.183971234604,2247.725341796875,22198000,0.0,0.0,0.009627375782057745
2017-05-02,2246.534821832018,2259.236078775238,2233.4366506093224,2250.90087890625,14686000,0.0,0.0,0.0014127780873958162
2017-05-08,2300.515350267648,2331.0777522639573,2280.669634685629,2287.020263671875,34466000,0.0,0.0,0.016046634973627016
2017-05-09,2278.2880062423874,2300.118292016487,2274.3188633743694,2281.06640625,14173000,0.0,0.0,-0.0026033251722553663
2017-05-10,2298.5302944584214,2341.7939453125,2273.52469809322,2341.7939453125,26137000,0.0,0.0,0.026622433654763356
2017-05-11,2341.79447036565,2358.4648716801175,2333.062355391405,2345.36669921875,18796000,0.0,0.0,0.0015256482806276228
2017-05-12,2345.763587485822,2362.433988615163,2325.917871855654,2340.206787109375,13745000,0.0,0.0,-0.0022000449273428258
2017-05-15,2315.5974261904635,2392.598780438141,2299.3239441071914,2360.44873046875,27150000,0.0,0.0,0.008649638771613732
2017-05-16,2372.3564512145326,2402.1250197005775,2368.3873087497263,2380.691650390625,26006000,0.0,0.0,0.008575877823813194
2017-05-17,2377.516078529846,2435.4655522302396,2373.9438506989995,2420.3828125,26317000,0.0,0.0,0.016672113796367682
2017-05-18,2383.8672182281825,2427.5277899906037,2382.2795610731855,2415.620361328125,20948000,0.0,0.0,-0.001967643774067218
2017-05-19,2433.085030634411,2437.0541742406663,2396.5689094568634,2405.301025390625,14719000,0.0,0.0,-0.004271919587491069
2017-05-22,2418.7951556862904,2425.1457829411283,2399.7432739217775,2420.3828125,11265000,0.0,0.0,0.006270228528641564
2017-05-23,2425.1466705638513,2452.136846275527,2418.002212287231,2451.343017578125,17429000,0.0,0.0,0.012791449731931692
2017-05-24,2460.8686688852727,2532.3132431432323,2458.4871830766742,2530.7255859375,30799000,0.0,0.0,0.032383296743922596
2017-05-25,2539.4576370292093,2564.0663231023273,2510.085979458068,2521.993408203125,27044000,0.0,0.0,-0.003450464081485971
2017-05-26,2545.8083109228123,2660.11962890625,2528.3440817864534,2660.11962890625,53093000,0.0,0.0,0.054768668408827326
2017-05-29,2639.4800937298646,2747.4407832779134,2611.6960927432347,2695.048095703125,61956000,0.0,0.0,0.013130412037610562
2017-05-30,2706.9557372544377,2734.7397404227386,2668.058132818817,2699.811279296875,32060000,0.0,0.0,0.0017673835214089273
2017-05-31,2691.07886866758,2714.893725912426,2647.418297052029,2671.233154296875,29260000,0.0,0.0,-0.010585230611912522
2017-06-01,2654.562648428076,2667.2639051191195,2620.4280210708966,2632.33544921875,22613000,0.0,0.0,-0.014561703464766929
2017-06-02,2637.098462772995,2683.934347572395,2593.437892197283,2662.5009765625,36545000,0.0,0.0,0.011459606089604835
2017-06-05,2659.3257234246184,2745.853038007688,2652.975094831366,2744.265380859375,32661000,0.0,0.0,0.03070962415286682
2017-06-06,2773.6370058249713,2804.5963198567897,2689.4911779436184,2749.0283203125,44382000,0.0,0.0,0.0017355972517618667
2017-06-07,2783.957234260949,2783.957234260949,2705.368193430657,2718.86328125,30276000,0.0,0.0,-0.010972982285999522
2017-06-08,2737.9146998665346,2759.34807095856,2694.2541291235193,2697.429443359375,26296000,0.0,0.0,-0.007883382014255202
2017-06-09,2718.8626152971983,2776.0182673560007,2706.9551877849476,2764.11083984375,31730000,0.0,0.0,0.024720348718864082
2017-06-12,2708.542532138724,2729.9758991867147,2639.4794605396414,2700.604248046875,33632000,0.0,0.0,-0.0229754143290668
2017-06-13,2690.285133594093,2722.832106293225,2662.5011325094683,2711.718505859375,21227000,0.0,0.0,0.0041154707582713446
2017-06-14,2777.605956118181,2799.039325885312,2759.347900390625,2759.347900390625,31215000,0.0,0.0,0.017564284208827052
2017-06-15,2786.3381371228447,2886.360531788793,2779.9875088900862,2877.62841796875,49185000,0.0,0.0,0.04286538771040105
2017-06-16,2857.782937578038,2911.763281954512,2845.8755086714627,2860.958251953125,44381000,0.0,0.0,-0.005793022445681917
2017-06-19,2876.041230569154,2939.547523267341,2872.0720872755173,2933.99072265625,32393000,0.0,0.0,0.025527275923466153
2017-06-20,2984.7951226635514,2994.321064544393,2958.5987824912386,2972.8876953125,28883000,0.0,0.0,0.013257360480347868
2017-06-21,2976.857093072707,2994.3213213520667,2942.7224650721396,2953.042236328125,29147000,0.0,0.0,-0.006675482230851237
2017-06-22,2953.0426162474937,2995.1155352424175,2945.8981583049595,2968.919189453125,22694000,0.0,0.0,0.0053764734312578
2017-06-23,2987.970286485432,3062.5901608025497,2980.032001983611,3051.4765625,42876000,0.0,0.0,0.027807214605286124
2017-06-26,3091.961863842127,3130.859458534878,3081.6420938216015,3118.158203125,36280000,0.0,0.0,0.02185225390371981
2017-06-27,3137.209819867434,3138.0036482631494,3061.796122274467,3121.333251953125,35916000,0.0,0.0,0.0010182449450264475
2017-06-28,3088.78718093457,3107.0452393158334,2993.527745901893,3006.22900390625,40559000,0.0,0.0,-0.03687662891325372
2017-06-29,3044.3326556405927,3085.6117424967365,2985.589339729927,3078.46728515625,41314000,0.0,0.0,0.024029533730176356
2017-06-30,2976.8568391253234,3014.9606066661277,2967.330897240123,2991.145751953125,34045000,0.0,0.0,-0.028365262682560233
2017-07-03,2991.939987628974,3003.8474166060064,2921.2892423652493,2930.815185546875,28464000,0.0,0.0,-0.02016971803091039
2017-07-04,2914.938489642704,2917.3199753368567,2773.6370051229874,2785.54443359375,62853000,0.0,0.0,-0.04956667096223544
2017-07-05,2740.29591525577,2832.3800190129164,2699.0168342611873,2811.740478515625,66577000,0.0,0.0,0.009404281836595363
2017-07-06,2824.442109123525,2857.7829097371246,2765.698793756706,2774.430908203125,35592000,0.0,0.0,-0.013269208377366448
2017-07-07,2734.739249341181,2801.420844970981,2719.6565074725363,2791.10107421875,31374000,0.0,0.0,0.00600849924441671
2017-07-10,2841.1119518986065,2908.5873684706607,2817.297098990823,2895.09228515625,39041000,0.0,0.0,0.03725813153026292
2017-07-11,2912.556851252145,2919.7013079600406,2829.9986848497947,2862.545654296875,35088000,0.0,0.0,-0.011242001170825744
2017-07-12,2851.4323195013185,2891.917577935218,2837.1434047599423,2859.37060546875,23933000,0.0,0.0,-0.0011091696732797862
2017-07-13,2889.5356533108575,2894.298624167963,2852.2257149301954,2869.68994140625,23030000,0.0,0.0,0.003608953633979395
2017-07-14,2869.6906987321017,2870.4845274177815,2833.9684078765154,2848.25732421875,17060000,0.0,0.0,-0.007468617734011085
2017-07-17,2848.25732421875,2848.25732421875,2848.25732421875,2848.25732421875,0,0.0,0.0,0.0
2017-07-18,2823.6485439854455,2905.412895976028,2819.679400684932,2897.474609375,27113000,0.0,0.0,0.01727978885115289
2017-07-19,2918.9073798314416,2990.351944472407,2911.762923367345,2987.970458984375,33779000,0.0,0.0,0.031232663546582495
2017-07-20,3000.671885205235,3000.671885205235,2944.3100587900044,2962.568115234375,26690000,0.0,0.0,-0.008501537782483415
2017-07-21,2970.506699370928,2993.527729376742,2948.2794979860037,2954.630126953125,19581000,0.0,0.0,-0.0026794281084814298
2017-07-24,2933.990373421979,2933.990373421979,2876.0408882326374,2876.834716796875,21527000,0.0,0.0,-0.026329999632297207
2017-07-25,2852.226540506595,2885.5673461568254,2784.751100500177,2802.21533203125,33310000,0.0,0.0,-0.02593801594855183
2017-07-26,2803.8026153419414,2862.5459317449154,2798.2458151416604,2839.52490234375,32882000,0.0,0.0,0.01331431238921077
2017-07-27,2977.650848142882,3061.796673230364,2945.1038780618746,3055.446044921875,80426000,0.0,0.0,0.07604129211893973
2017-07-28,3007.8162670390084,3036.3940938042247,2963.361869848672,2973.681640625,38504000,0.0,0.0,-0.026760218670124014
2017-07-31,2957.011473827708,2999.878217340915,2931.608959153215,2975.26953125,25207000,0.0,0.0,0.000533981379616133
2017-08-01,2950.6608039136204,2980.0324610954344,2930.8150896015836,2945.10400390625,23455000,0.0,0.0,-0.010138754498345115
2017-08-02,2962.5684189120648,3019.7240797270883,2943.5165319737234,3007.816650390625,32972000,0.0,0.0,0.021293864801105844
2017-08-03,2991.9398676479505,3001.465810447572,2954.6299250160973,2966.537353515625,23443000,0.0,0.0,-0.013724007036678643
2017-08-04,2953.8360960615446,2990.3522101219664,2918.113810567653,2984.79541015625,23392000,0.0,0.0,0.0061546693888709925
2017-08-07,3001.4657565262833,3051.4769553258484,2988.764499688298,3029.249755859375,26480000,0.0,0.0,0.014893598922010476
2017-08-08,3018.9300903735843,3065.765976603414,3014.9609474727513,3031.63134765625,21837000,0.0,0.0,0.0007861985603097033
2017-08-09,3014.1667555358513,3018.9297264426764,2970.506188889954,2976.06298828125,22596000,0.0,0.0,-0.018329523943588888
2017-08-10,2971.300304404531,2986.383047066483,2907.0001909509465,2914.9384765625,23472000,0.0,0.0,-0.02053871573264343
2017-08-11,2914.9384765625,2914.9384765625,2914.9384765625,2914.9384765625,0,0.0,0.0,0.0
2017-08-14,2859.370244512158,2887.1542418908157,2849.8443025537613,2858.576416015625,22296000,0.0,0.0,-0.01933559181439093
2017-08-15,2889.5357623370974,2938.753129717564,2882.391305781868,2908.587646484375,21774000,0.0,0.0,0.01749515254815437
2017-08-16,2906.999968450748,2931.608651963029,2878.422142436486,2911.762939453125,14332000,0.0,0.0,0.001091695817586169
2017-08-17,2899.061683446786,2940.3407654673865,2897.474026445994,2911.762939453125,15280000,0.0,0.0,0.0
2017-08-18,2864.1332902311287,2878.4222035415946,2845.0814058171745,2865.720947265625,20841000,0.0,0.0,-0.01581241094996122
2017-08-21,2876.0409104956148,2881.597710488292,2828.411196272668,2837.143310546875,15887000,0.0,0.0,-0.009972232902166533
2017-08-22,2831.5863314541907,2886.3604993460713,2828.4110173735016,2864.13330078125,18097000,0.0,0.0,0.009513086679140192
2017-08-23,2885.566724148507,2898.2679807059694,2851.4320971503266,2856.195068359375,14784000,0.0,0.0,-0.002771600197417401
2017-08-24,2857.782512571339,2863.339311901339,2837.1429722027683,2851.431884765625,12779000,0.0,0.0,-0.0016676674665943025
2017-08-25,2862.5459091406683,2868.10270929707,2834.7619083586596,2860.958251953125,13679000,0.0,0.0,0.0033409064541911615
2017-08-28,2873.6595685629577,2930.815228490177,2868.102768292256,2924.464599609375,19642000,0.0,0.0,0.022197579294593206
2017-08-29,2902.2375813356166,2919.7018118578767,2880.01037885274,2897.474609375,17657000,0.0,0.0,-0.00922903639797179
2017-08-30,2920.494805397484,2924.4639475630147,2893.504638671875,2893.504638671875,13511000,0.0,0.0,-0.001370148573616392
2017-08-31,2903.030846941419,2918.113588558014,2895.8863903861898,2908.587646484375,12520000,0.0,0.0,0.005212712504730321
2017-09-01,2936.3715595411218,2953.835786172618,2918.9073329096254,2921.288818359375,16853000,0.0,0.0,0.004366783270344898
2017-09-04,2905.4125020710135,2937.9594727226286,2899.8557022036644,2919.701416015625,12551000,0.0,0.0,-0.000543391099768642
2017-09-05,2919.701144400679,2924.464115272458,2841.112125016321,2849.84423828125,21898000,0.0,0.0,-0.02392613756707551
2017-09-06,2813.328442874371,2843.493928435665,2781.575300178272,2838.73095703125,19148000,0.0,0.0,-0.0038996100561280445
2017-09-07,2838.730646858237,2859.3701873555283,2805.3898506703044,2811.740478515625,15813000,0.0,0.0,-0.009507938203432875
2017-09-08,2809.358934393989,2871.2775545925565,2806.977449001736,2857.782470703125,21218000,0.0,0.0,0.01637490818918197
2017-09-11,2871.2776859329206,2911.762939453125,2863.339400928959,2911.762939453125,15657000,0.0,0.0,0.018888935495751324
2017-09-12,2937.165789015064,3011.785676627879,2929.227503098807,3007.022705078125,26661000,0.0,0.0,0.032715494910066756
2017-09-13,3024.487116588686,3024.487116588686,2987.1771705310307,2998.290771484375,15356000,0.0,0.0,-0.0029038469111004606
2017-09-14,3016.5486383602665,3048.301781921954,2989.5584663328327,2990.352294921875,20090000,0.0,0.0,-0.002647667343674609
2017-09-15,3008.610045189951,3044.332328048407,2995.9087890625,3036.39404296875,22350000,0.0,0.0,0.015396763827814519
2017-09-18,3036.39404296875,3036.39404296875,3036.39404296875,3036.39404296875,0,0.0,0.0,0.0
2017-09-19,3132.4468634338755,3256.2840937166134,3111.807325053419,3250.727294921875,64997000,0.0,0.0,0.07058808867361854
2017-09-20,3334.079253431744,3416.6374063738635,3291.2125201733356,3404.72998046875,70817000,0.0,0.0,0.04737484002040104
2017-09-21,3394.41081282747,3403.936755239521,3308.677331119012,3314.234130859375,42018000,0.0,0.0,-0.02657944980321636
2017-09-22,3319.7912642174965,3364.2456666077833,3257.0788037026273,3265.01708984375,38368000,0.0,0.0,-0.014850200399952773
2017-09-25,3282.4814041285836,3311.853063609299,3258.666545090166,3270.573974609375,21460000,0.0,0.0,0.001701946609379279
2017-09-26,3222.943943331349,3238.8205144807644,3175.3142298831026,3208.655029296875,30170000,0.0,0.0,-0.018932134173756276
2017-09-27,3234.922538632191,3274.722274589772,3208.6547129001874,3251.638427734375,24840000,11.0,0.0,0.013396079679814932
2017-09-28,3288.254331690146,3329.646058934854,3263.578494294263,3308.9501953125,28116000,0.0,0.0,0.01762550445009281
2017-09-29,3290.6426546098637,3324.8704325847607,3285.8666855901106,3308.154541015625,16078000,0.0,0.0,-0.00024045520479643034
2017-10-02,3324.870354949571,3348.750199490745,3308.9504585887876,3320.890380859375,16760000,0.0,0.0,0.003849832190681246
2017-10-03,3341.586104002036,3345.566077922953,3311.3383022030653,3324.07421875,16786000,0.0,0.0,0.0009587301974722795
2017-10-04,3335.218569189523,3357.5064259764695,3324.0746407960496,3344.7705078125,18939000,0.0,0.0,0.006226181396840946
2017-10-05,3351.9343306483606,3386.958104229108,3344.7703769613895,3386.162109375,20111000,0.0,0.0,0.012375019890249694
2017-10-06,3461.7812251219193,3496.8049947023665,3443.4733455685036,3476.109130859375,33699000,0.0,0.0,0.02656311735204464
2017-10-09,3476.109130859375,3476.109130859375,3476.109130859375,3476.109130859375,0,0.0,0.0,0.0
2017-10-10,3502.3769697799034,3534.216760414266,3446.6573361697683,3453.8212890625,27000000,0.0,0.0,-0.00641172096670195
2017-10-11,3458.597678817621,3509.5413500361083,3446.6577558757876,3504.765380859375,20549000,0.0,0.0,0.014750065951068203
2017-10-12,3534.2164549663903,3542.1764019370353,3471.3328738982946,3478.496826171875,22848000,0.0,0.0,-0.0074950964851915325
2017-10-13,3461.781239935766,3519.888857897438,3456.2092765695784,3514.31689453125,22793000,0.0,0.0,0.010297571091590019
2017-10-16,3529.441451540813,3550.137319321612,3500.7856346135536,3527.053466796875,21472000,0.0,0.0,0.0036241957250482404
2017-10-17,3542.1764019370353,3545.3603807252935,3466.5569057159078,3478.496826171875,22474000,0.0,0.0,-0.013766913680811621
2017-10-18,3478.4970135435474,3485.660966203019,3396.509555329592,3416.409423828125,21392000,0.0,0.0,-0.017848917347461857
2017-10-19,3442.677720409685,3469.741545263773,3399.6939985826048,3464.965576171875,23685000,0.0,0.0,0.014212626860554245
2017-10-20,3449.8412970639542,3492.825014193962,3442.677344208953,3472.129150390625,15718000,0.0,0.0,0.0020674301262941785
2017-10-23,3507.1530304269263,3508.745020000429,3475.3132389568677,3479.293212890625,14351000,0.0,0.0,0.002063305306253982
2017-10-24,3497.600754566149,3512.7246540510737,3474.5169079838965,3510.336669921875,17495000,0.0,0.0,0.00892234575580897
2017-10-25,3532.6251164839505,3605.856642107322,3502.377312422123,3513.521240234375,47903000,0.0,0.0,0.0009071979732846458
2017-10-26,3460.9854088989923,3476.905304984084,3360.6900635629127,3375.81396484375,41954000,0.0,0.0,-0.03919352295745304
2017-10-27,3409.2448953705757,3429.1447605081576,3355.9132568018554,3421.184814453125,23410000,0.0,0.0,0.013439973316620613
2017-10-30,3414.8174275744623,3442.677243417144,3378.201669609794,3412.429443359375,23173000,0.0,0.0,-0.0025591634385730977
2017-10-31,3581.9764019691784,3659.1878933005137,3483.2730522260276,3486.45703125,82708000,0.0,0.0,0.02169351458231139
2017-11-01,3507.153036213405,3532.6248694314777,3434.7175104995104,3453.025390625,30863000,0.0,0.0,-0.009589001190992374
2017-11-02,3458.597346739941,3467.3532893899155,3372.629909812918,3418.797607421875,27891000,0.0,0.0,-0.009912404147404685
2017-11-03,3418.797607421875,3418.797607421875,3418.797607421875,3418.797607421875,0,0.0,0.0,0.0
2017-11-06,3442.6774434962595,3452.2293809117405,3371.0379128801524,3384.56982421875,20797000,0.0,0.0,-0.010011643604997178
2017-11-07,3382.977726915623,3414.021522527319,3352.7299260632008,3407.653564453125,21282000,0.0,0.0,0.006820287786411194
2017-11-08,3407.653504274849,3467.3531101661392,3394.1215936061567,3458.59716796875,23381000,0.0,0.0,0.014949760165482218
2017-11-09,3464.1696221267703,3493.621431873712,3387.754115756327,3428.349853515625,28149000,0.0,0.0,-0.00874554421464735
2017-11-10,3383.773642059397,3472.925053000505,3372.629715691758,3446.6572265625,25618000,0.0,0.0,0.00533999557486875
2017-11-13,3487.2528164572395,3534.216504238791,3471.332922294002,3506.356689453125,29229000,0.0,0.0,0.017320974778268328
2017-11-14,3514.3166881184748,3579.588255145817,3512.7246986787836,3564.46435546875,27044000,0.0,0.0,0.01657209210643318
2017-11-15,3585.1601286007485,3610.6319589993327,3410.041294610481,3429.941162109375,45685000,0.0,0.0,-0.03774008657232997
2017-11-16,3440.2897930141007,3571.628945223107,3430.7378546716272,3565.260986328125,39666000,0.0,0.0,0.03945252056030313
2017-11-17,3605.8558411420577,3636.1036384849713,3536.604305120124,3568.444091796875,39460000,0.0,0.0,0.0008928113484416578
2017-11-20,3569.23968665366,3602.6714589193725,3546.1558438987636,3563.667724609375,19283000,0.0,0.0,-0.001338501336893505
2017-11-21,3597.896392205056,3601.876366090239,3530.2368361569524,3542.1767578125,21438000,0.0,0.0,-0.006030575367188762
2017-11-22,3562.076839641104,3597.8966067436404,3550.932912098093,3582.772705078125,23212000,0.0,0.0,0.011460734469585176
2017-11-23,3582.772705078125,3582.772705078125,3582.772705078125,3582.772705078125,0,0.0,0.0,0.0
2017-11-24,3596.304577293633,3710.1318359375,3589.936618768102,3710.1318359375,46017000,0.0,0.0,0.035547644615819385
2017-11-27,3789.731605190843,3835.8993080056025,3750.7278562611327,3798.487548828125,42687000,0.0,0.0,0.023814709772516318
2017-11-28,3757.0944154232157,3790.5261877638463,3722.070653923508,3747.54248046875,25715000,0.0,0.0,-0.013411935067443426
2017-11-29,3784.158600889912,3787.3425795191843,3666.3513916068437,3679.88330078125,27810000,0.0,0.0,-0.018054279581918742
2017-11-30,3630.532024714377,3636.1039879182795,3550.9325503729083,3597.896240234375,35878000,0.0,0.0,-0.022279799071201256
2017-12-01,3653.615983561665,3655.2079730969863,3571.628522492634,3605.060302734375,23013000,0.0,0.0,0.00199118096288764
2017-12-04,3589.9357922242416,3597.895738548464,3532.6241786898413,3537.400146484375,21861000,0.0,0.0,-0.018768106652385486
2017-12-05,3466.557600446104,3495.2134152833164,3410.041965628269,3424.369873046875,28743000,0.0,0.0,-0.03195292269941086
2017-12-06,3445.8608699936462,3494.416544068401,3424.36901425564,3435.512939453125,27585000,0.0,0.0,0.0032540487211842883
2017-12-07,3486.4575535616427,3555.7091077077303,3475.3136253082494,3540.585205078125,24851000,0.0,0.0,0.03058415656607183
2017-12-08,3574.0165925140486,3580.3845508080603,3469.7412754496077,3479.293212890625,24712000,0.0,0.0,-0.017311260324872624
2017-12-11,3486.456818685923,3532.62451171875,3454.617030387421,3532.62451171875,18223000,0.0,0.0,0.015328199023449729
2017-12-12,3532.624987431485,3532.624987431485,3479.2933348497118,3494.417236328125,15366000,0.0,0.0,-0.010815549533747526
2017-12-13,3457.005194198779,3513.520821366201,3430.73736748716,3496.804931640625,20456000,0.0,0.0,0.0006832885574388214
2017-12-14,3478.496877088904,3486.456824176064,3406.857353304464,3423.5732421875,20122000,0.0,0.0,-0.02094245772490555
2017-12-15,3382.977563005643,3453.0250984278773,3368.649658032913,3425.165283203125,22833000,0.0,0.0,0.00046502320908659023
2017-12-18,3441.0851776172694,3443.473161779391,3378.2015946814,3425.165283203125,20827000,0.0,0.0,0.0
2017-12-19,3419.5931749055694,3435.513068643491,3396.5093289855827,3398.101318359375,15431000,0.0,0.0,-0.007901506235763467
2017-12-20,3395.713405666148,3406.857331516904,3350.3417075594975,3355.11767578125,18652000,0.0,0.0,-0.01264931164526839
2017-12-21,3333.6263102599232,3374.2220461298507,3319.2984034823016,3359.09814453125,16920000,0.0,0.0,0.0011863872253223828
2017-12-22,3344.7699122040076,3403.6735232233073,3333.6259857949512,3367.853759765625,17382000,0.0,0.0,0.0026065374864470137
2017-12-25,3371.0375014062865,3400.489304842422,3356.7095970319506,3371.83349609375,9837000,0.0,0.0,0.0011816832356765783
2017-12-26,3355.1178072235634,3371.8336966545703,3312.930086278641,3317.7060546875,16064000,0.0,0.0,-0.016052821549153107
2017-12-27,3288.254144108236,3363.077646782207,3287.4581493989385,3340.789794921875,21097000,0.0,0.0,0.006957741238637016
2017-12-28,3351.138052910204,3364.669964287751,3269.1505898580067,3271.53857421875,16962000,0.0,0.0,-0.020728996720592696
2017-12-29,3271.5381961830844,3300.9899998956816,3261.1902651489286,3278.7021484375,14523000,0.0,0.0,0.0021896652159942853
2018-01-01,3278.7021484375,3278.7021484375,3278.7021484375,3278.7021484375,0,0.0,0.0,0.0
2018-01-02,3278.7021484375,3278.7021484375,3278.7021484375,3278.7021484375,0,0.0,0.0,0.0
2018-01-03,3278.7021484375,3278.7021484375,3278.7021484375,3278.7021484375,0,0.0,0.0,0.0
2018-01-04,3352.72997809571,3442.6773872896356,3328.85013494688,3439.493408203125,29177000,0.0,0.0,0.04904113044920888
2018-01-05,3470.5371231261734,3472.1291126321944,3382.977700295008,3391.733642578125,24939000,0.0,0.0,-0.013885697676028097
2018-01-08,3391.733642578125,3391.733642578125,3391.733642578125,3391.733642578125,0,0.0,0.0,0.0
2018-01-09,3422.7779468011126,3460.18970575452,3398.8981006606396,3433.921875,22221000,0.0,0.0,0.012438545259646938
2018-01-10,3453.8210152805646,3526.2565332318277,3422.77722187288,3520.6845703125,24466000,0.0,0.0,0.025266356798667733
2018-01-11,3491.232605478489,3513.5204561290584,3478.4966908210204,3511.928466796875,15536000,0.0,0.0,-0.0024870457266916723
2018-01-12,3535.0123831604906,3586.752037496323,3527.8484310216827,3551.728271484375,23406000,0.0,0.0,0.011332749246968588
2018-01-15,3581.180451487092,3608.244273525447,3554.1166294487366,3570.83251953125,19336000,0.0,0.0,0.0053788596949424505
2018-01-16,3574.0162886338603,3599.4881196441684,3526.256605489533,3590.732177734375,18731000,0.0,0.0,0.00557283437245526
2018-01-17,3550.136663765801,3613.81624517864,3548.54467423048,3605.060302734375,19418000,0.0,0.0,0.003990307349806432
2018-01-18,3682.2717418917505,3725.2554587231716,3645.6559831094287,3690.231689453125,45498000,0.0,0.0,0.023625509580005977
2018-01-19,3743.5639734836604,3851.023283800542,3742.7679785924242,3846.247314453125,50980000,0.0,0.0,0.04227800261048675
2018-01-22,3832.7153683122096,3916.2948311726004,3829.531388774671,3856.59521484375,38369000,0.0,0.0,0.0026903887203872934
2018-01-23,3852.614755447797,3961.666040880927,3838.2868493324954,3947.338134765625,38979000,0.0,0.0,0.023529282921010752
2018-01-24,3948.1337537263566,3978.3815526460344,3816.7946268382825,3871.71826171875,39548000,0.0,0.0,-0.019157181489182218
2018-01-25,3795.3040627616706,3855.799681211731,3760.280283659004,3802.468017578125,31331000,0.0,0.0,-0.01788617855419139
2018-01-26,3850.2271801155434,3863.759092884194,3813.611416153312,3839.083251953125,20920000,0.0,0.0,0.009629333949880525
2018-01-29,3857.390648445655,3868.5345752055064,3801.671014646399,3812.81494140625,16997000,0.0,0.0,-0.006842339387537644
2018-01-30,3804.855022742834,3804.855022742834,3741.9714355468755,3741.971435546875,20309000,0.0,0.0,-0.018580368296932437
2018-01-31,3709.335915106447,3866.1468969253247,3706.9479306117432,3818.38720703125,31535000,0.0,0.0,0.020421259969668037
2018-02-01,3964.0537895161497,3964.0537895161497,3761.0751316192386,3838.28662109375,63674000,0.0,0.0,0.005211470964981535
2018-02-02,3855.799111135587,3880.4749518550752,3737.195876709657,3754.707763671875,33277000,0.0,0.0,-0.021775043312960984
2018-02-05,3671.924122488542,3754.707584170486,3666.3521587214877,3734.01171875,24789000,0.0,0.0,-0.005512025495596928
2018-02-06,3566.852887128963,3639.2884177535416,3432.329758826175,3539.7890625,53378000,0.0,0.0,-0.05201447421140337
2018-02-07,3661.5761797031564,3712.5198482903306,3574.0167493189506,3574.812744140625,36760000,0.0,0.0,0.009894284948123167
2018-02-08,3581.97627429067,3589.9362215668716,3478.496959700051,3527.8486328125,34038000,0.0,0.0,-0.013137502490194075
2018-02-09,3375.813411879039,3451.4329058966077,3359.0975237277867,3449.044921875,33606000,0.0,0.0,-0.022337611144805702
2018-02-12,3449.044921875,3449.044921875,3449.044921875,3449.044921875,0,0.0,0.0,0.0
2018-02-13,3518.2966583526886,3606.652072171048,3503.1727586900865,3534.216552734375,33885000,0.0,0.0,0.024694265452788855
2018-02-14,3548.5453294923195,3593.9170396271475,3492.0296905524465,3527.053466796875,29885000,0.0,0.0,-0.0020267818427702755
2018-02-15,3582.7727605743144,3654.412295889064,3575.6088070428395,3648.84033203125,31051000,0.0,0.0,0.03452935045665084
2018-02-16,3675.108161646658,3681.4761203413027,3625.756481763164,3648.84033203125,21722000,0.0,0.0,0.0
2018-02-19,3664.7593853521053,3724.458984375,3653.6154602011648,3724.458984375,18598000,0.0,0.0,0.02072402337803969
2018-02-20,3708.5396484686935,3769.0352512340123,3698.987711189959,3737.991455078125,22971000,0.0,0.0,0.003633405753667107
2018-02-21,3749.932348924125,3815.999932231428,3717.296554760277,3802.468017578125,30598000,0.0,0.0,0.01724898605972136
2018-02-22,3788.9349528236276,3826.346705509071,3730.827336950492,3755.503173828125,26401000,0.0,0.0,-0.012351147605420998
2018-02-23,3784.954608320894,3854.2061437412763,3782.566624340881,3849.43017578125,29425000,0.0,0.0,0.025010497290402167
2018-02-26,3896.3945568304507,3937.7862865455036,3861.3707855330986,3882.066650390625,27284000,0.0,0.0,0.008478261228040518
2018-02-27,3932.214554515224,3962.4623587807255,3901.17075540063,3934.6025390625,32096000,0.0,0.0,0.013532969266920825
2018-02-28,3919.4778584151513,3939.3777256898015,3886.0460813937384,3906.741943359375,27104000,0.0,0.0,-0.007080917431055989
2018-03-01,3860.5742730597635,3873.3101881873836,3826.3465011542853,3835.8984375,23578000,0.0,0.0,-0.01813365379297549
2018-03-02,3749.1354498215665,3882.8625741464125,3747.543460246271,3868.53466796875,31206000,0.0,0.0,0.008508105988859427
2018-03-05,3849.430248621124,3855.002211346589,3657.595531930121,3671.12744140625,35933000,0.0,0.0,-0.05102894080206155
2018-03-06,3763.463264234138,3835.102793375651,3755.503316551748,3782.567138671875,32191000,0.0,0.0,0.030355714707342774
2018-03-07,3745.1561393158554,3753.116088602393,3664.7606515218276,3669.53662109375,32267000,0.0,0.0,-0.029881959376882872
2018-03-08,3744.359687695435,3818.38720703125,3726.847801400941,3818.38720703125,28101000,0.0,0.0,0.04056386440779902
2018-03-09,3880.4751681429116,3900.3750408000546,3792.119733545196,3829.531494140625,34925000,0.0,0.0,0.002918584864534779
2018-03-12,3896.3942122025924,3913.110101570571,3833.510628389721,3852.614501953125,25070000,0.0,0.0,0.006027632322078702
2018-03-13,3824.755170195745,3883.658787801257,3806.4472890480856,3882.86279296875,19205000,0.0,0.0,0.007851367169045886
2018-03-14,3852.614526357061,3874.1063842520284,3816.7947631987827,3838.28662109375,17209000,0.0,0.0,-0.011480233593553768
2018-03-15,3827.939085918383,3914.7025212199223,3827.143091099103,3903.55859375,23246000,0.0,0.0,0.017005497269938274
2018-03-16,3919.47921989022,3970.422897809183,3897.9873557681576,3899.579345703125,32862000,0.0,0.0,-0.0010193898596132511
2018-03-19,3910.722900643254,3940.1747116189918,3834.3073910845824,3846.247314453125,25933000,0.0,0.0,-0.013676354940377222
2018-03-20,3810.427436678335,3842.2672314281017,3755.5037907349874,3839.083251953125,28374000,0.0,0.0,-0.0018626109852789563
2018-03-21,3839.083251953125,3839.083251953125,3839.083251953125,3839.083251953125,0,0.0,0.0,0.0
2018-03-22,3863.757732249611,3906.7414400249463,3843.061872950375,3898.781494140625,24293000,0.0,0.0,0.01555012961938984
2018-03-23,3796.895064395355,3825.5508762021122,3774.607210767877,3794.507080078125,26201000,0.0,0.0,-0.026745385505499875
2018-03-26,3761.0757982713258,3776.199700952205,3659.984448772816,3772.2197265625,32561000,0.0,0.0,-0.005873583325918141
2018-03-27,3827.9389387422675,3866.9426833873854,3773.0152983236326,3812.01904296875,30157000,0.0,0.0,0.010550635777125894
2018-03-28,3762.9724301647907,3803.9791810063302,3723.57378719939,3750.91162109375,27650000,48.0,0.0,-0.016030198481750024
2018-03-29,3769.404271759805,3777.4448098821595,3726.789419711326,3751.715087890625,19267000,0.0,0.0,0.00021420573930797104
2018-03-30,3777.4447882697464,3812.8231558056914,3755.7353354635984,3767.796142578125,22033000,0.0,0.0,0.004286320872127103
2018-04-02,3779.053189708521,3855.4383073728422,3774.2288664876164,3836.945068359375,17963000,0.0,0.0,0.018352618656787056
2018-04-03,3764.5801396482266,3771.0125704720595,3706.68826223373,3720.357177734375,28753000,0.0,0.0,-0.030385603272358397
2018-04-04,3742.8699943087745,3749.3024239445363,3632.7146367963574,3642.36328125,26396000,0.0,0.0,-0.02096408832763519
2018-04-05,3680.1542300423093,3710.7082743380506,3625.4785718288776,3656.836669921875,21439000,0.0,0.0,0.0039736257902611705
2018-04-06,3616.634260465426,3660.8572227432383,3575.6275136260006,3628.695068359375,24456000,0.0,0.0,-0.007695613477618379
2018-04-09,3594.1200859726837,3680.957886707594,3572.410635788956,3660.052490234375,18755000,0.0,0.0,0.008641514727545596
2018-04-10,3680.154822170245,3684.9791457300053,3615.830508040112,3622.262939453125,21239000,0.0,0.0,-0.010324865799624106
2018-04-11,3642.3641826418802,3667.289853648922,3593.31689453125,3593.31689453125,16893000,0.0,0.0,-0.00799114956747038
2018-04-12,3618.242413465166,3635.9315985976623,3594.120797375398,3596.532958984375,14528000,0.0,0.0,0.000895012754933866
2018-04-13,3631.106482623744,3665.680791470693,3613.4173013532118,3640.755126953125,15703000,0.0,0.0,0.012295777203509273
2018-04-16,3650.404178165925,3654.4244470846097,3586.8839292507027,3591.708251953125,13328000,0.0,0.0,-0.01347162148777814
2018-04-17,3574.018850657168,3623.0661284727107,3551.5053460860995,3571.606689453125,15617000,0.0,0.0,-0.0055966579382022985
2018-04-18,3571.606248198062,3586.0792136342543,3512.106279182606,3573.21435546875,23084000,0.0,0.0,0.00045012403531785594
2018-04-19,3582.059512760328,3609.3973406916075,3545.0730396768317,3550.701416015625,15087000,0.0,0.0,-0.006300472687475134
2018-04-20,3548.2894113179127,3697.8434177772674,3544.26914232707,3690.60693359375,31512000,0.0,0.0,0.03940221978313185
2018-04-23,3700.2555368773624,3734.0257960144436,3661.6609550064118,3722.76904296875,27753000,0.0,0.0,0.0087145854201498
2018-04-24,3735.6339035924,3744.4784952711593,3700.2555368773624,3722.76904296875,19519000,0.0,0.0,0.0
2018-04-25,3697.040331167781,3736.4389775851846,3690.6078990996334,3728.3984375,18482000,0.0,0.0,0.0015121525042984807
2018-04-26,3728.3979616864203,3732.4182312159505,3631.1074390717863,3652.81689453125,25204000,0.0,0.0,-0.02027185244166918
2018-04-27,3618.2421113547757,3758.95152679635,3615.829949947206,3712.31640625,33004000,0.0,0.0,0.01628866527852213
2018-04-30,3712.31640625,3712.31640625,3712.31640625,3712.31640625,0,0.0,0.0,0.0
2018-05-01,3738.0464732469263,3758.951874043747,3701.0599949140897,3711.5126953125,16533000,0.0,0.0,-0.00021649850108329538
2018-05-02,3711.512009730944,3744.4782125903394,3703.471472448165,3713.1201171875,13792000,0.0,0.0,0.00043309076566822036
2018-05-03,3713.1201171875,3713.1201171875,3713.1201171875,3713.1201171875,0,0.0,0.0,0.0
2018-05-04,3713.1201171875,3713.1201171875,3713.1201171875,3713.1201171875,0,0.0,0.0,0.0
2018-05-07,3741.262352445477,3746.086675272615,3718.7488459188335,3742.06640625,12535000,0.0,0.0,0.007795678068293954
2018-05-08,3746.8904143486056,3798.349853515625,3737.2417695047893,3798.349853515625,15465000,0.0,0.0,0.015040739836049033
2018-05-09,3797.545902186199,3816.843192394217,3712.3162037674533,3717.944580078125,17380000,0.0,0.0,-0.021168474874182386
2018-05-10,3729.2015592805633,3743.674527815934,3634.323209993132,3658.44482421875,17071000,0.0,0.0,-0.01600340042134918
2018-05-11,3675.330858633575,3714.7295048976407,3662.4659945473495,3706.68896484375,12554000,0.0,0.0,0.013187062520562343
2018-05-14,3712.316187629301,3714.7283488948174,3674.525661136215,3692.21484375,9944000,0.0,0.0,-0.003904865293805404
2018-05-15,3707.4927868652344,3722.769812011719,3684.175222167969,3698.648193359375,8906000,0.0,0.0,0.0017424093346747327
2018-05-16,3718.749115143255,3724.3774921823906,3684.9788529084403,3688.195068359375,10632000,0.0,0.0,-0.002826201480521373
2018-05-17,3699.452611455594,3750.1080156115822,3675.3309904289326,3745.28369140625,14254000,0.0,0.0,0.015478742850841165
2018-05-18,3754.127704244735,3754.9317581544037,3664.877720271472,3674.5263671875,18163000,0.0,0.0,-0.01889238040394814
2018-05-21,3652.0122541037567,3653.6203616573034,3569.9987688728934,3578.039306640625,22158000,0.0,0.0,-0.026258366631541352
2018-05-22,3578.040209206091,3602.1618285939967,3516.932106756728,3562.76318359375,17661000,0.0,0.0,-0.004269411746965268
2018-05-23,3521.7560861851744,3553.918242223395,3481.553391137398,3500.046630859375,19566000,0.0,0.0,-0.0176033459150976
2018-05-24,3450.194866947667,3475.1205348282024,3411.6002844229665,3418.03271484375,23906000,0.0,0.0,-0.023432235242959565
2018-05-25,3381.8497176775522,3444.5659035973927,3353.7078393801876,3414.81591796875,22752000,0.0,0.0,-0.0009411252446561713
2018-05-28,3368.985383253831,3390.6948356041544,3338.4313392052286,3344.86376953125,17196000,0.0,0.0,-0.020484895853217777
2018-05-29,3361.749056546193,3422.053093676297,3350.492302948574,3409.188232421875,15048000,0.0,0.0,0.019230816954808105
2018-05-30,3385.066751269708,3557.13427734375,3373.809997227481,3557.13427734375,44080000,0.0,0.0,0.04339626762608373
2018-05-31,3594.120330403646,3618.241943359375,3506.47846999783,3618.241943359375,27901000,0.0,0.0,0.017178903367476073
2018-06-01,3578.8435000384297,3583.6678228872793,3473.512451171875,3473.512451171875,21808000,0.0,0.0,-0.03999994871905255
2018-06-04,3418.0330976142627,3437.330391037632,3254.006103515625,3254.006103515625,40133000,0.0,0.0,-0.06319434599469886
2018-06-05,3273.3029627414876,3343.2556421221093,3259.634048379757,3285.36376953125,34933000,0.0,0.0,0.009636634049870363
2018-06-06,3288.5801204073705,3292.600389503223,3148.6747558717025,3184.857177734375,35710000,0.0,0.0,-0.03059222626394731
2018-06-07,3176.012584713281,3299.0328190072387,3168.7761003430483,3294.20849609375,30240000,0.0,0.0,0.034334763619499054
2018-06-08,3296.6201580439256,3367.3768833873073,3296.6201580439256,3344.059326171875,22096000,0.0,0.0,0.015132870350264005
2018-06-11,3333.607109487572,3364.9652082019993,3280.539557817003,3348.080078125,14516000,0.0,0.0,0.0012023566453074341
2018-06-12,3360.944980501529,3360.944980501529,3292.600405539177,3353.70849609375,17421000,0.0,0.0,0.0016810882169526753
2018-06-13,3266.066567262989,3270.0868363019636,3084.3504067013355,3145.45849609375,55659000,0.0,0.0,-0.06209543859955635
2018-06-14,3055.404338430851,3065.8570374833776,2985.45166015625,2985.45166015625,44908000,0.0,0.0,-0.05086916140721853
2018-06-15,3029.6749908964516,3083.546600341797,3011.181751833124,3036.107421875,32217000,0.0,0.0,0.016967537071459038
2018-06-18,3054.60015121266,3069.877172237414,2959.721810111556,2972.586669921875,23845000,0.0,0.0,-0.02092177354973057
2018-06-19,2930.7760665817386,2971.7828099001663,2888.1612156821966,2899.41796875,24200000,0.0,0.0,-0.024614488758976427
2018-06-20,2859.2155503922236,2954.8979605431446,2841.5263653223055,2946.857421875,27776000,0.0,0.0,0.016361715915505615
2018-06-21,2999.120964765029,3018.418257835903,2888.9655834854557,2952.48583984375,28774000,0.0,0.0,0.001909972951853467
2018-06-22,2934.7965842799135,2974.195223356548,2904.242537649054,2933.1884765625,20417000,0.0,0.0,-0.0065359714925071755
2018-06-25,2910.67471652373,2941.228760509338,2894.5936407418308,2903.438232421875,11594000,0.0,0.0,-0.010142629557678529
2018-06-26,2894.5933038189632,2928.363559030184,2859.2149412167314,2900.2216796875,16512000,0.0,0.0,-0.0011078426599390179
2018-06-27,2894.593799446203,2934.7964911051777,2855.9992154535867,2858.411376953125,15833000,0.0,0.0,-0.01441624377446904
2018-06-28,2855.1943396643205,2904.241609368495,2823.0321955960094,2897.005126953125,15612000,0.0,0.0,0.013501817936765415
2018-06-29,2924.3434742290015,2937.20833416512,2863.2353895324372,2910.674560546875,14651000,0.0,0.0,0.004718470625603155
2018-07-02,2887.356802406578,2941.2283996667397,2865.647352764423,2874.491943359375,14175000,0.0,0.0,-0.012431007464022925
2018-07-03,2895.3979507601266,2945.2492900956245,2875.2966042538774,2929.168212890625,18456000,0.0,0.0,0.019021194217490267
2018-07-04,2897.0062331910135,2902.6346105521948,2751.4724757090335,2774.7900390625,30404000,0.0,0.0,-0.05270375840784447
2018-07-05,2758.7090294795416,2836.702260566547,2751.4725441209534,2794.08740234375,21434000,0.0,0.0,0.006954530976970741
2018-07-06,2801.32369531025,2819.012880527479,2725.7426312002717,2791.675048828125,22763000,0.0,0.0,-0.000863377972214252
2018-07-09,2814.1888907786165,2866.4523987502193,2801.3240272779144,2862.43212890625,14086000,0.0,0.0,0.025345743627227302
2018-07-10,2898.613973932849,2913.8909962642565,2843.938315062548,2855.195068359375,15228000,0.0,0.0,-0.002528290705582692
2018-07-11,2841.526541220175,2872.0805900504997,2810.9724923898507,2855.99951171875,13616000,0.0,0.0,0.00028174725022811486
2018-07-12,2872.080554683138,2897.8102796970966,2831.8778593488273,2880.12109375,13390000,0.0,0.0,0.008445933527745364
2018-07-13,2909.870914660002,2950.87766145405,2895.397945203279,2933.1884765625,17493000,0.0,0.0,0.018425399865185765
2018-07-16,2933.1884765625,2933.1884765625,2933.1884765625,2933.1884765625,0,0.0,0.0,0.0
2018-07-17,3020.830146228416,3045.755814190375,2956.505841810457,3006.357177734375,25406000,0.0,0.0,0.024945107263486754
2018-07-18,3042.5397839245497,3052.9924840278845,2929.1681904960715,2945.249267578125,23357000,0.0,0.0,-0.020326230897920627
2018-07-19,2957.3097729531587,3003.9448917218597,2938.012482428179,2989.471923828125,15730000,0.0,0.0,0.01501491121203613
2018-07-20,2998.316598383177,3009.573351501269,2970.1747155879475,3000.728759765625,13833000,0.0,0.0,0.003765493111935747
2018-07-23,2970.1748178443772,2983.0396789936763,2919.519427069013,2924.34375,12265000,0.0,0.0,-0.02545548627713723
2018-07-24,2913.8908845024303,2979.8232941407305,2894.5935938765865,2977.4111328125,14689000,0.0,0.0,0.01814676636852286
2018-07-25,2966.958469806738,2993.4922447399686,2945.2490175886396,2987.059814453125,12762000,0.0,0.0,0.003240627918090322
2018-07-26,3011.181577608394,3070.681560717345,2995.100501092461,3021.63427734375,20055000,0.0,0.0,0.011574747423313658
2018-07-27,3050.5804733880277,3069.0737129473123,3030.4791260409797,3047.3642578125,13928000,0.0,0.0,0.008515253040936699
2018-07-30,3027.262560560402,3057.0125511953916,2999.92473132825,3018.41796875,11421000,0.0,0.0,-0.009498795225510226
2018-07-31,2962.1340903198106,3010.3773165465177,2906.654380159098,2955.70166015625,29032000,0.0,0.0,-0.020777874119177198
2018-08-01,3055.4044242527175,3162.343579101562,3032.086864172894,3143.850341796875,45858000,0.0,0.0,0.0636561816021306
2018-08-02,3139.8297192599994,3150.282417429111,3045.755435737997,3073.09326171875,27725000,0.0,0.0,-0.022506503931635558
2018-08-03,3100.431428262219,3146.2624944994977,3067.4652227231236,3076.309814453125,21538000,0.0,0.0,0.0010466824337689307
2018-08-06,3076.3099143198106,3082.7423448777195,2966.154541015625,2966.154541015625,22180000,0.0,0.0,-0.03580760069092137
2018-08-07,2974.999095289843,3001.53287100459,2952.4855886227847,2994.29638671875,12840000,0.0,0.0,0.009487653227093551
2018-08-08,2989.4720278772816,2994.296350676438,2936.4044770865607,2984.647705078125,13957000,0.0,0.0,-0.003222353566407765
2018-08-09,2943.6416012361087,3011.182135107683,2938.8172773881392,3007.161865234375,12593000,0.0,0.0,0.007543322489265369
2018-08-10,3005.5531215218325,3011.1814981538955,2931.580171500428,2934.79638671875,14255000,0.0,0.0,-0.02406437756219182
2018-08-13,2902.634026908019,2904.242134402151,2847.9583721075355,2868.86376953125,17167000,0.0,0.0,-0.022465823348384317
2018-08-14,2878.512829382484,2895.39796050456,2863.23580598632,2887.357421875,9678000,0.0,0.0,0.00644633340215095
2018-08-15,2878.512801795642,2878.512801795642,2769.965531336868,2802.127685546875,20715000,0.0,0.0,-0.029518249345374836
2018-08-16,2725.742128057065,2826.2488436933877,2712.0732147305253,2773.9853515625,25437000,0.0,0.0,-0.010043201860333029
2018-08-17,2773.9855936364715,2854.3909731621666,2756.296410140819,2849.566650390625,18140000,0.0,0.0,0.027246466455041807
2018-08-20,2846.350497788553,2954.8977625347266,2843.1342825368147,2948.46533203125,21294000,0.0,0.0,0.03470656902412439
2018-08-21,2948.465732289907,2998.3170754592484,2925.952222471495,2974.99951171875,21875000,0.0,0.0,0.008999318865730022
2018-08-22,2963.742116519818,3024.046147648138,2962.134009023063,3020.02587890625,16388000,0.0,0.0,0.015134915824401851
2018-08-23,3036.911862296854,3052.9929417900858,3004.74970331039,3007.161865234375,14340000,0.0,0.0,-0.004259570675114177
2018-08-24,3023.242450529773,3044.951904296875,3015.2019120975133,3044.951904296875,13249000,0.0,0.0,0.012566679399399261
2018-08-27,3052.992288801078,3130.181453858993,3052.188234998391,3123.7490234375,19282000,0.0,0.0,0.025877951973372948
2018-08-28,3135.0060914569594,3154.303384659054,3097.2155589361905,3109.2763671875,17174000,0.0,0.0,-0.0046331046897211126
2018-08-29,3100.431615233877,3160.73565339325,3100.431615233877,3154.30322265625,16914000,0.0,0.0,0.014481458111579526
2018-08-30,3184.052792983402,3215.410888671875,3163.1473958577535,3215.410888671875,36733000,0.0,0.0,0.019372793831839097
2018-08-31,3176.81658084459,3241.14088518971,3149.4787514979143,3229.080078125,23897000,0.0,0.0,0.004251148586105202
2018-09-03,3216.2149324176853,3260.4378877384283,3200.1338577555966,3223.451416015625,19722000,0.0,0.0,-0.0017431162972716407
2018-09-04,3228.2761672685733,3229.884274948408,3155.1072678360847,3196.114013671875,17584000,0.0,0.0,-0.008480786218127867
2018-09-05,3184.0532171145965,3218.627532350942,3162.3437633615426,3188.073486328125,15028000,0.0,0.0,-0.0025157198114195145
2018-09-06,3068.268939486852,3122.140537743042,3032.0865227476206,3073.09326171875,32405000,0.0,0.0,-0.03606573847888428
2018-09-07,3028.870660405143,3111.688201690444,3023.2422838129382,3098.019287109375,17562000,0.0,0.0,0.008111053999280138
2018-09-10,3093.9993954613096,3126.965605236235,3069.073724655878,3106.8642578125,13726000,0.0,0.0,0.0028550405544369717
2018-09-11,3126.964721773228,3163.951190583094,3113.2958093869734,3147.8701171875,13037000,0.0,0.0,0.013198471504471732
2018-09-12,3197.721772279725,3211.390686066186,3153.498815911763,3163.1474609375,14523000,0.0,0.0,0.004853231925480372
2018-09-13,3163.951576717379,3204.958318880679,3101.235382820567,3114.904296875,15384000,0.0,0.0,-0.015251632956814976
2018-09-14,3068.2693391645357,3085.1544691756617,3020.02611056132,3065.857177734375,20659000,0.0,0.0,-0.015745947376242353
2018-09-17,3065.857177734375,3065.857177734375,3065.857177734375,3065.857177734375,0,0.0,0.0,0.0
2018-09-18,3079.525803882242,3163.951446025228,3057.0122993107793,3139.829833984375,18897000,0.0,0.0,0.024127887230762868
2018-09-19,3180.0321853637693,3221.038921508789,3172.7957025146484,3216.214599609375,20337000,0.0,0.0,0.024327676869058124
2018-09-20,3244.356825151516,3377.025691607526,3233.904126582255,3370.59326171875,42818000,0.0,0.0,0.04800011234577606
2018-09-21,3352.9045875966262,3405.9721422204575,3327.978918000584,3354.5126953125,28774000,0.0,0.0,-0.00477084155744445
2018-09-24,3354.5126953125,3354.5126953125,3354.5126953125,3354.5126953125,0,0.0,0.0,0.0
2018-09-25,3304.6610799936147,3348.079984694261,3289.3840579693133,3344.86376953125,19312000,0.0,0.0,-0.0028764016289857253
2018-09-26,3366.661996150362,3398.148763020833,3324.6796403230674,3342.44140625,18524000,17.0,0.0,-0.0007242038684251995
2018-09-27,3348.093700191246,3367.470176874292,3291.5789765323634,3296.423095703125,16416000,0.0,0.0,-0.01376787352526987
2018-09-28,3333.560643094436,3364.240058070844,3315.798876529147,3347.28564453125,16175000,0.0,0.0,0.0154296179074902
2018-10-01,3358.589252794957,3409.452503498342,3350.515720937277,3394.11279296875,17628000,0.0,0.0,0.013989588403967135
2018-10-02,3423.1770509201633,3435.2873470908717,3390.882927798275,3405.415283203125,16196000,0.0,0.0,0.003330027881745412
2018-10-03,3414.2959291544425,3417.525341241607,3336.7900390625,3336.7900390625,16574000,0.0,0.0,-0.020151798953599642
2018-10-04,3372.3139647240437,3394.1124988508213,3286.7345344485475,3293.193359375,26123000,0.0,0.0,-0.013065454876432292
2018-10-05,3269.780163165144,3333.561060175032,3264.9360444048993,3324.68017578125,15800000,0.0,0.0,0.009561180583768092
2018-10-08,3324.68017578125,3324.68017578125,3324.68017578125,3324.68017578125,0,0.0,0.0,0.0
2018-10-09,3316.606773022935,3316.606773022935,3228.6052788020247,3240.715576171875,16698000,0.0,0.0,-0.025254940376225665
2018-10-10,3254.4398509701987,3275.4310283766054,3183.392788979284,3221.33837890625,15387000,0.0,0.0,-0.005979295871597179
2018-10-11,3071.978732919631,3141.4111037556595,3063.0978482778137,3120.419921875,20277000,0.0,0.0,-0.03132811433039051
2018-10-12,3100.235390625,3241.5221597290038,3098.620684692383,3229.411865234375,18600000,0.0,0.0,0.034928614125077084
2018-10-15,3201.9621948958597,3208.4210192930273,3154.3283649667483,3164.0166015625,13882000,0.0,0.0,-0.020249898867306215
2018-10-16,3148.677082674551,3200.3476809543386,3142.2182578895777,3191.466796875,12168000,0.0,0.0,0.008675743135780012
2018-10-17,3229.4121373679914,3247.9812571578573,3201.9621342003634,3210.843017578125,12039000,0.0,0.0,0.006071258746009001
2018-10-18,3220.531729227599,3243.9449706784894,3194.6964283162724,3200.347900390625,10369000,0.0,0.0,-0.0032686484920139147
2018-10-19,3148.6773503681543,3149.4847035349153,3043.7214386892156,3073.593505859375,24593000,0.0,0.0,-0.03960644232327948
2018-10-22,3027.574095556833,3092.9696960208607,2997.702031147339,3071.978515625,14981000,0.0,0.0,-0.0005254404108078203
2018-10-23,3051.7941147533816,3090.547055893107,3015.463232434889,3029.188232421875,11390000,0.0,0.0,-0.013929226062448286
2018-10-24,3051.794828005099,3058.2536530379143,2998.509521484375,2998.509521484375,13693000,0.0,0.0,-0.010127700421235342
2018-10-25,2885.4796434238365,2951.6825899153737,2861.2590532440054,2862.06640625,19965000,0.0,0.0,-0.04550364581361421
2018-10-26,2910.507775328345,2933.113660961963,2736.1195147261474,2810.39599609375,23661000,0.0,0.0,-0.01805353294508316
2018-10-29,2866.1030705806534,2879.020718222707,2758.7251245560824,2799.0927734375,19105000,0.0,0.0,-0.004021932379622228
2018-10-30,2769.2211332280585,2862.066739735705,2743.385834025931,2845.919677734375,17269000,0.0,0.0,0.01672931484845641
2018-10-31,2860.452344666569,2864.48911060598,2713.514064472012,2838.65380859375,33384000,0.0,0.0,-0.0025530829972015834
2018-11-01,2836.2313365828277,2874.1769308952084,2793.44162384759,2851.571044921875,17092000,0.0,0.0,0.004550479628413706
2018-11-02,2842.6899982841605,2921.8105946578744,2829.772349896615,2904.048828125,19272000,0.0,0.0,0.01840311266190553
2018-11-05,2870.140984059062,2895.168936381377,2812.8188997079524,2824.92919921875,15416000,0.0,0.0,-0.02724459318314343
2018-11-06,2827.350492398619,2866.9107934059093,2804.744606108738,2853.185791015625,10758000,0.0,0.0,0.010002584066421738
2018-11-07,2866.9108694065408,2950.8755921376815,2860.4520445810685,2905.663818359375,20764000,0.0,0.0,0.01839278308093273
2018-11-08,2971.059842956853,3027.5745682304887,2950.0686592837883,3021.923095703125,18909000,0.0,0.0,0.04001126235222685
2018-11-09,3000.9314038541524,3032.4181740317986,2925.0402141952095,2941.99462890625,15592000,0.0,0.0,-0.026449537021814185
2018-11-12,2911.315156820491,2975.9034021187827,2910.5078037542626,2929.88427734375,12261000,0.0,0.0,-0.004116374463607464
2018-11-13,2849.9560876423648,2887.094325611642,2816.854614669748,2870.947265625,15826000,0.0,0.0,-0.020115815554388572
2018-11-14,2865.2959023719122,2872.562079639127,2828.9650160358356,2855.607666015625,12862000,0.0,0.0,-0.005343044713165601
2018-11-15,2825.735939450339,2855.6080050959567,2820.8918206969956,2829.772705078125,10130000,0.0,0.0,-0.009047097486450939
2018-11-16,2823.3138721224204,2844.3050533277915,2531.052041493791,2572.22705078125,49086000,0.0,0.0,-0.09101284136167564
2018-11-19,2622.2829729984896,2698.981520546167,2598.062379036065,2672.3388671875,24046000,0.0,0.0,0.03892028752898913
2018-11-20,2599.677252662556,2607.750784503123,2510.86840241632,2520.556640625,31779000,0.0,0.0,-0.056797522359970376
2018-11-21,2446.2797596560686,2546.391538599089,2426.095933256266,2504.4091796875,31530000,0.0,0.0,-0.0064063075105093015
2018-11-22,2542.3550654244023,2552.850656358196,2479.3815198216384,2535.896240234375,21931000,0.0,0.0,0.01257265018921716
2018-11-23,2535.896240234375,2535.896240234375,2535.896240234375,2535.896240234375,0,0.0,0.0,0.0
2018-11-26,2587.5664584471447,2651.347347750522,2578.685575126421,2609.364990234375,21838000,0.0,0.0,0.028971512648802156
2018-11-27,2656.999298805414,2669.1095964298693,2589.9889852834303,2638.43017578125,18075000,0.0,0.0,0.011138796471805268
2018-11-28,2660.2283931902984,2720.779874067164,2644.8886847014924,2704.6328125,17493000,0.0,0.0,0.025091676606202817
2018-11-29,2783.753685500932,2841.883112808376,2773.2580944593105,2814.43310546875,29898000,0.0,0.0,0.04059711634839536
2018-11-30,2816.8549097871824,2824.121087542437,2755.4960754094736,2794.2490234375,27890000,0.0,0.0,-0.007171633247217701
2018-12-03,2830.57988289659,2832.1945890477004,2776.48722683439,2812.818115234375,14412000,0.0,0.0,0.006645467759359258
2018-12-04,2771.643349239465,2792.634531028054,2656.191849402225,2664.265380859375,28658000,0.0,0.0,-0.05281277647155014
2018-12-05,2599.677432133601,2715.1289454240064,2595.6406659346358,2686.87158203125,19705000,0.0,0.0,0.008484966000114946
2018-12-06,2648.925720367814,2667.4948430646928,2548.8139284368144,2577.0712890625,25591000,0.0,0.0,-0.04086547853758682
2018-12-07,2610.1724852773104,2655.384257369958,2578.685715427074,2654.576904296875,21689000,0.0,0.0,0.030075076139073564
2018-12-10,2598.0620912894074,2709.4768111768963,2598.0620912894074,2650.5400390625,21444000,0.0,0.0,-0.001520718886629635
2018-12-11,2673.146489090162,2698.9817919143497,2627.127355934578,2633.586181640625,20847000,0.0,0.0,-0.006396378538719105
2018-12-12,2624.705171806868,2666.687536904978,2606.1360487827033,2638.43017578125,17453000,0.0,0.0,0.001839314837841055
2018-12-13,2648.117979934511,2693.3297503236367,2615.823858227993,2650.5400390625,17947000,0.0,0.0,0.004589798658463318
2018-12-14,2652.1552351783657,2665.8802394395625,2523.7860776765815,2581.108154296875,24803000,0.0,0.0,-0.026195372921128612
2018-12-17,2583.529924773932,2615.0166957321144,2543.1622696993395,2589.181396484375,15840000,0.0,0.0,0.0031278201860933663
2018-12-18,2526.20765164607,2530.2444168292695,2472.114998191201,2501.987060546875,20305000,0.0,0.0,-0.03367641064310656
2018-12-19,2493.1063997395836,2500.372577718099,2405.104910888672,2422.059326171875,26425000,0.0,0.0,-0.03194570253194262
2018-12-20,2365.544777863549,2505.216875669144,2359.8933056980045,2439.013916015625,32287000,0.0,0.0,0.007000072071127628
2018-12-21,2422.059461805555,2439.0138780381944,2328.406495949074,2343.342529296875,28244000,0.0,0.0,-0.0392254370057219
2018-12-24,2343.342529296875,2343.342529296875,2343.342529296875,2343.342529296875,0,0.0,0.0,0.0
2018-12-25,2267.04772390957,2307.819059400109,2184.294023161446,2242.019775390625,33886000,0.0,0.0,-0.043238558870286936
2018-12-26,2300.9563860553194,2312.2593297061176,2224.661516412433,2269.873291015625,29213000,0.0,0.0,0.012423403187934445
2018-12-27,2390.97607484347,2398.242252345949,2342.5348914936108,2366.351806640625,23588000,0.0,0.0,0.04250392125713409
2018-12-28,2344.1496690825347,2378.0584984613765,2333.654079036703,2364.33349609375,20445000,0.0,0.0,-0.0008529207454323062
2018-12-31,2364.33349609375,2364.33349609375,2364.33349609375,2364.33349609375,0,0.0,0.0,0.0
2019-01-04,2293.6904074770614,2311.452177615919,2213.7624418522005,2263.010986328125,25810000,0.0,0.0,-0.04285457611332144
2019-01-07,2367.9665001540384,2402.279004844303,2350.608409546022,2395.41650390625,19343000,0.0,0.0,0.05850856154832962
2019-01-08,2399.049560384223,2438.206182857262,2389.765000416389,2423.673828125,16627000,0.0,0.0,0.011796413764650238
2019-01-09,2457.582611848662,2501.1796752651626,2411.159812840351,2480.995849609375,19112000,0.0,0.0,0.023650881079456232
2019-01-10,2450.3166416640006,2483.4181185365624,2400.6644263551584,2405.508544921875,20210000,0.0,0.0,-0.030426211595390273
2019-01-11,2442.2425926301567,2452.7381806315425,2420.4440637042017,2448.701416015625,12012000,0.0,0.0,0.017955816945623315
2019-01-15,2472.9221309129275,2590.7956637608827,2471.3074249835036,2561.73095703125,28714000,0.0,0.0,0.04615897237464739
2019-01-16,2570.612503424389,2581.915447848994,2511.6757217818076,2578.68603515625,18131000,0.0,0.0,0.006618602191015732
2019-01-17,2613.4019473805147,2684.4490191659597,2595.6401794341537,2676.37548828125,26920000,0.0,0.0,0.03788342271729128
2019-01-18,2652.154829873292,2746.615138882478,2651.3474768048372,2732.89013671875,22700000,0.0,0.0,0.02111611344706832
2019-01-21,2789.4048764738163,2795.863701079255,2718.357805813991,2724.00927734375,19245000,0.0,0.0,-0.00324962180355437
2019-01-22,2711.8986582407965,2742.5780714629313,2686.0633628958412,2720.779541015625,17407000,0.0,0.0,-0.0011856554068987446
2019-01-23,2682.834152257924,2741.770924185347,2673.1459157767035,2719.1650390625,16251000,0.0,0.0,-0.0005933968293962977
2019-01-24,2697.3664200567723,2736.9267177469196,2674.760535662402,2735.31201171875,14851000,0.0,0.0,0.005938209863795896
2019-01-25,2735.312763951387,2757.9186545625553,2720.78040570135,2736.1201171875,13671000,0.0,0.0,0.00029543447522173416
2019-01-28,2706.24731334036,2711.091431442998,2652.154661194237,2656.998779296875,15395000,0.0,0.0,-0.02891734810676183
2019-01-29,2615.824132943253,2701.403564453125,2585.1447141000917,2701.403564453125,25104000,0.0,0.0,0.01671238447764778
2019-01-30,2692.5225500506695,2704.632846377734,2664.2651919541854,2676.37548828125,13976000,0.0,0.0,-0.009264841618339181
2019-01-31,2732.890096738287,2782.9459862501844,2712.706270322199,2731.275390625,22510000,0.0,0.0,0.02051278028218917
2019-02-01,2607.7505103747053,2643.2740467389426,2465.656364917755,2480.188720703125,46035000,0.0,0.0,-0.09193019158145699
2019-02-04,2541.5472185829008,2631.1634006866816,2527.0148647282335,2604.520751953125,32650000,0.0,0.0,0.05013006881780857
2019-02-05,2605.328261606214,2618.245910253781,2503.601778506622,2522.1708984375,22692000,0.0,0.0,-0.03161804468398688
2019-02-06,2504.4097173678188,2506.8317770557956,2372.811140987756,2382.095703125,37228000,0.0,0.0,-0.0555375511624836
2019-02-07,2373.618361440389,2396.2242505969643,2307.0117237469085,2366.755859375,33486000,0.0,0.0,-0.006439642089054676
2019-02-08,2328.8095899488103,2409.5448851455103,2326.3875310929093,2363.929443359375,21304000,0.0,0.0,-0.0011942152818293916
2019-02-12,2341.3238342713144,2389.3613405261913,2307.415006326695,2360.296630859375,22198000,0.0,0.0,-0.0015367685825840027
2019-02-13,2364.333449984177,2434.169490081029,2364.333449984177,2421.655517578125,18538000,0.0,0.0,0.02599626077354933
2019-02-14,2422.059190629193,2447.087135599028,2385.7283027697554,2406.719482421875,18818000,0.0,0.0,-0.006167696044228177
2019-02-15,2389.765170940171,2420.4445886752137,2358.2784001068376,2361.5078125,22380000,0.0,0.0,-0.018785600171557393
2019-02-18,2374.022262745498,2401.8759502356256,2370.389173072873,2395.82080078125,15845000,0.0,0.0,0.014530118469066045
2019-02-19,2387.3429940159576,2393.398141954787,2347.782694148936,2371.599609375,14987000,0.0,0.0,-0.010109767557887395
2019-02-20,2390.573004587458,2409.9494828414595,2364.334023618497,2395.82080078125,15343000,0.0,0.0,0.01021301880406078
2019-02-21,2411.967588933968,2442.2433327281183,2385.728610979038,2414.3896484375,17675000,0.0,0.0,0.007750516086259429
2019-02-22,2439.820663386093,2447.894193046537,2409.1412506764073,2424.48095703125,15939000,0.0,0.0,0.004179652029356884
2019-02-25,2480.99625487315,2527.0153848854407,2432.555065386528,2447.894775390625,29254000,0.0,0.0,0.009657249850312244
2019-02-26,2491.491653547547,2492.299006643317,2438.2063492266984,2460.0048828125,12347000,0.0,0.0,0.0049471519542512166
2019-02-27,2464.041417097231,2537.5105419189376,2464.041417097231,2529.43701171875,19561000,0.0,0.0,0.02822438662270832
2019-02-28,2527.015128217138,2530.244540521569,2443.857761378044,2457.582763671875,20045000,0.0,0.0,-0.028407209870804473
2019-03-01,2477.7665132008237,2509.2532821857803,2463.23415828469,2493.91357421875,14657000,0.0,0.0,0.014783148337430996
2019-03-04,2488.2623470908716,2512.4829409950657,2451.9314562345803,2454.353515625,18281000,0.0,0.0,-0.01586264215516875
2019-03-05,2433.362477798085,2468.078664442185,2425.288946020387,2450.31689453125,17061000,0.0,0.0,-0.0016446779439277526
2019-03-06,2461.619345882224,2520.556116052576,2448.7016976257087,2509.253173828125,21722000,0.0,0.0,0.024052513137550635
2019-03-07,2489.877214566929,2508.446337762467,2456.775734087926,2460.8125,15341000,0.0,0.0,-0.019304817199543023
2019-03-08,2426.903881263958,2435.7847670570063,2374.022243132624,2395.013427734375,20216000,0.0,0.0,-0.02673875895283573
2019-03-11,2395.012891747486,2409.1415705290738,2351.415825792871,2388.150390625,15009000,0.0,0.0,-0.002865552664507276
2019-03-12,2410.352701729865,2490.6843359024065,2407.5269658544494,2471.307861328125,34242000,0.0,0.0,0.03482086849704724
2019-03-13,2472.114966320829,2485.0326147405326,2435.784080140412,2480.995849609375,18796000,0.0,0.0,0.0039201867289992975
2019-03-14,2503.60214330024,2551.2359796287515,2441.4359501257422,2447.894775390625,25215000,0.0,0.0,-0.013341849896267077
2019-03-15,2465.656370460508,2514.9049096216377,2452.7387208444734,2510.060791015625,24550000,0.0,0.0,0.02539570583260864
2019-03-18,2530.244864259341,2583.5301741001567,2497.1433839036827,2579.493408203125,20190000,0.0,0.0,0.02766172733187311
2019-03-19,2569.804411764706,2571.419117647059,2527.014705882353,2539.125,15981000,0.0,0.0,-0.01564974272651687
2019-03-20,2472.1154445538054,2488.2625082020995,2426.096313156168,2460.8125,29347000,0.0,0.0,-0.03084231772756363
2019-03-22,2477.766621523183,2493.9136832470226,2448.701910420272,2478.573974609375,19531000,0.0,0.0,0.007217727725852718
2019-03-25,2419.637741088867,2461.6201109709564,2416.408328021014,2441.436279296875,11456000,0.0,0.0,-0.014983492803902654
2019-03-26,2502.7941650085068,2625.511814389569,2485.839752922965,2580.300048828125,34048000,0.0,0.0,0.056877900401825165
2019-03-27,2619.84514775167,2628.9075051809996,2567.942555201873,2590.1865234375,17635000,64.0,0.0,0.003831521304611396
2019-03-28,2582.7720054096544,2604.192124114806,2549.8179766324974,2597.601318359375,14854000,0.0,0.0,0.002862649023451347
2019-03-29,2619.845662280181,2656.095099116762,2590.1870321411598,2600.0732421875,17028000,0.0,0.0,0.0009516178678590226
2019-04-01,2661.038029750039,2707.997524392687,2620.669341373026,2634.6748046875,14488000,0.0,0.0,0.013307918384210193
2019-04-02,2636.3224144634523,2650.3278772902895,2601.72068277362,2648.68017578125,15254000,0.0,0.0,0.0053157873862961225
2019-04-03,2636.322337962963,2676.691023763021,2631.3792335792823,2669.2763671875,11806000,0.0,0.0,0.00777602052319315
2019-04-04,2677.5150058082145,2698.1112750836623,2653.623333448695,2673.395751953125,12091000,0.0,0.0,0.0015432589956825282
2019-04-05,2682.458002813535,2755.7807184924063,2681.6341520755705,2736.00830078125,22414000,0.0,0.0,0.02342060608960783
2019-04-08,2720.354894239721,2750.8373688269016,2666.8046010460257,2682.457763671875,19475000,0.0,0.0,-0.019572505351714065
2019-04-09,2702.2304205246915,2750.0137633266527,2690.6965101931837,2736.00830078125,14797000,0.0,0.0,0.019963235893068587
2019-04-10,2689.0488638093784,2737.6560583451487,2681.6342070157866,2705.52587890625,13190000,0.0,0.0,-0.011141202264004835
2019-04-11,2690.6961065122327,2726.945533544241,2690.6961065122327,2717.059326171875,10475000,0.0,0.0,0.004262922545131165
2019-04-12,2725.2983190936106,2776.377066307578,2703.0543485326893,2772.2578125,18836000,0.0,0.0,0.020315524875158086
2019-04-15,2798.6212688076594,2839.8138102973217,2775.5534455734482,2824.16064453125,18482000,0.0,0.0,0.018722224100955698
2019-04-16,2801.9164615394207,2856.290612219104,2801.9164615394207,2838.98974609375,16845000,0.0,0.0,0.00525079959286856
2019-04-17,2846.4045891007436,2887.597130187585,2838.1660808833753,2869.472412109375,18440000,0.0,0.0,0.01073715255842922
2019-04-18,2899.1307071335973,2899.954557860262,2820.041037373772,2829.92724609375,19259000,0.0,0.0,-0.013781336892712992
2019-04-19,3241.85238896584,3323.4136053591355,3145.4618605010364,3229.49462890625,89192000,0.0,0.0,0.14119351773584898
2019-04-22,3246.7956202970004,3259.1533808411405,3125.6895669644305,3176.768310546875,41678000,0.0,0.0,-0.016326492042264884
2019-04-23,3156.996259794525,3161.939364585435,3049.07180519299,3062.25341796875,33399000,0.0,0.0,-0.036047606052331704
2019-04-24,3062.2532010690793,3139.6951706414475,3051.5431414473687,3130.6328125,31501000,0.0,0.0,0.022329763477448417
2019-04-25,3171.0012244435293,3195.71674450934,3156.171912404043,3172.64892578125,32273000,0.0,0.0,0.013420964960658477
2019-04-26,3011.174455180921,3153.7006332236842,3009.526753700658,3130.6328125,47169000,0.0,0.0,-0.013243228060887291
2019-05-07,3161.9392476847966,3175.944710741243,3041.657035552962,3066.37255859375,26992000,0.0,0.0,-0.020526282625567438
2019-05-08,2983.1639726157464,3077.082970925107,2974.9254639921182,3058.958251953125,17320000,0.0,0.0,-0.002417940579283462
2019-05-09,3065.548872490054,3092.73594929526,3026.827884312942,3028.4755859375,14776000,0.0,0.0,-0.009965048066988835
2019-05-10,3047.423707902238,3083.6731383287583,3007.0550240181587,3048.24755859375,17966000,0.0,0.0,0.006528688145303052
2019-05-13,3063.9010880659257,3069.6680435960307,3021.0608469851436,3047.424072265625,11445000,0.0,0.0,-0.00027015073818503765
2019-05-14,2989.7541631186477,3061.4291733670143,2972.4532985759383,3049.895263671875,16845000,0.0,0.0,0.0008109115592871419
2019-05-15,3078.730231788062,3091.087992953923,3049.8954557343877,3082.025634765625,11240000,0.0,0.0,0.010534909666067405
2019-05-16,3094.3834233811517,3108.3888861600335,3016.117601969754,3038.361572265625,14981000,0.0,0.0,-0.014167326192054963
2019-05-17,3081.2013493611535,3128.160835166925,3065.5481874258962,3105.093017578125,15952000,0.0,0.0,0.02196297041195794
2019-05-20,3105.0933564102984,3154.5243994945695,3103.4456549741562,3147.93359375,13014000,0.0,0.0,0.013796873694073453
2019-05-21,3130.632320361868,3138.8708264680836,3105.9168020432217,3128.984619140625,13884000,0.0,0.0,-0.006019496296553628
2019-05-22,3147.1096339370265,3175.120557380445,3138.871127041903,3153.700439453125,13792000,0.0,0.0,0.007898990669787276
2019-05-23,3156.172176778795,3211.370176216064,3151.2290723515766,3182.535400390625,18371000,0.0,0.0,0.009143214928333476
2019-05-24,3157.8200774802885,3219.60888671875,3142.166912473212,3219.60888671875,15886000,0.0,0.0,0.011649041303224639
2019-05-27,3221.256156781524,3229.4946635763617,3163.5866092176607,3190.773681640625,12033000,0.0,0.0,-0.008956120476954044
2019-05-28,3206.4269148715166,3229.494734402966,3196.540706500895,3222.080078125,11179000,0.0,0.0,0.009811537767316025
2019-05-29,3202.307024883294,3222.9032882283113,3170.176854065067,3209.7216796875,17697000,0.0,0.0,-0.0038355342318777685
2019-05-30,3187.478832054138,3189.950384521484,3140.51933517456,3163.587158203125,14204000,0.0,0.0,-0.01437337130391525
2019-05-31,3155.348217710352,3223.727826605903,3148.7574120336726,3188.30224609375,15492000,0.0,0.0,0.007812361934312229
2019-06-03,3171.824954974689,3221.2559932340346,3145.4617345697043,3173.47265625,15010000,0.0,0.0,-0.004651249693130244
2019-06-04,3194.8927281758383,3200.659682558827,3097.6783542911685,3101.797607421875,16672000,0.0,0.0,-0.0225856834426994
2019-06-05,3138.8715759859833,3194.069580078125,3129.8092171051835,3194.069580078125,14590000,0.0,0.0,0.029747902453552966
2019-06-06,3203.1320288199845,3221.2567470900563,3174.297249753961,3178.41650390625,11280000,0.0,0.0,-0.0049006684981145465
2019-06-07,3195.7171049973063,3236.0857923251915,3185.0070450939897,3225.375732421875,13546000,0.0,0.0,0.01477440997991053
2019-06-10,3245.971735034241,3278.1019121069153,3221.2562142091074,3270.687255859375,12957000,0.0,0.0,0.014048448055841378
2019-06-11,3272.335018980585,3278.9258246582904,3234.4378863337806,3243.500244140625,10114000,0.0,0.0,-0.008312323861000448
2019-06-12,3188.301863105376,3203.955024707185,3122.3938142556526,3128.984619140625,24382000,0.0,0.0,-0.035306186644157744
2019-06-13,3079.554567094728,3086.9692249609275,3049.072084755909,3080.37841796875,17528000,0.0,0.0,-0.015534177085608225
2019-06-14,3112.507650172802,3122.393857637618,3082.0251771562876,3095.206787109375,11269000,0.0,0.0,0.004813814125604443
2019-06-17,3098.5026568627964,3121.5704777594087,3072.139432980954,3085.321044921875,8988000,0.0,0.0,-0.003193887474229884
2019-06-18,3095.2074201912715,3133.928407348309,3087.792763076094,3105.91748046875,12075000,0.0,0.0,0.006675621514582675
2019-06-19,3138.047319161782,3138.047319161782,3087.7924264159515,3118.27490234375,11761000,0.0,0.0,0.0039786703776607535
2019-06-20,3147.109685240939,3185.0068175763013,3140.518879617398,3176.768310546875,13464000,0.0,0.0,0.018758258984530318
2019-06-21,3171.825033742288,3183.358942955896,3141.342559392037,3154.524169921875,10943000,0.0,0.0,-0.007002128720293932
2019-06-24,3154.5243885285263,3156.172089958941,3099.3263906096413,3142.990478515625,9335000,0.0,0.0,-0.0036562380837728004
2019-06-25,3141.3427770852104,3174.2968056935,3125.689613496273,3142.990478515625,11175000,0.0,0.0,0.0
2019-06-26,3133.1040453303717,3154.5241623902166,3098.502317772161,3151.228759765625,12864000,0.0,0.0,0.0026211601041472576
2019-06-27,3159.4673546538734,3248.443228005273,3152.0526985412566,3244.323974609375,21335000,0.0,0.0,0.029542512442249258
2019-06-28,3229.4950462142315,3258.3298234125728,3214.665732226513,3253.38671875,14552000,0.0,0.0,0.002793415272812405
2019-07-01,3284.692417376229,3320.1179939870085,3278.101612425386,3299.521728515625,14208000,0.0,0.0,0.014180610469618715
2019-07-02,3311.8801163700487,3328.3571318743775,3291.283846989638,3306.93701171875,13130000,0.0,0.0,0.002247381230752188
2019-07-03,3304.4653019193706,3346.481689453125,3300.346048239591,3346.481689453125,15340000,0.0,0.0,0.011958098262603967
2019-07-04,3346.4818026472376,3365.4303702151565,3330.0047873707863,3342.362548828125,10351000,0.0,0.0,-0.001230886945529086
2019-07-05,3351.424939129601,3369.549656106212,3344.0102821846244,3357.19189453125,7860000,0.0,0.0,0.004436785503213692
2019-07-08,3364.6062625836985,3382.7309780040805,3330.8283838457132,3337.419189453125,10632000,0.0,0.0,-0.005889655908658087
2019-07-09,3329.180809619454,3344.833973535012,3301.169884717929,3339.890869140625,8964000,0.0,0.0,0.000740596115498704
2019-07-10,3322.5899053955077,3326.709158935547,3288.812026367187,3295.40283203125,12476000,0.0,0.0,-0.013320206812871715
2019-07-11,3394.2649761461835,3442.048318043387,3353.0724400279046,3432.162109375,28167000,0.0,0.0,0.04150001815087756
2019-07-12,3460.17315519958,3464.29240895577,3415.6852146327283,3431.33837890625,12878000,0.0,0.0,-0.00024000336886764728
2019-07-16,3417.3329090062484,3436.2814762451935,3400.855894015862,3428.04296875,8656000,0.0,0.0,-0.0009603862377748351
2019-07-17,3422.2759667614496,3422.2759667614496,3370.3733702506233,3406.622802734375,10251000,0.0,0.0,-0.006248511530016154
2019-07-18,3369.5492037259614,3383.5546649639423,3345.6575345552887,3373.66845703125,12249000,0.0,0.0,-0.009673611553552064
2019-07-19,3377.787998215207,3416.508982584991,3375.316446021391,3393.441162109375,8956000,0.0,0.0,0.005860891587291528
2019-07-22,3373.668564134971,3373.668564134971,3309.4082105324,3312.70361328125,13290000,0.0,0.0,-0.023792234776199295
2019-07-23,3333.300078956117,3343.18628779138,3291.28369140625,3291.28369140625,11754000,0.0,0.0,-0.006465994056674251
2019-07-24,3274.8066586981454,3297.0506284553403,3264.9204499171697,3283.045166015625,10525000,0.0,0.0,-0.0025031343886083857
2019-07-25,3292.107461977741,3333.2999977882732,3287.164357680477,3310.232177734375,9211000,0.0,0.0,0.008281034936764131
2019-07-26,3283.0451113237546,3318.470692198766,3259.9772912190956,3313.527587890625,8492000,0.0,0.0,0.0009955223619708686
2019-07-29,3328.357163686601,3364.6065981425936,3308.584744892423,3321.766357421875,8483000,0.0,0.0,0.002486404387082475
2019-07-30,3322.5901340241207,3344.8341046709475,3296.226909553808,3344.01025390625,8955000,0.0,0.0,0.006696406095713314
2019-07-31,3286.3409781819864,3311.8803540465246,3199.012789741954,3303.641845703125,25383000,0.0,0.0,-0.012071855388592012
2019-08-01,3330.8281933405224,3444.5195835658483,3325.0612387638757,3414.037109375,24020000,0.0,0.0,0.0334162323968199
2019-08-02,3364.606221592672,3376.1401312651246,3282.221152503723,3319.29443359375,22782000,0.0,0.0,-0.02775092148854652
2019-08-05,3278.101966545596,3283.0450707927116,3199.8361492995964,3240.204833984375,14997000,0.0,0.0,-0.023827232320498215
2019-08-06,3108.3890063614494,3213.841906656776,3102.622050876549,3208.074951171875,17920000,0.0,0.0,-0.009916003604312551
2019-08-07,3240.2046838734086,3248.4431905702645,3199.0121503891296,3227.846923828125,12316000,0.0,0.0,0.006163189126559443
2019-08-08,3245.9716647857326,3269.863334399638,3226.199248553535,3239.380859375,10533000,0.0,0.0,0.003573259766976866
2019-08-09,3261.624850073886,3281.3972664421035,3245.147836433705,3249.26708984375,10897000,0.0,0.0,0.003051888894181287
2019-08-13,3191.597964778663,3208.0749806009585,3158.6439331340716,3164.410888671875,11146000,0.0,0.0,-0.026115489686000415
2019-08-14,3229.494907349638,3303.6414741000126,3223.7279521579426,3301.169921875,17362000,0.0,0.0,0.04321784939266338
2019-08-15,3213.0179819666355,3288.812252310464,3194.069414380678,3287.16455078125,17142000,0.0,0.0,-0.004242547771002081
2019-08-16,3270.6872595473,3304.4651380464034,3266.5680060717996,3272.3349609375,9982000,0.0,0.0,-0.004511362183017398
2019-08-19,3320.118592102845,3323.41399517193,3288.8122629465406,3292.107666015625,8427000,0.0,0.0,0.006042384203987616
2019-08-20,3304.465558781203,3311.8802159811607,3283.045437981325,3296.22705078125,6485000,0.0,0.0,0.0012512910219035778
2019-08-21,3278.925980300771,3318.4708162440966,3268.21592056612,3314.3515625,8722000,0.0,0.0,0.005498562884026503
2019-08-22,3326.709192058588,3344.833907815222,3299.5221184236366,3310.232177734375,9490000,0.0,0.0,-0.0012428931234191865
2019-08-23,3313.5279633357736,3378.612177434114,3306.9371568448023,3376.140625,14005000,0.0,0.0,0.019910520992740377
2019-08-26,3311.8798129178963,3331.6522297114357,3269.0395765318935,3280.573486328125,14944000,0.0,0.0,-0.028306622646050217
2019-08-27,3311.879769992236,3324.237530328028,3291.283502765916,3315.9990234375,11068000,0.0,0.0,0.010798580570443583
2019-08-28,3340.7143173501395,3365.4298363440985,3319.294200888708,3324.2373046875,10297000,0.0,0.0,0.0024844040036717807
2019-08-29,3339.066952801748,3339.8908035179584,3303.64137200469,3310.232177734375,7020000,0.0,0.0,-0.0042130346510992345
2019-08-30,3333.2998953388715,3343.186103629545,3308.584374612187,3319.29443359375,8325000,0.0,0.0,0.002737649618758109
2019-09-02,3319.294328391995,3355.543757642243,3316.8227763976597,3326.708984375,10097000,0.0,0.0,0.0022337731495611912
2019-09-03,3328.356835407414,3348.1292522514186,3317.6467762835787,3339.06689453125,6652000,0.0,0.0,0.0037147553976897285
2019-09-04,3358.8391414493713,3441.2242074648084,3355.5437388087535,3425.571044921875,20651000,0.0,0.0,0.025906683850000833
2019-09-05,3406.622855067253,3422.276019334793,3362.1349145174026,3374.49267578125,21738000,0.0,0.0,-0.014910906377593403
2019-09-06,3410.742074411942,3456.8777159981905,3405.7989699562727,3414.861328125,13552000,0.0,0.0,0.011962880415617994
2019-09-09,3418.980418278341,3468.411460470317,3418.980418278341,3451.110595703125,11284000,0.0,0.0,0.010615150688425778
2019-09-10,3460.17303393543,3460.17303393543,3425.5713035960757,3432.162109375,9354000,0.0,0.0,-0.005490547405729962
2019-09-11,3412.390081594054,3424.7478438402904,3357.1920768941986,3386.02685546875,12872000,0.0,0.0,-0.013442038119420685
2019-09-12,3406.6224797383247,3442.0480581249626,3399.2078237969354,3425.571044921875,11300000,0.0,0.0,0.011678640229700887
2019-09-13,3434.6334059495193,3437.92880859375,3404.9747821514425,3427.21875,11289000,0.0,0.0,0.00048100157799013665
2019-09-17,3418.980418278341,3458.525252031922,3409.0942098399455,3451.110595703125,10185000,0.0,0.0,0.006971205355107646
2019-09-18,3460.173044386943,3509.6040878781846,3455.2299400378183,3492.30322265625,11931000,0.0,0.0,0.011936049515310465
2019-09-19,3517.0188799016723,3539.2628503297224,3484.888700394489,3498.0703125,11629000,0.0,0.0,0.001651371452036532
2019-09-20,3532.6719880924584,3537.615092553409,3494.77485389184,3528.552734375,15045000,0.0,0.0,0.008714067800773995
2019-09-24,3507.955888199159,3518.665946101129,3465.115656591278,3489.00732421875,13314000,0.0,0.0,-0.011207260634367278
2019-09-25,3415.6848830197664,3418.980285704783,3329.180562538079,3338.242919921875,27530000,0.0,0.0,-0.043211260478117186
2019-09-26,3365.430018344772,3399.207896129873,3339.0667966588403,3349.77685546875,18908000,0.0,0.0,0.0034550917424382988
2019-09-27,3382.1218288321493,3397.050272412085,3334.019066185689,3348.947509765625,14214000,27.0,0.0,-0.00024758237306798936
2019-09-30,3308.309409321218,3324.896571062613,3296.6983961022415,3319.091064453125,9973000,0.0,0.0,-0.008915172670051597
2019-10-01,3342.313195430871,3411.979276923723,3324.067316944648,3393.7333984375,15568000,0.0,0.0,0.022488787603263116
2019-10-02,3352.2649364499225,3415.296142578125,3352.2649364499225,3415.296142578125,9678000,0.0,0.0,0.0063536941795583335
2019-10-03,3374.6577167129426,3377.9751487274057,3344.8008285827714,3358.070556640625,11620000,0.0,0.0,-0.016755673168155183
2019-10-04,3383.7803099066386,3408.6610474794816,3368.8518673629333,3397.87939453125,11175000,0.0,0.0,0.01185467583815436
2019-10-07,3392.904433898246,3392.904433898246,3351.4365234375,3351.4365234375,8868000,0.0,0.0,-0.013668192923061984
2019-10-08,3358.9000575589816,3383.7807987260853,3333.189958352975,3381.292724609375,10160000,0.0,0.0,0.008908478786061602
2019-10-09,3350.6060896994986,3399.538208336199,3350.6060896994986,3391.24462890625,9947000,0.0,0.0,0.0029432247094267616
2019-10-10,3383.7806441919975,3398.7090882104917,3329.8723741252134,3342.312744140625,12002000,0.0,0.0,-0.014428886771700289
2019-10-11,3348.947896459392,3349.7772545318185,3260.206582709725,3306.650634765625,15560000,0.0,0.0,-0.010669890014786576
2019-10-15,3317.4319446606473,3335.6778203562812,3293.3805630618576,3329.872314453125,8917000,0.0,0.0,0.007022719438017022
2019-10-16,3337.3365240211033,3369.6814853622623,3321.578722342077,3330.70166015625,10055000,0.0,0.0,0.00024906231374854926
2019-10-17,3282.5990289628535,3285.9164610285056,3239.472412109375,3239.472412109375,16686000,0.0,0.0,-0.02739039918771813
2019-10-18,3213.762134630055,3256.0593911116375,3188.052037553014,3202.151123046875,14162000,0.0,0.0,-0.011520792374397293
2019-10-21,3196.3459349160994,3209.615663758512,3167.318403073322,3197.17529296875,8080000,0.0,0.0,-0.0015539023259434348
2019-10-23,3184.734977696143,3192.199200300118,3154.8780872802413,3160.68359375,9897000,0.0,0.0,-0.011413731145427874
2019-10-24,3174.7824872714223,3180.587993387122,3140.77880859375,3140.77880859375,9437000,0.0,0.0,-0.006297620298219675
2019-10-25,3085.2115123238837,3103.4573868591324,3043.743615652864,3046.231689453125,18905000,0.0,0.0,-0.03010308108356008
2019-10-28,3064.477697338432,3094.334584240782,3052.866685765296,3070.283203125,11101000,0.0,0.0,0.007895497166268584
2019-10-29,3098.4816471371396,3169.8064388003604,3097.652289094544,3134.14404296875,16070000,0.0,0.0,0.020799657757548662
2019-10-30,3126.679691940074,3192.198974609375,3092.6760135927148,3192.198974609375,22681000,0.0,0.0,0.01852337698736828
2019-10-31,3227.8612077615226,3237.8135033661315,3162.3419283645135,3202.98046875,13268000,0.0,0.0,0.003377450536880877
2019-11-01,3331.531079572195,3441.835693359375,3331.531079572195,3441.835693359375,42383000,0.0,0.0,0.0745728008458919
2019-11-05,3545.5053956620786,3572.044851255339,3508.184286234057,3543.8466796875,27359000,0.0,0.0,0.029638540423339688
2019-11-06,3560.4339924956694,3568.7275727251026,3459.252313696584,3500.72021484375,18614000,0.0,0.0,-0.012169393526797023
2019-11-07,3459.252570626395,3513.990204206194,3438.5186185128346,3483.303955078125,12430000,0.0,0.0,-0.004975050474407161
2019-11-08,3509.8432174988084,3515.6487237659376,3466.7165995144182,3479.986328125,10212000,0.0,0.0,-0.0009524368231742519
2019-11-11,3499.8909210408724,3527.2597363001964,3468.375315590741,3479.986328125,10462000,0.0,0.0,0.0
2019-11-12,3491.5972988221356,3522.2835458664154,3486.6211506527925,3515.648681640625,10152000,0.0,0.0,0.010247842995072753
2019-11-13,3510.6727220007174,3524.771809237668,3470.863534508151,3486.621337890625,10573000,0.0,0.0,-0.008256611049217266
2019-11-14,3506.525750497278,3509.8431826169535,3463.399132941493,3465.88720703125,9383000,0.0,0.0,-0.005946768762655208
2019-11-15,3450.1292999031007,3457.5935219461603,3421.101769735647,3423.58984375,9837000,0.0,0.0,-0.012203906461653258
2019-11-18,3436.859816971714,3504.037820150939,3429.395594396244,3489.109375,12727000,0.0,0.0,0.01913766959252161
2019-11-19,3499.8907094370124,3517.3072271853957,3485.7916236407023,3510.67236328125,9583000,0.0,0.0,0.006180083787499457
2019-11-20,3519.795489131225,3591.120279910039,3515.6486989696664,3563.75146484375,21032000,0.0,0.0,0.015119354946836916
2019-11-21,3586.1438490188957,3591.119996820494,3493.255756722384,3566.2392578125,17751000,0.0,0.0,0.0006980826225655434
2019-11-22,3510.6731670211384,3527.2603305789985,3439.348363722339,3441.007080078125,21075000,0.0,0.0,-0.03511603363684335
2019-11-25,3475.0097765937207,3509.0134522119406,3456.7639018717487,3507.354736328125,13783000,0.0,0.0,0.019281464613694954
2019-11-26,3524.7716298961145,3564.5808153631765,3518.966123682168,3531.406494140625,12642000,0.0,0.0,0.00685752073018997
2019-11-27,3521.4540155708105,3538.0411753238523,3491.597128015335,3527.259521484375,8725000,0.0,0.0,-0.0011743118961611287
2019-11-28,3545.5055806602095,3555.457877026975,3523.112913834987,3531.406494140625,6635000,0.0,0.0,0.0011756925258805673
2019-11-29,3541.3583379067663,3549.6519171524496,3510.672094697738,3512.330810546875,5384000,0.0,0.0,-0.005401724107774286
2019-12-02,3534.723846237931,3598.5844131455615,3529.7476981672066,3586.14404296875,16133000,0.0,0.0,0.021015455662726223
2019-12-03,3611.85418974792,3690.6432019238214,3608.5367576563026,3681.520263671875,22851000,0.0,0.0,0.026595758441473105
2019-12-04,3700.59570345921,3722.15901325077,3595.26722870813,3635.076416015625,25192000,0.0,0.0,-0.012615399163911634
2019-12-05,3690.6428494296233,3692.3015653170073,3604.38962328565,3622.635498046875,15024000,0.0,0.0,-0.0034224639443443117
2019-12-06,3608.5368011307237,3632.588184084709,3585.3147762096346,3629.270751953125,11906000,0.0,0.0,0.0018316095863983861
2019-12-09,3674.056165774734,3738.74609375,3669.080017468944,3738.74609375,21218000,0.0,0.0,0.030164556264632436
2019-12-10,3740.404685330797,3897.9827097682364,3737.916611260732,3845.733154296875,32821000,0.0,0.0,0.028615759900284088
2019-12-11,3822.5114197391163,3877.2490534346643,3786.019663942084,3793.48388671875,18081000,0.0,0.0,-0.013586295637737167
2019-12-12,3796.800425513114,3843.2444674154153,3710.547204837412,3721.328857421875,19524000,0.0,0.0,-0.01902078180679634
2019-12-13,3765.2854918414755,3770.261640068579,3722.158873873247,3726.3056640625,17645000,0.0,0.0,0.001337373511265838
2019-12-16,3731.281648541042,3805.9238686718923,3731.281648541042,3770.261474609375,15920000,0.0,0.0,0.01179608290613321
2019-12-17,3798.4603093420474,3813.3887559726495,3757.8217601809642,3775.23828125,10829000,0.0,0.0,0.0013200163103119777
2019-12-18,3729.6233854898173,3740.405040818118,3669.9096021330756,3690.6435546875,13997000,0.0,0.0,-0.022407784690742782
2019-12-19,3670.7382092139965,3690.6427995938284,3621.80609119691,3625.952880859375,13087000,0.0,0.0,-0.01752829089819885
2019-12-20,3567.89797261556,3620.976882482458,3562.0924668488683,3582.826416015625,15324000,0.0,0.0,-0.011893829363146313
2019-12-23,3596.0965591409504,3624.2947332670556,3568.7277430773775,3587.802978515625,7955000,0.0,0.0,0.0013890046354894103
2019-12-24,3606.0488558913403,3611.854362329068,3571.215817264975,3587.802978515625,6380000,0.0,0.0,0.0
2019-12-25,3601.901929437111,3610.1955097489626,3588.632200938149,3596.92578125,4753000,0.0,0.0,0.002542726785446092
2019-12-26,3605.2198711408405,3624.295108554284,3594.4382152115027,3611.854736328125,6470000,0.0,0.0,0.0041504762639101855
2019-12-27,3626.7823726233487,3650.8337535531628,3613.512645213796,3633.417236328125,6380000,0.0,0.0,0.005969924477616351
2019-12-30,3633.4172841346017,3650.833801588796,3607.7071869403144,3646.68701171875,6213000,0.0,0.0,0.0036521474214272764
2020-01-06,3567.068690969836,3573.7035548451577,3525.600791749075,3544.676025390625,11546000,0.0,0.0,-0.027973606180160093
2020-01-07,3569.557008143631,3607.707478026207,3557.116637529747,3561.263427734375,11676000,0.0,0.0,0.004679525639278204
2020-01-08,3524.7717995133676,3552.9699739094744,3450.9589312412054,3536.3828125,14844000,0.0,0.0,-0.006986457401777724
2020-01-09,3611.853723240207,3616.000512819128,3579.5087645246226,3597.754638671875,10308000,0.0,0.0,0.017354406868776984
2020-01-10,3584.4855678270314,3630.9296196082237,3577.850703286861,3602.7314453125,8263000,0.0,0.0,0.0013833090748129884
2020-01-14,3636.7346838491935,3644.1989055492263,3561.2631088821977,3582.826416015625,12035000,0.0,0.0,-0.005524982807911805
2020-01-15,3566.238928361534,3591.1196650710326,3556.2866336777342,3572.04443359375,7559000,0.0,0.0,-0.0030093510457772643
2020-01-16,3561.2629150163307,3569.5564942315527,3541.358324899798,3562.921630859375,6987000,0.0,0.0,-0.00255394435986811
2020-01-17,3580.338600728367,3585.314748887823,3557.9459340108165,3565.41015625,7636000,0.0,0.0,0.0006984507795713135
2020-01-20,3573.70373651576,3590.2908970472786,3564.580798223424,3565.41015625,8175000,0.0,0.0,0.0
2020-01-21,3566.239853807846,3586.973806446264,3562.922421385699,3575.36279296875,5628000,0.0,0.0,0.0027914422976844655
2020-01-22,3583.6558707141257,3595.2668825609203,3571.215500878275,3592.77880859375,7022000,0.0,0.0,0.004871118438456001
2020-01-23,3592.7787947966917,3612.6833864576156,3580.3384250086146,3610.1953125,8637000,0.0,0.0,0.004847641570527639
2020-01-24,3624.29443359375,3639.2228774849827,3608.53663170856,3624.29443359375,8406000,0.0,0.0,0.0039053624176323964
2020-01-27,3572.8743730653005,3575.3624471412513,3509.0138051158974,3516.47802734375,9721000,0.0,0.0,-0.02974824706586887
2020-01-28,3489.9385682585093,3538.0413336955326,3480.8156299859706,3533.065185546875,9758000,0.0,0.0,0.0047169804770981205
2020-01-29,3532.2359235099193,3555.4579488347085,3516.478120610955,3543.017578125,8152000,0.0,0.0,0.0028169286598045407
2020-01-30,3549.652510553436,3549.652510553436,3476.669000990655,3505.696533203125,11503000,0.0,0.0,-0.010533688896239068
2020-01-31,3410.3202559709957,3421.1019104767406,3331.5312422751676,3381.292724609375,25778000,0.0,0.0,-0.03548618866906983
2020-02-03,3207.1274629911104,3328.2137338979383,3151.5604756571556,3320.74951171875,26072000,0.0,0.0,-0.01790534503268104
2020-02-04,3317.4324929862846,3334.8490135744623,3287.5756005494077,3325.72607421875,12967000,0.0,0.0,0.0014986262837464182
2020-02-05,3378.804581099856,3393.7330254935227,3334.848605940727,3353.094482421875,9265000,0.0,0.0,0.008229303193455051
2020-02-06,3382.951524237374,3408.661624078354,3356.412066337007,3392.074462890625,13307000,0.0,0.0,0.011625076678601465
2020-02-07,3377.1457783564815,3391.2448643663192,3351.4356803385417,3358.89990234375,11869000,0.0,0.0,-0.009780021314332976
2020-02-10,3342.3128014971558,3387.098134321187,3341.483443481896,3371.34033203125,8999000,0.0,0.0,0.0037037214710742283
2020-02-12,3367.193408492049,3377.145704280695,3350.606248844305,3363.8759765625,7610000,0.0,0.0,-0.002214061688709079
2020-02-13,3350.606460134673,3356.4119663774804,3320.7495708859483,3333.18994140625,8786000,0.0,0.0,-0.009122225483356727
2020-02-14,3315.7731208035266,3319.919910599429,3275.9639387628636,3304.162109375,9340000,0.0,0.0,-0.008708724237600274
2020-02-17,3304.162400390625,3329.872499389648,3290.0633138427734,3317.43212890625,9282000,0.0,0.0,0.004016152686213026
2020-02-18,3309.1388082108806,3314.944314891952,3293.381004362257,3300.015869140625,6942000,0.0,0.0,-0.005249921954354253
2020-02-19,3310.7967165067103,3334.848095459289,3303.3324954524614,3321.578369140625,9187000,0.0,0.0,0.0065340594879064184
2020-02-20,3358.900399148613,3362.2178316415993,3319.0912092327776,3325.72607421875,7383000,0.0,0.0,0.0012487151038371724
2020-02-21,3317.432190628911,3321.578980867197,3305.82117796171,3313.285400390625,9155000,0.0,0.0,-0.0037407391801044243
2020-02-25,3159.8538392373503,3275.134596101915,3159.8538392373503,3253.5712890625,13012000,0.0,0.0,-0.0180226283317112
2020-02-26,3253.570884876917,3253.570884876917,3188.88097179499,3231.17822265625,11195000,0.0,0.0,-0.006882611265205285
2020-02-27,3199.6633229821286,3221.2266320535477,3151.5605565920396,3167.318359375,11113000,0.0,0.0,-0.019763646224612352
2020-02-28,3052.0375180934657,3089.3586290484127,2992.32374056555,3008.08154296875,22996000,0.0,0.0,-0.05027496397225817
2020-03-02,2993.9826616054274,3142.4377575686885,2977.3955000452866,3076.089111328125,21479000,0.0,0.0,0.02260828617440236
2020-03-03,3139.120192154594,3150.7312047543733,3042.0853011421536,3052.03759765625,18606000,0.0,0.0,-0.007818861158248591
2020-03-04,3021.3515233064177,3118.3864198825504,3021.3515233064177,3089.35888671875,10880000,0.0,0.0,0.01222831890772258
2020-03-05,3143.2670651206486,3165.659732866891,3102.628519951543,3144.92578125,12324000,0.0,0.0,0.017986545613115412
2020-03-06,3126.679801053779,3159.024764512956,3074.430244696647,3102.62841796875,12736000,0.0,0.0,-0.013449399516333949
2020-03-09,3025.4982387628725,3047.0615485786166,2955.0028028267857,2979.883544921875,20326000,0.0,0.0,-0.039561576995815195
2020-03-10,2902.7529334653045,3028.815346575798,2818.1584194043157,3001.446533203125,22550000,0.0,0.0,0.007236184889841235
2020-03-11,2990.664785354481,3057.01342174615,2936.75651828625,2941.732666015625,15064000,0.0,0.0,-0.019895029455605062
2020-03-12,2902.7533972146935,2932.6102893003304,2815.6707952982524,2887.824951171875,21183000,0.0,0.0,-0.018325157641453593
2020-03-13,2743.51667182091,2861.2855253271277,2643.9936970269227,2755.127685546875,31909000,0.0,0.0,-0.045950591835960064
2020-03-16,2811.523629404164,2891.141997670476,2731.0759031350767,2732.734619140625,21578000,0.0,0.0,-0.008127778078570347
2020-03-17,2695.413799460875,2932.610213813432,2670.533056696621,2892.801025390625,31907000,0.0,0.0,0.05857371042503079
2020-03-18,2932.609679711701,3012.228042056815,2923.486742359657,2945.050048828125,18542000,0.0,0.0,0.018061741190942948
2020-03-19,2945.0501368971177,3110.0923721104455,2945.0501368971177,3087.69970703125,24652000,0.0,0.0,0.048437091335642
2020-03-23,3101.798571909713,3187.222436323269,3077.7471926088087,3135.80224609375,19109000,0.0,0.0,0.01557876206451092
2020-03-24,3218.7382824514175,3225.373146213234,3164.830014386655,3202.151123046875,15137000,0.0,0.0,0.02115850163567412
2020-03-25,3275.963696461513,3287.57470703125,3232.00772787608,3287.57470703125,15109000,0.0,0.0,0.026676937065697848
2020-03-26,3253.5714069849414,3315.7732564684666,3222.0558032466215,3295.039306640625,14080000,0.0,0.0,0.0022705490443792886
2020-03-27,3317.4318823483914,3350.606201171875,3270.158478024927,3350.606201171875,16200000,0.0,0.0,0.01686380323878489
2020-03-30,3341.2947574841955,3469.9688905314715,3315.0520066653435,3464.8896484375,14802000,82.0,0.0,0.03410828978519009
2020-03-31,3518.2214001667267,3596.949646128109,3483.5132487213864,3522.4541015625,19260000,0.0,0.0,0.016613646887992273
2020-04-01,3538.5379811810935,3613.8800578138967,3513.9883157614163,3551.236083984375,19176000,0.0,0.0,0.008171002827008556
2020-04-02,3598.642980694165,3612.187626116679,3480.1273332471683,3498.751220703125,16756000,0.0,0.0,-0.014779322478150614
2020-04-03,3539.385008891196,3602.8755316529373,3513.9887997864994,3545.310791015625,12445000,0.0,0.0,0.013307482406006432
2020-04-06,3585.0985166011073,3657.0544490476464,3571.5538704935234,3633.351318359375,15371000,0.0,0.0,0.0248329504896605
2020-04-07,3661.286272321429,3682.449776785714,3586.790736607143,3656.20703125,17285000,0.0,0.0,0.006290532042727337
2020-04-08,3640.1234559603695,3694.302037630477,3614.7272458025063,3690.0693359375,16903000,0.0,0.0,0.009261593886253028
2020-04-09,3678.2172838163515,3701.92041015625,3644.3556747593543,3701.92041015625,12376000,0.0,0.0,0.003211612883078585
2020-04-10,3671.4450953760634,3767.1041444370494,3663.8262330614716,3756.09912109375,12912000,0.0,0.0,0.014635298692230236
2020-04-13,3767.1045302053362,3788.2680388019953,3733.2429164506816,3751.020263671875,8190000,0.0,0.0,-0.001352162777961019
2020-04-14,3774.72357950739,3851.7587545993774,3755.2531506379864,3850.065673828125,14177000,0.0,0.0,0.02640492537870065
2020-04-15,3893.238830448855,3972.813618459769,3885.619967766959,3955.8828125,17544000,0.0,0.0,0.027484502249194298
2020-04-16,3932.179784377078,3993.1306873857216,3925.407461820562,3978.739501953125,13856000,0.0,0.0,0.005777898521387215
2020-04-17,3978.739084312607,3987.204486619655,3900.0108428570597,3964.347900390625,17116000,0.0,0.0,-0.0036171258649718707
2020-04-20,3949.9578550452115,3962.655962166017,3877.1553742192605,3888.160400390625,11638000,0.0,0.0,-0.01921816700105783
2020-04-21,3835.6743387358615,3926.2541564901626,3831.441636971642,3896.625244140625,12297000,0.0,0.0,0.0021770819303519318
2020-04-22,3978.73971158771,3986.3585748652185,3911.86302281847,3977.046630859375,15970000,0.0,0.0,0.020638727534725065
2020-04-23,3995.6709482493034,4001.596731435266,3931.3338736588485,3949.957763671875,10244000,0.0,0.0,-0.006811302381346862
2020-04-24,3928.7939351096084,3977.8932775436433,3927.100854336021,3970.2744140625,8327000,0.0,0.0,0.005143510793325312
2020-04-27,3960.960903255681,3991.4363451272784,3954.1885828397703,3965.193603515625,8020000,0.0,0.0,-0.0012797126890975452
2020-04-28,3915.249093689995,3943.1849250611886,3889.006343007965,3912.70947265625,9245000,0.0,0.0,-0.01323620889856214
2020-04-30,3871.2288438615446,3876.3080857297205,3768.79746618666,3779.802490234375,17759000,0.0,0.0,-0.03396801713766073
2020-05-01,3792.500594904815,3830.594908916136,3769.6440064980225,3779.802490234375,10331000,0.0,0.0,0.0
2020-05-07,3818.7430526898897,3902.550537109375,3809.4311099766132,3902.550537109375,15079000,0.0,0.0,0.032474725119139514
2020-05-08,3838.2137764752047,3851.758421473794,3683.296899303841,3750.173583984375,24837000,0.0,0.0,-0.03904547850848994
2020-05-11,3756.099197849235,3756.945738123711,3648.588582990805,3694.3017578125,14318000,0.0,0.0,-0.01489846400990158
2020-05-12,3729.009931923687,3817.050121008832,3729.009931923687,3796.733154296875,13041000,0.0,0.0,0.02772686239497335
2020-05-13,3782.342591362847,3809.431884765625,3752.713676703559,3809.431884765625,8231000,0.0,0.0,0.0033446465560473815
2020-05-14,3760.3320268874245,3830.5948720543893,3759.485486584208,3789.9609375,8194000,0.0,0.0,-0.00511124699288934
2020-05-15,3784.035325591709,3817.050398902241,3762.871817059317,3810.278076171875,7967000,0.0,0.0,0.005360777856796783
2020-05-18,3824.668703637942,3838.2133471213874,3760.3316470915756,3771.336669921875,7225000,0.0,0.0,-0.010220095612843982
2020-05-19,3753.5599253655782,3761.1787885429103,3693.455560299959,3723.08447265625,11181000,0.0,0.0,-0.012794454987394288
2020-05-20,3741.7071708535964,3778.1083944614484,3737.4744704340787,3742.5537109375,8941000,0.0,0.0,0.005229330256737219
2020-05-21,3766.2574610805386,3828.05489750645,3752.712817480339,3814.51025390625,9868000,0.0,0.0,0.01922658925600973
2020-05-22,3814.510429831112,3828.0550740559897,3780.6488192689185,3799.272705078125,6281000,0.0,0.0,-0.003994627832634823
2020-05-25,3822.1295417819856,3830.594944975301,3760.3320984707816,3775.56982421875,5983000,0.0,0.0,-0.006238794290205463
2020-05-26,3777.262904857413,3785.7283080507286,3756.099396874124,3775.56982421875,6492000,0.0,0.0,0.0
2020-05-27,3750.1739720627834,3762.0255376629816,3717.1588964622306,3733.2431640625,8795000,0.0,0.0,-0.011210668091672371
2020-05-28,3715.4649135521763,3739.168038997485,3683.2963861621142,3712.92529296875,10093000,0.0,0.0,-0.0054424183480296096
2020-05-29,3740.861296892495,3763.717883227887,3684.989641405981,3685.836181640625,13496000,0.0,0.0,-0.007295894528075775
2020-06-01,3747.63375254574,3774.723041021336,3734.9356485728044,3763.718017578125,11297000,0.0,0.0,0.021130031856932296
2020-06-02,3736.628907136374,3753.5597132402995,3718.851560727252,3730.703125,7874000,0.0,0.0,-0.008771882596924518
2020-06-03,3720.5443939338907,3789.1141540951294,3712.925531693753,3778.109130859375,11349000,0.0,0.0,0.012706989613217923
2020-06-04,3808.5845408688388,3829.748046875,3779.802172700459,3829.748046875,11177000,0.0,0.0,0.01366792599870692
2020-06-05,3847.5255956285782,3890.699150166985,3843.2928942032445,3881.38720703125,9990000,0.0,0.0,0.013483696453187477
2020-06-08,3905.936990917774,3906.783531227899,3795.886750601495,3815.357177734375,10410000,0.0,0.0,-0.017011966540534718
2020-06-09,3797.5799333690543,3831.4415466848727,3780.649126711145,3826.3623046875,5946000,0.0,0.0,0.002884429016855483
2020-06-10,3830.594760539724,3858.5305897326107,3820.4362771968563,3838.213623046875,5763000,0.0,0.0,0.0030972807632085875
2020-06-11,3882.2335990242264,4002.442314912024,3879.6939782660334,3981.27880859375,22289000,0.0,0.0,0.03727389864071862
2020-06-12,3980.4324704161418,4060.0072582126363,3927.946972082284,4032.91796875,17439000,0.0,0.0,0.012970495822795636
2020-06-15,4022.759175570843,4081.170451478753,3966.8875203545813,3976.199462890625,12094000,0.0,0.0,-0.014063887809985576
2020-06-16,4057.467427156933,4082.017094460824,4000.7492302824253,4028.68505859375,9737000,0.0,0.0,0.013199940343276761
2020-06-17,4081.1709598483344,4145.508025384213,4074.398637160347,4126.03759765625,13768000,0.0,0.0,0.024164842286401367
2020-06-18,4190.375193129802,4247.939943257646,4177.677086483954,4242.01416015625,17523000,0.0,0.0,0.028108459934024665
2020-06-19,4247.093738401871,4276.72265625,4213.232118004008,4276.72265625,13190000,0.0,0.0,0.00818207926313752
2020-06-22,4250.478166769224,4283.493233191052,4234.393903640641,4245.39892578125,7142000,0.0,0.0,-0.007324237035332026
2020-06-23,4243.70627054354,4243.70627054354,4161.59186634591,4164.97802734375,11658000,0.0,0.0,-0.018943072216164203
2020-06-24,4120.958620561475,4187.835311404605,4102.334731972249,4181.06298828125,9114000,0.0,0.0,0.0038619557730916743
2020-06-25,4116.724958667553,4152.279646774491,4076.091029402482,4086.24951171875,9533000,0.0,0.0,-0.022676883086488964
2020-06-26,4065.085799371778,4118.4178288096,4042.2292153269973,4105.7197265625,7029000,0.0,0.0,0.004764813012008373
2020-06-29,4082.8640515838038,4109.106802070865,4051.5420590669883,4066.77978515625,6116000,0.0,0.0,-0.00948431554017748
2020-06-30,4076.938339668819,4087.9433642567956,4054.0817501399447,4064.240234375,6900000,0.0,0.0,-0.0006244623302494867
2020-07-01,4092.1761757371114,4098.948498742055,4032.9183494438557,4045.616455078125,5909000,0.0,0.0,-0.004582351982876598
2020-07-02,4105.720216360465,4144.66106789708,4057.467422065095,4087.94287109375,10114000,0.0,0.0,0.010462290848776812
2020-07-03,4107.4134877299075,4236.087611830268,4098.948084828568,4234.39453125,14071000,0.0,0.0,0.03582527074725639
2020-07-06,4228.469090141192,4275.028809852456,4197.147096880887,4269.10302734375,9091000,0.0,0.0,0.008196802597773889
2020-07-07,4291.960214358878,4394.391611979671,4275.02940483478,4364.7626953125,12216000,0.0,0.0,0.02240743953848079
2020-07-08,4346.984322167634,4346.984322167634,4201.37939453125,4201.37939453125,14132000,0.0,0.0,-0.037432344479280455
2020-07-09,4232.7006821185805,4238.626463073546,4187.834054888123,4203.07177734375,9922000,0.0,0.0,0.0004028159929339026
2020-07-10,4196.30009135714,4203.072413473513,4120.9580078125,4120.9580078125,8994000,0.0,0.0,-0.019536608909197395
2020-07-13,4129.4231305231815,4143.81431404489,4082.8634191294186,4131.1162109375,7804000,0.0,0.0,0.0024650101034133787
2020-07-14,4088.7894477447703,4131.963000919715,4038.8435725031673,4071.858642578125,8940000,0.0,0.0,-0.014344202712691878
2020-07-15,4097.255296012113,4131.116910028742,4061.700601294652,4123.498046875,8677000,0.0,0.0,0.012682022837654072
2020-07-16,4066.7796494600784,4092.175858761453,4029.531875818063,4042.22998046875,9865000,0.0,0.0,-0.019708525500051866
2020-07-17,4049.0018841610377,4067.6257690557777,4006.6748730366276,4033.76416015625,6561000,0.0,0.0,-0.0020943440510324818
2020-07-20,4013.447443771849,4027.838628446838,3954.1896245218954,3980.432373046875,8875000,0.0,0.0,-0.013221344875876229
2020-07-21,4045.6153741170747,4098.100863381619,4030.3776514273686,4052.3876953125,11847000,0.0,0.0,0.018077262850353604
2020-07-22,4021.0657439775914,4054.927350242666,3999.055699905293,4036.303466796875,8428000,0.0,0.0,-0.003969074462996214
2020-07-27,4036.304866776316,4067.626863435444,4000.750167865954,4021.067138671875,7823000,0.0,0.0,-0.003774822247716525
2020-07-28,4037.9981996887554,4065.934036290376,4001.596958056341,4003.2900390625,6781000,0.0,0.0,-0.004420990497374988
2020-07-29,3999.9023786124753,4012.6004814017215,3967.7338515463857,4001.595458984375,6538000,0.0,0.0,-0.0004232968537353221
2020-07-30,4006.6751188701605,4041.3832701217293,3998.2097161258753,4004.135498046875,5922000,0.0,0.0,0.000634756583601348
2020-07-31,3995.6695719611325,4010.060754741501,3915.2482564237794,3931.33251953125,9074000,0.0,0.0,-0.018181946777559466
2020-08-03,3894.0850605273313,3994.8233479627124,3882.2334972996396,3976.199462890625,9121000,0.0,0.0,0.011412655413011175
2020-08-04,4046.4624038827747,4109.952922772149,4015.986954815875,4028.68505859375,14680000,0.0,0.0,0.013199940343276761
2020-08-05,4121.804544496245,4172.596960324911,4089.636014471423,4156.5126953125,13651000,0.0,0.0,0.03172936947406102
2020-08-06,4190.374094510762,4190.374094510762,4123.497417042812,4164.13134765625,11131000,0.0,0.0,0.0018329433595480893
2020-08-07,4351.21687312661,4355.4495743650605,4242.0131811746005,4271.64208984375,26629000,0.0,0.0,0.02581828794810037
2020-08-11,4291.113013105141,4314.8161427888945,4205.61243817446,4236.087890625,13615000,0.0,0.0,-0.008323309507433652
2020-08-12,4251.32512389919,4287.72635454986,4223.38929572542,4271.64208984375,8215000,0.0,0.0,0.008393168446158894
2020-08-13,4305.504734039307,4341.905973434448,4247.93998336792,4334.287109375,10687000,0.0,0.0,0.014665325000002838
2020-08-14,4340.21212271425,4357.989469033149,4319.89515549265,4344.44482421875,6880000,0.0,0.0,0.0023435722155504823
2020-08-17,4346.984233867302,4418.093615687137,4344.4446130880215,4363.9150390625,8876000,0.0,0.0,0.004481634738507934
2020-08-18,4393.544212051036,4486.663646217821,4380.846107391929,4472.2724609375,13866000,0.0,0.0,0.024830323437799562
2020-08-19,4525.604353514893,4553.540182857578,4497.668524172209,4518.83203125,10003000,0.0,0.0,0.010410718649001893
2020-08-20,4528.990375454386,4543.3815598249885,4477.351419771635,4512.0595703125,8849000,0.0,0.0,-0.0014987193351434502
2020-08-21,4528.990364702354,4645.812919904022,4524.757663426931,4630.5751953125,15275000,0.0,0.0,0.02626641407391528
2020-08-24,4687.292833987101,4863.373186067527,4674.594731673609,4852.3681640625,21456000,0.0,0.0,0.04789749856011838
2020-08-25,4884.5367585236145,4888.769459354225,4725.387207292689,4743.16455078125,19800000,0.0,0.0,-0.022505220046992958
2020-08-26,4771.947328347031,4928.557272598264,4762.6353857158765,4870.14599609375,18960000,0.0,0.0,0.026771461110617567
2020-08-27,4891.3099965884285,4908.240803084062,4825.279851255459,4846.443359375,10452000,0.0,0.0,-0.004866925290897162
2020-08-28,4846.4435845957005,4882.844820252926,4728.7744739828095,4773.64111328125,17525000,0.0,0.0,-0.015021788287883475
2020-08-31,4832.898932235444,4842.2108762281905,4750.784517026679,4803.27001953125,11711000,0.0,0.0,0.006206772890313461
2020-09-01,4864.220344935409,4962.41901531698,4850.675700744848,4959.87939453125,17745000,0.0,0.0,0.03260474101251609
2020-09-02,5036.914759458963,5062.310968330185,4982.7361805336905,5041.1474609375,18835000,0.0,0.0,0.01638508922129356
2020-09-03,5045.3800138384,5189.291859870704,5011.5184030072705,5123.26171875,25739000,0.0,0.0,0.016288802985586326
2020-09-04,5029.29596318784,5097.019187738425,4990.3551090712535,5062.31103515625,16101000,0.0,0.0,-0.011896851447327772
2020-09-07,5019.137841258482,5091.940312897583,4973.4246613920695,4990.35546875,11570000,0.0,0.0,-0.014213975772436771
2020-09-08,4952.261261034489,4957.340503353498,4767.715456777135,4827.81982421875,17471000,0.0,0.0,-0.0325699532927185
2020-09-09,4748.24467277395,4937.023164845369,4740.625809865238,4899.775390625,17147000,0.0,0.0,0.014904360358537927
2020-09-10,4994.587820480581,5045.380238993944,4973.4243127666805,4997.12744140625,13220000,0.0,0.0,0.01986867621881583
2020-09-11,5036.915183659041,5044.534046962054,4962.419631362907,5014.05859375,11151000,0.0,0.0,0.003388177016151017
2020-09-14,4990.354769086234,5030.1421607990505,4959.032779865506,5015.7509765625,6418000,0.0,0.0,0.00033752753001525804
2020-09-15,5047.073310528891,5074.162600353937,5013.211698247583,5056.38525390625,8782000,0.0,0.0,0.008101334682209194
2020-09-16,5069.929338937536,5072.46895957818,5013.211144629837,5064.85009765625,7570000,0.0,0.0,0.001674089952592217
2020-09-17,5067.390075290353,5067.390075290353,4984.429128518142,4992.89453125,9525000,0.0,0.0,-0.014206850157233109
2020-09-18,5013.211283468122,5056.384835554726,4992.894317780308,5053.84521484375,8832000,0.0,0.0,0.012207484698958826
2020-09-23,5062.310889205251,5121.568708978557,5036.914680730977,5114.79638671875,11437000,0.0,0.0,0.012060355884264018
2020-09-24,5079.241566141084,5089.400049273366,5002.206402387944,5013.21142578125,9683000,0.0,0.0,-0.01986099802550867
2020-09-25,4994.587681148869,5055.538581664584,4986.122278299465,4996.28076171875,7834000,0.0,0.0,-0.0033772092625958816
2020-09-28,5058.924662021631,5106.3309172212985,5031.835373336106,5087.70703125,10699000,0.0,0.0,0.018298865474445147
2020-09-29,5191.537698005581,5257.611814162015,5148.63242777413,5227.578125,11108000,81.0,0.0,0.027491970919488073
2020-09-30,5182.957822190328,5203.552356583137,5119.4580078125,5119.4580078125,9574000,0.0,0.0,-0.020682640144665476
2020-10-02,5174.3749647632085,5208.699176801439,4971.004008436695,4994.1728515625,13448000,0.0,0.0,-0.024472347670165484
2020-10-05,4961.565919512857,4969.2888688860185,4861.167577661768,4884.33642578125,12509000,0.0,0.0,-0.021992916353883563
2020-10-06,4953.842871093751,4954.7009765625,4867.17421875,4921.23486328125,9664000,0.0,0.0,0.007554442258571159
2020-10-07,4944.403516435145,4964.998046875,4921.234669690308,4964.998046875,6868000,0.0,0.0,0.008892724043771949
2020-10-08,4965.856250770133,5012.193945178564,4943.545509017926,5005.3291015625,6916000,0.0,0.0,0.008123075640056765
2020-10-09,4994.17421922039,5019.059279762897,4962.424314390294,4988.16748046875,5619000,0.0,0.0,-0.003428669872754808
2020-10-12,5009.62011485958,5052.52539162268,4997.606637365911,5039.65380859375,5832000,0.0,0.0,0.010321691949317202
2020-10-13,5061.106248651657,5100.579101726932,5039.653611110746,5096.28857421875,5986000,0.0,0.0,0.011237828584262033
2020-10-14,5105.728128766174,5110.018656605474,5056.816111398162,5073.1201171875,5902000,0.0,0.0,-0.004546143079191989
2020-10-15,5067.112694528983,5071.40322178938,4985.592676581438,5026.78173828125,6271000,0.0,0.0,-0.009134098510551247
2020-10-16,4999.322068019466,5009.619332835161,4945.261427737073,4970.146484375,5873000,0.0,0.0,-0.01126670240622274
2020-10-19,4985.592968280499,5007.90371133993,4956.417381202782,4997.6064453125,4202000,0.0,0.0,0.005524980204069996
2020-10-20,4977.011817737461,4988.167189053079,4903.214745957215,4910.07958984375,7660000,0.0,0.0,-0.017513755119882624
2020-10-21,4908.362288194445,4943.544605295139,4822.551758680555,4826.84228515625,8964000,0.0,0.0,-0.016952333086345917
2020-10-22,4806.247751108578,4853.443542272829,4787.369434642877,4792.51806640625,8970000,0.0,0.0,-0.007111112549824883
2020-10-23,4722.154296875,4738.458300444076,4646.641017186648,4722.154296875,10594000,0.0,0.0,-0.014682004022994466
2020-10-26,4694.694243670158,4751.329195247975,4661.228135919631,4727.30224609375,5691000,0.0,0.0,0.0010901696334142397
2020-10-27,4742.748357926338,4893.77490234375,4735.883514998274,4893.77490234375,9750000,0.0,0.0,0.03521514969506323
2020-10-28,4952.126267899964,4997.605854141291,4853.444146810292,4931.53173828125,11477000,0.0,0.0,0.007715278428400474
2020-10-29,4933.24833984375,4985.5927734375,4892.9173828125,4985.5927734375,8240000,0.0,0.0,0.010962321247290907
2020-10-30,4995.032332650985,4995.032332650985,4874.897557428319,4889.4853515625,9851000,0.0,0.0,-0.019277030082971547
2020-11-02,4904.072463175844,4992.457321217334,4894.63330357918,4941.8291015625,8371000,0.0,0.0,0.010705370041301565
2020-11-04,4899.78262008204,4924.667680674401,4825.127438304958,4863.7421875,12933000,0.0,0.0,-0.015801217010481095
2020-11-05,4922.09277529248,5013.051951404928,4920.376564422434,4969.28857421875,12793000,0.0,0.0,0.021700654074553682
2020-11-06,5088.5652293409985,5173.517667402509,4956.416992356426,4960.70751953125,23818000,0.0,0.0,-0.0017268175432635369
2020-11-09,5005.329702869419,5041.370136183411,4852.5869140625,4852.5869140625,16415000,0.0,0.0,-0.02179540016077519
2020-11-10,4633.769335973662,4711.856930339144,4558.256057905944,4634.62744140625,25027000,0.0,0.0,-0.04491613988914178
2020-11-11,4402.938578413736,4497.330167504656,4393.499419504644,4434.6884765625,24495000,0.0,0.0,-0.04314024533179828
2020-11-12,4530.796875,4631.19521484375,4510.20234375,4625.1884765625,16456000,0.0,0.0,0.04295679414840525
2020-11-13,4703.27646720987,4711.857522614377,4622.614546407512,4674.958984375,12150000,0.0,0.0,0.010760752359542769
2020-11-16,4685.255560046898,4691.262297944394,4573.701856236257,4585.71533203125,10812000,0.0,0.0,-0.019089718785133103
2020-11-17,4608.883683768536,4671.525372265111,4527.363678190802,4564.26220703125,13487000,0.0,0.0,-0.004678250490201541
2020-11-18,4559.9731432472645,4577.1352551902355,4494.757117863976,4568.55419921875,10165000,0.0,0.0,0.000940347419323917
2020-11-19,4612.316508715488,4669.8095703125,4578.850398233646,4669.8095703125,11886000,0.0,0.0,0.02216354817702837
2020-11-20,4762.4853515625,4766.77587890625,4652.6478515625,4680.96533203125,10145000,0.0,0.0,0.0023889114857424953
2020-11-24,4730.735155504126,4731.593260919599,4656.079984357952,4718.7216796875,11975000,0.0,0.0,0.008065931913207702
2020-11-25,4709.282618178934,4797.667477813123,4685.255666045367,4733.3095703125,12413000,0.0,0.0,0.0030914920640046084
2020-11-26,4805.390909287818,4952.126953125,4776.215321624285,4952.126953125,18435000,0.0,0.0,0.04622925662520183
2020-11-27,4940.112410667775,5007.044626758115,4892.91661727074,4993.31494140625,15159000,0.0,0.0,0.008317231902800648
2020-11-30,5037.07842442863,5095.429588459489,5025.923054834495,5085.13232421875,16289000,0.0,0.0,0.01838806161636608
2020-12-01,5084.273994635971,5110.875259418031,4907.504299632593,4922.9501953125,15970000,0.0,0.0,-0.03189339402906621
2020-12-02,4931.532424238894,4968.430961604871,4874.039354389581,4892.0595703125,10685000,0.0,0.0,-0.006274819726881042
2020-12-03,4874.038076388889,4937.537868229167,4802.815336892361,4826.84228515625,10237000,0.0,0.0,-0.013331253272552468
2020-12-04,4848.296286112057,4908.363673727604,4814.830170154823,4885.19482421875,8806000,0.0,0.0,0.01208917458147507
2020-12-07,4916.9439484905115,4964.139745552812,4893.775102659928,4957.27490234375,11093000,0.0,0.0,0.014754801132527362
2020-12-08,4977.011427738054,5031.930174526888,4945.26152725076,5010.4775390625,10588000,0.0,0.0,0.010732234497142112
2020-12-09,5010.478315674035,5061.106543217239,4961.56629923399,5058.5322265625,10435000,0.0,0.0,0.009590839820228236
2020-12-10,5029.355958355178,5090.281444286456,5014.768165949097,5063.68017578125,10882000,0.0,0.0,0.0010176764698104357
2020-12-11,5096.2885711437275,5214.707130298102,5089.423727134777,5177.80859375,20538000,0.0,0.0,0.02253863079951368
2020-12-14,5198.402359285865,5363.158591207767,5198.402359285865,5339.98974609375,19353000,0.0,0.0,0.03132235373465031
2020-12-15,5398.342102110212,5427.517691280733,5272.2005842259005,5287.646484375,20100000,0.0,0.0,-0.009802127758211432
2020-12-16,5234.443641208997,5441.2470703125,5218.139636424903,5441.2470703125,21980000,0.0,0.0,0.0290489514364074
2020-12-17,5431.8076171875,5824.819921875001,5413.787402343751,5800.79296875,43133000,0.0,0.0,0.06607784829312124
2020-12-18,5795.64492907627,5812.807040207677,5622.307606649056,5725.2802734375,22597000,0.0,0.0,-0.01301765046939296
2020-12-21,5663.497081537356,5711.550996168582,5565.673041038075,5599.13916015625,12727000,0.0,0.0,-0.02203230361777797
2020-12-22,5618.01650390625,5670.360937500001,5479.8615234375,5526.19921875,13625000,0.0,0.0,-0.013026992064297027
2020-12-23,5526.199121214911,5584.550292060038,5484.151953988277,5533.06396484375,9146000,0.0,0.0,0.0012422183533409292
2020-12-24,5566.530567251106,5566.530567251106,5492.733491748779,5554.51708984375,6061000,0.0,0.0,0.003877259532206745
2020-12-25,5556.232519048028,5585.408102931832,5520.192091897446,5549.36767578125,5200000,0.0,0.0,-0.0009270678223163298
2020-12-28,5570.821088057832,5676.368068007172,5549.368449856747,5653.19921875,11893000,0.0,0.0,0.018710517852672748
2020-12-29,5688.380955756054,5717.55654068526,5625.739258702171,5651.482421875,8986000,0.0,0.0,-0.00030368589688223313
2020-12-30,5625.739355869285,5713.266112168654,5617.158301330131,5648.908203125,7847000,0.0,0.0,-0.0004554944274507422
2021-01-04,5661.779391328185,5671.218550665046,5570.820219536613,5624.880859375,7790000,0.0,0.0,-0.004253449142032073
2021-01-05,5593.989261802088,5673.793066273263,5543.361041761234,5671.21875,8744000,0.0,0.0,0.00823802170809862
2021-01-06,5710.6922958293935,5779.340738153413,5557.091406129399,5558.8076171875,15340000,0.0,0.0,-0.01982133607745251
2021-01-07,5547.65185546875,5611.151660156251,5515.901953125001,5556.23291015625,8888000,0.0,0.0,-0.0004631761357037911
2021-01-08,5518.476365603966,5609.435546875,5466.990036582626,5609.435546875,12218000,0.0,0.0,0.00957530715127164
2021-01-12,5603.429669157354,5710.69287109375,5548.510909765919,5710.69287109375,10818000,0.0,0.0,0.01805125014319131
2021-01-13,5660.9219731906205,5714.124514093731,5634.320702739065,5645.47607421875,10670000,0.0,0.0,-0.011420119825584218
2021-01-14,5636.036523823317,5689.239061045766,5618.01630960281,5647.19189453125,9202000,0.0,0.0,0.0003039283649319824
2021-01-15,5645.475096466951,5662.637203463355,5587.123932679179,5636.89404296875,8382000,0.0,0.0,-0.0018235349098855158
2021-01-18,5607.719433027541,5720.131253337657,5593.989745050732,5624.0234375,9633000,0.0,0.0,-0.00228327965199282
2021-01-19,5624.023047823983,5678.941795926017,5603.42851728572,5651.482421875,6873000,0.0,0.0,0.0048824448689008815
2021-01-20,5663.496193337647,5687.52314688514,5539.070898180987,5553.65869140625,9721000,0.0,0.0,-0.01730939303466772
2021-01-21,5535.639181940626,5540.78781550002,5381.180175158839,5385.470703125,15267000,0.0,0.0,-0.030284177985497096
2021-01-22,5325.403107949879,5488.44316442917,5272.200563204005,5485.0107421875,13584000,0.0,0.0,0.01848307131347693
2021-01-25,5460.983103973057,5468.706053051586,5321.1119151063685,5378.60498046875,12027000,0.0,0.0,-0.01939937161842531
2021-01-26,5407.779674625704,5415.502622431421,5309.955669086616,5337.4150390625,9022000,0.0,0.0,-0.007658108664946095
2021-01-27,5389.760253282348,5390.618358719903,5311.672658464851,5372.59814453125,7282000,0.0,0.0,0.006591787449778286
2021-01-28,5264.476856450698,5370.881930647908,5262.760645576549,5291.078125,15348000,0.0,0.0,-0.015173295552400323
2021-01-29,5319.39520120605,5320.253306578079,5174.375393333196,5198.40234375,10190000,0.0,0.0,-0.017515481544699396
2021-02-01,5258.470025892002,5388.902050032926,5201.835068041338,5375.17236328125,9960000,0.0,0.0,0.03400468217774244
2021-02-02,5491.016393808219,5521.908187866211,5251.604989858774,5354.57763671875,21011000,0.0,0.0,-0.0038314541693930115
2021-02-03,5440.388671875,5447.253515625001,5331.409277343751,5363.1591796875,9847000,0.0,0.0,0.0016026554381998181
2021-02-04,5264.476467032214,5352.86132051295,5261.044045537817,5284.212890625,7310000,0.0,0.0,-0.014720109252304492
2021-02-05,5298.800222939141,5443.820018514318,5286.786748749482,5438.67138671875,10909000,0.0,0.0,0.02923018040544556
2021-02-08,5462.6994140625,5481.577734375001,5393.19287109375,5444.67919921875,8772000,0.0,0.0,0.0011046470861746371
2021-02-09,5434.381933593751,5438.672460937501,5311.6728515625,5341.70654296875,10387000,0.0,0.0,-0.01891252955082745
2021-02-10,5376.889342645202,5534.780762856934,5355.436704029477,5521.9091796875,16028000,0.0,0.0,0.033735031168260265
2021-02-12,5654.914748036866,5749.306344741578,5648.049904640159,5692.67138671875,20415000,0.0,0.0,0.03092448670822101
2021-02-15,5715.8410156983155,5745.016604128543,5677.226266305368,5714.98291015625,10094000,0.0,0.0,0.0039193415396423514
2021-02-16,5744.1572425670365,5920.926945580005,5733.001872959422,5864.2919921875,17737000,0.0,0.0,0.026125901753075942
2021-02-17,5945.813088841141,5992.150786459472,5847.130955024322,5887.4619140625,10834000,0.0,0.0,0.003951017770920551
2021-02-18,5779.339852647253,5922.643454041773,5769.04258787639,5886.60302734375,11714000,0.0,0.0,-0.0001458840381962645
2021-02-19,5800.793452026904,5876.306739568082,5770.75975811848,5860.86083984375,9608000,0.0,0.0,-0.004373012309548563
2021-02-22,5886.603417150522,5909.77226441919,5784.488868077502,5837.69140625,9066000,0.0,0.0,-0.00395324752231585
2021-02-24,5766.468453680012,5789.6373001456905,5684.948438337809,5701.25244140625,13362000,0.0,0.0,-0.023372075594416453
2021-02-25,5720.989445882209,5902.049708831233,5720.131340370602,5866.00927734375,12360000,0.0,0.0,0.028898358322274387
2021-02-26,5765.610644531251,5792.2119140625,5556.23291015625,5556.23291015625,16885000,0.0,0.0,-0.05280870734111298
2021-03-01,5653.199419538551,5667.787214033414,5577.6861303886735,5600.85498046875,7160000,0.0,0.0,0.00803099348678038
2021-03-02,5648.0507930559315,5659.206165330275,5502.172847929905,5536.4970703125,8154000,0.0,0.0,-0.011490729608368389
2021-03-03,5529.631640625001,5555.374804687501,5408.638769531251,5440.388671875,8190000,0.0,0.0,-0.017359062457171226
2021-03-04,5337.416115006851,5342.564747915218,5236.159667808972,5244.74072265625,10697000,0.0,0.0,-0.035962127160175994
2021-03-05,5188.963674330968,5322.828125,5157.213772569724,5322.828125,11111000,0.0,0.0,0.014888705938584934
2021-03-08,5300.517682418083,5322.82842545562,5124.606054622112,5126.322265625,11306000,0.0,0.0,-0.036917566143468195
2021-03-09,5071.403222208057,5073.119433112358,4943.545509837668,5048.234375,14907000,0.0,0.0,-0.015232731494199125
2021-03-10,5164.078212890625,5164.936318276616,5053.382618097855,5062.82177734375,9444000,0.0,0.0,0.002889604812326141
2021-03-11,5086.849412558588,5126.322265625,5014.768550437312,5126.322265625,7660000,0.0,0.0,0.012542509113280698
2021-03-12,5167.5106479930955,5213.848338958162,5119.456746251545,5204.4091796875,9026000,0.0,0.0,0.015232540994568167
2021-03-15,5162.363072054528,5288.504589938839,5102.295682585808,5287.646484375,8793000,0.0,0.0,0.015993612687559278
2021-03-16,5363.159371501316,5508.179200906711,5345.997261512512,5460.9833984375,12953000,0.0,0.0,0.032781486919504
2021-03-17,5388.90234375,5485.01015625,5364.875390625,5448.9697265625,9127000,0.0,0.0,-0.002199909979297421
2021-03-18,5485.010451808121,5503.888773137873,5410.355272004099,5436.95654296875,8108000,0.0,0.0,-0.002204670643550899
2021-03-19,5343.42314290703,5379.46357521827,5286.788177846509,5365.73388671875,11669000,0.0,0.0,-0.013099728807306255
2021-03-22,5307.381269273852,5443.820011685257,5279.921899731934,5404.34716796875,7743000,0.0,0.0,0.007196272134474491
2021-03-23,5491.874413879337,5525.340523588914,5457.550198792591,5490.158203125,9906000,0.0,0.0,0.015878150031672034
2021-03-24,5526.198919934867,5587.124404921727,5414.64521502935,5418.07763671875,9248000,0.0,0.0,-0.013129050883310067
2021-03-25,5383.753514277153,5397.483201275628,5279.922756351183,5346.85498046875,8373000,0.0,0.0,-0.013145373880824152
2021-03-26,5394.910037618555,5533.92314817911,5382.038453307393,5513.32861328125,10090000,0.0,0.0,0.03113486964217338
2021-03-29,5510.753805346094,5572.5374045340295,5479.00390020785,5547.65234375,10230000,0.0,0.0,0.006225591267327468
2021-03-30,5594.145422910725,5626.603221350068,5558.1786732887485,5574.84619140625,7234000,141.0,0.0,0.004901865865276633
2021-03-31,5541.510877193592,5541.510877193592,5422.20654296875,5422.20654296875,8637000,0.0,0.0,-0.027380064524972436
2021-04-01,5522.211791448963,5610.8128066890495,5478.349902716247,5519.580078125,8751000,0.0,0.0,0.01795828587210857
2021-04-02,5580.9866404574295,5589.75901807525,5494.140102041007,5521.33447265625,5515000,0.0,0.0,0.000317849275926374
2021-04-05,5523.966517273469,5603.795158383821,5521.334803830271,5556.42431640625,5279000,0.0,0.0,0.0063553193387899665
2021-04-06,5568.7048806972025,5616.952953860143,5528.351946779107,5588.88134765625,8545000,0.0,0.0,0.005841352172145209
2021-04-07,5623.09447859522,5623.971716423393,5550.28373885678,5596.77734375,7588000,0.0,0.0,0.0014128043883165908
2021-04-08,5611.690398924877,5709.9410358921405,5587.127739683061,5680.9921875,10284000,0.0,0.0,0.015047024131493059
2021-04-09,5718.71378346063,5723.9772107808885,5664.325034484627,5688.8876953125,7099000,0.0,0.0,0.0013898114188350963
2021-04-12,5702.045526205157,5706.431715071469,5633.620979890696,5673.0966796875,6230000,0.0,0.0,-0.00277576504771071
2021-04-13,5691.518323309959,5775.733144370032,5683.623183835577,5738.88916015625,8696000,0.0,0.0,0.011597278203334671
2021-04-14,5789.768959242223,5802.927525058683,5735.380220534191,5780.99658203125,7391000,0.0,0.0,0.007337207724334771
2021-04-15,5735.381303308115,5735.381303308115,5645.903038863724,5688.8876953125,8831000,0.0,0.0,-0.015933046389449035
2021-04-16,5716.08076689806,5770.469503476893,5693.272587042419,5706.43115234375,6351000,0.0,0.0,0.0030838114532838468
2021-04-19,5688.009834791829,5688.009834791829,5575.723397584341,5623.09423828125,7715000,0.0,0.0,-0.014604033911505554
2021-04-20,5566.951043514398,5590.636463964271,5511.685062464697,5532.73876953125,5803000,0.0,0.0,-0.01606863853265561
2021-04-21,5495.8948970320735,5523.966507040856,5463.437097959418,5493.26318359375,5945000,0.0,0.0,-0.007134908692037256
2021-04-22,5501.157504552914,5513.438832102545,5445.014292897455,5479.2265625,7021000,0.0,0.0,-0.002555242780952538
2021-04-23,5482.7366529157325,5520.457881087793,5455.5422791172705,5475.71875,5368000,0.0,0.0,-0.0006402021270680569
2021-04-26,5459.050521098199,5473.0863251055225,5381.853599057923,5390.6259765625,6552000,0.0,0.0,-0.015540019004354422
2021-04-27,5407.294101242316,5472.209702068391,5350.273641057249,5351.15087890625,6670000,0.0,0.0,-0.007322915340051583
2021-04-28,5316.060942206325,5477.4726935868475,5311.674753310115,5460.80517578125,7658000,0.0,0.0,0.020491722127897294
2021-04-30,5480.104576851994,5526.598180593495,5435.365448723381,5499.40380859375,8566000,0.0,0.0,0.0070683043196058115
2021-05-06,5526.598164106882,5532.738828733667,5381.853926475511,5404.662109375,11429000,0.0,0.0,-0.017227630942594163
2021-05-07,5343.255444727953,5352.905060536852,5237.109670830057,5299.3935546875,16601000,0.0,0.0,-0.019477360944526012
2021-05-10,5259.9180767337675,5475.718584885286,5256.4091253817105,5458.173828125,11597000,0.0,0.0,0.02996197051586269
2021-05-11,5491.5087874995,5532.73896529702,5388.8719619184385,5480.98193359375,11089000,0.0,0.0,0.004178706319542869
2021-05-12,5488.877022596875,5542.388529449745,5386.240197977435,5413.4345703125,7904000,0.0,0.0,-0.012323952915670455
2021-05-13,5309.043125012995,5355.5367280575565,5261.672284175139,5273.95361328125,7838000,0.0,0.0,-0.025765704788632604
2021-05-14,5323.956830933573,5385.363484116198,5276.585984192691,5375.7138671875,7687000,0.0,0.0,0.019294870863101554
2021-05-17,5416.942894141311,5524.843133166311,5390.625762671798,5501.15771484375,7855000,0.0,0.0,0.023335291043286244
2021-05-18,5502.035096231603,5553.792122806486,5423.9609375,5423.9609375,9426000,0.0,0.0,-0.014032823879135514
2021-05-19,5411.68090878822,5519.581176543277,5395.013387752886,5490.63232421875,7021000,0.0,0.0,0.012292010854613622
2021-05-20,5466.945321848078,5522.211296699879,5416.942773172637,5498.52587890625,5855000,0.0,0.0,0.0014376403702507368
2021-05-21,5526.598487354179,5680.115112002907,5519.580584513094,5677.4833984375,13766000,0.0,0.0,0.03254645399010969
2021-05-24,5597.65411726262,5709.940549954928,5588.004501953125,5702.04541015625,10055000,0.0,0.0,0.004326214626274361
2021-05-25,5745.907292398174,5874.861242319172,5745.907292398174,5855.56201171875,13708000,0.0,0.0,0.026923075935007867
2021-05-26,5837.140434722968,5952.058588757941,5830.999770003543,5920.47802734375,12338000,0.0,0.0,0.01108621435399093
2021-05-27,5903.811156335008,5948.550289911988,5778.366134736804,5885.38916015625,26103000,0.0,0.0,-0.005926694943455879
2021-05-28,5960.83097358267,5991.534297214074,5906.442228864182,5962.58544921875,11464000,0.0,0.0,0.013116598913307964
2021-05-31,5965.217036327548,6000.306548305945,5891.529061172913,5938.89990234375,7335000,0.0,0.0,-0.003972361834764682
2021-06-01,5943.286489368986,5959.954008674965,5842.404135674899,5856.43994140625,6382000,0.0,0.0,-0.013884719778650911
2021-06-02,5908.196815731556,5919.600907580778,5829.245410621557,5891.529296875,7594000,0.0,0.0,0.005991584617928147
2021-06-03,5895.03744739368,5971.3571286322585,5878.3699308013465,5940.65380859375,7257000,0.0,0.0,0.008338159626025687
2021-06-04,5899.424444601696,5960.831093095691,5886.265877067269,5944.16357421875,4733000,0.0,0.0,0.0005908046046922966
2021-06-07,5965.216888579032,6061.713044129575,5928.372901914279,6016.0966796875,6966000,0.0,0.0,0.012101468031724627
2021-06-08,6048.554149279276,6058.203764310759,5988.024745899977,6012.58740234375,4830000,0.0,0.0,-0.0005833146524387711
2021-06-09,5979.252343981619,5998.551573965127,5904.6871372271535,5917.845703125,6282000,0.0,0.0,-0.015757226112308786
2021-06-10,5916.96972503412,5945.9185761721665,5861.703736497848,5885.38916015625,5110000,0.0,0.0,-0.005484519975167745
2021-06-11,5914.337766427774,5952.058995136821,5885.388916488273,5890.65234375,6160000,0.0,0.0,0.000894279622047911
2021-06-14,5883.632788491088,5908.195442148126,5688.886034496005,5709.0625,12967000,0.0,0.0,-0.03082677998179051
2021-06-15,5682.746140424495,5730.994216639892,5630.111875462243,5708.18603515625,8006000,0.0,0.0,-0.00015352167606330624
2021-06-16,5579.23213006423,5614.321640316206,5436.242375787426,5548.52880859375,23813000,0.0,0.0,-0.02796987091506553
2021-06-17,5502.035820312501,5626.603595581055,5501.158582458496,5614.322265625,8450000,0.0,0.0,0.01185782020800663
2021-06-18,5710.818523880169,5737.135659934916,5655.5525381652,5728.36328125,10540000,0.0,0.0,0.020312516850563123
2021-06-21,5695.905107785465,5750.293852076655,5637.130174438533,5678.3603515625,7652000,0.0,0.0,-0.008729008135913596
2021-06-22,5728.362994977422,5730.994708451378,5678.3604389722595,5718.71337890625,6140000,0.0,0.0,0.007106457647170217
2021-06-23,5658.183831489935,5698.5367704431965,5559.055959713444,5621.33984375,10258000,0.0,0.0,-0.017027175293557684
2021-06-24,5674.851722607126,5677.483436190032,5624.8491645319045,5650.2890625,4715000,0.0,0.0,0.005149878775286387
2021-06-25,5673.09716149085,5679.237826425199,5608.181560756302,5620.462890625,5768000,0.0,0.0,-0.0052786984072994425
2021-06-28,5645.025798497708,5682.747027609658,5628.358278657543,5657.30712890625,5091000,0.0,0.0,0.006555374352298804
2021-06-29,5693.272697519592,5719.589828632934,5625.725394328681,5666.95556640625,5725000,0.0,0.0,0.0017054823576221345
2021-06-30,5691.519121402042,5721.345208043175,5659.938559076138,5668.7109375,5201000,0.0,0.0,0.00030975557743140314
2021-07-01,5677.482539044334,5688.8866294348745,5608.180758978743,5659.060546875,5015000,0.0,0.0,-0.001702395964691017
2021-07-02,5642.393848330775,5715.20458984375,5595.900242304418,5715.20458984375,5319000,0.0,0.0,0.0099210889340553
2021-07-05,5716.959065542857,5780.997428560294,5695.02811930401,5715.20458984375,5372000,0.0,0.0,0.0
2021-07-06,5744.153495555442,5868.721271421183,5729.240451965881,5856.43994140625,9130000,0.0,0.0,0.024712212719993243
2021-07-07,5856.439696460364,5876.616166355299,5792.401335489481,5851.17626953125,9992000,0.0,0.0,-0.0008987835489927543
2021-07-08,5780.9969395063135,5791.5237928104225,5540.6337890625,5540.6337890625,16973000,0.0,0.0,-0.053073513113223725
2021-07-09,5587.127598251846,5656.429385072682,5475.718396653796,5552.0380859375,14101000,0.0,0.0,0.002058301867470913
2021-07-12,5614.321935812932,5625.726027245051,5544.142911615269,5589.75927734375,6719000,0.0,0.0,0.006794116110585113
2021-07-13,5583.618688652634,5616.953725599814,5527.475468531067,5556.42431640625,7984000,0.0,0.0,-0.005963577192422687
2021-07-14,5594.145911878129,5655.552562941554,5564.31982421875,5564.31982421875,8652000,0.0,0.0,0.0014209691994160334
2021-07-15,5526.598472932798,5561.687987046657,5502.913050905943,5551.1611328125,5364000,0.0,0.0,-0.002364833766200225
2021-07-16,5522.212521484375,5534.493851953125,5472.2099617187505,5482.73681640625,6319000,0.0,0.0,-0.012326126871331278
2021-07-19,5461.682396349578,5481.858865208563,5337.991869866235,5376.59033203125,9442000,0.0,0.0,-0.019360127602217392
2021-07-20,5288.866530596027,5312.551950454394,5232.723313153972,5260.794921875,13043000,0.0,0.0,-0.02153695985844306
2021-07-21,5322.202429799163,5323.07966771408,5224.829021243418,5247.63720703125,10712000,0.0,0.0,-0.0025010887212194577
2021-07-26,5329.219594258748,5341.500923364859,5258.163333001965,5273.95361328125,7908000,0.0,0.0,0.005014905796982161
2021-07-27,5262.549971299438,5320.4476706002815,5254.654830485686,5301.1484375,5031000,0.0,0.0,0.005156439781773159
2021-07-28,5263.426661773403,5271.321801766063,5170.439457415406,5191.4931640625,7505000,0.0,0.0,-0.020685192035334365
2021-07-29,5123.0678400719635,5165.175246976665,5104.645849551157,5150.26220703125,6834000,0.0,0.0,-0.007942022791567305
2021-07-30,5093.243068310893,5096.752019787511,4944.989868423787,4947.62158203125,11297000,0.0,0.0,-0.0393456909287746
2021-08-02,4993.23691018212,5065.170400455298,4988.850721750828,5033.58984375,5706000,0.0,0.0,0.017375674411108877
2021-08-03,5002.010210096069,5013.414302121893,4903.759571104354,4976.5703125,6706000,0.0,0.0,-0.01132780640059472
2021-08-04,4905.513828772289,4930.076487428517,4836.212041849361,4870.42431640625,8436000,0.0,0.0,-0.021329146265076537
2021-08-05,4958.147826564989,4986.219434924877,4925.69002939887,4955.51611328125,6482000,0.0,0.0,0.017471125993758774
2021-08-06,4735.328850574198,4743.223989450666,4458.998989897861,4597.6025390625,31592000,0.0,0.0,-0.07222528714204113
2021-08-10,4535.319775688533,4542.337678629638,4437.946372380714,4457.24560546875,20681000,0.0,0.0,-0.030528287819844957
2021-08-11,4447.59612202282,4622.16646290695,4432.6830778266885,4617.7802734375,16103000,0.0,0.0,0.03601656318237989
2021-08-12,4614.271483628962,4638.834145519003,4551.110353054574,4593.2177734375,10979000,0.0,0.0,-0.005319114064670671
2021-08-13,4573.040492426613,4644.096751756472,4560.759163653551,4600.23486328125,8961000,0.0,0.0,0.0015277067602432748
2021-08-16,4578.3039914594965,4617.77969171159,4536.196577857263,4556.373046875,6932000,0.0,0.0,-0.009534690664677159
2021-08-17,4563.391845703125,4603.744791666666,4529.1795654296875,4568.6552734375,6095000,0.0,0.0,0.0026956147874950265
2021-08-18,4523.037414655873,4599.357091745684,4523.037414655873,4585.3212890625,6371000,0.0,0.0,0.0036479039514969447
2021-08-19,4562.512925871353,4568.653589297829,4519.528281886024,4525.6689453125,5828000,0.0,0.0,-0.01300941416957857
2021-08-20,4580.935023656626,4618.656242733078,4559.881319986048,4597.6025390625,8750000,0.0,0.0,0.015894577049102576
2021-08-23,4652.86962444706,4676.555046743454,4590.585736186174,4610.76220703125,10246000,0.0,0.0,0.0028622891728768973
2021-08-24,4675.677204372066,4687.081295114437,4642.342169894367,4671.291015625,8934000,0.0,0.0,0.013127722896107308
2021-08-25,4645.851445217208,4691.467811371153,4625.674975572194,4674.80029296875,7615000,0.0,0.0,0.0007512435709982057
2021-08-26,4649.36096017186,4677.432573516294,4587.954305980911,4609.88525390625,8743000,0.0,0.0,-0.013886163043186461
2021-08-27,4485.3172255853715,4565.145871689081,4474.790371154113,4541.46044921875,10301000,0.0,0.0,-0.014843060275636866
2021-08-30,4510.7571298923,4613.393960735824,4491.457896742237,4604.62158203125,8429000,0.0,0.0,0.013907669904593245
2021-08-31,4605.499348342983,4653.7474367541945,4573.918781382916,4640.5888671875,8105000,0.0,0.0,0.00781112725888411
2021-09-01,4680.9404384133,4723.0478486539,4659.009495579655,4712.52099609375,7864000,0.0,0.0,0.015500646785339134
2021-09-02,4737.084358286478,4819.544715634428,4721.29407709219,4797.61376953125,8788000,0.0,0.0,0.018056741499514528
2021-09-03,4811.649365432132,4833.580310579954,4732.697962899973,4765.15576171875,10642000,0.0,0.0,-0.0067654482773571445
2021-09-06,4807.262298949266,4883.581974133314,4795.858209553948,4837.08837890625,8050000,0.0,0.0,0.01509554373130384
2021-09-07,4933.585276636583,4937.971465538288,4832.702931897394,4884.4599609375,15138000,0.0,0.0,0.009793408414415117
2021-09-08,4860.77456380804,4870.424179437328,4761.646694161711,4794.1044921875,12448000,0.0,0.0,-0.01849855858633298
2021-09-09,4778.314736982282,4820.422155263014,4742.347983867489,4766.91064453125,8581000,0.0,0.0,-0.005672351885647298
2021-09-10,4772.173477926543,4853.7565906925665,4772.173477926543,4848.4931640625,9139000,0.0,0.0,0.017114337904538646
2021-09-13,4857.265541779277,4887.091626016318,4828.316695313913,4848.4931640625,6597000,0.0,0.0,0.0
2021-09-14,4801.122715499476,4820.421948048533,4729.189212362082,4755.50634765625,10409000,0.0,0.0,-0.01917849799097937
2021-09-15,4701.99418810308,4748.487787351114,4686.203909113182,4727.43408203125,7038000,0.0,0.0,-0.005903107592072798
2021-09-16,4678.309769903274,4683.573197358631,4593.217692708334,4605.4990234375,9404000,0.0,0.0,-0.02579307431429223
2021-09-17,4597.603128890178,4690.59033203125,4529.178583182596,4690.59033203125,11931000,0.0,0.0,0.01847602358847933
2021-09-21,4547.600681257121,4651.1147399740075,4546.723443471385,4619.5341796875,6524000,0.0,0.0,-0.015148658764445821
2021-09-22,4659.888183226897,4716.908652336413,4649.361327391294,4670.4150390625,8258000,0.0,0.0,0.011014283561041172
2021-09-24,4737.084307475604,4780.946199211489,4703.749269756331,4719.53955078125,8007000,0.0,0.0,0.010518232599861399
2021-09-27,4761.646889924211,4809.0177322337,4746.7338469749275,4752.87451171875,7277000,0.0,0.0,0.007063180757110432
2021-09-28,4721.293817005018,4725.680005984027,4619.534232692015,4687.08154296875,8933000,0.0,0.0,-0.013842774217535103
2021-09-29,4678.206484719906,4724.3583984375,4601.878319725425,4724.3583984375,9340000,62.0,0.0,0.007953105813716999
2021-09-30,4679.093575941355,4820.2119140625,4657.792694715522,4820.2119140625,29542000,0.0,0.0,0.020289213379048876
2021-10-01,4618.741101598749,4640.929519650243,4394.194310917642,4399.51953125,30925000,0.0,0.0,-0.0872767401750888
2021-10-04,4316.09074519994,4405.731947187436,4255.738252772715,4367.56787109375,17631000,0.0,0.0,-0.007262533994745524
2021-10-05,4297.452465759832,4419.044986992607,4293.014782503162,4299.2275390625,12278000,0.0,0.0,-0.015647228399941482
2021-10-06,4350.704516601562,4428.8077392578125,4336.503930664062,4402.181640625,11615000,0.0,0.0,0.02394711622659318
2021-10-07,4446.559386294242,4476.735637618395,4372.006294787513,4450.9970703125,9296000,0.0,0.0,0.011088917648697905
2021-10-08,4492.710766447287,4533.5374545659315,4480.285252672048,4494.48583984375,6406000,0.0,0.0,0.009770567997295254
2021-10-11,4446.559607542155,4548.626345040629,4444.78453384653,4539.7509765625,5655000,0.0,0.0,0.010071260280202221
2021-10-12,4587.677836871356,4611.641331086006,4535.313164328231,4566.376953125,6310000,0.0,0.0,0.005865074251861557
2021-10-13,4566.376001747432,4614.302980191429,4516.673950027733,4525.54931640625,5708000,0.0,0.0,-0.008940925626126806
2021-10-14,4571.700952644755,4638.266196567945,4558.387903860116,4584.12646484375,7356000,0.0,0.0,0.01294365486751925
2021-10-15,4567.264293289407,4587.677639334034,4517.56223335466,4573.47705078125,7425000,0.0,0.0,-0.0023231065164043274
2021-10-18,4572.589138095005,4605.427996423716,4529.099839227254,4549.51318359375,5751000,0.0,0.0,-0.005239747990734234
2021-10-19,4581.4651815827965,4667.55625531653,4581.4651815827965,4646.25537109375,6273000,0.0,0.0,0.02126429435326571
2021-10-20,4564.601216723099,4579.689340519384,4417.270125535848,4464.3095703125,13641000,0.0,0.0,-0.039159664342431344
2021-10-21,4410.170415325828,4495.373949210167,4381.769237364381,4443.00927734375,7761000,0.0,0.0,-0.004771240128685572
2021-10-22,4395.081661866504,4477.622573529182,4388.868905074689,4439.45849609375,6066000,0.0,0.0,-0.0007991838477823254
2021-10-25,4406.62018779436,4443.009196394475,4343.605075340503,4357.8056640625,6331000,0.0,0.0,-0.018392520642572907
2021-10-26,4393.306458823436,4419.045021915533,4362.24267578125,4362.24267578125,6690000,0.0,0.0,0.0010181756739040537
2021-10-27,4362.242430886328,4365.792577320417,4250.412818212539,4308.990234375,9470000,0.0,0.0,-0.012207583429941327
2021-10-28,4348.042003662505,4415.494788369251,4308.990391463863,4380.880859375,10086000,0.0,0.0,0.016683868166256666
2021-10-29,4420.821120887544,4455.43505859375,4374.669203945935,4455.43505859375,7571000,0.0,0.0,0.017018084173461512
2021-11-01,4517.561646955286,4517.561646955286,4460.759300117342,4490.935546875,5736000,0.0,0.0,0.007967906122383184
2021-11-02,4484.722558730551,4514.898803930796,4434.132971188964,4435.0205078125,5311000,0.0,0.0,-0.01245064385335215
2021-11-04,4331.1787351826415,4404.844275145789,4321.415832295959,4361.35498046875,10907000,0.0,0.0,-0.016609963181451914
2021-11-05,4299.227766232844,4506.023816920758,4299.227766232844,4494.48583984375,12970000,0.0,0.0,0.030525114321396263
2021-11-08,4497.149038484413,4534.425584688547,4372.00634765625,4372.00634765625,11288000,0.0,0.0,-0.027251057529587897
2021-11-09,4353.367187006288,4439.458240449633,4331.178771170375,4388.86865234375,5844000,0.0,0.0,0.0038568801933556163
2021-11-10,4388.869343731938,4427.033424981781,4384.431659865677,4414.60791015625,5363000,0.0,0.0,0.005864668061723588
2021-11-11,4413.720771259541,4460.760224482295,4387.094665661755,4433.24658203125,4758000,0.0,0.0,0.004222044687619997
2021-11-12,4450.997164746541,4501.586763628006,4443.009333344204,4465.19775390625,5875000,0.0,0.0,0.007207172279679597
2021-11-15,4507.799733585191,4525.550470870425,4440.346931901301,4455.43505859375,5179000,0.0,0.0,-0.0021863970759098406
2021-11-16,4471.410145946293,4543.30062268739,4458.097094697941,4542.4130859375,7849000,0.0,0.0,0.019521780970858105
2021-11-17,4548.625700954006,4578.8019495066765,4493.5984241814895,4503.361328125,6920000,0.0,0.0,-0.00859713924596539
2021-11-18,4534.424476069478,4587.676671912925,4502.47315856341,4570.8134765625,8237000,0.0,0.0,0.014978178192417868
2021-11-19,4618.741089854279,4662.230389124621,4593.890061699798,4609.86572265625,9832000,0.0,0.0,0.00854382842222634
2021-11-22,4585.014086496403,4596.5520623238235,4542.4123295951595,4565.48828125,5412000,0.0,0.0,-0.009626623436805759
2021-11-24,4482.06005859375,4545.962697052908,4469.634545560025,4482.06005859375,6677000,0.0,0.0,-0.018273669214940558
2021-11-25,4511.349368079387,4546.850838613162,4487.385875469089,4493.5986328125,4162000,0.0,0.0,0.0025743908086699463
2021-11-26,4504.2494083813945,4506.912018869108,4409.282967652959,4424.37109375,6209000,0.0,0.0,-0.015405812739259117
2021-11-29,4453.65950438407,4618.741343326962,4443.896599930457,4556.61376953125,13041000,0.0,0.0,0.029889598539340367
2021-11-30,4573.476334050649,4591.22706695983,4438.570763940868,4446.55859375,12713000,0.0,0.0,-0.024152842735356894
2021-12-01,4446.558845840735,4561.938616291692,4419.9327449674365,4497.1484375,8381000,0.0,0.0,0.011377302847444426
2021-12-02,4503.361893662355,4610.7538505273815,4500.699283161569,4588.5654296875,9765000,0.0,0.0,0.020327768464391438
2021-12-03,4535.312847946173,4559.2763404891375,4474.960348208338,4496.26123046875,8585000,0.0,0.0,-0.020116134472345615
2021-12-06,4507.798890317221,4546.850505039402,4470.522348991502,4494.48583984375,6192000,0.0,0.0,-0.0003948593139938561
2021-12-07,4538.863103589871,4593.002847297142,4490.048580575119,4576.1396484375,7444000,0.0,0.0,0.018167552753172833
2021-12-08,4657.793075590109,4754.534585734797,4651.580318057881,4737.67138671875,12667000,0.0,0.0,0.03529869075048975
2021-12-09,4792.698565279979,4792.698565279979,4704.832424916513,4758.97216796875,9217000,0.0,0.0,0.004496044472335647
2021-12-10,4792.697998954461,4859.263248939939,4756.308995629066,4774.947265625,11139000,0.0,0.0,0.003356837798668799
2021-12-13,4774.947829853017,4786.485807880543,4700.394741059772,4758.97216796875,7151000,0.0,0.0,-0.003345607138167783
2021-12-14,4751.871841696855,4798.023753495181,4725.245738736283,4731.45849609375,7095000,0.0,0.0,-0.005781431557886907
2021-12-15,4700.394671699439,4775.835296150808,4700.394671699439,4739.4462890625,4879000,0.0,0.0,0.001688230590069617
2021-12-16,4749.209420058307,4828.2001953125,4744.771736055262,4828.2001953125,7227000,0.0,0.0,0.01872664037881866
2021-12-17,4774.947133153458,4793.5854026323095,4689.743615535849,4697.7314453125,10206000,0.0,0.0,-0.027022232865709817
2021-12-20,4723.470419518548,4809.561481279784,4696.844317942908,4749.208984375,8507000,0.0,0.0,0.010957956975992111
2021-12-21,4823.762372431025,4932.929395762951,4821.987298880912,4925.8291015625,11876000,0.0,0.0,0.03718937569784453
2021-12-22,4939.141221708673,4941.803831531696,4821.986389495637,4844.1748046875,8447000,0.0,0.0,-0.016576762041764503
2021-12-23,4870.800734713448,4934.703368259251,4865.475515251298,4916.95263671875,6611000,0.0,0.0,0.015023783196433271
2021-12-24,4926.716015959741,4974.642995758304,4908.077746038077,4919.61572265625,5223000,0.0,0.0,0.0005416130953983522
2021-12-27,4938.253514567351,4954.229172953802,4905.4146612174245,4916.95263671875,3392000,0.0,0.0,-0.0005413199094465027
2021-12-28,4952.4555580701735,4959.555852777084,4876.127389970884,4886.77783203125,5578000,0.0,0.0,-0.006136891468541128
2021-12-29,4892.990227776604,4903.6406690487465,4829.087580143752,4860.1513671875,3996000,0.0,0.0,-0.005448675130926173
2021-12-30,4823.762834106332,4826.425444686335,4718.145947766193,4761.63525390625,7026000,0.0,0.0,-0.02027017387696295
2022-01-04,4792.6984084796795,4838.850319079855,4777.610283860392,4826.4248046875,5484000,0.0,0.0,0.013606575751071937
2022-01-05,4799.798319155418,4812.223832555598,4726.132775425776,4734.12060546875,6558000,0.0,0.0,-0.019124756513165364
2022-01-06,4764.297298312053,4799.798768493215,4687.081600668023,4709.27001953125,5605000,0.0,0.0,-0.005249250707468955
2022-01-07,4695.068965642426,4786.485242289149,4693.29389230948,4774.947265625,6370000,0.0,0.0,0.013946375090270857
2022-01-11,4807.787092594017,4885.890335006473,4764.297787159809,4777.61083984375,7277000,0.0,0.0,0.0005578227508238331
2022-01-12,4788.260894166065,4820.212218019628,4756.3095703125,4756.3095703125,5536000,0.0,0.0,-0.00445856103506892
2022-01-13,4741.221977860386,4743.884588480674,4679.98193359375,4679.98193359375,4710000,0.0,0.0,-0.01604765955419829
2022-01-14,4656.017804961359,4682.643907544058,4566.3765929329375,4608.0908203125,6571000,0.0,0.0,-0.015361408292028367
2022-01-17,4643.592254997158,4707.494900708128,4625.841520077444,4684.4189453125,3290000,0.0,0.0,0.016563936774758314
2022-01-18,4703.944976069556,4765.185014437254,4700.394828917805,4740.333984375,5113000,0.0,0.0,0.011936387354605005
2022-01-19,4783.8233383960405,4859.2639661815065,4712.820394597955,4729.68359375,9532000,0.0,0.0,-0.0022467595448139033
2022-01-20,4741.222225015117,4891.215964443712,4734.121929657551,4861.92724609375,8972000,0.0,0.0,0.02796035923386131
2022-01-21,4837.962158069251,4859.263037136149,4762.521544707321,4855.712890625,7599000,0.0,0.0,-0.001278167104154626
2022-01-24,4806.012152224171,4831.750721460459,4735.009202606824,4783.82373046875,6590000,0.0,0.0,-0.014805068128110999
2022-01-25,4766.07183753041,4807.786060316989,4737.670664569335,4788.26025390625,7389000,0.0,0.0,0.0009274011099622559
2022-01-26,4845.063243089476,5007.4824725244225,4826.424970859236,4996.83203125,14494000,0.0,0.0,0.0435589893372228
2022-01-27,5003.93225515586,5016.357769801511,4929.379167281952,4977.30615234375,10380000,0.0,0.0,-0.00390765164490936
2022-01-28,4982.630712977663,5016.357105406083,4963.104906834893,4979.08056640625,7055000,0.0,0.0,0.0003565008878676501
2022-01-31,5014.582498664529,5068.722238915599,4984.40625,4984.40625,7280000,0.0,0.0,0.001069611853578456
2022-02-01,5072.272970309883,5108.661980245614,5005.707708232326,5034.10888671875,8003000,0.0,0.0,0.009971626353439733
2022-02-02,5007.482832863375,5124.6376953125,4990.619632965395,5124.6376953125,6402000,0.0,0.0,0.017983085116134
2022-02-03,5076.710405303874,5084.69823636117,4964.880770501725,4983.51904296875,9963000,0.0,0.0,-0.027537293509125704
2022-02-04,5023.458154179379,5252.442642479427,4997.719587665032,5163.68896484375,17049000,0.0,0.0,0.036153152084208884
2022-02-07,5125.523950658632,5217.82775860123,5108.660754976812,5191.20166015625,6844000,0.0,0.0,0.005328108547942412
2022-02-08,5149.487770281618,5172.56372375065,5097.123106640354,5119.3115234375,6475000,0.0,0.0,-0.013848457722327456
2022-02-09,5171.67634417297,5197.41490843949,5114.873995446856,5155.70068359375,6591000,0.0,0.0,0.007108213670852237
2022-02-10,5158.362817357583,5177.888622929136,5118.423669597588,5153.03759765625,7156000,0.0,0.0,-0.00051653230102644
2022-02-14,5105.998606770833,5138.837464488636,5059.846698626894,5125.5244140625,5969000,0.0,0.0,-0.005339216544095082
2022-02-15,5131.737308599192,5184.989511732356,5078.485105466029,5096.23583984375,5835000,0.0,0.0,-0.005714259040185854
2022-02-16,5184.989828654187,5262.205527916924,5179.664608015378,5201.85302734375,10277000,0.0,0.0,0.020724548631414708
2022-02-17,5213.390942100281,5245.342265545226,5137.950317299715,5215.166015625,6656000,0.0,0.0,0.0025592780517385005
2022-02-18,5211.615569309011,5289.718799911735,5179.664247698806,5279.068359375,6338000,0.0,0.0,0.012253175365567248
2022-02-21,5231.142326049909,5240.017694774119,5201.8536092600125,5216.05419921875,4841000,0.0,0.0,-0.011936606208999834
2022-02-22,5121.0868267098185,5193.864837072073,5113.098996304206,5139.72509765625,4852000,0.0,0.0,-0.01463349471597375
2022-02-24,5082.035243721242,5169.01384202454,5052.746532047683,5063.39697265625,6690000,0.0,0.0,-0.014850624021663372
2022-02-25,5069.6097923989455,5125.524606285699,4980.85611956283,5050.083984375,7825000,0.0,0.0,-0.00262926022848764
2022-02-28,5092.6854457178015,5203.62753019231,5090.910372366209,5149.48779296875,8325000,0.0,0.0,0.01968359514441853
2022-03-01,5224.928533502883,5260.430001371086,5156.58820785659,5158.36328125,5846000,0.0,0.0,0.0017235672047555273
2022-03-02,5183.213916116163,5208.952478370849,5145.04984104887,5172.5634765625,7043000,0.0,0.0,0.0027528490217267887
2022-03-03,5236.467144836087,5331.433582886504,5222.266555968735,5265.755859375,8257000,0.0,0.0,0.018016672629493247
2022-03-04,5295.044980864227,5351.847340699177,5181.440261194328,5216.05419921875,8836000,0.0,0.0,-0.009438656383539468
2022-03-07,5184.102724663989,5200.078387914109,5065.172787135317,5078.48583984375,5799000,0.0,0.0,-0.026374027976090564
2022-03-08,5014.5825571845635,5107.773914441977,4961.3303530374715,5006.5947265625,7009000,0.0,0.0,-0.014156013337129236
2022-03-09,5112.2109375,5143.274719238281,5090.910058593749,5112.2109375,7326000,0.0,0.0,0.021095418484175177
2022-03-10,5200.96533203125,5208.953162745974,5123.7496351222535,5200.96533203125,5869000,0.0,0.0,0.017361254380213964
2022-03-11,5203.628246716486,5227.591740262681,5153.038649230072,5205.4033203125,5995000,0.0,0.0,0.0008533008774194162
2022-03-14,5248.891986416369,5249.779523106667,5166.35107421875,5166.35107421875,3647000,0.0,0.0,-0.007502251735491905
2022-03-15,5128.187149151436,5148.60049363577,5073.159872715404,5098.8984375,4890000,0.0,0.0,-0.0130561465432254
2022-03-16,5177.001182257711,5328.7699465584255,5175.226108991035,5309.244140625,9143000,0.0,0.0,0.04125316589520711
2022-03-17,5380.247907640741,5434.387650690243,5321.670480734721,5409.53662109375,7475000,0.0,0.0,0.01889016172779412
2022-03-18,5409.536462526537,5472.551571441941,5372.259919224468,5408.64892578125,7075000,0.0,0.0,-0.00016409821666396596
2022-03-22,5484.089159666943,5532.016140508829,5433.499568778285,5491.189453125,5388000,0.0,0.0,0.015260840272014464
2022-03-23,5607.457542993818,5697.098760442754,5603.907395768118,5670.47265625,7974000,0.0,0.0,0.03264924742725306
2022-03-24,5678.459181045933,5748.5745726218365,5659.820912399175,5742.36181640625,6364000,0.0,0.0,0.012677807391772378
2022-03-25,5746.800030122306,5878.155459382245,5734.374516543664,5838.21630859375,8377000,0.0,0.0,0.01669252047365566
2022-03-28,5838.216513380695,5892.356253015268,5798.277361191255,5863.955078125,6388000,0.0,0.0,0.004408670075030097
2022-03-29,5897.681900618913,5953.59671773539,5863.0679662134735,5945.60888671875,8090000,0.0,0.0,0.013924698860390716
2022-03-30,5884.865151009909,5905.717392339939,5649.144162061738,5724.3935546875,12734000,141.0,0.0,-0.03720650588460317
2022-03-31,5699.00878795403,5699.00878795403,5588.401235912924,5591.12109375,8130000,0.0,0.0,-0.0232814986713078
2022-04-01,5687.221534261605,5796.9224438177425,5649.143532597491,5771.537109375,8040000,0.0,0.0,0.032268307661351914
2022-04-04,5834.093803163976,5869.451947425577,5754.311323804469,5778.7900390625,6034000,0.0,0.0,0.0012566721048572482
2022-04-05,5839.533039463932,5839.533039463932,5712.606378149703,5734.365234375,5040000,0.0,0.0,-0.007687561649965535
2022-04-06,5722.580221547038,5793.296517060451,5714.420648987798,5753.4052734375,4579000,0.0,0.0,0.003320339441994946
2022-04-07,5753.404866304606,5782.416677795584,5718.046721049976,5728.01953125,4634000,0.0,0.0,-0.0044122986268152475
2022-04-08,5740.712380994358,5786.94995702574,5676.342422205571,5785.13671875,5090000,0.0,0.0,0.0099715420292108
2022-04-11,5747.965724679261,5794.203303852549,5723.487006293403,5776.9775390625,3773000,0.0,0.0,-0.001410369380045129
2022-04-12,5738.899485302031,5813.24225904528,5681.7824762066075,5791.4833984375,5687000,0.0,0.0,0.0025109772847331513
2022-04-13,5833.186954977049,5879.424526426199,5807.801621632418,5851.3193359375,5919000,0.0,0.0,0.01033171182294046
2022-04-14,5879.425138652031,5898.46414064304,5809.615464684998,5889.39794921875,4105000,0.0,0.0,0.006507696998757195
2022-04-15,5883.051876910993,5908.437214028193,5844.067252052437,5883.95849609375,3753000,0.0,0.0,-0.0009236008793940265
2022-04-18,5847.693307059151,5850.413164411272,5758.844633556548,5787.8564453125,3503000,0.0,0.0,-0.016332890662816624
2022-04-19,5811.428238939865,5869.45185942226,5801.455429169454,5844.97314453125,3732000,0.0,0.0,0.009868368325722354
2022-04-20,5906.623673449414,5951.048011131536,5803.269091903255,5825.9345703125,5076000,0.0,0.0,-0.0032572560639672066
2022-04-21,5753.405439421146,5825.028356174104,5690.848714662234,5814.14892578125,5344000,0.0,0.0,-0.0020229620482362654
2022-04-22,5746.153033124409,5786.044281697694,5684.502921692971,5758.845703125,5424000,0.0,0.0,-0.009511834554327137
2022-04-25,5643.704140733593,5738.899150336328,5574.801086163994,5707.16748046875,5914000,0.0,0.0,-0.008973711976378751
2022-04-26,5738.898737307869,5744.338451750815,5566.64111328125,5566.64111328125,6915000,0.0,0.0,-0.024622786639504457
2022-04-27,5503.177682767391,5567.547635893665,5413.422396013853,5558.4814453125,9703000,0.0,0.0,-0.001465815345861321
2022-04-28,5485.04570413563,5524.030326495603,5408.889697664987,5431.55517578125,8049000,0.0,0.0,-0.02283470238769758
2022-05-02,5367.185510149573,5417.956183894231,5269.270639356304,5303.72216796875,7817000,0.0,0.0,-0.023535249790427315
2022-05-06,5259.298269438052,5301.002754939543,5151.410578684194,5243.8857421875,10436000,0.0,0.0,-0.01128196837734552
2022-05-09,5158.663289692003,5185.86186591182,5093.386706764441,5097.01318359375,6567000,0.0,0.0,-0.028008344539650842
2022-05-10,5040.80251050723,5140.530617729496,5015.417174123381,5109.70556640625,10468000,0.0,0.0,0.0024901608756584537
2022-05-11,5180.42217036862,5338.173913043478,5065.281530600189,5275.6171875,18925000,0.0,0.0,0.03246989849758375
2022-05-12,5184.955304226938,5289.216514226256,5178.60896970524,5190.39501953125,7331000,0.0,0.0,-0.016153971173396453
2022-05-13,5184.048685009552,5233.912741965748,5156.850108487992,5190.39501953125,5441000,0.0,0.0,0.0
2022-05-16,5243.885458266774,5255.67150787906,5097.919766914603,5107.892578125,6177000,0.0,0.0,-0.015895214351855036
2022-05-17,5131.464888092692,5233.91286200691,5099.733214756429,5191.3017578125,3857000,0.0,0.0,0.016329470209437646
2022-05-18,5242.979056219156,5390.757992093913,5223.033432972256,5373.5322265625,8922000,0.0,0.0,0.03510303913190116
2022-05-19,5282.869493877832,5427.02193072811,5281.056255678457,5363.55859375,8283000,0.0,0.0,-0.0018560664367468505
2022-05-20,5388.94352375506,5417.048713734267,5339.079477017757,5375.34423828125,5234000,0.0,0.0,0.0021973554171634824
2022-05-23,5365.372250080985,5462.380501307526,5355.399439207229,5422.4892578125,5731000,0.0,0.0,0.008770604716903607
2022-05-24,5425.209258348677,5443.341642233533,5380.784917830782,5416.14306640625,4641000,0.0,0.0,-0.001170346515137255
2022-05-25,5325.4816744290865,5331.828009417341,5185.8623046875,5185.8623046875,9498000,0.0,0.0,-0.04251748133225497
2022-05-26,5155.943417894008,5262.017864859649,5147.783845050498,5212.15380859375,6107000,0.0,0.0,0.0050698422675983235
2022-05-27,5248.418444372106,5248.418444372106,5123.304997261491,5140.53076171875,5909000,0.0,0.0,-0.013741545147211265
2022-05-30,5231.193046131654,5290.12329708461,5170.449556687838,5288.31005859375,9415000,0.0,0.0,0.028747867433360108
2022-05-31,5270.1770881804305,5311.881568836941,5205.80712890625,5205.80712890625,7487000,0.0,0.0,-0.015601000844008506
2022-06-01,5193.114651981342,5296.46923828125,5188.581556090995,5296.46923828125,4611000,0.0,0.0,0.017415572096703524
2022-06-02,5281.056131867714,5286.495846338307,5196.7405575735165,5210.33984375,5320000,0.0,0.0,-0.016261662374763453
2022-06-03,5176.79544648594,5227.566119866538,5134.184345612939,5203.08740234375,5957000,0.0,0.0,-0.0013919325080012923
2022-06-06,5144.157507896259,5262.018007724689,5141.43765020791,5242.97900390625,4012000,0.0,0.0,0.007666909755259965
2022-06-07,5264.737318557228,5348.14627900277,5243.885078445842,5298.2822265625,4824000,0.0,0.0,0.01054805342822207
2022-06-08,5312.78834850774,5362.652402973255,5303.722156786736,5344.52001953125,4607000,0.0,0.0,0.008726940353788848
2022-06-09,5402.543245252504,5478.69925005217,5402.543245252504,5430.6484375,6290000,0.0,0.0,0.016115276517628896
2022-06-10,5376.252553245356,5376.252553245356,5295.563433980796,5343.6142578125,4797000,0.0,0.0,-0.016026480205661442
2022-06-13,5255.671434355945,5268.364102991616,5209.433855754573,5241.16552734375,3973000,0.0,0.0,-0.019172179264056566
2022-06-14,5199.461211705104,5252.0451263134555,5175.889112053084,5190.39501953125,4886000,0.0,0.0,-0.009686873568030774
2022-06-15,5151.41070924741,5160.476901977518,5077.974548133534,5096.10693359375,6453000,0.0,0.0,-0.018165878624401
2022-06-16,5158.662965250421,5222.126305771955,5106.079054532578,5120.5849609375,4743000,0.0,0.0,0.004803279770758007
2022-06-17,5059.8415127951175,5163.196096643647,5032.642938098136,5109.70556640625,7155000,0.0,0.0,-0.0021246390039895147
2022-06-20,5103.35927951582,5132.371092794289,5057.121702103259,5095.19970703125,5233000,0.0,0.0,-0.0028388836081610913
2022-06-21,5165.00946838082,5237.5390027797075,5138.717512161223,5218.5,4871000,0.0,0.0,0.024199305239910096
2022-06-22,5211.2465244668865,5260.203955281293,5180.421475435593,5229.37890625,4761000,0.0,0.0,0.002084680703267283
2022-06-23,5213.96650897332,5262.923940982459,5187.67455474619,5189.48779296875,3953000,0.0,0.0,-0.0076282698187299935
2022-06-24,5238.446026687306,5283.776989188927,5228.473214936949,5243.8857421875,4292000,0.0,0.0,0.010482334941119609
2022-06-27,5258.39124459361,5300.095726878319,5203.99409378747,5292.8427734375,4505000,0.0,0.0,0.009336021732154975
2022-06-28,5298.281950363004,5385.3173828125,5297.37533127499,5385.3173828125,4557000,0.0,0.0,0.01747163354994985
2022-06-29,5353.585960850061,5364.4653904064035,5301.908670457436,5346.3330078125,8113000,0.0,0.0,-0.007239011599282974
2022-06-30,5375.3447821473455,5375.3447821473455,5303.7218714052915,5320.041015625,4790000,0.0,0.0,-0.004917761790947162
2022-07-01,5327.293862229777,5357.212292701795,5175.888471659257,5200.3671875,5528000,0.0,0.0,-0.02249490704555046
2022-07-04,5222.126230736301,5295.56238085603,5203.993847990689,5294.65576171875,3382000,0.0,0.0,0.018131137825303734
2022-07-05,5326.387492285473,5363.558877338018,5295.562441266288,5313.69482421875,3124000,0.0,0.0,0.0035959018596931625
2022-07-06,5217.592681567795,5337.266397287508,5195.8338241642105,5324.57373046875,5432000,0.0,0.0,0.0020473336557484956
2022-07-07,5284.683188966348,5310.97514513036,5226.659561569908,5296.46923828125,5329000,0.0,0.0,-0.005278261436531095
2022-07-08,5258.390636457255,5290.122304091049,5222.125873447205,5254.76416015625,5989000,0.0,0.0,-0.00787412826332845
2022-07-11,5344.519853466053,5402.5434786775595,5336.360281170685,5358.119140625,5233000,0.0,0.0,0.01966881430234868
2022-07-12,5359.932913858467,5389.851348594145,5342.707148404592,5380.78515625,3983000,0.0,0.0,0.004230218670045582
2022-07-13,5368.99833837646,5462.380106166527,5358.1189091193655,5430.6484375,4407000,0.0,0.0,0.009266915478326032
2022-07-14,5428.83502285634,5501.364548879805,5420.6754511787,5447.8740234375,4410000,0.0,0.0,0.0031719206528917354
2022-07-15,5493.206115653735,5620.1328125,5493.206115653735,5620.1328125,6988000,0.0,0.0,0.03161945161019131
2022-07-19,5621.039040525728,5626.478755726236,5477.79320691233,5479.6064453125,6616000,0.0,0.0,-0.025004100770527837
2022-07-20,5524.030737398829,5655.4905202517475,5516.777783862116,5642.7978515625,6755000,0.0,0.0,0.02978159250644752
2022-07-21,5648.237988091196,5652.771084389824,5527.657626547675,5590.21435546875,6156000,0.0,0.0,-0.009318692158924224
2022-07-22,5575.708043372714,5643.70448292604,5539.443275610941,5602.0,5324000,0.0,0.0,0.0021082634371114573
2022-07-25,5590.213733866744,5611.065974521778,5509.524628723355,5518.5908203125,4527000,0.0,0.0,-0.0148891788089075
2022-07-26,5466.007491958867,5471.447207492413,5407.983859601035,5452.408203125,5723000,0.0,0.0,-0.011992666124819196
2022-07-27,5462.379986273663,5480.512367970837,5414.329174776152,5429.74169921875,3428000,0.0,0.0,-0.004157154611655667
2022-07-28,5519.496953632728,5519.496953632728,5415.235759534869,5440.62109375,4713000,0.0,0.0,0.002003667049726321
2022-07-29,5445.154030123462,5455.126839702442,5389.8502679127505,5413.42236328125,5295000,0.0,0.0,-0.004999195863868322
2022-08-01,5342.70654296875,5348.146257758808,5289.216014199846,5342.70654296875,6422000,0.0,0.0,-0.013063052458673674
2022-08-02,5341.799638097426,5349.959209846048,5240.25830078125,5240.25830078125,6662000,0.0,0.0,-0.01917534518573305
2022-08-03,5270.17730473917,5270.17730473917,5116.052043805803,5140.53076171875,10455000,0.0,0.0,-0.019031034986888296
2022-08-04,5088.852799198989,5257.483944869933,5067.0939416930605,5161.38232421875,13862000,0.0,0.0,0.004056305363500767
2022-08-05,5223.033237051899,5356.306260111546,5213.060425802538,5323.66796875,9771000,0.0,0.0,0.031442283159253126
2022-08-08,5284.683031858511,5303.722034031959,5217.593214675884,5232.09912109375,5465000,0.0,0.0,-0.017200330334979586
2022-08-09,5184.954923715642,5207.620402486911,5148.69015768161,5194.927734375,5534000,0.0,0.0,-0.007104488248108609
2022-08-10,5231.192078000405,5250.231078630909,5164.102266254819,5173.16845703125,3604000,0.0,0.0,-0.004188562085237102
2022-08-12,5192.208126899251,5214.87360676174,5142.344071201772,5193.11474609375,6294000,0.0,0.0,0.0038557199960091992
2022-08-15,5201.274046605301,5307.348486809731,5199.460808311208,5239.35205078125,4665000,0.0,0.0,0.008903578478076213
2022-08-16,5275.617258366042,5291.02978515625,5240.259108670857,5291.02978515625,3394000,0.0,0.0,0.009863382699640155
2022-08-17,5339.9874154317,5453.314822380591,5334.547699898154,5452.408203125,9001000,0.0,0.0,0.03050037979780229
2022-08-18,5396.197046465645,5534.909772962494,5383.5043786816195,5502.271484375,6856000,0.0,0.0,0.009145184915065885
2022-08-19,5485.9523232602805,5521.310469121651,5418.862508036143,5431.55517578125,5579000,0.0,0.0,-0.012852202730193496
2022-08-22,5430.648759497294,5461.4738108867605,5396.197231473771,5444.248046875,3191000,0.0,0.0,0.0023368760296031965
2022-08-23,5446.967480797559,5457.846909853745,5365.371762876157,5385.3173828125,4406000,0.0,0.0,-0.010824389990152339
2022-08-24,5349.053198600907,5350.866436973314,5244.7919921875,5244.7919921875,7488000,0.0,0.0,-0.026094170619078705
2022-08-25,5276.523891126856,5283.7768449290925,5222.126737610084,5250.23193359375,3536000,0.0,0.0,0.0010372082275813543
2022-08-26,5255.671362491054,5281.963318591148,5223.93969133577,5225.7529296875,3680000,0.0,0.0,-0.00466246143329796
2022-08-29,5185.861316523628,5210.340032528198,5165.00907696418,5189.48779296875,4308000,0.0,0.0,-0.00693969600298705
2022-08-30,5189.487604946059,5228.472225318645,5184.954509553898,5210.33984375,3352000,0.0,0.0,0.004018132735470026
2022-08-31,5199.4600619523435,5199.4600619523435,5150.502635039454,5166.82177734375,5049000,0.0,0.0,-0.008352251045284809
2022-09-01,5156.849907251357,5192.208055349599,5145.970477067282,5177.7021484375,4384000,0.0,0.0,0.002105815056648641
2022-09-02,5175.888549869309,5181.328264582781,5117.864926258933,5137.810546875,5305000,0.0,0.0,-0.007704499103823204
2022-09-05,5138.716745650031,5174.074888395329,5107.891698128488,5116.05126953125,3991000,0.0,0.0,-0.004235126450309656
2022-09-06,5095.199931839085,5204.900855638468,5071.627832510293,5174.982421875,4920000,0.0,0.0,0.011518874467641771
2022-09-07,5210.340142811688,5260.204194987544,5199.460713246047,5231.1923828125,6303000,0.0,0.0,0.01086186509540532
2022-09-08,5250.231754587891,5304.62890625,5227.566274728679,5304.62890625,6479000,0.0,0.0,0.014038199718821476
2022-09-09,5304.628117275303,5375.34440391818,5277.429545489582,5283.77587890625,6847000,0.0,0.0,-0.003931100122608111
2022-09-12,5321.854172684606,5375.344700144298,5283.776170086181,5345.42626953125,4672000,0.0,0.0,0.011667866320961728
2022-09-13,5485.04576469192,5665.462972489225,5485.04576469192,5640.07763671875,18652000,0.0,0.0,0.05512214598618681
2022-09-14,5590.214202045306,5604.720109802803,5469.633843811114,5563.015625,12132000,0.0,0.0,-0.013663289174789206
2022-09-15,5572.081507599659,5749.778867750902,5563.9219349396535,5657.3037109375,14135000,0.0,0.0,0.016949096010763
2022-09-16,5575.708499370806,5602.907077416517,5485.953191819958,5538.537109375,11124000,0.0,0.0,-0.020993499311851238
2022-09-20,5629.198563838726,5657.3037587942745,5561.202124430141,5605.62646484375,8018000,0.0,0.0,0.012113190567088372
2022-09-21,5566.640954250205,5645.5168114195485,5529.4695732853415,5539.4423828125,7218000,0.0,0.0,-0.011806723556471388
2022-09-22,5512.244475701239,5601.999772262822,5503.1782841293625,5559.388671875,6754000,0.0,0.0,0.0036007756167639737
2022-09-26,5496.831131019919,5501.364226130442,5378.064039124222,5393.4765625,9058000,0.0,0.0,-0.0298435887770091
2022-09-27,5438.808510384909,5547.602812976372,5426.115841749238,5501.365234375,6632000,0.0,0.0,0.020003548847348895
2022-09-28,5498.644929154235,5503.178024726497,5362.652061986364,5412.51611328125,7149000,0.0,0.0,-0.01615037673532027
2022-09-29,5516.973487370459,5637.923578772701,5503.2291588020225,5537.1318359375,7247800,63.0,10.0,0.023023621555687823
2022-09-30,5451.916328745569,5505.061059345106,5256.746887061064,5363.95263671875,8834200,0.0,0.0,-0.03127597542373284
2022-10-03,5239.33788508779,5350.208798710669,5140.378722515303,5332.79931640625,6811500,0.0,0.0,-0.005807903690133509
2022-10-04,5370.367357147469,5543.5458984375,5299.8131366219,5543.5458984375,10450800,0.0,0.0,0.03951894109026233
2022-10-05,5566.452521370326,5629.676426551322,5504.144904670214,5507.81005859375,6492300,0.0,0.0,-0.006446386572504514
2022-10-06,5566.4524496625245,5652.583565756068,5506.8936991723085,5549.04296875,9120900,0.0,0.0,0.007486262183626913
2022-10-07,5498.6471029505865,5595.773680673093,5479.405045099901,5549.04296875,5123500,0.0,0.0,0.0
2022-10-11,5503.228903581174,5560.038792362731,5472.9913821329255,5498.6474609375,5202400,0.0,0.0,-0.009081837732435538
2022-10-12,5440.005277165456,5533.4667119424275,5436.340122860477,5520.638671875,4682100,0.0,0.0,0.003999385502294173
2022-10-13,5589.360416342765,5672.742678291485,5523.387637658064,5525.22021484375,5940600,0.0,0.0,0.0008298936483728259
2022-10-14,5596.690867074789,5692.901171764189,5560.039322431208,5652.58447265625,7493600,0.0,0.0,0.023051435573614
2022-10-17,5589.359963656839,5607.685734029485,5526.136055871212,5593.94140625,4937100,0.0,0.0,-0.010374558167140946
2022-10-18,5626.01170597404,5669.993556444195,5565.536661577576,5603.1044921875,4577600,0.0,0.0,0.0016380375252522672
2022-10-19,5617.76570955366,5643.421791737235,5538.964885704106,5545.37890625,4485500,0.0,0.0,-0.010302428951305065
2022-10-20,5497.730645607776,5588.443201260304,5488.567761198429,5585.6943359375,4682100,0.0,0.0,0.007270094680466688
2022-10-21,5524.303753488185,5572.867047390138,5512.392002153744,5530.7177734375,3563100,0.0,0.0,-0.00984238649549607
2022-10-24,5576.532262695312,5583.8625712890625,5497.7314453125,5497.7314453125,3441700,0.0,0.0,-0.005964203829641135
2022-10-25,5527.968173363095,5527.968173363095,5461.9954055059525,5483.986328125,3948400,0.0,0.0,-0.002500143436293012
2022-10-26,5494.982942241925,5580.1977852681875,5491.317787703161,5563.70458984375,5230000,0.0,0.0,0.014536553694510346
2022-10-27,5563.703699448529,5572.866584329044,5477.572581571691,5483.0703125,4633900,0.0,0.0,-0.014492911340214465
2022-10-28,5476.656625057802,5495.8986844732635,5422.595600985791,5449.16796875,5412600,0.0,0.0,-0.00618309483880064
2022-10-31,5452.833242943652,5584.778796125283,5445.502934433562,5561.87158203125,5705100,0.0,0.0,0.02068271962391055
2022-11-01,5595.774359567901,5603.104668209877,5555.457662037037,5566.453125,3787100,0.0,0.0,0.000823741235513431
2022-11-02,5557.290139212443,5584.778796125283,5536.215502245933,5561.87158203125,4322000,0.0,0.0,-0.0008230632443797514
2022-11-04,5506.893697219044,5516.056581906597,5434.50690818738,5455.58154296875,5975900,0.0,0.0,-0.019110480616972847
2022-11-07,5525.21931414393,5632.4250620303055,5508.726122161412,5608.6015625,6345100,0.0,0.0,0.028048342477524635
2022-11-08,5680.9887832580325,5757.040729872616,5674.574763664031,5703.89599609375,7539600,0.0,0.0,0.016990765439802935
2022-11-09,5497.731598813332,5498.647887413134,5268.659448862776,5298.89697265625,21530100,0.0,0.0,-0.07100392849288606
2022-11-10,5278.738180896157,5312.640856246471,5222.844580994289,5274.15673828125,10928700,0.0,0.0,-0.004668940442259295
2022-11-11,5365.785254601493,5389.608754707306,5237.504869416348,5276.9052734375,11026200,0.0,0.0,0.0005211326270038175
2022-11-14,5222.844193844981,5262.244597412584,5185.2763671875,5185.2763671875,9525600,0.0,0.0,-0.01736413702766937
2022-11-15,5263.161533331888,5356.622967245511,5255.831224789643,5281.4873046875,7501400,0.0,0.0,0.01855464023264486
2022-11-16,5296.1471897167885,5330.966150479632,5242.086171690268,5328.21728515625,5458500,0.0,0.0,0.008847882759705827
2022-11-17,5371.28344631049,5386.8603515625,5327.301596187171,5386.8603515625,5730600,0.0,0.0,0.01100613268336903
2022-11-18,5386.859907160579,5429.009176718222,5338.296618322424,5424.427734375,6211200,0.0,0.0,0.006973892093119272
2022-11-21,5406.102180254162,5428.09310437723,5349.292292936237,5394.1904296875,4830800,0.0,0.0,-0.005574284729776058
2022-11-22,5421.67944204281,5440.921501918236,5370.367282375005,5437.25634765625,5003200,0.0,0.0,0.007983759292540471
2022-11-24,5492.233427852033,5541.713008283133,5470.242503215989,5475.740234375,7901600,0.0,0.0,0.007077813562227586
2022-11-25,5496.8146253631585,5502.312356277008,5439.0884507677465,5460.1630859375,4488500,0.0,0.0,-0.0028447566485553244
2022-11-28,5424.428137169827,5430.842156926617,5374.032267652203,5411.60009765625,4301200,0.0,0.0,-0.008894054539565377
2022-11-29,5383.19478103232,5429.00920470068,5363.952723091609,5376.78076171875,4146600,0.0,0.0,-0.006434203435057961
2022-11-30,5376.78099086465,5436.339744171774,5346.5434699548805,5400.6044921875,6667500,0.0,0.0,0.004430853985784244
2022-12-01,5416.181925203518,5426.26109982325,5319.055333413368,5321.80419921875,6006600,0.0,0.0,-0.01459101348427616
2022-12-02,5268.659383152233,5275.073403270853,5213.682067849775,5246.66845703125,6360900,0.0,0.0,-0.014118471739063665
2022-12-05,5222.844698729438,5232.007584165805,5183.444291353058,5208.18408203125,5004400,0.0,0.0,-0.007335011791802071
2022-12-06,5257.663587520877,5303.478014041623,5235.672662790918,5280.57080078125,4892200,0.0,0.0,0.013898648283139803
2022-12-07,5246.668309246368,5357.539225316716,5210.933055306339,5297.98046875,7701200,0.0,0.0,0.003296929181628272
2022-12-08,5294.314564027997,5304.393736787482,5197.187990163862,5228.341796875,5081100,0.0,0.0,-0.013144380634425135
2022-12-09,5287.90074854985,5301.645075569126,5237.5048828125,5237.5048828125,4525700,0.0,0.0,0.001752579745833982
2022-12-12,5204.518927856703,5227.426141447621,5197.1886195076095,5208.18408203125,3059600,0.0,0.0,-0.005598238366797514
2022-12-13,5213.681583149871,5247.584257767892,5199.9372556020235,5215.51416015625,3191500,0.0,0.0,0.001407415331245554
2022-12-14,5227.426465642123,5267.7431640625,5218.263579637491,5267.7431640625,3091800,0.0,0.0,0.01001416203703398
2022-12-15,5223.760985388794,5249.417064601369,5207.2677916092825,5239.337890625,3459600,0.0,0.0,-0.005392304171411788
2022-12-16,5204.518337577502,5221.927817932075,5172.4482421875,5172.4482421875,5534600,0.0,0.0,-0.012766813256535503
2022-12-19,5131.215561851753,5153.20648568826,5100.061753083367,5123.88525390625,5775200,0.0,0.0,-0.009388781870287466
2022-12-20,5138.54562296968,5155.955103503993,5041.419047357201,5077.154296875,9024900,0.0,0.0,-0.009120219270254748
2022-12-21,5056.996709213532,5127.5509303784975,5047.833823347953,5076.23876953125,8805100,0.0,0.0,-0.00018032293096026386
2022-12-22,5109.224794312933,5176.113856361865,5091.815312409786,5157.7880859375,3868000,0.0,0.0,0.016064909494747814
2022-12-23,5132.132194103191,5165.118582067432,5119.304154339319,5144.0439453125,3057200,0.0,0.0,-0.0026647354245655785
2022-12-26,5149.540857413878,5175.196932860068,5131.215089238028,5146.7919921875,1601500,0.0,0.0,0.0005342191676849239
2022-12-27,5176.113784773708,5180.695227316435,5124.8016282951585,5136.71337890625,2227000,0.0,0.0,-0.001958232098081436
2022-12-28,5136.713464572676,5149.54150390625,5120.220271143795,5149.54150390625,2827400,0.0,0.0,0.002497341014329857
2022-12-29,5140.3784754340895,5166.034553386345,5132.131878949436,5138.5458984375,3244800,0.0,0.0,-0.0021352591216925454
2022-12-30,5126.634381143235,5155.955614422338,5067.075626045056,5068.908203125,4709000,0.0,0.0,-0.01355202360529173
2023-01-04,4988.274885168922,5081.736317624328,4952.539631583031,5027.67529296875,5632900,0.0,0.0,-0.008134475611696779
2023-01-05,5055.163445305436,5133.9642530444735,5035.9213876017175,5067.0751953125,4229200,0.0,0.0,0.007836604404196645
2023-01-06,5008.433348139989,5024.01025390625,4954.372322245321,5024.01025390625,5181300,0.0,0.0,-0.008498974210228605
2023-01-10,5024.010384590665,5099.146049652936,5012.0986328125,5012.0986328125,5620700,0.0,0.0,-0.002370938849993065
2023-01-11,5036.838886201156,5083.569608994727,5023.094555967753,5082.6533203125,5320000,0.0,0.0,0.0140768753108933
2023-01-12,5011.182274664523,5028.591757790986,4980.9447513396135,4991.02392578125,7380700,0.0,0.0,-0.018027866304604956
2023-01-13,4930.548855357288,5014.8474048263215,4930.548855357288,4945.20947265625,5983300,0.0,0.0,-0.00917936956550025
2023-01-16,4934.213551017949,5012.098073178863,4912.222627113691,4959.86962890625,4215300,0.0,0.0,0.0029645167370686565
2023-01-17,4959.870095575051,5035.92204789959,4959.870095575051,5030.42431640625,4018600,0.0,0.0,0.014225109282874238
2023-01-18,5057.912510587553,5155.955379905102,5033.172721133592,5138.5458984375,5079100,0.0,0.0,0.02149353120742159
2023-01-19,5085.401555089769,5090.899286500678,5037.754549528568,5071.6572265625,3101300,0.0,0.0,-0.013017042797134337
2023-01-20,5059.745462794918,5114.72277676951,5035.005671506352,5048.75,3791600,0.0,0.0,-0.004516714268962163
2023-01-23,5086.317843658254,5106.476192164916,5050.582589487353,5071.6572265625,3268600,0.0,0.0,0.004537207538994892
2023-01-24,5111.057272859578,5143.12737048419,5089.98263727769,5090.89892578125,3889900,0.0,0.0,0.003793966815811789
2023-01-25,5100.978070355249,5122.968994315825,5080.819723391387,5107.39208984375,3152700,0.0,0.0,0.00323973512398279
2023-01-26,5133.048124341449,5186.192856796251,5133.048124341449,5163.28564453125,3524000,0.0,0.0,0.010943658466841866
2023-01-27,5186.192264861789,5194.438860335951,5146.791864263017,5158.70361328125,2678500,0.0,0.0,-0.0008874254816509941
2023-01-30,5126.634435132385,5151.374225972167,5100.978355742983,5129.38330078125,3956900,0.0,0.0,-0.0056836590542852505
2023-01-31,5204.519409722222,5212.766007378473,5144.960648871528,5154.12353515625,3547100,0.0,0.0,0.004823237594903773
2023-02-01,5122.052043955813,5152.2895604943715,5112.88916015625,5112.88916015625,2409900,0.0,0.0,-0.008000269050351783
2023-02-02,5127.550206369245,5145.875975512809,5104.64299493979,5114.72216796875,2751200,0.0,0.0,0.0003585072461151917
2023-02-03,5138.5464713124775,5155.95595472099,5106.4763702967975,5151.37451171875,3281200,0.0,0.0,0.007166047841178358
2023-02-06,5158.7046048717975,5174.281510428249,5145.8765650017785,5150.4580078125,3580900,0.0,0.0,-0.00017791443898418358
2023-02-07,5122.052733854074,5171.532313036207,5100.9780982765,5153.20654296875,4215900,0.0,0.0,0.0005336486875693325
2023-02-08,4838.002998221496,4854.4961902608875,4715.220346372693,4765.6162109375,27112900,0.0,0.0,-0.07521342853220092
2023-02-09,4757.369815838701,4848.998664371803,4738.127757646749,4837.0869140625,14233000,0.0,0.0,0.014997158806235422
2023-02-10,4847.166745976717,4928.7164322511835,4838.920148488288,4862.74365234375,10996200,0.0,0.0,0.005304171443903494
2023-02-13,4806.850244776213,4816.9294198986945,4775.69643076127,4786.69189453125,7001000,0.0,0.0,-0.015639680651445498
2023-02-14,4792.189074450427,4892.06452552406,4792.189074450427,4881.9853515625,5742800,0.0,0.0,0.01990799891259387
2023-02-15,4920.469238647278,4924.134392642545,4860.910486224173,4889.3154296875,4432200,0.0,0.0,0.0015014543463662822
2023-02-16,4977.279833291651,5038.671171441603,4939.711999498397,5037.7548828125,6867300,0.0,0.0,0.030359966596486876
2023-02-17,5028.591742462427,5038.67091687334,4970.865561745383,4999.2705078125,4440300,0.0,0.0,-0.007639191642947685
2023-02-20,5037.754396318517,5037.754396318517,4965.367601609684,5006.6005859375,4224100,0.0,0.0,0.0014662295455998287
2023-02-21,5012.098842488336,5021.261728854859,4958.9541015625,4958.9541015625,3638900,0.0,0.0,-0.009516733671311672
2023-02-22,4937.878924358322,4939.711501431752,4867.32470703125,4867.32470703125,4503200,0.0,0.0,-0.01847756455386007
2023-02-24,4848.081859517327,4868.2402040475445,4812.346612395578,4853.57958984375,4381800,0.0,0.0,-0.002823957310192249
2023-02-27,4764.700741270681,4799.519708226121,4749.123835001143,4762.8681640625,4848800,0.0,0.0,-0.018689592722671344
2023-02-28,4714.304559426229,4752.788678278688,4695.0625,4695.0625,6918600,0.0,0.0,-0.01423630924200614
2023-03-01,4670.322280687171,4696.894646027553,4619.010126926432,4693.2294921875,6107900,0.0,0.0,-0.0003904118022922676
2023-03-02,4634.587115991895,4710.639059571834,4630.005673607562,4706.0576171875,4997600,0.0,0.0,0.002733325745385873
2023-03-03,4673.987378715406,4732.629839456003,4666.657071122831,4726.2158203125,4696500,0.0,0.0,0.004283458632418302
2023-03-06,4746.374569241261,4778.44466768208,4737.211683972455,4744.5419921875,3255300,0.0,0.0,0.003877557134872589
2023-03-07,4748.207419460474,4770.198345370751,4734.463090766551,4743.6259765625,3147900,0.0,0.0,-0.0001930672394739874
2023-03-08,4700.559743738489,4749.123031539296,4692.313147696842,4726.2158203125,3768500,0.0,0.0,-0.0036702211211467883
2023-03-09,4728.048612522719,4797.686537823441,4727.13232403192,4789.43994140625,4169600,0.0,0.0,0.013377324163239335
2023-03-10,4720.718865336053,4747.291234725561,4706.058247741841,4717.0537109375,5040700,0.0,0.0,-0.015113715038568065
2023-03-13,4684.0671373866735,4701.476620096053,4670.322808931901,4699.64404296875,3586700,0.0,0.0,-0.003690792820183919
2023-03-14,4664.824966933767,4664.824966933767,4607.098788792571,4641.00146484375,4934100,0.0,0.0,-0.012478089316729557
2023-03-15,4612.597244641012,4681.318896080837,4612.597244641012,4656.5791015625,4393600,0.0,0.0,0.0033565248442071205
2023-03-16,4590.605310960591,4661.15952432266,4577.777272167487,4650.1640625,4511500,0.0,0.0,-0.0013776291398867047
2023-03-17,4693.229835996732,4717.053337702298,4666.657468709753,4713.38818359375,4791900,0.0,0.0,0.013596105480149445
2023-03-20,4712.471914175038,4715.2207797675965,4608.931310188693,4611.68017578125,4651500,0.0,0.0,-0.021578534135279326
2023-03-22,4619.010838305857,4664.825268362451,4591.5221802719,4654.74609375,4871800,0.0,0.0,0.009338444195440054
2023-03-23,4654.745720516893,4662.076028738179,4615.345313827478,4651.08056640625,3157600,0.0,0.0,-0.0007874816950105279
2023-03-24,4653.828971238323,4653.828971238323,4609.847126265013,4634.5869140625,3528800,0.0,0.0,-0.003546197944383045
2023-03-27,4672.155388631624,4701.476622684617,4661.159925861752,4668.490234375,2570100,0.0,0.0,0.007315284175517078
2023-03-28,4686.815862060883,4706.057921318611,4649.248032081509,4657.49462890625,3167800,0.0,0.0,-0.002355280811725202
2023-03-29,4661.159947794729,4747.291073230685,4628.173559329895,4745.45849609375,5495300,0.0,0.0,0.018886520371180104
2023-03-30,4786.755580192336,4807.40432975395,4754.843876324387,4767.04541015625,3668500,123.0,0.0,0.004548962777836785
2023-03-31,4784.8789231890105,4825.2378470213225,4769.861649204894,4815.85205078125,4148100,0.0,0.0,0.010238341871259937
2023-04-03,4889.060836181405,4897.508052062693,4833.684643181846,4855.27197265625,4140400,0.0,0.0,0.008185451184823167
2023-04-04,4889.999224993359,5081.469444167764,4874.981952901249,5079.59228515625,10423400,0.0,0.0,0.04620138969831533
2023-04-05,5033.601993341874,5037.356311442445,4919.095291274428,4922.849609375,6830300,0.0,0.0,-0.030857334010701676
2023-04-06,4913.464761439732,4971.6567032180055,4908.771862909226,4927.54345703125,4175400,0.0,0.0,0.0009534818303835735
2023-04-07,4997.935926753679,4998.87450627044,4868.411953440626,4878.736328125,4302700,0.0,0.0,-0.009904961636940102
2023-04-10,4966.024291585738,5077.715255618757,4947.252700991953,5073.9609375,7136300,0.0,0.0,0.04001540485997701
2023-04-11,5166.8800744987475,5202.546094994833,5074.899284798315,5080.53076171875,9397600,0.0,0.0,0.0012948117456315078
2023-04-12,5080.531645734713,5150.925119488657,5064.575791683818,5130.2763671875,5148200,0.0,0.0,0.00979141900755276
2023-04-13,5097.42527472288,5101.179592730409,5045.8034021193525,5048.619140625,4182700,0.0,0.0,-0.015916730545895708
2023-04-14,5061.759951041477,5143.416378955551,5048.619836204728,5131.21484375,5924400,0.0,0.0,0.016360058230650232
2023-04-17,5161.2489544499895,5161.2489544499895,5089.9169085256035,5121.82861328125,3467500,0.0,0.0,-0.0018292413696500143
2023-04-18,5162.1876668587,5218.50244140625,5148.108973221813,5218.50244140625,5630300,0.0,0.0,0.01887486587784637
2023-04-19,5200.669818791444,5206.301296667775,5172.5124294097905,5201.6083984375,4440400,0.0,0.0,-0.003237335453693424
2023-04-20,5198.792408943868,5198.792408943868,5124.644620479061,5177.205078125,4160400,0.0,0.0,-0.004691495099829246
2023-04-21,5191.283359162703,5212.870688264266,5167.818871008832,5180.958984375,3606000,0.0,0.0,0.0007250835524867938
2023-04-24,5172.512263535984,5259.800167819934,5152.802091600899,5247.5986328125,4516600,0.0,0.0,0.012862415749376854
2023-04-25,5246.659936700633,5383.692557587627,5224.13402641784,5302.0361328125,7607900,0.0,0.0,0.01037379262575655
2023-04-26,5274.817588971831,5295.46634109948,5234.458664358702,5272.9404296875,4642500,0.0,0.0,-0.005487647084284619
2023-04-27,5250.414464369003,5300.159184893057,5234.458610616004,5282.326171875,4188300,0.0,0.0,0.0017799825946556158
2023-04-28,5307.667034691269,5369.61328125,5298.281239758128,5369.61328125,5439300,0.0,0.0,0.016524369479444134
2023-05-01,5432.498764839768,5442.823140515864,5308.60625672663,5341.45654296875,5363400,0.0,0.0,-0.005243718086658022
2023-05-02,5341.455848842603,5360.227438541575,5319.868520688784,5343.3330078125,4023400,0.0,0.0,0.0003513020893561869
2023-05-08,5378.061084418289,5441.884496938436,5361.166651692368,5386.50830078125,8361200,0.0,0.0,0.008080217516973631
2023-05-09,5357.412284235929,5401.525524838432,5324.561998680873,5378.06103515625,6965800,0.0,0.0,-0.0015682266049371618
2023-05-10,5424.9900416211785,5425.928621213155,5309.544751808133,5373.3681640625,8949800,0.0,0.0,-0.0008725953578944123
2023-05-11,5330.193913731603,5370.552839297805,5246.660323606209,5285.14208984375,5811500,0.0,0.0,-0.01641913815040863
2023-05-12,5338.641219281869,5412.789013994116,5304.852350805401,5404.341796875,7818600,0.0,0.0,0.022553737440722976
2023-05-15,5443.76171875,5451.2703556034485,5376.1839870689655,5443.76171875,5628700,0.0,0.0,0.0072941207933581165
2023-05-16,5467.226248503506,5509.46233110997,5440.007439712673,5487.875,6054900,0.0,0.0,0.00810345557522485
2023-05-17,5518.847418908228,5599.565255307226,5501.0144085410075,5561.08349609375,7467500,0.0,0.0,0.013340044387627259
2023-05-18,5676.529323700976,5690.608017460156,5629.600344503713,5671.83642578125,8556600,0.0,0.0,0.01991571062820685
2023-05-19,5700.932355768728,5708.440992391406,5601.442920518237,5609.89013671875,6094600,0.0,0.0,-0.010921734057936505
2023-05-22,5630.539123817167,5687.79248046875,5621.153327644776,5687.79248046875,5098500,0.0,0.0,0.013886607732315648
2023-05-23,5687.792577342184,5731.905820103749,5569.531543555861,5620.21484375,7209500,0.0,0.0,-0.011881171289354175
2023-05-24,5584.548446886857,5605.197197446775,5519.7864564943875,5565.77685546875,4220900,0.0,0.0,-0.00968610449861862
2023-05-25,5529.172444052077,5553.575513742342,5494.444998723621,5515.09375,4434600,0.0,0.0,-0.009106205078802332
2023-05-26,5556.391185007572,5609.890221755111,5547.005389086951,5577.978515625,4494900,0.0,0.0,0.011402302204744919
2023-05-29,5600.504511705529,5608.951728163606,5520.725245157017,5546.06689453125,5562300,0.0,0.0,-0.00572100107670892
2023-05-30,5530.110996191569,5645.5562868452635,5528.233836993948,5622.091796875,4847400,0.0,0.0,0.01370789494420177
2023-05-31,5637.108771558078,5643.6788284013855,5532.926441614198,5571.408203125,13218800,0.0,0.0,-0.009015077586988496
2023-06-01,5553.575290442875,5608.012905255396,5538.558017391145,5588.302734375,4029800,0.0,0.0,0.0030323628486823573
2023-06-02,5612.705681818182,5711.25653409091,5609.889943181818,5678.40625,5926600,0.0,0.0,0.0161235924229286
2023-06-05,5725.335246858561,5747.861156026529,5662.4504170979835,5709.37939453125,4309800,0.0,0.0,0.0054545488941109
2023-06-06,5695.301280381945,5744.107421875,5668.082470703125,5744.107421875,3507900,0.0,0.0,0.006082627365246562
2023-06-07,5742.229346824405,5751.615141768544,5634.292704966803,5681.2216796875,5335600,0.0,0.0,-0.010947870150898487
2023-06-08,5677.467735080123,5710.31801954496,5573.28540434878,5615.521484375,4198200,0.0,0.0,-0.011564448461393928
2023-06-09,5669.020878387381,5736.598610712528,5640.86348991857,5723.45849609375,6745800,0.0,0.0,0.019221191125184278
2023-06-12,5753.492599422543,5780.711406173482,5730.028110844148,5749.73828125,3741800,0.0,0.0,0.0045915918101242514
2023-06-13,5780.7116009178835,5813.561886034319,5750.677054525714,5801.3603515625,3726900,0.0,0.0,0.008978160011359204
2023-06-14,5809.808580585361,5811.685740062125,5760.0638544511075,5778.83544921875,3752400,0.0,0.0,-0.003882693192413633
2023-06-15,5819.193226029116,5966.550215785015,5816.37748737136,5842.65771484375,7487200,0.0,0.0,0.01104413963433215
2023-06-16,5819.193879294007,5891.464512956207,5771.326316738525,5881.14013671875,6516500,0.0,0.0,0.006586458381300009
2023-06-19,5866.121970337071,5874.5691859743565,5790.097029601502,5849.2275390625,3490000,0.0,0.0,-0.0054262603703326695
2023-06-20,5821.071071283743,5858.6142578125,5777.896406775672,5858.6142578125,3106700,0.0,0.0,0.0016047792101288039
2023-06-21,5857.67535168512,5862.368249739668,5804.176313863289,5830.45654296875,3028700,0.0,0.0,-0.004806207339252855
2023-06-22,5842.657899630149,6033.189554830939,5840.78074046561,5929.94580078125,9574200,0.0,0.0,0.017063716551061425
2023-06-23,5988.137518183186,5991.891836376405,5802.29876761888,5847.3505859375,4439800,0.0,0.0,-0.013928494056871243
2023-06-26,5848.289434475746,5925.252960976631,5800.421875310562,5902.72705078125,3705900,0.0,0.0,0.00947035140614405
2023-06-27,5913.051554616611,6003.155197353626,5849.2281410112255,5999.40087890625,5804500,0.0,0.0,0.01637782457045933
2023-06-28,6023.803461554591,6142.064483080905,6002.21613222836,6119.53857421875,6777200,0.0,0.0,0.020024948780285934
2023-06-29,6167.406581381396,6232.168574094121,6154.266466917944,6177.73095703125,5521700,0.0,0.0,0.009509276247993803
2023-06-30,6100.767158361357,6150.511875191073,6030.373691149496,6140.1875,6664300,0.0,0.0,-0.006077224355087729
2023-07-03,6184.300987325889,6202.133999734326,6143.00348490635,6182.423828125,3174900,0.0,0.0,0.00687867074498949
2023-07-04,6157.082350628931,6165.529567268513,6110.153369297917,6118.6005859375,2862800,0.0,0.0,-0.01032333660095519
2023-07-05,6128.9251956424205,6153.328266865498,6085.750531170819,6112.03076171875,3116800,0.0,0.0,-0.0010737462147553112
2023-07-06,6071.671739899059,6115.784983333168,5906.481721933031,5926.19189453125,5998800,0.0,0.0,-0.03040542078934838
2023-07-07,5968.427581993732,6018.172300006889,5944.963092364884,5960.9189453125,4955200,0.0,0.0,0.00585992681291625
2023-07-10,5917.744140625,5959.041641368457,5862.367946446273,5917.744140625,4094000,0.0,0.0,-0.007242977984367904
2023-07-11,5964.673180881163,5968.42749916968,5840.780677360107,5872.6923828125,3540600,0.0,0.0,-0.007612995212689544
2023-07-12,6005.971142578125,6088.566151258681,5913.0517578125,5913.0517578125,4659000,0.0,0.0,0.006872380225144914
2023-07-13,5959.980171555155,6037.882274584931,5917.744091599252,6029.43505859375,3366300,0.0,0.0,0.019682442425348556
2023-07-14,6086.689096600969,6093.259154222589,5969.366639072037,5996.58544921875,3591800,0.0,0.0,-0.005448206847867065
2023-07-18,5959.980902521866,6005.971306336601,5949.656526155292,5969.36669921875,2531200,0.0,0.0,-0.004539041464596494
2023-07-19,6009.72542335419,6042.575710690969,5997.523888057672,6037.8828125,2675300,0.0,0.0,0.011477953480428127
2023-07-20,6024.741955061105,6074.486669754708,5997.523148908001,6031.31201171875,2981900,0.0,0.0,-0.001088262390195216
2023-07-21,6031.312347535739,6063.2240530782565,6005.032119441901,6023.8037109375,2876600,0.0,0.0,-0.001244886811801682
2023-07-24,6098.889287419847,6137.371045004367,6081.994857260789,6111.0908203125,3414300,0.0,0.0,0.01449036415587579
2023-07-25,6063.223918824208,6078.241191688169,6005.03198647636,6047.26806640625,3405600,0.0,0.0,-0.01044375804301767
2023-07-26,5992.831027560765,6001.278244357639,5913.0517578125,5913.0517578125,4083600,0.0,0.0,-0.022194535965645024
2023-07-27,5918.682248372805,6000.338663788033,5905.542135547365,5984.3828125,3242100,0.0,0.0,0.012063323239688506
2023-07-28,5908.358182345766,5988.1374429493235,5863.30636459317,5963.734375,4523900,0.0,0.0,-0.0034503871404867326
2023-07-31,6030.373889065529,6073.548550372457,6000.339342069405,6053.83837890625,4426200,0.0,0.0,0.015108654785827902
2023-08-01,6054.777007721179,6070.7328609425795,5974.059162012913,6062.28564453125,3219100,0.0,0.0,0.0013953569778859531
2023-08-02,6016.295710193745,6036.005883347266,5945.902234645457,5964.673828125,3578700,0.0,0.0,-0.016101487480106647
2023-08-03,5964.6731338392965,5987.199043392741,5896.156825614235,5966.55029296875,4110800,0.0,0.0,0.00031459638830577674
2023-08-04,5847.350207938826,5866.1217976914395,5738.474987373674,5792.91259765625,9943800,0.0,0.0,-0.02910185731898085
2023-08-07,5770.38685978117,5880.20066306588,5766.632541720154,5849.2275390625,4554000,0.0,0.0,0.009721351816879498
2023-08-08,5852.982545233601,5891.464309883148,5775.080436308907,5780.7119140625,3817800,0.0,0.0,-0.011713619369811967
2023-08-09,5774.141345860456,5812.6231071056245,5758.185493636849,5767.5712890625,2857300,0.0,0.0,-0.0022731845480888913
2023-08-10,5787.281769760589,5870.815353527811,5761.940120752554,5867.06103515625,3577600,0.0,0.0,0.017249851125797244
2023-08-14,5866.122276315921,5923.3756297327645,5842.657787210657,5864.2451171875,2724000,0.0,0.0,-0.0004799537539965648
2023-08-15,5907.41943359375,5913.989490161141,5876.446309776052,5907.41943359375,2054300,0.0,0.0,0.007362297370502313
2023-08-16,5927.1298099428095,5943.085662162766,5874.569355571187,5905.54248046875,2697900,0.0,0.0,-0.0003177280953382544
2023-08-17,5890.525515776699,5902.727050465211,5774.141646440129,5800.421875,3569500,0.0,0.0,-0.01780033008253057
2023-08-18,5753.493348865054,5793.852274476994,5710.318684256931,5738.47607421875,2896000,0.0,0.0,-0.010679533681547948
2023-08-21,5734.7212900505365,5790.097485813709,5716.888277855617,5751.61572265625,2440700,0.0,0.0,0.002289745268178933
2023-08-22,5806.053563953666,5807.930723204863,5751.61594566894,5780.7119140625,1912700,0.0,0.0,0.005058785706360203
2023-08-23,5761.939850605277,5829.517578125,5751.615475567542,5829.517578125,2131300,0.0,0.0,0.008442846623055722
2023-08-24,5844.534811552838,5844.534811552838,5764.755550434805,5767.5712890625,2777500,0.0,0.0,-0.0106263148249095
2023-08-25,5716.888030920573,5749.73831512386,5699.9935990445965,5709.37939453125,2500400,0.0,0.0,-0.010089497227646516
2023-08-28,5772.264514011893,5801.360481480896,5761.001558862601,5795.72900390625,2148100,0.0,0.0,0.01512416734079891
2023-08-29,5813.561346384124,5855.797423327502,5787.281120730466,5792.91259765625,2235100,0.0,0.0,-0.00048594512409083634
2023-08-30,5814.500457425079,5880.201027565475,5805.114661690736,5837.0263671875,3224900,0.0,0.0,0.007615127759583062
2023-08-31,5837.026305947822,5902.726875398915,5831.394828566299,5882.078125,3918500,0.0,0.0,0.007718272109537905
2023-09-01,5875.507965185267,5915.866885712897,5852.043476506411,5883.0166015625,2971400,0.0,0.0,0.00015954846953003532
2023-09-04,5905.542614089676,5914.928409725546,5862.367954164672,5882.078125,2680900,0.0,0.0,-0.00015952301787669487
2023-09-05,5909.297188795027,5929.945940090054,5856.73673095314,5888.6484375,2700400,0.0,0.0,0.0011170053100917343
2023-09-06,5913.051341580342,5971.243275418116,5908.358443690198,5934.638671875,2848000,0.0,0.0,0.007809981333259053
2023-09-07,5942.1470687329465,5976.87451171875,5921.498318849496,5976.87451171875,2711300,0.0,0.0,0.007116834263880545
2023-09-08,5976.875054065744,6024.7426149572875,5926.191754298226,5967.4892578125,5422100,0.0,0.0,-0.0015702611603855
2023-09-11,6016.29464515674,6054.776404977556,5946.839761577708,5978.75146484375,3758900,0.0,0.0,0.0018872605453803537
2023-09-12,6002.216546179492,6019.110978991256,5928.068757727861,5977.8134765625,2429800,0.0,0.0,-0.00015688698330507123
2023-09-13,5977.8138025477,6001.278293843617,5909.297487963623,5921.4990234375,3135800,0.0,0.0,-0.009420577163505528
2023-09-14,5973.120170365124,6013.4790904351585,5919.621136783915,5963.734375,3746400,0.0,0.0,0.00713254387028206
2023-09-15,5952.47160341763,5977.813251681943,5925.252796022627,5948.71728515625,5106600,0.0,0.0,-0.00251806819342959
2023-09-19,5972.181371014426,6054.7763671875,5944.023985955423,6054.7763671875,4783300,0.0,0.0,0.01782889939918597
2023-09-20,6058.531692071422,6073.548966598632,5867.061441849491,5881.14013671875,5499000,0.0,0.0,-0.02867756295835011
2023-09-21,5852.043602650638,5887.709626211299,5766.632862018528,5775.080078125,3690000,0.0,0.0,-0.018033928137771604
2023-09-22,5736.598520565762,5796.667615021947,5727.212724556983,5773.203125,3391400,0.0,0.0,-0.0003250090214522716
2023-09-25,5776.018668441969,5851.105033972576,5774.141509303703,5841.71923828125,2616300,0.0,0.0,0.011867954720760077
2023-09-26,5842.657529203275,5893.340823432508,5805.114348292732,5875.5078125,3333100,0.0,0.0,0.005784012007514994
2023-09-27,5843.596294396335,5868.937942316139,5790.09725989897,5842.65771484375,4207800,0.0,0.0,-0.005591022717451266
2023-09-28,5860.723549950728,5922.525469280188,5817.937605799562,5849.31396484375,4392900,80.0,0.0,0.0011392503762610584
2023-09-29,5853.116485879816,5933.93437108121,5852.165687230387,5923.4755859375,5586300,0.0,0.0,0.012678687028852442
2023-10-02,5968.162904166242,5975.769293083453,5795.117556299705,5828.3955078125,5289300,0.0,0.0,-0.016051400355345913
2023-10-03,5816.985892001066,5902.557766842533,5797.9699198140725,5856.91943359375,4800700,0.0,0.0,0.004893958507622864
2023-10-04,5771.347679432967,5822.690805411448,5755.184102736038,5807.47802734375,4518500,0.0,0.0,-0.008441537707761015
2023-10-05,5845.51075129371,5916.82065798646,5804.626404789867,5913.96826171875,4055500,0.0,0.0,0.018336743397668442
2023-10-06,5895.902650792509,6006.195298348053,5868.329488903622,5937.73779296875,4583100,0.0,0.0,0.004019218602145713
2023-10-10,5937.73800712855,6004.293917536716,5889.2472724026,6000.49072265625,3263300,0.0,0.0,0.01056849121256409
2023-10-11,5982.4257766063365,6024.260921897289,5945.344625098446,5998.58935546875,3177000,0.0,0.0,-0.00031686861548185785
2023-10-12,6015.7034071266,6069.898933316929,5990.982640794168,6037.57177734375,3570900,0.0,0.0,0.006498598181164272
2023-10-13,5990.031497135248,5990.031497135248,5854.067290136782,5891.1484375,4583000,0.0,0.0,-0.02425202469529386
2023-10-16,5864.526588961694,5928.230104114164,5850.26460795741,5894.9521484375,2729200,0.0,0.0,0.0006456654382169802
2023-10-17,5895.903024855693,5921.574591001654,5804.62634522561,5821.74072265625,3758300,0.0,0.0,-0.012419341826320873
2023-10-18,5821.740754862035,5851.215516155637,5773.250018540302,5809.38037109375,2810200,0.0,0.0,-0.002123136730290631
2023-10-19,5763.741178396103,5889.246595015748,5758.036386731575,5792.26513671875,3067300,0.0,0.0,-0.002946137674193605
2023-10-20,5779.905182920193,5824.5927209358615,5739.020839629262,5800.82275390625,2441200,0.0,0.0,0.0014774215243102962
2023-10-23,5740.922929629553,5788.462867768255,5720.9561556112985,5768.49609375,2755000,0.0,0.0,-0.005572771575287572
2023-10-24,5787.511921337336,5796.069109983967,5707.644827302124,5781.80712890625,2823900,0.0,0.0,0.002307539944539805
2023-10-25,5823.642106040782,5883.542424845773,5810.330924084117,5875.93603515625,3262800,0.0,0.0,0.016280187863652706
2023-10-26,5839.8052372555085,5856.919612747302,5804.625687633487,5815.08447265625,2716200,0.0,0.0,-0.010356062784877107
2023-10-27,5864.526128109428,5917.770853007957,5828.39577907114,5914.91845703125,3476300,0.0,0.0,0.01716810561298643
2023-10-30,5885.443455482671,5886.394254102297,5800.82237833599,5816.03515625,2919500,0.0,0.0,-0.016717610141134598
2023-10-31,5867.378524086135,5928.2296382558825,5815.084597846508,5914.91845703125,4255100,0.0,0.0,0.017001840278594083
2023-11-01,6030.915906593576,6063.243061066883,5981.474376222637,5999.53955078125,3958700,0.0,0.0,0.014306383826713231
2023-11-02,6051.83344002244,6103.176567400479,6011.899896506189,6044.22705078125,3427400,0.0,0.0,0.007448488275101139
2023-11-06,6047.0800872347245,6116.4883964121045,5985.278168104181,6115.53759765625,5982900,0.0,0.0,0.01179812509951672
2023-11-07,6094.620066715202,6130.750419684809,6051.834122409089,6070.85009765625,3759300,0.0,0.0,-0.007307207140240024
2023-11-08,6275.2709982562,6496.807080467366,6209.66589236534,6440.7099609375,15154600,0.0,0.0,0.060923899838021045
2023-11-09,6535.78990727914,6807.718320645714,6503.462753242554,6799.1611328125,12503700,0.0,0.0,0.055653984428577497
2023-11-10,6760.178556788369,6761.12935546021,6522.478888828159,6523.4296875,7394600,0.0,0.0,-0.04055374478210705
2023-11-13,6653.6890767850455,6732.605366206761,6601.395150059813,6668.90185546875,6177500,0.0,0.0,0.022299951856229683
2023-11-14,6760.178732676049,6761.129531372628,6648.935285176316,6663.197265625,3366500,0.0,0.0,-0.0008554016789243946
2023-11-15,6636.574561119352,6671.754111085172,6590.936226028561,6649.8857421875,3929200,0.0,0.0,-0.001997768174472836
2023-11-16,6630.869816451111,6717.392494010195,6623.263427215147,6705.98291015625,3370000,0.0,0.0,0.008435809297122843
2023-11-17,6693.622138640944,6698.376131637138,6571.919917938382,6604.2470703125,3738200,0.0,0.0,-0.015170906518367389
2023-11-20,6570.019009219899,6579.5269962086395,6449.2675744628905,6465.43115234375,4329100,0.0,0.0,-0.02101918909011702
2023-11-21,6512.020364880039,6527.233144240249,6462.578831959356,6509.16796875,2655600,0.0,0.0,0.006764717677087084
2023-11-22,6531.986921541953,6596.641231682397,6498.7089677931945,6579.52685546875,2770200,0.0,0.0,0.010809198204215553
2023-11-24,6617.558582351547,6623.263374232884,6516.77392578125,6516.77392578125,3170100,0.0,0.0,-0.009537605220858891
2023-11-27,6560.511558433718,6640.378655666825,6509.168424498151,6521.52880859375,3484800,0.0,0.0,0.0007296375271956812
2023-11-28,6555.756210917465,6560.510203818783,6461.62715147137,6488.24951171875,2675900,0.0,0.0,-0.005102990088941439
2023-11-29,6508.21752021224,6512.971514018092,6463.529978437225,6490.15234375,2398700,0.0,0.0,0.00029327355981201286
2023-11-30,6490.151724497477,6575.723604838053,6474.938945770264,6571.92041015625,4681800,0.0,0.0,0.012598789993734538
2023-12-01,6576.673771445081,6587.132555814879,6509.167072330927,6569.0673828125,3156700,0.0,0.0,-0.00043412384290908435
2023-12-04,6543.3969907142,6559.560569447438,6452.120310808858,6478.74267578125,2692800,0.0,0.0,-0.013750004645648461
2023-12-05,6473.987821134688,6529.134141244221,6441.660667967029,6477.791015625,2490000,0.0,0.0,-0.0001468896364424932
2023-12-06,6468.283219815341,6553.855098366477,6443.562454900568,6536.74072265625,2862800,0.0,0.0,0.009100279229301789
2023-12-07,6570.018706537134,6638.47620970221,6518.675579163328,6524.38037109375,3300800,0.0,0.0,-0.0018909043645649604
2023-12-08,6525.331702784251,6550.052469835452,6455.923395294342,6463.52978515625,4052500,0.0,0.0,-0.009326645976543313
2023-12-11,6512.970982345337,6601.395259915866,6473.037437636067,6551.0029296875,3080800,0.0,0.0,0.013533339744505435
2023-12-12,6573.822115730742,6678.409971202304,6573.822115730742,6603.296875,2944300,0.0,0.0,0.007982586158757021
2023-12-13,6612.805096469034,6626.116278546758,6550.052380959766,6585.23193359375,2796500,0.0,0.0,-0.0027357457567360743
2023-12-14,6493.9556440727965,6556.7083633273805,6476.841266094274,6521.52880859375,3796700,0.0,0.0,-0.00967363422312073
2023-12-15,6455.923256422433,6501.561594612164,6397.924534972983,6444.513671875,5892400,0.0,0.0,-0.011809368474653303
2023-12-18,6415.9891051574195,6477.791015625,6407.431917554216,6477.791015625,3345900,0.0,0.0,0.0051636702851960425
2023-12-19,6541.4955035322955,6617.559404736159,6512.020741815798,6594.740234375,3102900,0.0,0.0,0.018053873375647456
2023-12-20,6620.411390868965,6670.803722294509,6609.0018063952575,6622.31298828125,3408500,0.0,0.0,0.004181021985146138
2023-12-21,6603.296271713261,6612.804257705649,6556.7071403505615,6604.2470703125,1990300,0.0,0.0,-0.0027280374697963294
2023-12-22,6608.050264709455,6667.950576461498,6575.723112335337,6604.2470703125,2400300,0.0,0.0,0.0
2023-12-25,6640.377823496538,6667.950984562031,6570.969521504092,6592.837890625,1675300,0.0,0.0,-0.0017275519171271458
2023-12-26,6617.558904036066,6643.23046875,6602.346124946329,6643.23046875,2087000,0.0,0.0,0.00764353362861514
2023-12-27,6655.590964206778,6782.047192526707,6644.181379696709,6775.3916015625,3942400,0.0,0.0,0.019894106253605104
2023-12-28,6745.916525743025,6833.39000289149,6732.605344437824,6782.046875,3074400,0.0,0.0,0.0009822714064180449
2023-12-29,6844.800417842417,7031.156978739363,6833.390832481379,6996.92822265625,6355400,0.0,0.0,0.03168384878735453
2024-01-04,6871.421883777632,6916.109420589247,6786.800803432231,6822.93115234375,5215500,0.0,0.0,-0.02486763687943694
2024-01-05,6847.651880683883,6931.32216192523,6842.8978874315335,6867.61865234375,4107700,0.0,0.0,0.006549604415200472
2024-01-09,6945.584508218257,7195.644566488127,6931.3225277085685,7167.12060546875,6863600,0.0,0.0,0.04361074315371116
2024-01-10,7269.807253800891,7513.211734179263,7246.988083765419,7438.0986328125,9140900,0.0,0.0,0.03780849273514186
2024-01-11,7537.931898742907,7677.699304029891,7455.212413981223,7539.83349609375,9331400,0.0,0.0,0.01367753619620693
2024-01-12,7615.897409855769,7777.533185096154,7568.3574759615385,7725.2392578125,9141400,0.0,0.0,0.024590166588533524
2024-01-15,7698.617179693265,7753.763505051077,7634.91366591786,7730.9443359375,1488200,0.0,0.0,0.000738498567436574
2024-01-16,7698.617259311427,7753.763585239556,7615.897770419233,7641.5693359375,5877900,0.0,0.0,-0.0115606834192995
2024-01-17,7615.89721433702,7704.321489110221,7530.325335524244,7549.34130859375,6642100,0.0,0.0,-0.012069252177037915
2024-01-18,7581.66957742666,7686.257444684866,7563.604400354788,7669.14306640625,4931300,0.0,0.0,0.015869166979657567
2024-01-19,7829.8278079412685,7843.138990614149,7722.387547795869,7735.69873046875,4438100,0.0,0.0,0.008678370384566092
2024-01-22,7749.009806842373,7777.533769321548,7630.159963179147,7704.322265625,4831700,0.0,0.0,-0.004056060859785937
2024-01-23,7682.454041561071,7804.1562838036225,7646.323688395313,7691.01123046875,4913300,0.0,0.0,-0.0017277360288575627
2024-01-24,7630.159426780695,7661.535783302036,7517.014383567373,7547.43994140625,4990200,0.0,0.0,-0.018667413784773434
2024-01-25,7566.4559083011245,7614.946641063547,7540.78434389749,7579.76708984375,3424100,0.0,0.0,0.0042831938628817845
2024-01-26,7578.816364565192,7611.143520053238,7501.801670608376,7506.5556640625,4298900,0.0,0.0,-0.009658796228626532
2024-01-29,7598.782557876807,7701.468808658927,7585.471377219866,7692.91162109375,4450300,0.0,0.0,0.024825761024250603
2024-01-30,7795.598161002108,7975.299106535636,7784.188577158709,7864.0556640625,6585500,0.0,0.0,0.022246978959107988
2024-01-31,7806.057336910537,7901.13720703125,7772.779382368288,7901.13720703125,4584600,0.0,0.0,0.004715320510535914
2024-02-01,7881.1704343059,7931.562765469878,7849.794077166065,7901.13720703125,3915800,0.0,0.0,0.0
2024-02-02,7942.022449646428,8072.281886447764,7821.27100093278,8058.970703125,6616700,0.0,0.0,0.019976047998925273
2024-02-05,8058.970404875966,8089.395965630571,7994.3160882724305,8000.9716796875,4553400,0.0,0.0,-0.007196827681109408
2024-02-06,7976.250520168766,8027.593651422684,7885.924641110949,7963.89013671875,4928900,0.0,0.0,-0.004634629949121116
2024-02-07,7991.463128435297,8198.73724646015,7870.711692705222,7957.234375,9328400,0.0,0.0,-0.0008357425334212243
2024-02-08,8034.2489871846,8262.440674394576,7964.840682324899,8195.884765625,7645900,0.0,0.0,0.02999162515242615
2024-02-09,8255.784665162537,8277.653034078665,8116.968062477551,8271.9482421875,5455700,0.0,0.0,0.009280691314929701
2024-02-13,8367.027931257175,8395.551890113735,8249.128901316733,8281.4560546875,6279200,0.0,0.0,0.0011494042541888572
2024-02-14,8281.457526411552,8444.044120787714,8262.441550461122,8434.5361328125,4869300,0.0,0.0,0.018484681572191963
2024-02-15,8544.828970299406,8583.811721805168,8452.60148502968,8509.6494140625,6298200,0.0,0.0,0.008905443057833473
2024-02-16,8509.648396782384,8562.893124181246,8272.899519598159,8437.3876953125,6987200,0.0,0.0,-0.008491738640911017
2024-02-19,8009.528335739289,8017.134725421853,7691.961566492266,7944.8740234375,15187800,0.0,0.0,-0.05837276769308852
2024-02-20,7996.217613769591,8004.774802654718,7782.287891641391,7856.4501953125,10752200,0.0,0.0,-0.01112967025835132
2024-02-21,7891.629484213189,8045.658878965302,7814.614786837133,7987.66015625,7836800,0.0,0.0,0.01670092187636918
2024-02-22,7987.659549885769,8040.904274893935,7922.05444228642,8004.77392578125,5618000,0.0,0.0,0.002142525995908695
2024-02-26,8021.887995454969,8183.5237616310205,8010.478411960189,8128.37744140625,5738200,0.0,0.0,0.015441225045332851
2024-02-27,8223.457134553508,8224.407933158498,8073.23095496518,8089.39453125,5568300,0.0,0.0,-0.004795903049195194
2024-02-28,8005.724473734834,8058.018398444503,7950.57815313191,7954.38134765625,4656200,0.0,0.0,-0.01669014696615212
2024-02-29,7912.546686662947,8027.593327985491,7863.10515485491,7986.708984375,5573800,0.0,0.0,0.0040641296042809305
2024-03-01,8034.248529746251,8079.886864589779,7964.840228838383,8066.57568359375,3559600,0.0,0.0,0.009999951090618131
2024-03-04,8048.510386142993,8072.280351843357,7923.004967245075,7934.41455078125,4792100,0.0,0.0,-0.016383796296772668
2024-03-05,7929.661236404946,7993.364749934818,7874.514911259684,7977.201171875,3171000,0.0,0.0,0.005392536628872957
2024-03-06,7900.18617497505,7945.824511284931,7875.465409473864,7919.2021484375,3185600,0.0,0.0,-0.007270598069155532
2024-03-07,7985.75825959737,8045.658577534581,7886.875195066101,7913.49755859375,3294300,0.0,0.0,-0.0007203490625473652
2024-03-08,7894.480938107459,7915.398507737516,7818.417048543615,7826.0234375,4052500,0.0,0.0,-0.01105378758836617
2024-03-11,7739.502158729472,7903.03955078125,7718.5845853275005,7903.03955078125,4028600,0.0,0.0,0.00984102768108408
2024-03-12,7865.006213990672,7865.006213990672,7750.910379164889,7797.49951171875,3501600,0.0,0.0,-0.013354360481729666
2024-03-13,7801.303532102713,7876.416631314914,7772.7795703765605,7826.97509765625,3813600,0.0,0.0,0.0037801330917945908
2024-03-14,7780.3859049281255,7819.36865234375,7749.960345969589,7819.36865234375,2701900,0.0,0.0,-0.0009718243916193581
2024-03-15,7763.271528013949,7864.056192064099,7737.599962642684,7819.36865234375,4416600,0.0,0.0,0.0
2024-03-18,7778.484009584597,7878.31787109375,7776.582412222518,7878.31787109375,2835000,0.0,0.0,0.0075388719180455865
2024-03-19,7832.679067421371,7947.725700968103,7811.761497685601,7946.77490234375,2492800,0.0,0.0,0.00868929540164598
2024-03-21,8078.936053922849,8124.574388698452,7945.824244160674,7965.791015625,3916900,0.0,0.0,0.0023929346829292264
2024-03-22,7975.299337615714,8032.34725848564,7923.005410151614,8011.4296875,3562600,0.0,0.0,0.00572933331862191
2024-03-25,8009.529048586426,8009.529048586426,7861.204436575566,7890.67919921875,3050000,0.0,0.0,-0.015072277107998966
2024-03-26,7915.399418235341,7948.677373747441,7884.023060181075,7899.23583984375,3255600,0.0,0.0,0.0010843984920647642
2024-03-27,7958.18485015978,8053.26471694783,7937.267279466409,7996.216796875,4146700,0.0,0.0,0.012277258078823072
2024-03-28,8006.8415350867235,8026.158402481384,7940.198342575145,7976.900390625,4305600,131.0,0.0,-0.002415693163490662
2024-03-29,7986.5585796478,8006.8412897908165,7912.188642456739,7925.71044921875,1747900,0.0,0.0,-0.0064172722360194
2024-04-01,7971.105484451126,8025.192714201431,7901.56476048645,7929.57421875,2669300,0.0,0.0,0.0004874981941374035
2024-04-02,7900.599396250153,7945.994038257948,7846.512163219591,7868.7265625,3245200,0.0,0.0,-0.007673508636330317
2024-04-03,7774.072976466419,7774.072976466419,7480.456603644232,7539.373046875,7154700,0.0,0.0,-0.041856012279623545
2024-04-04,7619.537620621811,7691.975866476372,7575.108829831013,7618.57177734375,4343900,0.0,0.0,0.010504683874420717
2024-04-05,7482.388321733,7492.046755090085,7366.487121447992,7476.59326171875,4297600,0.0,0.0,-0.018635844062953932
2024-04-08,7533.57776807871,7602.152642634298,7506.534155577915,7589.5966796875,2592300,0.0,0.0,0.015114292567892429
2024-04-09,7601.186735922235,7617.606071946464,7527.7826454609785,7612.77685546875,2363900,0.0,0.0,0.0030542039003584875
2024-04-10,7582.835922264722,7599.255258741413,7520.056106324433,7521.98779296875,2216200,0.0,0.0,-0.011925879902125347
2024-04-11,7418.643073740269,7475.627833713017,7409.950483235952,7459.20849609375,2406700,0.0,0.0,-0.008346104594012194
2024-04-12,7572.211891968325,7572.211891968325,7458.242376247374,7470.79833984375,2445900,0.0,0.0,0.0015537632117494926
2024-04-15,7388.701733513058,7406.0869140625,7322.058541406861,7406.0869140625,2492600,0.0,0.0,-0.0086619157468254
2024-04-16,7321.093090651581,7330.751524808114,7254.449894971508,7267.005859375,3649400,0.0,0.0,-0.018779290103038915
2024-04-17,7369.384826137112,7384.838319874752,7258.312839897824,7325.921875,3395400,0.0,0.0,0.008107330139137447
2024-04-18,7340.409433061009,7393.530817116056,7275.697928848497,7329.78515625,2772000,0.0,0.0,0.0005273440415989317
2024-04-19,7267.970847546215,7317.228855948189,7129.855255360287,7200.36181640625,4179200,0.0,0.0,-0.01765718054278753
2024-04-22,7231.269630009344,7290.18607817691,7190.704206680855,7267.9716796875,2692100,0.0,0.0,0.009389786930873223
2024-04-23,7307.570410833514,7335.579866545141,7213.883610694623,7241.89306640625,2093600,0.0,0.0,-0.003588155599743792
2024-04-24,7249.620513143933,7291.151779073215,7210.986777395764,7253.48388671875,2438500,0.0,0.0,0.0016005235380052163
2024-04-25,7195.533733074323,7233.201627784377,7114.402882929593,7153.03662109375,2646100,0.0,0.0,-0.013848140727095393
2024-04-26,7282.458913900101,7390.633369915594,7244.791022966136,7387.73583984375,4702800,0.0,0.0,0.03281113059842178
2024-04-30,7485.2863371063395,7511.3641088614195,7389.667840671045,7456.31103515625,4027600,0.0,0.0,0.009282302020418465
2024-05-01,7456.310504165575,7477.559057415788,7355.862797891842,7376.1455078125,2738400,0.0,0.0,-0.010751365784738898
2024-05-02,7340.40975660066,7362.624154548267,7312.400298318895,7316.263671875,1964700,0.0,0.0,-0.008118310013553232
2024-05-07,7461.139841887244,7565.450923171881,7440.857131637454,7493.978515625,5892100,0.0,0.0,0.0242903825942149
2024-05-08,7465.96901034568,7614.708884549203,7072.8707713792255,7086.392578125,13721900,0.0,0.0,-0.05438845823352445
2024-05-09,7154.001963601484,7392.56528006018,7127.924192166727,7337.51220703125,7462200,0.0,0.0,0.035436877951333434
2024-05-10,7510.397250047777,7726.746142024462,7421.539669414496,7580.90380859375,7567900,0.0,0.0,0.03317086155294802
2024-05-13,7601.187660789657,7755.722606879408,7587.665853006803,7737.37158203125,4532500,0.0,0.0,0.020639725471800263
2024-05-14,7870.657001553701,8151.717400062982,7853.271822264467,8146.88818359375,9032500,0.0,0.0,0.052927095102105914
2024-05-15,8074.4501389723555,8130.469051419772,8006.841106708233,8035.81640625,4130400,0.0,0.0,-0.01363364450827087
2024-05-16,8113.08425690407,8306.2529296875,8093.767389625727,8306.2529296875,7011200,0.0,0.0,0.033653895231748
2024-05-17,8210.633743122831,8250.233317698532,8138.195496947768,8212.5654296875,3995300,0.0,0.0,-0.011279153282841903
2024-05-20,8192.282853396682,8246.370078083102,8087.005933917758,8104.39111328125,3480100,0.0,0.0,-0.013171805732617003
2024-05-21,8138.196215773854,8197.112661200177,8093.7674208622,8120.81103515625,2169400,0.0,0.0,0.0020260524998714224
2024-05-22,8093.767269638367,8205.805098191833,8060.928595752006,8065.7578125,2848700,0.0,0.0,-0.006779276406988943
2024-05-23,8106.322888049451,8111.152104591837,7970.138981554161,7998.1484375,2962200,0.0,0.0,-0.008382271892074633
2024-05-24,7941.163860252628,8057.065059867115,7917.01777699961,7970.13916015625,2844600,0.0,0.0,-0.00350197018255205
2024-05-27,7952.7541500665575,8003.94384765625,7907.359512581358,8003.94384765625,1864200,0.0,0.0,0.00424141747348572
2024-05-28,7962.41232919693,7974.0024490356445,7889.008236885071,7912.1884765625,2307500,0.0,0.0,-0.011463769966429505
2024-05-29,7917.983716478716,8028.08985744951,7915.086186453168,7986.55859375,2453800,0.0,0.0,0.009399437008837497
2024-05-30,7943.095067973798,8080.244812581322,7866.793449494964,8072.51806640625,3737000,0.0,0.0,0.010763017843945732
2024-05-31,8172.00076218677,8336.194135259899,8159.444798363531,8262.7900390625,10945800,0.0,0.0,0.023570337172494682
2024-06-03,8191.317878921116,8412.496017616191,8191.317878921116,8374.828125,3719100,0.0,0.0,0.013559352882965392
2024-06-04,8366.135312720691,8580.552541931496,8329.4332644774,8547.7138671875,4179700,0.0,0.0,0.02064349734789328
2024-06-05,8537.089900098728,8571.860262855098,8445.334776158306,8453.0615234375,3786500,0.0,0.0,-0.011073410413671714
2024-06-06,8528.396266127656,8638.502401386837,8486.865004582529,8496.5234375,3031900,0.0,0.0,0.005141558941928359
2024-06-07,8451.129767365077,8470.446635404769,8377.725668814248,8455.958984375,2687700,0.0,0.0,-0.004774241302738735
2024-06-10,8424.085546159815,8457.890062797696,8283.072419613229,8440.5048828125,2983700,0.0,0.0,-0.0018275989265151837
2024-06-11,8295.628874729828,8454.993034041787,8269.551103206053,8378.69140625,2945800,0.0,0.0,-0.007323433541087332
2024-06-12,8306.253222827678,8357.442922921848,8227.054064191414,8253.1318359375,3173400,0.0,0.0,-0.014985582380900198
2024-06-13,8306.253024389423,8306.253024389423,8060.9288071574565,8077.34814453125,4137400,0.0,0.0,-0.021299028647623897
2024-06-14,8028.09033657956,8244.439258065824,8019.39774598413,8191.31787109375,5205900,0.0,0.0,0.014109795012322568
2024-06-17,8134.332773047386,8160.410543751765,8068.655424606728,8123.70849609375,2148900,0.0,0.0,-0.008253784807764064
2024-06-18,8209.668880899015,8431.812862382165,8135.298939272047,8375.7939453125,4951700,0.0,0.0,0.03103083392762862
2024-06-19,8497.490364795769,8509.08048577526,8223.19083494785,8287.90234375,4040000,0.0,0.0,-0.010493524809273569
2024-06-20,8242.506917854618,8254.097037729736,8076.381866311263,8198.078125,3238900,0.0,0.0,-0.010837991933838054
2024-06-21,8244.438743441995,8282.106633670935,8186.4881430897785,8192.283203125,3613300,0.0,0.0,-0.0007068634607577673
2024-06-24,8113.0837987901805,8244.438488865831,8095.698619221344,8202.9072265625,2457100,0.0,0.0,0.001296833028605171
2024-06-25,8285.004613103858,8352.613650515523,8202.907924818262,8337.16015625,2895200,0.0,0.0,0.016366505920335728
2024-06-26,8360.340174818632,8387.3837890625,8261.824151501685,8387.3837890625,3277300,0.0,0.0,0.006024069571801238
2024-06-27,8365.16942132709,8370.964481542764,8258.926650706377,8304.3212890625,2586000,0.0,0.0,-0.009903266869499494
2024-06-28,8315.910418538526,8341.988186401539,8205.804287561361,8263.7548828125,3377000,0.0,0.0,-0.004884975525143664
2024-07-01,8359.373815154768,8511.011214228054,8335.227732499787,8450.1630859375,3658600,0.0,0.0,0.022557324820065006
2024-07-02,8573.791061619719,8687.760572183099,8504.250343309859,8571.859375,4734000,0.0,0.0,0.014401649746266232
2024-07-03,8596.006159365506,8658.785979630535,8518.738688270085,8583.4501953125,2751700,0.0,0.0,0.0013521944079373238
2024-07-04,8609.527322957956,8624.014972704912,8501.352871514015,8528.396484375,2073200,0.0,0.0,-0.0064139372495648495
2024-07-05,8499.421592250197,8634.639663035996,8486.865628534373,8593.1083984375,2331900,0.0,0.0,0.007587817262138197
2024-07-08,8540.952367611406,8555.440017222869,8441.470506946023,8490.728515625,3026000,0.0,0.0,-0.011914184956763219
2024-07-09,8465.616857068528,8680.999921429768,8380.622643329561,8643.33203125,3476700,0.0,0.0,0.01797295901572782
2024-07-10,8649.127866210938,8692.5908203125,8562.201958007812,8692.5908203125,3541100,0.0,0.0,0.005699050885052737
2024-07-11,8711.907333877061,8856.783841646635,8707.078116951408,8789.1748046875,4692600,0.0,0.0,0.011111069918223526
2024-07-12,8691.623979406755,8712.872532306737,8583.449528279567,8611.458984375,3586000,0.0,0.0,-0.020219852746325984
2024-07-16,8636.570062854107,8636.570062854107,8490.72773680949,8523.56640625,3583900,0.0,0.0,-0.01020646771754663
2024-07-17,8528.397402665252,8533.226619767554,8398.0085409031,8449.1982421875,3340100,0.0,0.0,-0.008725005533830155
2024-07-18,8349.715071614584,8392.212175507128,8252.16490131579,8257.9599609375,3417600,0.0,0.0,-0.022633896822911836
2024-07-19,8327.501104356194,8381.588330271752,8237.677675603569,8281.140625,2284800,0.0,0.0,0.0028070690790644726
2024-07-22,8327.502080861024,8327.502080861024,8174.898818418894,8240.576171875,2468100,0.0,0.0,-0.004898413752634445
2024-07-23,8301.423244119238,8301.423244119238,8174.897770590486,8202.9072265625,2065700,0.0,0.0,-0.004571154313343206
2024-07-24,8163.308783860918,8238.644572448371,8140.128541218624,8196.1474609375,2202300,0.0,0.0,-0.0008240694961306749
2024-07-25,8115.015501160552,8141.0932705644245,7980.763280896173,7997.1826171875,3345800,0.0,0.0,-0.024275410453296287
2024-07-26,7988.490788553792,8058.997356993452,7938.266931583075,7965.310546875,2682600,0.0,0.0,-0.003985412343092021
2024-07-29,8059.962959810859,8097.6308514145285,7974.002899484536,8057.0654296875,2689000,0.0,0.0,0.011519310172846575
2024-07-30,8016.499384910682,8087.971789065308,8012.636011713135,8062.85986328125,2392800,0.0,0.0,0.0007191742011178892
2024-07-31,7953.720105871111,8126.606068099517,7896.735347371245,8101.494140625,3161800,0.0,0.0,0.004791634481915441
2024-08-01,7811.741306967149,7872.5894402929325,7722.883715443784,7828.16064453125,4510900,0.0,0.0,-0.03373865256818709
2024-08-02,7707.43021063645,7803.048705730812,7630.162739853127,7644.650390625,4588800,0.0,0.0,-0.023442320902605673
2024-08-05,6920.267749137988,6950.208893621349,6297.298775210005,6381.3271484375,11393600,0.0,0.0,-0.16525585574675505
2024-08-06,6857.487698980952,7262.176057554616,6857.487698980952,7250.5859375,7975500,0.0,0.0,0.13621912320783336
2024-08-07,7047.75900006793,7563.519354465117,6992.7059285311525,7386.77001953125,6964500,0.0,0.0,0.018782493332974104
2024-08-08,7147.2408043591395,7436.027966589327,7093.153576650476,7307.57080078125,5461900,0.0,0.0,-0.010721765878806355
2024-08-09,7359.72629961303,7597.323762828884,7321.092565756794,7534.5439453125,6010300,0.0,0.0,0.03105999937858761
2024-08-13,7534.544144783266,7566.416976058468,7422.506313634073,7485.2861328125,4147400,0.0,0.0,-0.006537597080530033
2024-08-14,7547.099831777496,7737.370969077236,7495.91013494051,7701.634765625,3556100,0.0,0.0,0.028903188064396623
2024-08-15,7610.845776323911,7682.318185898526,7575.109571536603,7628.23095703125,3361300,0.0,0.0,-0.009530938667901556
2024-08-16,7755.722576854675,7863.897038698725,7630.1629336428305,7840.716796875,3633900,0.0,0.0,0.027855192251080574
2024-08-19,7831.058588422855,7864.8631087231515,7739.303461893481,7790.4931640625,2377500,0.0,0.0,-0.006405489971595069
2024-08-20,7855.2042207417135,7898.6671729036925,7758.619882603982,7870.65771484375,2275000,0.0,0.0,0.01029004827974811
2024-08-21,7782.766008383315,7985.593119547437,7756.688236947928,7971.10546875,2646700,0.0,0.0,0.012762307490110869
2024-08-22,8021.3292822784815,8048.372896956844,7944.0618117688755,7993.31982421875,2576100,0.0,0.0,0.0027868600604821214
2024-08-23,7960.480371034385,8030.021087694719,7901.56393053049,7944.06103515625,2043800,0.0,0.0,-0.006162494451085521
2024-08-26,7816.570385763257,7890.940325180503,7794.355988274989,7833.95556640625,1994300,0.0,0.0,-0.01386009853936554
2024-08-27,7678.454289521659,7777.93615012804,7652.376520236491,7773.10693359375,2630700,0.0,0.0,-0.007767293584537649
2024-08-28,7678.454686372302,7735.439444422108,7637.889265387693,7694.8740234375,2242000,0.0,0.0,-0.01006456116255694
2024-08-29,7659.138103557814,7686.181718551461,7601.1875,7601.1875,2957500,0.0,0.0,-0.012175186124184001
2024-08-30,7592.494660482019,7659.137852388043,7592.494660482019,7632.09423828125,3566200,0.0,0.0,0.004066040770767776
2024-09-02,7685.2161177924445,7706.464673101158,7640.78732032877,7652.37744140625,1965200,0.0,0.0,0.002657619585364035
2024-09-03,7630.1624868904555,7695.83983487888,7610.845619835036,7655.2744140625,1857800,0.0,0.0,0.0003785715849005111
2024-09-04,7456.311054819434,7567.3830459210185,7388.702016757599,7435.0625,4368600,0.0,0.0,-0.028766037917331566
2024-09-05,7427.334994916974,7570.2798036618,7396.428009242417,7466.9345703125,3550500,0.0,0.0,0.004286725271307468
2024-09-06,7522.954213458976,7672.659939879074,7454.379332324609,7497.84228515625,4006100,0.0,0.0,0.004139277578061984
2024-09-09,7334.614679833764,7480.45703125,7271.834859687702,7480.45703125,2898500,0.0,0.0,-0.00231870093355635
2024-09-10,7484.3200914884865,7497.841898338511,7381.940696766874,7432.16455078125,3091200,0.0,0.0,-0.006455819513033201
2024-09-11,7423.4726372083915,7432.1652281184715,7231.269793752176,7281.49365234375,2684900,0.0,0.0,-0.02027281519509172
2024-09-12,7423.472465072448,7490.1156605044025,7354.897582816379,7390.6337890625,2857500,0.0,0.0,0.014988701759510503
2024-09-13,7375.179441009082,7384.837874011976,7294.048603784781,7323.98974609375,4421500,0.0,0.0,-0.009017365069201144
2024-09-17,7258.31276245279,7338.477760361449,7224.508245262391,7288.25390625,4672300,0.0,0.0,-0.0048792858923388804
2024-09-18,7319.160593177421,7404.154804341266,7236.098068630937,7300.8095703125,3062000,0.0,0.0,0.0017227259401231265
2024-09-19,7408.018485578489,7450.51559292731,7350.06788464828,7410.916015625,3543700,0.0,0.0,0.01508140217219589
2024-09-20,7534.544034565474,7557.724275153806,7399.325964466876,7408.0185546875,4244200,0.0,0.0,-0.00039097203792226587
2024-09-24,7436.993772072641,7568.3484672676905,7429.267025296462,7452.447265625,2959500,0.0,0.0,0.0059973811633324825
2024-09-25,7388.701678847667,7425.403726402727,7351.999631292607,7367.453125,3097000,0.0,0.0,-0.011404863073240623
2024-09-26,7533.5780072653515,7735.439264126692,7524.885417256968,7722.88330078125,6610700,0.0,0.0,0.04824328974352987
2024-09-27,7780.118740680915,7816.012056566849,7705.421840053429,7807.28125,4906500,35.0,0.0,0.010928295292279344
2024-09-30,7421.185747149603,7545.357221088839,7323.206693494426,7407.6044921875,8005600,0.0,0.0,-0.05119282180496576
2024-10-01,7527.895797126755,7560.878845722413,7450.2886239604995,7465.81005859375,3824300,0.0,0.0,0.007857542403571394
2024-10-02,7372.681376881844,7467.750163057425,7364.92065964302,7442.52783203125,3750500,0.0,0.0,-0.003118513112411736
2024-10-03,7567.668830426493,7595.801428309119,7467.749603464061,7532.74560546875,3407700,0.0,0.0,0.012121926242481651
2024-10-04,7537.59671790246,7570.579766603706,7499.763220862796,7511.404296875,2634200,0.0,0.0,-0.0028331381028261493
2024-10-07,7780.1187416436105,7904.290212831937,7669.528525116507,7845.11474609375,6734900,0.0,0.0,0.04442717180828426
2024-10-08,7763.627428831702,7815.042180016018,7733.554649837102,7797.58056640625,4095700,0.0,0.0,-0.006059080233487779
2024-10-09,7710.271866966325,7712.212046097419,7586.1004025763295,7641.3955078125,4708900,0.0,0.0,-0.020029938423032245
2024-10-10,7712.212652685849,7731.614445522795,7665.64834987718,7676.3193359375,2759600,0.0,0.0,0.004570346880919063
2024-10-11,7693.780962039264,7693.780962039264,7617.143880208334,7642.3662109375,2576200,0.0,0.0,-0.004423099602050784
2024-10-15,7673.409042127903,7787.879619494666,7670.498773211799,7706.39208984375,4705400,0.0,0.0,0.008377755938287601
2024-10-16,7624.904634589008,7766.537723221323,7617.143917403676,7691.8408203125,3533200,0.0,0.0,-0.0018882077840844946
2024-10-17,7741.315229586253,7843.174640501861,7712.212540753221,7754.896484375,3268000,0.0,0.0,0.008197733876133206
2024-10-18,7828.623498073911,7899.440042728111,7772.3582982116695,7779.14892578125,4274800,0.0,0.0,0.0031273713911095236
2024-10-21,7741.315528301997,7842.204853482875,7716.093197006777,7810.19189453125,2922600,0.0,0.0,0.003990535345983481
2024-10-22,7816.011690404084,7839.293840158298,7752.95586815309,7770.41748046875,2342900,0.0,0.0,-0.005092629553743788
2024-10-23,7821.832445062013,7874.217283463768,7808.251190661557,7836.3837890625,3147800,0.0,0.0,0.008489416271334038
2024-10-24,7795.640362130531,7860.636368136348,7739.375162901614,7827.6533203125,2711600,0.0,0.0,-0.0011140940751505068
2024-10-25,7824.742962940905,7826.683142202731,7740.345165051511,7762.6572265625,1962700,0.0,0.0,-0.008303394528387908
2024-10-28,7780.119087967218,7973.166930673636,7774.29854999617,7915.931640625,3595900,0.0,0.0,0.01974509624591181
2024-10-29,7886.828526013197,7941.1535441505575,7845.1146728005815,7897.49951171875,2635600,0.0,0.0,-0.0023284851035922927
2024-10-30,7857.726049116797,7958.615371228914,7842.204614945703,7849.96533203125,5957200,0.0,0.0,-0.006018889854563003
2024-10-31,7955.704901036871,8025.551353039634,7857.725850310773,7901.3798828125,4353800,0.0,0.0,0.006549653228588914
2024-11-01,7721.912973478903,7826.682646988415,7687.959838545265,7724.8232421875,3072400,0.0,0.0,-0.022345038872141232
2024-11-05,7365.8902155478545,7675.3487930218125,7357.159409286834,7427.005859375,6282100,0.0,0.0,-0.03855329416290498
2024-11-06,7690.87065634645,7894.589480492862,7498.792907865548,7857.72607421875,8209700,0.0,0.0,0.05799378955653545
2024-11-07,8051.743850559287,8112.859496653894,7948.91435078106,7962.49560546875,8257400,0.0,0.0,0.0133333142769827
2024-11-08,8031.372044089658,8043.983209275449,7888.768868527249,7947.9443359375,3520700,0.0,0.0,-0.0018274759889670422
2024-11-11,7978.0174147727275,8057.564767400569,7956.675442116477,8003.23974609375,3872200,0.0,0.0,0.006957196454714154
2024-11-12,8066.295609801222,8144.8728731077645,8044.953637051297,8090.5478515625,4608900,0.0,0.0,0.010909095346214537
2024-11-13,8009.060198673445,8026.521812478692,7768.47796402337,7824.7431640625,4779300,0.0,0.0,-0.03285373158613303
2024-11-14,7907.200519788323,8001.299213251636,7856.755859375,7856.755859375,3812400,0.0,0.0,0.0040912135569546315
2024-11-15,7925.632238197534,8068.235413107575,7909.140714568482,8011.97021484375,3396100,0.0,0.0,0.019755527376295046
2024-11-18,7925.63217475705,7999.358985685022,7898.469665467796,7954.73486328125,4441700,0.0,0.0,-0.0071437299475303195
2024-11-19,8008.089715767281,8120.620110319553,7900.4097692560545,7931.45263671875,5132800,0.0,0.0,-0.0029268387900607262
2024-11-20,7995.478464814309,8004.209271194231,7910.110580210613,7979.95703125,2671500,0.0,0.0,0.006115449054905575
2024-11-21,7907.20036013644,8022.641022982255,7853.845431930391,7957.64501953125,2562400,0.0,0.0,-0.002796006498703485
2024-11-22,7906.230518977314,7954.735000688832,7881.978278121555,7921.751953125,2533200,0.0,0.0,-0.0045105136404243185
2024-11-25,7952.795047056996,8003.239709468189,7887.799039719496,7953.76513671875,7427600,0.0,0.0,0.004041174702664296
2024-11-26,7872.277224103757,8093.457656278207,7871.307134488958,8060.474609375,4463400,0.0,0.0,0.013416221226299818
2024-11-27,8143.902273087509,8310.75768594886,8121.590212065351,8271.9541015625,5292100,0.0,0.0,0.026236605465084217
2024-11-28,8292.32701515367,8522.23828125,8188.527414004696,8522.23828125,6718000,0.0,0.0,0.030256959433590636
2024-11-29,8461.121374193033,8583.352662102725,8410.67671569062,8546.4892578125,6029400,0.0,0.0,0.0028456111836083764
2024-12-02,8633.797587432948,8771.55031298525,8480.523428015598,8590.1435546875,6247800,0.0,0.0,0.0051078630719736395
2024-12-03,8590.143941380033,8717.225686870805,8578.502865457214,8672.6015625,5079300,0.0,0.0,0.009599142003570371
2024-12-04,8676.480990320737,9002.431081191462,8676.480990320737,8907.3623046875,7974200,0.0,0.0,0.02706924104556996
2024-12-05,9052.875735442442,9089.739138565761,8908.332391616796,9016.982421875,5704400,0.0,0.0,0.01230668669779078
2024-12-06,9021.833966693806,9029.59468408451,8771.550830843591,8787.072265625,4212600,0.0,0.0,-0.025497460845908204
2024-12-09,8882.141297658285,8957.808294296265,8840.427440537347,8940.3466796875,3895900,0.0,0.0,0.017443172131644813
2024-12-10,8895.722119178447,8896.692208831573,8692.003292021689,8766.7001953125,4522700,0.0,0.0,-0.019422790927059452
2024-12-11,8876.319796916196,8902.512215989063,8815.204152412838,8830.7255859375,4178400,0.0,0.0,0.007303248565433407
2024-12-12,8876.320400336128,8927.73515238179,8832.666365580377,8865.6494140625,4192300,0.0,0.0,0.003954808445255642
2024-12-13,8812.293099329378,8868.558290848654,8790.951130132411,8851.0966796875,3674700,0.0,0.0,-0.0016414741543825384
2024-12-16,8900.572903729482,8983.030527360763,8829.756356375558,8909.3037109375,3151200,0.0,0.0,0.006576250758121294
2024-12-17,8986.910138962066,9300.24908271042,8975.26906365253,9206.150390625,7187700,0.0,0.0,0.03331872942248859
2024-12-18,9116.90278644428,9118.842965798705,8968.479065830748,8987.880859375,4292900,0.0,0.0,-0.023709099024959768
2024-12-19,8880.200035700054,9184.808164519129,8861.768333637752,9128.54296875,7302900,0.0,0.0,0.0156501973686356
2024-12-20,9118.841784682674,9138.243575713914,8857.8876953125,8857.8876953125,6103200,0.0,0.0,-0.029649339918105477
2024-12-23,8988.850901661828,9020.86386084107,8895.722293140401,8896.6923828125,2876400,0.0,0.0,0.004380805992893144
2024-12-24,8998.550626320708,9029.593491784513,8890.870686743132,8951.986328125,2319000,0.0,0.0,0.0062151126433596104
2024-12-25,8924.82421875,8934.525114639946,8800.652751358695,8924.82421875,2559200,0.0,0.0,-0.003034199157528117
2024-12-26,8905.422132323165,9000.490908899163,8895.721236754185,8983.029296875,2843000,0.0,0.0,0.0065217058284148255
2024-12-27,9026.68482985879,9088.7705718374,8959.748639288102,9070.3388671875,3242000,0.0,0.0,0.009719390578284415
2024-12-30,9147.945031675034,9157.645927784974,8980.11952897304,8986.91015625,2486400,0.0,0.0,-0.009197970677733869
2025-01-06,9012.132607927922,9015.042876800235,8750.20840941979,8798.712890625,4961000,0.0,0.0,-0.020941264834401063
2025-01-07,8911.24356500976,8919.974371899056,8807.443971992554,8884.0810546875,3532800,0.0,0.0,0.009702346823188046
2025-01-08,8798.711981740706,8818.113772218634,8622.155688391555,8636.70703125,4676000,0.0,0.0,-0.027844638282197853
2025-01-09,8638.647895726814,8860.798414325514,8637.677806125947,8846.2470703125,4549700,0.0,0.0,0.024261566162233628
2025-01-10,8775.430571559391,8996.611001618594,8747.29797299923,8971.388671875,4441100,0.0,0.0,0.014146292836706875
2025-01-14,8973.329598843362,9120.783231170302,8964.598791666109,9052.876953125,6936600,0.0,0.0,0.00908312907069364
2025-01-15,9278.9072265625,9338.082693454326,9201.300056868304,9278.9072265625,7207700,0.0,0.0,0.024967783678919497
2025-01-16,9409.869034720412,9440.911901639078,9192.568966289755,9303.1591796875,7253600,0.0,0.0,0.00261366479185976
2025-01-17,9215.852169647233,9309.950870747842,8631.85816900222,8906.3935546875,18672900,0.0,0.0,-0.0426484828794822
2025-01-20,9021.833330700203,9178.987846783368,8634.767578125,8634.767578125,11497600,0.0,0.0,-0.030497863685749804
2025-01-21,8728.867084919906,8900.572961118041,8687.153227990415,8773.4912109375,6359200,0.0,0.0,0.016065705481631776
2025-01-22,8876.319896287485,9136.303910736124,8840.426580859874,9122.72265625,6957200,0.0,0.0,0.03980529950005862
2025-01-23,9118.842660548959,9482.626277326179,9114.962301970003,9273.0869140625,8457300,0.0,0.0,0.016482388370042678
2025-01-24,9256.59532928621,9657.242349931275,9251.744881094382,9594.1865234375,9196700,0.0,0.0,0.034627046241533455
2025-01-27,9567.024076109848,9631.049992660573,9466.134753060222,9500.087890625,5745900,0.0,0.0,-0.009807880280691572
2025-01-28,9430.241518769055,10001.624324504573,9430.241518769055,9943.4189453125,9432300,0.0,0.0,0.04666599507200275
2025-01-29,9909.466109256164,10045.278664840684,9851.26072829137,9885.2138671875,4044700,0.0,0.0,-0.005853628258561838
2025-01-30,9885.213503259893,10156.838604428956,9822.157676202787,10113.1845703125,4381800,0.0,0.0,0.023061787654560906
2025-01-31,10050.128249480695,10084.081385458669,9924.0166015625,9924.0166015625,4350000,0.0,0.0,-0.01870508418340422
2025-02-03,9807.605312308047,9957.969191972512,9749.399939534705,9870.6611328125,3774700,0.0,0.0,-0.005376398578535113
2025-02-04,10069.530823692909,10263.548758638823,10035.577685077375,10088.9326171875,4325100,0.0,0.0,0.022113157511750803
2025-02-05,9991.923134491823,10457.566154351636,9982.222238244743,10379.958984375,7620900,0.0,0.0,0.0288461007948162
2025-02-06,10423.613463245738,10680.687224786932,10350.85673828125,10670.986328125,5867100,0.0,0.0,0.028037427140905402
2025-02-07,10413.912085876042,10569.126425302233,10409.061637768973,10481.818359375,4215200,0.0,0.0,-0.017727318069129083
2025-02-10,10413.911769118655,10670.985510973936,10409.061321159123,10607.9296875,3952700,0.0,0.0,0.012031436130755413
2025-02-12,10656.434432455317,10695.238017097849,10428.463372680442,10651.583984375,6360400,0.0,0.0,0.004115251341309412
2025-02-13,10700.089061631945,10947.46192751736,10656.435026475694,10913.5087890625,5222000,0.0,0.0,0.024590221048035987
2025-02-14,10782.546547597543,10947.46178944114,10598.229512595875,10908.658203125,5319100,0.0,0.0,-0.0004444570514627877
2025-02-17,10855.30253212072,11117.226721903795,10855.30253212072,11054.1708984375,5049100,0.0,0.0,0.01333919283224172
2025-02-18,11059.021885234717,11165.731745530842,10976.564265914983,11107.5263671875,3617700,0.0,0.0,0.004826727326745273
2025-02-19,11257.890979169988,11447.058470849277,11175.433354591836,11408.2548828125,6799600,0.0,0.0,0.0270743013055883
2025-02-20,11262.740836121084,11335.497559868636,11000.816630629895,11146.330078125,5193000,0.0,0.0,-0.02295923499063046
2025-02-21,11146.331070459133,11219.087800684063,10957.163571874318,11112.3779296875,5369900,0.0,0.0,-0.0030460383103253497
2025-02-25,11063.871398548023,11228.786623252376,10971.712890625,10971.712890625,4530400,0.0,0.0,-0.012658410283788446
2025-02-26,10986.26443298697,11049.320255339657,10603.07905099758,10772.8447265625,5732500,0.0,0.0,-0.018125534822591494
2025-02-27,10767.995554070723,11117.227842310855,10753.444208727384,11059.0224609375,3961700,0.0,0.0,0.026564732124039203
2025-02-28,10835.900114107304,11010.516230538755,10724.33981749832,10826.19921875,10565400,0.0,0.0,-0.021052786809130253
2025-03-03,11005.667094565493,11044.470680619492,10632.182578795751,10734.0419921875,4699300,0.0,0.0,-0.008512426632875214
2025-03-04,10748.593174415993,10826.200345350406,10598.229280730571,10797.09765625,3937900,0.0,0.0,0.005874363460511178
2025-03-05,10826.200608221476,10995.966298762583,10661.285365981543,10840.751953125,3638100,0.0,0.0,0.004043151063816808
2025-03-06,10962.013082592226,11068.722944458168,10923.209496459156,11044.470703125,3798500,0.0,0.0,0.01879193905375498
2025-03-07,10195.641655894715,10554.574806482826,9928.867016944092,10025.8759765625,8654000,0.0,0.0,-0.09222666743769725
2025-03-10,9894.91455444153,9953.119934173537,9617.468911052287,9705.7470703125,6778900,0.0,0.0,-0.03193026793851883
2025-03-11,9414.71961487211,9754.2509765625,9347.783432138862,9754.2509765625,7548900,0.0,0.0,0.0049974418144855814
2025-03-12,9807.605871485914,9914.315727654404,9700.896015317421,9856.1103515625,3702800,0.0,0.0,0.010442562452488424
2025-03-13,10084.08197129405,10132.586454080458,9870.662247033859,9875.5126953125,4437100,0.0,0.0,0.0019685599144010357
2025-03-14,9783.353598868272,10040.427342418106,9754.250910919234,9957.9697265625,3655500,0.0,0.0,0.00834964561274254
2025-03-17,10142.287311144111,10156.838655923371,9948.26938075398,9977.3720703125,2715300,0.0,0.0,0.0019484236528903853
2025-03-18,9957.969864441335,10050.128377555988,9875.512247444012,9962.8203125,3240700,0.0,0.0,-0.0014584760105116334
2025-03-19,10200.49217639218,10331.454272808056,10161.688592268956,10234.4453125,4156500,0.0,0.0,0.027263866202545284
2025-03-21,10428.462987429726,10578.82687236476,10355.706268912776,10569.1259765625,6406700,0.0,0.0,0.032701397471315063
2025-03-24,10670.985588166512,10675.836036161132,10370.2578125,10370.2578125,3046600,0.0,0.0,-0.018815951716679158
2025-03-25,10467.26688868004,10510.92092111661,10409.061512097946,10443.0146484375,2840800,0.0,0.0,0.00701591390040468
2025-03-26,10738.89193685183,11107.525987078001,10704.938800646789,10991.115234375,6665800,0.0,0.0,0.05248490061435551
2025-03-27,10661.285281087092,10801.94828070107,10583.678108886275,10700.0888671875,6592200,0.0,0.0,-0.026478329176033655
2025-03-28,10656.096309702352,10729.418073301222,10489.900312211583,10592.55078125,4277400,85.0,0.0,-0.010050204934958229
2025-03-31,10216.165422539565,10313.927771080615,9883.7734375,9883.7734375,6799600,0.0,0.0,-0.06691281055783227
2025-04-01,10069.521690118203,10274.822617780806,9966.8712262869,9976.6474609375,5209500,0.0,0.0,0.009396615981212886
2025-04-02,10030.417153385917,10235.718089273932,9917.990450399622,10186.8369140625,5724600,0.0,0.0,0.021068144779894604
2025-04-03,9610.038474431114,9991.311618381076,9588.530758618552,9854.4443359375,12951900,0.0,0.0,-0.03262961613394888
2025-04-04,9766.458128108712,9883.772940458366,9593.418779892972,9753.7490234375,10525000,0.0,0.0,-0.0102182638682915
2025-04-07,8779.059077676337,9406.693368084823,8761.461854580772,8988.2705078125,13795600,0.0,0.0,-0.0784804400631608
2025-04-08,9338.258826275276,9795.786582839015,9338.258826275276,9620.7919921875,11425300,0.0,0.0,0.07037187897551811
2025-04-09,9422.335098933412,9524.985564319179,8967.74018079645,9194.548828125,11155800,0.0,0.0,-0.04430437373644791
2025-04-10,9971.75941144098,10289.487039746698,9790.89906917465,10269.9345703125,8557300,0.0,0.0,0.11695905501072845
2025-04-11,9688.248789996265,9869.109135722734,9563.112983223356,9815.33984375,8428900,0.0,0.0,-0.044264617602979284
2025-04-14,10020.640002264492,10265.04585597826,10010.863768115942,10118.40234375,4269300,0.0,0.0,0.030876414349827908
2025-04-15,10328.592265966157,10328.592265966157,10059.745803766375,10074.41015625,2888500,0.0,0.0,-0.004347740483671703
2025-04-16,9991.312072024402,10025.52889418887,9687.271166505852,9815.33984375,4090400,0.0,0.0,-0.025715680469816538
2025-04-17,9734.196747655116,10113.5146484375,9709.756161264499,10113.5146484375,3582900,0.0,0.0,0.03037844938984624
2025-04-18,10084.185788896757,10147.731312530135,10035.304616871083,10137.955078125,2673600,0.0,0.0,0.002416610895132898
2025-04-21,10059.745987943814,10128.179634120303,9986.42422418329,10015.7529296875,3148200,0.0,0.0,-0.012053924829592111
2025-04-22,9908.213422335688,10001.087647804054,9805.562962607493,9947.318359375,3561700,0.0,0.0,-0.006832693537163315
2025-04-23,10269.934352777695,10338.367994347846,10093.962131597305,10181.9482421875,4159600,0.0,0.0,0.023587249782889508
2025-04-24,10636.543579545454,10788.075220614346,10519.22876065341,10753.8583984375,8524500,0.0,0.0,0.05616902999765494
2025-04-25,10949.383497807017,11159.572556023848,10841.844909882127,11144.908203125,6862200,0.0,0.0,0.03636367433890686
2025-04-28,11330.656646261477,11350.20911674683,11110.691353301268,11179.125,4523200,0.0,0.0,0.003070173055836012
2025-04-30,11286.66343223333,11589.726720582603,11242.670374247147,11565.2861328125,7511400,0.0,0.0,0.03454305527601664
2025-05-01,11658.160136549892,11873.2373046875,11604.39084451549,11873.2373046875,7359200,0.0,0.0,0.026627198699502586
2025-05-02,11951.447582059693,12259.398992149574,11892.790170614002,12083.4267578125,8348900,0.0,0.0,0.017702792231906184
2025-05-07,12093.202860893218,12195.853329801366,11970.999921716852,12073.650390625,8420500,0.0,0.0,-0.0008090724083033018
2025-05-08,12142.083570026518,12176.300391681181,11751.0341796875,11751.0341796875,6591700,0.0,0.0,-0.02672068516974835
2025-05-09,11648.383998089837,12093.202690421425,11477.299885654611,11555.509765625,12559500,0.0,0.0,-0.01663891118625782
2025-05-12,11702.153039487532,11702.153039487532,11247.558121913455,11320.8798828125,4911100,0.0,0.0,-0.020304589548309715
2025-05-13,11716.81764718802,11897.677994683205,11560.397887192184,11736.3701171875,6146400,0.0,0.0,0.03670123158941041
2025-05-14,11731.481370192307,11819.46748046875,11433.30621869992,11438.1943359375,4278500,0.0,0.0,-0.025406133095047134
2025-05-15,11267.111250051195,11359.985485951835,11076.474660570937,11188.9013671875,5201200,0.0,0.0,-0.021794783462172007
2025-05-16,11140.020316946548,11418.643027813574,11076.474786397926,11379.5380859375,4188400,0.0,0.0,0.017038019417085826
2025-05-19,11335.544763456728,11369.761586804809,11179.124999579792,11359.9853515625,3076800,0.0,0.0,-0.0017182362084768865
2025-05-20,11389.312857423569,11423.529677166902,11213.340641600715,11271.998046875,3846000,0.0,0.0,-0.007745371315588723
2025-05-21,11291.551408018477,11301.327643003773,10978.71188848896,11012.9287109375,3974200,0.0,0.0,-0.022983444005237663
2025-05-22,10998.263985770089,11208.453030831473,10871.172935267858,10949.3828125,3957200,0.0,0.0,-0.00577011802268268
2025-05-23,11193.7888142214,11535.95703125,11076.47399695445,11535.95703125,5781700,0.0,0.0,0.053571441312688206
2025-05-26,11609.278537417074,11755.92205578445,11423.530080818402,11697.2646484375,4795100,0.0,0.0,0.013983028607902348
2025-05-27,11702.153014261572,11936.782648632732,11643.495605668782,11931.89453125,4107400,0.0,0.0,0.02005852563520838
2025-05-28,11927.006172839505,12146.971450617284,11814.579475308641,11878.125,6278300,0.0,0.0,-0.004506369974120683
2025-05-29,12073.650126089822,12093.202595929642,11883.013545151562,12054.09765625,4968400,0.0,0.0,0.014814851354906677
2025-05-30,11760.810405774715,11853.684635911755,11570.173828125,11570.173828125,11449100,0.0,0.0,-0.04014600195926632
2025-06-02,11521.292438271605,11570.173611111111,11296.439043209875,11482.1875,5194700,0.0,0.0,-0.007604581351329465
2025-06-03,11711.929333449123,11721.705568285059,11433.306640625,11433.306640625,4593900,0.0,0.0,-0.004257103393843775
2025-06-04,11829.244008154983,11843.90836023121,11648.38366588154,11819.4677734375,6499200,0.0,0.0,0.03377510504619785
2025-06-05,11741.257642734705,11912.341746604694,11531.068600837289,11584.837890625,5145900,0.0,0.0,-0.019851137742411318
2025-06-06,11907.453876391222,11936.782580520265,11589.726248326597,11638.607421875,5133100,0.0,0.0,0.004641371053928367
2025-06-09,11638.607300613101,11814.579523553912,11619.054831397454,11809.69140625,4118800,0.0,0.0,0.014699695433789017
2025-06-10,11716.817022198342,11907.453594524473,11614.16656017658,11834.1318359375,5218300,0.0,0.0,0.002069523143895635
2025-06-11,11565.285408239122,11584.83787723023,11257.334021629205,11403.9775390625,8474600,0.0,0.0,-0.03634861456999505
2025-06-12,11663.048510193674,11716.81780340915,11516.40498324237,11531.0693359375,4948500,0.0,0.0,0.011144514836132213
2025-06-13,11604.391364757459,11653.272541525603,11355.097363239922,11550.6220703125,5228500,0.0,0.0,0.001695656647737076
2025-06-16,11751.033671580682,11912.341538120683,11575.061453537044,11677.7119140625,4136000,0.0,0.0,0.011002857073529215
2025-06-17,11731.481423331994,12161.6357421875,11658.159664436169,12161.6357421875,6426100,0.0,0.0,0.04143995259398814
2025-06-18,12244.733864624575,13021.944517109729,12244.733864624575,12963.287109375,11609300,0.0,0.0,0.06591640994530468
2025-06-19,12850.860124617468,13197.916445974577,12826.419538606404,12977.951171875,7710700,0.0,0.0,0.0011311993922740182
2025-06-20,12806.86715988315,12841.083980539326,12445.146484375,12445.146484375,8246200,0.0,0.0,-0.041054607190591175
2025-06-23,12430.482313582157,12454.922900120857,12205.62891742613,12386.4892578125,5145600,0.0,0.0,-0.004713261240929967
2025-06-24,12679.776707866464,12689.552942799282,12454.923304411623,12596.6787109375,3948300,0.0,0.0,0.016969251637822147
2025-06-25,12665.112701381739,13168.588814173061,12596.679054982918,13056.162109375,8449800,0.0,0.0,0.03647655139751538
2025-06-26,13100.154561754844,13271.238669837463,12992.615979531483,13119.70703125,6440700,0.0,0.0,0.004867044491533301
2025-06-27,13227.245466113352,13334.784047138664,13080.601946533383,13325.0078125,6649900,0.0,0.0,0.015648274825115438
2025-06-30,13486.31606571956,13593.854649788365,13403.21806893912,13569.4140625,6680400,0.0,0.0,0.018341921703845188
2025-07-01,13496.092205169745,13500.980322592843,13114.81904616821,13129.4833984375,4228900,0.0,0.0,-0.03242075612375028
2025-07-02,12836.195537109375,12929.069762244591,12679.775789513222,12709.1044921875,5284400,0.0,0.0,-0.03201793196981595
2025-07-03,12836.196023878481,13007.280129299557,12713.993091434855,12816.6435546875,5053300,0.0,0.0,0.00846157670401615
2025-07-04,12977.951643510298,13012.16846516927,12845.97247425426,12904.6298828125,2676800,0.0,0.0,0.006865005471172747
2025-07-07,12811.755652595288,12924.182352331913,12787.315065696022,12904.6298828125,2000100,0.0,0.0,0.0
2025-07-08,12709.10460185895,12806.866944950172,12538.02050144931,12753.09765625,4612500,0.0,0.0,-0.011742469790964272
2025-07-09,12718.881015805497,12753.097836370693,12464.69892017833,12694.4404296875,4198100,0.0,0.0,-0.004599449337216788
2025-07-10,12640.67149300079,12684.664549240932,12362.04880347989,12396.265625,5167700,0.0,0.0,-0.02348861348706488
2025-07-11,12464.698843830065,12518.468132960312,12362.048382763229,12401.1533203125,3087700,0.0,0.0,0.00039428772021810055
2025-07-14,12278.950241443154,12303.390827114816,12078.537438935524,12210.5166015625,3494800,0.0,0.0,-0.015372499139878038
2025-07-15,12445.147193113773,12469.587780688624,12190.96508233533,12244.734375,2363700,0.0,0.0,0.0028023198816273798
2025-07-16,12322.943577072667,12459.810859959629,12171.411942447814,12410.9296875,3319900,0.0,0.0,0.0135727985116052
2025-07-17,12630.894905780708,12694.4404296875,12542.90879575592,12694.4404296875,3894700,0.0,0.0,0.02284363454842908
2025-07-18,12709.105071197957,12782.426831224098,12606.454607161357,12679.7763671875,3286900,0.0,0.0,-0.0011551562734271048
2025-07-22,12806.866792315175,12929.069719722762,12479.36294686284,12562.4609375,4173900,0.0,0.0,-0.009252168673186234
2025-07-23,12596.678949040645,12684.665065099136,12396.266129129637,12650.4482421875,4544600,0.0,0.0,0.007003986330803347
2025-07-24,12885.077413293087,12987.727878270005,12679.776483339252,12904.6298828125,4034300,0.0,0.0,0.02009269835809757
2025-07-25,12772.650377356487,13031.720591669497,12557.573218304178,12591.7900390625,3978400,0.0,0.0,-0.02424244992618252
2025-07-28,12826.419691514207,12826.419691514207,12494.027717801187,12557.5732421875,3064400,0.0,0.0,-0.002717389407610238
2025-07-29,12474.474852467813,12572.237194571791,12435.36991562622,12528.244140625,2563200,0.0,0.0,-0.002335570814269161
2025-07-30,12586.902177085381,12591.790294435707,12406.041835123378,12430.482421875,3059000,0.0,0.0,-0.007803305686947093
2025-07-31,12396.26575736308,12450.035048897384,12200.741060874705,12406.0419921875,4314200,0.0,0.0,-0.001966169039786414
2025-08-01,12533.133256004367,12650.448075873363,12249.62244132096,12313.16796875,4807400,0.0,0.0,-0.007486192896653532
2025-08-04,12220.293027756798,13153.923415077415,12215.404910545694,12943.734375,11192700,0.0,0.0,0.051210736980956906
2025-08-05,13334.783631895267,13349.447983396618,12953.510492860138,13114.818359375,6151200,0.0,0.0,0.01321751354118006
2025-08-06,12943.734627109607,13285.902838551327,12938.846509803298,13178.3642578125,4046400,0.0,0.0,0.004845351014112653
2025-08-07,13237.020928469194,13520.531716449701,13085.489300410647,13447.2099609375,5145600,0.0,0.0,0.020400536657318558
2025-08-08,13740.498110142373,14248.862323395593,13618.295174264194,14033.78515625,9143300,0.0,0.0,0.04362058724571338
2025-08-12,14014.232387108412,14024.008621769806,13667.176056628921,13867.5888671875,6322700,0.0,0.0,-0.011842584677768442
2025-08-13,13872.47719940346,14038.673191221542,13843.148494964975,13955.5751953125,5275700,0.0,0.0,0.0063447459372831805
2025-08-14,14126.658520611116,14248.861448990105,13608.518104284203,13862.7001953125,5995300,0.0,0.0,-0.006655046366787931
2025-08-15,13882.253621419271,14126.659495035807,13818.70809427897,14077.7783203125,3764900,0.0,0.0,0.015514879638869106
2025-08-18,14077.778275332652,14463.939554412957,13989.792161111822,14327.072265625,4388200,0.0,0.0,0.01770833008165784
2025-08-19,14239.086004884522,14273.302826729423,13784.491086088005,13955.5751953125,4671200,0.0,0.0,-0.025929726843343603
2025-08-20,13804.042889607452,13887.140881506648,13456.98657049905,13510.755859375,4471300,0.0,0.0,-0.03187395214544142
2025-08-21,13496.092161524937,13510.756513746803,13300.567465233376,13378.77734375,3086100,0.0,0.0,-0.00976840355925912
2025-08-22,13491.203570698583,13579.189680942269,13417.881812162177,13452.0986328125,2893600,0.0,0.0,0.0054804177675289445
2025-08-25,13579.189546875,13623.182601562501,13364.112390625,13442.322265625,3436600,0.0,0.0,-0.0007267540518661741
2025-08-26,13354.336590226432,13442.322702460722,13222.357421875,13222.357421875,3348200,0.0,0.0,-0.016363604398363485
2025-08-27,13100.15445385514,13168.588096524532,12914.405995181076,13075.7138671875,4065800,0.0,0.0,-0.011090575606804709
2025-08-28,13021.944815129375,13188.14080751466,12982.839875744601,13129.4833984375,5400000,0.0,0.0,0.004112167931796806
2025-08-29,13002.392710192054,13144.148119438509,12938.847181909161,13012.1689453125,3503300,0.0,0.0,-0.008935191855222624
2025-09-01,12894.853963432746,12924.182668429183,12718.881733454135,12855.7490234375,3112800,0.0,0.0,-0.012021049106601733
2025-09-02,12880.189079558186,12943.734604428872,12782.426733603284,12816.6435546875,2280200,0.0,0.0,-0.003041866224885559
2025-09-03,12718.881627658813,12929.07067838492,12694.44104036508,12811.755859375,3603000,0.0,0.0,-0.00038135532845584574
2025-09-04,12855.749052807801,13070.826223273027,12841.08470027608,13002.392578125,3676600,0.0,0.0,0.014879827624134867
2025-09-05,13070.82582378603,13090.378293230737,12855.748659894263,12973.0634765625,2841600,0.0,0.0,-0.0022556695920598058
2025-09-08,13075.71399182492,13510.75643865573,12992.615996362854,13481.427734375,5227800,0.0,0.0,0.03918613816473848
2025-09-09,13686.72798967431,13716.056692509326,13432.5458984375,13432.5458984375,4039300,0.0,0.0,-0.003625864923257449
2025-09-10,13354.336682491843,13559.637612456943,13276.1268044099,13481.427734375,3408200,0.0,0.0,0.003639059662039701
2025-09-11,13608.518672703181,13970.239355813826,13432.546448487192,13833.3720703125,5802100,0.0,0.0,0.026105865259367977
2025-09-12,13911.582163607136,13975.127690004498,13730.721819245413,13921.3583984375,4940300,0.0,0.0,0.006360439643911864
2025-09-16,13657.399263413112,13716.056668982532,13359.224118435232,13466.7626953125,5856000,0.0,0.0,-0.03265455066339096
2025-09-17,13412.9941326884,13466.76342403664,13217.469436876616,13232.1337890625,4333200,0.0,0.0,-0.017422814343618698
2025-09-18,13129.483629640441,13188.141039750524,12797.091639016631,12821.5322265625,6126100,0.0,0.0,-0.03103063867442135
2025-09-19,12669.999829101562,12757.985939025879,12494.02760925293,12513.580078125,11173100,0.0,0.0,-0.0240183577903047
2025-09-22,12938.846350064001,13012.168108753445,12410.9296875,12410.9296875,5838200,0.0,0.0,-0.008203119329890485
2025-09-24,12513.580152671755,12836.195890982824,12435.370276717556,12806.8671875,5542200,0.0,0.0,0.03190232399743431
2025-09-25,12684.664156846513,12757.985914978573,12547.796875,12547.796875,4131400,0.0,0.0,-0.020229015317099752
2025-09-26,12513.579807692307,12889.964825345553,12498.91545635517,12709.1044921875,4750500,0.0,0.0,0.01285545333530913
2025-09-29,12711.06639404297,12745.394119644165,12460.964393234253,12554.1396484375,4054100,42.0,0.0,-0.012193215017254677
2025-09-30,12554.139984381101,12720.874656048662,12407.021156439134,12559.0439453125,4416200,0.0,0.0,0.0003906517700407175
2025-10-01,12563.9473445012,12814.049340820313,12495.29189453125,12750.2978515625,5492000,0.0,0.0,0.015228381004382285
2025-10-02,12578.659420677308,12662.026754069711,12382.50098916577,12539.427734375,5274700,0.0,0.0,-0.01653844636748303
2025-10-03,12456.060789087183,12495.292476611869,12313.845921810205,12416.8291015625,3347800,0.0,0.0,-0.009777051665317504
2025-10-06,12456.060889222212,12720.874782142684,12210.862840221775,12617.8916015625,7075600,0.0,0.0,0.016192741186612514
2025-10-07,12627.699375226231,12701.2587890625,12490.388469398527,12701.2587890625,3182600,0.0,0.0,0.006607061633789657
2025-10-08,12848.377393319384,12975.88037508515,12578.65954727642,12598.275390625,3765100,0.0,0.0,-0.008108125355746787
2025-10-09,12647.314613507944,12676.738377633981,12343.269050872235,12421.732421875,4382200,0.0,0.0,-0.01401326477442888
2025-10-10,12387.405415762514,12436.445025484456,12147.111328125,12147.111328125,4091200,0.0,0.0,-0.022108115391890504
2025-10-14,11921.529153934602,12299.134149760584,11887.201427041331,12161.8232421875,4698400,0.0,0.0,0.0012111450751617348
2025-10-15,12254.99841401256,12377.597437762184,12176.535038812799,12274.6142578125,3187700,0.0,0.0,0.00927418639285471
2025-10-16,12122.59135802469,12137.30324074074,11892.10519547325,11916.625,4702900,0.0,0.0,-0.029165010834018568
2025-10-17,11857.777486279572,12284.42208566184,11764.602228943215,12230.478515625,7336500,0.0,0.0,0.026337450043531607
2025-10-20,12524.716342942334,12715.970821162675,12485.484655102264,12617.8916015625,4976500,0.0,0.0,0.03167603666876673
2025-10-21,12848.377571221205,12985.6884765625,12598.275565063845,12985.6884765625,6753500,0.0,0.0,0.029148837746747924
2025-10-22,13044.535721098817,13054.343642693628,12809.14560282335,12853.28125,5433300,0.0,0.0,-0.010196396348293613
2025-10-23,12608.08341639727,12848.377499401342,12583.5636120091,12799.337890625,3198900,0.0,0.0,-0.00419685513183643
2025-10-24,12828.761207651869,12872.89685400847,12593.37109375,12593.37109375,2999600,0.0,0.0,-0.016091988400889212
2025-10-27,12612.987377274905,12936.648795198755,12612.987377274905,12799.337890625,2816000,0.0,0.0,0.016355175698524516
2025-10-28,12760.106476427543,12809.146086252398,12622.795568917945,12774.818359375,2209900,0.0,0.0,-0.0019156874722371375
2025-10-29,12725.777919952063,12921.936346463848,12652.218510010143,12691.4501953125,2914800,0.0,0.0,-0.006525976473185535
2025-10-30,12603.178839532098,12696.354091653153,12407.020414014089,12662.0263671875,4178000,0.0,0.0,-0.0023183976355883873
2025-10-31,12745.393986261499,12867.993004982753,12662.026653531046,12794.43359375,3719900,0.0,0.0,0.010457032920546006
2025-11-04,12828.761433589223,12985.68817895423,12652.218845053592,12696.3544921875,5475200,0.0,0.0,-0.007665763462198938
2025-11-05,13731.090624999999,13991.0005546875,13270.118296875,13485.892578125,15706300,0.0,0.0,0.062186203640055115
2025-11-06,14162.638611640377,14348.989119688276,13677.146498568216,13834.0732421875,11096000,0.0,0.0,0.025818140107928267
2025-11-07,13804.649706925904,13834.073471842974,13338.773429072276,13637.9150390625,5368400,0.0,0.0,-0.014179352652753718
2025-11-10,13574.163165983606,13593.779008709016,13113.190861936475,13162.23046875,4114800,0.0,0.0,-0.034879566924270855
2025-11-11,13368.19723406514,13490.79625492047,13275.021978215089,13353.4853515625,3720400,0.0,0.0,0.014530583039598088
2025-11-12,13353.48495102066,13618.298828125,13309.349304836605,13618.298828125,3545300,0.0,0.0,0.01983103808411446
2025-11-13,13711.47493310922,13716.378894101033,13343.677858723244,13402.525390625,3633400,0.0,0.0,-0.015844375294098878
2025-11-14,13132.807406186083,13294.638117315335,13122.99948429946,13186.7509765625,2970800,0.0,0.0,-0.016099534063441
2025-11-17,13240.694515543559,13260.31035927029,13054.344000139614,13172.0390625,1849400,0.0,0.0,-0.0011156587463165835
2025-11-18,12995.496641216856,13122.999627130683,12858.18573330966,12946.45703125,2971500,0.0,0.0,-0.01712582464868473
2025-11-19,12863.089012210405,12956.26426620659,12701.258307901238,12779.7216796875,3496500,0.0,0.0,-0.012878840223239152
2025-11-20,13024.919585687383,13122.998799435029,12872.896804378532,13020.015625,2756500,0.0,0.0,0.01880275262132125
2025-11-21,12946.456913768796,13172.039117569313,12917.033148055685,13044.5361328125,4415900,0.0,0.0,0.0018832932708174877
2025-11-25,13029.823870775177,13039.631792394126,12774.817908682475,12867.9931640625,3185700,0.0,0.0,-0.013533863293606951
2025-11-26,12818.953474009491,13039.631709024958,12765.009905450157,12980.7841796875,2708400,0.0,0.0,0.008765237452876606
2025-11-27,12966.072812855922,13088.671837183228,12882.705476313355,12917.033203125,1719100,0.0,0.0,-0.004911180686776873
2025-11-28,12990.592196177287,13176.942707107728,12951.360509665616,13024.919921875,2624100,0.0,0.0,0.008352283148416628
2025-12-01,12946.45674870838,13088.671614508587,12725.778508673578,12814.0498046875,2522400,0.0,0.0,-0.016189743848893046
2025-12-02,12711.066860182666,12912.129260363025,12588.467835682448,12617.8916015625,2587200,0.0,0.0,-0.015308056868426068
2025-12-03,12465.868373573934,12578.659472154657,12338.365392569636,12411.9248046875,3002900,0.0,0.0,-0.0163233924794135
2025-12-04,12460.964549453884,12696.354670813107,12411.924940837378,12627.69921875,2564600,0.0,0.0,0.01738444419039742
2025-12-05,12333.4617578125,12402.1172109375,12147.1112421875,12259.90234375,3770100,0.0,0.0,-0.029126198575737727
2025-12-08,12147.11086520901,12205.958394632711,12063.743531858767,12083.359375,2749400,0.0,0.0,-0.014400030587519375
2025-12-09,11965.664407169119,11995.088172104779,11632.195071231617,11671.4267578125,5772400,0.0,0.0,-0.034090901743746294
2025-12-10,11455.652458441278,11592.963361196567,11122.183123178433,11357.5732421875,8597400,0.0,0.0,-0.026890758271255533
2025-12-11,10896.600555955318,11293.821368301124,10886.792634662828,11181.0302734375,8791400,0.0,0.0,-0.015544074864006552
2025-12-12,11288.918101122923,11514.50030470748,11279.110179227942,11504.6923828125,7506300,0.0,0.0,0.028947431628363995
2025-12-15,11396.805076595801,11426.228841853796,11239.878328553175,11274.2060546875,5293600,0.0,0.0,-0.020034114816432358
2025-12-16,11151.607054481003,11342.86152903015,11102.567445622246,11131.9912109375,4089700,0.0,0.0,-0.012614178156773237
2025-12-17,11063.336056294722,11220.262808866279,10886.793459651723,10965.2568359375,4673800,0.0,0.0,-0.01497794705732236
2025-12-18,10788.713835628128,10818.137600634387,10597.45936308745,10774.001953125,5349400,0.0,0.0,-0.017441897228132608
2025-12-19,10710.250407130283,10724.96228955766,10435.62860181925,10445.4365234375,7107100,0.0,0.0,-0.03049613607988999
2025-12-22,10445.436650690886,10469.956455035232,10048.2158203125,10048.2158203125,10226600,0.0,0.0,-0.03802815729469178
2025-12-23,10254.181768790122,10425.820392371017,10136.486712620364,10313.029296875,10389100,0.0,0.0,0.026354278341352844
2025-12-24,10523.900099574748,10538.611982286176,10200.238679923335,10234.56640625,5652200,0.0,0.0,-0.007608132234122045
2025-12-25,10386.589108782582,10425.820795690166,10273.798008923282,10347.357421875,3387100,0.0,0.0,0.011020595416345369
2025-12-26,10430.724621587686,10739.674151987321,10391.49293518773,10587.6513671875,6623300,0.0,0.0,0.02322273557541399
2025-12-29,10592.555538582403,10631.787225762337,10425.82086806768,10533.7080078125,4355700,0.0,0.0,-0.005094931586260731
2025-12-30,10612.171404922723,10636.691209462748,10357.165437706466,10391.4931640625,3616600,0.0,0.0,-0.013500928983841587
2026-01-05,10671.018720657277,10680.826642275528,10327.741464018487,10445.4365234375,6948100,0.0,0.0,0.005191107622680713
2026-01-06,10435.628706529249,10656.306945154163,10347.357411079283,10646.4990234375,6142800,0.0,0.0,0.019248836518115375
2026-01-07,10514.092330917874,10523.900252868358,10077.639804121376,10151.19921875,8142200,0.0,0.0,-0.04652231720466349
2026-01-08,10136.486647090649,10165.910410942872,9974.655945903425,9984.4638671875,5601800,0.0,0.0,-0.016425187602911784
2026-01-09,9812.825213085649,10082.543047528283,9799.094123332206,9969.751953125,7163800,0.0,0.0,-0.0014734806253191568
2026-01-13,9925.616500471106,9979.56006840845,9638.244402186716,9758.8818359375,15672900,0.0,0.0,-0.02115098933042192
2026-01-14,9906.001225003058,10033.504211067453,9856.96161497829,10023.6962890625,8035600,0.0,0.0,0.027135737226555046
2026-01-15,10259.08624215012,10455.244678902513,10229.66247663726,10249.2783203125,9129900,0.0,0.0,0.02250487492285136
2026-01-16,10445.436575421816,10445.436575421816,10239.4702204135,10317.93359375,5990100,0.0,0.0,0.006698547087109041
2026-01-19,10190.431065850851,10440.533079497816,10151.19937743564,10381.685546875,4169500,0.0,0.0,0.006178752028760615
2026-01-20,10386.58888541916,10386.58888541916,10214.95025888957,10244.3740234375,3809400,0.0,0.0,-0.013226322721634709
2026-01-21,10102.158922596389,10146.294568374724,9910.904457556944,9984.4638671875,5926200,0.0,0.0,-0.02537101394925323
2026-01-22,10053.119479232098,10067.831361396828,9758.8818359375,9758.8818359375,10837100,0.0,0.0,-0.02259330438275642
2026-01-23,10200.23828125,10440.532356144831,10004.079852764422,10200.23828125,11170200,0.0,0.0,0.04522612864182718
2026-01-26,10337.54921349916,10371.876938591426,10058.023452033576,10214.9501953125,6447400,0.0,0.0,0.001442310822242554
2026-01-27,10342.453418674699,10362.069262048193,10053.119728915663,10175.71875,4938600,0.0,0.0,-0.003840590953688938
2026-01-28,10004.079677508607,10008.983638134838,9871.672740600407,9969.751953125,4542200,0.0,0.0,-0.02024100723843214
2026-01-29,9837.345495441987,9856.961338902489,9722.592811198048,9740.2470703125,7699400,0.0,0.0,-0.023020119647065296
2026-01-30,9807.92166521631,10028.599902683678,9779.478692387183,9861.865234375,6586700,0.0,0.0,0.012486147752163612
2026-02-02,9611.762906922417,9787.324698793755,9585.281519321712,9708.861328125,10491700,0.0,0.0,-0.015514702605819664
2026-02-03,9793.209512377542,9999.175861661395,9700.034259130083,9886.384765625,9984500,0.0,0.0,0.018284681539918912
2026-02-04,9003.672423520562,9086.058968572383,8636.856139599353,8800.6484375,33990500,0.0,0.0,-0.10982137089182586
2026-02-05,8680.991062596078,8751.608095305028,8537.795412936262,8613.31640625,20690900,0.0,0.0,-0.021286162330013014
2026-02-06,8385.772551062151,8451.48562251492,8166.075118145436,8278.8662109375,21426900,0.0,0.0,-0.038829433349251596
2026-02-09,8483.85256386552,8547.60405712,8373.023044823114,8495.6220703125,13828100,0.0,0.0,0.02618182899110466
2026-02-10,8680.010263201639,8881.072647829473,8621.162735993492,8758.4736328125,13772100,0.0,0.0,0.030939648718428803
2026-02-12,8758.473661069516,8770.243166549117,8399.503743941696,8474.0439453125,17104500,0.0,0.0,-0.032474800909877755
2026-02-13,8375.965261274327,8502.487453160085,8189.61474609375,8189.61474609375,13507500,0.0,0.0,-0.03356475385947044
2026-02-16,8336.733290367203,8585.854496926411,8286.712890625,8286.712890625,11125200,0.0,0.0,0.011856253015755547
2026-02-17,8281.809171627869,8354.387792980364,8195.499459749228,8247.4814453125,6968300,0.0,0.0,-0.004734259027712184
2026-02-18,8336.733359990158,8470.12109375,8269.058700950238,8470.12109375,6985500,0.0,0.0,0.026994865028042936
2026-02-19,8563.296310456675,8610.374333924998,8374.003424427796,8452.466796875,7414300,0.0,0.0,-0.0020843027720143237
2026-02-20,8513.276173285198,8519.160926400373,8346.541501688598,8422.0625,6393300,0.0,0.0,-0.0035970915480249
2026-02-24,8425.005107487048,8559.373640633232,8353.407275956599,8376.9462890625,8333200,0.0,0.0,-0.005356907638419894
2026-02-25,8328.887415213178,8380.869402142795,8250.424038715644,8350.46484375,6796600,0.0,0.0,-0.0031612289727911413
2026-02-26,8440.696897667605,8699.626014677164,8393.61887639314,8569.1806640625,10330700,0.0,0.0,0.02619205330541563
2026-02-27,8819.283209421901,8922.266387467864,8683.933889704349,8822.2255859375,20124000,0.0,0.0,0.02952965187631329
2026-03-02,8557.41149441543,8628.028529097139,8407.350295716798,8574.0849609375,11648300,0.0,0.0,-0.028126760371615545
2026-03-03,8434.812474528411,8498.563964161476,8344.579596893922,8423.04296875,8095200,0.0,0.0,-0.017616106310542667
2026-03-04,8423.043207560044,8679.029965498234,8420.100831032018,8534.853515625,11323900,0.0,0.0,0.01327436501153123
2026-03-05,8616.25966486042,8652.548977051636,8381.85032394959,8412.2548828125,10366600,0.0,0.0,-0.01436446830493987
2026-03-06,8417.158730783769,8627.048263338853,8417.158730783769,8513.2763671875,7387900,0.0,0.0,0.012008847304591619
2026-03-09,8339.675673903019,8445.601226388204,8255.327548775927,8440.697265625,13031300,0.0,0.0,-0.008525401787993103
2026-03-10,8684.91430449904,8973.267190498218,8636.855490165844,8944.82421875,18400600,0.0,0.0,0.059725747442462174
2026-03-11,9672.572089230203,9896.1926972554,9420.508509131627,9741.2275390625,32505800,0.0,0.0,0.08903510016922311
2026-03-12,9741.227356450123,10028.599448218134,9548.011308401323,9955.0400390625,18848400,0.0,0.0,0.021949235775738485
2026-03-13,9807.922004953522,10224.758690164046,9773.594277936185,10023.6962890625,15872300,0.0,0.0,0.006896632231573108
2026-03-16,10229.6623946086,10234.566355488087,9803.017798093286,9906.0009765625,16856400,0.0,0.0,-0.01174170775988348
2026-03-17,9979.560119255982,9984.464080002546,9566.646624395366,9631.37890625,10822600,0.0,0.0,-0.027722798631077628
2026-03-18,9613.724729823321,9739.266126009546,9447.970855171196,9669.6298828125,10920400,0.0,0.0,0.003971495352309118
2026-03-19,9513.684315286624,9720.631468949045,9513.684315286624,9547.03125,10748500,0.0,0.0,-0.012678730654460235
2026-03-23,9252.79361565018,9350.872835659191,9097.828448035942,9250.83203125,9610200,0.0,0.0,-0.031025269635521546
2026-03-24,9317.52526409798,9335.179522493112,8665.298495611121,8811.4365234375,15118500,0.0,0.0,-0.04749794465278245
2026-03-25,8717.280792385858,8958.555665802478,8689.81861167177,8807.513671875,11367400,0.0,0.0,-0.00044520000252690206
2026-03-26,8729.049996958427,8919.32367104943,8724.146036285978,8817.3212890625,7076900,0.0,0.0,0.001113551173791416
2026-03-27,8954.632664134562,9131.175257731958,8938.939989148128,9038.0,9073300,0.0,0.0,0.02502786319142558
2026-03-30,9033.0,9052.0,8775.0,8899.0,8175000,177.0,0.0,-0.015379508740871906
2026-03-31,8969.0,9050.0,8771.0,8775.0,7842400,0.0,0.0,-0.013934149904483606
2026-04-01,8884.0,9075.0,8860.0,9005.0,7542000,0.0,0.0,0.026210826210826266
2026-04-02,9010.0,9020.0,8638.0,8762.0,9008300,0.0,0.0,-0.026985008328706317
2026-04-03,8798.0,8859.0,8724.0,8736.0,5521500,0.0,0.0,-0.0029673590504450953
2026-04-06,8823.0,8873.0,8777.0,8849.0,4549600,0.0,0.0,0.01293498168498175
2026-04-07,8900.0,8987.0,8818.0,8844.0,6328100,0.0,0.0,-0.0005650355972426357
2026-04-08,9050.0,9086.0,8673.0,8707.0,11794600,0.0,0.0,-0.015490728177295354
2026-04-09,8725.0,8726.0,8513.0,8531.0,8552300,0.0,0.0,-0.02021362122430226
2026-04-10,8400.0,8471.0,8290.0,8300.0,12823300,0.0,0.0,-0.027077716563122745
2026-04-13,8200.0,8323.0,8132.0,8297.0,9001400,0.0,0.0,-0.0003614457831325746
2026-04-14,8389.0,8404.0,8176.0,8199.0,10058300,0.0,0.0,-0.011811498131854892
2026-04-15,8162.0,8254.0,8143.0,8189.0,10373500,0.0,0.0,-0.0012196609342602915
2026-04-16,8269.0,8429.0,8210.0,8324.0,9169100,0.0,0.0,0.016485529368665208
2026-04-17,8589.0,8670.0,8526.0,8615.0,10716400,0.0,0.0,0.03495915425276319
2026-04-20,8613.0,8615.0,8448.0,8507.0,5878800,0.0,0.0,-0.012536273940800924
2026-04-21,8495.0,8506.0,8410.0,8429.0,4739700,0.0,0.0,-0.009168919713177348
2026-04-22,8400.0,8420.0,8301.0,8413.0,5956000,0.0,0.0,-0.0018982085656661374
2026-04-23,8385.0,8415.0,8173.0,8220.0,7335700,0.0,0.0,-0.02294068703197427
2026-04-24,8070.0,8080.0,7917.0,7953.0,14057800,0.0,0.0,-0.032481751824817495
2026-04-27,7958.0,7973.0,7866.0,7893.0,9397800,0.0,0.0,-0.007544322897020006
2026-04-28,8000.0,8029.0,7877.0,7922.0,7594100,0.0,0.0,0.003674141644495199
2026-04-30,7975.0,7984.0,7630.0,7687.0,12120700,0.0,0.0,-0.029664226205503685
2026-05-01,7600.0,7626.0,7477.0,7597.0,9732200,0.0,0.0,-0.011708078574216185
2026-05-07,7447.0,7541.0,7361.0,7404.0,16520300,0.0,0.0,-0.025404765038831156
2026-05-08,7664.0,7837.0,7568.0,7667.0,16407000,0.0,0.0,0.035521339816315445
2026-05-11,6955.0,7302.0,6895.0,7020.0,35863500,0.0,0.0,-0.08438763532020344
2026-05-12,7021.0,7231.0,6950.0,7179.0,17964400,0.0,0.0,0.02264957264957257
2026-05-13,7175.0,7179.0,7015.0,7141.0,10520900,0.0,0.0,-0.005293216325393479
2026-05-14,7050.0,7100.0,6851.0,6864.0,16036100,0.0,0.0,-0.03879008542220974
2026-05-15,6863.0,7160.0,6849.0,7151.0,12467100,0.0,0.0,0.041812354312354305
2026-05-18,7172.0,7359.0,7123.0,7182.0,8977500,0.0,0.0,0.004335058033841488
2026-05-19,7388.0,7670.0,7360.0,7519.0,13758200,0.0,0.0,0.046922862712336366
2026-05-20,7635.0,7670.0,7429.0,7500.0,11885200,0.0,0.0,-0.0025269317728421337
2026-05-21,7357.0,7460.0,7193.0,7274.0,9919500,0.0,0.0,-0.030133333333333345
2026-05-22,7227.0,7419.0,7176.0,7240.0,11574300,0.0,0.0,-0.004674182018146844
2026-05-25,7200.0,7210.0,7024.0,7070.0,8035800,0.0,0.0,-0.023480662983425438
2026-05-26,7078.0,7165.0,7008.0,7060.0,7047900,0.0,0.0,-0.0014144271570014633
2026-05-27,7010.0,7174.0,6994.0,7131.0,8602800,0.0,0.0,0.010056657223796117
2026-05-28,7077.0,7109.0,6931.0,6972.0,11019200,0.0,0.0,-0.022297013041649105
2026-05-29,7055.0,7246.0,6995.0,7148.0,10766100,0.0,0.0,0.025243832472748196
2026-06-01,7261.0,7314.0,7113.0,7163.0,7981200,0.0,0.0,0.002098489087856814
2026-06-02,7290.0,7426.0,7218.0,7426.0,9818500,0.0,0.0,0.03671645958397329
2026-06-03,7150.0,7502.0,7077.0,7457.0,9246500,0.0,0.0,0.004174521949905641
2026-06-04,7406.0,7480.0,7216.0,7272.0,7210300,0.0,0.0,-0.024808904385141495
2026-06-05,7474.0,7669.0,7471.0,7524.0,10811300,0.0,0.0,0.034653465346534684
2026-06-08,7700.0,7832.0,7563.0,7640.0,13986700,0.0,0.0,0.015417331206804885
2026-06-09,7716.0,7898.0,7560.0,7738.0,10947500,0.0,0.0,0.012827225130890074
2026-06-10,7297.0,7307.0,7073.0,7215.0,17297100,0.0,0.0,-0.06758852416645122
2026-06-11,7215.0,7296.0,7135.0,7144.0,8474300,0.0,0.0,-0.00984060984060986
2026-06-12,7196.0,7218.0,7082.0,7174.0,9964500,0.0,0.0,0.004199328107502787
2026-06-15,7130.0,7247.0,7060.0,7110.0,7673900,0.0,0.0,-0.008921103986618384
2026-06-16,7110.0,7268.0,7046.0,7218.0,10846200,0.0,0.0,0.0151898734177216
2026-06-17,7009.0,7359.0,7005.0,7275.0,8486700,0.0,0.0,0.007896924355777157
2026-06-18,7339.0,7348.0,7088.0,7166.0,8515700,0.0,0.0,-0.014982817869415799
2026-06-19,7115.0,7117.0,7010.0,7076.0,7264000,0.0,0.0,-0.012559307842589962
2026-06-22,7030.0,7116.0,6966.0,7000.0,7444000,0.0,0.0,-0.01074053137365738
2026-06-23,6950.0,6995.0,6879.0,6917.0,8275600,0.0,0.0,-0.0118571428571429
2026-06-24,6895.0,6986.0,6816.0,6858.0,10265500,0.0,0.0,-0.008529709411594588
2026-06-25,6800.0,6895.0,6696.0,6859.0,11263200,0.0,0.0,0.00014581510644506857
2026-06-26,6705.0,6711.0,6544.0,6589.0,13176000,0.0,0.0,-0.039364338824901535
2026-06-29,6764.0,7055.0,6750.0,6935.0,17409400,0.0,0.0,0.05251176202762187
2026-06-30,6955.0,6962.0,6792.0,6815.0,8965900,0.0,0.0,-0.017303532804614274
2026-07-01,6815.0,7007.0,6802.0,6980.0,6548800,0.0,0.0,0.02421129860601612
2026-07-02,7160.0,7266.0,7095.0,7137.0,9343000,0.0,0.0,0.02249283667621782
2026-07-03,7347.0,7477.0,7132.0,7132.0,10058000,0.0,0.0,-0.0007005744710663064
2026-07-06,7098.0,7129.0,7007.0,7033.0,7191000,0.0,0.0,-0.013881099270891761
2026-07-07,7106.0,7199.0,7083.0,7148.0,8083400,0.0,0.0,0.016351485852410086
2026-07-08,7147.0,7276.0,7085.0,7085.0,7234300,0.0,0.0,-0.008813654168998375
2026-07-09,7000.0,7183.0,7000.0,7120.0,5481400,0.0,0.0,0.004940014114326097
2026-07-10,7097.0,7100.0,7004.0,7030.0,6895400,0.0,0.0,-0.012640449438202195
2026-07-13,7068.0,7115.0,6952.0,7106.0,8096900,0.0,0.0,0.0108108108108107
2026-07-14,7154.0,7170.0,7022.0,7050.0,5961600,0.0,0.0,-0.007880664227413403
2026-07-15,7068.0,7119.0,7014.0,7014.0,5531100,0.0,0.0,-0.005106382978723456
2026-07-16,7039.0,7120.0,6990.0,7080.0,8822800,0.0,0.0,0.009409751924722043
2026-07-17,7163.0,7429.0,7150.0,7294.0,12157200,0.0,0.0,0.03022598870056492
2026-07-21,7060.0,7060.0,6916.0,6993.0,13891700,0.0,0.0,-0.041266794625719805
2026-07-22,6927.0,7055.0,6905.0,7003.0,8495800,0.0,0.0,0.001430001430001493
2026-07-23,6972.0,7001.0,6911.0,7001.0,6759500,0.0,0.0,-0.0002855918891903064
2026-07-24,6950.0,7025.0,6910.0,6969.0,4921600,0.0,0.0,-0.004570775603485178
2026-07-27,7092.0,7431.0,7071.0,7431.0,11520800,0.0,0.0,0.06629358588032708
2026-07-28,7468.0,7659.0,7433.0,7659.0,14524300,0.0,0.0,0.030682276947920917
2026-07-29,7714.0,8058.0,7618.0,7986.0,18827900,0.0,0.0,0.04269486878182538
2026-07-30,8123.0,8245.0,7935.0,8145.0,13267300,0.0,0.0,0.019909842223891916
2026-07-31,7600.0,7765.0,7439.0,7679.0,18014300,0.0,0.0,-0.05721301411909152
2026-08-03,7636.0,7695.0,7414.0,7589.0,8268900,0.0,0.0,-0.011720276077614278
2026-08-04,7650.0,7699.0,7524.0,7558.0,5624900,0.0,0.0,-0.0040848596653050295
2026-08-05,7500.0,7545.0,7403.0,7428.0,7249200,0.0,0.0,-0.01720031754432394
2026-08-06,7470.0,7641.0,7416.0,7641.0,7875600,0.0,0.0,0.02867528271405484
2026-08-07,7815.0,8047.0,7624.0,8043.0,21147900,0.0,0.0,0.052610914801727526
2026-08-10,8100.0,8289.0,7993.0,8265.0,11034000,0.0,0.0,0.027601641178664593
2026-08-12,8415.0,8526.0,8312.0,8488.0,17246700,0.0,0.0,0.02698124621899578
2026-08-13,8398.0,8518.0,8270.0,8325.0,10948800,0.0,0.0,-0.019203581526861413
2026-08-14,8600.0,8945.0,8585.0,8900.0,18615900,0.0,0.0,0.06906906906906918
