Date,Open,High,Low,Close,Volume,Dividends,Stock Splits,Return
1997-04-15,3.666440659379721,3.9164252281188965,3.416456090640546,3.9164252281188965,1785600,0.0,0.0,
1997-04-16,3.916425244151716,4.166409813914263,3.583111848724684,3.708104133605957,443700,0.0,0.0,-0.05319164349602523
1997-04-17,3.7497683970632467,4.0830808255970625,3.7497683970632467,3.8330962657928467,252150,0.0,0.0,0.03370782687953833
1997-04-18,3.8330963055489065,3.999752998352051,3.8330963055489065,3.999752998352051,165900,0.0,0.0,0.04347835822608337
1997-04-21,3.916425128758192,3.999752998352051,3.916425128758192,3.999752998352051,77400,0.0,0.0,0.0
1997-04-22,3.9997530998268047,3.9997530998268047,3.9164252281188965,3.9164252281188965,81600,0.0,0.0,-0.0208332290187635
1997-04-23,3.999752892388238,4.499722003936768,3.91642502500195,4.499722003936768,180600,0.0,0.0,0.14893601737368933
1997-04-24,4.499722086131792,4.999691206813102,4.41639421722338,4.833034515380859,281550,0.0,0.0,0.07407402305130839
1997-04-25,4.916363248099009,4.916363248099009,4.41639413655048,4.499722003936768,114150,0.0,0.0,-0.06896547301355771
1997-04-28,4.499722205655186,4.708042360267408,4.333065509796143,4.333065509796143,76650,0.0,0.0,-0.037037064510833884
1997-04-29,4.333065307783447,4.91636323928833,4.333065307783447,4.91636323928833,122250,0.0,0.0,0.1346154883127142
1997-04-30,4.749706638764523,5.083019067472684,4.749706638764523,5.041355609893799,78450,0.0,0.0,0.02542374607445841
1997-05-01,4.999691102562881,5.16634779052011,4.999691102562881,5.124683380126953,33450,0.0,0.0,0.016528841978459274
1997-05-02,4.999691009521484,4.999691009521484,4.666378593425179,4.999691009521484,70200,0.0,0.0,-0.02439026205797956
1997-05-05,4.833034515380859,4.999691206813102,4.833034515380859,4.833034515380859,12300,0.0,0.0,-0.03333335876622012
1997-05-06,4.833034515380859,4.9163633379046905,4.833034515380859,4.833034515380859,64650,0.0,0.0,0.0
1997-05-07,4.833034418435975,4.91636323928833,4.666378683962066,4.91636323928833,37650,0.0,0.0,0.017241491580968882
1997-05-08,4.749706745147705,4.916363440042244,4.749706745147705,4.749706745147705,63600,0.0,0.0,-0.03389832809927795
1997-05-09,4.9163633379046905,4.9163633379046905,4.749706646472447,4.833034515380859,35700,0.0,0.0,0.017543771585115664
1997-05-12,4.916363576740508,5.6663172941950535,4.833034750168582,5.416332721710205,289800,0.0,0.0,0.12068984909440061
1997-05-13,5.416332427192271,5.666316986083984,5.416332427192271,5.666316986083984,24900,0.0,0.0,0.04615378655963487
1997-05-14,5.666317188358914,5.666317188358914,5.499660491943359,5.499660491943359,207750,0.0,0.0,-0.029411784506571004
1997-05-15,5.499660208801044,5.499660208801044,5.333003520965576,5.333003520965576,75150,0.0,0.0,-0.030303138024960763
1997-05-16,5.333003795527805,5.499660491943359,4.999691356312145,5.499660491943359,158250,0.0,0.0,0.03125011455976101
1997-05-19,5.333003895138279,5.499660594666666,5.249676022181817,5.416332721710205,60600,0.0,0.0,-0.015151438957954566
1997-05-20,5.416332441643352,5.416332441643352,5.249675750732422,5.249675750732422,31950,0.0,0.0,-0.03076933776792823
1997-05-21,5.24967585073435,5.333003720969434,4.749706722092984,5.166347980499268,146550,0.0,0.0,-0.015872936575469176
1997-05-22,5.166347980499268,5.24967585073435,5.166347980499268,5.166347980499268,26850,0.0,0.0,0.0
1997-05-23,5.16634779052011,5.249675657691025,5.083018969733796,5.124683380126953,42300,0.0,0.0,-0.008064613636088791
1997-05-27,5.249675653855542,5.4163323416910085,4.99969109891004,5.333003520965576,156600,0.0,0.0,0.04065034371615406
1997-05-28,5.4163323416910085,5.4163323416910085,5.166347786745507,5.333003520965576,36900,0.0,0.0,0.0
1997-05-29,5.333003520965576,5.666316896636511,5.249675653855542,5.333003520965576,105300,0.0,0.0,0.0
1997-05-30,5.333003619380179,5.333003619380179,4.999691191173735,5.249675750732422,127500,0.0,0.0,-0.01562492316113584
1997-06-02,5.291340161864008,5.291340161864008,5.249675750732422,5.249675750732422,25950,0.0,0.0,0.0
1997-06-03,5.249675924127752,5.5829883633434125,5.249675924127752,5.499660491943359,184050,0.0,0.0,0.047619082221613374
1997-06-04,5.4163323416910085,5.54132461916376,5.333003520965576,5.333003520965576,47400,0.0,0.0,-0.030303138024960763
1997-06-05,5.333003611965483,5.4996603026447035,5.333003611965483,5.457995891571045,48000,0.0,0.0,0.023437518860448536
1997-06-06,5.499660208801044,5.499660208801044,5.333003520965576,5.333003520965576,29850,0.0,0.0,-0.02290078136528073
1997-06-09,5.333003520965576,5.499660208801044,5.333003520965576,5.333003520965576,23100,0.0,0.0,0.0
1997-06-10,5.333003520965576,5.4163323416910085,5.333003520965576,5.333003520965576,14850,0.0,0.0,0.0
1997-06-11,5.333003895138279,5.416332721710205,5.333003895138279,5.416332721710205,5400,0.0,0.0,0.01562519139862517
1997-06-12,5.333003514074532,5.999629310939623,5.333003514074532,5.749644756317139,213150,0.0,0.0,0.0615383233882445
1997-06-13,5.999629310939623,5.999629310939623,5.749644756317139,5.749644756317139,55050,0.0,0.0,0.0
1997-06-16,5.749644756317139,5.832972623319501,5.749644756317139,5.749644756317139,8250,0.0,0.0,0.0
1997-06-17,5.832972722934851,5.832972722934851,5.582988164043138,5.666316986083984,83850,0.0,0.0,-0.014492681507253469
1997-06-18,5.666317085682049,5.832972825462259,5.499660392286408,5.582988262176514,67500,0.0,0.0,-0.014705976406212184
1997-06-19,5.749645059758967,5.749645059758967,5.416332620543306,5.499660491943359,67500,0.0,0.0,-0.014925299198223496
1997-06-20,5.416332620543306,5.5829883633434125,5.416332620543306,5.499660491943359,19200,0.0,0.0,0.0
1997-06-23,5.416332721710205,5.499660594666666,5.416332721710205,5.416332721710205,61500,0.0,0.0,-0.015151438957954566
1997-06-24,5.416332522396303,5.582988262176514,5.416332522396303,5.582988262176514,87900,0.0,0.0,0.03076907365721926
1997-06-25,5.4163323416910085,5.4163323416910085,5.083018966020075,5.333003520965576,44550,0.0,0.0,-0.04477615382151667
1997-06-26,5.333003689096956,5.791309356689453,5.333003689096956,5.791309356689453,107250,0.0,0.0,0.08593765856747404
1997-06-27,5.832972916372942,5.832972916372942,5.582988349191023,5.707980632781982,35250,0.0,0.0,-0.014388581022911295
1997-06-30,5.666317085682049,5.832972825462259,5.582988262176514,5.582988262176514,42300,0.0,0.0,-0.021897826682805266
1997-07-01,5.666317085682049,5.749644955572154,5.582988262176514,5.582988262176514,29700,0.0,0.0,0.0
1997-07-02,5.5829883633434125,5.749645059758967,5.333003795527805,5.499660491943359,81300,0.0,0.0,-0.014925299198223496
1997-07-03,5.333003520965576,5.499660208801044,5.333003520965576,5.333003520965576,11250,0.0,0.0,-0.030303138024960763
1997-07-07,5.4163323416910085,5.4163323416910085,5.333003520965576,5.333003520965576,13200,0.0,0.0,0.0
1997-07-08,5.3330038777300315,5.749645148383246,5.3330038777300315,5.624652862548828,144600,0.0,0.0,0.05468763342020955
1997-07-09,5.624652775851163,5.749645059758967,5.499660491943359,5.499660491943359,40500,0.0,0.0,-0.02222223729356132
1997-07-10,5.499660491943359,5.666317188358914,5.416332620543306,5.499660491943359,32100,0.0,0.0,0.0
1997-07-11,5.499660208801044,5.666316896636511,5.333003520965576,5.333003520965576,24450,0.0,0.0,-0.030303138024960763
1997-07-14,5.333003795527805,5.499660491943359,5.333003795527805,5.499660491943359,17700,0.0,0.0,0.03125011455976101
1997-07-15,5.499660208801044,5.499660208801044,5.166347786745507,5.333003520965576,57450,0.0,0.0,-0.030303138024960763
1997-07-16,5.333003825827713,5.416332651316653,5.083019256591797,5.083019256591797,67650,0.0,0.0,-0.046874948308400555
1997-07-17,5.083019256591797,5.249675953954225,5.083019256591797,5.083019256591797,39450,0.0,0.0,0.0
1997-07-18,5.166347980499268,5.374668132894692,5.08301915664875,5.166347980499268,83700,0.0,0.0,0.016393548735706087
1997-07-21,5.166348082080737,5.249675953954225,5.083019256591797,5.083019256591797,12750,0.0,0.0,-0.01612913497542179
1997-07-22,5.083019145719063,5.374668121337891,5.083019145719063,5.374668121337891,179550,0.0,0.0,0.05737709224057652
1997-07-23,5.249675750732422,5.374668030511765,5.249675750732422,5.249675750732422,17250,0.0,0.0,-0.02325583045941726
1997-07-24,5.249675750732422,5.333003619380179,5.249675750732422,5.249675750732422,34500,0.0,0.0,0.0
1997-07-25,5.166347882084665,5.333003619380179,5.083019059821492,5.249675750732422,42750,0.0,0.0,0.0
1997-07-28,5.166347786745507,5.4163323416910085,5.166347786745507,5.333003520965576,46050,0.0,0.0,0.015872936575469287
1997-07-29,5.416332441643352,5.416332441643352,5.249675750732422,5.249675750732422,5250,0.0,0.0,-0.01562492316113584
1997-07-30,5.333003810110969,5.416332635354333,5.249675938483055,5.291340351104736,69000,0.0,0.0,0.00793660453533751
1997-07-31,5.4163324341128005,5.666316993323924,5.291340154507239,5.457995891571045,101400,0.0,0.0,0.031495902627302064
1997-08-01,5.457995845544065,5.457995845544065,5.333003566992557,5.3954997062683105,24000,0.0,0.0,-0.01145039068264031
1997-08-04,5.333003720969434,5.374668132894692,5.166347980499268,5.166347980499268,117450,0.0,0.0,-0.042470899498488035
1997-08-05,5.333003619380179,5.333003619380179,5.166347882084665,5.249675750732422,34950,0.0,0.0,0.0161289503819102
1997-08-06,5.333003619380179,5.333003619380179,5.083019059821492,5.249675750732422,47250,0.0,0.0,0.0
1997-08-07,5.08301915664875,5.312171991814521,5.08301915664875,5.166347980499268,31950,0.0,0.0,-0.015872936575469176
1997-08-08,5.16634806685514,5.291340351104736,5.083019241611776,5.291340351104736,56250,0.0,0.0,0.02419356401799888
1997-08-11,5.333003825827713,5.333003825827713,5.083019256591797,5.083019256591797,6450,0.0,0.0,-0.03937019369193395
1997-08-12,5.083018875141716,5.291339969615365,4.999691009521484,4.999691009521484,27300,0.0,0.0,-0.01639345492587896
1997-08-13,5.166347694377327,5.166347694377327,4.791370868663216,4.999691009521484,20100,0.0,0.0,0.0
1997-08-14,4.791371278632987,4.833034738200311,4.416394420834287,4.458057880401611,86700,0.0,0.0,-0.10833332061688994
1997-08-15,4.666378777564035,4.833034515380859,4.458057674869877,4.833034515380859,32700,0.0,0.0,0.08411210554885562
1997-08-18,4.749706646472447,4.833034515380859,4.749706646472447,4.833034515380859,9150,0.0,0.0,0.0
1997-08-19,4.74970655119902,4.91636323928833,4.74970655119902,4.91636323928833,5550,0.0,0.0,0.017241491580968882
1997-08-20,4.916363143901253,4.999691009521484,4.74970645904541,4.999691009521484,54450,0.0,0.0,0.016949067059824685
1997-08-21,4.999691400772486,4.999691400772486,4.749706830733862,4.874699115753174,39300,0.0,0.0,-0.02499992370133952
1997-08-22,4.833034324685458,4.833034324685458,4.791370868682861,4.791370868682861,7350,0.0,0.0,-0.017094028798829264
1997-08-25,4.83303471977958,4.83303471977958,4.666378974914551,4.666378974914551,14100,0.0,0.0,-0.02608687517496855
1997-08-26,4.666378593425179,4.999691009521484,4.666378593425179,4.999691009521484,40350,0.0,0.0,0.07142841085105767
1997-08-27,4.999691106525285,4.999691106525285,4.91636323928833,4.91636323928833,22500,0.0,0.0,-0.01666658400978449
1997-08-28,4.91636323928833,4.91636323928833,4.91636323928833,4.91636323928833,6300,0.0,0.0,0.0
1997-08-29,4.916363143901253,5.166347694377327,4.916363143901253,4.999691009521484,35250,0.0,0.0,0.016949067059824685
1997-09-02,5.1038515567583085,5.124683284759521,4.999691009521484,4.999691009521484,14250,0.0,0.0,0.0
1997-09-03,5.24967585073435,5.541324826980293,5.08301915664875,5.166347980499268,54900,0.0,0.0,0.03333345413954558
1997-09-04,5.166347794614594,5.166347794614594,4.833034418435975,4.91636323928833,44550,0.0,0.0,-0.048387128035997984
1997-09-05,4.833034515380859,5.041355618075017,4.833034515380859,4.833034515380859,29400,0.0,0.0,-0.016949261039453378
1997-09-08,4.833034515380859,4.833034515380859,4.833034515380859,4.833034515380859,0,0.0,0.0,0.0
1997-09-09,4.833034324665641,4.999691009521484,4.833034324665641,4.999691009521484,9000,0.0,0.0,0.034482785837810725
1997-09-10,4.833034418435975,5.124683384188417,4.833034418435975,4.91636323928833,46500,0.0,0.0,-0.01666658400978449
1997-09-11,4.91636323928833,4.91636323928833,4.91636323928833,4.91636323928833,10650,0.0,0.0,0.0
1997-09-12,5.083018969733796,5.124683380126953,5.083018969733796,5.124683380126953,5400,0.0,0.0,0.042372813134283094
1997-09-15,5.124683380126953,5.124683380126953,5.124683380126953,5.124683380126953,0,0.0,0.0,0.0
1997-09-16,4.91636323928833,4.91636323928833,4.91636323928833,4.91636323928833,2250,0.0,0.0,-0.04065034371615406
1997-09-17,4.91636323928833,5.08301897376224,4.91636323928833,4.91636323928833,75600,0.0,0.0,0.0
1997-09-18,5.083018966020075,5.582988075911079,4.916363231800005,5.333003520965576,110250,0.0,0.0,0.08474562626856619
1997-09-19,5.582988395063628,5.582988395063628,5.083019256591797,5.083019256591797,39600,0.0,0.0,-0.046874948308400555
1997-09-22,5.083019059821492,5.249675750732422,5.083019059821492,5.249675750732422,27600,0.0,0.0,0.03278690985175792
1997-09-23,5.083018875141716,5.083018875141716,4.999691009521484,4.999691009521484,11250,0.0,0.0,-0.047619082221613485
1997-09-24,4.999691009521484,5.249675559997558,4.999691009521484,4.999691009521484,24000,0.0,0.0,0.0
1997-09-25,4.999691009521484,5.124683284759521,4.999691009521484,4.999691009521484,45900,0.0,0.0,0.0
1997-09-26,4.999691009521484,4.999691009521484,4.999691009521484,4.999691009521484,450,0.0,0.0,0.0
1997-09-29,4.999691009521484,4.999691009521484,4.999691009521484,4.999691009521484,1650,0.0,0.0,0.0
1997-09-30,4.999691369983862,5.291340351104736,4.999691369983862,5.291340351104736,37500,0.0,0.0,0.058333473214210674
1997-10-01,4.999691009521484,5.291339969615365,4.999691009521484,4.999691009521484,13350,0.0,0.0,-0.05511823512210112
1997-10-02,5.249675559997558,5.249675559997558,4.999691009521484,4.999691009521484,8550,0.0,0.0,0.0
1997-10-03,4.999691191173735,5.249675750732422,4.999691191173735,5.249675750732422,15150,0.0,0.0,0.050000038149330184
1997-10-06,4.999691009521484,5.249675559997558,4.999691009521484,4.999691009521484,18600,0.0,0.0,-0.047619082221613485
1997-10-07,5.249675559997558,5.249675559997558,4.999691009521484,4.999691009521484,20250,0.0,0.0,0.0
1997-10-08,5.041355419139291,5.249675559997558,4.999691009521484,4.999691009521484,87750,0.0,0.0,0.0
1997-10-09,4.999691009521484,5.249675559997558,4.999691009521484,4.999691009521484,96600,0.0,0.0,0.0
1997-10-10,4.999691286413667,5.24967585073435,4.999691286413667,5.166347980499268,54450,0.0,0.0,0.03333345413954558
1997-10-13,5.166347980499268,5.166347980499268,5.166347980499268,5.166347980499268,9000,0.0,0.0,0.0
1997-10-14,5.333003619380179,5.374668030511765,5.249675750732422,5.249675750732422,43800,0.0,0.0,0.0161289503819102
1997-10-15,5.416332441643352,5.416332441643352,5.166347882084665,5.249675750732422,25800,0.0,0.0,0.0
1997-10-16,5.416332651316653,5.416332651316653,5.083019256591797,5.083019256591797,16800,0.0,0.0,-0.03174605481440895
1997-10-17,5.333003825827713,5.333003825827713,5.083019256591797,5.083019256591797,10050,0.0,0.0,0.0
1997-10-20,5.333003825827713,5.333003825827713,5.083019256591797,5.083019256591797,6900,0.0,0.0,0.0
1997-10-21,5.249675953954225,5.249675953954225,5.083019256591797,5.083019256591797,27900,0.0,0.0,0.0
1997-10-22,5.083019256591797,5.249675953954225,5.083019256591797,5.083019256591797,40650,0.0,0.0,0.0
1997-10-23,5.083019256591797,5.333003825827713,5.083019256591797,5.083019256591797,17550,0.0,0.0,0.0
1997-10-24,5.145515398900776,5.333003825827713,5.083019256591797,5.083019256591797,31800,0.0,0.0,0.0
1997-10-27,5.083018982871585,5.364251608117633,4.499722003936768,4.499722003936768,61800,0.0,0.0,-0.11475409067132569
1997-10-28,4.416394258015407,4.916363383314682,4.416394258015407,4.895530700683594,79950,0.0,0.0,0.08796292224287106
1997-10-29,4.666378593405177,4.666378593405177,4.583049774169922,4.583049774169922,3450,0.0,0.0,-0.06382983697151323
1997-10-30,4.4997219996982,4.708042144775391,4.4997219996982,4.708042144775391,9750,0.0,0.0,0.02727274997315665
1997-10-31,4.583049871323055,4.708042149210188,4.499722003936768,4.499722003936768,8700,0.0,0.0,-0.044247722181034455
1997-11-03,4.999691110775778,4.999691110775778,4.4997219996982,4.708042144775391,6150,0.0,0.0,0.04629622466818306
1997-11-04,4.499722003936768,4.499722003936768,4.499722003936768,4.499722003936768,450,0.0,0.0,-0.044247722181034455
1997-11-05,4.499722003936768,4.708042149210188,4.499722003936768,4.499722003936768,7500,0.0,0.0,0.0
1997-11-06,4.916363243467982,4.916363243467982,4.4997219996982,4.708042144775391,26100,0.0,0.0,0.04629622466818306
1997-11-07,4.499721995872756,4.91636323928833,4.499721995872756,4.91636323928833,6000,0.0,0.0,0.04424792474385941
1997-11-10,4.499722003936768,4.728874831268311,4.249737448162503,4.499722003936768,35550,0.0,0.0,-0.08474582024819499
1997-11-11,4.4997219996982,4.7288748268138905,4.4997219996982,4.708042144775391,31800,0.0,0.0,0.04629622466818306
1997-11-12,4.666378974914551,4.666378974914551,4.499722276434062,4.666378974914551,5550,0.0,0.0,-0.008849362129664473
1997-11-13,4.583049774169922,4.583049774169922,4.499721908550049,4.583049774169922,4200,0.0,0.0,-0.017857358176990967
1997-11-14,4.499722316945462,4.728875160217285,4.499722316945462,4.728875160217285,18300,0.0,0.0,0.031818416389286286
1997-11-17,4.499722003936768,4.499722003936768,4.499722003936768,4.499722003936768,4650,0.0,0.0,-0.04845827993268237
1997-11-18,4.499722003936768,4.728874831268311,4.499722003936768,4.499722003936768,15000,0.0,0.0,0.0
1997-11-19,4.499721908550049,4.833034324644925,4.499721908550049,4.583049774169922,33750,0.0,0.0,0.01851842628505751
1997-11-20,4.666378777564035,4.833034515380859,4.666378777564035,4.833034515380859,38700,0.0,0.0,0.054545499946313525
1997-11-21,4.666378917096484,4.8122029304504395,4.666378917096484,4.8122029304504395,10200,0.0,0.0,-0.004310249567662794
1997-11-24,4.583049871323055,4.791370970211877,4.499722003936768,4.499722003936768,25800,0.0,0.0,-0.06493510997559337
1997-11-25,4.499722312478458,4.708042472036194,4.166409866462987,4.249737739562988,56700,0.0,0.0,-0.055555490795891393
1997-11-26,4.249737638674342,4.333065509796143,4.249737638674342,4.333065509796143,3750,0.0,0.0,0.01960774413381161
1997-11-28,4.333065509796143,4.333065509796143,4.333065509796143,4.333065509796143,0,0.0,0.0,0.0
1997-12-01,4.333065612662989,4.333065612662989,4.249737739562988,4.249737739562988,33750,0.0,0.0,-0.019230673998527847
1997-12-02,4.416394334533386,4.541386618023808,4.249737638674342,4.333065509796143,59850,0.0,0.0,0.01960774413381161
1997-12-03,4.499722205655186,4.583050076776986,4.166409767552542,4.333065509796143,30600,0.0,0.0,0.0
1997-12-04,4.166409492492676,4.374729633351926,4.166409492492676,4.166409492492676,10350,0.0,0.0,-0.038461458043201224
1997-12-05,4.166409866462987,4.458057899120725,4.166409866462987,4.249737739562988,50850,0.0,0.0,0.020000013733757926
1997-12-08,4.249737739562988,4.333065612662989,4.249737739562988,4.249737739562988,7200,0.0,0.0,0.0
1997-12-09,4.416394233703613,4.416394233703613,4.416394233703613,4.416394233703613,750,0.0,0.0,0.039215712675428005
1997-12-10,4.249737560749054,4.249737560749054,3.999752998352051,3.999752998352051,70650,0.0,0.0,-0.09433968375648494
1997-12-11,3.999752998352051,4.166409691155195,3.8330963055489065,3.999752998352051,42750,0.0,0.0,0.0
1997-12-12,3.999752998352051,3.999752998352051,3.999752998352051,3.999752998352051,4500,0.0,0.0,0.0
1997-12-15,3.999752998352051,4.166409691155195,3.999752998352051,3.999752998352051,22500,0.0,0.0,0.0
1997-12-16,3.999752998352051,4.08308086794591,3.999752998352051,3.999752998352051,20700,0.0,0.0,0.0
1997-12-17,4.103913507991026,4.103913507991026,3.7497683970632467,3.8330962657928467,21750,0.0,0.0,-0.04166675607915504
1997-12-18,3.7497683970632467,3.8330962657928467,3.7497683970632467,3.8330962657928467,6750,0.0,0.0,0.0
1997-12-19,3.9997530998268047,3.9997530998268047,3.7497685310876294,3.9164252281188965,16500,0.0,0.0,0.02173933461303612
1997-12-22,3.9164251504531604,3.9164251504531604,3.5831117630004883,3.5831117630004883,46200,0.0,0.0,-0.0851065565417426
1997-12-23,3.58311170598863,3.8330962657928467,3.58311170598863,3.8330962657928467,37650,0.0,0.0,0.0697674310284484
1997-12-24,3.916425043887697,3.916425043887697,3.666440486907959,3.666440486907959,14100,0.0,0.0,-0.043478109426092426
1997-12-26,3.666440486907959,3.666440486907959,3.666440486907959,3.666440486907959,0,0.0,0.0,0.0
1997-12-29,3.833096396920122,3.833096396920122,3.33312726020813,3.33312726020813,33750,0.0,0.0,-0.09090921505204197
1997-12-30,3.33312726020813,3.4997839569839435,2.9998148202719515,3.33312726020813,90150,0.0,0.0,0.0
1997-12-31,3.2497992922806818,3.4164559841156006,3.2497992922806818,3.4164559841156006,20250,0.0,0.0,0.02500016273074057
1998-01-02,3.4164559841156006,3.4164559841156006,3.4164559841156006,3.4164559841156006,4500,0.0,0.0,0.0
1998-01-05,3.4164559841156006,3.4997838532253494,3.4164559841156006,3.4164559841156006,15150,0.0,0.0,0.0
1998-01-06,3.499783797716332,3.74976835469607,3.499783797716332,3.666440486907959,9000,0.0,0.0,0.07317070787817292
1998-01-07,3.833096212271511,4.083080768585205,3.833096212271511,4.083080768585205,36150,0.0,0.0,0.11363617742193699
1998-01-08,3.999752998352051,3.999752998352051,3.999752998352051,3.999752998352051,16950,0.0,0.0,-0.02040806316501731
1998-01-09,3.9164252281188965,3.9997530998268047,3.9164252281188965,3.9164252281188965,13500,0.0,0.0,-0.0208332290187635
1998-01-12,3.9164252281188965,3.9164252281188965,3.7289368015645152,3.9164252281188965,24450,0.0,0.0,0.0
1998-01-13,3.7497683970632467,3.8330962657928467,3.6664405283336468,3.8330962657928467,16200,0.0,0.0,-0.02127679132688909
1998-01-14,3.708104083292771,3.7497684955596924,3.583111800107448,3.7497684955596924,69000,0.0,0.0,-0.02173902361304736
1998-01-15,3.6664405663611888,4.166409691155195,3.6664405663611888,3.999752998352051,51750,0.0,0.0,0.0666666497114099
1998-01-16,3.9164252281188965,4.166409796858072,3.8330964027955376,3.9164252281188965,28800,0.0,0.0,-0.0208332290187635
1998-01-20,3.9164252281188965,3.9997530998268047,3.8018483317031406,3.9164252281188965,12750,0.0,0.0,0.0
1998-01-21,3.9164252281188965,3.9164252281188965,3.9164252281188965,3.9164252281188965,0,0.0,0.0,0.0
1998-01-22,3.749768393380301,3.9372568130493164,3.749768393380301,3.9372568130493164,47700,0.0,0.0,0.005319030421123472
1998-01-23,3.999752901019108,4.103913450688282,3.9164250334530113,4.083080768585205,39450,0.0,0.0,0.037036942841163434
1998-01-26,3.916424942015423,4.197657561302332,3.916424942015423,4.166409492492676,33450,0.0,0.0,0.020408296732357778
1998-01-27,4.333065509796143,4.374729922164764,4.166409767552542,4.333065509796143,68250,0.0,0.0,0.03999991301953365
1998-01-28,4.166409492492676,4.333065223733923,4.166409492492676,4.166409492492676,8250,0.0,0.0,-0.038461458043201224
1998-01-29,4.166409691155195,4.249737560749054,3.916425128758192,3.999752998352051,101400,0.0,0.0,-0.04000002746751563
1998-01-30,3.916425111156616,4.416394233703613,3.916425111156616,4.416394233703613,100800,0.0,0.0,0.1041667411770737
1998-02-02,4.166409767552542,4.416394334533386,4.166409767552542,4.333065509796143,22350,0.0,0.0,-0.01886804472108705
1998-02-03,4.41639432119613,4.749706758292189,4.249737625840379,4.541386604309082,121200,0.0,0.0,0.04807707015782925
1998-02-04,4.749706847347065,4.83303471977958,4.666378974914551,4.666378974914551,56400,0.0,0.0,0.02752295311895936
1998-02-05,4.666378974914551,4.749706847347065,4.499722276434062,4.666378974914551,38400,0.0,0.0,0.0
1998-02-06,4.62471418378755,4.62471418378755,4.583049774169922,4.583049774169922,6000,0.0,0.0,-0.017857358176990967
1998-02-09,4.666378683962066,4.91636323928833,4.624714273535888,4.91636323928833,133050,0.0,0.0,0.07272743730538633
1998-02-10,4.91636323928833,4.999691106525285,4.833034418435975,4.91636323928833,115050,0.0,0.0,0.0
1998-02-11,4.833034515380859,4.999691206813102,4.833034515380859,4.833034515380859,54900,0.0,0.0,-0.016949261039453378
1998-02-12,5.083019059821492,5.499660310291109,4.999691191173735,5.249675750732422,133950,0.0,0.0,0.08620696459452648
1998-02-13,5.249675559997558,5.249675559997558,4.999691009521484,4.999691009521484,24600,0.0,0.0,-0.047619082221613485
1998-02-17,4.916363440042244,4.916363440042244,4.749706745147705,4.749706745147705,14400,0.0,0.0,-0.049999942776004724
1998-02-18,4.666378974914551,4.895530862507831,4.666378974914551,4.666378974914551,111000,0.0,0.0,-0.017543771585115664
1998-02-19,4.666378974914551,4.895530862507831,4.666378974914551,4.666378974914551,7200,0.0,0.0,0.0
1998-02-20,4.833034515380859,4.833034515380859,4.666378777564035,4.833034515380859,4050,0.0,0.0,0.03571410323983826
1998-02-23,4.666378974914551,4.83303471977958,4.666378974914551,4.666378974914551,20700,0.0,0.0,-0.03448258851368369
1998-02-24,4.666378974914551,4.83303471977958,4.583050148866577,4.666378974914551,34050,0.0,0.0,0.0
1998-02-25,4.749706745147705,4.749706745147705,4.499722179613615,4.749706745147705,24000,0.0,0.0,0.017857051619919018
1998-02-26,4.708042346049391,4.708042346049391,4.541386604309082,4.541386604309082,5250,0.0,0.0,-0.04385957955224129
1998-02-27,4.54138659174111,4.749706745147705,4.54138659174111,4.749706745147705,46500,0.0,0.0,0.04587148353345638
1998-03-02,4.749706745147705,4.749706745147705,4.749706745147705,4.749706745147705,3000,0.0,0.0,0.0
1998-03-03,4.749706745147705,4.749706745147705,4.54138659174111,4.749706745147705,17250,0.0,0.0,0.0
1998-03-04,4.749706758292189,4.833034629162343,4.541386604309082,4.541386604309082,8550,0.0,0.0,-0.04385957955224129
1998-03-05,4.583050050253165,4.749706745147705,4.54138659174111,4.749706745147705,18000,0.0,0.0,0.04587148353345638
1998-03-06,4.541386689458049,4.666378974914551,4.541386689458049,4.666378974914551,9450,0.0,0.0,-0.017543771585115664
1998-03-09,4.70804233302021,4.749706745147705,4.666378874508155,4.749706745147705,7500,0.0,0.0,0.017857051619919018
1998-03-10,4.749706459025051,4.749706459025051,4.166409492455172,4.583049774169922,77250,0.0,0.0,-0.03508784434913581
1998-03-11,4.749706459025051,4.749706459025051,4.583049774169922,4.583049774169922,110250,0.0,0.0,0.0
1998-03-12,4.749706547434737,5.16634779052011,4.666378680263822,5.124683380126953,119550,0.0,0.0,0.11818191655034593
1998-03-13,4.9996914672663255,5.208011627197266,4.916363594017042,5.208011627197266,38250,0.0,0.0,0.016260174705319708
1998-03-16,5.24967585073435,5.24967585073435,4.999691286413667,5.166347980499268,46650,0.0,0.0,-0.007999914301347277
1998-03-17,4.999691009521484,5.166347694377327,4.999691009521484,4.999691009521484,20250,0.0,0.0,-0.03225817765408778
1998-03-18,5.166347980499268,5.166347980499268,4.999691286413667,5.166347980499268,23400,0.0,0.0,0.03333345413954558
1998-03-19,4.999691286413667,5.24967585073435,4.999691286413667,5.166347980499268,28050,0.0,0.0,0.0
1998-03-20,5.08301932265343,5.499660594666666,5.08301932265343,5.416332721710205,79050,0.0,0.0,0.048387128035997984
1998-03-23,5.416332533173561,5.416332533173561,5.33300370950222,5.374668121337891,62850,0.0,0.0,-0.007692400469659244
1998-03-24,5.333003895138279,5.416332721710205,5.333003895138279,5.416332721710205,47550,0.0,0.0,0.007752032205840198
1998-03-25,5.416332721710205,5.416332721710205,5.333003895138279,5.416332721710205,6750,0.0,0.0,0.0
1998-03-26,5.249675750732422,5.416332441643352,5.083019059821492,5.249675750732422,40350,0.0,0.0,-0.03076933776792823
1998-03-27,5.333003720969434,5.333003720969434,5.166347980499268,5.166347980499268,22800,0.0,0.0,-0.015872936575469176
1998-03-30,5.16634779052011,5.16634779052011,5.124683380126953,5.124683380126953,14250,0.0,0.0,-0.008064613636088791
1998-03-31,5.333003520965576,5.333003520965576,5.124683376382791,5.333003520965576,32250,0.0,0.0,0.04065034371615406
1998-04-01,5.124683654233458,5.291340351104736,5.124683654233458,5.291340351104736,18450,0.0,0.0,-0.007812327461823365
1998-04-02,5.124683376382791,5.333003520965576,5.124683376382791,5.333003520965576,82350,0.0,0.0,0.007873840482051309
1998-04-03,5.333003520965576,5.499660208801044,5.333003520965576,5.333003520965576,66300,0.0,0.0,0.0
1998-04-06,5.333003520965576,5.499660208801044,5.333003520965576,5.333003520965576,24150,0.0,0.0,0.0
1998-04-07,5.499660415055034,5.499660415055034,5.166347980499268,5.166347980499268,47250,0.0,0.0,-0.03124984632227179
1998-04-08,5.166348149225357,5.416332721710205,5.166348149225357,5.416332721710205,13350,0.0,0.0,0.048387128035997984
1998-04-09,5.166347980499268,5.166347980499268,5.166347980499268,5.166347980499268,2550,0.0,0.0,-0.04615387459653786
1998-04-13,5.166347980499268,5.333003720969434,5.166347980499268,5.166347980499268,16350,0.0,0.0,0.0
1998-04-14,5.083019241611776,5.291340351104736,5.083019241611776,5.291340351104736,15750,0.0,0.0,0.02419356401799888
1998-04-15,5.166347980499268,5.166347980499268,4.999691286413667,5.166347980499268,30000,0.0,0.0,-0.023622062145250755
1998-04-16,4.999691198699497,5.083019067472684,4.916363329926312,5.041355609893799,46050,0.0,0.0,-0.024193564017998992
1998-04-17,4.999691384718309,5.249675953954225,4.416394374372991,5.083019256591797,290850,0.0,0.0,0.00826437369667632
1998-04-20,5.08301897376224,5.08301897376224,4.91636323928833,4.91636323928833,66000,0.0,0.0,-0.03278681604193079
1998-04-21,4.666378974914551,5.083019290692584,4.416394404001547,4.666378974914551,212250,0.0,0.0,-0.050847395159102526
1998-04-22,4.666378777564035,4.9163633379046905,4.666378777564035,4.833034515380859,75750,0.0,0.0,0.03571410323983826
1998-04-23,4.833034515380859,4.958026795551187,4.833034515380859,4.833034515380859,17250,0.0,0.0,0.0
1998-04-24,4.9580267731487995,5.457995891571045,4.9580267731487995,5.457995891571045,261450,0.0,0.0,0.12931034822972642
1998-04-27,5.333003619380179,5.333003619380179,5.083019059821492,5.249675750732422,41850,0.0,0.0,-0.03816788157725415
1998-04-28,5.124683568574009,5.333003720969434,5.124683568574009,5.166347980499268,87000,0.0,0.0,-0.015872936575469176
1998-04-29,5.208011511620001,5.791309472266716,4.999691356312145,5.499660491943359,283050,0.0,0.0,0.06451607841790818
1998-04-30,5.749644955572154,5.749644955572154,5.416332522396303,5.582988262176514,75600,0.0,0.0,0.015151438957954566
1998-05-01,5.624652775851163,5.624652775851163,5.457996079435609,5.499660491943359,39750,0.0,0.0,-0.014925299198223496
1998-05-04,5.499660208801044,5.499660208801044,5.333003520965576,5.333003520965576,26850,0.0,0.0,-0.030303138024960763
1998-05-05,5.333003520965576,5.499660208801044,5.291340064218258,5.333003520965576,42000,0.0,0.0,0.0
1998-05-06,5.3330035174188755,5.624652482533133,5.249675650364257,5.541324615478516,104550,0.0,0.0,0.03906262084657719
1998-05-07,5.499660478002199,5.832972916372942,5.499660478002199,5.707980632781982,289800,0.0,0.0,0.030075122622837958
1998-05-08,5.832972916372942,5.832972916372942,5.707980632781982,5.707980632781982,63450,0.0,0.0,0.0
1998-05-11,5.66631689286814,5.7496447599227585,5.499660205143508,5.541324615478516,41100,0.0,0.0,-0.029197018705061972
1998-05-12,5.666317085682049,5.707980543819387,5.541324804039176,5.582988262176514,21000,0.0,0.0,0.007518716117373758
1998-05-13,5.49966057671441,5.6663172756987885,5.45799616356445,5.624652862548828,170400,0.0,0.0,0.007462777712534896
1998-05-14,5.49966057671441,5.624652862548828,5.49966057671441,5.624652862548828,14250,0.0,0.0,0.0
1998-05-15,5.499660310291109,5.541324721422695,5.166347882084665,5.249675750732422,72000,0.0,0.0,-0.06666671188068385
1998-05-18,5.249675750732422,5.374668030511765,5.208011339600835,5.249675750732422,27000,0.0,0.0,0.0
1998-05-19,5.374667931328292,5.374667931328292,5.208011243492825,5.333003520965576,25950,0.0,0.0,0.015872936575469287
1998-05-20,5.208011525861372,5.291340351104736,5.208011525861372,5.291340351104736,52950,0.0,0.0,-0.007812327461823365
1998-05-21,5.208011438809092,5.24967585073435,5.166347980499268,5.166347980499268,129750,0.0,0.0,-0.023622062145250755
1998-05-22,5.249675953954225,5.249675953954225,5.083019256591797,5.083019256591797,14400,0.0,0.0,-0.01612913497542179
1998-05-26,5.083019256591797,5.208011541209755,4.999691384718309,5.083019256591797,19500,0.0,0.0,0.0
1998-05-27,5.249675657691025,5.249675657691025,5.083018969733796,5.124683380126953,67950,0.0,0.0,0.008196727462939535
1998-05-28,5.249675953954225,5.249675953954225,5.083019256591797,5.083019256591797,14250,0.0,0.0,-0.008130087352659854
1998-05-29,5.166347980499268,5.24967585073435,5.08301915664875,5.166347980499268,10500,0.0,0.0,0.016393548735706087
1998-06-01,5.24967585073435,5.24967585073435,5.166347980499268,5.166347980499268,19500,0.0,0.0,0.0
1998-06-02,5.208011627197266,5.208011627197266,5.083019340515608,5.208011627197266,41400,0.0,0.0,0.008064429042577093
1998-06-03,5.208011541209755,5.208011541209755,5.083019256591797,5.083019256591797,5100,0.0,0.0,-0.024000017579210775
1998-06-04,5.083018875141716,5.166347694377327,4.999691009521484,4.999691009521484,14100,0.0,0.0,-0.01639345492587896
1998-06-05,5.166347980499268,5.166347980499268,5.08301915664875,5.166347980499268,42150,0.0,0.0,0.03333345413954558
1998-06-08,5.08301915664875,5.166347980499268,5.08301915664875,5.166347980499268,3900,0.0,0.0,0.0
1998-06-09,5.08301915664875,5.166347980499268,4.999691286413667,5.166347980499268,13350,0.0,0.0,0.0
1998-06-10,4.999691009521484,5.166347694377327,4.958026599903678,4.999691009521484,46950,0.0,0.0,-0.03225817765408778
1998-06-11,4.958026898554301,4.999691310681794,4.666378874508155,4.749706745147705,157200,0.0,0.0,-0.049999942776004724
1998-06-12,4.70804233302021,4.958026898554301,4.666378874508155,4.749706745147705,59550,0.0,0.0,0.0
1998-06-15,4.833034533415829,4.999691225469968,4.416394233703613,4.416394233703613,50250,0.0,0.0,-0.07017538751936703
1998-06-16,4.416394181427851,4.666378739742345,4.416394181427851,4.562218189239502,28500,0.0,0.0,0.0330187813449796
1998-06-17,4.624714277467595,4.7497065552369895,4.416394132390404,4.708042144775391,56700,0.0,0.0,0.031963389186389746
1998-06-18,4.583050148866577,4.749706847347065,4.499722276434062,4.666378974914551,36450,0.0,0.0,-0.008849362129664473
1998-06-19,4.499722312478458,4.583050185578459,4.08308103974752,4.249737739562988,100800,0.0,0.0,-0.08928576902804852
1998-06-22,4.291401972353697,4.416394253552198,3.7497684359550476,3.999752998352051,308700,0.0,0.0,-0.05882356901314201
1998-06-23,4.0830807737321235,4.0830807737321235,3.833096217103312,3.874760627746582,162750,0.0,0.0,-0.03125002235312213
1998-06-24,3.8747606331859386,3.8747606331859386,3.666440486907959,3.666440486907959,45300,0.0,0.0,-0.053763357495395625
1998-06-25,3.666440575986781,3.9164251390400744,3.666440575986781,3.7914328575134277,65400,0.0,0.0,0.03409093125929319
1998-06-26,3.7914328082357547,3.999752956867463,3.7497683970632467,3.8330962657928467,111000,0.0,0.0,0.01098882924877742
1998-06-29,3.7497683970632467,3.9580885456949546,3.7497683970632467,3.8330962657928467,45450,0.0,0.0,0.0
1998-06-30,3.7914328475596903,3.999752998352051,3.7914328475596903,3.999752998352051,35250,0.0,0.0,0.04347835822608337
1998-07-01,3.8330962657928467,3.8747606769653546,3.6664405283336468,3.8330962657928467,42750,0.0,0.0,-0.04166675607915504
1998-07-02,3.8330962224841802,3.8330962224841802,3.666440486907959,3.666440486907959,4500,0.0,0.0,-0.043478109426092426
1998-07-06,3.833096366478094,3.833096366478094,3.6247762123743694,3.7497684955596924,132900,0.0,0.0,0.022727222478935438
1998-07-07,3.7497684955596924,3.833096366478094,3.7497684955596924,3.7497684955596924,90000,0.0,0.0,0.0
1998-07-08,3.791432765397828,3.8330962224841802,3.6247760762062007,3.666440486907959,41400,0.0,0.0,-0.02222217418232797
1998-07-09,3.8330963055489065,4.020584727346659,3.7497684359550476,3.999752998352051,103950,0.0,0.0,0.0909090199702618
1998-07-10,3.9580883980180444,4.166409492492676,3.9580883980180444,4.166409492492676,70650,0.0,0.0,0.041666696470829434
1998-07-13,3.9997530998268047,4.166409796858072,3.9164252281188965,3.9164252281188965,19800,0.0,0.0,-0.05999992675329158
1998-07-14,3.9164252281188965,3.9997530998268047,3.9164252281188965,3.9164252281188965,33300,0.0,0.0,0.0
1998-07-15,4.083080858287828,4.291401962202854,3.916425119494316,4.208073139190674,304050,0.0,0.0,0.07446788693368189
1998-07-16,4.0830806732374185,4.541386318187142,4.0830806732374185,4.374729633331299,252450,0.0,0.0,0.03960399181005614
1998-07-17,4.37472999097756,4.666378974914551,4.333065577953573,4.666378974914551,33300,0.0,0.0,0.06666682653052658
1998-07-20,4.666378692324745,4.666378692324745,4.083080759774526,4.499722003936768,181050,0.0,0.0,-0.035714409796909985
1998-07-21,4.583049774169922,4.583049774169922,4.374729633312547,4.583049774169922,76500,0.0,0.0,0.01851842628505751
1998-07-22,4.458057593435923,4.499722003936768,4.333065315548791,4.499722003936768,67650,0.0,0.0,-0.018181729271802727
1998-07-23,4.458057593435923,4.541386414437612,4.41639413655048,4.499722003936768,65700,0.0,0.0,0.0
1998-07-24,4.541386604309082,4.541386604309082,4.41639432119613,4.541386604309082,30150,0.0,0.0,0.009259372098068042
1998-07-27,4.458057691505582,4.499722102922972,4.416394233703613,4.416394233703613,78600,0.0,0.0,-0.02752295311895936
1998-07-28,4.416394042969928,4.541386318208556,4.0414172172540495,4.166409492492676,92250,0.0,0.0,-0.05660381025389094
1998-07-29,4.0414174099566935,4.208073149144411,3.999752998352051,3.999752998352051,59250,0.0,0.0,-0.04000002746751563
1998-07-30,3.999752998352051,4.166409691155195,3.999752998352051,3.999752998352051,83100,0.0,0.0,0.0
1998-07-31,4.0830810586596105,4.166409885761042,4.041417598724365,4.041417598724365,34500,0.0,0.0,0.010416793334358632
1998-08-03,4.166409702093368,4.166409702093368,3.7914328575134277,3.7914328575134277,65400,0.0,0.0,-0.061855706594102666
1998-08-04,3.9580886086731706,3.9580886086731706,3.5831117630004883,3.5831117630004883,105750,0.0,0.0,-0.05494521526343599
1998-08-05,3.666440545060268,3.666440545060268,3.4164559841156006,3.4164559841156006,55950,0.0,0.0,-0.046511465426724685
1998-08-06,3.499783797716332,3.666440486907959,3.416455929928221,3.666440486907959,150000,0.0,0.0,0.07317070787817292
1998-08-07,3.666440586671372,3.666440586671372,3.541448304780478,3.5831117630004883,43800,0.0,0.0,-0.022727417560715613
1998-08-10,3.541448304780478,3.5831117630004883,3.541448304780478,3.5831117630004883,7800,0.0,0.0,0.0
1998-08-11,3.583111813528607,3.583111813528607,3.5414483547210693,3.5414483547210693,52500,0.0,0.0,-0.011627716642734653
1998-08-12,3.5831116655044424,3.666440486907959,3.5414482084180903,3.666440486907959,182700,0.0,0.0,0.0352940717094643
1998-08-13,3.6247761171611383,3.8330962657928467,3.6247761171611383,3.8330962657928467,44400,0.0,0.0,0.04545437993061063
1998-08-14,3.7497683970632467,3.8747606769653546,3.7497683970632467,3.8330962657928467,72450,0.0,0.0,0.0
1998-08-17,3.9164250334530113,4.083080768585205,3.833096212271511,4.083080768585205,267900,0.0,0.0,0.06521738183913084
1998-08-18,4.124745261012724,4.416394233703613,4.0830808495953335,4.416394233703613,199350,0.0,0.0,0.08163283657842069
1998-08-19,4.249737638674342,4.499722205655186,4.249737638674342,4.333065509796143,61950,0.0,0.0,-0.01886804472108705
1998-08-20,4.416394253552198,4.416394253552198,3.999752998352051,3.999752998352051,130950,0.0,0.0,-0.0769230261325482
1998-08-21,4.1664095897667055,4.1664095897667055,3.999752901019108,4.083080768585205,247050,0.0,0.0,0.02083322901876361
1998-08-24,4.166409541865858,4.166409541865858,3.999752855034298,4.020584583282471,87750,0.0,0.0,-0.015306134961515672
1998-08-25,4.083080919164741,4.124745331292028,3.916425177886466,3.9580886363983154,98100,0.0,0.0,-0.015543995055846471
1998-08-26,3.999752998352051,4.0414174099566935,3.7497684359550476,3.999752998352051,303300,0.0,0.0,0.010526384268051192
1998-08-27,3.874760765759178,3.999753048525603,3.4997839174599026,3.9580886363983154,150450,0.0,0.0,-0.010416733726033023
1998-08-28,3.916425191011937,3.9580886496634173,3.583111800107448,3.7497684955596924,159300,0.0,0.0,-0.052631499689755556
1998-08-31,3.7497685636792863,3.7497685636792863,3.2497994218553816,3.499783992767334,71400,0.0,0.0,-0.0666666497114099
1998-09-01,3.4164559352438437,3.4581193923950195,3.166471377875158,3.4581193923950195,145500,0.0,0.0,-0.011904906262334647
1998-09-02,3.3747915727530153,3.4581194418627645,3.3331271613904305,3.4164559841156006,271350,0.0,0.0,-0.012047995905243636
1998-09-03,3.374791611054142,3.5831117630004883,3.2497993291632477,3.5831117630004883,217200,0.0,0.0,0.048780309086296825
1998-09-04,3.6039444457259253,3.8330963267822766,3.5831117630004883,3.5831117630004883,207150,0.0,0.0,0.0
1998-09-08,3.833096380835613,3.833096380835613,3.4997839422980865,3.5414483547210693,91200,0.0,0.0,-0.011627716642734653
1998-09-09,3.5414482084180903,3.666440486907959,3.3331271085247045,3.666440486907959,90750,0.0,0.0,0.0352940717094643
1998-09-10,3.499783892945036,3.666440586671372,3.3331271992187,3.5831117630004883,76950,0.0,0.0,-0.022727417560715613
1998-09-11,3.5831116655044424,3.666440486907959,3.3331271085247045,3.666440486907959,68250,0.0,0.0,0.023255965601723716
1998-09-14,3.5831118651994984,3.666440691247122,3.499783992767334,3.499783992767334,99900,0.0,0.0,-0.04545457501239092
1998-09-15,3.4997838447833884,3.6247761249542236,3.4997838447833884,3.6247761249542236,64200,0.0,0.0,0.03571424192041528
1998-09-16,3.5831116655044424,3.74976835469607,3.5831116655044424,3.666440486907959,96150,0.0,0.0,0.011494326964609947
1998-09-17,3.666440674389169,3.7497685464382,3.583111848724684,3.708104133605957,62400,0.0,0.0,0.011363513698577687
1998-09-18,3.708104083292771,3.7914329078266142,3.708104083292771,3.7497684955596924,52800,0.0,0.0,0.011236028022012068
1998-09-21,3.7081039938629745,3.7081039938629745,3.6247761249542236,3.6247761249542236,9600,0.0,0.0,-0.033333356646811474
1998-09-22,3.7497683404890383,4.2914018630981445,3.583111651928836,4.2914018630981445,189150,0.0,0.0,0.18390811326377832
1998-09-23,4.291401767731302,4.291401767731302,3.833096122779418,4.166409492492676,140100,0.0,0.0,-0.02912623301030859
1998-09-24,4.166409866462987,4.249737739562988,4.08308103974752,4.249737739562988,25350,0.0,0.0,0.020000013733757926
1998-09-25,4.166409600867435,4.166409600867435,3.666440486907959,3.666440486907959,139800,0.0,0.0,-0.13725488216009563
1998-09-28,3.791432765397828,3.8330962224841802,3.666440486907959,3.666440486907959,5850,0.0,0.0,0.0
1998-09-29,3.874760778745016,3.9997530619303387,3.7497684955596924,3.7497684955596924,198600,0.0,0.0,0.022727222478935438
1998-09-30,3.749768611100296,4.0830810586596105,3.749768611100296,4.041417598724365,88800,0.0,0.0,0.07777789575810634
1998-10-01,3.999752956867463,3.999752956867463,3.7497683970632467,3.8330962657928467,113700,0.0,0.0,-0.05154659914315041
1998-10-02,3.8330962224841802,3.8330962224841802,3.5831116655044424,3.666440486907959,55800,0.0,0.0,-0.043478109426092426
1998-10-05,3.499783797716332,3.666440486907959,3.499783797716332,3.666440486907959,9150,0.0,0.0,0.0
1998-10-06,3.5414483547210693,3.749768509605093,3.5414483547210693,3.5414483547210693,17850,0.0,0.0,-0.03409086623203317
1998-10-07,3.3331271992187,3.5831117630004883,3.3331271992187,3.5831117630004883,64200,0.0,0.0,0.011764511043589776
1998-10-08,3.3747917073113576,3.499783992767334,3.2497994218553816,3.499783992767334,135000,0.0,0.0,-0.0232556994435964
1998-10-09,3.4997839422980865,3.5414483547210693,3.416456071067566,3.5414483547210693,65400,0.0,0.0,0.011904838138536267
1998-10-12,3.49978383725903,3.8330962657928467,3.49978383725903,3.8330962657928467,91500,0.0,0.0,0.0823527217848552
1998-10-13,3.8330964027955376,3.9580886871651253,3.8330964027955376,3.9164252281188965,38100,0.0,0.0,0.02173933461303612
1998-10-14,3.916425088137863,3.9580885456949546,3.7497683970632467,3.8330962657928467,102150,0.0,0.0,-0.02127679132688909
1998-10-15,3.999752807636047,4.166409492492676,3.916424942015423,4.166409492492676,130950,0.0,0.0,0.08695665425216914
1998-10-16,4.2080732559043,4.2080732559043,3.9164252281188965,3.9164252281188965,168300,0.0,0.0,-0.05999992675329158
1998-10-19,3.9164252281188965,3.9164252281188965,3.874760815457217,3.9164252281188965,105900,0.0,0.0,0.0
1998-10-20,3.8747606769653546,3.916425088137863,3.8330962657928467,3.8330962657928467,50850,0.0,0.0,-0.02127679132688909
1998-10-21,3.874760778745016,3.916425191011937,3.7497684955596924,3.7497684955596924,212250,0.0,0.0,-0.02173902361304736
1998-10-22,3.7914328523748306,3.9164251337320732,3.7914328523748306,3.895592451095581,90450,0.0,0.0,0.03888878892352077
1998-10-23,3.9164250383898525,3.9164250383898525,3.7914327600754465,3.874760627746582,192300,0.0,0.0,-0.005347536635445627
1998-10-26,3.9164251337320732,3.9164251337320732,3.8747607220745164,3.895592451095581,59850,0.0,0.0,0.005376286524598539
1998-10-27,3.999752998352051,3.999752998352051,3.8330963055489065,3.999752998352051,174900,0.0,0.0,0.026738050390044288
1998-10-28,3.999753048525603,3.999753048525603,3.916425177886466,3.9580886363983154,91350,0.0,0.0,-0.010416733726033023
1998-10-29,3.9372567643864205,3.999752903503665,3.9372567643864205,3.9789211750030518,88050,0.0,0.0,0.005263282487704135
1998-10-30,3.999753071693499,4.333065509796143,3.999753071693499,4.333065509796143,337050,0.0,0.0,0.08900511450640125
1998-11-02,4.270569469434122,4.270569469434122,3.958088753289785,4.249737739562988,64200,0.0,0.0,-0.019230673998527847
1998-11-03,4.2497373581133,4.416394042969928,4.166409492492676,4.166409492492676,54750,0.0,0.0,-0.019607856337714002
1998-11-04,4.2080730420103425,4.2914018630981445,4.166409585081843,4.2914018630981445,18300,0.0,0.0,0.03000002060063678
1998-11-05,4.166409928181749,4.270569532695843,4.0830811002318965,4.1039137840271,15900,0.0,0.0,-0.04368923840091954
1998-11-06,4.083080673256671,4.228905630111989,3.999752807636047,4.166409492492676,99000,0.0,0.0,0.015228319052124517
1998-11-09,4.166409681300008,4.33306542009352,4.083080858287828,4.208073139190674,34350,0.0,0.0,0.009999892418897094
1998-11-10,4.166409492492676,4.166409492492676,4.083080673256671,4.166409492492676,12150,0.0,0.0,-0.009900884637668361
1998-11-11,4.166409672430115,4.416394233703613,4.166409672430115,4.416394233703613,41250,0.0,0.0,0.06000004120127356
1998-11-12,4.291402152920722,4.333065612662989,4.249737739562988,4.249737739562988,46500,0.0,0.0,-0.037735873502594
1998-11-13,4.291401858663347,4.499722003936768,4.249737448162503,4.499722003936768,14700,0.0,0.0,0.058823456809239616
1998-11-16,4.35389833862997,4.35389833862997,4.166409907114069,4.312233924865723,30750,0.0,0.0,-0.04166659160432873
1998-11-17,4.187241410245341,4.208073139190674,3.999752988891072,4.208073139190674,57150,0.0,0.0,-0.02415471597550034
1998-11-18,4.249737638674342,4.416394334533386,4.166409767552542,4.333065509796143,114150,0.0,0.0,0.02970299385754216
1998-11-19,4.333065509796143,4.416394334533386,4.249737638674342,4.333065509796143,95400,0.0,0.0,0.0
1998-11-20,4.333065410868832,4.416394233703613,4.249737541649473,4.416394233703613,74550,0.0,0.0,0.019230894090819017
1998-11-23,4.41639413655048,4.499722003936768,4.333065315548791,4.499722003936768,259650,0.0,0.0,0.018867828781506946
1998-11-24,4.416394141114446,4.416394141114446,4.2497374525542435,4.2914018630981445,153450,0.0,0.0,-0.04629622466818295
1998-11-25,4.2497374525542435,4.708042154075548,4.2497374525542435,4.2914018630981445,297300,0.0,0.0,0.0
1998-11-27,4.333065410868832,4.416394233703613,4.249737541649473,4.416394233703613,30600,0.0,0.0,0.02912623301030859
1998-11-30,4.416394188073545,4.416394188073545,4.249737497741298,4.353898048400879,50250,0.0,0.0,-0.014150952563472763
1998-12-01,4.333065465601192,4.333065465601192,4.249737595329292,4.270569324493408,30150,0.0,0.0,-0.01913887807687098
1998-12-02,4.333065509796143,4.374729922164764,4.249737638674342,4.333065509796143,37650,0.0,0.0,0.014634157779454426
1998-12-03,4.4163944393784575,4.4163944393784575,4.249737739562988,4.249737739562988,8700,0.0,0.0,-0.019230673998527847
1998-12-04,4.249737739562988,4.249737739562988,4.2080733262052545,4.249737739562988,10950,0.0,0.0,0.0
1998-12-07,4.33306542009352,4.33306542009352,3.916425119494316,4.208073139190674,95850,0.0,0.0,-0.009804040372759282
1998-12-08,4.2080733262052545,4.333065612662989,4.166409866462987,4.249737739562988,44250,0.0,0.0,0.009901111267359708
1998-12-09,4.2914018630981445,4.2914018630981445,4.2497374525542435,4.2914018630981445,27450,0.0,0.0,0.00980392816885689
1998-12-10,4.2497373581133,4.333065223733923,4.166409492492676,4.166409492492676,85650,0.0,0.0,-0.02912623301030859
1998-12-11,4.2497373581133,4.2497373581133,4.083080673256671,4.166409492492676,22800,0.0,0.0,0.0
1998-12-14,4.249737550696764,4.4163942431057,4.166409681300008,4.208073139190674,163350,0.0,0.0,0.009999892418897094
1998-12-15,4.166409681300008,4.37472983159961,3.999752988891072,4.208073139190674,52950,0.0,0.0,0.0
1998-12-16,4.333065223713493,4.416394042949105,4.333065223713493,4.374729633331299,82950,0.0,0.0,0.03960399181005614
1998-12-17,4.416394042949105,4.45805749895153,4.249737358093261,4.374729633331299,32550,0.0,0.0,0.0
1998-12-18,4.41639421722338,4.9163633379046905,4.374729805961464,4.833034515380859,303300,0.0,0.0,0.10476187569574846
1998-12-21,5.083019210738674,5.124683623107296,4.0830809428152985,4.333065509796143,308850,0.0,0.0,-0.10344825885136832
1998-12-22,4.499722003936768,4.6247142818239,4.458057593435923,4.499722003936768,210750,0.0,0.0,0.038461568089346976
1998-12-23,4.499722356381623,4.666379057823138,4.249737781027089,4.312233924865723,84750,0.0,0.0,-0.04166659160432873
1998-12-24,4.374729726049635,4.499722003936768,4.374729726049635,4.499722003936768,84900,0.0,0.0,0.043478179138179085
1998-12-28,4.458057793286565,4.499722205655186,4.249737638674342,4.333065509796143,172350,0.0,0.0,-0.037037064510833884
1998-12-29,4.624714286603147,4.624714286603147,3.9372567575134902,4.2914018630981445,523050,0.0,0.0,-0.009615281976191103
1998-12-30,4.4997219085877855,4.833034324685458,4.333065223731259,4.791370868682861,375750,0.0,0.0,0.11650482092669079
1998-12-31,4.791371201004288,5.91630175617452,4.749706788496537,5.499660491943359,590250,0.0,0.0,0.14782609041808636
1999-01-04,5.832972623319501,5.832972623319501,5.24967564707217,5.749644756317139,426000,0.0,0.0,0.04545449027989812
1999-01-05,5.999629413401132,6.166286103867412,5.6246525750635605,5.666316986083984,1056900,0.0,0.0,-0.014492681507253469
1999-01-06,5.666316889314776,5.978797582592882,5.416332334692292,5.749644756317139,542850,0.0,0.0,0.01470580810035882
1999-01-07,5.749645059758967,5.749645059758967,5.374668208035556,5.499660491943359,141000,0.0,0.0,-0.04347821038841071
1999-01-08,5.666317188358914,6.91624002743695,5.666317188358914,6.874575614929199,2327400,0.0,0.0,0.25
1999-01-11,7.249552493381602,7.957841786932125,6.666255484199726,7.832849502563477,3044250,0.0,0.0,0.13939389735611285
1999-01-12,8.124497986847953,8.24949026356869,7.082895362970007,8.041170120239258,1792500,0.0,0.0,0.026595764109549558
1999-01-13,7.582864964985615,8.082834104514676,6.749583383642331,7.4162092208862305,911250,0.0,0.0,-0.07772014396014693
1999-01-14,7.5828647835714085,7.791185889134899,7.166224479675293,7.166224479675293,404100,0.0,0.0,-0.03370788684155601
1999-01-15,7.332880395221084,7.582864964985615,6.749583383642331,7.4162092208862305,733350,0.0,0.0,0.03488374414169404
1999-01-19,7.666193774469485,7.666193774469485,7.166224635995724,7.6245293617248535,597150,0.0,0.0,0.028089841404680405
1999-01-20,7.66619348526001,7.66619348526001,7.499536794184113,7.66619348526001,408750,0.0,0.0,0.005464484633544764
1999-01-21,7.6661936072429775,7.6661936072429775,6.916239915891451,7.166224479675293,345150,0.0,0.0,-0.06521737372608982
1999-01-22,7.332880103108216,7.66619348526001,6.79124752593853,7.66619348526001,405450,0.0,0.0,0.06976742174386508
1999-01-25,7.66619348526001,7.74952135399025,7.416208925453873,7.66619348526001,242700,0.0,0.0,0.0
1999-01-26,7.666193574507291,7.874513725565794,7.416209011790917,7.7911858558654785,892650,0.0,0.0,0.01630435898151994
1999-01-27,7.7911860954506,8.416147521459594,7.624529397309717,8.374483108520508,591000,0.0,0.0,0.07486629936005218
1999-01-28,8.541139325317973,8.666131603475721,8.082833669662625,8.166162490844727,760500,0.0,0.0,-0.02487563888735156
1999-01-29,8.499474995425102,8.916116244445195,8.249490436736128,8.707795143127441,1099800,0.0,0.0,0.06632646030371703
1999-02-01,9.082772406792214,9.082772406792214,8.374483108520508,8.374483108520508,1171350,0.0,0.0,-0.03827743178708076
1999-02-02,8.416147465360803,8.582803208775367,7.7495216308561945,7.832849502563477,200550,0.0,0.0,-0.06467666110711401
1999-02-03,7.916178496803706,8.124498657324827,7.79118620976794,8.082834243774414,504000,0.0,0.0,0.031914916931459425
1999-02-04,8.33281853328517,8.499475228180124,7.832849402215752,7.916178226470947,446400,0.0,0.0,-0.02061851230363032
1999-02-05,8.082833829917416,8.916116336567136,7.8328492686455835,8.83278751373291,805500,0.0,0.0,0.11578936969823506
1999-02-08,8.91611614964009,8.91611614964009,8.291154759562874,8.582802772521973,321750,0.0,0.0,-0.02830190818269651
1999-02-09,8.582802683618858,8.582802683618858,7.8328490232944326,8.041170120239258,233850,0.0,0.0,-0.06310673408653444
1999-02-10,7.791186043517561,8.166162896623506,7.16622462167432,7.832849502563477,261150,0.0,0.0,-0.02590675418636501
1999-02-11,7.791185866305619,7.791185866305619,7.499536891540565,7.582864761352539,217350,0.0,0.0,-0.031914916931459536
1999-02-12,7.541201337328002,8.08283392397626,6.83291110307192,6.9579033851623535,380400,0.0,0.0,-0.08241758172655478
1999-02-16,6.999567785947587,7.541201325351056,6.999567785947587,7.166224479675293,200700,0.0,0.0,0.02994021086253973
1999-02-17,7.332880309008041,7.499537004763488,7.0828957421825915,7.291216850280762,147000,0.0,0.0,0.01744187207084713
1999-02-18,7.332880219787566,7.499536913515272,7.124560067839508,7.166224479675293,128700,0.0,0.0,-0.017142868354087626
1999-02-19,7.1662246511217,7.4162092208862305,6.999567953406862,7.4162092208862305,154950,0.0,0.0,0.03488374414169404
1999-02-22,7.49953670933189,7.49953670933189,7.166224284566719,7.332880020141602,212100,0.0,0.0,-0.011236090873751103
1999-02-23,7.332880243862611,7.416209067807762,6.7495832443237305,6.7495832443237305,321300,0.0,0.0,-0.07954538656240107
1999-02-24,6.749583344301938,7.416209177660366,6.749583344301938,7.353713035583496,461250,0.0,0.0,0.08950623607284602
1999-02-25,7.416209237384129,7.499537109619189,7.207888126373291,7.207888126373291,197700,0.0,0.0,-0.019830106030053196
1999-02-26,7.332880118817198,7.332880118817198,7.082895558475528,7.249552249908447,121950,0.0,0.0,0.0057803510271905445
1999-03-01,7.082895755767822,7.249552451842923,6.916240013308167,7.082895755767822,135300,0.0,0.0,-0.022988522379810417
1999-03-02,7.249552373532896,7.332880243862611,6.7495832443237305,6.7495832443237305,318900,0.0,0.0,-0.04705879105628019
1999-03-03,7.166224644959221,7.249552516937256,6.166286366760978,6.249614238739014,296700,0.0,0.0,-0.07407405575821013
1999-03-04,6.374606146870884,6.499598424260509,5.291340060699265,5.541324615478516,774150,0.0,0.0,-0.11333333485930641
1999-03-05,5.707980443488994,5.957965002380708,5.562156435340632,5.666316986083984,503550,0.0,0.0,0.0225564065054642
1999-03-08,5.749644854509418,5.832972722934851,5.666316986083984,5.666316986083984,311400,0.0,0.0,0.0
1999-03-09,5.6663168860098985,6.082957174394102,5.6663168860098985,5.957964897155762,396450,0.0,0.0,0.0514704545806457
1999-03-10,6.041294040082324,6.332942066790234,5.91630175617452,6.187118053436279,250200,0.0,0.0,0.03846164927724094
1999-03-11,6.332941807576205,6.707918643951416,6.187117800190981,6.707918643951416,187950,0.0,0.0,0.08417498842225712
1999-03-12,6.728751616180127,6.999567914029697,6.582926648894209,6.666255474090576,161700,0.0,0.0,-0.006211042809591616
1999-03-15,6.707918948511164,6.707918948511164,6.166286351565489,6.457934379577637,104850,0.0,0.0,-0.03125009164779413
1999-03-16,6.499598509448802,6.499598509448802,6.166286083246308,6.29127836227417,166350,0.0,0.0,-0.02580639683030761
1999-03-17,6.499598825410049,6.499598825410049,5.957965272087393,6.041294097900391,147000,0.0,0.0,-0.03973505064929528
1999-03-18,5.999629497528076,6.1662861903312205,5.916301627934217,5.999629497528076,111750,0.0,0.0,-0.006896635008514895
1999-03-19,5.999629701866679,6.166286400345906,5.749645130955567,5.832973003387451,193950,0.0,0.0,-0.02777779764721966
1999-03-22,5.9996295188579,5.9996295188579,5.499660392286408,5.582988262176514,149400,0.0,0.0,-0.04285717438873127
1999-03-23,5.541324706638127,5.666316986083984,5.24967573672599,5.666316986083984,386400,0.0,0.0,0.01492547001612099
1999-03-24,5.666316986083984,5.749644854509418,5.6246525750635605,5.666316986083984,130350,0.0,0.0,0.0
1999-03-25,5.624652775851163,5.624652775851163,5.374668208035556,5.499660491943359,113250,0.0,0.0,-0.029411784506571004
1999-03-26,5.624652590070452,5.624652590070452,5.249675750732422,5.249675750732422,91800,0.0,0.0,-0.04545457698291533
1999-03-29,5.2913402626596096,5.333003720969434,5.041355698338926,5.166347980499268,147150,0.0,0.0,-0.015872936575469176
1999-03-30,5.3330035174188755,5.707980349587751,5.249675650364257,5.541324615478516,229500,0.0,0.0,0.07258059975724107
1999-03-31,5.499660594666666,5.582988467623127,5.291340435467781,5.416332721710205,243300,0.0,0.0,-0.022556320454349854
1999-04-01,5.457995891571045,5.5829881711766065,5.291340154507239,5.457995891571045,378150,0.0,0.0,0.0076921363589503855
1999-04-05,5.457995899159522,5.582988178938866,5.249675750732422,5.249675750732422,111900,0.0,0.0,-0.03816788157725415
1999-04-06,5.416332323304121,7.83284904383033,5.291340046255683,6.582926273345947,2149050,0.0,0.0,0.2539681660200659
1999-04-07,7.041232136938842,7.082895594799174,6.332941909928129,6.416270732879639,444750,0.0,0.0,-0.025316330997217973
1999-04-08,6.416270629180969,6.95790320153489,6.332941807576205,6.707918643951416,402750,0.0,0.0,0.0454544272231614
1999-04-09,6.707918638245071,6.999567606382825,6.582926359559664,6.9162397384643555,324900,0.0,0.0,0.031055995990765917
1999-04-12,6.666255386012749,6.832911126972649,6.499598691437414,6.541263103485107,210450,0.0,0.0,-0.05421683590489679
1999-04-13,6.582926574505483,6.749583269399506,6.332942008972168,6.332942008972168,209550,0.0,0.0,-0.03184722754875102
1999-04-14,6.3329417325644695,6.582926287186954,5.666316889314776,5.749644756317139,254100,0.0,0.0,-0.09210525721357399
1999-04-15,5.791309265529841,5.832972722934851,5.499660295617704,5.666316986083984,224850,0.0,0.0,-0.014492681507253469
1999-04-16,5.666317065537214,5.999629497528076,5.541324784338713,5.999629497528076,160200,0.0,0.0,0.05882348486021516
1999-04-19,5.999629627574574,6.124621911482377,5.499660491943359,5.499660491943359,142050,0.0,0.0,-0.0833333134638915
1999-04-20,5.832972902686179,5.916301727294922,5.499660465097537,5.916301727294922,120300,0.0,0.0,0.07575762830485888
1999-04-21,5.999629561326843,6.541263103485107,5.916301690846894,6.541263103485107,252450,0.0,0.0,0.10563379033001641
1999-04-22,6.624590986632848,6.707918857272141,6.332942008972168,6.332942008972168,497700,0.0,0.0,-0.03184722754875102
1999-04-23,6.332941813366303,6.499598503112793,6.166286077235222,6.499598503112793,222900,0.0,0.0,0.026315809288086855
1999-04-26,6.416270833226898,6.499598703866191,6.20794972620551,6.332942008972168,331800,0.0,0.0,-0.02564104445233195
1999-04-27,6.332941826074917,6.541262927079929,6.0829572677612305,6.0829572677612305,340200,0.0,0.0,-0.03947371393213028
1999-04-28,6.082957574298563,6.249614272777791,5.791309543979239,5.832973003387451,198900,0.0,0.0,-0.04109584423659507
1999-04-29,5.916301544975698,5.916301544975698,5.666316986083984,5.666316986083984,272250,0.0,0.0,-0.028571367843925
1999-04-30,5.707980336726263,6.457933999374183,5.707980336726263,6.374606132507324,588900,0.0,0.0,0.12499991584707337
1999-05-03,6.416270833226898,6.457934291738825,6.20794972620551,6.332942008972168,342450,0.0,0.0,-0.006535952601477546
1999-05-04,6.374606330902629,6.374606330902629,6.124621768906447,6.207949638366699,807300,0.0,0.0,-0.019736856966065086
1999-05-05,6.2079498139514575,6.2079498139514575,5.582988391284685,5.770476818084717,1224900,0.0,0.0,-0.0704697759753542
1999-05-06,5.208011427610641,5.582988273285378,5.083019145719063,5.374668121337891,5865900,0.0,0.0,-0.06859202614008586
1999-05-07,5.353836202954634,5.4163323416910085,5.166347786745507,5.333003520965576,853500,0.0,0.0,-0.007752032205840309
1999-05-10,5.416332635354333,5.457996094360565,5.16634806685514,5.291340351104736,484200,0.0,0.0,-0.007812327461823365
1999-05-11,5.270507770538095,5.333003913878924,5.166348167380359,5.208011627197266,498000,0.0,0.0,-0.01574813154668331
1999-05-12,5.2913402626596096,5.2913402626596096,5.166347980499268,5.166347980499268,481500,0.0,0.0,-0.007999914301347277
1999-05-13,5.208011627197266,5.249676040629641,5.166348167380359,5.208011627197266,511350,0.0,0.0,0.008064429042577093
1999-05-14,5.166347980499268,5.24967585073435,5.166347980499268,5.166347980499268,414600,0.0,0.0,-0.007999914301347277
1999-05-17,5.166347980499268,5.24967585073435,5.166347980499268,5.166347980499268,322950,0.0,0.0,0.0
1999-05-18,5.208011627197266,5.208011627197266,5.083019340515608,5.208011627197266,369900,0.0,0.0,0.008064429042577093
1999-05-19,5.22884402984503,5.22884402984503,4.999691198699497,5.041355609893799,397350,0.0,0.0,-0.03199993188055805
1999-05-20,5.08301915664875,5.2913402626596096,4.999691286413667,5.166347980499268,572550,0.0,0.0,0.024793404845349087
1999-05-21,5.39549964958323,5.99962930744034,5.249675644010298,5.957964897155762,865350,0.0,0.0,0.15322562855705923
1999-05-24,6.082957574298563,6.124621987322235,5.541324973068127,5.832973003387451,486450,0.0,0.0,-0.02097895773571601
1999-05-25,5.91630175617452,5.999629627574574,5.457996079435609,5.499660491943359,683250,0.0,0.0,-0.057142817436412474
1999-05-26,5.749644756317139,6.082957177941985,5.582988068697016,5.749644756317139,593700,0.0,0.0,0.04545449027989812
1999-05-27,5.999629720052083,5.999629720052083,5.582988449398868,5.624652862548828,243900,0.0,0.0,-0.02173906372754275
1999-05-28,5.62465288090909,5.6663172941950535,5.166348149225357,5.416332721710205,305550,0.0,0.0,-0.03703697737965328
1999-06-01,5.582988178938866,5.582988178938866,5.041355602305321,5.249675750732422,241650,0.0,0.0,-0.03076933776792823
1999-06-02,5.249675657691025,5.291340068084182,5.02052283095176,5.124683380126953,101850,0.0,0.0,-0.023809541110806687
1999-06-03,5.12468348698343,5.249675767153757,4.791371057734363,4.833034515380859,257250,0.0,0.0,-0.056910611468618866
1999-06-04,4.833034414605652,5.16634779052011,4.70804213704158,5.124683380126953,232350,0.0,0.0,0.0603448752161686
1999-06-07,5.083019227712198,5.499660491943359,4.999691356312145,5.499660491943359,336600,0.0,0.0,0.07317078617393857
1999-06-08,5.499660208801044,5.582988075911079,5.312171792591917,5.333003520965576,339750,0.0,0.0,-0.030303138024960763
1999-06-09,5.353836493229535,5.541324919603929,5.208011525861372,5.291340351104736,253050,0.0,0.0,-0.007812327461823365
1999-06-10,5.31217184411474,5.333003572690447,5.041355558168928,5.1871795654296875,108000,0.0,0.0,-0.0196851419042251
1999-06-11,5.33300342561779,5.33300342561779,4.999691009521484,4.999691009521484,133650,0.0,0.0,-0.03614460489429239
1999-06-14,5.041355516951462,5.166347794614594,4.91636323928833,4.91636323928833,78600,0.0,0.0,-0.01666658400978449
1999-06-15,4.916363440042244,4.999691310681794,4.583050050253165,4.749706745147705,315150,0.0,0.0,-0.03389832809927795
1999-06-16,4.708042140772843,4.999691106525285,4.624714273535888,4.91636323928833,305250,0.0,0.0,0.03508774395616765
1999-06-17,4.9580266960991075,5.062187245356851,4.833034418435975,4.91636323928833,117900,0.0,0.0,0.0
1999-06-18,4.999691009521484,4.999691009521484,4.74970645904541,4.999691009521484,200850,0.0,0.0,0.016949067059824685
1999-06-21,5.083019075721515,5.083019075721515,4.708042235210532,4.833034515380859,134700,0.0,0.0,-0.03333335876622012
1999-06-22,4.791370868682861,4.9996910095419835,4.7497064590648845,4.791370868682861,216000,0.0,0.0,-0.008620597797389218
1999-06-23,4.958027030867867,4.958027030867867,4.791371285141268,4.937195301055908,47400,0.0,0.0,0.030434803810779565
1999-06-24,4.937195169298272,4.937195169298272,4.749706745147705,4.749706745147705,154050,0.0,0.0,-0.03797470921762103
1999-06-25,4.7705385770513296,4.7705385770513296,4.6038828321863,4.666378974914551,197250,0.0,0.0,-0.017543771585115664
1999-06-28,4.770538560365262,4.91636352863143,4.708042417855605,4.874699115753174,199050,0.0,0.0,0.04464278232833374
1999-06-29,4.916363512844822,5.333003825827713,4.874699100100352,5.083019256591797,240750,0.0,0.0,0.04273497417828542
1999-06-30,5.062187527027288,5.083019256591797,4.916363512844822,5.083019256591797,178200,0.0,0.0,0.0
1999-07-01,5.062187439233311,5.124683580458414,4.916363427579884,4.958026885986328,236400,0.0,0.0,-0.024590182388818493
1999-07-02,5.124683654233458,5.333003810110969,4.999691369983862,5.291340351104736,265350,0.0,0.0,0.06722703865533797
1999-07-06,5.333003473847047,5.457995750215457,5.083018921110226,5.270507335662842,294600,0.0,0.0,-0.003937190590574069
1999-07-07,5.291340068084182,5.291340068084182,4.999691102562881,5.124683380126953,163650,0.0,0.0,-0.027667916245780022
1999-07-08,5.249675657691025,5.249675657691025,4.999691102562881,5.124683380126953,131550,0.0,0.0,0.0
1999-07-09,5.208011393684033,5.249675805248288,5.083019112606693,5.103851795196533,197550,0.0,0.0,-0.0040649506291847715
1999-07-12,5.312172080607852,5.416332635354333,5.124683654233458,5.291340351104736,344550,0.0,0.0,0.03673471790161642
1999-07-13,5.333003698890768,5.666317085682049,5.124683547357789,5.582988262176514,359100,0.0,0.0,0.0551179647725526
1999-07-14,5.582988068697016,5.874637033628381,5.582988068697016,5.749644756317139,468450,0.0,0.0,0.029850769214344375
1999-07-15,5.832973003387451,5.916301829434794,5.666317258523683,5.832973003387451,379200,0.0,0.0,0.014492764440578565
1999-07-16,6.291278668108469,6.3329421273995115,5.957965272087393,6.041294097900391,1073400,0.0,0.0,0.03571439373917196
1999-07-19,6.166286400345906,6.166286400345906,5.832973003387451,5.832973003387451,624900,0.0,0.0,-0.03448285932402129
1999-07-20,5.957964897155762,6.082957174394102,5.6663168860098985,5.957964897155762,297300,0.0,0.0,0.021428505445803214
1999-07-21,6.082957377576938,6.166286200929444,5.791309356689453,5.791309356689453,296550,0.0,0.0,-0.027971890291912826
1999-07-22,5.916301592047207,5.916301592047207,5.666317031166556,5.728813171386719,145050,0.0,0.0,-0.010791374014677002
1999-07-23,5.728813125806912,5.791309265529841,5.499660295617704,5.666316986083984,161250,0.0,0.0,-0.01090909817322716
1999-07-26,5.457995945819215,5.666317049642641,5.166347926251097,5.312171936035156,190800,0.0,0.0,-0.06250004207646331
1999-07-27,5.333003810110969,5.416332635354333,5.124683654233458,5.291340351104736,276900,0.0,0.0,-0.003921481680423167
1999-07-28,5.416332721710205,5.499660594666666,5.291340435467781,5.416332721710205,183450,0.0,0.0,0.023622062145250755
1999-07-29,5.322588231808844,5.333003619380179,5.208011339600835,5.249675750732422,108750,0.0,0.0,-0.03076933776792823
1999-07-30,5.291340351104736,5.333003810110969,5.16634806685514,5.291340351104736,76500,0.0,0.0,0.00793660453533751
1999-08-02,5.312172165303029,5.62465288090909,5.291340435467781,5.416332721710205,120300,0.0,0.0,0.023622062145250755
1999-08-03,5.582988487242241,5.582988487242241,5.208011627197266,5.208011627197266,84450,0.0,0.0,-0.03846165020068448
1999-08-04,5.249675657691025,5.33300352486194,5.124683380126953,5.124683380126953,83550,0.0,0.0,-0.01600001171947385
1999-08-05,5.114267039124814,5.208011247297868,4.666378680263822,5.124683380126953,224700,0.0,0.0,0.0
1999-08-06,5.166347959110557,5.582988262176514,5.124683547357789,5.582988262176514,138300,0.0,0.0,0.08943086783211318
1999-08-09,5.582988378610162,5.582988378610162,5.16634806685514,5.291340351104736,148950,0.0,0.0,-0.05223867530720527
1999-08-10,5.24967585073435,5.2913402626596096,4.9163634161785845,5.166347980499268,211050,0.0,0.0,-0.023622062145250755
1999-08-11,5.24967585073435,5.333003720969434,5.166347980499268,5.166347980499268,186000,0.0,0.0,0.0
1999-08-12,5.228844310721188,5.249676040629641,5.020523197174779,5.208011627197266,115650,0.0,0.0,0.008064429042577093
1999-08-13,5.333003627407658,5.416332449796261,4.999691198699497,5.041355609893799,144750,0.0,0.0,-0.03199993188055805
1999-08-16,5.041355687498824,5.541324815065139,5.041355687498824,5.374668121337891,445800,0.0,0.0,0.06611565166915767
1999-08-17,5.4579960235377,5.707980588793098,5.3330037409100015,5.645484447479248,882150,0.0,0.0,0.05038754394270284
1999-08-18,5.9371331722840015,5.957964900630743,5.666316889314776,5.749644756317139,581700,0.0,0.0,0.018450198527143025
1999-08-19,5.832972760805722,5.978797723516274,5.79130930313021,5.937133312225342,534450,0.0,0.0,0.03260871999130188
1999-08-20,5.93713326657072,5.978797677541267,5.791309258596928,5.874637126922607,366600,0.0,0.0,-0.01052632339820403
1999-08-23,5.957965160672195,6.416270833226898,5.916301702160268,6.332942008972168,851250,0.0,0.0,0.07801416021922725
1999-08-24,6.353774495594244,6.582926371178333,6.124621666394747,6.499598503112793,835200,0.0,0.0,0.026315809288086855
1999-08-25,6.666255247398467,6.749583116145744,6.207949585249898,6.353774547576904,1501050,0.0,0.0,-0.022435840531696005
1999-08-26,6.457934181664863,6.645422602619154,6.395438041346766,6.624590873718262,1295700,0.0,0.0,0.04262290456066564
1999-08-27,6.645422611957731,6.66625529450332,6.1662861712559565,6.416270732879639,780750,0.0,0.0,-0.03144649153581569
1999-08-30,6.582926377595573,6.6454225171095045,6.166286083246308,6.29127836227417,439950,0.0,0.0,-0.019480532510100623
1999-08-31,6.228782376862919,6.416270800043253,5.916301671562362,6.0621256828308105,236550,0.0,0.0,-0.03642386590577207
1999-09-01,5.99962930744034,6.062125446059511,5.749644752963659,5.957964897155762,510900,0.0,0.0,-0.017182221406272347
1999-09-02,5.999629310939623,5.999629310939623,5.7079803460082585,5.749644756317139,198000,0.0,0.0,-0.03496498291523531
1999-09-03,5.999629497528076,5.999629497528076,5.832972804724932,5.999629497528076,159750,0.0,0.0,0.04347829332173592
1999-09-07,5.999629598288221,6.041294010592593,5.832972902686179,5.916301727294922,200250,0.0,0.0,-0.013888819345842296
1999-09-08,5.832972902686179,5.999629598288221,5.832972902686179,5.916301727294922,214500,0.0,0.0,0.0
1999-09-09,5.978797572870498,6.374606132507324,5.83297261383425,6.374606132507324,396300,0.0,0.0,0.07746467748560049
1999-09-10,6.374606224206778,6.582926371178333,6.353774495594244,6.499598503112793,593400,0.0,0.0,0.01960785780443275
1999-09-13,6.499598602215724,6.52043033114589,6.332941909928129,6.416270732879639,254250,0.0,0.0,-0.012820448862071565
1999-09-14,6.457934279389721,6.624590973965057,6.374606408909772,6.541263103485107,192150,0.0,0.0,0.019480532510100623
1999-09-15,6.624591061492392,6.999567914029697,6.499598777313291,6.666255474090576,536850,0.0,0.0,0.019108292791169657
1999-09-16,6.666255542190551,6.999567985534668,6.499598843710763,6.999567985534668,690300,0.0,0.0,0.04999996065850798
1999-09-17,7.249552267332881,7.249552267332881,6.749583145447854,6.832911014556885,582000,0.0,0.0,-0.023809608153274153
1999-09-20,7.020399628283154,7.041232311344753,6.791247743529146,6.874575614929199,535200,0.0,0.0,0.006097635441695726
1999-09-21,7.041232311344753,7.041232311344753,6.7495833310213955,6.874575614929199,525600,0.0,0.0,0.0
1999-09-22,6.874575614929199,6.91624002743695,6.791247743529146,6.874575614929199,270900,0.0,0.0,0.0
1999-09-23,6.9579033851623535,7.1662244910567,6.666255362694963,6.9579033851623535,1081650,0.0,0.0,0.012121151166363697
1999-09-24,6.999567595376431,7.582864577119332,6.874575316887566,7.332880020141602,1718700,0.0,0.0,0.05389218766372661
1999-09-27,7.666193700518936,7.666193700518936,7.124560154525314,7.291216850280762,1134000,0.0,0.0,-0.005681692560958518
1999-09-28,7.499537127358573,7.582864999790737,6.83291128705488,6.999567985534668,369600,0.0,0.0,-0.040000026159537905
1999-09-29,7.207887937895645,7.5828647835714085,6.999567785947587,7.166224479675293,593400,0.0,0.0,0.023809540029475773
1999-09-30,7.2495523388102905,7.416209032286935,6.916239905472432,7.374544620513916,590250,0.0,0.0,0.02906972024522214
1999-10-01,7.332880127399502,7.416208950021198,6.999567697758976,7.041232109069824,359550,0.0,0.0,-0.045197707600400094
1999-10-04,7.374544824458869,7.374544824458869,7.166224667063489,7.207888126373291,318150,0.0,0.0,0.02366858736112354
1999-10-05,7.374544841902597,7.374544841902597,6.83291128705488,6.999567985534668,319800,0.0,0.0,-0.028901688981047058
1999-10-06,7.1245598911290084,7.332880037910101,6.666255186764443,6.707918643951416,334050,0.0,0.0,-0.041666763175381094
1999-10-07,6.957903501431514,7.082895785610615,6.582926648894209,6.666255474090576,448500,0.0,0.0,-0.006211042809591616
1999-10-08,6.707918742937251,6.749583154354456,6.582926462301057,6.624590873718262,189000,0.0,0.0,-0.006250075553547285
1999-10-11,6.7079185503943854,6.749582960615664,6.499598406518787,6.582926273345947,467400,0.0,0.0,-0.006289384683001442
1999-10-12,6.582926365159679,6.707918643951416,6.5204302257638105,6.707918643951416,316350,0.0,0.0,0.018987356901072783
1999-10-13,6.582926273345947,6.749582960615664,6.541262816740065,6.582926273345947,265350,0.0,0.0,-0.018633554943033648
1999-10-14,6.624590782018808,6.624590782018808,6.457934092272318,6.499598503112793,177150,0.0,0.0,-0.012658165498608986
1999-10-15,6.166285991668701,6.416270546011819,5.916301437325584,6.166285991668701,694800,0.0,0.0,-0.05128201554056944
1999-10-18,6.082957612592824,6.124622025878788,5.3746683084242415,5.416332721710205,597750,0.0,0.0,-0.12162155160687671
1999-10-19,5.541324793862792,5.978797778809448,5.499660382186539,5.791309356689453,980700,0.0,0.0,0.06923072385790396
1999-10-20,5.916301797211418,6.416270936310539,5.895469114005318,6.249614238739014,321750,0.0,0.0,0.07913666043762269
1999-10-21,6.249614223338181,6.4995987922717084,5.999629654404654,6.457934379577637,467550,0.0,0.0,0.03333327992427515
1999-10-22,6.541263004499274,6.666255285135468,6.332941901028669,6.624590873718262,382200,0.0,0.0,0.025806470667719017
1999-10-25,6.624590770326602,6.999567606382825,6.541262902408133,6.9162397384643555,345900,0.0,0.0,0.04402518892195317
1999-10-26,6.957903501431514,7.082895785610615,6.562094919402841,6.666255474090576,670200,0.0,0.0,-0.03614453428840869
1999-10-27,6.728751416574452,7.082895575499398,6.707918734085628,6.832911014556885,461550,0.0,0.0,0.024999873034275533
1999-10-28,6.916239837281337,7.124559986861624,6.707918734085628,6.832911014556885,279000,0.0,0.0,0.0
1999-10-29,6.957903195615887,7.166224295835171,6.707918638245071,6.9162397384643555,754350,0.0,0.0,0.01219520109803085
1999-11-01,6.999567898837003,7.082895770237056,6.707918918513645,6.874575614929199,362550,0.0,0.0,-0.006024100538829402
1999-11-02,6.832911006131003,7.124559978076101,6.666255268118451,7.041232109069824,586950,0.0,0.0,0.024242441057554798
1999-11-03,7.166224468879683,7.374544620513916,7.041232187176058,7.374544620513916,795000,0.0,0.0,0.04733724244294568
1999-11-04,7.457872490444523,7.666193595694186,7.374544620513916,7.374544620513916,1008900,0.0,0.0,0.0
1999-11-05,7.499536891540565,8.249490580694621,7.457872479826864,7.582864761352539,2160750,0.0,0.0,0.028248543002795667
1999-11-08,7.624529173066241,7.916178147831295,7.499536891540565,7.582864761352539,575100,0.0,0.0,0.0
1999-11-09,7.749521557490032,7.832849428408433,7.249552424748739,7.499536991119385,345450,0.0,0.0,-0.010988956397831262
1999-11-10,7.416209032286935,7.541201313990561,7.166224468879683,7.374544620513916,361650,0.0,0.0,-0.016666678323405737
1999-11-11,7.2912166531137235,7.582864670779789,7.166224373081005,7.45787239074707,510150,0.0,0.0,0.011299378405191352
1999-11-12,7.541201221512202,7.541201221512202,7.2078878386463625,7.249552249908447,185700,0.0,0.0,-0.02793291838796874
1999-11-15,7.249552437938039,7.499537004763488,7.207888025595316,7.291216850280762,214200,0.0,0.0,0.00574719636965737
1999-11-16,7.207887823205147,7.66619348526001,7.207887823205147,7.66619348526001,366300,0.0,0.0,0.051428539663418205
1999-11-17,7.666193759148912,7.832849502563477,7.499537062118898,7.832849502563477,511050,0.0,0.0,0.021739083108703205
1999-11-18,7.8328492854280185,8.582802970850341,7.707857004524298,8.416147232055664,1116150,0.0,0.0,0.0744681395067388
1999-11-19,8.416147688141159,8.916116838850227,8.416147688141159,8.624467849731445,1066650,0.0,0.0,0.024752492076460353
1999-11-22,8.582802991091967,8.707795272290468,7.916178127110243,7.999505996704102,824250,0.0,0.0,-0.07246381619322795
1999-11-23,7.6661935647132395,8.332818428694964,7.582864741503954,7.999505996704102,554550,0.0,0.0,0.0
1999-11-24,8.062002285186978,8.666131973266602,7.999506143441342,8.666131973266602,500400,0.0,0.0,0.08333339294165887
1999-11-26,8.666131973266602,8.749459844388968,8.166162839301517,8.666131973266602,229350,0.0,0.0,0.0
1999-11-29,8.791124428543814,8.9994445872282,8.666132142610088,8.916116714477539,790350,0.0,0.0,0.02884617289259994
1999-11-30,8.95777990763894,8.999444319582894,8.416147320444704,8.541139602661133,850050,0.0,0.0,-0.04205610175644492
1999-12-01,8.624467678924105,8.66613209186319,8.332818695581423,8.374483108520508,315900,0.0,0.0,-0.019512208193939395
1999-12-02,8.436979379540391,9.16610137218731,8.416147649561498,9.041109085083008,770250,0.0,0.0,0.0796020444395249
1999-12-03,9.58274117892742,9.95771802010652,9.16610088002759,9.249428749084473,1213800,0.0,0.0,0.0230413837551382
1999-12-06,9.666069602926846,9.832725334166968,9.332756233215845,9.582740783691406,1139850,0.0,0.0,0.03603595893853728
1999-12-07,9.541077674361683,10.832663929671288,9.541077674361683,10.499351501464844,1949550,0.0,0.0,0.09565225006747458
1999-12-08,11.165977710773662,11.290969995022563,10.416024005280255,10.582679748535156,1580100,0.0,0.0,0.007936513703602266
1999-12-09,10.957656510796692,10.99932092307409,9.74939809090658,10.457687377929688,888450,0.0,0.0,-0.011811032136994415
1999-12-10,10.541016176722986,10.915993025456823,10.332695069460561,10.87432861328125,709050,0.0,0.0,0.03984066651589324
1999-12-13,11.29096956108886,11.45762529793886,10.832663900712824,11.332633018493652,1390650,0.0,0.0,0.042145535739342765
1999-12-14,11.603450581468856,11.665946722924495,10.541016176722986,10.87432861328125,1260000,0.0,0.0,-0.04044112294684721
1999-12-15,10.66600843549106,11.332633307098638,10.249367175524744,11.290969848632812,1308900,0.0,0.0,0.038314203126315505
1999-12-16,11.582617296623123,11.66594611664366,9.791061970412468,10.124374389648438,4281450,0.0,0.0,-0.10332110302514308
1999-12-17,10.499351725879581,10.5826795963084,9.666070160745077,9.916054725646973,1456800,0.0,0.0,-0.020576052996860605
1999-12-20,10.249366890894224,10.874328286680457,8.832787409240291,9.124436378479004,1081800,0.0,0.0,-0.07983198651783552
1999-12-21,9.332757031846315,9.499413730963102,8.749460015360752,8.916116714477539,841350,0.0,0.0,-0.02283096241350424
1999-12-22,8.957780139787644,9.416085822202234,8.207826427053364,9.332756996154785,1064850,0.0,0.0,0.04672889499087951
1999-12-23,9.666069984436035,10.082710282596054,9.416085424093858,9.666069984436035,631650,0.0,0.0,0.03571431126071101
1999-12-27,10.33269515183995,10.33269515183995,9.58274144839313,9.624405860900879,448500,0.0,0.0,-0.004310347804458492
1999-12-28,9.707733643702005,9.791062467956994,9.124436641994276,9.49941349029541,331500,0.0,0.0,-0.012987021995118697
1999-12-29,9.541077835574757,9.541077835574757,8.666131862335622,8.957779884338379,580500,0.0,0.0,-0.05701758392877243
1999-12-30,8.874451925150023,8.999444205785938,8.582802952461078,8.83278751373291,406650,0.0,0.0,-0.013953498770828632
1999-12-31,8.999444712763246,8.999444712763246,8.624467849731445,8.624467849731445,351600,0.0,0.0,-0.023584815515778734
2000-01-03,8.91611623108873,9.99938233257973,8.666131672774236,9.124436378479004,1176750,0.0,0.0,0.05797094237682465
2000-01-04,9.082771780365004,9.332756333527485,8.666131494171129,8.874451637268066,345300,0.0,0.0,-0.027397280318656625
2000-01-05,8.749459644514108,8.874451925150023,8.332818391189248,8.83278751373291,628800,0.0,0.0,-0.004694839212395774
2000-01-06,8.791123676280403,8.99944381713867,8.499474716186523,8.749459266662598,374100,0.0,0.0,-0.009433969394232133
2000-01-07,8.666131584712982,9.04110841837438,8.374482618437874,8.999444007873535,482850,0.0,0.0,0.028571450371045914
2000-01-10,9.207763958016674,9.41608505249077,8.99944381715796,9.16610050201416,315000,0.0,0.0,0.018518532255416886
2000-01-11,9.249428859956568,9.416085553683452,8.916116426118231,8.957779884338379,393300,0.0,0.0,-0.022727289279667495
2000-01-12,9.082772282493876,9.291093390722956,8.582803148528791,8.666131973266602,260700,0.0,0.0,-0.032558057335354884
2000-01-13,8.832787222964706,9.666069702183442,8.832787222964706,9.291092872619629,942300,0.0,0.0,0.07211532218536654
2000-01-14,9.749397760936029,9.832725629055131,9.332756513109695,9.541077613830566,526950,0.0,0.0,0.026905848928453713
2000-01-18,9.56190983736208,9.66607039311366,9.332756996154785,9.332756996154785,385200,0.0,0.0,-0.021834076412270642
2000-01-19,9.457748610108725,9.582740886689965,8.832787227202523,8.874451637268066,409350,0.0,0.0,-0.049107177983477635
2000-01-20,8.874451637268066,9.291092877077332,8.832787227202523,8.874451637268066,441300,0.0,0.0,0.0
2000-01-21,8.978612629993464,9.166101054144494,7.916178226470947,7.916178226470947,1096350,0.0,0.0,-0.10798114069075215
2000-01-24,8.332818561149725,8.49947525660197,7.249552424748739,7.499536991119385,1423500,0.0,0.0,-0.05263161382071391
2000-01-25,7.707857042878215,7.874513736117593,7.249552328489213,7.582864761352539,901800,0.0,0.0,0.011111055300057515
2000-01-26,7.707857022702456,8.364066498994589,7.582864741503954,7.999505996704102,969600,0.0,0.0,0.054945096406710414
2000-01-27,8.33281810576003,8.707794934823463,7.874513410332076,8.00992202758789,1024950,0.0,0.0,0.0013020842647133435
2000-01-28,8.66613171590628,8.832787453201794,7.749521346319289,7.874513626098633,798600,0.0,0.0,-0.016905083597927972
2000-01-31,8.06200203106743,8.332818318890396,7.499536773085981,8.291154861450195,585750,0.0,0.0,0.052910091357348366
2000-02-01,8.166162689507246,8.62446740269661,7.6661935647132395,7.999505996704102,466950,0.0,0.0,-0.03517590367321666
2000-02-02,8.249490559101105,8.332818428694964,7.832849303900957,7.999505996704102,388200,0.0,0.0,0.0
2000-02-03,8.166162596788906,8.166162596788906,7.645360795298031,7.874513626098633,550050,0.0,0.0,-0.01562501117656101
2000-02-04,7.99950637028906,8.166163070875239,7.749521796217527,8.082834243774414,652650,0.0,0.0,0.026455045678674072
2000-02-07,8.207826147496462,8.332818428694964,7.999505996704102,7.999505996704102,322650,0.0,0.0,-0.010309285648718358
2000-02-08,8.04117002485218,8.832787132282828,8.04117002485218,8.749459266662598,1106850,0.0,0.0,0.09374994784271506
2000-02-09,8.832787222964706,9.332756329049792,8.791123766534543,9.291092872619629,1259250,0.0,0.0,0.06190480913726604
2000-02-10,9.541077520995275,9.832725533382085,9.33275642230138,9.416085243225098,1100700,0.0,0.0,0.013452924464226967
2000-02-11,9.58274078373159,9.58274078373159,9.08277168277837,9.16610050201416,382050,0.0,0.0,-0.026548691388579182
2000-02-14,9.270260589066641,9.332756730012294,8.666131862335622,8.957779884338379,238050,0.0,0.0,-0.022727289279667495
2000-02-15,8.87445221582016,8.87445221582016,8.499475361630575,8.79112434387207,248250,0.0,0.0,-0.018604558564526252
2000-02-16,8.79112403884849,9.249428749084473,8.582802935783153,9.249428749084473,291900,0.0,0.0,0.052132626872905874
2000-02-17,9.166100803134169,9.332756539849875,8.457810584438468,8.707795143127441,555150,0.0,0.0,-0.05855860082285014
2000-02-18,8.91611595151844,9.20776395799694,8.582802581806755,8.749459266662598,327750,0.0,0.0,0.004784692663336143
2000-02-22,8.666131494171129,8.916116047333611,8.416146941008648,8.874451637268066,357450,0.0,0.0,0.014285725185522846
2000-02-23,8.999443999452708,9.541077520995275,8.749459443912356,9.416085243225098,802500,0.0,0.0,0.061032909761145504
2000-02-24,9.499413545336592,9.582741416458958,8.499475277406425,8.666131973266602,683550,0.0,0.0,-0.07964597288433528
2000-02-25,8.999444017111918,8.999444017111918,8.499474905050144,8.582802772521973,427350,0.0,0.0,-0.009615501010333594
2000-02-28,8.62446758963845,8.707795461038502,7.832849473683877,8.249490737915039,565500,0.0,0.0,-0.038834870547653666
2000-02-29,8.166162581898762,8.478643280777344,7.916178022795896,8.291154861450195,491850,0.0,0.0,0.005050508553657185
2000-03-01,8.416147538556526,9.541078107657947,8.249490840077089,9.332756996154785,1511250,0.0,0.0,0.12562811238124727
2000-03-02,9.457749054249875,10.207702748955558,9.457749054249875,9.916054725646973,2132550,0.0,0.0,0.06250004470624426
2000-03-03,10.082710250995227,10.666008192375774,10.082710250995227,10.499351501464844,2141700,0.0,0.0,0.05882347283836853
2000-03-06,10.70767194436319,10.99932092307409,10.416023919267731,10.457687377929688,1209150,0.0,0.0,-0.003968256851801133
2000-03-07,10.666008502395625,10.999320940290179,10.416023935570848,10.936824798583984,1604250,0.0,0.0,0.04581676649327715
2000-03-08,11.249305578871287,11.999259284129373,11.249305578871287,11.957594871520996,3354450,0.0,0.0,0.09333331124305588
2000-03-09,12.249243537870994,12.540892511406398,10.666008296426144,12.415900230407715,4187850,0.0,0.0,0.03832755364360518
2000-03-10,12.499228189157884,12.624220471049464,10.666008372619872,10.749336242675781,4932150,0.0,0.0,-0.13422820390021828
2000-03-13,10.582679167726871,11.332632832060636,10.124374468505815,11.082648277282715,1130250,0.0,0.0,0.031007685226521753
2000-03-14,10.999320952250976,11.33263339050798,9.374421266122992,10.041047096252441,875100,0.0,0.0,-0.09398486309137455
2000-03-15,10.166038995966472,10.54101583245357,9.666069880650342,9.957717895507812,621000,0.0,0.0,-0.008298855681667883
2000-03-16,10.04104700809792,10.166039290548868,9.332756771798927,9.916054725646973,941550,0.0,0.0,-0.004184007851802618
2000-03-17,10.457686710377311,10.499351119995117,9.791061878184701,9.999382019042969,678150,0.0,0.0,0.008403270827104015
2000-03-20,10.186870928034,10.249367068696786,9.749397943394504,9.791062355041504,456900,0.0,0.0,-0.020833253855562006
2000-03-21,9.95771816084533,10.49935170140887,9.416085573897226,10.332695007324219,682200,0.0,0.0,0.055319089251211206
2000-03-22,10.49935170140887,10.582679571643476,9.791062420376113,10.332695007324219,473100,0.0,0.0,0.0
2000-03-23,10.332695243724652,10.374359656602907,9.66607035936529,9.749398231506348,921300,0.0,0.0,-0.05645156228887116
2000-03-24,9.749398302830551,9.749398302830551,8.832787888111413,8.916116714477539,1123650,0.0,0.0,-0.0854700461753588
2000-03-27,8.91611595153755,9.49941291811118,8.83278713230176,9.16610050201416,416550,0.0,0.0,0.028037294210237373
2000-03-28,9.332756431034088,9.374420841534933,8.832787319485558,8.999444007873535,699900,0.0,0.0,-0.018181831423733974
2000-03-29,8.957779884338379,9.166100989900842,8.791124144226927,8.957779884338379,533850,0.0,0.0,-0.004629633063854222
2000-03-30,8.749459568600312,9.082771996198995,8.166162581898762,8.291154861450195,689100,0.0,0.0,-0.07441855364784067
2000-03-31,8.37448280260636,9.04110861720305,8.332818391189248,8.83278751373291,825150,0.0,0.0,0.06532656322716157
2000-04-03,8.749460137408713,8.957780298999,8.332818860612663,8.624467849731445,361800,0.0,0.0,-0.023584815515778734
2000-04-04,8.666131814301252,8.666131814301252,5.832972804724932,7.999505996704102,1374900,0.0,0.0,-0.07246381619322795
2000-04-05,7.74952141603068,8.666131793863105,7.499536854223238,8.416147232055664,593100,0.0,0.0,0.05208337058853685
2000-04-06,8.582803435967197,8.666132263495692,8.37448327437691,8.624467849731445,561900,0.0,0.0,0.024752492076460353
2000-04-07,8.624467805467892,8.832787965989013,8.041170783839473,8.082834243774414,570450,0.0,0.0,-0.0628019740341309
2000-04-10,8.249490721062637,8.249490721062637,6.874575600885531,7.082895755767822,653850,0.0,0.0,-0.12371136879081335
2000-04-11,7.207887855970655,7.332880136441911,6.457934173143115,6.832911014556885,964050,0.0,0.0,-0.035294143783969556
2000-04-12,7.332880271105428,7.332880271105428,6.332942008972168,6.332942008972168,829650,0.0,0.0,-0.07317071809066134
2000-04-13,6.791247575315161,7.041232136938842,6.249614040592043,6.416270732879639,1062900,0.0,0.0,0.013157979938773323
2000-04-14,6.416270891805735,6.499598763205788,5.333003795527805,5.499660491943359,1498200,0.0,0.0,-0.14285716409053428
2000-04-17,5.478828830340349,6.207949859754119,5.416332687612571,5.832973003387451,1057200,0.0,0.0,0.060606015940869895
2000-04-18,6.16628598559475,6.582926273345947,5.9996292983250346,6.582926273345947,852300,0.0,0.0,0.12857135966906874
2000-04-19,6.624591061492392,7.166224610806983,6.416270905732373,6.666255474090576,787650,0.0,0.0,0.012658382804927593
2000-04-20,6.70791893307331,6.999567914029697,6.499598777313291,6.666255474090576,303900,0.0,0.0,0.0
2000-04-24,6.66625529450332,6.832911033175492,6.1662861712559565,6.416270732879639,209100,0.0,0.0,-0.0375000241413701
2000-04-25,6.395438070118189,6.4995986223220825,5.874637216329575,5.999629497528076,313800,0.0,0.0,-0.064935108367002
2000-04-26,6.041293909132719,6.332941929518938,5.916301627934217,5.999629497528076,335700,0.0,0.0,0.0
2000-04-27,5.957965272087393,6.124621970097931,5.791309527692311,6.041294097900391,233100,0.0,0.0,0.006944528889572421
2000-04-28,6.1662861712559565,6.457934190739969,6.124621759780202,6.416270732879639,225600,0.0,0.0,0.06206892578025114
2000-05-01,6.416270798514095,7.041232208966266,6.374606386612139,6.9579033851623535,491250,0.0,0.0,0.08441549224336242
2000-05-02,6.791247716629862,7.416209133693487,6.791247716629862,7.291216850280762,673200,0.0,0.0,0.047904296261025214
2000-05-03,6.957903286448128,7.041232109069824,6.749583137124727,7.041232109069824,408300,0.0,0.0,-0.03428573670817536
2000-05-04,7.145391897594054,7.166224580613095,6.791247729655702,7.082895755767822,378300,0.0,0.0,0.005917096049756765
2000-05-05,6.95790336363002,7.4995369022175415,6.916239905472432,7.374544620513916,493950,0.0,0.0,0.04117650108129789
2000-05-08,7.4162088415444485,7.457872298630466,7.332880020141602,7.332880020141602,190500,0.0,0.0,-0.0056497861924131865
2000-05-09,7.4162092208862305,7.4162092208862305,7.124560238289127,7.4162092208862305,212850,0.0,0.0,0.011363775285528233
2000-05-10,7.33288002573828,7.457872304322543,6.8745753221344525,7.1245598793029785,356400,0.0,0.0,-0.03932593227843162
2000-05-11,7.166224458677238,7.6661935847799425,7.041232177151563,7.582864761352539,277500,0.0,0.0,0.06432746581033699
2000-05-12,7.624528982382548,7.666193393054255,7.332880014911415,7.541201114654541,229350,0.0,0.0,-0.005494446757160265
2000-05-15,7.541201474780264,7.916178327886209,7.4162091904116165,7.832849502563477,189150,0.0,0.0,0.03867399681758732
2000-05-16,7.791185845911741,8.291154970705747,7.791185845911741,7.999505996704102,656100,0.0,0.0,0.02127661128763969
2000-05-17,7.957841382444756,8.582802772521973,7.707856826413869,8.582802772521973,580200,0.0,0.0,0.07291659960730046
2000-05-18,8.436978961001143,8.832787532657784,8.291154951151944,8.416147232055664,488700,0.0,0.0,-0.019417379716549
2000-05-19,7.916177749595481,8.405730509738179,7.5828643798845805,8.332818031311035,426150,0.0,0.0,-0.009901110145416947
2000-05-22,8.24949102835451,8.332818902688285,7.666194000787129,8.207826614379883,367500,0.0,0.0,-0.014999897569044518
2000-05-23,8.249490768330787,8.33281864003807,7.7495216308561945,7.832849502563477,282300,0.0,0.0,-0.04568531103708462
2000-05-24,7.6661935847799425,7.687025313829079,7.291216740202914,7.582864761352539,446850,0.0,0.0,-0.031914916931459536
2000-05-25,7.6245293183760205,7.666193730883771,6.832911202421449,6.874575614929199,303750,0.0,0.0,-0.09340653812438615
2000-05-26,6.541262816740065,6.832910827442824,6.207949442200633,6.582926273345947,546150,0.0,0.0,-0.042424341213134764
2000-05-30,6.874575629850596,6.999567914029697,6.416270905732373,6.666255474090576,417750,0.0,0.0,0.012658382804927593
2000-05-31,6.541263238316548,6.541263238316548,5.916301812796351,6.041294097900391,552150,0.0,0.0,-0.09374998882343977
2000-06-01,6.64542259385,6.999567706390367,6.332941892671859,6.832911014556885,700500,0.0,0.0,0.1310343287097404
2000-06-02,7.3328801884751735,8.16616269994004,7.29121673043273,7.7911858558654785,1161300,0.0,0.0,0.14024401009570853
2000-06-05,7.8328491231643,8.332818236421923,7.6661933878220285,7.749521255493164,512400,0.0,0.0,-0.005347658385141396
2000-06-06,7.582864670779789,7.707856950812507,7.416208933146442,7.45787239074707,452400,0.0,0.0,-0.03763443639042363
2000-06-07,7.4995368102501185,7.5828646791588685,7.166224380999697,7.249552249908447,412200,0.0,0.0,-0.02793291838796874
2000-06-08,7.457872298630466,7.707856855608196,7.207887741652737,7.332880020141602,366150,0.0,0.0,0.011494195415200581
2000-06-09,7.687025121582406,7.916177949853683,7.457872293311128,7.541201114654541,302100,0.0,0.0,0.028409178104746413
2000-06-12,7.749521875120903,8.332818902688285,7.72869014494133,8.207826614379883,713400,0.0,0.0,0.08839778830853784
2000-06-13,8.249490737915039,8.332818609315092,7.9161782986993785,8.249490737915039,434850,0.0,0.0,0.005076145670787291
2000-06-14,8.29115531956824,8.624467765583711,8.166163033110506,8.499475479125977,757950,0.0,0.0,0.030303051321943553
2000-06-15,8.37448253535689,8.749459365298243,8.166162392150158,8.457810401916504,570000,0.0,0.0,-0.004902076288330837
2000-06-16,8.520306830398482,8.707795251754064,8.3328184090429,8.416147232055664,623400,0.0,0.0,-0.004925999505900336
2000-06-19,8.87445186433338,8.999444144112724,7.707856935187703,7.874513626098633,2471250,0.0,0.0,-0.06435647939879685
2000-06-20,8.04117055075711,8.08283400948439,7.166224566868037,7.291216850280762,1165950,0.0,0.0,-0.07407400679130716
2000-06-21,7.541201303254267,7.832849324403892,7.457872479826864,7.582864761352539,789900,0.0,0.0,0.03999989536184856
2000-06-22,7.624528982382548,7.707856850110557,7.457872293311128,7.541201114654541,502050,0.0,0.0,-0.005494446757160265
2000-06-23,7.562033219415634,7.666193774469485,7.4578726643617825,7.6245293617248535,350700,0.0,0.0,0.011049731442433375
2000-06-26,7.582864848987795,7.791185956348444,7.4995369782128,7.707857131958008,415650,0.0,0.0,0.010928906727208698
2000-06-27,7.791186075533027,7.874513947582719,7.4162092208862305,7.4162092208862305,329250,0.0,0.0,-0.037837742199781865
2000-06-28,7.541201109507623,7.7911856661364345,7.499536698864352,7.749521255493164,429900,0.0,0.0,0.044943720528842324
2000-06-29,7.707856844849894,7.999505812121976,7.6661933878220285,7.749521255493164,347250,0.0,0.0,0.0
2000-06-30,7.728690066250056,8.291155357911006,7.728690066250056,8.082834243774414,1197150,0.0,0.0,0.043010784446198436
2000-07-03,8.124498657324827,8.166163070875239,7.79118620976794,8.082834243774414,327750,0.0,0.0,0.0
2000-07-05,8.082834041499485,8.249490737915039,7.707857189776074,8.249490737915039,608700,0.0,0.0,0.020618571297436716
2000-07-06,8.145330156309344,8.791124256757872,8.041170555810247,8.666131973266602,965850,0.0,0.0,0.050505085536572514
2000-07-07,8.749459507933818,8.791123918700542,8.541139361331004,8.645298957824707,657600,0.0,0.0,-0.002403957787183497
2000-07-10,8.666131923075076,8.666131923075076,7.832849402215752,7.916178226470947,942450,0.0,0.0,-0.08433724905416318
2000-07-11,8.082834326071481,8.24949102835451,7.999506451737707,8.207826614379883,619950,0.0,0.0,0.03684206943872126
2000-07-12,8.16616248154743,8.749459461081031,8.16616248154743,8.582802772521973,1128000,0.0,0.0,0.0456851948462389
2000-07-13,8.624467621436732,8.6661320340981,7.332880365088884,7.832849502563477,1890600,0.0,0.0,-0.08737859762541522
2000-07-14,7.874513633893319,7.874513633893319,7.5828646629143535,7.66619348526001,460200,0.0,0.0,-0.02127655041105092
2000-07-17,7.70785714522311,7.70785714522311,7.457872578852464,7.499536991119385,608700,0.0,0.0,-0.021739145308693253
2000-07-18,7.541201303254267,7.582864761352539,7.374544610014889,7.582864761352539,516300,0.0,0.0,0.011111055300057515
2000-07-19,7.4995368019631155,7.749521362028553,7.416208933146442,7.45787239074707,358050,0.0,0.0,-0.016483528922013102
2000-07-20,7.4995368102501185,7.562032950335536,6.916239820658026,7.249552249908447,602400,0.0,0.0,-0.02793291838796874
2000-07-21,7.332879932421009,7.457872209414637,6.66625509086526,6.791247367858887,466200,0.0,0.0,-0.06321837076977388
2000-07-24,6.749583154354456,7.207887865482025,6.624590873718262,6.624590873718262,549000,0.0,0.0,-0.024539894530916984
2000-07-25,6.749583345671494,6.832911217252412,6.082957512177802,6.666255474090576,521400,0.0,0.0,0.006289384683001442
2000-07-26,6.666255352107608,7.166224479675293,6.416270788323765,7.166224479675293,565800,0.0,0.0,0.07499997675275472
2000-07-27,6.832910922743153,6.999567612337271,6.666255186764443,6.707918643951416,293850,0.0,0.0,-0.06395359746596208
2000-07-28,6.791247681526871,6.812079410782834,6.228782409076913,6.332942008972168,415350,0.0,0.0,-0.05590059374339129
2000-07-31,6.3746063124458745,6.666255285135468,6.166286162590692,6.624590873718262,413850,0.0,0.0,0.04605266625415183
2000-08-01,6.499598406518787,6.791247370836941,6.416270539691626,6.582926273345947,270600,0.0,0.0,-0.006289384683001442
2000-08-02,6.437102474517106,6.874575458222152,6.416270745545817,6.655838966369629,610350,0.0,0.0,0.011076030627731992
2000-08-03,6.624590928934916,6.749583210612934,6.145453531297373,6.478766918182373,610350,0.0,0.0,-0.02660401627532738
2000-08-04,6.395437839723041,6.499598388174558,6.114205217157795,6.135037899017334,778800,0.0,0.0,-0.05305469752282321
2000-08-07,6.155869748474526,6.291278368766243,5.999629399528471,6.0829572677612305,486900,0.0,0.0,-0.008489048008072708
2000-08-08,6.3746064540489655,7.332880309008041,6.3746064540489655,7.291216850280762,1693050,0.0,0.0,0.19863029269055166
2000-08-09,7.499537004763488,7.541201417106211,7.041232283455312,7.291216850280762,496350,0.0,0.0,0.0
2000-08-10,7.291216661170532,7.374544530079283,7.082895558475528,7.249552249908447,495450,0.0,0.0,-0.005714354850207215
2000-08-11,7.082895566765252,7.166224389386949,6.999567697758976,7.041232109069824,431550,0.0,0.0,-0.02873558720005831
2000-08-14,7.041232006077855,7.49953670933189,7.041232006077855,7.332880020141602,225900,0.0,0.0,0.041420010951791486
2000-08-15,7.457872578852464,7.70785714522311,7.291216837015661,7.499536991119385,228300,0.0,0.0,0.022727355489250867
2000-08-16,7.499536991119385,7.749521557490032,7.332880295667141,7.499536991119385,222450,0.0,0.0,0.0
2000-08-17,7.541201303254267,7.7495214545919175,7.499536891540565,7.582864761352539,177450,0.0,0.0,0.011111055300057515
2000-08-18,7.728689828164291,7.749521557490032,7.332880295667141,7.499536991119385,179100,0.0,0.0,-0.010988956397831262
2000-08-21,7.520368522962818,7.707856942817422,7.457872383011284,7.66619348526001,211800,0.0,0.0,0.02222223776454091
2000-08-22,7.582864561631094,7.957841396331787,7.541201104630176,7.957841396331787,483450,0.0,0.0,0.0380433798902331
2000-08-23,7.874513915224843,7.999506199593491,7.791186043517561,7.832849502563477,287550,0.0,0.0,-0.015706758597366144
2000-08-24,8.166163033110506,8.582803352225978,8.082834206395038,8.499475479125977,1796250,0.0,0.0,0.08510644515055876
2000-08-25,8.624467261850018,9.416085347717717,8.16616255614525,9.124436378479004,2375550,0.0,0.0,0.07352934906252528
2000-08-28,9.311925091854588,9.707733670504558,6.66625541718606,9.082772254943848,2020200,0.0,0.0,-0.004566213386442808
2000-08-29,9.103604937872833,9.291093362541044,8.832787688719563,9.082772254943848,460650,0.0,0.0,0.0
2000-08-30,9.207764625549316,9.33275690984915,9.041108882226505,9.207764625549316,451800,0.0,0.0,0.0137614780044093
2000-08-31,9.082772362461014,9.332756931644486,8.749459921421535,9.239012718200684,330750,0.0,0.0,0.0033936676188117687
2000-09-01,9.291092872619629,9.4160851491409,9.082771776007249,9.291092872619629,382950,0.0,0.0,0.005636982652523992
2000-09-05,9.24942892476132,9.624405773062454,8.99944435922723,9.49941349029541,522150,0.0,0.0,0.02242154077371139
2000-09-06,9.54107816765837,10.832664489746094,9.499413754372632,10.832664489746094,2801100,0.0,0.0,0.14035087543170222
2000-09-07,10.791000366210938,10.999320512592787,10.416023530554366,10.791000366210938,1334850,0.0,0.0,-0.0038461565549818832
2000-09-08,10.582679174879576,10.749335862715963,10.249366752822198,10.666007995605469,682950,0.0,0.0,-0.01158301977236964
2000-09-11,10.582679174879576,10.666007995605469,10.08271006498581,10.666007995605469,831900,0.0,0.0,0.0
2000-09-12,10.457687464286256,10.666008573778058,10.332695180037353,10.582679748535156,538500,0.0,0.0,-0.007812505588280505
2000-09-13,10.499351409544428,10.58267927746266,10.166038984256089,10.374359130859375,492000,0.0,0.0,-0.019685053561657395
2000-09-14,10.416024005280255,10.749336445405508,10.374359592658804,10.582679748535156,655050,0.0,0.0,0.020080336052384684
2000-09-15,10.624343585242523,10.666007995605469,10.416023440658586,10.666007995605469,431400,0.0,0.0,0.00787402142466287
2000-09-18,10.499351215005166,10.66600790136911,10.166038795892673,10.541015625,870750,0.0,0.0,-0.011718758382420758
2000-09-19,10.436854982376099,10.499351119995117,9.49941291809082,9.999382019042969,1127550,0.0,0.0,-0.05138343639985177
2000-09-20,9.978550954478287,10.041047096252441,9.582741420831686,10.041047096252441,558150,0.0,0.0,0.004166765219103086
2000-09-21,10.04104693940637,10.04104693940637,9.291093249831174,9.374421119689941,791100,0.0,0.0,-0.06639008563273252
2000-09-22,8.874452405805263,9.791062831318945,8.874452405805263,9.551493644714355,611550,0.0,0.0,0.018888902340059355
2000-09-25,9.582741653341294,9.666070480138966,9.041109047233764,9.457749366760254,331500,0.0,0.0,-0.009814619727667173
2000-09-26,9.52024515284925,9.52024515284925,8.832787602447073,8.957779884338379,407850,0.0,0.0,-0.052863473436824515
2000-09-27,8.999444389343262,9.082772260261663,6.957903446111171,7.499536991119385,2258400,0.0,0.0,-0.16279065929813252
2000-09-28,7.624529135126959,8.541139512959385,7.5828647236205775,8.416147232055664,1170900,0.0,0.0,0.12222224412276228
2000-09-29,8.499475393722307,8.499475393722307,8.12449853811691,8.374483108520508,375450,0.0,0.0,-0.004950498415292048
2000-10-02,8.270322086899249,8.74945947104242,8.082833669662625,8.166162490844727,256950,0.0,0.0,-0.02487563888735156
2000-10-03,8.082833774525733,8.541139436126937,7.749521346319289,7.874513626098633,434100,0.0,0.0,-0.03571431073935505
2000-10-04,7.957841205597808,9.041108226735163,7.666193199119997,8.332818031311035,719700,0.0,0.0,0.058200979384102736
2000-10-05,8.218242639551066,8.916116540249144,8.207826298054979,8.666131973266602,386700,0.0,0.0,0.04000014649343364
2000-10-06,8.666131793863105,8.832787532657784,7.916178108440782,8.416147232055664,299100,0.0,0.0,-0.028846172892600053
2000-10-09,8.082833759787531,8.332818318890396,7.916178022795896,8.291154861450195,245400,0.0,0.0,-0.014851495245876145
2000-10-10,8.249490649883564,8.707795368116393,8.04117049679872,8.12449836730957,243450,0.0,0.0,-0.020100516384695233
2000-10-11,8.020337540635909,8.207825958107518,7.541201109507623,7.749521255493164,547500,0.0,0.0,-0.04615387865978238
2000-10-12,7.9057617120694506,8.082833790910662,7.45787239074707,7.45787239074707,310950,0.0,0.0,-0.03763443639042363
2000-10-13,7.509953403688103,7.832849502563477,7.332880365088884,7.832849502563477,405000,0.0,0.0,0.050279368185708995
2000-10-16,7.999505905877976,8.12449818565732,7.666193477671532,7.874513626098633,136350,0.0,0.0,0.005319152821909867
2000-10-17,7.916178360415293,7.999506232464984,7.332880395221084,7.4162092208862305,189900,0.0,0.0,-0.058200979384102736
2000-10-18,7.33288002573828,7.832849140075331,6.957903189985492,7.1245598793029785,381150,0.0,0.0,-0.03932593227843162
2000-10-19,7.655776949145185,8.166162396959995,7.499536603244263,8.041170120239258,316200,0.0,0.0,0.1286549985493215
2000-10-20,8.124497982062653,8.499474812004006,7.832849018680915,8.457810401916504,258600,0.0,0.0,0.051813389773782026
2000-10-23,8.624467849731445,8.999444712763246,8.416147688141159,8.624467849731445,432000,0.0,0.0,0.019704561806821452
2000-10-24,8.832787715511333,8.874452127880238,8.499475277406425,8.666131973266602,523200,0.0,0.0,0.0048309210795485225
2000-10-25,8.603635263403065,8.74945926664197,8.332818031311035,8.332818031311035,253650,0.0,0.0,-0.038461673902933535
2000-10-26,8.291154861450195,8.374482729946012,7.916178022795896,8.291154861450195,643500,0.0,0.0,-0.004999889557684822
2000-10-27,8.499474914726923,8.541139325317973,7.9161779345292285,8.166162490844727,488700,0.0,0.0,-0.015075387288521425
2000-10-30,8.041170212686977,8.249490358411425,7.9161779345292285,8.166162490844727,381000,0.0,0.0,0.0
2000-10-31,8.332818318890396,8.374482729946012,8.166162581898762,8.291154861450195,266400,0.0,0.0,0.015306133174009195
2000-11-01,8.041170865712335,8.24949102835451,7.999506451737707,8.207826614379883,204150,0.0,0.0,-0.010050258192347616
2000-11-02,8.23907439638424,8.249490737915039,7.999506170099432,8.249490737915039,172650,0.0,0.0,0.005076145670787291
2000-11-03,8.291155150422789,8.541139718238396,8.20782632540729,8.249490737915039,554400,0.0,0.0,0.0
2000-11-06,8.322403021377873,8.416147232055664,8.249490539645562,8.416147232055664,221550,0.0,0.0,0.02020203421462896
2000-11-07,8.249490258709772,8.666131498738627,8.166162392150158,8.457810401916504,294600,0.0,0.0,0.004950385100459309
2000-11-08,8.54113922209151,8.572387291253289,8.249490258709772,8.457810401916504,322800,0.0,0.0,0.0
2000-11-09,8.332818318890396,8.332818318890396,7.999505891291713,8.291154861450195,391350,0.0,0.0,-0.01970433629353352
2000-11-10,8.166162805259084,8.291155088229297,7.66619367337823,7.707857131958008,916650,0.0,0.0,-0.0703518073464332
2000-11-13,7.499537049224376,7.6557774044165505,6.49959877599446,7.353713035583496,898350,0.0,0.0,-0.04594585632706838
2000-11-14,7.478705261793645,7.624529274304709,7.332880295667141,7.499536991119385,235500,0.0,0.0,0.019829976343959776
2000-11-15,7.301632127919768,7.7495214545919175,7.291216740202914,7.582864761352539,221550,0.0,0.0,0.011111055300057515
2000-11-16,7.74952126630962,7.74952126630962,7.332880020141602,7.332880020141602,275550,0.0,0.0,-0.032967057844026204
2000-11-17,7.374544538710349,7.416208950021198,6.832911006131003,7.041232109069824,337800,0.0,0.0,-0.03977262825393202
2000-11-20,6.916239750671314,6.999567618736854,6.332941813366303,6.499598503112793,874050,0.0,0.0,-0.07692312901592213
2000-11-21,6.541262934374282,6.582926391729416,5.832972715952062,5.874637126922607,906300,0.0,0.0,-0.09615384333215027
2000-11-22,5.624652653932571,6.291278471529722,5.603820924937963,5.999629497528076,707550,0.0,0.0,0.02127661128763969
2000-11-24,6.093373882770538,6.4995988082885745,5.999629669189453,6.249614238739014,160950,0.0,0.0,0.041666696470829434
2000-11-27,6.37460654030601,6.666255523420587,5.957965272087393,6.041294097900391,569400,0.0,0.0,-0.03333327992427515
2000-11-28,6.030877380267433,6.124621588250865,5.749644756317139,5.749644756317139,320850,0.0,0.0,-0.04827597148177454
2000-11-29,5.780893089819928,6.666255412438938,5.749645019064144,6.124621868133545,787500,0.0,0.0,0.06521743998260399
2000-11-30,5.937133512171272,6.54126320496578,5.8954690994772,6.457934379577637,476550,0.0,0.0,0.05442172898515074
2000-12-01,6.499598406518787,6.791247370836941,6.249613852421911,6.582926273345947,748050,0.0,0.0,0.01935477916337791
2000-12-04,6.687087235450745,6.70791896504139,6.082957541167489,6.249614238739014,307050,0.0,0.0,-0.050632806865315017
2000-12-05,6.3225266090617325,6.541263103485107,6.207949714334436,6.541263103485107,388200,0.0,0.0,0.046666698712101606
2000-12-06,6.582926574505483,6.582926574505483,6.249614138332875,6.332942008972168,299550,0.0,0.0,-0.03184722754875102
2000-12-07,6.3329419193647905,6.457934200362881,5.999629487908356,6.207949638366699,357600,0.0,0.0,-0.019736856966065086
2000-12-08,6.291278621553271,6.666255474090576,6.187118066865536,6.666255474090576,197250,0.0,0.0,0.07382563687234689
2000-12-11,6.718335274626718,6.999567914029697,6.374606493134189,6.666255474090576,463050,0.0,0.0,0.0
2000-12-12,6.707918547452873,6.957903101440127,6.66625509086526,6.791247367858887,212700,0.0,0.0,0.01874994054069945
2000-12-13,6.864158896704933,6.957903104491262,6.541262816740065,6.582926273345947,733650,0.0,0.0,-0.0306749383771332
2000-12-14,6.749583361205236,7.041232342832835,6.249614223338181,6.457934379577637,448200,0.0,0.0,-0.018987284465633247
2000-12-15,6.49959840961531,6.49959840961531,6.041293711424491,6.374606132507324,204300,0.0,0.0,-0.012903235333859508
2000-12-18,6.291278375781831,6.37460624410751,5.832972715952062,5.874637126922607,362400,0.0,0.0,-0.078431356415124
2000-12-19,5.832972703428404,6.33294181953985,5.832972703428404,6.29127836227417,463800,0.0,0.0,0.07092203762546556
2000-12-20,5.957965313816755,6.103790283203125,5.916301854233904,6.103790283203125,386250,0.0,0.0,-0.029801269038630118
2000-12-21,5.916301714300136,6.499598717202946,5.83297288987442,6.124621868133545,502650,0.0,0.0,0.0034128932948016555
2000-12-22,6.082957443438852,6.416270833226898,6.082957443438852,6.332942008972168,291150,0.0,0.0,0.034013551419805
2000-12-26,6.4787666782158455,6.6245906835672255,6.416270539691626,6.582926273345947,320850,0.0,0.0,0.03947363863740039
2000-12-27,6.614174434857613,6.916239744347917,6.541262907972706,6.707918643951416,460950,0.0,0.0,0.018987356901072783
2000-12-28,6.874575587699865,7.499537004763488,6.582926608531692,7.291216850280762,615450,0.0,0.0,0.08695666081986708
2000-12-29,7.457872383011284,7.791185765163078,7.374544514281045,7.66619348526001,671400,0.0,0.0,0.051428539663418205
2001-01-02,7.697441571725747,7.707856959329704,6.999567689566777,7.249552249908447,795150,0.0,0.0,-0.05434786327173313
2001-01-03,7.166224553830338,7.499536991119385,7.166224553830338,7.499536991119385,667350,0.0,0.0,0.03448278356971546
2001-01-04,7.4891207355163925,7.957841802835543,7.332880379743342,7.6245293617248535,444900,0.0,0.0,0.016666678323405737
2001-01-05,7.6974415632200595,7.707856950812507,7.416208933146442,7.45787239074707,259200,0.0,0.0,-0.021858001074059885
2001-01-08,7.541201230338323,7.5724493004176034,6.832911006131003,7.041232109069824,368850,0.0,0.0,-0.05586583677593748
2001-01-09,6.999567511643135,7.124559788636762,6.74958295765588,6.791247367858887,377100,0.0,0.0,-0.035502982622733215
2001-01-10,6.791247827646527,7.082895857966832,6.749583414622715,6.999567985534668,291600,0.0,0.0,0.030674868163646396
2001-01-11,7.062064128262656,7.499537127358573,6.999567985534668,6.999567985534668,329400,0.0,0.0,0.0
2001-01-12,7.291216812634174,7.957841684983107,7.249552400506576,7.916178226470947,1132200,0.0,0.0,0.1309524020383186
2001-01-16,7.874513339977773,8.541139125784193,7.4995365142645465,8.332818031311035,1795500,0.0,0.0,0.05263143311337837
2001-01-17,8.447395322203874,8.749459683895111,7.832849303900957,7.999505996704102,954300,0.0,0.0,-0.03999991759744359
2001-01-18,7.999505905877976,8.207826054305077,7.749521346319289,7.874513626098633,873450,0.0,0.0,-0.01562501117656101
2001-01-19,8.957779407499748,8.957779407499748,8.166162300070967,8.332818031311035,2078250,0.0,0.0,0.058200979384102736
2001-01-22,8.499474914726923,8.582802782293621,7.999505802095927,8.166162490844727,1926000,0.0,0.0,-0.01999990157472431
2001-01-23,8.249490358411425,8.291154769002475,8.082833669662625,8.166162490844727,1091100,0.0,0.0,0.0
2001-01-24,8.166162396959995,8.207825853456646,7.499536603244263,8.041170120239258,2417700,0.0,0.0,-0.015306133174009307
2001-01-25,7.999506006923982,7.999506006923982,7.707857032549735,7.7911858558654785,451050,0.0,0.0,-0.031088045724164015
2001-01-26,7.791185877397812,7.791185877397812,7.207887927037271,7.374544620513916,737250,0.0,0.0,-0.05347597183012909
2001-01-29,7.4162088415444485,7.4162088415444485,7.166224284566719,7.332880020141602,465150,0.0,0.0,-0.0056497861924131865
2001-01-30,7.31204837432951,7.707856942817422,7.249552234377976,7.66619348526001,639300,0.0,0.0,0.045454645951233275
2001-01-31,7.74952151958759,8.20782623782042,7.74952151958759,8.12449836730957,1414500,0.0,0.0,0.0597825873989164
2001-02-01,8.207826298054979,8.791124256757872,8.082834014563707,8.666131973266602,1499100,0.0,0.0,0.06666671361968568
2001-02-02,8.916116751856915,8.916116751856915,8.416147606025977,8.499475479125977,621450,0.0,0.0,-0.019230781928399998
2001-02-05,8.426563118919585,8.457811190996686,8.082834326071481,8.207826614379883,510900,0.0,0.0,-0.03431374859099945
2001-02-06,8.166163154020737,8.624467893279716,8.166163154020737,8.207826614379883,539250,0.0,0.0,0.0
2001-02-07,8.207825848622267,8.499474812004006,8.166162392150158,8.457810401916504,527400,0.0,0.0,0.030456757833877246
2001-02-08,8.468227120163071,8.832787625422512,8.416147320444704,8.541139602661133,623100,0.0,0.0,0.009852337281732737
2001-02-09,8.468227120163071,8.666131884877561,8.457810778773224,8.541139602661133,1009950,0.0,0.0,0.0
2001-02-12,8.520307292128564,8.749460137408713,8.499475562054178,8.624467849731445,730950,0.0,0.0,0.009756104096969809
2001-02-13,8.582802678563622,8.582802678563622,8.37448253535689,8.457810401916504,807750,0.0,0.0,-0.019323794895951818
2001-02-14,8.332818520394413,8.447395415164198,8.12449836730957,8.12449836730957,242850,0.0,0.0,-0.03940878534371095
2001-02-15,8.25990699130321,8.291155061946707,7.83284939009844,8.12449836730957,857550,0.0,0.0,0.0
2001-02-16,7.999506097110705,8.166162792005657,7.832849402215752,7.916178226470947,391350,0.0,0.0,-0.025640985008605344
2001-02-20,7.999506215580174,8.041170628324805,7.332880379743342,7.6245293617248535,721500,0.0,0.0,-0.036842129674499735
2001-02-21,7.551616778245242,7.874513827123439,7.541201390408017,7.707857131958008,313650,0.0,0.0,0.010928906727208698
2001-02-22,7.624529066539946,8.166162596788906,7.416208918112845,7.874513626098633,477450,0.0,0.0,0.021621637672763816
2001-02-23,7.728689526979231,7.7911856661364345,7.332880009906677,7.749521255493164,523050,0.0,0.0,-0.015873027407204532
2001-02-26,7.832849749454678,8.207826614379883,7.666194000787129,8.207826614379883,529350,0.0,0.0,0.05913982861352296
2001-02-27,7.041231996249999,7.7911856661364345,7.041231996249999,7.749521255493164,914250,0.0,0.0,-0.05583760237865898
2001-02-28,7.718273284014483,7.8328492227204904,7.5828646629143535,7.66619348526001,720450,0.0,0.0,-0.010752634580373344
2001-03-01,7.582864571710842,7.582864571710842,7.291216557855114,7.541201114654541,648450,0.0,0.0,-0.01630435898151994
2001-03-02,7.541201205356941,7.8328492227204904,7.332880103108216,7.66619348526001,580050,0.0,0.0,0.016574597163650173
2001-03-05,7.541201390408017,7.707857131958008,7.4995369782128,7.707857131958008,506400,0.0,0.0,0.005434724127183266
2001-03-06,7.832849134097061,7.832849134097061,6.957903184675007,7.332880020141602,586050,0.0,0.0,-0.04864868476371875
2001-03-07,7.166224553830338,7.541201403386307,6.999567858378093,7.499536991119385,439650,0.0,0.0,0.022727355489250867
2001-03-08,7.468288831791635,7.4995369022175415,7.041232187176058,7.374544620513916,1327350,0.0,0.0,-0.016666678323405737
2001-03-09,7.2495523187748585,7.916178137223666,7.2495523187748585,7.7911858558654785,3135900,0.0,0.0,0.05649721532534824
2001-03-12,7.499536881491233,7.832849313907923,7.499536881491233,7.7911858558654785,903300,0.0,0.0,0.0
2001-03-13,7.45787219313222,8.082833576735908,7.45787219313222,8.041170120239258,1347900,0.0,0.0,0.03208552189594882
2001-03-14,7.582865172837875,8.332818902688285,7.582865172837875,8.207826614379883,802500,0.0,0.0,0.02072540334909201
2001-03-15,8.176578254430337,8.291155150422789,8.082834041499485,8.249490737915039,540900,0.0,0.0,0.005076145670787291
2001-03-16,8.291154861450195,8.374482729946012,8.207826039338963,8.291154861450195,928200,0.0,0.0,0.005050508553657185
2001-03-19,8.124498170843147,8.374482729946012,8.124498170843147,8.291154861450195,778500,0.0,0.0,0.0
2001-03-20,8.280738520282437,8.499475009497445,8.24949045039458,8.291154861450195,723450,0.0,0.0,0.0
2001-03-21,8.332818225978123,8.457810504135871,7.999505802095927,8.166162490844727,446550,0.0,0.0,-0.015075387288521425
2001-03-22,8.051586253994381,8.207826614379883,7.791186289095531,8.207826614379883,587250,0.0,0.0,0.0051020443913363245
2001-03-23,8.239073917784047,8.916116052032864,8.166162392150158,8.457810401916504,1270350,0.0,0.0,0.030456757833877246
2001-03-26,8.582802935783153,9.457748898534387,8.541139478062423,9.249428749084473,2774250,0.0,0.0,0.09359613298834302
2001-03-27,9.291093336888816,9.7493980558295,9.16610105412177,9.49941349029541,2534250,0.0,0.0,0.02702704653362309
2001-03-28,9.207764426356977,9.499413401285807,9.166100968235307,9.374421119689941,940500,0.0,0.0,-0.013157903983562869
2001-03-29,9.291092974148645,9.374420841534933,8.707795041598425,8.999444007873535,1181550,0.0,0.0,-0.04000002848483175
2001-03-30,8.968195995671051,9.582741048002026,8.624467229286445,9.5098295211792,1287900,0.0,0.0,0.056713005032214436
2001-04-02,9.45774891691249,9.499413328329602,8.749459644514108,8.83278751373291,924750,0.0,0.0,-0.0711939163513351
2001-04-03,8.624467192884671,8.74945947104242,7.9786740736081025,8.166162490844727,776700,0.0,0.0,-0.07547164718405575
2001-04-04,7.957841412585926,8.166162512477637,7.249552152354161,7.332880020141602,1469850,0.0,0.0,-0.1020408878267286
2001-04-05,7.874513802161584,8.166162779372714,7.83284939009844,8.12449836730957,1124400,0.0,0.0,0.10795462969441605
2001-04-06,7.999505802095927,8.166162490844727,7.999505802095927,8.166162490844727,435750,0.0,0.0,0.00512820873997577
2001-04-09,8.099500506349935,8.646132915280567,7.88618006508147,8.066168785095215,324600,0.0,0.0,-0.012244883182476074
2001-04-10,8.299487955799789,8.499475422066496,8.119498759352021,8.35948371887207,318600,0.0,0.0,0.036363599819389636
2001-04-11,8.399480476968074,8.66613136226742,8.399480476968074,8.532805442810059,358200,0.0,0.0,0.020733544052093045
2001-04-12,8.479476255557316,8.632800457532165,8.239491294426177,8.499475479125977,288000,0.0,0.0,-0.003906096758852784
2001-04-16,8.579470113066302,8.66613182227134,8.399480922817991,8.632800102233887,567150,0.0,0.0,0.015686217747829856
2001-04-17,8.532805465807979,8.666131385624686,8.332818016505987,8.579469680786133,484350,0.0,0.0,-0.006177650451323902
2001-04-18,8.619467244352082,9.099438080396496,8.619467244352082,9.012776374816895,1359300,0.0,0.0,0.050505067347129895
2001-04-19,9.03277454152519,9.066106259793376,8.432812195236258,8.532805442810059,1385550,0.0,0.0,-0.053254503612000126
2001-04-20,8.432812341797993,8.499474825877574,7.966174953240917,8.272821426391602,2037150,0.0,0.0,-0.030468761787780574
2001-04-23,8.239491090882755,8.632800244272671,7.966175368709629,8.326152801513672,1026450,0.0,0.0,0.006446576370177093
2001-04-24,8.292821335690721,9.392753844583822,8.292821335690721,9.319424629211426,3095550,0.0,0.0,0.11929541186382986
2001-04-25,9.166100846936086,9.526078269866879,8.919449172935057,9.326090812683105,2958450,0.0,0.0,0.0007152998963888546
2001-04-26,9.23276222866478,9.632738090132912,9.16610069763806,9.29275894165039,2392950,0.0,0.0,-0.003574045299600259
2001-04-27,9.299425644936246,9.366088129420762,9.166100675967215,9.246095657348633,919050,0.0,0.0,-0.005021467208474739
2001-04-30,9.28609316999388,9.332756432435664,9.19943146315142,9.29275894165039,1096050,0.0,0.0,0.005046809597375468
2001-05-01,9.519412161577945,10.259366203807257,9.372753744545664,10.046046257019043,4856850,0.0,0.0,0.08106175142372396
2001-05-02,10.239366988864083,10.586012856243094,10.059378760448352,10.339361190795898,1724250,0.0,0.0,0.029197051882169145
2001-05-03,10.232700370191948,10.332694573164261,9.832725465533484,10.279364585876465,758700,0.0,0.0,-0.005802738081424508
2001-05-04,10.17937213349596,10.17937213349596,9.646071265248741,9.906055450439453,924150,0.0,0.0,-0.036316362973439764
2001-05-07,9.906055450439453,9.99271620975938,9.632738767382946,9.906055450439453,672300,0.0,0.0,0.0
2001-05-08,10.03937974822018,10.172704717835932,9.732731364488545,9.926054000854492,1682400,0.0,0.0,0.0020188207622189314
2001-05-09,9.9193878951925,10.83933119662196,9.912721169487567,10.786001205444336,4334550,0.0,0.0,0.0866353542420597
2001-05-10,11.23930599427212,11.545954393443385,10.54601611736333,10.799333572387695,4617450,0.0,0.0,0.0012360806094320331
2001-05-11,10.859328659539386,10.93265786876719,10.472686252233364,10.819331169128418,1215600,0.0,0.0,0.0018517435920168968
2001-05-14,10.852663040161133,11.219307184211797,10.812664595573766,10.852663040161133,1066200,0.0,0.0,0.0030807700135682126
2001-05-15,10.859328685280317,11.332632799739718,10.805999651554675,11.159310340881348,1827900,0.0,0.0,0.02825548896021579
2001-05-16,11.199307940608753,11.99925871214125,11.092647964886474,11.392629623413086,1353750,0.0,0.0,0.020908037809199476
2001-05-17,11.385964252768304,11.665946698900674,10.912659163407092,11.059317588806152,2169900,0.0,0.0,-0.029256813011979355
2001-05-18,11.105980505664274,11.292635463914605,10.566013899632393,10.606011390686035,1164150,0.0,0.0,-0.040988622894683635
2001-05-21,10.63267655714307,10.739336535015733,10.506018310226994,10.686007499694824,2274750,0.0,0.0,0.007542525277602463
2001-05-22,10.845997461137918,11.285969869644983,10.792666518612547,10.979321479797363,1964250,0.0,0.0,0.027448416081582883
2001-05-23,10.919325870573166,11.69261072049575,10.75266917610972,11.645947456359863,3292350,0.0,0.0,0.06071650035834475
2001-05-24,11.992592271114642,12.92586898803711,11.799271537343378,12.92586898803711,7273350,0.0,0.0,0.10990273968463415
2001-05-25,13.199185166889789,13.559163559684036,12.965866933118678,13.36584186553955,5968950,0.0,0.0,0.03403816624705369
2001-05-29,13.359174648626034,14.605764572589077,13.3191771568547,14.099129676818848,6196200,0.0,0.0,0.0548628226082708
2001-05-30,13.905808311137472,13.905808311137472,12.599222596130769,13.579161643981934,3564300,0.0,0.0,-0.03687944183475533
2001-05-31,13.332509805270693,13.93247314225828,13.279179815637614,13.83914566040039,2640900,0.0,0.0,0.019145807615721155
2001-06-01,13.99913566991297,14.152458913745168,13.47250154395075,13.932473182678223,1204050,0.0,0.0,0.006743734372626875
2001-06-04,13.9658048007466,14.079130551407374,13.399172232980998,13.699153900146484,1193850,0.0,0.0,-0.016746436865338166
2001-06-05,13.732484591929643,14.245787167503044,13.57249462461008,14.145792961120605,1181100,0.0,0.0,0.03260340486935798
2001-06-06,14.632429231992836,15.085735081968478,14.4124425554809,14.865748405456543,1984200,0.0,0.0,0.05089537548829659
2001-06-07,15.332386030832287,16.332323317349747,15.132398573528796,15.965681076049805,5632350,0.0,0.0,0.07399107267209803
2001-06-08,16.199000032842342,16.23899657014393,15.599036715472106,15.792357444763184,1988850,0.0,0.0,-0.010856012371850854
2001-06-11,15.792358221224339,15.805691672467637,13.625825926276015,14.05913257598877,2851650,0.0,0.0,-0.109750863659001
2001-06-12,13.69248666152016,14.652427388305412,13.332509246581465,14.33911418914795,2527050,0.0,0.0,0.01991457237108296
2001-06-13,14.93241123530627,15.319053655843032,14.365779624953305,15.025738716125488,2115900,0.0,0.0,0.04788472411337552
2001-06-14,14.852416722630432,14.852416722630432,14.099130126756707,14.19912338256836,1599150,0.0,0.0,-0.05501329080546391
2001-06-15,13.492499626943305,14.199122935486564,13.332509659789833,13.805814743041992,2175450,0.0,0.0,-0.027699501506495472
2001-06-18,13.905807840419268,14.49910443879577,13.86581034907755,14.065797805786133,1154850,0.0,0.0,0.018831417600701172
2001-06-19,14.492438126089857,14.865749009524306,14.132460693764383,14.365779876708984,3015000,0.0,0.0,0.02132705695509496
2001-06-20,14.399110645902079,14.399110645902079,13.71915327362469,13.732484817504883,2873700,0.0,0.0,-0.0440835836716984
2001-06-21,13.705820330271925,13.71248610199518,12.105918775610421,12.165915489196777,5212350,0.0,0.0,-0.11407763045994346
2001-06-22,11.145978137511468,12.432565546411977,11.145978137511468,11.812602996826172,3092850,0.0,0.0,-0.02904117595460398
2001-06-25,11.83260202580885,12.992530215653163,11.732607821740034,12.85920524597168,2864100,0.0,0.0,0.08860047607006782
2001-06-26,12.65921824608745,12.952533189920707,12.31923908438209,12.665884971618652,1773300,0.0,0.0,-0.015033609826982652
2001-06-27,12.65921763344787,12.692548398644533,12.099252767774644,12.239243507385254,2433600,0.0,0.0,-0.033684299611863255
2001-06-28,12.432566100476093,12.71254855386584,11.865934467998636,12.439231872558594,1969800,0.0,0.0,0.016339928611818655
2001-06-29,12.499227870835997,12.872537787228547,12.265909649898356,12.3659029006958,2197050,0.0,0.0,-0.005894975880669895
2001-07-02,12.605888070287524,12.612553842104928,12.199246427347724,12.24591064453125,1790850,0.0,0.0,-0.009703477144220374
2001-07-03,12.1059185538817,12.112584325482867,11.499289471867382,11.6992769241333,1614900,0.0,0.0,-0.044638062147061564
2001-07-05,11.619282834684727,11.625949560412774,10.852663732040913,10.879328727722168,2042850,0.0,0.0,-0.07008537379944746
2001-07-06,11.472624751225224,12.065921350539421,11.279303065960347,12.012591361999512,5388450,0.0,0.0,0.10416659544348716
2001-07-09,12.07925444876321,12.505895331928436,11.665947017011877,11.805938720703125,1960350,0.0,0.0,-0.017203002671855594
2001-07-10,11.82593623112734,12.25257613327814,11.419294597582155,11.932596206665039,2555850,0.0,0.0,0.010728285904093804
2001-07-11,11.932596134629165,11.979259396837506,11.07264865662477,11.205974578857422,2314800,0.0,0.0,-0.06089384197897829
2001-07-12,11.56595272824949,11.745941924114934,10.885995345142565,11.279303550720215,1824600,0.0,0.0,0.006543738908808994
2001-07-13,11.239305808472167,11.72594339445005,10.91265914505922,11.645947456359863,1561500,0.0,0.0,0.0325058993217926
2001-07-16,11.73260779891645,12.23257691105712,11.605949554773131,11.932596206665039,1618950,0.0,0.0,0.024613604979699222
2001-07-17,11.965927891363897,13.399171785331403,11.77260525583552,13.305845260620117,2935350,0.0,0.0,0.11508384513908543
2001-07-18,13.145854300370956,13.66582263150305,12.912535128523716,13.212516784667969,3259350,0.0,0.0,-0.007014095994965719
2001-07-19,13.332509495212053,14.285784468157308,13.332509495212053,13.432503700256348,2784750,0.0,0.0,0.016649887313191947
2001-07-20,13.412505098807248,14.125795157010392,13.412505098807248,13.952471733093262,2963100,0.0,0.0,0.03870968841251776
2001-07-23,14.01246775460855,14.312448461520958,13.185852937246464,13.632491111755371,3166800,0.0,0.0,-0.022933615452446543
2001-07-24,13.565828632587785,13.592493626708237,12.225912201227388,12.459230422973633,3684450,0.0,0.0,-0.08606355794870313
2001-07-25,12.47922860509745,13.065859425289089,12.445897839486049,12.565890312194824,2330100,0.0,0.0,0.008560712467803766
2001-07-26,13.192518441208378,13.499166843013175,13.025862696174078,13.36584186553955,2888100,0.0,0.0,0.06366055515926305
2001-07-27,13.36584106366262,13.49916603313748,13.125856118607873,13.399171829223633,1168950,0.0,0.0,0.0024936673663642495
2001-07-30,13.285846381630769,13.999135461216712,13.285846381630769,13.465835571289062,2118300,0.0,0.0,0.004975213611339457
2001-07-31,13.439169935601031,13.512499148978497,12.76587928572293,13.239182472229004,6324300,0.0,0.0,-0.016831714442088752
2001-08-01,13.232515636307,13.239182361838202,12.392568297148124,12.665884971618652,3710700,0.0,0.0,-0.04330308928160187
2001-08-02,12.59922232625513,12.83254055184102,11.599284076667118,11.999258995056152,3624750,0.0,0.0,-0.05263161461329047
2001-08-03,11.899264595872879,12.259242970206477,11.79927134470331,11.872599601745605,1883100,0.0,0.0,-0.010555601255271885
2001-08-06,11.83926864318687,12.265909495894235,11.332632809399762,12.03925609588623,1403400,0.0,0.0,0.014037068521717933
2001-08-07,11.959261897336546,12.399234322063842,11.932596901898528,12.299241065979004,2658450,0.0,0.0,0.021594770309903977
2001-08-08,12.332571482234474,12.732546402413371,12.165915742300983,12.432565689086914,2942550,0.0,0.0,0.01084006910610924
2001-08-09,12.432565545969803,13.399172068749456,12.432565545969803,13.325843811035156,3209850,0.0,0.0,0.07184986142742411
2001-08-10,13.439169576736639,14.032466179038654,13.43250380494329,13.665822982788086,6339150,0.0,0.0,0.02551276876526143
2001-08-13,13.745818146586878,13.972470602000556,13.245849018131338,13.452502250671387,2679600,0.0,0.0,-0.015609797696441219
2001-08-14,13.499166577486333,14.132460684836966,13.399172369540258,14.025800704956055,2436750,0.0,0.0,0.042616491980594695
2001-08-15,13.932473101289476,14.412443006575833,13.639158159170035,13.745818138122559,4070550,0.0,0.0,-0.019961966715708712
2001-08-16,13.599160347371253,13.599160347371253,13.039194517418851,13.339176177978516,3480600,0.0,0.0,-0.02958295796277599
2001-08-17,13.25251501639321,13.25251501639321,12.565890912926825,12.69921588897705,3194700,0.0,0.0,-0.047975997952404814
2001-08-20,12.679217183748367,12.985864618128181,12.465897229397193,12.939200401306152,2913150,0.0,0.0,0.018897585049909127
2001-08-21,13.005864133315374,13.432504051618011,12.899203200124276,13.299179077148438,2246550,0.0,0.0,0.027820782171821712
2001-08-22,13.339176090440427,13.39250607831302,12.36590285815019,12.85920524597168,2456250,0.0,0.0,-0.03308278117201613
2001-08-23,12.77254383065093,12.999197237902596,12.232577214298054,12.292573928833008,1785300,0.0,0.0,-0.04406425640621736
2001-08-24,12.699215965989323,13.099191850181034,12.55922521709536,12.885871887207031,2840100,0.0,0.0,0.048264746001031256
2001-08-27,12.772544183885927,13.832479176803666,12.559225175238323,13.765817642211914,2415750,0.0,0.0,0.06828763801993754
2001-08-28,13.499166490889193,14.385778998384815,13.499166490889193,14.132460594177246,3773100,0.0,0.0,0.02663430255250865
2001-08-29,13.785815792314855,13.945805762624703,11.16597764445247,11.879266738891602,13792050,0.0,0.0,-0.15943393864575772
2001-08-30,11.232639384993673,11.632615271737846,10.532682775210697,10.739336967468262,5188650,0.0,0.0,-0.09595960731240394
2001-08-31,10.63267619638966,11.379296969781818,10.339361267191645,11.065982818603516,3046350,0.0,0.0,0.03041583033708073
2001-09-04,10.839330848769979,10.932658330335785,9.66607012689868,9.992715835571289,3772200,0.0,0.0,-0.09698794952292078
2001-09-05,9.912720911150723,9.992715895832397,9.299426028591226,9.49941349029541,2329650,0.0,0.0,-0.049366193674782566
2001-09-06,9.532743930860834,9.539410656163867,8.75945910540253,8.799456596374512,6089700,0.0,0.0,-0.07368422215076476
2001-09-07,8.759459495544434,8.966113684911646,8.526140311008255,8.759459495544434,2380800,0.0,0.0,-0.004545405775006284
2001-09-10,8.70612911745334,8.732793157819295,7.566199671134709,7.626195907592773,6340950,0.0,0.0,-0.1293759721736374
2001-09-17,6.666255236340238,6.672921008093563,6.0062961519903295,6.592925548553467,11755050,0.0,0.0,-0.13548961652172675
2001-09-18,6.352940908462874,6.359607634154939,5.033022198941591,5.199678897857666,12235800,0.0,0.0,-0.21132449326710334
2001-09-19,4.93302811538326,6.852909564971924,4.926362820587689,6.852909564971924,9134250,0.0,0.0,0.3179486079025784
2001-09-20,6.459600937936387,6.4995984285830515,5.199678552143362,5.333003520965576,3877800,0.0,0.0,-0.2217898878711636
2001-09-21,4.966360539078333,5.359669213383584,4.773038372668789,5.213011264801025,3119400,0.0,0.0,-0.022499939423033632
2001-09-24,5.612986727921489,5.679649215843538,5.24634304435022,5.353002548217773,4135500,0.0,0.0,0.0268542069651736
2001-09-25,5.432997540579742,5.466329738198275,5.173013837355697,5.206345558166504,1882050,0.0,0.0,-0.027397145570217885
2001-09-26,5.3330038525052785,5.339670578168542,4.7597064509292695,4.81303596496582,4400550,0.0,0.0,-0.07554427358048699
2001-09-27,4.733041053170372,4.806370268542768,4.513054360668658,4.659712314605713,2420550,0.0,0.0,-0.03185591204307492
2001-09-28,4.699709761428624,4.979692691777744,4.599716028020985,4.713042259216309,2446650,0.0,0.0,0.011444900674111302
2001-10-01,4.726375214716744,4.84636769432113,4.293068084752111,4.666378974914551,1968000,0.0,0.0,-0.009900883916435954
2001-10-02,4.6730445288242715,4.926362927556784,4.50638879173915,4.786371231079102,1341150,0.0,0.0,0.025714211556670197
2001-10-03,4.679711018051596,6.066292696180897,4.666378997062228,5.7329792976379395,3819150,0.0,0.0,0.19777155194571527
2001-10-04,5.872970462385672,6.432935840748515,5.83297296941745,6.079624652862549,3451650,0.0,0.0,0.06046513291395139
2001-10-05,6.079624626623074,6.232948349006187,5.8196409234517095,6.1796183586120605,1420800,0.0,0.0,0.016447348555051144
2001-10-08,5.8996359815162025,6.419603871054134,5.892969255827316,6.366273880004883,807000,0.0,0.0,0.0302050240906373
2001-10-09,6.346274744085834,6.486266438810867,6.112955570749246,6.259613513946533,1778700,0.0,0.0,-0.016753970700718268
2001-10-10,6.2729457704610985,6.492931978335019,6.112955801098247,6.332942008972168,660450,0.0,0.0,0.01171454034059094
2001-10-11,6.459601188626656,7.179556525015017,6.452934463119118,7.066230773925781,2145000,0.0,0.0,0.11578959098547403
2001-10-12,7.039565086364746,7.166224284583511,6.566261443197094,7.039565086364746,1170900,0.0,0.0,-0.003773679124580931
2001-10-15,6.826245091009822,6.999567550783507,6.666255128141806,6.799580097198486,543750,0.0,0.0,-0.0340908829198977
2001-10-16,6.86624274996587,7.226220652046908,6.832911030077294,7.1728901863098145,694950,0.0,0.0,0.05490193273333688
2001-10-17,7.492870218755806,7.49953694426766,6.912906104688342,6.919572830200195,1203900,0.0,0.0,-0.03531593953481971
2001-10-18,7.019566601191118,7.152891576041698,6.932904890730521,7.012899875640869,1696950,0.0,0.0,0.013487399833896019
2001-10-19,6.919572572847386,7.49953666534482,6.699585896984959,7.3862104415893555,1856850,0.0,0.0,0.05323198285564734
2001-10-22,7.346212972947798,7.652860402855497,7.139558793376212,7.579531669616699,884400,0.0,0.0,0.02617326294127964
2001-10-23,7.599530644101831,8.032836808118583,7.566199877523643,7.946176528930664,1486050,0.0,0.0,0.04837302293803947
2001-10-24,7.979507056662995,8.372815716843986,7.732855386182468,8.166162490844727,1926150,0.0,0.0,0.027684504756864126
2001-10-25,8.166162490844727,8.332818225978123,7.7461883599454575,8.166162490844727,1124550,0.0,0.0,0.0
2001-10-26,8.12616483033621,9.452748726501149,8.119498105190038,9.212763786315918,1863450,0.0,0.0,0.12816317292786672
2001-10-29,9.199431393529153,9.379420577508405,8.732793050950468,8.859452247619629,1707150,0.0,0.0,-0.03835022224504192
2001-10-30,8.712795388379625,9.319424513022847,8.132831259245657,8.699462890625,4338750,0.0,0.0,-0.01805860594119857
2001-10-31,8.739460352275254,9.626072880173904,8.652798640375938,9.286093711853027,3792450,0.0,0.0,0.06743299311733497
2001-11-01,9.399419330137748,9.95938517935482,9.212764364937206,9.932720184326172,1752750,0.0,0.0,0.06963385170750236
2001-11-02,9.832726124587621,10.299364498248405,9.732731914913037,9.966052055358887,5401950,0.0,0.0,0.003355764625818436
2001-11-05,10.059379065541735,10.099376556804478,8.866119145780113,8.939447402954102,5038650,0.0,0.0,-0.1030101635735251
2001-11-06,8.932781411707847,8.986111398747664,8.446144803161822,8.766125679016113,3035100,0.0,0.0,-0.019388415874644904
2001-11-07,8.699462964410282,9.459416296485047,8.53280626425621,9.22609806060791,2393400,0.0,0.0,0.052471570501533504
2001-11-08,9.426085566193676,9.59940803916469,9.172767152082107,9.319424629211426,1149150,0.0,0.0,0.010115497146294894
2001-11-09,9.319424246354044,9.359421738473422,9.032775076024116,9.066106796264648,850650,0.0,0.0,-0.02718170305844425
2001-11-12,9.232762897552373,9.452749589616491,8.71946220542855,9.272760391235352,666450,0.0,0.0,0.022794083459930947
2001-11-13,9.399419230592802,9.659403406176477,9.066106796264648,9.066106796264648,1061400,0.0,0.0,-0.022286092409551816
2001-11-14,9.19943128963896,9.332756256408533,8.832787154214945,9.212763786315918,891000,0.0,0.0,0.016176402213979424
2001-11-15,9.21276449412576,9.272760256973806,8.946114540100098,8.946114540100098,732750,0.0,0.0,-0.028943458488742024
2001-11-16,8.899449615521164,9.279426246679456,8.772790420596605,9.16610050201416,1279950,0.0,0.0,0.024590112380966866
2001-11-19,9.279426776953203,9.999382590480092,9.152767574790694,9.746065139770508,1405350,0.0,0.0,0.0632727775163393
2001-11-20,9.799394844826399,10.712671367408324,9.672735646341977,10.312695503234863,4899600,0.0,0.0,0.058139398345709914
2001-11-21,10.37269231172493,10.37269231172493,9.32609080936156,9.619405746459961,1989150,0.0,0.0,-0.06722682314797646
2001-11-23,9.519412901916745,9.699401144209562,9.439416962034379,9.626072883605957,433800,0.0,0.0,0.0006930924135775118
2001-11-26,9.712733755219952,9.986050438294532,9.519413012960895,9.566076278686523,948450,0.0,0.0,-0.006232718746770893
2001-11-27,9.572741828863009,9.832726008043041,9.499413569104183,9.68606948852539,1123500,0.0,0.0,0.012543618338713758
2001-11-28,9.686069616521996,9.699401160640273,8.986112055077633,9.332756996154785,3056100,0.0,0.0,-0.0364763532606448
2001-11-29,9.332756747093502,9.766064342299543,8.966113546008001,9.699400901794434,1551000,0.0,0.0,0.03928570151250166
2001-11-30,9.699400574775034,9.766064013032556,9.25942817613703,9.29275894165039,1436250,0.0,0.0,-0.041924440927976536
2001-12-03,9.312757403702323,9.566075804220327,8.93944748195115,9.419418334960938,678450,0.0,0.0,0.01362990195977809
2001-12-04,9.372754358251504,9.55274355194702,9.199431890137332,9.346090316772461,1477500,0.0,0.0,-0.0077847713713185
2001-12-05,9.459416069116312,9.759397740737024,9.266095331488998,9.346090316772461,2756550,0.0,0.0,0.0
2001-12-06,9.492747045087983,9.759397955516617,9.299426303206168,9.519412994384766,2006700,0.0,0.0,0.018544939299512286
2001-12-07,10.25936676670028,10.499351720004098,9.666070155335902,9.746065139770508,6743550,0.0,0.0,0.023809466562637605
2001-12-10,9.759397157043106,9.91938711804129,9.50607971879598,9.599407196044922,2259300,0.0,0.0,-0.015047913349883424
2001-12-11,9.826059928950635,10.24603406569469,9.572741529659325,9.619405746459961,2713950,0.0,0.0,0.002083310980211195
2001-12-12,9.852725110036737,10.172705047483525,9.832725887138595,10.039380073547363,2245500,0.0,0.0,0.043659071896614554
2001-12-13,9.952717955321859,10.506018004878223,9.73273128054551,10.032712936401367,2857200,0.0,0.0,-0.0006640984898622637
2001-12-14,10.166039064329253,10.192703104946933,6.199616880887032,6.886241436004639,30997800,0.0,0.0,-0.3136212029929101
2001-12-17,6.892907539321514,9.552743702863822,6.499598855464222,9.03944206237793,12988500,0.0,0.0,0.31268154716668883
2001-12-18,9.926053793616187,11.105980226888537,9.512745442821094,10.339361190795898,18738900,0.0,0.0,0.1438052392446012
2001-12-19,10.40602407197419,10.666008244042297,9.77939575029525,10.006049156188965,3899550,0.0,0.0,-0.032237198068256645
2001-12-20,9.799394870570385,9.999382326374798,9.15943405838085,9.186100006103516,4854750,0.0,0.0,-0.08194534498946493
2001-12-21,9.17943302813538,9.659402908856386,9.159433806297645,9.50607967376709,2915850,0.0,0.0,0.03483302679602551
2001-12-24,9.50607997654258,9.792728187628773,9.472748256956512,9.572741508483887,792750,0.0,0.0,0.007012547443796091
2001-12-26,9.592740705759324,10.226035747307685,9.566075711606683,10.11270809173584,1606500,0.0,0.0,0.05640668169859242
2001-12-27,10.172704991187722,10.59267913357021,10.146039996548053,10.532682418823242,2915550,0.0,0.0,0.04152936318122413
2001-12-28,10.65934179992785,11.045985182338798,10.526016824481124,10.952656745910645,2830350,0.0,0.0,0.039873444426355764
2001-12-31,10.959323258460463,11.699277334614086,10.739336576441804,10.77933406829834,3229950,0.0,0.0,-0.015824715558352298
2002-01-02,10.832664091234305,11.325967445952596,10.566014144692218,11.165977478027344,2080500,0.0,0.0,0.03586895139154378
2002-01-03,11.172642988470457,11.825936295828525,11.165977216770584,11.779272079467773,2391750,0.0,0.0,0.05492529450711192
2002-01-04,11.919263588079385,12.999196782992618,11.919263588079385,12.53255844116211,4050000,0.0,0.0,0.06395016233705775
2002-01-07,12.579223011031834,12.865872177243933,12.105918884277344,12.105918884277344,2985300,0.0,0.0,-0.03404249490539013
2002-01-08,12.179248387047677,12.559225042624261,11.759274238969105,12.465897560119629,2408250,0.0,0.0,0.02973575812653184
2002-01-09,12.479229215300089,12.69921590283067,12.245910983765393,12.405900955200195,1077900,0.0,0.0,-0.0048128588118172555
2002-01-10,12.265910240589145,12.439231756502656,11.80593859464686,12.159249305725098,1537800,0.0,0.0,-0.019881800633891777
2002-01-11,12.199246274422956,12.712547888930077,12.159248783173652,12.505894660949707,2155950,0.0,0.0,0.028508779325825184
2002-01-14,12.365903302254193,12.665884971618652,12.165915840549697,12.665884971618652,1614300,0.0,0.0,0.012793191931203651
2002-01-15,12.69921536851606,12.912535321453776,12.405900433226698,12.752545356750488,945900,0.0,0.0,0.006842031593214504
2002-01-16,12.619220595366869,12.799209785449648,11.992592269608622,11.999258995056152,1475250,0.0,0.0,-0.05906949088368374
2002-01-17,12.259242793186859,12.259242793186859,11.625948715000982,12.085920333862305,1343550,0.0,0.0,0.007222224209166406
2002-01-18,11.992591880115349,12.499227713902457,11.899264402188981,12.03925609588623,3053250,0.0,0.0,-0.003861041334628945
2002-01-22,12.219245840211196,12.465897519987095,12.072587414560623,12.37256908416748,2701500,0.0,0.0,0.027685513592085043
2002-01-23,12.37256908416748,12.37256908416748,12.37256908416748,12.37256908416748,0,0.0,0.0,0.0
2002-01-24,12.37256908416748,12.37256908416748,12.37256908416748,12.37256908416748,0,0.0,0.0,0.0
2002-01-25,12.37256908416748,12.37256908416748,12.37256908416748,12.37256908416748,0,0.0,0.0,0.0
2002-01-28,12.37256908416748,12.37256908416748,12.37256908416748,12.37256908416748,0,0.0,0.0,0.0
2002-01-29,12.37256908416748,12.37256908416748,12.37256908416748,12.37256908416748,0,0.0,0.0,0.0
2002-01-30,12.37256908416748,12.37256908416748,12.37256908416748,12.37256908416748,0,0.0,0.0,0.0
2002-01-31,12.37256908416748,12.37256908416748,12.37256908416748,12.37256908416748,0,0.0,0.0,0.0
2002-02-01,12.37256908416748,12.37256908416748,12.37256908416748,12.37256908416748,0,0.0,0.0,0.0
2002-02-04,12.37256908416748,12.37256908416748,12.37256908416748,12.37256908416748,0,0.0,0.0,0.0
2002-02-05,12.37256908416748,12.37256908416748,12.37256908416748,12.37256908416748,0,0.0,0.0,0.0
2002-02-06,12.37256908416748,12.37256908416748,12.37256908416748,12.37256908416748,0,0.0,0.0,0.0
2002-02-07,12.37256908416748,12.37256908416748,12.37256908416748,12.37256908416748,0,0.0,0.0,0.0
2002-02-08,12.37256908416748,12.37256908416748,12.37256908416748,12.37256908416748,0,0.0,0.0,0.0
2002-02-11,12.37256908416748,12.37256908416748,12.37256908416748,12.37256908416748,0,0.0,0.0,0.0
2002-02-12,12.37256908416748,12.37256908416748,12.37256908416748,12.37256908416748,0,0.0,0.0,0.0
2002-02-13,12.37256908416748,12.37256908416748,12.37256908416748,12.37256908416748,0,0.0,0.0,0.0
2002-02-14,12.37256908416748,12.37256908416748,12.37256908416748,12.37256908416748,0,0.0,0.0,0.0
2002-02-15,9.332756509364925,12.399233689025492,9.332756509364925,12.119251251220703,28114500,0.0,0.0,-0.02047414980862261
2002-02-19,11.872600058711347,12.619220876627173,11.252638444582773,11.339300155639648,5424600,0.0,0.0,-0.06435637643063918
2002-02-20,11.299302350320296,11.332633116532477,10.466020798015318,10.63934326171875,4233750,0.0,0.0,-0.06172840336824248
2002-02-21,10.63934340072921,10.879328353607994,10.299364240676548,10.332695007324219,1956600,0.0,0.0,-0.02882210366290905
2002-02-22,10.399357698828117,10.399357698828117,10.019381992768924,10.16603946685791,1876950,0.0,0.0,-0.01612895187056007
2002-02-25,10.239367327767392,11.105980594475072,10.079377362273434,10.7926664352417,1892250,0.0,0.0,0.06163924214800098
2002-02-26,10.972655937772087,11.42596180661484,10.746003480158434,11.199308395385742,1013700,0.0,0.0,0.03767761772162426
2002-02-27,11.159310712823753,12.012591492335787,11.132645718264484,11.999258995056152,2470200,0.0,0.0,0.0714285714285714
2002-02-28,12.005925900285835,12.419233322143555,11.84593593053446,12.419233322143555,1645650,0.0,0.0,0.035000021856385954
2002-03-01,12.232577260991002,13.065859774139867,11.912597325224326,13.019196510314941,1950600,0.0,0.0,0.04830919692133073
2002-03-04,12.999197554569186,14.532435731897825,12.992530828962709,13.332509994506836,4890600,0.0,0.0,0.02406550081210157
2002-03-05,13.299178983015944,13.359174744294878,12.692548923049992,12.772543907165527,1510350,0.0,0.0,-0.0420000500709935
2002-03-06,12.68588405062145,13.332509692652874,12.665884827870258,13.265848159790039,1058100,0.0,0.0,0.038622239720605966
2002-03-07,13.27917935669626,13.839145182106073,13.105856896378942,13.399171829223633,1983450,0.0,0.0,0.01005014288025019
2002-03-08,13.59249420539867,14.132460836134202,13.585828433392473,14.05913257598877,1279200,0.0,0.0,0.04925384607172223
2002-03-11,14.132460579699517,15.492376266679583,14.012468103226167,15.352385520935059,4330650,0.0,0.0,0.09198668110968677
2002-03-12,14.712424422962716,15.619035182193596,14.499104468700253,15.332386016845703,2408550,0.0,0.0,-0.0013026968390080773
2002-03-13,15.31238742806409,15.799025024289067,14.999074209081623,15.219060897827148,2556000,0.0,0.0,-0.007391225272703417
2002-03-14,15.232391639252883,15.499042532681496,14.559101018032235,14.66576099395752,2848050,0.0,0.0,-0.03635571915929614
2002-03-15,14.559101061672866,14.565766833380474,13.71248606980511,14.465773582458496,5725650,0.0,0.0,-0.013636347379547553
2002-03-18,14.465773670069375,14.665761126739948,14.272451031531366,14.359112739562988,1307400,0.0,0.0,-0.007373324508883949
2002-03-19,14.419109563234466,14.445774557660377,14.212455379625952,14.299117088317871,1415100,0.0,0.0,-0.0041782283023528155
2002-03-20,14.139127619804459,14.285785094312883,14.119128396472856,14.19912338256836,711150,0.0,0.0,-0.00699299859787883
2002-03-21,14.205790108217379,14.319115861711616,13.939139200950244,14.19912338256836,1101900,0.0,0.0,0.0
2002-03-22,14.025800884274569,14.19912335379696,13.39250676882733,13.472501754760742,1048800,0.0,0.0,-0.051173696307171945
2002-03-25,13.665823388059936,13.792481638428518,12.872538350585154,13.332509994506836,1591050,0.0,0.0,-0.010390925367995463
2002-03-26,13.299178967186032,13.665823120753533,13.132522273669322,13.359174728393555,728550,0.0,0.0,0.001999978541002756
2002-03-27,13.452501860546592,13.539163567793393,13.085858670111952,13.19918441772461,846150,0.0,0.0,-0.01197606243811622
2002-03-28,13.29917857892519,13.732484252910783,13.29917857892519,13.399171829223633,1593900,0.0,0.0,0.015151497635753186
2002-04-01,13.352509367792187,13.625826048420848,13.119190180405615,13.36584186553955,1003500,0.0,0.0,-0.002487464457421873
2002-04-02,13.34584349903556,13.412505033673948,13.08585931803785,13.132522583007812,563400,0.0,0.0,-0.017456385080635517
2002-04-03,13.032528335116668,13.325844236177968,12.992530842283143,13.03919506072998,744450,0.0,0.0,-0.0071065952247886255
2002-04-04,13.065859360776194,13.27917931120519,12.95253266030309,13.012529373168945,704250,0.0,0.0,-0.002045040927514341
2002-04-05,13.292511810100905,13.399171785331403,12.932534393697978,13.305845260620117,882600,0.0,0.0,0.02254103556960807
2002-04-08,13.259181641515124,14.285784902936912,12.912535752796238,14.072463989257812,1065300,0.0,0.0,0.05761518442624425
2002-04-09,14.13912749533649,14.205789983162575,13.579161643981934,13.579161643981934,1086600,0.0,0.0,-0.0350544400506152
2002-04-10,13.905808381652855,14.505771728745435,13.692487465912203,14.399110794067383,1249050,0.0,0.0,0.060382899296941295
2002-04-11,14.43244181981326,14.985740921733369,14.332447615575603,14.66576099395752,1193850,0.0,0.0,0.0185185185185186
2002-04-12,14.745756279554952,14.999073727593965,14.612430353287415,14.732422828674316,603150,0.0,0.0,0.004545405775006284
2002-04-15,14.665761653526566,15.24572577551095,14.659094927923707,14.939077377319336,629700,0.0,0.0,0.014027193697074614
2002-04-16,15.092400378614448,16.5389786363902,15.005739627963216,16.38565444946289,2677050,0.0,0.0,0.09683175443884928
2002-04-17,16.49231570385349,16.652305674677006,15.945682349924358,16.498981475830078,1424850,0.0,0.0,0.006916234363217866
2002-04-18,16.498981227053154,17.118943785069458,16.278995497295558,16.865625381469727,2027700,0.0,0.0,0.022222214515287275
2002-04-19,16.965618755386306,17.932224290261114,16.79229534450371,17.68557357788086,3161850,0.0,0.0,0.04861653083508011
2002-04-22,17.47892068677326,17.69890832912827,16.765631583398704,16.872291564941406,1169700,0.0,0.0,-0.045985616997834655
2002-04-23,16.872290333908,16.932286092340643,16.012342865040125,16.019010543823242,1469100,0.0,0.0,-0.05057291819750076
2002-04-24,16.20566595995959,16.51898011862223,15.679031847693588,15.825689315795898,1389600,0.0,0.0,-0.01206823776652588
2002-04-25,15.779025014076653,16.052341679965284,15.232391682299394,15.345719337463379,1515600,0.0,0.0,-0.03032853538034852
2002-04-26,15.465711920511984,15.859020108832402,14.905746087731098,15.285722732543945,1392300,0.0,0.0,-0.003909663900405369
2002-04-29,15.299055681302352,15.932349790147104,15.145731483054087,15.385717391967773,1003800,0.0,0.0,0.006541703076357264
2002-04-30,15.399048208753458,16.992283970792332,15.392382437117641,16.7322998046875,1515600,0.0,0.0,0.08752158761363438
2002-05-01,16.798960950158968,16.992283581009445,15.885685411154405,16.232330322265625,1709400,0.0,0.0,-0.029880499886919876
2002-05-02,16.225665682666996,16.778964806192043,16.11900570257691,16.652305603027344,1487100,0.0,0.0,0.02587276579664266
2002-05-03,16.665639281125603,17.492254138081552,16.59897583904596,16.872291564941406,1214700,0.0,0.0,0.013210540759837519
2002-05-06,16.87229135141064,17.498919688659058,16.79896213822034,17.33226203918457,1276950,0.0,0.0,0.027261885113396556
2002-05-07,17.365594281242366,17.465588486992335,15.505709492493196,15.765693664550781,2469750,0.0,0.0,-0.09038453094536136
2002-05-08,16.325658711248145,17.318929227263606,16.258995274892964,16.9722843170166,2240100,0.0,0.0,0.07653267139008557
2002-05-09,16.725634482120935,17.252266692875253,15.832355259475166,15.905684471130371,1082100,0.0,0.0,-0.0628436235196016
2002-05-10,16.438985563526007,16.71896705629608,15.832355499267578,15.832355499267578,931950,0.0,0.0,-0.004610236799044265
2002-05-13,16.07900631374986,16.892289567871156,15.692362954975927,16.605640411376953,1201200,0.0,0.0,0.048842063465865726
2002-05-14,17.112276093462448,17.492253698584484,15.99901208727378,16.525646209716797,2793450,0.0,0.0,-0.004817290973333943
2002-05-15,16.465650899470216,17.17894000446288,16.092339055992976,16.965620040893555,1285800,0.0,0.0,0.02662369904288897
2002-05-16,16.892290938966454,17.318930868942864,16.445651785464666,17.245603561401367,876300,0.0,0.0,0.016502993691533074
2002-05-17,17.252265837918063,17.532249219803543,16.705634431577526,17.06561279296875,809250,0.0,0.0,-0.010436907458285072
2002-05-20,16.92562174333001,17.38559434925481,16.765631769242496,17.338930130004883,1431900,0.0,0.0,0.01601567669159487
2002-05-21,17.332260784215695,17.66557605903047,16.672301727750085,16.72563362121582,1636800,0.0,0.0,-0.0353710698520987
2002-05-22,16.63230701654419,16.932287745221416,16.338992060069998,16.53898048400879,717600,0.0,0.0,-0.011159705003358944
2002-05-23,16.598975379358635,17.625578626892153,16.36565619938772,17.358928680419922,1508550,0.0,0.0,0.04957670741578801
2002-05-24,17.225604375157943,17.298931682858143,16.998950958251953,16.998950958251953,567000,0.0,0.0,-0.020737323644517747
2002-05-28,17.105610195831872,17.632244314403106,16.52564608822129,17.172271728515625,947100,0.0,0.0,0.010195968603552874
2002-05-29,17.105610863304868,17.452255805586937,15.799025127241613,16.47231674194336,1656600,0.0,0.0,-0.04076076815218033
2002-05-30,16.312325319192073,17.17893855151198,16.1989995749384,16.818960189819336,763350,0.0,0.0,0.021044000871675905
2002-05-31,16.965619560088296,17.3589287085806,16.718966928778205,17.112276077270508,614550,0.0,0.0,0.017439596987019357
2002-06-03,17.078944723750343,17.21226969262067,16.665638273867735,16.7322998046875,1071150,0.0,0.0,-0.02220489377726398
2002-06-04,16.598976200779806,18.032220210801636,16.598976200779806,17.46558952331543,1973700,0.0,0.0,0.04382480156269386
2002-06-05,17.565583018104075,17.725572987375134,17.03894889244578,17.39225959777832,1598550,0.0,0.0,-0.004198537097142907
2002-06-06,17.365595125676705,17.61891353826393,16.952286739002055,16.998950958251953,2742300,0.0,0.0,-0.02261400465622121
2002-06-07,14.099130060562452,15.632368240476643,13.999135851604809,14.692425727844238,7380150,0.0,0.0,-0.1356863277076541
2002-06-10,14.572432950126792,15.405715464693966,14.352447220720483,14.625763893127441,2865300,0.0,0.0,-0.004537156488085059
2002-06-11,14.639095906654477,14.765755104066024,13.479166768630561,13.599160194396973,1710600,0.0,0.0,-0.07019145845864938
2002-06-12,13.559163208527563,13.565828980420882,11.905931623439246,11.939262390136719,6640500,0.0,0.0,-0.12205884632083042
2002-06-13,12.059256128199467,13.332510139406969,12.052589402520534,12.685884475708008,2560350,0.0,0.0,0.06253502613261008
2002-06-14,12.419233052836162,13.03919464898678,12.27257463012887,13.032527923583984,2621850,0.0,0.0,0.027325130426637534
2002-06-17,12.999197660037181,13.332510102679135,12.759212701334974,12.932535171508789,1405500,0.0,0.0,-0.007672552298487401
2002-06-18,12.84587355063659,13.165853474086399,12.559224392405106,12.825874328613281,1274250,0.0,0.0,-0.00824748137012521
2002-06-19,12.525892927759077,12.93253456553621,12.339237968625572,12.799209594726562,1292400,0.0,0.0,-0.002078979818727289
2002-06-20,12.779210577547424,12.79920980029779,12.339238166809082,12.339238166809082,733650,0.0,0.0,-0.03593748696067878
2002-06-21,12.645886122038876,12.665885345607567,11.199308675906407,11.219307899475098,2820300,0.0,0.0,-0.09076170280483353
2002-06-24,11.43262777590331,12.312572626533614,11.405962780429665,12.005926132202148,2610750,0.0,0.0,0.07011290177390106
2002-06-25,12.3259058507335,12.652551562458221,12.1259183883667,12.1259183883667,1381350,0.0,0.0,0.00999441899302611
2002-06-26,11.839269316645375,12.799210097822444,11.665946847780083,12.69921588897705,1479450,0.0,0.0,0.04727868704446814
2002-06-27,12.792542678169655,13.392505991460897,12.699215199997855,13.259181022644043,1245000,0.0,0.0,0.04409446524592453
2002-06-28,13.19918452199424,14.032466067299035,13.132522036514473,13.72581958770752,1441650,0.0,0.0,0.03519361899249662
2002-07-01,13.732484155941576,13.759150103263655,12.465896954874163,12.625886917114258,1547250,0.0,0.0,-0.08013602856752777
2002-07-02,12.505894682189064,13.085858783096674,12.445897968405506,12.552557945251465,1353900,0.0,0.0,-0.005807827390200693
2002-07-03,12.60588855026342,12.625887773707962,11.76594119151734,12.052589416503906,1849050,0.0,0.0,-0.03983001161422184
2002-07-05,12.09258611047552,12.819207667058791,12.08592033884491,12.672550201416016,479250,0.0,0.0,0.0514379743213671
2002-07-08,12.71254807632431,13.059193959210234,11.939262280490084,11.999258995056152,914400,0.0,0.0,-0.053129890642266364
2002-07-09,11.999259036057643,12.29924070268217,11.785939078854577,12.092586517333984,1247700,0.0,0.0,0.007777773803889332
2002-07-10,12.099253133376084,12.32590558585445,11.81926973846386,12.152582168579102,861750,0.0,0.0,0.004961358031974061
2002-07-11,12.059255840755885,12.132584099783541,11.532620762060496,11.985926628112793,1959900,0.0,0.0,-0.013713590918743357
2002-07-12,11.885933008191094,12.499227870835997,11.839268791834321,12.3659029006958,1027050,0.0,0.0,0.03170186873093139
2002-07-15,12.219245326893873,12.632552730721198,11.539287031498036,12.425899505615234,1189500,0.0,0.0,0.004851777132752533
2002-07-16,12.35257063148739,13.21918390699612,12.145916447151274,12.879204750061035,1336350,0.0,0.0,0.036480678460416804
2002-07-17,13.045861044802203,13.33917597557571,12.439231007552085,12.625886917114258,654000,0.0,0.0,-0.019668748021540394
2002-07-18,12.639220128241783,12.685884346673287,11.71927683975753,11.725943565368652,571350,0.0,0.0,-0.0712776344072702
2002-07-19,11.719276800377182,11.76594101865188,10.726005255200981,11.632615089416504,1623000,0.0,0.0,-0.007959144219982783
2002-07-22,11.57928502885012,12.04592339430153,11.139312611976205,11.78593921661377,1265100,0.0,0.0,0.01318053816950937
2002-07-23,12.339237841327579,12.652551042690243,12.10591866801003,12.225912094116211,1811550,0.0,0.0,0.03733031957964328
2002-07-24,12.065921098463518,13.03252759736316,11.732607723437106,12.919201850891113,1218000,0.0,0.0,0.0567065877325057
2002-07-25,12.59922229847012,12.985864718726859,11.919263985092844,12.24591064453125,799200,0.0,0.0,-0.052115541976257784
2002-07-26,12.472562682342147,12.60588765040361,11.999258568916263,12.53255844116211,562950,0.0,0.0,0.023407634185120374
2002-07-29,12.539225177763441,13.492499177076537,12.532558452546615,13.412504196166992,973800,0.0,0.0,0.0702127789099134
2002-07-30,13.285846746965476,14.359113281765303,13.165854268432197,14.352447509765625,1260300,0.0,0.0,0.07007962866973405
2002-07-31,13.999135761400069,13.999135761400069,13.199184955739835,13.825813293457031,1221750,0.0,0.0,-0.036692990233914036
2002-08-01,13.799147844927557,13.945805312983044,13.332509492953774,13.72581958770752,783900,0.0,0.0,-0.007232392310464131
2002-08-02,13.732484252910783,13.732484252910783,13.265847813364177,13.399171829223633,914550,0.0,0.0,-0.023798051285507493
2002-08-05,13.45916905691863,13.465835782454985,12.905869935634366,13.005864143371582,1277100,0.0,0.0,-0.029353133974612144
2002-08-06,13.132522530544247,13.95247160959859,13.132522530544247,13.332509994506836,973650,0.0,0.0,0.02511527473564512
2002-08-07,13.645824088367688,14.259119928030737,13.632491590844914,14.119128227233887,1036800,0.0,0.0,0.059000010729498564
2002-08-08,13.999135708246953,14.79241978532042,13.599160783743217,14.65909481048584,1119750,0.0,0.0,0.03824362060898556
2002-08-09,14.479105779864332,14.745756686136286,14.32578253389457,14.399110794067383,656250,0.0,0.0,-0.0177353390355649
2002-08-12,14.332448136207878,14.499104831452712,14.132460674083344,14.31911563873291,328050,0.0,0.0,-0.0055555621787029
2002-08-13,14.312449042950194,15.47237824101977,14.245787508586409,15.279056549072266,1717350,0.0,0.0,0.06703911991203815
2002-08-14,15.259057669377999,16.398986645052453,15.085735207562001,16.025676727294922,2246550,0.0,0.0,0.048865594274404955
2002-08-15,16.032342389866244,16.425651527347885,15.465711745364036,15.499042510986328,917550,0.0,0.0,-0.03286190188846316
2002-08-16,15.579037947560693,16.1123378420073,15.299055502976225,15.599037170410156,1301850,0.0,0.0,0.006451666891870822
2002-08-19,15.599037361050822,17.33226203918457,15.599037361050822,17.33226203918457,3682200,0.0,0.0,0.1111110160095119
2002-08-20,17.178938707148774,17.29893022397958,16.565643858201582,16.852291107177734,1651200,0.0,0.0,-0.027692342229867273
2002-08-21,16.98561948651873,17.585580938291653,16.97228603500574,17.525585174560547,1375800,0.0,0.0,0.03995267249424872
2002-08-22,17.472254995708173,17.665577643573442,17.20560504061565,17.39892578125,782250,0.0,0.0,-0.007227113505710592
2002-08-23,17.238935084395205,17.39225927894362,16.932286695298377,16.985618591308594,630900,0.0,0.0,-0.023754753318553035
2002-08-26,17.158940226132604,17.33226173731183,16.5123126770525,17.265600204467773,1348650,0.0,0.0,0.016483451082696776
2002-08-27,17.272265609190754,17.39892480757939,16.072340878424033,16.179000854492188,1818750,0.0,0.0,-0.06293435137542502
2002-08-28,16.179001269455398,16.312326242960143,15.232392050340847,15.259057998657227,1908900,0.0,0.0,-0.056860300837399014
2002-08-29,15.539041216744623,17.365595351939152,15.39904951078639,17.218936920166016,2698950,0.0,0.0,0.12844036123863312
2002-08-30,17.125608939662655,17.36559388362924,16.71230058254925,16.7322998046875,1769250,0.0,0.0,-0.028261739835319877
2002-09-03,16.885624411140235,17.4055927561429,16.632306010438718,16.73896598815918,1667250,0.0,0.0,0.00039840210547814614
2002-09-04,17.20560370058126,17.665576267714737,16.49898042100498,16.852291107177734,2544900,0.0,0.0,0.00677013855567421
2002-09-05,17.132275374211343,18.458859342609347,16.872291198046735,18.225542068481445,9004800,0.0,0.0,0.0814874934553449
2002-09-06,18.865501801758104,18.89883256820669,16.612306896786038,16.678970336914062,7204800,0.0,0.0,-0.08485737904289636
2002-09-09,16.81229530993926,17.132275245199722,16.29232696152557,16.678970336914062,3259200,0.0,0.0,0.0
2002-09-10,16.76563162714516,17.658909928511584,16.732300859633824,17.645578384399414,1700550,0.0,0.0,0.05795370025606705
2002-09-11,17.698907332061452,18.105548011977202,17.66557656651477,17.752235412597656,1652100,0.0,0.0,0.006044405339103998
2002-09-12,17.465588456491805,18.012219886806147,17.398925017031292,17.818899154663086,1193850,0.0,0.0,0.003755230849300295
2002-09-13,17.68557386116845,18.17887720106147,17.612244651265428,17.99888801574707,1515000,0.0,0.0,0.010101009019790164
2002-09-16,17.985557517724633,18.165546713499687,17.758904103187366,17.892229080200195,1106850,0.0,0.0,-0.005925862500703372
2002-09-17,18.10554880281359,18.1322137978618,17.272266277133816,17.33226203918457,1108200,0.0,0.0,-0.031296661724239394
2002-09-18,17.132275231548814,17.645577807709955,16.99895025862985,17.265600204467773,1057650,0.0,0.0,-0.003846112790476419
2002-09-19,16.872291603216517,17.265600762855193,16.66563931893192,16.965620040893555,1210350,0.0,0.0,-0.017374441665607088
2002-09-20,17.13227612011528,17.56558373499857,16.832293485065858,17.46558952331543,2338050,0.0,0.0,0.029469567349543313
2002-09-23,17.472254879429382,17.5055856467864,16.738966554189556,17.11894416809082,1725900,0.0,0.0,-0.019847332078992252
2002-09-24,16.858959501322357,18.018887718469262,16.858959501322357,17.852230072021484,1798800,0.0,0.0,0.04283476228034466
2002-09-25,18.10554799115845,18.23220718876716,17.532249669706896,17.99888801574707,1847400,0.0,0.0,0.008215104955174857
2002-09-26,18.098882136090836,18.56552047998042,17.752235310370647,18.398862838745117,2697150,0.0,0.0,0.022222196318356646
2002-09-27,18.372197754490834,19.698783570058104,18.358866211306943,19.63212013244629,5986950,0.0,0.0,0.06702899546074792
2002-09-30,19.20548076883192,19.718781433067775,18.738842414267808,19.332138061523438,2604600,0.0,0.0,-0.015280166833691378
2002-10-01,19.098821826538508,19.55879252702276,18.145547750415496,19.225481033325195,4878750,0.0,0.0,-0.005517083928265554
2002-10-02,19.15881687967939,20.132090143351878,19.00549268279419,19.152151107788086,3915300,0.0,0.0,-0.0038142049819195334
2002-10-03,19.21214721455195,19.918770542963028,19.052157242900112,19.65212059020996,3288450,0.0,0.0,0.026105134593396473
2002-10-04,19.738781331568,20.04542973059347,18.505523870691484,18.632183074951172,4464900,0.0,0.0,-0.05189961615475169
2002-10-07,18.458859160133386,18.63218257827335,17.27893362844712,17.512250900268555,2569950,0.0,0.0,-0.0601074050301833
2002-10-08,17.705573168607632,18.83216868750649,17.672240495707996,18.772172927856445,2879700,0.0,0.0,0.07194517910707687
2002-10-09,18.4855255470193,19.35880457076136,18.2788713682653,19.078821182250977,3548250,0.0,0.0,0.016335256209977222
2002-10-10,19.13215142691963,19.97876546823772,18.905499930193677,19.63878631591797,3287550,0.0,0.0,0.02935009077960893
2002-10-11,19.978764975148295,20.518732523940248,19.012157530361186,19.198814392089844,3985500,0.0,0.0,-0.022403213556609236
2002-10-14,18.852168015663807,19.63212052441741,18.605517296760166,19.29880714416504,2015100,0.0,0.0,0.005208277450527987
2002-10-15,19.798776925390683,20.298746058933187,17.998888807530037,18.258872985839844,4247700,0.0,0.0,-0.053885929350800166
2002-10-16,17.738905173932025,18.512190053427215,17.612245966862144,18.298870086669922,3439200,0.0,0.0,0.0021905569342146602
2002-10-17,18.892167168605823,18.998827149127557,17.97222388299041,18.105548858642578,3795300,0.0,0.0,-0.010564653834455706
2002-10-18,18.132214228348445,18.312203426004817,17.57224931904158,18.018888473510742,2337150,0.0,0.0,-0.004786399230889304
2002-10-21,18.098883350282986,18.478859059618397,17.865564162685608,18.41886329650879,2754300,0.0,0.0,0.02219753030749061
2002-10-22,16.412319823708277,17.62557798992679,16.405654052095077,17.472253799438477,7863900,0.0,0.0,-0.05139348079366757
2002-10-23,17.298930350471284,18.21887358423419,17.26559958524465,17.965557098388672,2754150,0.0,0.0,0.028233524112730723
2002-10-24,18.01221966761611,18.565520677435828,17.778902400420645,17.938892364501953,3965850,0.0,0.0,-0.0014842141404627363
2002-10-25,17.992222308883985,18.45885874937378,17.545583183432736,17.845563888549805,3998250,0.0,0.0,-0.005202577397522612
2002-10-28,18.285537095314474,18.34553285440939,16.159001460950044,16.39232063293457,6301650,0.0,0.0,-0.08143442620760644
2002-10-29,16.28566173982858,17.312265020417726,15.83902258829853,17.05894660949707,4223850,0.0,0.0,0.04066696787416113
2002-10-30,17.24560282116708,17.665576961018758,16.732300247023534,17.41892433166504,2982450,0.0,0.0,0.021101990082292854
2002-10-31,17.525585176030628,17.79223513400339,16.78563106584847,17.185606002807617,2614500,0.0,0.0,-0.013394531396711096
2002-11-01,17.125609392396235,17.42559010347707,16.865625219418444,17.41892433166504,1485600,0.0,0.0,0.01357638065362976
2002-11-04,17.64557809200722,18.49885793243622,17.53225043277708,17.918893814086914,1924800,0.0,0.0,0.028702661134649032
2002-11-05,17.712239004176773,18.39219730676566,17.405592525902183,18.03221893310547,2160900,0.0,0.0,0.006324336769575778
2002-11-06,18.198876844225584,18.97882745565498,17.938892671338834,18.93216323852539,2167500,0.0,0.0,0.04990757425686021
2002-11-07,18.892166130785274,18.89883190239398,18.205542067087823,18.3055362701416,1396050,0.0,0.0,-0.033098540324681736
2002-11-08,18.145547567160694,18.405531750246972,17.672241512717502,18.07888412475586,1253100,0.0,0.0,-0.01238161734466292
2002-11-11,18.09221554859067,18.145547446498448,17.212270702422323,17.458921432495117,1984200,0.0,0.0,-0.0342920883823693
2002-11-12,17.565582919200637,17.932225166292604,17.152274547295438,17.792234420776367,1745550,0.0,0.0,0.019091270303838836
2002-11-13,17.78556943759649,17.93222596149053,17.332262599881574,17.37226104736328,1519950,0.0,0.0,-0.023604307558058868
2002-11-14,17.512250431013687,18.852167801280057,17.398924684053547,18.832168579101562,2609550,0.0,0.0,0.08403670240494465
2002-11-15,18.772173393806934,19.42546671617785,18.39219769695074,19.212146759033203,4110900,0.0,0.0,0.020177080421492688
2002-11-18,19.23214577142307,19.82544332616408,18.665515118264263,18.74551010131836,1757850,0.0,0.0,-0.02428862654275943
2002-11-19,18.785506722557766,19.338805834610607,18.41886257179244,18.93216323852539,1384200,0.0,0.0,0.009957218352457886
2002-11-20,18.93216276666804,19.692116043727577,18.898832001219418,19.66545295715332,1552950,0.0,0.0,0.03873248447043531
2002-11-21,19.792110482883402,20.66539142443192,19.692116278116536,20.472068786621094,3196050,0.0,0.0,0.04101689552868226
2002-11-22,20.438738404779993,20.985371748175655,19.478796691105803,19.798776626586914,3395850,0.0,0.0,-0.032888330292939916
2002-11-25,19.652120960755433,20.63206003240766,19.652120960755433,20.58539581298828,3135000,0.0,0.0,0.039730696559556744
2002-11-26,20.47206883368558,20.55872958797504,19.925435499303408,19.9787654876709,1374450,0.0,0.0,-0.029468965806070724
2002-11-27,20.15208894074868,20.758718036358427,20.13208971826618,20.658723831176758,1735800,0.0,0.0,0.03403405200013321
2002-11-29,20.665391741543534,20.865378246915245,19.905438443776987,19.95210075378418,658950,0.0,0.0,-0.03420458510250235
2002-12-02,20.398740134293067,20.465403575039172,19.098821158437328,19.245479583740234,2208900,0.0,0.0,-0.035415878195679484
2002-12-03,18.832168258108595,19.418800019550286,18.698845198473244,19.012157440185547,1373550,0.0,0.0,-0.012123477751721623
2002-12-04,18.95216160555027,19.585455672420657,18.15221180757634,18.5788516998291,2024400,0.0,0.0,-0.022790982123921277
2002-12-05,18.66551546889571,19.35213765591843,18.5988520281496,19.245479583740234,1572000,0.0,0.0,0.03588100570915609
2002-12-06,19.098821307632086,19.685451198964554,18.945497109226103,19.278810501098633,1164000,0.0,0.0,0.001731882918966532
2002-12-09,19.165484239160076,19.458797269794257,18.652181667473158,18.74551010131836,1516200,0.0,0.0,-0.027662515783838604
2002-12-10,18.712177078118355,18.99882623884413,17.938892256385873,17.99888801574707,2325900,0.0,0.0,-0.03982938215795895
2002-12-11,17.925558985700885,17.998888196339657,16.365655876042744,16.612306594848633,8112000,0.0,0.0,-0.07703706027201951
2002-12-12,16.712300691450377,17.398924762414445,16.658970703554736,17.258934020996094,3511200,0.0,0.0,0.03892460221917493
2002-12-13,16.36565651954604,16.538979941759113,15.299055759175975,15.572371482849121,9061950,0.0,0.0,-0.09772113017496975
2002-12-16,16.025676975647738,16.705635290001805,15.865687008415117,16.585641860961914,4232400,0.0,0.0,0.0650684694510899
2002-12-17,17.632244238021865,17.638910009815195,16.27232761617877,16.39898681640625,10669050,0.0,0.0,-0.011254013930868667
2002-12-18,15.79235796664142,16.04567637110231,14.852416422222937,15.739027976989746,7382250,0.0,0.0,-0.04024387889355774
2002-12-19,15.279056260081063,15.592370424465102,14.925745557281438,15.552372932434082,5253300,0.0,0.0,-0.01185937561255701
2002-12-20,15.532373568876883,15.972346930847072,14.899079473982766,14.932411193847656,4758300,0.0,0.0,-0.03986283902011578
2002-12-23,14.365779980556555,15.91235065460205,14.119128298335418,15.91235065460205,3642300,0.0,0.0,0.06562499840334834
2002-12-24,15.759027888423034,16.225666271877884,15.692364444830503,16.10567283630371,1467600,0.0,0.0,0.012149190644296759
2002-12-26,16.13233711811316,16.25232864114433,15.939015428930352,16.0323429107666,1155600,0.0,0.0,-0.004553049492711514
2002-12-27,16.052341308815734,16.19899972635194,15.892351348174843,16.019010543823242,1088250,0.0,0.0,-0.0008315919274909378
2002-12-30,16.06567554393975,16.15900207192377,15.739027927918512,15.93901538848877,1107000,0.0,0.0,-0.004993763823029518
2002-12-31,15.859020280666975,16.1656696250491,15.499042854445912,15.659032821655273,1782750,0.0,0.0,-0.017565863386749814
2003-01-02,15.865686654523973,15.87901915149597,15.405715032182343,15.499042510986328,2786700,0.0,0.0,-0.010217125954783746
2003-01-03,15.499042465936851,15.512374962870098,14.879080881733225,15.112399101257324,2743500,0.0,0.0,-0.024946277130018624
2003-01-06,15.072402067098333,15.979012839641559,15.06573629523746,15.845688819885254,1659750,0.0,0.0,0.04852238970891931
2003-01-07,15.71236303241296,15.859020504424084,15.432380585846268,15.539040565490723,1881900,0.0,0.0,-0.01935215678410329
2003-01-08,15.665699800910073,15.765694008843727,14.612430592486017,14.65909481048584,2557500,0.0,0.0,-0.056628062157137005
2003-01-09,14.965742903882234,15.66569948443094,14.965742903882234,15.519042015075684,2551800,0.0,0.0,0.05866304950662515
2003-01-10,15.392382620589963,16.065675151833634,15.059070194441174,15.685698509216309,1393800,0.0,0.0,0.010738839032636838
2003-01-13,15.685699235554807,15.945682463181884,15.352385840356272,15.465712547302246,1471650,0.0,0.0,-0.014024620056595327
2003-01-14,15.47237831932618,15.779025765582615,15.232392407770908,15.465712547302246,1619850,0.0,0.0,0.0
2003-01-15,15.359050923673962,15.505709345009748,15.212393455953588,15.439045906066895,1009650,0.0,0.0,-0.0017242426531458577
2003-01-16,15.479043178547151,15.512374897547607,15.065735775356968,15.265724182128906,1391400,0.0,0.0,-0.011226193962534992
2003-01-17,15.025738457744717,15.032404229452325,14.385778600274751,14.465773582458496,1791150,0.0,0.0,-0.0524017459064855
2003-01-21,14.472439287919743,14.899079190946813,13.405838576736665,13.739151000976562,4997250,0.0,0.0,-0.05023046830783051
2003-01-22,13.639158154846454,14.692425446668743,13.432503968883731,14.6724271774292,4378200,0.0,0.0,0.06792822761656092
2003-01-23,14.992406943391533,14.999073668805721,14.059132138484681,14.299117088317871,2460600,0.0,0.0,-0.02544296758791187
2003-01-24,14.272450946875344,14.305783619879184,13.74581779090756,13.879142761230469,1499100,0.0,0.0,-0.02937064746679463
2003-01-27,13.819145959877142,14.032465911036919,13.399171829223633,13.399171829223633,1114050,0.0,0.0,-0.034582174148937384
2003-01-28,13.465835225340292,13.71248594128745,13.219183555777734,13.599160194396973,1578600,0.0,0.0,0.014925427311646589
2003-01-29,13.499165946880295,13.965804290675973,13.419170965706533,13.50583267211914,1744800,0.0,0.0,-0.00686274159166711
2003-01-30,13.705820474394445,14.585766243349733,13.632491262975078,13.665822982788086,1462050,0.0,0.0,0.011846016054916975
2003-01-31,13.699153552734304,14.159125176425663,13.479166875243111,14.125794410705566,1398150,0.0,0.0,0.033658523785710326
2003-02-03,14.1924559646816,14.265786128782311,13.799147779036725,13.879142761230469,1166850,0.0,0.0,-0.01746108164282545
2003-02-04,13.8658103051928,14.3057836621746,13.832478585705823,14.265786170959473,1180650,0.0,0.0,0.02785787396099426
2003-02-05,14.299116715141393,14.332447480496207,13.659155912005744,13.799147605895996,853800,0.0,0.0,-0.03271032941832552
2003-02-06,13.865810176001045,13.899140941562058,13.219183597240274,13.399171829223633,1545000,0.0,0.0,-0.028985542302733536
2003-02-07,13.352509382703323,13.425838597203434,12.725881987877516,12.73254680633545,2367450,0.0,0.0,-0.0497512108497834
2003-02-10,12.872537807584404,13.059193719691253,12.385902142610854,12.999197006225586,1629300,0.0,0.0,0.020942408769112575
2003-02-11,13.105857682658252,13.492500117331764,13.025862696174078,13.36584186553955,1555200,0.0,0.0,0.028205192916021637
2003-02-12,13.332509475924045,13.659156131165382,13.092524528503418,13.092524528503418,658350,0.0,0.0,-0.020448942893811495
2003-02-13,13.185852829699982,13.285846079983417,12.632552776039264,12.812541007995605,1044900,0.0,0.0,-0.021384991099177797
2003-02-14,12.852539495968212,13.24584863399952,12.73254606943713,13.19918441772461,805500,0.0,0.0,0.03017695002792342
2003-02-18,13.052527564058323,13.465835943801231,12.999197573590264,13.37917423248291,718950,0.0,0.0,0.01363643457520003
2003-02-19,13.34584265356781,13.352508425163187,12.525892669566732,12.53255844116211,1866750,0.0,0.0,-0.06327862815818086
2003-02-20,12.505894531864861,12.965866153291785,12.199246148503311,12.812541007995605,3183600,0.0,0.0,0.022340415817565074
2003-02-21,12.845874251874886,13.305845893750892,12.71254832287733,13.19251823425293,1751850,0.0,0.0,0.029656664202690308
2003-02-24,13.332509678309313,13.392506392882916,12.705882306087801,12.92586898803711,1221000,0.0,0.0,-0.020212156730130215
2003-02-25,12.879205038159354,13.259181695373929,12.465897613857164,13.239182472229004,1339050,0.0,0.0,0.024239258844559464
2003-02-26,13.192518092485987,13.332509791940574,12.745879906563216,12.865872383117676,1867200,0.0,0.0,-0.028197367163297016
2003-02-27,13.345843049937226,13.819146223804747,13.152520410083365,13.665822982788086,8866050,0.0,0.0,0.06217616465091691
2003-02-28,14.052465113174893,14.279117560958108,13.905807646962225,13.939138412475586,5283750,0.0,0.0,0.01999992463181588
2003-03-03,14.105795475715095,14.28578466583929,13.785815540930237,13.85247802734375,2193900,0.0,0.0,-0.006217054639063968
2003-03-04,13.865810440819875,14.099129618664671,13.645823760177198,13.665822982788086,2298000,0.0,0.0,-0.013474487682797354
2003-03-05,13.532497295170176,13.605826507879305,12.832540702939896,12.959199905395508,2823900,0.0,0.0,-0.05170731966033515
2003-03-06,12.80587689705443,12.959200143585928,12.512560994442195,12.545892715454102,3757200,0.0,0.0,-0.03189295581198093
2003-03-07,12.332571266198967,13.30584546214917,12.199246295141519,12.552557945251465,2576850,0.0,0.0,0.0005312678777456004
2003-03-10,12.439231346534465,12.8658722110832,12.432565574733843,12.785877227783203,1325100,0.0,0.0,0.018587389402970445
2003-03-11,12.912535618439673,13.425838197425032,12.865872354469007,13.112523078918457,2219550,0.0,0.0,0.02554739462267519
2003-03-12,13.23918222505735,13.619158875177874,13.205851458592011,13.605826377868652,1860300,0.0,0.0,0.037620776412077284
2003-03-13,13.619158571070162,14.032465978427114,13.605826074058648,13.832478523254395,2563350,0.0,0.0,0.016658462271311736
2003-03-14,14.07913021768227,14.21245518801434,13.572494376804997,13.585827827453613,2438250,0.0,0.0,-0.01783127263751938
2003-03-17,13.259181151367327,14.365779356905735,13.125856181256122,14.125794410705566,1957650,0.0,0.0,0.039744842206877795
2003-03-18,14.319115096911647,14.35911258782309,13.965804404001618,14.32578182220459,1126350,0.0,0.0,0.014157604569655868
2003-03-19,14.3257826423543,14.359113409880981,13.865810993731689,13.999135971069336,1743300,0.0,0.0,-0.02280125826214674
2003-03-20,13.925806934162214,13.93247270584984,13.69915353170568,13.785815238952637,1535550,0.0,0.0,-0.015238135593335755
2003-03-21,13.932472561366463,14.699091607186771,13.892475070809283,14.632429122924805,2138700,0.0,0.0,0.06141195636947239
2003-03-24,14.45910756820356,14.992407475655085,14.29245087031723,14.539102554321289,2963250,0.0,0.0,-0.006378063944099344
2003-03-25,14.532435775629374,14.8324174492837,14.465774241056693,14.739089965820312,947700,0.0,0.0,0.013755141402423288
2003-03-26,14.72575801046485,14.872414526766747,14.572432861491782,14.732422828674316,913350,0.0,0.0,-0.00045234388021631045
2003-03-27,14.759088947945045,14.992407175983747,14.61243052271186,14.812417984008789,898200,0.0,0.0,0.005429870990314889
2003-03-28,14.819084338191875,15.219060204378634,14.719091086856745,15.192394256591797,1532250,0.0,0.0,0.02565254862462174
2003-03-31,14.672427257853993,15.07240218099157,14.672427257853993,14.859082221984863,1301850,0.0,0.0,-0.021939401319993612
2003-04-01,14.952409634184113,15.13239882556273,14.832417157803512,15.012406349182129,1098150,0.0,0.0,0.010318546253846872
2003-04-02,15.11239993922098,15.179063381199015,14.799086720724581,14.832417488098145,1871850,0.0,0.0,-0.011989341142087495
2003-04-03,15.152397018840812,15.152397018840812,14.405777169549692,14.532435417175293,1217100,0.0,0.0,-0.02022475912396371
2003-04-04,14.545768520999841,14.612430052337547,14.265786084196778,14.372445106506348,1161600,0.0,0.0,-0.011009187797928144
2003-04-07,14.759088339488256,14.952409067297749,14.299116720660344,14.385778427124023,1450050,0.0,0.0,0.000927700229075068
2003-04-08,14.365779876708984,14.38577909975701,13.965804951902903,14.365779876708984,1021650,0.0,0.0,-0.0013901611592551655
2003-04-09,14.432442150366166,14.51243713414229,14.132460484397985,14.192456245422363,905850,0.0,0.0,-0.012065034601262958
2003-04-10,14.285785098281815,14.65242830784701,14.17912511679151,14.539102554321289,781500,0.0,0.0,0.024424687517407895
2003-04-11,14.57909979586673,14.712424770429536,14.079130664448487,14.272451400756836,874650,0.0,0.0,-0.018340275994903066
2003-04-14,14.272451380737767,14.359113090889757,14.032466426861328,14.225789070129395,1424550,0.0,0.0,-0.0032693984598165526
2003-04-15,14.232454045244266,14.79908662300797,14.172458282921816,14.599099159240723,1069350,0.0,0.0,0.026241784358745024
2003-04-16,14.745756237891124,15.045737902318496,14.59909876838818,14.6390962600708,1529400,0.0,0.0,0.0027396964972843385
2003-04-17,14.79908625696834,15.532373605977831,14.299117133108705,15.319053649902344,2714850,0.0,0.0,0.046448044179214554
2003-04-21,15.34571991910836,15.659033134342026,14.999074029617335,15.432380676269531,1614300,0.0,0.0,0.007397782458181457
2003-04-22,15.419047384159303,16.12567067064577,15.412380658928292,16.05234146118164,2326500,0.0,0.0,0.040172724994104625
2003-04-23,16.125671346218287,16.125671346218287,15.832355449688922,16.0323429107666,1419000,0.0,0.0,-0.0012458338531734503
2003-04-24,15.925683435003778,15.932349206710242,15.31238666446942,15.345719337463379,1732050,0.0,0.0,-0.042827400656588854
2003-04-25,15.339052830847809,15.559039511759687,15.152396916174306,15.225727081298828,720900,0.0,0.0,-0.00781926565486013
2003-04-28,15.22572749926932,15.572371482849121,14.32578248189694,15.572371482849121,2677350,0.0,0.0,0.02276701793611302
2003-04-29,15.525708305329212,15.53237407735115,14.865749194384655,15.125733375549316,2932950,0.0,0.0,-0.028681444428147462
2003-04-30,15.099068190233206,15.292388927053132,14.965743215317586,14.99907398223877,1026750,0.0,0.0,-0.00837376874005269
2003-05-01,14.999073748642804,14.999073748642804,14.439107909102685,14.77908706665039,1383600,0.0,0.0,-0.014666699814193662
2003-05-02,14.765755635954237,15.39904878497809,14.665761428752061,15.352385520935059,1448700,0.0,0.0,0.03879119540328979
2003-05-05,15.679031488188128,16.232330581967922,15.49904230465457,16.205665588378906,2285850,0.0,0.0,0.05557964045915109
2003-05-06,16.252328753347747,16.565644828571116,15.885686502597249,15.972347259521484,2074200,0.0,0.0,-0.014397330833775479
2003-05-07,16.179000639118474,16.565644000833966,15.905683977274501,16.298992156982422,2481900,0.0,0.0,0.020450650875137866
2003-05-08,16.11900635976197,16.532312845846455,16.0523429158723,16.292327880859375,1752450,0.0,0.0,-0.00040887657708288394
2003-05-09,16.405654712517425,16.532312007190047,15.479043760672916,15.645700454711914,3014250,0.0,0.0,-0.03968907518164633
2003-05-12,15.25239086153523,15.839021682739258,15.105733394638076,15.839021682739258,1950900,0.0,0.0,0.012356188755302533
2003-05-13,15.699030361707873,15.865687054870882,15.412381192769052,15.45904541015625,1516950,0.0,0.0,-0.023989882720918954
2003-05-14,15.572371579456961,15.865687481749601,15.465712551735256,15.805691719055176,1093050,0.0,0.0,0.022423526142900663
2003-05-15,15.732360402071613,16.565643829427916,15.732360402071613,16.512311935424805,2022600,0.0,0.0,0.0447066935715148
2003-05-16,16.485650230243863,16.73896673501699,16.225666046142578,16.225666046142578,1535100,0.0,0.0,-0.017359524844444585
2003-05-19,16.065675285140866,16.199000256706665,15.645700194285473,15.672365188598633,982050,0.0,0.0,-0.0341003479284282
2003-05-20,15.59903675857645,15.765693447998789,15.325720093080744,15.59237003326416,1395300,0.0,0.0,-0.005104217160066371
2003-05-21,15.485710336614362,15.712362789859975,14.792419526012356,15.6123685836792,2886900,0.0,0.0,0.001282585673144876
2003-05-22,15.572371508380222,16.232331570314827,15.432380760321886,15.959014892578125,2248500,0.0,0.0,0.02220331316423718
2003-05-23,16.019011633577367,16.365656571881143,15.745694955414745,16.345657348632812,978000,0.0,0.0,0.02422721318685528
2003-05-27,16.31232684264313,16.725635229317547,15.865687688174917,16.658971786499023,1370850,0.0,0.0,0.019168053702802945
2003-05-28,16.732299499496,17.618911956735246,16.698968734694063,17.498918533325195,4718100,0.0,0.0,0.0504200833995585
2003-05-29,17.198939536764954,17.198939536764954,16.23233200405704,16.352323532104492,8366100,0.0,0.0,-0.06552376359928247
2003-05-30,16.358991134519663,16.965620265768372,16.192333480348935,16.845626831054688,3551700,0.0,0.0,0.03016716847496892
2003-06-02,16.99228499390946,17.12560997080737,16.252328988087402,16.532312393188477,1803900,0.0,0.0,-0.018599155793278088
2003-06-03,16.39898623526038,16.965618776691677,16.39898623526038,16.605640411376953,1993350,0.0,0.0,0.004435436280449734
2003-06-04,16.75896540252897,17.118943785069458,16.55231121652353,16.865625381469727,2854500,0.0,0.0,0.015656425386319395
2003-06-05,16.638972167931072,17.432256247423084,16.612307172882858,17.33226203918457,2674500,0.0,0.0,0.027667913116790732
2003-06-06,17.732238099768647,18.745509774696103,17.505584698115833,18.3388671875,5853600,0.0,0.0,0.058076963413068006
2003-06-09,18.17887764363238,18.1988768663166,17.618912759090115,17.75890350341797,1618200,0.0,0.0,-0.031624836918898724
2003-06-10,17.812233038849435,18.445527118953677,17.805567267201383,18.245540618896484,2124900,0.0,0.0,0.027402430301220804
2003-06-11,18.378863311740663,18.43886097706081,18.132212600638145,18.332199096679688,1900950,0.0,0.0,0.004749570297382766
2003-06-12,18.338867841270538,19.052156929977272,18.138879426375006,18.905500411987305,2340750,0.0,0.0,0.03127291561062373
2003-06-13,19.032158346565247,19.665454379271,18.972162582972942,19.132152557373047,2440650,0.0,0.0,0.011988687971572043
2003-06-16,19.272143233140074,19.605456632124856,19.205481697681677,19.285476684570312,2029200,0.0,0.0,0.008013950690466176
2003-06-17,19.358804440582684,20.932039064175267,19.345470990157185,20.805381774902344,6337650,0.0,0.0,0.0788108645272978
2003-06-18,20.88537706160275,20.932039370698345,19.665453108806062,19.69878387451172,3151050,0.0,0.0,-0.053188060299163564
2003-06-19,19.705450238033297,19.93210174031591,19.325474538776636,19.492130279541016,1574250,0.0,0.0,-0.010490677814791072
2003-06-20,19.61878845330709,19.665452668588905,19.178815108364265,19.352136611938477,1299150,0.0,0.0,-0.007182060944332824
2003-06-23,19.385470164222458,19.385470164222458,18.625516863812607,18.872167587280273,1399350,0.0,0.0,-0.024801862155215848
2003-06-24,18.732176718044844,19.252143156155203,18.42552832828345,18.59218406677246,1795800,0.0,0.0,-0.014835790282856531
2003-06-25,18.538855554227368,18.97882699876946,18.438861350565695,18.832168579101562,1513350,0.0,0.0,0.012907817148712253
2003-06-26,18.86550220073711,19.61878974468358,18.812172210399176,19.465465545654297,2230350,0.0,0.0,0.03362846736915448
2003-06-27,19.172148095483884,19.632120678270727,19.078821568909564,19.332138061523438,1589550,0.0,0.0,-0.0068494372157785754
2003-06-30,19.40546981010422,19.505462111702624,18.672179581099634,18.878833770751953,1481250,0.0,0.0,-0.023448223333025542
2003-07-01,18.798837859179528,19.565458817622915,18.725510556398685,19.512126922607422,1600200,0.0,0.0,0.033545141587961735
2003-07-02,19.625454881516042,19.845440607732737,19.478796459217683,19.57879066467285,1042350,0.0,0.0,0.0034165287223604235
2003-07-03,19.525461534696838,19.8521072525018,19.47213154373966,19.68545150756836,393000,0.0,0.0,0.005447774825437124
2003-07-07,19.852107213833765,19.852107213833765,19.365471524105153,19.59212303161621,1140750,0.0,0.0,-0.004740987318287648
2003-07-08,19.398800969696268,20.305412659654376,19.35880443289722,20.21875,1149750,0.0,0.0,0.03198361746568201
2003-07-09,20.178753614804105,20.465402775068892,19.89877022618411,20.2520809173584,705450,0.0,0.0,0.0016485152325638186
2003-07-10,20.045429036298493,20.16542246439655,19.472130704599376,19.91876983642578,1222800,0.0,0.0,-0.016458115207654056
2003-07-11,19.918770503374446,19.93210204737015,19.35880560370594,19.558792114257812,1050750,0.0,0.0,-0.018072286849244668
2003-07-14,19.82544409069126,20.16542325858947,19.685451434524936,19.838775634765625,720450,0.0,0.0,0.014314969905718788
2003-07-15,19.892105552846832,20.35207624465744,19.885439780834,19.99209976196289,1322700,0.0,0.0,0.007728507546029162
2003-07-16,20.198754029864837,20.39874054163493,20.012097154940747,20.178754806518555,871800,0.0,0.0,0.009336440232796228
2003-07-17,19.9387689347168,19.94543470644992,19.025491454200967,19.052156448364258,1329000,0.0,0.0,-0.05583091568119758
2003-07-18,19.33213734666493,19.418800005488226,18.405530258039473,18.425527572631836,2015250,0.0,0.0,-0.03289018108951236
2003-07-21,17.672241282887253,17.965558136976775,16.938954869356127,17.518918991088867,4650000,0.0,0.0,-0.049203941540843066
2003-07-22,17.598914239471195,18.158879146383697,17.11227663994547,17.49225425720215,2390100,0.0,0.0,-0.0015220536096024473
2003-07-23,17.498918945125773,17.772234655948967,17.17893901814326,17.505584716796875,1294050,0.0,0.0,0.0007620778545016638
2003-07-24,17.598913107954406,18.445527139589913,17.572248114101562,17.99888801574707,1755600,0.0,0.0,0.0281797670246835
2003-07-25,17.892227753737917,17.932224290261114,17.432255186721093,17.68557357788086,1086150,0.0,0.0,-0.017407433036535136
2003-07-28,17.83223178379874,17.998889438980306,17.605580271742863,17.80556869506836,656400,0.0,0.0,0.0067849152112078315
2003-07-29,17.85889718701213,18.018887149342497,17.572248027695856,17.812232971191406,765450,0.0,0.0,0.0003742804421007495
2003-07-30,17.91889303418854,18.032218781255427,17.73223807721863,17.99888801574707,816750,0.0,0.0,0.010479036786547269
2003-07-31,18.138878356708624,18.138878356708624,17.732237686226785,17.74557113647461,783600,0.0,0.0,-0.014074029409529953
2003-08-01,17.765570098953372,17.85223085829531,17.398925930743182,17.4322566986084,933150,0.0,0.0,-0.01765592301631913
2003-08-04,17.438924077717306,17.52558483556719,16.66563921461863,17.3655948638916,1560600,0.0,0.0,-0.003824050773765797
2003-08-05,17.392260006935157,17.445589997946776,17.012282390554173,17.05894660949707,705750,0.0,0.0,-0.01765837892672173
2003-08-06,17.11227659820973,17.118944277508476,16.69897012154066,16.71896743774414,846900,0.0,0.0,-0.019929669723197097
2003-08-07,16.818960250952657,16.832291793981188,16.23233039862039,16.665637969970703,982650,0.0,0.0,-0.0031897584567958104
2003-08-08,16.745633928252893,17.032281192422303,16.598975502985443,16.71230125427246,787050,0.0,0.0,0.002799969877291142
2003-08-11,16.718966378007543,17.08561051973106,16.652304847092797,17.07227897644043,720750,0.0,0.0,0.02153968604867873
2003-08-12,17.098944424009666,17.23893516843023,16.94562022871384,17.172271728515625,945450,0.0,0.0,0.005857024256292087
2003-08-13,17.232269588400484,17.458921090724868,17.158940375847532,17.298931121826172,786000,0.0,0.0,0.0073758088220921
2003-08-14,17.365593690146362,17.518917879446636,17.018948774945745,17.192270278930664,567900,0.0,0.0,-0.0061657475912446635
2003-08-15,17.19893828302921,17.792233922305897,17.11894330108525,17.598913192749023,567900,0.0,0.0,0.023652659434787004
2003-08-18,17.698907633757337,17.832230698216687,17.48558767905304,17.818899154663086,615000,0.0,0.0,0.012499974260041125
2003-08-19,17.752234985861946,18.01221914678421,17.385592759200353,17.99222183227539,801900,0.0,0.0,0.00972690153908573
2003-08-20,17.91889411388804,18.112214854161962,17.665577610637886,17.985557556152344,1216950,0.0,0.0,-0.0003703976187694469
2003-08-21,18.032219357171893,18.465526951542774,17.885562839912705,18.378864288330078,1240350,0.0,0.0,0.02186791991017234
2003-08-22,18.63218291620181,18.89883286646036,18.245541441942358,18.258872985839844,1527600,0.0,0.0,-0.006528765902386269
2003-08-25,18.272204489876184,18.445527910781575,18.01888799129862,18.165546417236328,415950,0.0,0.0,-0.0051112995131678
2003-08-26,18.152213488653427,18.62551763976174,18.152213488653427,18.452194213867188,1048200,0.0,0.0,0.01577975085620742
2003-08-27,18.46552682668605,18.638848337477782,18.06555190882339,18.0988826751709,800700,0.0,0.0,-0.01914739974017665
2003-08-28,18.245541502903382,19.538794719593735,18.1388796152127,19.37213706970215,2189400,0.0,0.0,0.07034988940383458
2003-08-29,19.33213896118878,20.132090735844965,19.33213896118878,19.872106552124023,1789650,0.0,0.0,0.0258086901111092
2003-09-02,19.985433648235123,20.112090943236886,19.19881534724387,19.832107543945312,2563800,0.0,0.0,-0.002012821744579285
2003-09-03,21.738657661897676,24.27850177159776,21.665330356120037,24.251834869384766,16805100,0.0,0.0,0.22285716813737144
2003-09-04,24.33849727187723,24.385161489402034,23.53187975191582,24.278501510620117,4200600,0.0,0.0,0.0010995721098618905
2003-09-05,23.89185798532095,25.23177539085812,23.851859539911075,24.24517059326172,3711600,0.0,0.0,-0.0013728572722586652
2003-09-08,24.451823341789055,25.571755040852846,24.391827579748586,25.025121688842773,2846250,0.0,0.0,0.032169338325786834
2003-09-09,24.911795796734342,25.385099932907167,24.605147401840107,25.331768035888672,2400450,0.0,0.0,0.012253540696371967
2003-09-10,25.005121311603837,25.09844974356431,23.998517318359983,24.018516540527344,1868700,0.0,0.0,-0.05184207803816876
2003-09-11,24.05851446435904,24.631812817996117,24.011850245689086,24.071847915649414,1641450,0.0,0.0,0.0022204275202459822
2003-09-12,23.59854258173379,23.831859848859757,23.20523344334335,23.80519676208496,1984350,0.0,0.0,-0.011077303017983042
2003-09-15,23.778532373428163,24.071847314957015,22.998579848485125,23.011911392211914,1409100,0.0,0.0,-0.033324041712460395
2003-09-16,22.91858496732395,23.905191682308462,22.905253423537314,23.878524780273438,1584900,0.0,0.0,0.03765933969113133
2003-09-17,23.85852700424847,24.5651503065398,23.851859325252928,24.365161895751953,1527300,0.0,0.0,0.020379697655381834
2003-09-18,24.27183309534079,24.598480700876102,23.791863205379986,24.45182228088379,1053600,0.0,0.0,0.0035567334008539397
2003-09-19,24.485154776017588,24.605146294021807,23.878523785457705,24.07851219177246,759300,0.0,0.0,-0.015267168427081979
2003-09-22,23.691869996955894,23.978519170089847,23.358558512982693,23.665206909179688,981450,0.0,0.0,-0.01716490119078029
2003-09-23,23.69853780084854,24.631812631008263,23.69853780084854,24.285167694091797,1143900,0.0,0.0,0.02619714195998135
2003-09-24,24.385160520009258,24.598480469092905,23.345223860995688,23.3985538482666,1122150,0.0,0.0,-0.03650845063099539
2003-09-25,23.431885366040156,23.505214577700393,22.578605542301688,22.638601303100586,1867800,0.0,0.0,-0.03247861171652344
2003-09-26,22.49861118310951,22.831922669890535,22.13863279386587,22.1852970123291,903900,0.0,0.0,-0.020023511377860626
2003-09-29,22.311955546489695,23.205233813543753,22.018640607748647,23.13190460205078,1363050,0.0,0.0,0.04266824055569862
2003-09-30,23.10524027349157,23.20523448229729,22.4786119326887,22.771926879882812,872850,0.0,0.0,-0.015561957753191469
2003-10-01,22.965249650917563,23.87185949265045,22.838590446220685,23.731868743896484,1770900,0.0,0.0,0.04215461735307535
2003-10-02,23.72520216450187,24.211837836181783,23.611874507718603,24.058513641357422,1024950,0.0,0.0,0.013763977080184508
2003-10-03,24.331828819974252,26.251710284302085,24.331828819974252,26.11838722229004,3613200,0.0,0.0,0.08561932011425766
2003-10-06,26.38503878481167,26.438368775791346,25.458427807501167,26.051725387573242,1651800,0.0,0.0,-0.002552295214457434
2003-10-07,25.86507027022333,26.23171443290533,25.591752637602962,26.018394470214844,1089600,0.0,0.0,-0.0012794130470259457
2003-10-08,26.278378805291574,26.798345263776213,26.07172461341842,26.391704559326172,1549500,0.0,0.0,0.014347929482685151
2003-10-09,26.665020330072526,26.99833179681765,25.985062038921672,26.238378524780273,1116450,0.0,0.0,-0.005809629847940867
2003-10-10,26.365038769569974,26.465032976461487,25.845070419518798,26.1317195892334,597900,0.0,0.0,-0.0040649972118568245
2003-10-13,26.311708683661873,27.018331993943736,26.105054498772464,26.531694412231445,826950,0.0,0.0,0.015306104201533
2003-10-14,26.525027947831507,26.85834132513406,26.13838458273901,26.798343658447266,1422450,0.0,0.0,0.01005021549218843
2003-10-15,26.985000930587812,27.778284987754557,26.938336713758982,27.39164161682129,1106850,0.0,0.0,0.02213935181725324
2003-10-16,27.218318444769437,27.324980330149533,26.65168778765928,27.02499771118164,1118100,0.0,0.0,-0.013385247615626317
2003-10-17,26.85834216684559,27.224986321199385,26.171716168493433,26.225048065185547,820500,0.0,0.0,-0.02960035943555739
2003-10-20,26.26504388735521,26.49836306169271,25.88506819961438,26.151718139648438,951450,0.0,0.0,-0.002796178880390965
2003-10-21,26.05172469741127,26.738348789892278,25.911733951605985,26.658353805541992,772350,0.0,0.0,0.019372939980010218
2003-10-22,26.205049547066867,26.305043756803588,25.465095446584616,25.618419647216797,2695350,0.0,0.0,-0.03900969151774869
2003-10-23,24.47848770385887,25.198444458651146,23.3985544789013,24.7984676361084,3720600,0.0,0.0,-0.03200634630862087
2003-10-24,24.665145650287744,24.871797935146947,24.405161467157,24.785137176513672,805200,0.0,0.0,-0.0005375517467586244
2003-10-27,24.76513770289479,25.831737512932637,24.731806935638833,25.49176025390625,1278300,0.0,0.0,0.028509952249212267
2003-10-28,25.598419189453125,25.74507761095915,24.99179009546152,25.598419189453125,1094400,0.0,0.0,0.004184055337274284
2003-10-29,25.565087894756306,26.565026108760815,25.358433717468195,26.485031127929688,1453950,0.0,0.0,0.03463541759804678
2003-10-30,26.998332924701252,27.43163861246403,26.485032252710077,26.565027236938477,1767000,0.0,0.0,0.0030204272225464734
2003-10-31,26.585024511661114,26.818343692109273,26.231713808670442,26.471698760986328,1077000,0.0,0.0,-0.0035132083667648306
2003-11-03,25.52509080770216,26.091721475238447,25.098450887254906,25.951730728149414,4369650,0.0,0.0,-0.019642412734132364
2003-11-04,26.05839044631586,26.731682994426748,25.478426333480098,25.978395462036133,3006750,0.0,0.0,0.0010274742045546237
2003-11-05,25.93173061636995,26.411702417654986,25.691745669342843,26.091720581054688,1294500,0.0,0.0,0.004362283235858966
2003-11-06,26.291710204284527,26.97833431122895,26.091721785580717,26.698352813720703,1019250,0.0,0.0,0.023249989619561262
2003-11-07,26.798345072046363,26.93833772780261,26.238380170714088,26.265045166015625,895200,0.0,0.0,-0.016229752102249306
2003-11-10,26.35837313882293,26.51836310781356,25.698414039928867,25.8250732421875,915150,0.0,0.0,-0.016751234237259438
2003-11-11,25.765075120693144,26.16505194337288,25.431761737536974,25.725078582763672,696450,0.0,0.0,-0.0038719990640908586
2003-11-12,25.771740378192973,26.971667007825594,25.711744618880584,26.95166778564453,1275000,0.0,0.0,0.04768067856176339
2003-11-13,26.891672067537595,27.271647753406032,25.905067294273238,26.458364486694336,1454100,0.0,0.0,-0.018303256884642516
2003-11-14,26.2717108881887,26.53169506869315,25.451761807414382,25.49176025390625,1173750,0.0,0.0,-0.03653303034940736
2003-11-17,24.751803920273844,24.87179735091207,23.465218393448374,24.065181732177734,3403950,0.0,0.0,-0.055962338713346105
2003-11-18,24.025183794224773,24.358497191062398,21.49200731850539,22.31195640563965,8698050,0.0,0.0,-0.07285319288463277
2003-11-19,22.458611303714218,22.538608191536213,21.03203319622218,21.7919864654541,5278800,0.0,0.0,-0.02330454267354687
2003-11-20,21.651996345255903,22.611936139795066,21.545336368084886,22.265291213989258,3096000,0.0,0.0,0.02171921083401296
2003-11-21,22.231960323329204,22.231960323329204,21.20535709519646,21.398677825927734,2965350,0.0,0.0,-0.038922167230268756
2003-11-24,20.485402311817772,22.03197197654541,20.045428953581563,21.83198356628418,5248800,0.0,0.0,0.020249182864533255
2003-11-25,22.32528853322616,22.71192999082286,21.98530938449058,22.105300903320312,2537850,0.0,0.0,0.01251912526437704
2003-11-26,22.418616077834848,22.625270266586107,21.385347041309455,21.905315399169922,2814150,0.0,0.0,-0.009046947835048558
2003-11-28,21.94531227647105,22.29195721797786,21.838652294468957,22.065305709838867,561300,0.0,0.0,0.007303720935011526
2003-12-01,22.231959848839207,22.845254701045906,22.031971443417284,22.718595504760742,2938200,0.0,0.0,0.02960710372712283
2003-12-02,22.638600428019796,22.638600428019796,21.038700820353274,21.112028121948242,5095650,0.0,0.0,-0.07071596404257652
2003-12-03,21.23202148422401,21.765321351891032,20.33874325226637,21.265352249145508,4355100,0.0,0.0,0.007262406354881179
2003-12-04,21.338681647306608,21.492005837430533,20.225417686855007,20.805381774902344,2619000,0.0,0.0,-0.021630042561916474
2003-12-05,20.5720630824394,20.758718042122627,20.06542819187064,20.072093963623047,3792300,0.0,0.0,-0.035245102407294726
2003-12-08,19.29880735326539,19.912104132153218,18.91216588779271,19.765445709228516,3771600,0.0,0.0,-0.015277342510964464
2003-12-09,19.95210134488647,20.158755535436573,19.14548571321588,19.40546989440918,2424300,0.0,0.0,-0.01821238033864636
2003-12-10,19.498795601671787,19.712115555243575,18.35886662296484,18.805505752563477,3620400,0.0,0.0,-0.030917269466304242
2003-12-11,19.125486641260796,20.45873641789093,18.905500904924555,20.118759155273438,3711000,0.0,0.0,0.06983345303175081
2003-12-12,20.092090803546576,20.338743424858716,19.818775095855592,20.21875,1769400,0.0,0.0,0.004970030405694992
2003-12-15,20.91204231381798,20.965372302497833,19.21214654060919,19.332138061523438,2236500,0.0,0.0,-0.043850976864374
2003-12-16,19.158817147595737,19.90543891955769,18.905500647106006,19.465465545654297,2157300,0.0,0.0,0.0068966755620383235
2003-12-17,20.23208401382654,20.558729717832936,19.55879147601107,20.25874900817871,3327900,0.0,0.0,0.040753377342239716
2003-12-18,18.585518143644432,19.592122152648557,18.278871663610605,18.558853149414062,15462600,0.0,0.0,-0.0839092215456334
2003-12-19,19.172148299996675,19.365470941446468,18.28553770554423,18.872167587280273,6542700,0.0,0.0,0.016882209010641525
2003-12-22,18.70551213774417,18.83216943375078,18.30553721217644,18.598852157592773,1993650,0.0,0.0,-0.014482460926836693
2003-12-23,18.47219336360192,19.078822490960405,18.398864148815527,18.945497512817383,1723050,0.0,0.0,0.018637997242378024
2003-12-24,18.978827303936438,19.178815714475473,18.88550077765417,18.898832321166992,480450,0.0,0.0,-0.0024631283300330375
2003-12-26,18.932163650160184,19.118820522736954,18.892167111201513,18.938831329345703,427950,0.0,0.0,0.0021164803993689585
2003-12-29,18.56552075917914,19.318806366570964,18.53218808609233,19.29880714416504,1818000,0.0,0.0,0.019007287649346782
2003-12-30,19.085488375030515,19.425467548097547,19.072156830753464,19.225481033325195,1297500,0.0,0.0,-0.0037995151872386446
2003-12-31,19.192147536243176,19.505461700107098,18.99882680188855,19.212146759033203,1205700,0.0,0.0,-0.0006935729862300732
2004-01-02,19.278809204198264,19.63878565968458,19.13215078761553,19.412134170532227,983400,0.0,0.0,0.010409425558077778
2004-01-05,19.525461570423825,19.658786548060714,19.072156646458403,19.438800811767578,2207250,0.0,0.0,0.001373709917780852
2004-01-06,19.432133176145275,21.465342427332523,19.432133176145275,21.232023239135742,4654650,0.0,0.0,0.09224964259537094
2004-01-07,21.205357937493435,21.298684467086616,20.398740402195656,20.825382232666016,3043500,0.0,0.0,-0.019152249500188456
2004-01-08,20.9320407184136,21.905315923314532,20.885378406313638,21.512004852294922,3517500,0.0,0.0,0.03297046901506051
2004-01-09,21.432008483807028,21.465341156741324,20.825381300526594,20.87204360961914,1973850,0.0,0.0,-0.029749028371361175
2004-01-12,20.87870995580502,21.46534174737423,20.86537841204913,21.25201988220215,1525800,0.0,0.0,0.018205034432176692
2004-01-13,21.2586879618819,21.325351403610085,20.412073886042503,20.5787296295166,1847250,0.0,0.0,-0.031681235779823624
2004-01-14,21.232022066681544,21.85198270304413,21.04536710787759,21.64533042907715,2923800,0.0,0.0,0.05183025477095993
2004-01-15,21.55200269650771,21.731991889440376,21.185358538704733,21.378679275512695,1969050,0.0,0.0,-0.012319107552465347
2004-01-16,21.538670387514923,22.058636817567457,21.532002708583246,21.79865264892578,1499100,0.0,0.0,0.01964449571466864
2004-01-20,21.61866520228874,22.68526495540337,21.565335214633006,22.598604202270508,3499500,0.0,0.0,0.036697293462499836
2004-01-21,22.66526772775401,23.058574957806808,22.065304410700787,22.785259246826172,2087250,0.0,0.0,0.008259582887730321
2004-01-22,22.858589491373014,23.165237889066866,21.91864698236168,21.998641967773438,1356000,0.0,0.0,-0.03452307786062625
2004-01-23,21.851982320779182,22.56527328491211,21.838650777570383,22.56527328491211,1128150,0.0,0.0,0.025757558942445247
2004-01-26,22.525274904231814,22.931915581706747,22.018640023486242,22.411949157714844,1357350,0.0,0.0,-0.006794694008859348
2004-01-27,22.22529455160108,22.285290311615817,21.398677825927734,21.398677825927734,1656000,0.0,0.0,-0.04521120963895775
2004-01-28,20.73205361533448,21.59866690548475,20.692055169263583,21.0387020111084,1372800,0.0,0.0,-0.016822339106539186
2004-01-29,21.198691817286296,21.198691817286296,20.332076626595,20.66539192199707,1563600,0.0,0.0,-0.017743969609637533
2004-01-30,20.278748221437045,20.66539159298138,18.865501614190162,19.332138061523438,6330600,0.0,0.0,-0.06451626301141977
2004-02-02,17.932224487358017,20.212084311162023,17.932224487358017,19.818775177001953,8423100,0.0,0.0,0.025172441554566882
2004-02-03,19.792110177376017,20.16542199655866,19.185481093646562,19.232145309448242,2962050,0.0,0.0,-0.029599703428416002
2004-02-04,19.132152369358955,19.598790743722347,18.83883741917454,19.0054931640625,2222850,0.0,0.0,-0.01178506826663761
2004-02-05,19.112153333122382,19.865440892987404,19.06549102101379,19.472131729125977,1599000,0.0,0.0,0.024552825913817466
2004-02-06,19.485465106712212,20.065429238501395,19.39213666838709,19.965435028076172,1018500,0.0,0.0,0.025333810689680325
2004-02-09,20.058760296350236,20.418738668325858,19.872105338681976,20.19208526611328,1844700,0.0,0.0,0.011352131206677107
2004-02-10,20.018763821464027,21.21202278137207,20.018763821464027,21.21202278137207,2235300,0.0,0.0,0.05051174763858923
2004-02-11,21.345347971093798,21.611997914193985,20.758718096273387,21.092029571533203,1388400,0.0,0.0,-0.005656848999061159
2004-02-12,21.072032768776054,21.152027753651893,20.345410225730685,20.69872283935547,1861650,0.0,0.0,-0.018647173371526105
2004-02-13,21.33201565491151,21.78532248952274,20.91204340261473,21.172025680541992,1991100,0.0,0.0,0.02286628237209931
2004-02-17,21.358681563648542,22.30528982155345,21.358681563648542,21.711992263793945,2530350,0.0,0.0,0.025503775188984612
2004-02-18,21.8119856874096,22.098634844669146,21.378678112117438,21.7919864654541,1067400,0.0,0.0,0.0036843326346220895
2004-02-19,21.831984303517523,21.865316977840543,21.318683624267578,21.318683624267578,1300650,0.0,0.0,-0.021719123308782784
2004-02-20,21.338682997587664,21.645331397239776,21.15869380245407,21.352014541625977,1293000,0.0,0.0,0.0015634603874161712
2004-02-23,21.392012034271044,21.465341244904533,20.99870289421596,21.058698654174805,1568850,0.0,0.0,-0.013737152851753143
2004-02-24,21.05869876319914,21.412011367521092,20.778717277121142,20.998703002929688,1373700,0.0,0.0,-0.00284897239997417
2004-02-25,20.98537102863729,21.39867747751367,20.97203757816732,21.23868751525879,1137750,0.0,0.0,0.0114285397672238
2004-02-26,21.352013760290784,21.58533293750159,21.118696490310818,21.432008743286133,925050,0.0,0.0,0.009102315191955812
2004-02-27,21.27868577874493,21.418676517721487,20.86537742614746,20.86537742614746,1672500,0.0,0.0,-0.026438553843730395
2004-03-01,20.97203905766185,22.191963082723838,20.86537907530082,21.9119815826416,2108250,0.0,0.0,0.050159847824395865
2004-03-02,22.098636327045018,22.18529708502434,21.811987150557055,22.031972885131836,1538400,0.0,0.0,0.005476058933222561
2004-03-03,22.06530483452763,22.778593912678815,21.865316422591608,22.54527473449707,2412000,0.0,0.0,0.023298042896178206
2004-03-04,21.312018122357692,22.45194715498523,21.225357363927657,22.31195640563965,3815100,0.0,0.0,-0.010348879381825271
2004-03-05,22.19863054534377,22.99858040524245,22.031972894108364,22.711931228637695,2170500,0.0,0.0,0.017926479226041625
2004-03-08,22.711930836656514,22.898585800744762,22.105301726561994,22.118635177612305,1031400,0.0,0.0,-0.02612265971804717
2004-03-09,22.16529885487345,22.225294615059486,21.665329736451202,21.83198356628418,868950,0.0,0.0,-0.01295973323065902
2004-03-10,21.905315114243418,22.17863083354788,21.178692577083005,21.25201988220215,1198800,0.0,0.0,-0.02656486444858297
2004-03-11,21.058698089835172,21.631996401634126,21.005368103027397,21.018701553344727,1003800,0.0,0.0,-0.010978642507897263
2004-03-12,21.052032962173207,21.92531199966764,21.052032962173207,21.83198356628418,1090950,0.0,0.0,0.03869325661603651
2004-03-15,21.79198665672204,22.205295013686307,21.318682540595482,21.332014083862305,1477500,0.0,0.0,-0.02290078136528073
2004-03-16,22.49861034233807,23.231898637422827,22.24529385071862,22.758594512939453,4439250,0.0,0.0,0.06687509315664464
2004-03-17,22.811925175646397,22.951915922711358,22.451946789215487,22.738595962524414,1472400,0.0,0.0,-0.0008787251956032804
2004-03-18,22.631935011453166,22.938583394681206,22.331952399887264,22.691930770874023,922650,0.0,0.0,-0.002052245957811061
2004-03-19,22.798591503718608,23.258564093840107,22.498610789418706,22.85858917236328,1596150,0.0,0.0,0.007344390531244249
2004-03-22,22.83192278875868,22.93191699820594,22.33195364875329,22.465280532836914,1125450,0.0,0.0,-0.017206164237025146
2004-03-23,22.665267442950476,22.811923954110373,22.311954847386918,22.47194480895996,1419900,0.0,0.0,0.00029664780340965535
2004-03-24,22.651935115977906,22.67193243174323,22.0386402328644,22.21196174621582,1249800,0.0,0.0,-0.011569228429240352
2004-03-25,22.29862203093382,23.298560272809432,22.231960498665227,23.285228729248047,1605900,0.0,0.0,0.04831932430349495
2004-03-26,23.438553330452184,24.758471527483145,23.43188565132491,24.218503952026367,3263700,0.0,0.0,0.04008013980150671
2004-03-29,24.49182189007072,24.658477632980503,24.278501928832316,24.625146865844727,1401150,0.0,0.0,0.01679058766899333
2004-03-30,24.51848684595198,24.77847102510257,24.19183922540572,24.531818389892578,1622550,0.0,0.0,-0.0037899662674335532
2004-03-31,24.545151429227126,24.99845633852675,24.131843058309098,24.5251522064209,1422600,0.0,0.0,-0.00027173621481013654
2004-04-01,24.491820812158018,24.958457253214387,24.38516083623304,24.638477325439453,1396800,0.0,0.0,0.004620771282670688
2004-04-02,24.905130420310844,24.965126182966923,24.198507090788336,24.658477783203125,1453800,0.0,0.0,0.0008117570537942154
2004-04-05,24.665144420955734,24.93846013460888,24.51181832031721,24.76513671875,1434600,0.0,0.0,0.0043254468700224535
2004-04-06,24.731805825293122,24.731805825293122,23.871858336634666,23.898523330688477,1272000,0.0,0.0,-0.03499328099430199
2004-04-07,23.731867787029525,24.05851349002876,23.51854783286989,24.025182723999023,1205100,0.0,0.0,0.005299883660506488
2004-04-08,24.131843561006235,24.345163522767432,23.778532851146977,23.7918643951416,951900,0.0,0.0,-0.009711407048919485
2004-04-12,23.498548355966445,24.051847457885742,23.498548355966445,24.051847457885742,697950,0.0,0.0,0.010927393432741184
2004-04-13,24.171838977221626,24.18517242782769,23.43855259635071,23.46521759033203,820950,0.0,0.0,-0.024390220692231068
2004-04-14,20.132089856322416,21.332014605038484,19.485464218544248,21.2786865234375,19390650,0.0,0.0,-0.09318179379659408
2004-04-15,21.112029396191236,21.585333535500475,20.465403742539145,21.225357055664062,4471500,0.0,0.0,-0.0025062387057912527
2004-04-16,21.09869837331008,21.20535835622611,20.518734239396423,20.832046508789062,1339200,0.0,0.0,-0.01853022052083897
2004-04-19,20.685389658937584,21.438677206798648,20.67872388691843,21.352014541625977,1854450,0.0,0.0,0.0249600072953724
2004-04-20,21.378678056559327,21.64532989840119,21.01203391966139,21.112028121948242,1647750,0.0,0.0,-0.011239521180068435
2004-04-21,21.16536162790832,21.21868971166086,20.66539248563066,21.045368194580078,1304100,0.0,0.0,-0.003157438356140907
2004-04-22,20.96537339407124,21.425344093575863,20.798715740346456,21.172025680541992,1060800,0.0,0.0,0.006018306963835096
2004-04-23,21.178692606081356,21.298684128972152,20.61872771571895,21.005369186401367,1329600,0.0,0.0,-0.007871542225352135
2004-04-26,20.925374646142547,21.045368078810714,20.61872815328996,20.765384674072266,852300,0.0,0.0,-0.011424912849637758
2004-04-27,20.712053317011872,20.79204829776976,20.038762705774015,20.465402603149414,2255850,0.0,0.0,-0.01444625638442476
2004-04-28,20.345409133669925,20.518732545213037,20.2654141530879,20.372074127197266,908850,0.0,0.0,-0.004560304908821422
2004-04-29,20.418739524991622,20.552064500348298,19.19881552367031,19.618789672851562,2420250,0.0,0.0,-0.03697632600600287
2004-04-30,19.912103334052397,20.15875404574242,18.99216010982392,19.25881004333496,1938300,0.0,0.0,-0.018348717505990764
2004-05-03,19.238810819541598,20.312078232236587,18.998825879406265,20.092090606689453,1996050,0.0,0.0,0.04326749998984858
2004-05-04,20.018763675148048,20.66539120621222,19.94543446527796,20.592060089111328,1177200,0.0,0.0,0.024883895469564266
2004-05-05,20.55873018539959,20.90537702709244,20.25874946892291,20.69872283935547,1489650,0.0,0.0,0.005179799873473723
2004-05-06,20.765384028457163,20.845379012005186,20.11875838825169,20.538732528686523,1079850,0.0,0.0,-0.0077294774132029564
2004-05-07,20.43873797774123,20.832045209796018,20.018763844389326,20.378740310668945,1546950,0.0,0.0,-0.007789780493714371
2004-05-10,20.298746519184466,20.3987407296064,19.19881592623598,19.625455856323242,2394300,0.0,0.0,-0.03696423050993658
2004-05-11,19.772111089865472,20.165422133816048,18.912165513645093,19.512126922607422,2542800,0.0,0.0,-0.005774588602960096
2004-05-12,19.518794666646812,19.652119636553497,18.932162891826586,19.35880470275879,2472750,0.0,0.0,-0.007857791231922984
2004-05-13,19.365470000964173,19.892104096027175,19.31214001430541,19.505460739135742,1413600,0.0,0.0,0.00757567621703692
2004-05-14,19.56545956267503,19.692116858063663,19.26547693953973,19.33880615234375,805650,0.0,0.0,-0.008543996423402422
2004-05-17,19.17881632464116,19.232146314850795,18.365533020328783,19.03215789794922,2020800,0.0,0.0,-0.015856627962391956
2004-05-18,19.012158514183966,19.11215272178993,18.57218705228713,18.65884780883789,1179900,0.0,0.0,-0.0196147011344181
2004-05-19,18.698846742730048,19.398802399775793,18.698846742730048,18.852169036865234,1515600,0.0,0.0,0.010360834174111044
2004-05-20,19.018825552605843,19.232145504455605,18.612182963969122,18.772172927856445,1585200,0.0,0.0,-0.004243337138148839
2004-05-21,18.865502637924354,19.258811802588838,18.585519228546456,18.885501861572266,874350,0.0,0.0,0.006037070623169605
2004-05-24,19.07882189529114,19.29880762555111,18.938831149419418,19.152151107788086,764700,0.0,0.0,0.01411925656889168
2004-05-25,19.198814239454805,20.07875901794905,19.09882003781822,19.998764038085938,1300050,0.0,0.0,0.04420458702174623
2004-05-26,20.032095999419155,20.32541285033469,19.585456858364346,19.92543601989746,971400,0.0,0.0,-0.0036666275000210025
2004-05-27,19.858774092896134,20.352075534795894,19.665453360650595,20.25874900817871,901500,0.0,0.0,0.01672801478213093
2004-05-28,20.18541905315986,20.18541905315986,19.67878417913583,19.845439910888672,743400,0.0,0.0,-0.020401511323486998
2004-06-01,19.905437576393542,20.265414033268915,19.572124205657083,19.845439910888672,1149300,0.0,0.0,0.0
2004-06-02,19.61878971213398,19.832107765900897,19.025492140185655,19.712116241455078,1846050,0.0,0.0,-0.006718100986032649
2004-06-03,19.645454394215896,19.972100102481093,19.30547523498535,19.30547523498535,880050,0.0,0.0,-0.020628987851367797
2004-06-04,19.58545583766617,20.178753373258985,19.398800883230752,20.032094955444336,1254150,0.0,0.0,0.03763801261634869
2004-06-07,20.252082113403404,20.332077099557623,19.75211297313181,20.178754806518555,1843350,0.0,0.0,0.007321243804026656
2004-06-08,18.27887255082468,19.56546001531106,18.265539099446904,19.09882164001465,18436350,0.0,0.0,-0.05351832542982504
2004-06-09,19.05215734459384,19.21214731709965,18.56552165502973,18.912166595458984,3699150,0.0,0.0,-0.009773118366873335
2004-06-10,18.87216786536078,19.665453851163264,18.87216786536078,19.525461196899414,1898100,0.0,0.0,0.03242857439653091
2004-06-14,19.332137524039304,19.732114335248617,19.198814463277245,19.63212013244629,1849200,0.0,0.0,0.005462556529205687
2004-06-15,19.698784665633625,20.138756130864245,19.632121224314233,19.95876693725586,1846950,0.0,0.0,0.01663838661366568
2004-06-16,19.932100987973094,19.96543366065252,19.532126080897232,19.66545295715332,1254450,0.0,0.0,-0.014695997053556842
2004-06-17,19.6654535053224,19.6654535053224,19.21214669076982,19.36547088623047,1115850,0.0,0.0,-0.015254267042637992
2004-06-18,19.312141827847338,19.83877597236488,19.19881607236309,19.65878677368164,1497900,0.0,0.0,0.01514633386269626
2004-06-21,19.758779098496596,20.252080520703746,19.59212146002537,19.998764038085938,1721550,0.0,0.0,0.01729390874005743
2004-06-22,20.005429809600173,20.11875746149599,19.83877407835971,19.998764038085938,949200,0.0,0.0,0.0
2004-06-23,20.03209532391018,20.53206443786621,19.87210536002271,20.53206443786621,1299900,0.0,0.0,0.02666666793831096
2004-06-24,20.492067398280987,20.685388123099315,20.265414001379927,20.338743209838867,863550,0.0,0.0,-0.009415576724511543
2004-06-25,20.29874556279966,20.69205470662564,20.225418258693956,20.59872817993164,1053600,0.0,0.0,0.012782745099363169
2004-06-28,20.73871990204428,20.73871990204428,20.172087314437277,20.3054141998291,775350,0.0,0.0,-0.014239421848786793
2004-06-29,20.225417494362436,20.678722381591797,20.218749815597754,20.678722381591797,959850,0.0,0.0,0.01838466224273505
2004-06-30,20.632059693007715,20.692055455713728,20.065429018852367,20.425405502319336,1917300,0.0,0.0,-0.012250122352721493
2004-07-01,20.465402994684897,20.712053713266172,20.098758849055738,20.132089614868164,1461300,0.0,0.0,-0.014360345865244373
2004-07-02,20.272081449162712,20.272081449162712,19.978766498304083,20.118759155273438,399900,0.0,0.0,-0.0006621498239746115
2004-07-06,20.065428018966387,20.10542455636701,19.33213782282624,19.69878387451172,1135500,0.0,0.0,-0.02087481029622229
2004-07-07,19.732115134467506,19.938769320034318,19.41213519832439,19.892105102539062,817050,0.0,0.0,0.009813866138075777
2004-07-08,19.818776482304635,19.9987656785687,19.34547233581543,19.34547233581543,1137900,0.0,0.0,-0.0274798853065511
2004-07-09,19.492130222310745,20.252081618592797,19.418801009986606,19.98543357849121,1969200,0.0,0.0,0.033080672912337405
2004-07-12,19.90543779240473,19.972099322936963,19.51212675189524,19.725448608398438,1150200,0.0,0.0,-0.01300872303178724
2004-07-13,19.852106026974006,19.852106026974006,19.258810391009025,19.418800354003906,1426200,0.0,0.0,-0.015545819032170005
2004-07-14,19.33213780154664,19.66545308715957,19.198814738870766,19.35880470275879,1204050,0.0,0.0,-0.0030895652744453717
2004-07-15,19.365471783088267,19.758780947698966,19.35880601095019,19.565460205078125,721950,0.0,0.0,0.010675013539957146
2004-07-16,19.67211679720609,19.732114463616274,19.185481137674092,19.32547378540039,700050,0.0,0.0,-0.012265820336566757
2004-07-19,19.425466757519153,19.625455171383308,19.152151038653614,19.30547523498535,1312800,0.0,0.0,-0.0010348284671886088
2004-07-20,19.418801270984815,20.29874610900879,19.258811300435,20.29874610900879,1204500,0.0,0.0,0.051450216165797036
2004-07-21,20.22541749682977,20.578728182170416,19.79877569568403,19.845439910888672,1265850,0.0,0.0,-0.022331733974392365
2004-07-22,19.838774637356416,20.15208879412288,19.51212702995502,20.03876304626465,863550,0.0,0.0,0.00974143865009025
2004-07-23,19.858773752454315,20.205418673089966,19.732114554645126,20.098758697509766,1825350,0.0,0.0,0.002993979773432187
2004-07-26,20.138756547324117,20.82538256891251,20.005431569159125,20.64539337158203,2135850,0.0,0.0,0.02719743454305923
2004-07-27,20.645393299315316,21.17202553080044,20.645393299315316,21.138694763183594,1531800,0.0,0.0,0.02389401755263143
2004-07-28,21.05203392834774,21.28535311528365,20.53873324287346,20.95203971862793,1030050,0.0,0.0,-0.008830017493830944
2004-07-29,20.93870787403224,21.185358601534645,20.565397943184482,20.885377883911133,1330800,0.0,0.0,-0.003181639382705548
2004-07-30,20.678723805437002,21.165361398305187,20.65872458222743,20.825382232666016,1008000,0.0,0.0,-0.0028726150696719577
2004-08-02,20.7987140960742,20.945372514600766,20.445403407414073,20.805381774902344,700050,0.0,0.0,-0.0009603885076500118
2004-08-03,20.832046320974836,20.89870976331181,20.558730594024354,20.70538902282715,644250,0.0,0.0,-0.00480610032332196
2004-08-04,20.63205831007005,21.71199150254639,20.598727544937592,21.54533576965332,1949100,0.0,0.0,0.040566576455054904
2004-08-05,21.51200440803246,22.191962738657335,21.425343650515455,21.751989364624023,2100000,0.0,0.0,0.009591569942566158
2004-08-06,21.625332439168965,21.858651627779103,21.218689825318716,21.32535171508789,1330050,0.0,0.0,-0.019613730145987773
2004-08-09,21.312016963743446,21.671993429238032,21.145361228000223,21.45867347717285,1069800,0.0,0.0,0.0062517966346429255
2004-08-10,21.538670174344894,21.998640840075694,21.365346761222234,21.91864585876465,1073250,0.0,0.0,0.02143526635423676
2004-08-11,21.565336676400694,21.731992422313617,21.438677470325263,21.66533088684082,1179300,0.0,0.0,-0.011557053914557192
2004-08-12,21.498672729332455,21.598666937426692,20.265415279708957,20.792049407958984,2152650,0.0,0.0,-0.040307784055689355
2004-08-13,20.85871154764295,21.118695709574187,20.698721587566922,20.925373077392578,816450,0.0,0.0,0.006412242815398317
2004-08-16,20.872044805966066,20.99870401157614,20.658724841667386,20.798715591430664,1180350,0.0,0.0,-0.0060528185324806305
2004-08-17,21.005369454801276,21.425343604747095,20.865378707229635,21.318683624267578,1563150,0.0,0.0,0.02500000687788373
2004-08-18,21.238687962944887,21.965310487258563,21.158692980131246,21.925312042236328,1179750,0.0,0.0,0.02845524745618966
2004-08-19,21.83865063578808,21.998640596639728,21.478672270256492,21.698659896850586,949650,0.0,0.0,-0.010337464978793731
2004-08-20,21.705326989754177,22.351952644086133,21.638663548392373,22.24529457092285,1447950,0.0,0.0,0.02519209373624065
2004-08-23,22.25195721800596,22.405283315471017,21.8519823134149,21.978641510009766,1042200,0.0,0.0,-0.011986942230094444
2004-08-24,22.078635731817222,22.165298391642374,21.52533663651945,21.731990814208984,1110750,0.0,0.0,-0.011222290317099426
2004-08-25,21.66532954296571,21.798652605641433,21.465341134490508,21.705326080322266,1425300,0.0,0.0,-0.001226980726923732
2004-08-26,21.87864778297591,22.125300409928872,21.45867364721199,21.83198356628418,1068450,0.0,0.0,0.005835318275947854
2004-08-27,21.83198307326578,22.298621415183618,21.731990777624056,22.22529411315918,450300,0.0,0.0,0.018015337254210895
2004-08-30,22.131967394981906,22.225295833481766,21.63199824915064,21.758657455444336,559200,0.0,0.0,-0.02099574724811204
2004-08-31,21.731991268384395,21.865316239481604,21.512003635650874,21.83198356628418,449850,0.0,0.0,0.0033699740432053815
2004-09-01,21.731991898377288,22.08530260521938,21.41867773040841,21.718658447265625,793050,0.0,0.0,-0.0051907843680116805
2004-09-02,21.718657345217878,22.12529992864188,21.638662364299666,21.978641510009766,431250,0.0,0.0,0.011970493636860535
2004-09-03,21.99864070557094,22.31862062885868,21.338681636982272,21.638662338256836,683850,0.0,0.0,-0.015468616274490476
2004-09-07,21.725325067949225,22.12529997334848,21.258686724701366,22.071969985961914,1442100,0.0,0.0,0.020024696579279633
2004-09-08,22.12530143158768,22.12530143158768,21.445343093978707,21.63199806213379,1566000,0.0,0.0,-0.01993351405008037
2004-09-09,21.611997472004354,21.725325125926332,21.10536259047994,21.332014083862305,3225900,0.0,0.0,-0.013867603788140004
2004-09-10,22.0319717159452,23.49854828789827,21.94531096256477,22.445280075073242,10980600,0.0,0.0,0.05218757060793067
2004-09-13,22.44528035386757,22.805258729658846,22.27195693772304,22.758594512939453,1644900,0.0,0.0,0.013959034452600383
2004-09-14,22.77192680835702,23.098574428947646,22.378617653592556,22.925251007080078,1413150,0.0,0.0,0.007322793771200153
2004-09-15,22.891920059455078,23.211899998320074,22.751927405778485,23.13857078552246,1487400,0.0,0.0,0.009305013863381673
2004-09-16,23.231899489685397,23.498549441819943,23.06524374640903,23.451885223388672,1353450,0.0,0.0,0.013540786108632519
2004-09-17,23.385222739666506,23.6385392302957,23.06524281009437,23.1585693359375,707100,0.0,0.0,-0.012507134699714761
2004-09-20,23.14523781196492,23.55854426772799,22.898585185622384,23.49854850769043,938850,0.0,0.0,0.014680491131433993
2004-09-21,23.53187979603205,23.638539775013932,22.958581455389016,23.445219039916992,1254600,0.0,0.0,-0.002269479230003646
2004-09-22,23.478549444173574,23.478549444173574,22.891919568827273,22.945249557495117,1217250,0.0,0.0,-0.021325007950262487
2004-09-23,22.911919383791748,23.065243581983836,22.691931744425798,22.738595962524414,558600,0.0,0.0,-0.00900637818093375
2004-09-24,22.78525968448179,22.938583879335297,22.5252755118573,22.54527473449707,869100,0.0,0.0,-0.008501898197494584
2004-09-27,22.698598624048543,22.72526361813264,22.385284466752715,22.47861099243164,760350,0.0,0.0,-0.0029568831096755677
2004-09-28,22.485278673734406,22.538608661908192,21.865316130791037,21.89198112487793,1911450,0.0,0.0,-0.026097247189838524
2004-09-29,21.83865188705098,22.18529682209084,21.83198420787705,22.058637619018555,1665750,0.0,0.0,0.007612673023513539
2004-09-30,22.031972281290965,22.198629927890803,21.645330813376457,21.89864730834961,1171500,0.0,0.0,-0.007252955211114465
2004-10-01,22.005307548426824,23.218565770238712,21.99864177650819,23.13857078552246,1654050,0.0,0.0,0.05662100766836353
2004-10-04,23.15190449189836,23.331891779071572,22.678600350300133,22.771926879882812,2097750,0.0,0.0,-0.01584557270361109
2004-10-05,22.605269652323766,23.005244554051473,22.598603880769332,22.778593063354492,658500,0.0,0.0,0.0002927369083363107
2004-10-06,22.83192191800592,23.331891038943727,22.72526384782234,23.285228729248047,1624650,0.0,0.0,0.022241745330119356
2004-10-07,23.285228796836765,23.338558785698776,23.071908841388733,23.13190460205078,760050,0.0,0.0,-0.006584609023173482
2004-10-08,23.01191074162061,23.151903390179207,22.77859347515123,22.785259246826172,775500,0.0,0.0,-0.014985595055319267
2004-10-11,22.81859054889436,23.098573945363125,22.69859902700121,23.071908950805664,609000,0.0,0.0,0.012580489029082376
2004-10-12,22.831921834896125,23.198567889962128,22.71859608611353,23.098573684692383,870600,0.0,0.0,0.001155722915844315
2004-10-13,23.305227977274548,23.331891064426436,23.031910354428454,23.038578033447266,639600,0.0,0.0,-0.0025973747151702975
2004-10-14,23.065242918679413,23.311893638744724,22.99857947942264,23.098573684692383,1372800,0.0,0.0,0.002604138639026088
2004-10-15,23.11190642551943,23.231899859505557,22.918585683952205,23.025245666503906,1318800,0.0,0.0,-0.003174569096319191
2004-10-18,23.00524607080949,23.231899483680724,22.985248754827744,23.111906051635742,1672200,0.0,0.0,0.003763711640128342
2004-10-19,23.351889935404127,23.69853676439086,22.80525851240443,22.878585815429688,2751900,0.0,0.0,-0.010095239902965125
2004-10-20,22.618604535137738,22.69193184134201,21.83865199694992,21.998641967773438,3312000,0.0,0.0,-0.03846146150619156
2004-10-21,22.07197009389454,22.291955816132166,21.805320155657775,22.011972427368164,1524900,0.0,0.0,0.0006059673871803284
2004-10-22,22.031971361676128,22.105300570540823,21.66532913181419,21.698659896850586,758100,0.0,0.0,-0.014233732644877706
2004-10-25,20.72538688212264,21.165360232341396,20.67872266628125,20.992036819458008,3270450,0.0,0.0,-0.032565286554638306
2004-10-26,21.145361074747388,21.265352593299,20.725386945355154,20.838712692260742,2170200,0.0,0.0,-0.007303918553303368
2004-10-27,20.945373630764266,21.851983462164085,20.945373630764266,21.811986923217773,1929150,0.0,0.0,0.04670510339722167
2004-10-28,21.898647377444156,21.898647377444156,21.345348261184043,21.745325088500977,973800,0.0,0.0,-0.0030562018467853447
2004-10-29,21.765323042308133,22.06530567159224,21.485341543653398,21.97197723388672,1836000,0.0,0.0,0.010423028603310902
2004-11-01,21.991975410732177,22.76526024210796,21.77198777827974,22.665267944335938,2067900,0.0,0.0,0.03155340564343834
2004-11-02,22.65860142174159,22.818591395018863,21.90531577436883,22.158632278442383,2696250,0.0,0.0,-0.02235295285887684
2004-11-03,22.658599897600514,22.95191482887888,22.225294225928803,22.75192642211914,3428850,0.0,0.0,0.02677485398112589
2004-11-04,22.75859414501543,22.911918336197118,22.61193572547708,22.84525489807129,1752300,0.0,0.0,0.0041020032423020325
2004-11-05,22.985248644561246,23.211900149114268,22.751927553584505,23.17190170288086,1060950,0.0,0.0,0.014298234196421511
2004-11-08,23.17190164615925,23.331891616239474,22.378617567703735,22.398616790771484,1494750,0.0,0.0,-0.03337166375141476
2004-11-09,21.898646660608307,22.40528345003048,21.805320135925296,22.258625030517578,1436250,0.0,0.0,-0.006250018095384613
2004-11-10,22.27862431935935,22.785259203067184,22.145299349962553,22.691930770874023,2007450,0.0,0.0,0.01946686912432205
2004-11-11,22.698599579549473,23.33189178528216,22.665268812348994,23.111906051635742,1939350,0.0,0.0,0.01850769266847818
2004-11-12,22.99858014917813,23.318560089574973,22.67193252959986,23.078575134277344,1694250,0.0,0.0,-0.0014421535499465898
2004-11-15,23.11857243149786,23.518547337115997,22.918584025073393,23.24523162841797,2349900,0.0,0.0,0.007221264448562081
2004-11-16,23.33189182460938,23.37189027110209,23.078575323335503,23.20523452758789,1555650,0.0,0.0,-0.0017206583040102474
2004-11-17,23.23189966955766,23.271896209072064,22.80525974283914,22.89858627319336,1438650,0.0,0.0,-0.013214615608817426
2004-11-18,22.718597109562964,22.798592095936282,22.13196720949195,22.31195640563965,1957650,0.0,0.0,-0.02561860634341695
2004-11-19,22.26529237338818,22.35862081188804,21.75198977610082,21.758657455444336,1736700,0.0,0.0,-0.024798316209306392
2004-11-22,21.758656657086306,22.43861497562507,21.498672481925546,22.425281524658203,856200,0.0,0.0,0.03063718754610334
2004-11-23,22.458611878891073,22.83858947685385,22.265291147652288,22.418615341186523,996000,0.0,0.0,-0.000297261974809504
2004-11-24,22.365284727836244,22.625268890959322,22.331952055577858,22.531940460205078,972000,0.0,0.0,0.005054956218029982
2004-11-26,22.645268702533976,22.645268702533976,22.311955321886305,22.325288772583008,198450,0.0,0.0,-0.009171499808773631
2004-11-29,22.491944356317333,22.95858079737336,22.24529363879871,22.878585815429688,1242150,0.0,0.0,0.024783421548668416
2004-11-30,22.965249608607376,23.745202151437343,22.951916157343945,23.298561096191406,1781700,0.0,0.0,0.018356697575183212
2004-12-01,23.331890924420232,24.06518112639131,23.078574432919794,23.931854248046875,2304450,0.0,0.0,0.02718164221562125
2004-12-02,23.878524588070828,23.991852245499434,23.38522314178012,23.75186538696289,674850,0.0,0.0,-0.007520890743293429
2004-12-03,23.671870350028343,24.36516211502964,23.671870350028343,24.24517059326172,1722150,0.0,0.0,0.02076911426795114
2004-12-06,24.398493061771607,24.425158056498386,23.76519896020293,24.031848907470703,2392050,0.0,0.0,-0.008798522780875118
2004-12-07,24.038516548409177,24.10517808150485,22.951915630979638,23.011911392211914,1427100,0.0,0.0,-0.04244107555710053
2004-12-08,22.95858033870888,23.25856294542774,22.665267318006002,22.778593063354492,1851600,0.0,0.0,-0.010139024302708965
2004-12-09,22.67859915539702,23.05857484016129,21.64533016905151,21.671993255615234,6061650,0.0,0.0,-0.04858069173374546
2004-12-10,21.432008151504398,22.811923954110373,21.198690887966798,22.47194480895996,6481050,0.0,0.0,0.036911766440193894
2004-12-13,23.331892126676518,23.705203972261625,22.99858063533289,23.611875534057617,6230700,0.0,0.0,0.05072683894467134
2004-12-14,22.491944771704983,22.831922020821285,21.66532994302086,22.298622131347656,6983400,0.0,0.0,-0.0556183434397548
2004-12-15,22.16529874236663,22.61860364179626,22.16529874236663,22.47861099243164,1270950,0.0,0.0,0.008071748111779353
2004-12-16,22.63193635113293,22.865255538196173,22.171963749063153,22.31195640563965,3797100,0.0,0.0,-0.007413918362131122
2004-12-17,21.898646502735822,22.31195485726455,21.50533737022028,21.638662338256836,6989400,0.0,0.0,-0.030176379656811636
2004-12-20,21.66532967459163,21.7853211946211,21.21202286692458,21.398677825927734,2243700,0.0,0.0,-0.011090542870795361
2004-12-21,21.591998297837563,22.051970871719078,21.505337544718316,22.011972427368164,1759800,0.0,0.0,0.028660396984776737
2004-12-22,21.898647047965117,22.058637013592392,21.711992088066623,21.925312042236328,1245300,0.0,0.0,-0.00393696591333581
2004-12-23,21.991976279311757,22.731930373988238,21.931978609601927,22.52527618408203,2092650,0.0,0.0,0.027363995581451528
2004-12-27,22.665268839507405,22.731930373988238,22.36528621265095,22.52527618408203,961050,0.0,0.0,0.0
2004-12-28,22.498610976735606,22.985248565673828,22.478611753687538,22.985248565673828,920550,0.0,0.0,0.0204202771070503
2004-12-29,23.00524570154851,23.325227546122083,22.998579929661588,23.19856834411621,1339200,0.0,0.0,0.009280725324021688
2004-12-30,23.198568454482807,23.791864114320603,23.125239241685193,23.13857078552246,1681650,0.0,0.0,-0.0025862612599094614
2004-12-31,23.23189869836912,23.518547863957743,23.16523716622153,23.1919002532959,765000,0.0,0.0,0.0023047865949787916
2005-01-03,23.39188816504252,23.691868867767063,23.23856397425168,23.585208892822266,3244500,0.0,0.0,0.016958879403186078
2005-01-04,23.19856751701289,23.538546665125878,22.365285029468982,22.598604202270508,2347950,0.0,0.0,-0.04183150104945699
2005-01-05,22.638601745891826,22.851921705998794,22.34528680074474,22.398616790771484,1113000,0.0,0.0,-0.0088495470653418
2005-01-06,22.418615810716027,22.698599209435088,21.871982464279235,21.931978225708008,1303200,0.0,0.0,-0.020833365266364923
2005-01-07,21.68532744830144,22.218627342443945,21.252019853887504,21.498672485351562,1963650,0.0,0.0,-0.019756801502225474
2005-01-10,21.69866106118866,22.38528515682853,21.63866339222677,21.87198257446289,1249500,0.0,0.0,0.01736433211705002
2005-01-11,21.858650186768568,22.391950064302502,21.858650186768568,22.105300903320312,1131600,0.0,0.0,0.010667452210292083
2005-01-12,22.165298982769436,22.36528548695378,21.805320605114442,22.111967086791992,1213350,0.0,0.0,0.0003015649278348409
2005-01-13,22.058637698002155,22.705265259565003,21.83198428604909,22.24529457092285,2153400,0.0,0.0,0.006029652794232732
2005-01-14,22.54527476517231,23.465218028314176,22.378617119255253,23.22523307800293,2785650,0.0,0.0,0.044051496102055276
2005-01-18,22.218627933079237,22.825258962830922,21.965311430243094,22.55860710144043,4529550,0.0,0.0,-0.028702660348923437
2005-01-19,22.42528093987485,22.631935120240936,21.925311825425887,22.045305252075195,1711500,0.0,0.0,-0.022754146435417955
2005-01-20,21.93197871425907,22.471946300838816,21.79865373743029,22.125301361083984,1538700,0.0,0.0,0.0036287140547195396
2005-01-21,22.66526842535782,22.738595730500688,22.331953130120528,22.51861000061035,2130150,0.0,0.0,0.01777641954374265
2005-01-24,22.725263950157405,22.771926260063214,22.231960598778876,22.298622131347656,2067300,0.0,0.0,-0.009769158454128957
2005-01-25,22.55860608399869,22.95858099719833,22.398616118718834,22.418615341186523,1125600,0.0,0.0,0.0053811939200574255
2005-01-26,22.651933983226304,23.745200627423497,22.651933983226304,23.305227279663086,1930650,0.0,0.0,0.03954802404088342
2005-01-27,23.238564923069895,23.445219109770715,23.091906497917417,23.291894912719727,1180350,0.0,0.0,-0.0005720762463875539
2005-01-28,23.3652242763072,23.47855002823781,23.071909331337398,23.325227737426758,768450,0.0,0.0,0.0014310911513184532
2005-01-31,23.511880051151742,23.878524197569394,23.325226999308416,23.49854850769043,1801350,0.0,0.0,0.0074306142780149464
2005-02-01,23.498548484738226,23.998517601434784,23.498548484738226,23.745201110839844,1729500,0.0,0.0,0.010496503776337152
2005-02-02,24.165175516575484,24.99845611560854,24.085178626063925,24.645145416259766,3096450,0.0,0.0,0.03790004983403117
2005-02-03,24.691806900614885,25.251771764859765,24.291831997582833,24.631811141967773,1793400,0.0,0.0,-0.0005410507451578672
2005-02-04,24.578481773140187,25.778408419649903,24.578481773140187,25.69174575805664,1866600,0.0,0.0,0.04303112791746555
2005-02-07,25.685080188894105,25.685080188894105,25.045120322897922,25.231775283813477,2026650,0.0,0.0,-0.017903433989063244
2005-02-08,25.171777248181847,25.42509564505299,25.005121512321303,25.318435668945312,1166250,0.0,0.0,0.003434573435957544
2005-02-09,25.305104170684434,25.351766479891662,24.711806622104085,24.82513427734375,1409400,0.0,0.0,-0.019483881154894078
2005-02-10,24.685141630032938,24.69847508068667,23.86519258536836,24.238502502441406,1945800,0.0,0.0,-0.02363055798001157
2005-02-11,24.25850201827128,24.95179187265109,24.071847057476717,24.891796112060547,721950,0.0,0.0,0.02695272158638251
2005-02-14,24.73180685312261,25.33176829065171,24.7118076299434,24.965126037597656,712500,0.0,0.0,0.0029459475405866353
2005-02-15,25.11844960196406,25.331767650639478,24.805135439919017,25.07845115661621,584100,0.0,0.0,0.004539336947383621
2005-02-16,24.991790033855974,25.231774980721767,24.778470081086375,25.16511344909668,664800,0.0,0.0,0.0034556477168090627
2005-02-17,25.138446129020416,25.138446129020416,24.438490522462548,24.571815490722656,1913550,0.0,0.0,-0.023576208371725804
2005-02-18,24.671809474525695,24.671809474525695,24.098513025398013,24.351829528808594,712200,0.0,0.0,-0.008952776077824631
2005-02-22,24.205173081041643,25.04512139472329,24.1051788708927,24.19850730895996,1169400,0.0,0.0,-0.00629612734711571
2005-02-23,24.31849842169175,24.578482600764254,23.99851848044279,24.19183921813965,769950,0.0,0.0,-0.0002755579398008301
2005-02-24,24.198506498586237,24.591813739467177,23.90519155727472,24.5251522064209,894150,0.0,0.0,0.013777910198383037
2005-02-25,24.4718225172901,24.591814041137695,24.25850255735581,24.591814041137695,482400,0.0,0.0,0.002718100754512065
2005-02-28,24.211838817169983,24.878463705121494,24.2051730450982,24.445158004760742,1214100,0.0,0.0,-0.0059636119617537675
2005-03-01,24.48515633988179,24.631812860946194,24.30516714414878,24.50515365600586,1237350,0.0,0.0,0.0024542959073299286
2005-03-02,24.531818550158555,25.745078696531152,24.525152778144708,25.24510955810547,2908050,0.0,0.0,0.030195929904657248
2005-03-03,25.651748870269692,25.685079635764836,24.611812203190137,24.945125579833984,3748500,0.0,0.0,-0.011882855076585264
2005-03-04,25.931731404281788,26.378370546071775,25.178445774477627,26.35170555114746,7115250,0.0,0.0,0.05638696693716305
2005-03-07,26.40503645108823,27.278315478689436,26.245046487584077,27.138322830200195,3492600,0.0,0.0,0.02985071602010536
2005-03-08,27.064996417897216,27.364977132530367,26.718349578334674,26.998332977294922,2316600,0.0,0.0,-0.005158382623022262
2005-03-09,26.918338403170612,27.62496172961634,26.825011873582064,27.0049991607666,2330100,0.0,0.0,0.00024691092880746446
2005-03-10,27.078328302572565,27.24498595256095,26.59169071101898,27.158323287963867,1371450,0.0,0.0,0.005677620143014872
2005-03-11,27.06499618375221,27.31831267849535,26.691684352624527,26.77834701538086,1474950,0.0,0.0,-0.013991153597888273
2005-03-14,26.865007551745638,27.264982466943597,26.805011791273657,26.898338317871094,1038450,0.0,0.0,0.004480907743159568
2005-03-15,26.95833407834308,27.991604993309675,26.751679895349756,26.898338317871094,2731350,0.0,0.0,0.0
2005-03-16,26.798344205507576,27.038331062692208,26.43170005515935,26.498363494873047,1677000,0.0,0.0,-0.01486987107795823
2005-03-17,26.431701101340256,27.464972060799493,26.431701101340256,26.7316837310791,2113050,0.0,0.0,0.008805080972309698
2005-03-18,26.911671826785724,27.584962458682135,26.845008387159996,27.33164405822754,2116500,0.0,0.0,0.022443791164972637
2005-03-21,27.364976856182512,27.871611752166345,27.231651883555188,27.61162757873535,2072550,0.0,0.0,0.010243932633958508
2005-03-22,26.18504857031011,27.70495511628801,26.065057052445468,27.164989471435547,4204350,0.0,0.0,-0.016175725462984847
2005-03-23,27.06499568046346,27.43163791847822,26.49169735438156,26.585023880004883,1611750,0.0,0.0,-0.02134974475291107
2005-03-24,26.705018585749254,27.024998529890627,26.645022823030477,26.698352813720703,1132650,0.0,0.0,0.004262886286179324
2005-03-28,26.791679494134502,27.05832944908175,26.365039566218904,26.7316837310791,1034100,0.0,0.0,0.0012484259830916056
2005-03-29,26.765014144613218,27.03166409603343,25.858404309784493,25.891735076904297,1725300,0.0,0.0,-0.03142146460450057
2005-03-30,26.00505971850738,26.81167721751779,26.00505971850738,26.73834800720215,1209000,0.0,0.0,0.032698192213971744
2005-03-31,26.711683391435063,26.778346831001635,25.898400109215594,26.0650577545166,1461900,0.0,0.0,-0.025180697495005733
2005-04-01,26.311709267033002,26.351705806191138,25.26510677570101,25.985063552856445,1656450,0.0,0.0,-0.00306902069481485
2005-04-04,25.931731107306543,26.49169790153518,25.69174615573607,26.285043716430664,879450,0.0,0.0,0.011544330571446437
2005-04-05,26.34504011288209,26.478365089192213,25.925065960697477,26.171716690063477,837600,0.0,0.0,-0.004311464252819475
2005-04-06,26.278378124507725,26.485032311027165,26.025059720277916,26.07172393798828,876300,0.0,0.0,-0.003820641697270033
2005-04-07,26.065057300487528,26.76501291397433,26.051723849914133,26.551692962646484,992400,0.0,0.0,0.018409562244514843
2005-04-08,26.5516928106846,26.885006186342135,26.42503361350089,26.518362045288086,473250,0.0,0.0,-0.0012553217380635306
2005-04-11,26.578359303600383,26.70501850792831,26.438368555254208,26.511695861816406,761250,0.0,0.0,-0.00025137991027857076
2005-04-12,26.55835936548608,26.628354737775144,26.048390629511808,26.43836784362793,706800,0.0,1.5,-0.002765874298297444
2005-04-13,26.3983699443482,26.418369167481945,25.41843089756549,25.79840660095215,783600,0.0,0.0,-0.02420577724241102
2005-04-14,25.798406405486492,25.978395597864683,24.808467754637334,24.868465423583984,819400,0.0,0.0,-0.036046457897668915
2005-04-15,24.90846091117949,25.638415354148364,24.898461300110366,25.09844970703125,1939900,0.0,0.0,0.00924802875971431
2005-04-18,25.25843995019526,26.32837355247382,24.94845963253297,25.998394012451172,1126800,0.0,0.0,0.03585656946643234
2005-04-19,26.16838320857351,26.64835309487696,25.888399821281098,26.2083797454834,854800,0.0,0.0,0.008076873245772775
2005-04-20,26.148384735089454,26.22837971843016,25.25844030702028,25.448429107666016,727800,0.0,0.0,-0.02899647537152117
2005-04-21,25.428429758529912,25.89840004491483,24.998456010000965,25.168445587158203,1529000,0.0,0.0,-0.011001996206652764
2005-04-22,25.328436443036903,25.328436443036903,24.178507807616718,24.34849739074707,877900,0.0,0.0,-0.03257842021159618
2005-04-25,24.528485688682178,24.74847141465378,24.338496889252124,24.488487243652344,672400,0.0,0.0,0.005749424724602159
2005-04-26,24.428491058804195,24.728471762391376,23.998517318359983,24.018516540527344,738500,0.0,0.0,-0.01919149592414371
2005-04-27,23.90852368025074,24.508487018606058,23.768532933952493,24.188507080078125,488200,0.0,0.0,0.0070774787137228845
2005-04-28,24.06851351579732,24.188506945694087,23.54854516496278,23.568544387817383,704200,0.0,0.0,-0.025630465336628827
2005-04-29,23.608542269262912,23.92852219836535,23.288562340160475,23.528547286987305,777900,0.0,0.0,-0.0016970543522727422
2005-05-02,23.748534148866206,23.968519883852576,23.398555369436735,23.948522567749023,878500,0.0,0.0,0.01784960523227852
2005-05-03,23.948522017127054,24.488487684126365,23.908523571377767,24.248502731323242,1117600,0.0,0.0,0.01252604049897399
2005-05-04,23.91852225445012,24.618479770047816,23.638538866764886,24.41849136352539,1148500,0.0,0.0,0.0070102733387560345
2005-05-05,24.398493264669497,24.808467800406905,24.248502906487914,24.49848747253418,945000,0.0,0.0,0.003276046329720561
2005-05-06,24.328497684868527,25.32843594056757,24.328497684868527,24.958457946777344,1216800,0.0,0.0,0.018775464189731972
2005-05-09,24.94845955989364,25.698413231146183,24.698475002809456,25.688413619995117,1546700,0.0,0.0,0.02924682585656413
2005-05-10,25.458427656551926,25.798406823839265,25.29843768456152,25.678415298461914,894400,0.0,0.0,-0.00038921521901302825
2005-05-11,25.748409998603258,25.88840074362159,25.33843546770882,25.698413848876953,690600,0.0,0.0,0.0007788078112529462
2005-05-12,25.698413045137627,25.888399933940267,25.21844124951468,25.43842887878418,659800,0.0,0.0,-0.010116771082513187
2005-05-13,25.4984251854999,25.59841939120293,24.948459914979495,25.138446807861328,846500,0.0,0.0,-0.01179247634955316
2005-05-16,25.218441877133696,25.808405594843197,25.178445339054345,25.788408279418945,454000,0.0,0.0,0.025855275647115983
2005-05-17,26.22837972644739,26.848342277950476,25.74840982625646,26.838342666625977,1272200,0.0,0.0,0.04071342348201301
2005-05-18,26.848342469252355,27.548298101877126,26.758347873921462,27.428306579589844,1006800,0.0,0.0,0.021982129086439484
2005-05-19,27.478302517325403,27.64829209527986,26.268378156237855,26.498363494873047,2527400,0.0,0.0,-0.03390450234389586
2005-05-20,26.54836059417996,26.54836059417996,25.92839992809048,25.98839569091797,1318500,0.0,0.0,-0.019245256562872126
2005-05-23,25.99839513579291,26.218380869569575,25.898400926901374,26.07839012145996,973100,0.0,0.0,0.0034628697982093115
2005-05-24,26.198383099228543,26.198383099228543,25.748410120635764,25.978395462036133,1010200,0.0,0.0,-0.003834387742422063
2005-05-25,25.93839787947403,26.168383211617336,25.44842838207842,25.498424530029297,784800,0.0,0.0,-0.0184757727900573
2005-05-26,25.49842582817366,26.00839457360484,25.49842582817366,25.828405380249023,734700,0.0,0.0,0.012941225048281435
2005-05-27,25.93839908900727,26.12838598586452,25.838404881211893,25.88840103149414,591900,0.0,0.0,0.0023228554129399726
2005-05-31,25.94839830128717,26.018393673497773,25.688414127911468,25.75840950012207,640300,0.0,0.0,-0.0050212267344720285
2005-06-01,25.808406335347016,26.42836890482735,25.808406335347016,26.41836929321289,868500,0.0,0.0,0.025621139111391633
2005-06-02,26.438367334441974,26.518362316550373,25.888400163619764,26.368371963500977,1230600,0.0,0.0,-0.0018925214178439065
2005-06-03,26.028392800857503,28.098264630794947,26.018393189694663,27.078327178955078,2384900,0.0,0.0,0.02692449941303998
2005-06-06,27.048329801557003,27.148324011337564,26.628355646263376,26.978334426879883,750500,0.0,0.0,-0.00369272264916376
2005-06-07,27.018332706456498,27.798283342009416,26.998333483177987,27.068328857421875,556600,0.0,0.0,0.0033358038015989244
2005-06-08,27.0983261364491,27.148322284543873,26.488363212092743,26.518362045288086,659500,0.0,0.0,-0.020317723160179213
2005-06-09,26.598358139949667,29.098203793944357,26.428368559188794,27.988271713256836,3674700,0.0,0.0,0.05542988158387896
2005-06-10,28.01827023229429,28.578235118460693,27.658291851857605,28.50823974609375,1351100,0.0,0.0,0.018578068634035327
2005-06-13,28.438244840826844,29.598173077696,28.378247171614692,29.288192749023438,2151300,0.0,0.0,0.02735886220532291
2005-06-14,29.248193577032765,29.348187782673918,28.778223289919445,29.33818817138672,1542600,0.0,0.0,0.0017070162980592496
2005-06-15,29.39818470091184,29.39818470091184,28.36824950538897,28.578235626220703,1129700,0.0,0.0,-0.02590318600203101
2005-06-16,28.548235665753293,28.728224852071563,28.198258811502008,28.498239517211914,995200,0.0,0.0,-0.002799196915270419
2005-06-17,28.178259676466322,28.678228792351867,28.028269323146823,28.098264694213867,1692500,0.0,0.0,-0.014035071280683042
2005-06-20,28.028270499128027,28.338250829958273,27.95827321789329,28.14826202392578,880400,0.0,0.0,0.001779374287203206
2005-06-21,28.11826441036464,28.188259782660865,27.658291823912414,27.82828140258789,843800,0.0,0.0,-0.01136768661119858
2005-06-22,28.008270482462326,28.358249249797755,27.69829016041362,27.888277053833008,649700,0.0,0.0,0.002155923694214801
2005-06-23,27.828281542120784,28.518239471643195,26.978333644481708,27.05832862854004,1594200,0.0,0.0,-0.029759759761813553
2005-06-24,27.03833151331566,27.428306825086082,25.738410628696133,26.258378982543945,4613000,0.0,0.0,-0.029563897200669653
2005-06-27,26.278378071458466,26.318374609964557,25.428430171856775,25.638416290283203,1441600,0.0,0.0,-0.023610090046795373
2005-06-28,25.71841128631929,26.15838465347324,25.39843134920037,25.978395462036133,1163900,0.0,0.0,0.013260537152670393
2005-06-29,25.99839371829753,26.308374032452612,25.578419589635804,25.80840492248535,1048800,0.0,0.0,-0.006543534984645216
2005-06-30,25.858403635690973,26.03839282501527,25.29843684507521,25.448429107666016,817300,0.0,0.0,-0.013948007089183201
2005-07-01,25.608418507023984,25.74840924796118,24.968456747245092,25.408430099487305,829000,0.0,0.0,-0.0015717672792094906
2005-07-05,25.458426377982253,25.848403583950528,25.17844489467569,25.688413619995117,665200,0.0,0.0,0.011019316006991797
2005-07-06,25.708410640099935,25.858402898414152,25.408429937933082,25.498424530029297,682800,0.0,0.0,-0.007395905904362232
2005-07-07,25.758408927127892,26.488363374273316,25.638415500842637,26.428367614746094,1373700,0.0,0.0,0.0364706095320364
2005-07-08,26.358372982311113,26.878339424827743,26.218380329852412,26.71834945678711,669900,0.0,0.0,0.010972370532609688
2005-07-11,26.16838413941635,27.228318152847372,26.16838413941635,27.088327407836914,753500,0.0,0.0,0.01384733557917528
2005-07-12,27.1083272050573,27.998271658163613,27.038331831068835,27.80828285217285,1173900,0.0,0.0,0.026578069346860023
2005-07-13,27.63829188023953,27.938274491552182,27.17832121301659,27.878276824951172,1288100,0.0,0.0,0.002517018873491983
2005-07-14,27.898276616249465,28.15826078846487,26.74834801750388,26.86834144592285,2606200,0.0,0.0,-0.036226607023445045
2005-07-15,26.578358478190978,26.8983384114627,26.2983750829628,26.498363494873047,901500,0.0,0.0,-0.013770033099901213
2005-07-18,26.44836723652852,26.898338300626172,26.348373030985428,26.558359146118164,441400,0.0,0.0,0.0022641266603775634
2005-07-19,26.598356891010997,27.068327165291205,26.388368874175477,26.948335647583008,531300,0.0,0.0,0.01468375735561378
2005-07-20,26.848343123050956,27.118326915618155,26.48836473296136,27.068328857421875,1017400,0.0,0.0,0.004452713199363467
2005-07-21,25.598420201629292,26.498364266986425,25.438430230331623,25.73841094970703,5619900,0.0,0.0,-0.04913188083091402
2005-07-22,25.648415889640397,25.888400842256544,25.08845100020272,25.298437118530273,1898300,0.0,0.0,-0.017094055730031976
2005-07-25,25.448429780422565,25.778409333830183,25.17844598929881,25.428430557250977,1246400,0.0,0.0,0.005138398001095723
2005-07-26,24.318497386538883,24.74847112950129,23.028578064882474,23.588542938232422,9355400,0.0,0.0,-0.0723555319262087
2005-07-27,23.65853940439451,25.058452606201172,23.59854364199404,25.058452606201172,4619400,0.0,0.0,0.062314559734264696
2005-07-28,25.038455453470018,25.188445814064565,24.498487866652553,24.62847900390625,2558400,0.0,0.0,-0.01715882497024246
2005-07-29,24.728471973055985,24.968456919416347,24.448490489250972,24.60848045349121,862900,0.0,0.0,-0.0008120091545997798
2005-08-01,24.748472432884732,24.77847126789136,24.208504846150955,24.288501739501953,1521100,0.0,0.0,-0.013002782296696491
2005-08-02,24.34849583279713,24.688474977304107,24.258501241178767,24.508485794067383,1160900,0.0,0.0,0.009057127398173659
2005-08-03,24.46848832281517,25.19844469576282,24.308498355184938,25.018455505371094,1682200,0.0,0.0,0.020807883260872684
2005-08-04,24.998456548336666,24.998456548336666,24.288501297834728,24.528486251831055,1838800,0.0,0.0,-0.019584312606141907
2005-08-05,24.448490142822266,24.788469288823066,24.26850095879469,24.448490142822266,758400,0.0,0.0,-0.0032613553151009667
2005-08-08,24.498486909474394,24.56848228120167,23.998517788872874,24.45848846435547,958300,0.0,0.0,0.0004089545601710931
2005-08-09,24.398493382763203,24.918461740391603,24.398493382763203,24.778470993041992,675700,0.0,0.0,0.013082677989396219
2005-08-10,24.808466737399343,24.988455922397314,24.528485256052097,24.728471755981445,1271800,0.0,0.0,-0.002017849974463193
2005-08-11,24.728471993806103,24.958457329190583,24.46848782488985,24.94845962524414,692800,0.0,0.0,0.008896136867393878
2005-08-12,24.868464643056896,25.07845075608686,24.658476622796115,24.94845962524414,587700,0.0,0.0,0.0
2005-08-15,24.898461589688843,25.518424132569347,24.848465440992545,25.28843879699707,556500,0.0,0.0,0.013627261035744409
2005-08-16,25.418429851880273,25.908399355114838,24.958457274881386,24.978456497192383,2092000,0.0,0.0,-0.0122578662246835
2005-08-17,24.998455503570806,25.34843426206696,24.608480208028958,25.09844970703125,952100,0.0,0.0,0.004803868079372942
2005-08-18,25.098450990133145,25.098450990133145,24.538486092250835,24.748472213745117,702700,0.0,0.0,-0.01394418768375516
2005-08-19,24.808468031642192,24.848466478053236,24.668477283665336,24.718473434448242,407200,0.0,0.0,-0.0012121467150693066
2005-08-22,24.698475944014483,24.778470929040623,24.248502961223142,24.468488693237305,920600,0.0,0.0,-0.010113275881452832
2005-08-23,24.338496275159898,24.648476587396587,24.038515573928365,24.478487014770508,765600,0.0,0.0,0.00040862031401101007
2005-08-24,24.478488249515067,24.918461619781144,24.248502906487914,24.49848747253418,861100,0.0,0.0,0.0008170626620673804
2005-08-25,24.548483238380975,25.068451585349052,24.448490939313217,24.708473205566406,538100,0.0,0.0,0.0085713754070591
2005-08-26,24.77847000752569,24.988456120198315,24.198505910847405,24.26850128173828,436800,0.0,0.0,-0.01780652006166883
2005-08-29,24.218503280076217,24.46848783794863,24.048513704433745,24.238502502441406,417000,0.0,0.0,-0.0012361199790877908
2005-08-30,24.19850662515414,24.588481935761006,23.878524780273438,23.878524780273438,762700,0.0,0.0,-0.01485148359027999
2005-08-31,23.9985170764608,24.018516298426572,23.448551823017553,23.79852867126465,1849200,0.0,0.0,-0.0033501277714976796
2005-09-01,23.698538049738268,23.998518771489522,23.418554644134428,23.57854461669922,1360700,0.0,0.0,-0.009243598946982234
2005-09-02,23.66853915875843,23.79853029594865,23.358558826050285,23.608543395996094,472300,0.0,0.0,0.0012722913896741073
2005-09-06,23.65853829870777,24.49848656198279,23.65853829870777,24.298498153686523,1215500,0.0,0.0,0.02922479147135526
2005-09-07,24.298499047399087,24.4584890170283,24.008517942657726,24.15850830078125,3115800,0.0,0.0,-0.005761255367300766
2005-09-08,22.948583477501238,23.09857383275186,22.248625943357215,22.66860008239746,7215300,0.0,0.0,-0.06167219431903448
2005-09-09,22.738595006285873,22.738595006285873,21.718657559110873,21.85865020751953,3772500,0.0,0.0,-0.0357300350235068
2005-09-12,21.848650957915833,22.438614672971056,21.82865173535071,22.358619689941406,1375300,0.0,0.0,0.02287284336751405
2005-09-13,22.298621825465055,23.29856005812682,21.988641507364537,22.81859016418457,3361600,0.0,0.0,0.020572400292227844
2005-09-14,22.818589734066137,23.098573120536987,22.56860518061277,23.058574676513672,1573100,0.0,0.0,0.010517061334743394
2005-09-15,23.128570775541963,23.148569998184175,22.788593526778605,23.00857925415039,1066300,0.0,0.0,-0.0021681922263045994
2005-09-16,23.068574943273116,23.098573777143358,22.61860387860453,22.698598861694336,1096800,0.0,0.0,-0.013472383019918044
2005-09-19,22.638601699378885,22.898585877032815,22.598605160556446,22.76859474182129,1127500,0.0,0.0,0.0030837092876723204
2005-09-20,22.82858937260135,23.09857314839195,22.6885986328125,22.6885986328125,791300,0.0,0.0,-0.0035134407685623037
2005-09-21,22.618603788003206,22.718596086041803,21.92864586959807,22.04863739013672,1734800,0.0,0.0,-0.028206292201328975
2005-09-22,21.99864129563886,22.348620061333826,21.81865210715397,22.018640518188477,796900,0.0,0.0,-0.0013604864290461816
2005-09-23,22.00864175087877,22.348620918336103,21.95864369258745,22.248626708984375,1412700,0.0,0.0,0.010445067696432941
2005-09-26,22.348619543634396,22.348619543634396,21.798652379644754,21.948644638061523,1166900,0.0,0.0,-0.013483172460335036
2005-09-27,21.898646744757144,22.08863554152052,21.75865600357929,21.85865020751953,947100,0.0,0.0,-0.004100227236169762
2005-09-28,22.01864009238828,22.01864009238828,21.368680629941416,21.548667907714844,1122700,0.0,0.0,-0.01418121873317002
2005-09-29,21.658661586336915,22.038639176121514,21.498671624500492,21.978641510009766,855500,0.0,0.0,0.0199536047488571
2005-09-30,22.048637952295515,22.27862520244827,21.728658013059704,22.08863639831543,1017000,0.0,0.0,0.005004626343969809
2005-10-03,22.158630966981015,22.158630966981015,21.408677296418308,21.828651428222656,1208600,0.0,0.0,-0.011770077853814453
2005-10-04,21.778655589585647,21.828651738775456,21.298683784101613,21.308683395385742,885400,0.0,0.0,-0.0238204377648652
2005-10-05,21.438676858355116,21.438676858355116,19.998765227920217,20.38874053955078,3945800,0.0,0.0,-0.043172205375868966
2005-10-06,20.608727663463938,20.718719572556026,20.198753139099583,20.318744659423828,1618700,0.0,0.0,-0.0034330654211413014
2005-10-07,20.198753356933594,20.528732902230182,19.908770349766154,20.198753356933594,1397600,0.0,0.0,-0.005905448614148656
2005-10-10,20.148755229361875,20.18875367458118,19.82877529653079,19.888771057128906,729800,0.0,0.0,-0.015346605521982859
2005-10-11,19.908771291168158,20.158755864796316,19.64878710572716,19.688785552978516,996600,0.0,0.0,-0.010055196652218878
2005-10-12,19.64878538729273,19.84877379159714,19.228811264038086,19.228811264038086,1224200,0.0,0.0,-0.02336224790009178
2005-10-13,19.348805585900156,19.348805585900156,18.82883723636547,19.088821411132812,1829800,0.0,0.0,-0.007280213580705519
2005-10-14,18.998827541623548,19.148817903927018,18.198877671184402,18.6988468170166,3529400,0.0,0.0,-0.020429474702339356
2005-10-17,18.858835577567568,18.87883289261855,18.288871093152142,18.308868408203125,1277800,0.0,0.0,-0.020855746486921456
2005-10-18,18.248872571521336,18.29886871978387,17.96888918245107,17.99888801574707,2141300,0.0,0.0,-0.016930614472993377
2005-10-19,18.00888891784488,18.338868478832847,17.638910909594884,17.988889694213867,2621600,0.0,0.0,-0.0005554966242612425
2005-10-20,18.628848451413194,19.518794776168548,18.608851136238094,19.29880714416504,4084000,0.0,0.0,0.0728181378738737
2005-10-21,19.368804355822128,20.098758806044792,19.248810929031023,20.03876304626465,2597400,0.0,0.0,0.03834205381565936
2005-10-24,20.238750043127784,21.518671695548793,19.988765479491477,21.158693313598633,3462500,0.0,0.0,0.05588819353511676
2005-10-25,21.028701707577763,21.218688598469775,20.528732591529863,20.718719482421875,1444100,0.0,0.0,-0.020793998223604282
2005-10-26,20.66872387197382,20.718720021988307,20.018764385631172,20.078760147094727,1241200,0.0,0.0,-0.030887977216453977
2005-10-27,20.00876408163853,20.158754433721388,19.47879613656625,19.758779525756836,1242700,0.0,0.0,-0.015936273903057185
2005-10-28,19.748779540385314,20.198752495337033,19.018825108779875,19.968765258789062,2694600,0.0,0.0,0.010627464756034044
2005-10-31,19.99876414890177,20.908707765098338,19.898769946711106,20.648723602294922,2926400,0.0,0.0,0.03405109603392131
2005-11-01,18.778840061197297,18.838835819104297,16.918954401003518,17.52891731262207,10717000,0.0,0.0,-0.15108954673237585
2005-11-02,17.60891284567316,18.448861111692956,17.518918252368838,18.278871536254883,2877500,0.0,0.0,0.04278383029925026
2005-11-03,18.278871536254883,18.69884566926478,18.09888234964624,18.278871536254883,2048600,0.0,0.0,0.0
2005-11-04,18.258871803233763,18.58885133371018,17.908893050975554,18.208873748779297,2365100,0.0,0.0,-0.003829437027157323
2005-11-07,18.29886963612705,18.36886691732294,18.068884291033264,18.198877334594727,1628300,0.0,0.0,-0.0005489858583505036
2005-11-08,18.198877450116697,18.56885354548898,18.048885182404298,18.478858947753906,2455300,0.0,0.0,0.015384554113508697
2005-11-09,18.45885843639173,18.728842210757822,18.348866530236887,18.48885726928711,796700,0.0,0.0,0.0005410681233875003
2005-11-10,18.39886254124474,18.648847091824777,18.098881843441,18.208873748779297,1099700,0.0,0.0,-0.015143365348647575
2005-11-11,18.15887838107961,18.308868736420262,18.008888025738955,18.12887954711914,577700,0.0,0.0,-0.004393143846445735
2005-11-14,18.1888766751738,18.578851968930763,18.008887491214956,18.428861618041992,1178600,0.0,0.0,0.016547193120411086
2005-11-15,18.458859372617333,18.478858595561938,17.88889486931218,17.97888946533203,933300,0.0,0.0,-0.02441670907493465
2005-11-16,18.04888512296925,18.2288743178467,17.928893597871554,18.16887855529785,1367800,0.0,0.0,0.01056734290136041
2005-11-17,18.128880333305773,18.518857562780447,18.06888457001387,18.388864517211914,699400,0.0,0.0,0.01210784480971272
2005-11-18,18.558852831070347,18.578852053207783,17.998887961837795,18.028886795043945,1180000,0.0,0.0,-0.019575853736430004
2005-11-21,18.088883251500466,18.76884157253728,17.968889821281255,18.688846588134766,1166500,0.0,0.0,0.03660568733906744
2005-11-22,18.968827367616395,19.388801496766575,18.858835460212614,19.078821182250977,2516300,0.0,0.0,0.020866702087639855
2005-11-23,19.16881566656283,19.198814499629567,18.968827260579502,19.138816833496094,869400,0.0,0.0,0.0031446204496601293
2005-11-25,19.208813165049317,19.39880196952159,19.008826656285088,19.308807373046875,259900,0.0,0.0,0.008881977450835299
2005-11-28,19.448800594163025,19.46879791056085,18.628849590462202,18.668848037719727,1425300,0.0,0.0,-0.03314339011017664
2005-11-29,18.848837352939942,18.848837352939942,17.998889415750003,18.26887321472168,1460200,0.0,0.0,-0.021424718985869506
2005-11-30,18.118881625816034,18.438861555301653,18.00888780984379,18.248872756958008,920200,0.0,0.0,-0.0010947833250906092
2005-12-01,18.348868199423027,18.668848150492373,18.238874376031333,18.60885238647461,1454100,0.0,0.0,0.01972612962514897
2005-12-02,18.688846698620754,18.89883281870719,18.368866759119015,18.628849029541016,1248700,0.0,0.0,0.001074576908404179
2005-12-05,18.678846921615097,18.898832651265774,18.458859284733553,18.718843460083008,1078000,0.0,0.0,0.004830917379773814
2005-12-06,19.048823365419548,19.798777071258602,18.89883300569792,19.558792114257812,1830500,0.0,0.0,0.044871824264461235
2005-12-07,19.63878715088925,19.778779806592844,19.158817235642104,19.18881607055664,850200,0.0,0.0,-0.018916098782576163
2005-12-08,19.248810975303055,19.748780091544692,18.898832212487743,18.95882797241211,1144600,0.0,0.0,-0.011985528304553683
2005-12-09,19.22881260987845,19.22881260987845,18.758842306269486,19.18881607055664,482500,0.0,0.0,0.012130923835544927
2005-12-12,19.24881154612491,19.24881154612491,18.99882698059082,18.99882698059082,845600,0.0,0.0,-0.009901032417385047
2005-12-13,18.908831475605414,19.148816418116045,18.74884151393166,18.798837661743164,803400,0.0,0.0,-0.010526403501224801
2005-12-14,18.618851315987435,18.72884322811709,18.248873319103478,18.28887176513672,1734200,0.0,0.0,-0.027127522764040846
2005-12-15,17.898894426001107,18.47885853900346,17.828899053140095,18.008888244628906,2502400,0.0,0.0,-0.015308955309180527
2005-12-16,18.18887770992073,18.18887770992073,17.498919767904418,17.518918991088867,1909800,0.0,0.0,-0.027207079464562245
2005-12-19,17.51891807921434,17.818898782443235,17.278933135185063,17.31892967224121,1262800,0.0,0.0,-0.011415619819315492
2005-12-20,17.298931515836593,17.588914533089593,17.298931515836593,17.428924560546875,944900,0.0,0.0,0.006351136611055352
2005-12-21,17.398926059957436,17.778903682474205,17.108944944360804,17.58891487121582,1370200,0.0,0.0,0.00917958592988044
2005-12-22,17.58891453634817,17.788902955679077,17.528918773441266,17.768903732299805,726100,0.0,0.0,0.010233085008475085
2005-12-23,17.838898708443025,18.048884827542363,17.6389102935791,17.6389102935791,737500,0.0,0.0,-0.0073157827111418605
2005-12-27,17.678907986956656,17.938892152321404,17.348928451538086,17.348928451538086,469600,0.0,0.0,-0.01643989550457514
2005-12-28,17.248935309416535,17.588914476789306,17.098944949041705,17.458921432495117,802100,0.0,0.0,0.006340044646808041
2005-12-29,17.498920048593774,17.778903455974408,17.38892622654586,17.708906173706055,875700,0.0,0.0,0.014318452727879238
2005-12-30,17.588914033959494,17.77890283617415,17.548915588343412,17.69890785217285,889400,0.0,0.0,-0.0005645928345392459
2006-01-03,17.698908470250764,18.1888780027732,17.698908470250764,18.048885345458984,1876000,0.0,0.0,0.01977395985160557
2006-01-04,18.14887806860867,18.178876901410188,17.598912817862956,17.80889892578125,1474200,0.0,0.0,-0.013296467625803499
2006-01-05,17.96888959582185,18.558853313599577,17.868897296996483,18.46885871887207,2975400,0.0,0.0,0.03705786617360274
2006-01-06,17.66890905449136,19.378802556265907,17.498919474733285,18.718843460083008,13755800,0.0,0.0,0.01353547314515402
2006-01-09,18.71884379951743,18.958828756369215,18.46885923105962,18.878833770751953,2536700,0.0,0.0,0.008547018997734357
2006-01-10,18.72884301658914,19.29880751550935,18.718843405193766,18.748842239379883,2485700,0.0,0.0,-0.0068855699960375105
2006-01-11,18.638848819788777,19.348805986193316,18.438862309297892,19.218812942504883,3573600,0.0,0.0,0.025066651963067788
2006-01-12,19.10882034295606,19.3488052912644,18.778840800628238,18.898832321166992,2016200,0.0,0.0,-0.016649343655882776
2006-01-13,18.988827177525614,19.038825234466533,18.238873488489542,18.408863067626953,1947300,0.0,0.0,-0.02592590088178437
2006-01-17,18.338867460152002,18.598851631220857,18.088882900343204,18.18887710571289,1162900,0.0,0.0,-0.011950002621341715
2006-01-18,17.97888991683285,18.678847479624984,17.8988949302764,18.41886329650879,2184100,0.0,0.0,0.012644331448237844
2006-01-19,18.378864418884692,19.078821965272493,18.298869434203016,18.99882698059082,1799500,0.0,0.0,0.03148748512574939
2006-01-20,18.998827196691458,19.048823347474602,18.478858836730804,18.538856506347656,1703900,0.0,0.0,-0.024210467031099858
2006-01-23,18.62884896398253,18.698846244329225,18.238873652491044,18.31886863708496,737600,0.0,0.0,-0.01186631274627814
2006-01-24,18.308868330882536,18.4988571272956,17.96888918245107,17.99888801574707,1221100,0.0,0.0,-0.017467269823100207
2006-01-25,17.998888453936082,18.07888343744212,17.708905446707416,17.75890350341797,2234200,0.0,0.0,-0.013333296596942046
2006-01-26,17.398925836196508,17.578915033260106,16.93895513901703,17.028949737548828,7358600,0.0,0.0,-0.04110353804944378
2006-01-27,16.199000592866952,16.24899674303008,13.639158224835729,14.689092636108398,21700800,0.0,0.0,-0.13740466308859
2006-01-30,14.709091951728887,16.19900069491582,14.659094847635355,16.189001083374023,9308800,0.0,0.0,0.102110353881123
2006-01-31,15.999011930850793,16.248996492270336,15.799024472438242,15.859020233154297,3641200,0.0,0.0,-0.02038302724919916
2006-02-01,15.789024885551992,16.029010789633926,15.099067914556924,15.149064064025879,3612100,0.0,0.0,-0.044766710596926385
2006-02-02,15.279056882254492,16.98895140503565,15.229059776775944,16.28899574279785,4462700,0.0,0.0,0.07524766374702585
2006-02-03,16.298993156592815,16.3889877541255,15.419048311777667,15.589037895202637,2082500,0.0,0.0,-0.04297120943780097
2006-02-06,16.778965394658925,17.338930309770802,15.909018232711599,16.2289981842041,3557000,0.0,0.0,0.0410519426088769
2006-02-07,15.899018053428566,16.069007634996336,15.349052769831543,15.509042739868164,2237900,0.0,0.0,-0.04436228510005502
2006-02-08,15.549040394672794,15.709030366379334,14.749089582524638,15.079069137573242,1722400,0.0,0.0,-0.027724058119307005
2006-02-09,15.049071194453331,15.159064061145811,14.669094536403698,14.769088745117188,1899500,0.0,0.0,-0.020556997890782358
2006-02-10,14.699092089930703,15.01907297851227,14.049132608626877,14.949076652526855,4394500,0.0,0.0,0.01218679842174919
2006-02-13,14.769088530442625,15.20906094443282,14.699092203914427,15.059070587158203,2010300,0.0,0.0,0.007357908263367907
2006-02-14,15.129066242135398,15.179063346697555,14.719091701233525,15.079069137573242,1177000,0.0,0.0,0.0013280069509795656
2006-02-15,15.12906596567869,15.389050141758796,14.93907716253729,15.229059219360352,1244500,0.0,0.0,0.00994690590106595
2006-02-16,15.229058690300558,15.749027024396995,15.049070458480209,15.699029922485352,1717500,0.0,0.0,0.030860127100138746
2006-02-17,15.749027648567655,15.919017229635081,15.319053890148231,15.879019737243652,1976000,0.0,0.0,0.011465027816814688
2006-02-21,15.979012290793753,15.989011901857024,15.379049931228481,15.559039115905762,1378000,0.0,0.0,-0.02015115710117721
2006-02-22,15.65903304748935,15.88901934388123,15.439046362596125,15.709030151367188,585600,0.0,0.0,0.009640122011653762
2006-02-23,15.779025132331991,15.859020115101538,15.359050995984164,15.749027252197266,605300,0.0,0.0,0.002546121590236927
2006-02-24,15.689030655099772,15.959014439168284,15.459045316329195,15.859020233154297,531700,0.0,0.0,0.006984112681733157
2006-02-27,15.969013995540918,16.199000287135497,15.749027315236408,15.889019012451172,1055400,0.0,0.0,0.001891590959330447
2006-02-28,15.929016430944984,16.05900756265811,15.409048089630815,15.5790376663208,1022100,0.0,0.0,-0.01950915571864187
2006-03-01,15.51904252095075,15.699030762400668,15.269057951633492,15.589037895202637,1540900,0.0,0.0,0.0006419028630666457
2006-03-02,15.499043297669953,15.879019957466038,15.399049088496868,15.589037895202637,1036400,0.0,0.0,0.0
2006-03-03,15.559039103507853,15.629034473664179,15.149063632779018,15.389049530029297,1716500,0.0,0.0,-0.012828781770739317
2006-03-06,15.499042543770214,15.599036748079412,14.989073818301046,15.12906551361084,726000,0.0,0.0,-0.016894091861302973
2006-03-07,15.159063260917884,15.179062483051027,14.659094150974074,14.849082946777344,1917200,0.0,0.0,-0.01850626970856928
2006-03-08,15.199060344778621,16.798960881609577,15.099067097635334,16.50897979736328,8393800,0.0,0.0,0.11178446888170823
2006-03-09,16.498981582476183,16.568976956760046,15.999012443613267,16.09900665283203,1420800,0.0,0.0,-0.0248333421909408
2006-03-10,16.00901194489843,16.169001915653183,15.67903239181289,16.15900230407715,1280100,0.0,0.0,0.0037266678956595634
2006-03-13,16.159002808218986,16.318992783965236,15.89901862082359,16.2289981842041,1212200,0.0,0.0,0.004331695658542634
2006-03-14,16.25899567397392,16.758964783602035,16.09900571147139,16.26899528503418,1337000,0.0,0.0,0.0024645452772931176
2006-03-15,16.538980203996687,16.988951289394322,16.268996408419547,16.6889705657959,1304500,0.0,0.0,0.02581445709484309
2006-03-16,16.778964061398156,16.838959820727982,16.189000357500916,16.238996505737305,879300,0.0,0.0,-0.02696236165583621
2006-03-17,16.278995439040425,16.338991200172188,15.739027867161987,15.79902458190918,1006800,0.0,0.0,-0.02709354138186315
2006-03-20,15.799024418071355,15.939015161670698,15.409048160297282,15.889019012451172,1069700,0.0,0.0,0.005696201691150149
2006-03-21,16.37898826599121,16.568977074129595,15.689031269063744,16.37898826599121,1421300,0.0,0.0,0.03083697320495893
2006-03-22,16.45898285387263,16.45898285387263,15.939015454244846,16.24899673461914,1284400,0.0,0.0,-0.007936481134306672
2006-03-23,16.278995847979626,16.328991998973557,16.039010890193136,16.09900665283203,811000,0.0,0.0,-0.009230728778937491
2006-03-24,16.049007421522354,16.75896453857422,16.049007421522354,16.75896453857422,953800,0.0,0.0,0.040993702280760935
2006-03-27,16.86895866282895,18.67884631261,16.748965236875748,17.99888801574707,5245500,0.0,0.0,0.0739856853517955
2006-03-28,18.058884957212207,18.148879555760303,17.748904621785957,18.048885345458984,1738800,0.0,0.0,0.0027778010323844526
2006-03-29,18.008888804591933,18.098883403134604,17.47892082508853,17.708906173706055,1235600,0.0,0.0,-0.018836574405879714
2006-03-30,17.828898970545076,18.998826802571614,17.758903598008327,18.748842239379883,2170200,0.0,0.0,0.05872390171776454
2006-03-31,18.74884240496017,18.808838166631396,18.548853989748242,18.65884780883789,772900,0.0,0.0,-0.004799999348918171
2006-04-03,18.698846696364704,18.748842847732956,17.39892578125,17.39892578125,2096200,0.0,0.0,-0.06752410655234131
2006-04-04,17.41892392264001,18.048884164009603,17.40892431154134,17.99888801574707,937000,0.0,0.0,0.03448271703898076
2006-04-05,17.918892873596803,18.26887162999037,17.52891758039782,18.088882446289062,741100,0.0,0.0,0.004999999470148175
2006-04-06,17.99888856537001,18.228873905969884,17.63891018374873,17.69890785217285,708700,0.0,0.0,-0.021558799736476453
2006-04-07,17.698907742596152,18.048884603415786,17.498919330215635,17.75890350341797,675400,0.0,0.0,0.0033897939774714114
2006-04-10,17.69890815099765,18.918832154422123,17.618913165645733,18.5688533782959,2362400,0.0,0.0,0.04560810157688189
2006-04-11,18.968828146123613,19.39880190399919,18.85883623420561,18.99882698059082,3213000,0.0,0.0,0.023155635597698954
2006-04-12,18.99882658138349,19.198814992500914,18.578852443821567,18.86883544921875,1290900,0.0,0.0,-0.006842081961421553
2006-04-13,18.798837661743164,19.008825678459207,18.588851552257907,18.798837661743164,698600,0.0,0.0,-0.0037097036361343205
2006-04-17,18.61885200471735,18.61885200471735,17.848899055174055,17.92889404296875,1276100,0.0,0.0,-0.046276457854881325
2006-04-18,17.498918799434893,18.258872073306616,17.378925374200076,18.058883666992188,2404400,0.0,0.0,0.007250286811439688
2006-04-19,17.988889178870163,17.988889178870163,16.958952078149757,17.578914642333984,2509500,0.0,0.0,-0.02657800080607886
2006-04-20,17.648909615311887,17.65890922661401,17.318930071265132,17.448923110961914,845200,0.0,0.0,-0.007394741599064503
2006-04-21,17.458920467351383,17.658908874949574,17.23893474477802,17.28893280029297,901300,0.0,0.0,-0.009169065027768708
2006-04-24,17.248934029978376,17.348928231888173,16.678969558492536,16.75896453857422,1334400,0.0,0.0,-0.030653613374549638
2006-04-25,16.75896555202731,17.08894510322272,16.738966328989797,16.898956298828125,629200,0.0,0.0,0.008353246403242087
2006-04-26,16.948953726050476,17.878894675937484,16.758964928722012,17.598913192749023,966800,0.0,0.0,0.0414201256896225
2006-04-27,17.59891414477738,17.748904505632314,17.158940766669442,17.428924560546875,618700,0.0,0.0,-0.009659041461275386
2006-04-28,17.49891935550631,17.528918189575997,16.96895139699358,17.048946380615234,818000,0.0,0.0,-0.02180158498085316
2006-05-01,17.028948234737506,17.358927764489636,17.00894901299962,17.158939361572266,712900,0.0,0.0,0.006451599911305506
2006-05-02,17.218935362983864,17.29893034383557,16.648970886011604,16.668970108032227,1108500,0.0,0.0,-0.028554751737006168
2006-05-03,16.71896691735412,16.928954942417455,16.28899507028321,16.308992385864258,805900,0.0,0.0,-0.021595678667304496
2006-05-04,16.09900552414369,16.448984278257182,15.949014220831312,16.019010543823242,1320300,0.0,0.0,-0.017780487916123855
2006-05-05,16.04900827658552,16.71896698567539,15.939015411516824,16.618974685668945,1375600,0.0,0.0,0.03745325843967584
2006-05-08,16.598974407469285,16.748964755173947,16.099005310299916,16.139001846313477,775700,0.0,0.0,-0.0288810139273733
2006-05-09,16.19900069491582,16.398987204059058,16.17900147183223,16.189001083374023,996300,0.0,0.0,0.0030980377557841
2006-05-10,16.428985085075016,16.468981621689736,16.18900014369436,16.358989715576172,1410300,0.0,0.0,0.010500254544841825
2006-05-11,16.298992915245854,16.298992915245854,15.129066025490971,15.369050979614258,2384900,0.0,0.0,-0.06051343959335986
2006-05-12,15.279056274068482,15.579037941383469,14.99907382959503,15.429047584533691,2051400,0.0,0.0,0.0039037286686740558
2006-05-15,15.359050903618115,15.419047617142176,14.97907426094016,15.099067687988281,2782700,0.0,0.0,-0.021386925844741556
2006-05-16,15.169062884312693,15.299054967437579,14.989073699429712,15.019072532653809,879100,0.0,0.0,-0.00529801951931852
2006-05-17,14.999073866333294,15.039071358498898,14.78908679406001,14.889081001281738,1154300,0.0,0.0,-0.008655097116646027
2006-05-18,14.839083842868519,15.219060493846186,14.829084231460188,14.919078826904297,901000,0.0,0.0,0.0020147533363528147
2006-05-19,14.919078662990936,15.219060326636976,14.759088696677159,15.009073257446289,1174700,0.0,0.0,0.006032170724890928
2006-05-22,15.599036624370747,15.66903199466284,14.779086634938034,15.019072532653809,1940100,0.0,0.0,0.00066621536426692
2006-05-23,15.159063952137513,15.299055652606635,14.959076489764085,14.99907398223877,597000,0.0,0.0,-0.0013315436337070219
2006-05-24,15.129065802426467,15.419047856120441,14.949076612680063,15.319053649902344,1325400,0.0,0.0,0.02133329484490032
2006-05-25,15.449045419861571,15.689030365527229,15.3590508268331,15.669032096862793,1857000,0.0,0.0,0.022845957391283145
2006-05-26,15.619035212422226,15.679031926482367,15.21906029740601,15.549039840698242,987900,0.0,0.0,-0.00765792394978726
2006-05-30,15.499043183705034,15.609036050094282,15.459045691052992,15.479043960571289,684400,0.0,0.0,-0.0045016207331172176
2006-05-31,15.559040291488175,16.708967995801967,15.539041067850569,16.28899574279785,2071900,0.0,0.0,0.05232569816906629
2006-06-01,16.37898787975387,16.778964710030277,16.28899519089564,16.58897590637207,2208600,0.0,0.0,0.018416123885774516
2006-06-02,16.56897619531323,16.89895573550892,16.49898082424609,16.858959197998047,1061700,0.0,0.0,0.01627486188115279
2006-06-05,16.79896236106702,16.79896236106702,15.989012887329347,16.069007873535156,1446100,0.0,0.0,-0.046856470508374826
2006-06-06,16.14900243031799,16.978951105345427,15.979012850747026,16.648971557617188,2168700,0.0,0.0,0.03609206546206267
2006-06-07,16.75896497270686,16.908955325841596,16.19900009762946,16.518980026245117,1474400,0.0,0.0,-0.0078077814549810665
2006-06-08,16.498980984519427,16.91895512223279,16.24899642414792,16.768964767456055,2256500,0.0,0.0,0.015133182606539064
2006-06-09,14.159125942474791,14.89908004343331,13.739151787094992,13.829146385192871,13442400,0.0,0.0,-0.17531305140365983
2006-06-12,13.809147518293022,13.94913826162277,12.699215461233356,13.109189987182617,4475600,0.0,0.0,-0.05206079811123587
2006-06-13,13.099191035260759,13.429170570861514,12.769211499660006,12.919201850891113,2466000,0.0,0.0,-0.014492744134249502
2006-06-14,12.909202239844934,13.099191035260759,12.84920648079865,12.919201850891113,1054900,0.0,0.0,0.0
2006-06-15,12.999196816343229,13.539163415185177,12.989197205309116,13.459168434143066,1472900,0.0,0.0,0.04179566117814848
2006-06-16,13.439169875042145,13.589161187106868,12.989197846078863,13.099191665649414,1689200,0.0,0.0,-0.026745840224457473
2006-06-19,13.009196563186542,13.119189424863865,12.759212006416389,13.029194831848145,1402700,0.0,0.0,-0.005343599482159345
2006-06-20,13.239182301209995,13.449169373441949,13.09919155546565,13.159187316894531,1799100,0.0,0.0,0.009977015980192183
2006-06-21,13.149187533516997,13.469168420210329,13.0591938925504,13.079192161560059,1268500,0.0,0.0,-0.0060790346248639215
2006-06-22,13.0091968441351,13.169186811344701,12.909202637821387,13.0491943359375,621000,0.0,0.0,-0.002293553397794912
2006-06-23,13.099191776787993,13.189185420451837,12.899203359004918,13.03919506072998,346500,0.0,0.0,-0.0007662752925658989
2006-06-26,13.039195057761155,13.409172104790885,12.709215503555843,12.869205474853516,2312300,0.0,0.0,-0.013036815929567735
2006-06-27,9.949384988211708,11.0293181775757,9.849391739487125,10.849329948425293,24056200,0.0,0.0,-0.15695417486146046
2006-06-28,10.799333740673767,10.869329115933164,10.339362088364583,10.709339141845703,2465200,0.0,0.0,-0.01290317533387475
2006-06-29,10.66934115766215,10.979321479797363,10.499351579607836,10.979321479797363,1851600,0.0,0.0,0.025209990492945478
2006-06-30,11.049317454203027,11.18930819383372,10.659341207484546,10.819331169128418,7978300,0.0,0.0,-0.014571967034878952
2006-07-03,10.869329000900095,11.179310287625533,10.569347325853158,10.599346160888672,2063300,0.0,0.0,-0.020332588475288182
2006-07-05,10.559348665963913,10.659341921885293,10.34936158882892,10.429356575012207,2173600,0.0,0.0,-0.016037742639609442
2006-07-06,10.469353491079953,10.569346741490154,10.149372610367262,10.219368934631348,1510800,0.0,0.0,-0.020134285262042972
2006-07-07,10.209369542360518,10.379359120678812,9.989382860957651,10.099376678466797,1790300,0.0,0.0,-0.011741650285070127
2006-07-10,9.949385153937262,10.179371441703893,9.079439012104327,9.339423179626465,4660900,0.0,0.0,-0.07524756458095605
2006-07-11,9.259428014557615,9.809394218469619,9.059440564121083,9.799394607543945,2379500,0.0,0.0,0.04925051783935519
2006-07-12,9.719399734168805,9.969384288365216,9.659403021570892,9.739398002624512,1215000,0.0,0.0,-0.006122480757458804
2006-07-13,9.659403469523049,10.189370481984204,9.649403858023767,9.83939266204834,3012000,0.0,0.0,0.010267026709133598
2006-07-14,10.039380410129066,10.339362088350379,9.769397567260715,10.199370384216309,2470800,0.0,0.0,0.03658535994365231
2006-07-17,10.149372999274838,10.49935177315967,10.029380522015439,10.17937183380127,755400,0.0,0.0,-0.0019607632296584354
2006-07-18,10.27936508804305,10.31936258046285,10.07937762594405,10.17937183380127,1006000,0.0,0.0,0.0
2006-07-19,10.199369786467527,10.699338902996478,10.18937017526925,10.529349327087402,1150300,0.0,0.0,0.034381050127671786
2006-07-20,10.609344704255786,10.789333898061205,10.339361867163106,10.489352226257324,1149100,0.0,0.0,-0.0037986298666322638
2006-07-21,10.429356120770048,11.499289729583014,10.019381596032947,10.329361915588379,2615400,0.0,0.0,-0.015252639745326868
2006-07-24,10.419356346130371,10.669340901548825,10.179371401796352,10.419356346130371,990900,0.0,0.0,0.008712486916174322
2006-07-25,10.37935935982926,10.629343927396587,10.159372673357687,10.489352226257324,1301400,0.0,0.0,0.006717869876189608
2006-07-26,10.409356769055162,11.14931082664365,10.399357157938057,10.929325103759766,1643400,0.0,0.0,0.04194471384048715
2006-07-27,10.939324434032617,11.209308229106094,10.599346217680942,10.739336967468262,670800,0.0,0.0,-0.017383336526987092
2006-07-28,10.749336409067242,10.969323095613966,10.54934894566815,10.659341812133789,859300,0.0,0.0,-0.0074487983361352095
2006-07-31,10.649341529717121,10.769334953813177,10.499351180020131,10.679340362548828,885500,0.0,0.0,0.001876152464899361
2006-08-01,10.709338392271162,10.739336271909064,10.339361364685699,10.419356346130371,1458600,0.0,0.0,-0.02434457631205289
2006-08-02,10.49935195309304,11.129313184712476,10.48935234141286,10.769335746765137,1672900,0.0,0.0,0.0335893493809476
2006-08-03,10.659341925514079,10.899326884145639,10.49935195309304,10.769335746765137,617800,0.0,0.0,0.0
2006-08-04,10.919325759314667,11.219307424846143,10.499351618293685,10.609344482421875,1041300,0.0,0.0,-0.014856186872186594
2006-08-07,10.56934676391573,10.689339236831806,10.489351781971678,10.559348106384277,460000,0.0,0.0,-0.004712484934430661
2006-08-08,10.549348604099665,10.719338180888805,10.40935690744525,10.499351501464844,665300,0.0,0.0,-0.005681847431770803
2006-08-09,10.659341126165382,11.079315249084294,10.469353286566532,10.509350776672363,1272500,0.0,0.0,0.0009523707446239538
2006-08-10,10.479352341607854,10.709338633656666,10.41935658097976,10.63934326171875,1074500,0.0,0.0,0.012369221259121987
2006-08-11,10.589345878110453,10.719337960846394,10.499351285938234,10.619343757629395,804900,0.0,0.0,-0.0018797686659208779
2006-08-14,10.73933627713467,11.449292453013149,10.689339175303571,11.299302101135254,2267100,0.0,0.0,0.064030165989998
2006-08-15,11.489289794453603,11.679278588219827,11.189308140980623,11.559286117553711,1183700,0.0,0.0,0.023008856130356525
2006-08-16,11.689277948897255,12.849207142359047,11.579285082572323,12.559225082397461,2536400,0.0,0.0,0.08650525254541996
2006-08-17,12.559224647269197,12.839207085969457,12.299240477382677,12.799209594726562,1302600,0.0,0.0,0.019108226085178925
2006-08-18,12.739213437684096,12.839207646968203,12.399234270456674,12.669218063354492,867000,0.0,0.0,-0.010156215538936753
2006-08-21,12.679217002589427,12.999196929544357,12.33923785339211,12.689215660095215,1651000,0.0,0.0,0.0015784396985449867
2006-08-22,12.64921838704692,12.809209306894854,12.51922725469457,12.569223403930664,913400,0.0,0.0,-0.009456239012620715
2006-08-23,12.59922268902489,12.889204751610258,12.48922886808928,12.669218063354492,1039800,0.0,0.0,0.007955516121430195
2006-08-24,12.669218172928757,12.679217784666744,11.90926484592008,12.09925365447998,1483900,0.0,0.0,-0.04498812839311095
2006-08-25,12.049256436096895,12.329238886819395,11.899265122283966,11.989259719848633,755000,0.0,0.0,-0.009090968564876789
2006-08-28,12.149249131153079,12.259242946930803,11.699277117705817,12.119251251220703,1227100,0.0,0.0,0.010842331754383983
2006-08-29,12.159248633953212,12.209245735805123,11.979259448732492,12.179247856140137,814400,0.0,0.0,0.004950520760380384
2006-08-30,12.289240882071418,12.329238373366072,11.899264626736976,12.089253425598145,882900,0.0,0.0,-0.007389161597251004
2006-08-31,12.099253154156575,12.429232698941261,11.969261067784513,12.199246406555176,1530600,0.0,0.0,0.009098409726784995
2006-09-01,10.999321044623272,11.559286899213074,10.879328565843053,11.30930233001709,6227900,0.0,0.0,-0.07295074194582063
2006-09-05,11.259305338488417,11.649280660035274,11.049318260111086,11.589284896850586,1590700,0.0,0.0,0.024756838102238055
2006-09-06,11.419295089489857,11.679279267870012,11.299302611841041,11.539287567138672,1273000,0.0,0.0,-0.00431409963228202
2006-09-07,11.399296033419548,11.869267292974586,11.399296033419548,11.619282722473145,986800,0.0,0.0,0.0069324171764537645
2006-09-08,11.769273927740064,11.989259661137028,11.549287240727653,11.849268913269043,837100,0.0,0.0,0.01979349296244215
2006-09-11,11.829269363120131,13.309178461732683,11.699277276824638,13.249181747436523,3176800,0.0,0.0,0.11814339301556664
2006-09-12,13.219183829364027,13.689154116611553,12.929201777260385,13.619158744812012,2635000,0.0,0.0,0.027924516730784
2006-09-13,13.57916117283732,14.299116969994786,13.57916117283732,14.189123153686523,2651500,0.0,0.0,0.0418501920385963
2006-09-14,14.149125840853602,14.539102101236208,13.889142620880623,14.439107894897461,1253600,0.0,0.0,0.017618054230926106
2006-09-15,14.579099980622257,14.919079146873562,13.799148392738083,13.889142990112305,1823200,0.0,0.0,-0.03808856535932559
2006-09-18,13.919140650331732,14.159125603775104,13.549163608702672,14.009135246276855,2245800,0.0,0.0,0.00863928438565087
2006-09-19,14.089130246624416,14.5890993770022,13.829146069960263,14.51910400390625,1556600,0.0,0.0,0.036402586502612744
2006-09-20,14.609097388046429,15.149064001163133,14.539102016188007,15.009073257446289,1590100,0.0,0.0,0.03374652136992862
2006-09-21,15.019072551037409,15.079068310328239,14.34911386605894,14.479104995727539,847400,0.0,0.0,-0.035309859085125184
2006-09-22,14.299117191313591,14.339114683240556,13.879143049272749,14.069130897521973,1062500,0.0,0.0,-0.028314878462898152
2006-09-25,13.999135095393752,14.409109613466105,13.889142234374345,14.30911636352539,604800,0.0,0.0,0.0170575899642591
2006-09-26,14.239120767616848,14.479105724083151,14.129127900973655,14.429109573364258,745300,0.0,0.0,0.008385787549029633
2006-09-27,14.349114308135684,14.63909636328305,14.249120101416414,14.409110069274902,658000,0.0,0.0,-0.0013860525479877372
2006-09-28,14.409109733320554,14.739089272738932,14.229120546868563,14.419109344482422,828400,0.0,0.0,0.0006939550853206633
2006-09-29,14.50910455548604,14.50910455548604,14.16912539042995,14.259119987487793,872000,0.0,0.0,-0.01109564766951776
2006-10-02,14.199122745673797,14.449107304413179,13.819146101956088,13.84914493560791,877500,0.0,0.0,-0.02875177796663686
2006-10-03,13.899141094025358,14.19912275544207,13.549163283718705,14.019134521484375,1274300,0.0,0.0,0.012274374097956064
2006-10-04,14.09912974495294,14.679093855247672,14.009135149628683,14.409110069274902,1549700,0.0,0.0,0.027817376828283447
2006-10-05,14.479105727364926,14.89907987808387,14.35911324910458,14.599099159240723,968600,0.0,0.0,0.013185345177627594
2006-10-06,14.499104283243621,14.719090960070666,14.369112199373795,14.619096755981445,599900,0.0,0.0,0.0013697829244530002
2006-10-09,14.529102097546831,14.599098421539999,14.209122171688003,14.479104995727539,506000,0.0,0.0,-0.009575951414141137
2006-10-10,14.499105005762628,14.689092858661132,14.269119659958362,14.569100379943848,458800,0.0,0.0,0.006215535023944119
2006-10-11,14.499104956840492,15.059070809247197,14.429109582895446,14.939077377319336,1616800,0.0,0.0,0.025394635751484484
2006-10-12,15.06906865156739,15.56903776094776,14.939076568694647,15.389049530029297,2022300,0.0,0.0,0.03012047808207452
2006-10-13,15.699029933907791,15.979012369755138,15.419047498060445,15.869019508361816,2363200,0.0,0.0,0.031189059298037503
2006-10-16,15.829022344904535,15.969014042531237,15.279056119332646,15.689030647277832,1345700,0.0,0.0,-0.011342153873409977
2006-10-17,15.479043721716648,15.569038317198908,14.719091373054583,15.089068412780762,1974600,0.0,0.0,-0.03824087338379756
2006-10-18,15.999011612680073,16.248996169128198,15.249057943335695,15.329052925109863,2270300,0.0,0.0,0.015904528083776848
2006-10-19,15.279056383414165,15.529040949029783,15.04907104078321,15.369050979614258,955600,0.0,0.0,0.0026092971757489813
2006-10-20,15.439045819397583,15.439045819397583,14.94907631658754,14.959075927734375,1436600,0.0,0.0,-0.02667536547465943
2006-10-23,14.979074581627097,15.089068399840164,14.419109693619495,14.749089241027832,2111100,0.0,0.0,-0.014037410313375354
2006-10-24,14.7490895748275,14.779087456102959,14.449107901226563,14.569100379943848,1258800,0.0,0.0,-0.012203388164694684
2006-10-25,14.609097928770437,14.74908963128419,14.409110463476116,14.539102554321289,1058300,0.0,0.0,-0.0020590032905432043
2006-10-26,14.679093469158058,14.849083043940492,14.42910891255041,14.619096755981445,1334500,0.0,0.0,0.005502004085966128
2006-10-27,14.619096890702387,14.619096890702387,13.659156146338153,14.019134521484375,2733400,0.0,0.0,-0.0410396240281804
2006-10-30,13.969137446403316,14.669094022006195,13.799147869720635,14.529102325439453,2307000,0.0,0.0,0.036376554000074
2006-10-31,14.6090973362636,14.779086913273305,13.339176267937749,13.9891357421875,2324800,0.0,0.0,-0.037164483473043575
2006-11-01,14.049132473537234,14.539101982646681,13.959137879289495,14.32911491394043,1609700,0.0,0.0,0.024303086196214574
2006-11-02,14.22912120553223,14.359113295807603,13.95913836697219,14.05913257598877,1408200,0.0,0.0,-0.01884152228334779
2006-11-03,14.429109467300052,14.739089795386587,14.259119885982104,14.65909481048584,3559800,0.0,0.0,0.04267419993760724
2006-11-06,14.749088949580825,14.749088949580825,14.239120221439483,14.559101104736328,1026200,0.0,0.0,-0.006821274235704222
2006-11-07,14.599099165575227,14.969076212109027,14.569100330785536,14.939077377319336,1797100,0.0,0.0,0.0260988827434816
2006-11-08,14.96907577401774,15.349052421027547,14.789086585009038,15.179062843322754,1480000,0.0,0.0,0.016064276256294585
2006-11-09,15.19906128993321,15.499042957248196,15.08906842515107,15.429047584533691,1851200,0.0,0.0,0.01646904975565766
2006-11-10,15.33905327417074,15.879019903930933,15.309055392966131,15.78902530670166,1478000,0.0,0.0,0.02333116935414825
2006-11-13,15.77902509894701,17.65890909728476,15.709029727575604,17.1689395904541,4140400,0.0,0.0,0.08739705313960933
2006-11-14,16.9989498745539,17.908893509378025,16.658970724484355,17.598913192749023,3262700,0.0,0.0,0.02504369009102847
2006-11-15,17.438924071389003,18.2288743178467,17.33892986232032,18.16887855529785,2179500,0.0,0.0,0.03238639547262845
2006-11-16,17.888895541485926,18.13888011599403,17.368929076004594,17.618913650512695,1959200,0.0,0.0,-0.030269612024281578
2006-11-17,17.50891977149739,17.94889315525118,17.398925948751206,17.648910522460938,990200,0.0,0.0,0.0017025381100819192
2006-11-20,17.518917648497514,17.708904532497126,17.378925004165836,17.558914184570312,1491700,0.0,0.0,-0.005099257417396474
2006-11-21,17.448922600553672,17.60891256224603,17.298930342640148,17.378925323486328,924300,0.0,0.0,-0.010250568981204244
2006-11-22,17.48891948546064,17.73890404398449,17.348928743001153,17.538917541503906,876400,0.0,0.0,0.009206105385662688
2006-11-24,17.51891810325929,17.738903825447025,17.358928140353516,17.65890884399414,236200,0.0,0.0,0.006841431474108317
2006-11-27,17.558915216723264,17.658909423629275,16.61897463060699,16.648971557617188,1559500,0.0,0.0,-0.05719137548639852
2006-11-28,16.618975358957776,16.72896727486717,16.288995796767704,16.598976135253906,1132100,0.0,0.0,-0.003002913554765896
2006-11-29,16.748965087726518,17.528917581399853,16.638971273851478,17.378925323486328,1445500,0.0,0.0,0.046987788998377855
2006-11-30,17.75890296805113,17.75890296805113,16.98895008299754,17.348928451538086,1559400,0.0,0.0,-0.0017260487279787684
2006-12-01,17.42892445461905,17.97888974348826,16.70896767532158,17.828899383544922,2004800,0.0,0.0,0.02766573931914995
2006-12-04,17.93889201880606,20.298744897144662,17.738903613942945,19.198814392089844,7149300,0.0,0.0,0.07683676816356244
2006-12-05,19.198815395910444,19.24881154612491,18.88883316144194,18.99882698059082,2600900,0.0,0.0,-0.010416654248265544
2006-12-06,18.99882759765881,19.128818736776967,18.628849589470157,19.008827209472656,1955600,0.0,0.0,0.00052636033224851
2006-12-07,19.058821772933943,19.828774653353385,18.858835275016812,19.538793563842773,2128900,0.0,0.0,0.027880013244900193
2006-12-08,19.378801955112607,20.318744420336227,19.04882241725751,20.098758697509766,2797000,0.0,0.0,0.02865914580843043
2006-12-11,20.09876015854834,20.178755146048566,19.43880103486376,19.65878677368164,1313800,0.0,0.0,-0.0218905023165753
2006-12-12,19.70878275719993,19.888771954344737,19.338806658385312,19.748781204223633,1051700,0.0,0.0,0.004577822201239368
2006-12-13,19.78877850135156,19.898770409813423,19.148816736776002,19.328805923461914,1428900,0.0,0.0,-0.021265883520543483
2006-12-14,19.348805844550522,20.328744888305664,19.298807786870633,20.328744888305664,2027000,0.0,0.0,0.05173309560887018
2006-12-15,20.328744141227688,20.56872908757908,19.988764990422183,20.03876304626465,1747300,0.0,0.0,-0.014264621039532632
2006-12-18,19.988764969166397,20.44873754627388,19.65878542988028,19.69878387451172,2009900,0.0,0.0,-0.016966075748687692
2006-12-19,19.66878458433683,19.97876489410961,19.478795791210587,19.59878921508789,1283500,0.0,0.0,-0.0050761844010691615
2006-12-20,19.728781924882366,19.96876688465268,19.668786161747516,19.778779983520508,974600,0.0,0.0,0.00918376979604707
2006-12-21,19.75877958995205,19.828774960669406,19.008825919870407,19.01882553100586,2605600,0.0,0.0,-0.038422716322636496
2006-12-22,18.998826675908408,19.088821270635915,18.40886295813068,18.46885871887207,4214500,0.0,0.0,-0.028916970253352048
2006-12-26,18.518857227662533,18.7988387227788,18.458859558225427,18.5688533782959,990200,0.0,0.0,0.005414230567568845
2006-12-27,18.578851832220668,18.58885144317044,17.70890475189792,18.14887809753418,2480800,0.0,0.0,-0.022617189775035018
2006-12-28,18.138879158439295,18.288871421010796,18.018887637059112,18.12887954711914,1530100,0.0,0.0,-0.0011019166202761443
2006-12-29,18.158878420948156,18.358866833328676,17.728904669391635,17.75890350341797,1880700,0.0,0.0,-0.02040810314501562
2007-01-03,17.91889301052372,18.27887138067711,17.368927751438978,17.65890884399414,2598200,0.0,0.0,-0.005630677558700725
2007-01-04,17.568914251455794,17.708904992190643,17.328929307097134,17.65890884399414,2400000,0.0,0.0,0.0
2007-01-05,17.598913317383843,17.68890791111199,16.60897469360505,16.828960418701172,4189900,0.0,0.0,-0.046998850983662965
2007-01-08,16.748966032732678,16.788964479027946,15.93901561394705,15.989012718200684,2820000,0.0,0.0,-0.04991084889397546
2007-01-09,16.049008049640058,16.58897561674747,16.02901073426007,16.39898681640625,2424400,0.0,0.0,0.025640988936038722
2007-01-10,16.2289972015828,16.98895049397988,16.2289972015828,16.768964767456055,3129500,0.0,0.0,0.022561024970131793
2007-01-11,16.90895518418277,17.28893277665362,16.868958647056303,16.94895362854004,2415300,0.0,0.0,0.010733450966114111
2007-01-12,17.158940987919078,17.418925173460995,17.04894716516609,17.308931350708008,2978400,0.0,0.0,0.02123893486626871
2007-01-16,17.298931078700782,17.708905611385504,17.258934540191255,17.668909072875977,2330400,0.0,0.0,0.020797223980742352
2007-01-17,17.60891342163086,17.868897598876895,17.458921156397118,17.60891342163086,2118200,0.0,0.0,-0.003395549266661746
2007-01-18,17.498920104092395,17.708906229870657,17.048947109951932,17.338930130004883,2541700,0.0,0.0,-0.015332194847089697
2007-01-19,17.28893370100578,17.74890439232188,17.25893486613394,17.488920211791992,2017300,0.0,0.0,0.00865048077721653
2007-01-22,17.498919096669294,17.72890443277584,16.748965421097754,17.538917541503906,2131300,0.0,0.0,0.002858800263620731
2007-01-23,17.898894154567117,18.288871365955885,17.748903799677976,18.158878326416016,2223700,0.0,0.0,0.0353477221980798
2007-01-24,18.148878259110603,18.478857794467856,18.018887130067778,18.058883666992188,1065600,0.0,0.0,-0.005506653969830522
2007-01-25,18.198877197345222,18.198877197345222,17.188939320191945,17.238935470581055,1140900,0.0,0.0,-0.045404146321061045
2007-01-26,17.258935257301733,17.29893179747312,16.63897267318216,16.938955307006836,1816300,0.0,0.0,-0.01740131599692729
2007-01-29,16.92895473351535,16.938954344797914,16.658970950578723,16.768964767456055,1501100,0.0,0.0,-0.01003547954816697
2007-01-30,16.84895915873532,17.378925187482302,16.778963789446532,17.09894371032715,1455500,0.0,0.0,0.01967795552361662
2007-01-31,17.008949252284296,17.53891719240947,16.86895851261118,17.378925323486328,1959100,0.0,0.0,0.016374205208365078
2007-02-01,17.41892467233113,17.79890037428019,17.178939717326845,17.578914642333984,1810300,0.0,0.0,0.011507576856745416
2007-02-02,17.72890491049324,18.398863621678878,17.44892341802997,18.31886863708496,2811100,0.0,0.0,0.0420932696816787
2007-02-05,18.318867475621587,18.418861676831813,17.808898765957114,17.898893356323242,1231200,0.0,0.0,-0.022925830687573923
2007-02-06,16.998949960267268,17.278933352098296,16.488981232591552,17.198938369750977,4191300,0.0,0.0,-0.03910604821414776
2007-02-07,17.13894176220518,18.04888545787597,17.06894638672757,17.988889694213867,2836500,0.0,0.0,0.045930237522813444
2007-02-08,17.92889343399103,18.578852926150102,17.898894599375357,18.258872985839844,2284000,0.0,0.0,0.01500833549014513
2007-02-09,18.268872191425782,19.38880195762573,18.06888377956037,19.178815841674805,2454700,0.0,0.0,0.05038333179426768
2007-02-12,19.22881239680455,19.728781529787906,18.748842486875937,19.648786544799805,2266100,0.0,0.0,0.024504677817687393
2007-02-13,19.658785408241126,19.74878000133199,19.088820923486196,19.35880470275879,1385400,0.0,0.0,-0.014758257024160226
2007-02-14,19.498795696213655,21.05869881788611,19.208812690901727,20.968704223632812,3745100,0.0,0.0,0.08316110140026356
2007-02-15,20.318745387782705,20.99870371809708,19.738781266143544,20.268749237060547,3381300,0.0,0.0,-0.03338093661426056
2007-02-16,19.61878859739878,20.21875,19.54879132034657,20.21875,4228600,0.0,0.0,-0.0024668141322270465
2007-02-20,20.25874860636583,20.25874860636583,19.69878373607659,20.128755569458008,1721600,0.0,0.0,-0.004451038295740006
2007-02-21,20.008763972459985,20.098758564664802,19.73878019584554,19.818775177001953,1663400,0.0,0.0,-0.015399878615764862
2007-02-22,19.79877657180387,20.03876342998152,19.558791620857072,19.82877540588379,2432900,0.0,0.0,0.0005045835977512958
2007-02-23,19.74877986075103,20.3487431746757,19.53879374985433,19.78877830505371,2205300,0.0,0.0,-0.0020171241043059895
2007-02-26,19.93876902323696,19.968765949784572,19.158816510074903,19.238811492919922,2213400,0.0,0.0,-0.027791852718534793
2007-02-27,18.758841484787272,19.08882102547317,17.978888976242956,18.248872756958008,2006000,0.0,0.0,-0.05145529578717589
2007-02-28,18.298869743774464,18.298869743774464,17.648910243836305,17.798900604248047,2011900,0.0,0.0,-0.024657531383049047
2007-03-01,15.779025871602729,17.198939266325763,15.59903762874624,17.05894660949707,5917400,0.0,0.0,-0.04157301685107295
2007-03-02,16.99895079085214,17.298931512504222,16.608975471258244,17.088945388793945,2271200,0.0,0.0,0.0017585364432861628
2007-03-05,16.99895008529602,17.70890532044641,16.8989558798187,17.478919982910156,2316400,0.0,0.0,0.022820284414504455
2007-03-06,17.69890801787875,18.11888216462529,17.308930798394258,17.60891342163086,1593300,0.0,0.0,0.007437155090120218
2007-03-07,19.748779447901605,20.87870877460001,18.948829650878906,18.948829650878906,19967600,0.0,0.0,0.07609306702604868
2007-03-08,19.27881017167384,19.748780463181898,19.22881211477031,19.458797454833984,3082200,0.0,0.0,0.026912891896277324
2007-03-09,19.39880210098636,20.448738431229753,19.248811741588987,20.268749237060547,2721100,0.0,0.0,0.04162393817534449
2007-03-12,19.99876454745373,20.68872245836551,19.558791193385122,20.06875991821289,1786600,0.0,0.0,-0.009866880117199495
2007-03-13,20.018764342906493,20.64872460500652,20.018764342906493,20.44873809814453,2520500,0.0,0.0,0.018933814619347844
2007-03-14,20.35874323056456,21.178692284376464,20.048761002138427,20.59872817993164,3581000,0.0,0.0,0.0073349309413239805
2007-03-15,20.66872282417921,20.898708154156193,20.27874753358947,20.648723602294922,1093300,0.0,0.0,0.0024271120977259475
2007-03-16,21.1586932450223,21.1586932450223,20.498734151739875,20.848712921142578,2671000,0.0,0.0,0.009685311436171684
2007-03-19,21.898647282258498,22.668600192096758,21.608666181668113,22.608604431152344,3569100,0.0,0.0,0.08441247748320557
2007-03-20,22.228627189342088,24.79846822709964,21.77865611410415,23.788532257080078,3243800,0.0,0.0,0.052189325949810295
2007-03-21,23.698538046429018,24.318498713223278,22.908585888173622,23.23856544494629,3787300,0.0,0.0,-0.023118988855233114
2007-03-22,23.358558037231177,23.498548781359446,22.91858467495981,23.34855842590332,2275800,0.0,0.0,0.004733208735178351
2007-03-23,23.588543936119468,23.6985377561065,22.748595636946064,23.04857635498047,2448800,0.0,0.0,-0.012847991102955869
2007-03-26,22.498609974713492,22.668599548589448,22.13863160480422,22.258625030517578,1447800,0.0,0.0,-0.03427332397005911
2007-03-27,22.198630837781142,22.198630837781142,20.798715703670076,21.078699111938477,2691700,0.0,0.0,-0.05300982953625255
2007-03-28,20.888710077823827,21.4286776649842,20.758718940487576,20.858713150024414,1414400,0.0,0.0,-0.010436410745550573
2007-03-29,20.998703454931476,21.178692646844972,20.858712708879146,21.098697662353516,1415800,0.0,0.0,0.011505240548783435
2007-03-30,21.49867243227681,21.698660845701962,20.138755798339844,20.138755798339844,3055200,0.0,0.0,-0.045497683287177515
2007-04-02,20.168753878114774,20.728718744636627,20.138755045053845,20.55872917175293,2065000,0.0,0.0,0.020853988082407016
2007-04-03,20.658723425277145,21.30868288534145,20.608727277284043,21.23868751525879,2666400,0.0,0.0,0.03307394819131626
2007-04-04,21.138693602632042,21.808652293995717,20.918707878315168,21.42867660522461,2411300,0.0,0.0,0.008945425174193167
2007-04-05,21.10869699990486,21.64866266140769,21.09869738856933,21.248687744140625,1689400,0.0,0.0,-0.00839943895742501
2007-04-09,21.258687620218428,21.49867257356729,20.648724671770783,20.758718490600586,1212300,0.0,0.0,-0.02305880059229304
2007-04-10,20.98870324195478,21.278686244445037,20.328744162006192,20.378740310668945,1599800,0.0,0.0,-0.0183045104688756
2007-04-11,20.29874508460333,21.048698748919673,20.098758585124116,20.868711471557617,2762700,0.0,0.0,0.02404325063370849
2007-04-12,20.998703899037437,21.2786873042944,20.478735535230616,20.858713150024414,3490100,0.0,0.0,-0.000479105839707894
2007-04-13,20.90870822585715,21.198691227877266,20.618727131067853,20.74871826171875,1587100,0.0,0.0,-0.005273330502919116
2007-04-16,20.90870941323377,20.988704399845773,20.578729855055382,20.798715591430664,1333000,0.0,0.0,0.0024096587115050028
2007-04-17,20.568730409991065,20.868713042640003,20.468736199108086,20.708721160888672,641000,0.0,0.0,-0.004326922503766095
2007-04-18,20.658724496361316,20.848713301600803,20.27874879311323,20.29874610900879,842600,0.0,0.0,-0.019797217254254096
2007-04-19,20.218751401896334,20.58872940590211,20.04876181744464,20.14875602722168,791500,0.0,0.0,-0.007389130391681764
2007-04-20,20.568729777960396,20.568729777960396,20.00876488434548,20.01876449584961,1329500,0.0,0.0,-0.006451590916900618
2007-04-23,20.03876337470195,20.118758358130208,19.59879001223112,19.858774185180664,869200,0.0,0.0,-0.007992017224745074
2007-04-24,19.898770999536232,19.968766372603856,19.648786434448514,19.708782196044922,1666600,0.0,0.0,-0.007552932912025967
2007-04-25,19.92876899130357,20.128755490579213,19.68878404783433,19.818775177001953,1137200,0.0,0.0,0.0055809120960859104
2007-04-26,19.788779539300954,20.078760649658648,19.508796133411696,19.80877685546875,818300,0.0,0.0,-0.0005044873582705778
2007-04-27,19.678785546373657,19.818776294483058,19.318807157257023,19.558792114257812,916900,0.0,0.0,-0.012619897888441423
2007-04-30,19.54879129441849,19.61878857137786,18.84883568990184,19.16881561279297,1055900,0.0,0.0,-0.019938680220470406
2007-05-01,19.198815133829868,19.56879121772053,19.098820927535066,19.48879623413086,1440900,0.0,0.0,0.016692769537849816
2007-05-02,19.42880136570642,20.498735035577155,19.198816015725612,20.368743896484375,1974500,0.0,0.0,0.04515146301403972
2007-05-03,20.288747169548223,20.658723238709864,20.02876300642424,20.27874755859375,1953100,0.0,0.0,-0.004418354825805326
2007-05-04,20.36874260672105,20.57872871978159,20.13875536407226,20.378740310668945,996200,0.0,0.0,0.004930913597414044
2007-05-07,20.548729341154186,20.628724321231072,19.888770278712176,19.968765258789062,795200,0.0,0.0,-0.02011778184666535
2007-05-08,19.908770786689484,20.168754965542607,19.59879045726998,19.95876693725586,995800,0.0,0.0,-0.0005006980353380319
2007-05-09,19.888770985076114,19.95876635672548,19.408801087568317,19.57879066467285,1134600,0.0,0.0,-0.019038063512517356
2007-05-10,19.45879784329604,19.638787037280217,19.138817901649006,19.248811721801758,754700,0.0,0.0,-0.016853898104467357
2007-05-11,19.53879463246047,19.978766096279585,19.268810842914043,19.648786544799805,1001500,0.0,0.0,0.020779195556524854
2007-05-14,19.60878885077031,19.668784609169325,18.878832510120755,19.228811264038086,1873600,0.0,0.0,-0.021374107749817628
2007-05-15,19.24881132382459,19.588790481603077,18.998826761177515,19.118820190429688,1079900,0.0,0.0,-0.005720118217297454
2007-05-16,19.108820015486987,19.378801885687906,18.59885129385957,19.078821182250977,1480200,0.0,0.0,-0.0020921274315207627
2007-05-17,18.988827647239425,19.728781743191057,18.728843466408165,18.84883689880371,695700,0.0,0.0,-0.012054428376383153
2007-05-18,18.748842003706205,18.858835820441815,18.508857054926466,18.52885627746582,1400100,0.0,0.0,-0.01697614675408432
2007-05-21,18.38886341168007,18.998826341374915,18.298868818537198,18.648847579956055,1343900,0.0,0.0,0.006475915226141771
2007-05-22,18.67884671924212,19.258810824974802,18.518856752642126,19.178815841674805,1173800,0.0,0.0,0.028418284799987648
2007-05-23,19.168815938198396,19.3688043470157,18.788840250122494,18.988826751708984,1184200,0.0,0.0,-0.009906195019245168
2007-05-24,18.998827083160503,19.118820514446263,18.308869144536867,18.598852157592773,1708100,0.0,0.0,-0.020537055775766366
2007-05-25,18.598852384567667,18.898833105596616,18.438862412388104,18.818838119506836,914200,0.0,0.0,0.01182793217829059
2007-05-29,19.168817183047434,19.60879056667948,18.87883416215353,19.348806381225586,1549600,0.0,0.0,0.028161582471417645
2007-05-30,19.118819572598294,19.24881070179249,18.738841981604576,19.10881996154785,835600,0.0,0.0,-0.012403164047917525
2007-05-31,19.108819854062627,20.72871869050701,19.108819854062627,20.588727951049805,2381000,0.0,0.0,0.07744633067242934
2007-06-01,20.71871926647833,21.498671765986995,20.20875054455699,20.838712692260742,2087000,0.0,0.0,0.012141825459313527
2007-06-04,20.808713671166,20.89870826288272,19.598789349333522,19.87877082824707,1610500,0.0,0.0,-0.04606531498321309
2007-06-05,19.81877675066281,20.14875631253808,19.278811061790073,19.31880760192871,2446300,0.0,0.0,-0.0281689059729322
2007-06-06,19.38880246946461,19.46879745487637,18.98882754240582,19.248811721801758,1506800,0.0,0.0,-0.0036231987796164766
2007-06-07,19.118820571417366,19.188815945196435,18.458859558225427,18.5688533782959,1157600,0.0,0.0,-0.035324691899589755
2007-06-08,18.568852597965815,18.878832914774147,18.24887267000485,18.648847579956055,1518700,0.0,0.0,0.00430797745183642
2007-06-11,18.558853719468424,19.118820522736954,17.998888823430782,18.938831329345703,2459000,0.0,0.0,0.015549687354478925
2007-06-12,19.998764614331243,20.228749949660656,19.298807089937323,19.328805923461914,5823800,0.0,0.0,0.02059127024970886
2007-06-13,19.338805555019814,20.128755766358477,19.228811739211196,19.668785095214844,1838800,0.0,0.0,0.017589248559853
2007-06-14,19.748780837818813,20.98870406408505,19.608790090294995,20.97870445251465,2783300,0.0,0.0,0.06659889520164053
2007-06-15,21.418677120434293,21.418677120434293,20.268748528922156,20.658723831176758,1856600,0.0,0.0,-0.015252639745326868
2007-06-18,20.72871947792622,20.808714461687778,20.418739154254038,20.50873374938965,903100,0.0,0.0,-0.0072603749879629476
2007-06-19,20.54873113074526,20.838714150797855,20.368743840320228,20.738719940185547,791600,0.0,0.0,0.011214060975497375
2007-06-20,20.81871317384982,20.898708154156193,20.508732863566458,20.648723602294922,1523900,0.0,0.0,-0.004339531955211862
2007-06-21,20.49873458851245,20.73871954507123,20.318745394285642,20.608728408813477,1303900,0.0,0.0,-0.0019369329674692182
2007-06-22,20.488734594335185,21.078698316737455,20.428738833123507,20.818714141845703,2357500,0.0,0.0,0.010189164943453122
2007-06-25,20.878708932271905,21.69865986445073,20.5187324745086,20.648723602294922,1554000,0.0,0.0,-0.00816527564539149
2007-06-26,20.728720328391418,20.838714150787997,20.29874655782036,20.398740768432617,1104000,0.0,0.0,-0.012106454552693102
2007-06-27,20.298745888622634,20.658724272066827,20.18875397708314,20.418739318847656,854100,0.0,0.0,0.0009803816148292732
2007-06-28,20.45873647480914,20.478735698321962,19.99876577739979,20.088760375976562,893500,0.0,0.0,-0.016160593350956987
2007-06-29,20.118757515260146,20.328743622750437,19.778778373125686,19.968765258789062,988700,0.0,0.0,-0.00597324647921027
2007-07-02,20.098759135465432,20.188753730226075,19.628786938997436,19.858774185180664,1421300,0.0,0.0,-0.005508155971736262
2007-07-03,19.91876983642578,20.06876019112522,19.768779481726344,19.91876983642578,608300,0.0,0.0,0.0030211155374277876
2007-07-05,19.92877029426858,20.538733257485543,19.92877029426858,20.48873519897461,1156100,0.0,0.0,0.02861448609675299
2007-07-06,20.398738997628868,20.94870615463847,20.358742461194602,20.678722381591797,828200,0.0,0.0,0.009272762851007865
2007-07-09,20.698722424433456,20.94870698556318,19.978765667752114,20.228750228881836,1411400,0.0,0.0,-0.021760152508770392
2007-07-10,20.68872232232532,20.798714229696106,19.728780638599684,19.78877830505371,1518900,0.0,0.0,-0.021749832236296562
2007-07-11,19.788779820388843,20.128757086841585,19.52879563420538,19.65878677368164,1075000,0.0,0.0,-0.006568951825533964
2007-07-12,19.81877512323501,20.238749249974525,19.64878555033495,19.848773956298828,1377200,0.0,0.0,0.009664237412225996
2007-07-13,19.83877496251589,20.04876107880349,19.588790400898734,19.858774185180664,1009000,0.0,0.0,0.0005038209868202248
2007-07-16,19.848774588957006,20.398739862041037,19.558791581789567,20.198753356933594,1569000,0.0,0.0,0.017119846803365757
2007-07-17,20.208751573984614,20.788717603040286,20.098759660914485,20.608728408813477,1463200,0.0,0.0,0.020297047279858482
2007-07-18,20.62872611777916,20.65872495313212,20.19875425443903,20.398740768432617,840800,0.0,0.0,-0.010189257493977921
2007-07-19,20.498734922796725,20.82871448185007,20.358744172662256,20.428739547729492,672200,0.0,0.0,0.001470619173870702
2007-07-20,20.48873473661071,20.578729332668587,20.008764829122615,20.04876136779785,1292100,0.0,0.0,-0.01860017741397424
2007-07-23,20.088759358761983,20.128755896531437,19.668785222413167,19.948768615722656,890900,0.0,0.0,-0.004987477791810302
2007-07-24,19.898770212424495,20.248748971149787,19.708781416448343,19.78877830505371,1384000,0.0,0.0,-0.008020059470881247
2007-07-25,20.038762751241432,20.248748860995796,19.678784383398767,19.848773956298828,1165600,0.0,0.0,0.003031801676700585
2007-07-26,19.698784147592374,20.23874980698655,19.12881774707791,19.548791885375977,1306100,0.0,0.0,-0.015113380382250519
2007-07-27,19.43879947143737,19.598789433570126,18.558852772476442,18.768840789794922,1759900,0.0,0.0,-0.03989766222661151
2007-07-30,18.738841659423887,18.908831229897196,18.178876800842136,18.5788516998291,2093300,0.0,0.0,-0.010122579870202819
2007-07-31,18.72884249346428,18.88883245685976,17.448922786300457,17.628910064697266,2666700,0.0,0.0,-0.05113026630922368
2007-08-01,17.548914728476998,17.71890429955442,15.719028843896949,16.75896453857422,4939500,0.0,0.0,-0.04934766374837629
2007-08-02,16.718967716378682,17.348929914444675,16.548978128815108,16.90895652770996,3306300,0.0,0.0,0.008949955636609053
2007-08-03,14.179124550602532,15.279056042607483,13.689154088177217,14.159125328063965,10734600,0.0,0.0,-0.16262571821860472
2007-08-06,14.629096657150459,14.629096657150459,13.349175968955857,13.589160919189453,3041200,0.0,0.0,-0.040254210317979155
2007-08-07,13.749150612107611,14.019134390953482,13.379173582797472,13.739151000976562,2403700,0.0,0.0,0.011037479258583671
2007-08-08,13.90914077413129,15.729028066861614,13.849145013720081,15.379050254821777,4905800,0.0,0.0,0.1193595771477185
2007-08-09,15.809023838145164,15.809023838145164,14.479105114729341,14.589098930358887,3952800,0.0,0.0,-0.05136541667878469
2007-08-10,14.299117033729656,14.919078628573015,14.099129576298802,14.32911491394043,2479500,0.0,0.0,-0.017820430011441513
2007-08-13,14.49910465785527,15.94901493291771,14.19912299145242,14.239120483398438,1715300,0.0,0.0,-0.006280529612784358
2007-08-14,14.379111970530333,14.609097307433473,13.449169104443657,13.479166984558105,2704200,0.0,0.0,-0.05337081737080396
2007-08-15,13.499166216194327,13.499166216194327,12.56922334947734,12.599222183227539,2922700,0.0,0.0,-0.06528183843546431
2007-08-16,12.509227766053208,12.999197280848247,11.819269837891238,12.849206924438477,3934900,0.0,0.0,0.019841283658266207
2007-08-17,13.459169074075641,13.509166178007982,12.019258393239936,12.24924373626709,4581100,0.0,0.0,-0.04669262404283414
2007-08-20,12.759211975744307,13.489166422023015,12.309239965362805,13.399171829223633,2898700,0.0,0.0,0.09387747666020241
2007-08-21,14.219122281020388,14.999073854438889,13.599160676137432,14.549101829528809,6005200,0.0,0.0,0.08582097572606506
2007-08-22,14.799086616219391,14.799086616219391,13.969137926754442,14.259119987487793,2891200,0.0,0.0,-0.019931253862865206
2007-08-23,14.359113075885944,14.589099371655465,14.149126003059614,14.349114418029785,2131900,0.0,0.0,0.006311359370070546
2007-08-24,14.449107795171553,14.869081944407208,14.249120332110634,14.799086570739746,1662600,0.0,0.0,0.03135887969117923
2007-08-27,14.67909420325872,14.929078772368083,14.539102501255913,14.739089965820312,1388000,0.0,0.0,-0.004054074866894575
2007-08-28,14.699092203914427,15.299055540243764,14.459107250828865,15.059070587158203,2303300,0.0,0.0,0.02170965928560853
2007-08-29,15.309054937577704,15.379050309511499,15.05907037653938,15.349052429199219,1124100,0.0,0.0,0.01925629077589286
2007-08-30,15.389050141758796,15.609035872027716,15.169063457874442,15.229059219360352,1286000,0.0,0.0,-0.007817629810853877
2007-08-31,15.45904510456881,16.089006305150605,15.149063833063963,15.979012489318848,1525700,0.0,0.0,0.04924488500281732
2007-09-04,15.899017747686102,16.478981854723706,15.899017747686102,16.368989944458008,1690400,0.0,0.0,0.024405604251191315
2007-09-05,16.21899772171446,16.248996555805206,15.949014890205717,15.999011993408203,797200,0.0,0.0,-0.022602369010255696
2007-09-06,16.099005257393586,16.33899019437853,15.789023998576505,16.16900062561035,761000,0.0,0.0,0.010624945607402791
2007-09-07,15.159063243834321,15.879019028354364,15.159063243834321,15.389049530029297,1527200,0.0,0.0,-0.048237433694305
2007-09-10,15.349052338349534,15.999011811755953,15.03907106490598,15.749027252197266,1722000,0.0,0.0,0.023391809966270438
2007-09-11,16.928955754925195,16.988951519009568,16.368990839932128,16.56897735595703,3170300,0.0,0.0,0.05206353958434917
2007-09-12,16.438985098149196,16.64897121178218,16.03901018606435,16.488981246948242,1369200,0.0,0.0,-0.004828065564349893
2007-09-13,16.538979689657268,16.648971601032933,15.999012115295237,16.278995513916016,1324200,0.0,0.0,-0.012734912478058025
2007-09-14,16.119005826197846,16.468982696533203,15.849022034312652,16.468982696533203,899400,0.0,0.0,0.011670694451311636
2007-09-17,16.59897545106498,16.59897545106498,16.049008265263186,16.278995513916016,992400,0.0,0.0,-0.011536060612728716
2007-09-18,16.34899095254475,16.608975129332066,16.149002537406545,16.58897590637207,1907600,0.0,0.0,0.01904173953430166
2007-09-19,16.638972066720292,16.99895045129693,16.508980931862546,16.928955078125,1336500,0.0,0.0,0.020494283292215698
2007-09-20,17.118944336080627,17.258935086138568,16.898956692011375,17.028949737548828,968500,0.0,0.0,0.005906723655557222
2007-09-21,17.348928184485704,17.788901527348205,17.05894519046269,17.498918533325195,2331200,0.0,0.0,0.027598225552341926
2007-09-24,17.46891983338464,17.478919444347344,16.89895535912582,17.068944931030273,1532600,0.0,0.0,-0.024571438599252482
2007-09-25,16.92895558299257,17.238935919383092,16.808962148811535,16.998950958251953,1296200,0.0,0.0,-0.004100661936700889
2007-09-26,17.138941543293875,17.928893701550603,17.04894694533473,17.428924560546875,2500100,0.0,0.0,0.025294125699338865
2007-09-27,17.47892002087866,17.83889839848664,16.89895591652738,17.108943939208984,765600,0.0,0.0,-0.018359171859761103
2007-09-28,17.058945937263122,17.72890463815744,16.918955193181898,17.07894515991211,1092600,0.0,0.0,-0.0017533974863361834
2007-10-01,17.25893404267948,17.648909341252445,17.028948707994438,17.598913192749023,1194500,0.0,0.0,0.030444973502074868
2007-10-02,17.56891430523166,17.71890465751107,17.2189355450925,17.628910064697266,554400,0.0,0.0,0.0017044729762405453
2007-10-03,17.48891916336834,17.848897531326845,17.31892959041358,17.718904495239258,760200,0.0,0.0,0.005104934463430633
2007-10-04,17.798899530433957,18.098882140390295,17.48891921665346,17.688907623291016,971900,0.0,0.0,-0.0016929303928638895
2007-10-05,17.988889582170565,18.26887298956807,17.588914648196223,18.048885345458984,952800,0.0,0.0,0.020350477815486157
2007-10-08,18.098882895768792,18.178877880316342,17.81889949623693,17.97888946533203,750000,0.0,0.0,-0.0038781275844584906
2007-10-09,17.93889227919869,18.498857150820523,17.90889344586454,18.3388671875,1153200,0.0,0.0,0.020022244580906845
2007-10-10,18.398864240424246,18.788841472261364,18.10888312673094,18.668848037719727,733300,0.0,0.0,0.017993524182597476
2007-10-11,19.17881615189273,19.508795701746497,18.258872875447242,18.31886863708496,1027000,0.0,0.0,-0.018746705738224678
2007-10-12,18.288872435405263,19.08882231307863,18.288872435405263,18.60885238647461,1414600,0.0,0.0,0.015829784859235252
2007-10-15,18.56885287003211,18.928831247877913,18.038886821793387,18.498857498168945,1304200,0.0,0.0,-0.00591089047412785
2007-10-16,18.51885709844301,18.51885709844301,17.868897608590053,17.94889259338379,582900,0.0,0.0,-0.029729668701950485
2007-10-17,18.04888551222235,18.388864686049523,17.62891135086119,18.298870086669922,1088000,0.0,0.0,0.01949855632960551
2007-10-18,18.38886369722038,18.998826636386664,18.118881820830325,18.838836669921875,877300,0.0,0.0,0.02950819262033555
2007-10-19,18.98882775976169,19.05882313439432,18.62884936767283,18.788841247558594,1427600,0.0,0.0,-0.0026538487083496154
2007-10-22,18.698846264842263,19.198815395910444,18.51885707250078,18.99882698059082,885800,0.0,0.0,0.011176087458800055
2007-10-23,19.24881067619318,19.24881067619318,18.598851216625025,18.768840789794922,734700,0.0,0.0,-0.01210528371203401
2007-10-24,18.598851136734723,18.72884226519767,17.30892992694555,17.748903274536133,1302800,0.0,0.0,-0.05434206228726468
2007-10-25,17.84889744969462,18.18887659404924,17.16893916098537,17.408924102783203,1058900,0.0,0.0,-0.019154939688058814
2007-10-26,17.7389046209387,17.978889576059355,17.618913096993815,17.918893814086914,1706900,0.0,0.0,0.029293580022109467
2007-10-29,17.938892256385873,18.128879145568135,17.53891734859321,17.99888801574707,881600,0.0,0.0,0.0044642377197006144
2007-10-30,17.87889517271734,18.868835724222556,17.638910220217273,18.718843460083008,1719500,0.0,0.0,0.039999995761185625
2007-10-31,18.778841018676758,19.518795094693747,18.22887383692395,18.778841018676758,1643300,0.0,0.0,0.003205195808260841
2007-11-01,17.948892648688577,18.238873754247788,17.798900382911143,17.918893814086914,879800,0.0,0.0,-0.04579341205000731
2007-11-02,17.82889915288633,18.498857865381265,17.558915364142653,17.60891342163086,576000,0.0,0.0,-0.01729908082899423
2007-11-05,17.55891439899453,17.60891245373453,17.05894529497918,17.438922882080078,793100,0.0,0.0,-0.009653664339218326
2007-11-06,17.428923187585074,17.428923187585074,16.998949455036062,17.12894058227539,1105000,0.0,0.0,-0.017775312265599807
2007-11-07,16.958951624147875,17.038948514238623,16.009011441090284,16.089006423950195,1504700,0.0,0.0,-0.060712111956374826
2007-11-08,16.22899733307804,16.478981895475044,15.579037852292004,15.999011993408203,1059700,0.0,0.0,-0.005593535621194468
2007-11-09,15.689030575382334,15.799024392161916,14.849083254317474,15.379050254821777,2643600,0.0,0.0,-0.03875000149020813
2007-11-12,15.449046177486055,15.659033253645166,14.499105005762628,14.569100379943848,1123300,0.0,0.0,-0.05266579284530182
2007-11-13,14.73908921931382,15.40904790688403,14.709091339552359,15.329052925109863,1506500,0.0,0.0,0.052161940363331105
2007-11-14,15.419048194732218,15.739028135872406,15.20906111995511,15.30905532836914,740900,0.0,0.0,-0.0013045552675968741
2007-11-15,15.509042340533288,15.76902651195631,15.249058169110265,15.379050254821777,1069500,0.0,0.0,0.004572125774666702
2007-11-16,15.349052301324864,15.439045941511962,14.83908357218758,15.069068908691406,939500,0.0,0.0,-0.02015607862606361
2007-11-19,14.999073298314329,15.119065770266996,14.759088354408995,14.849082946777344,730300,0.0,0.0,-0.014598510581312785
2007-11-20,14.839083310742883,14.899079069810568,14.179124239305947,14.509103775024414,1120300,0.0,0.0,-0.02289563422680685
2007-11-21,14.399109984935595,15.159063260917884,14.209122142747724,14.849082946777344,1489900,0.0,0.0,0.023432127650651946
2007-11-23,14.939077145422164,15.229059201913005,14.559101446805558,14.719091415405273,741600,0.0,0.0,-0.008754179085536218
2007-11-26,14.72909001168298,14.899079591013702,14.369112583837852,14.579099655151367,1180500,0.0,0.0,-0.009510896855181472
2007-11-27,14.619097544314943,14.92907883081492,14.619097544314943,14.879081726074219,844400,0.0,0.0,0.020576172604517273
2007-11-28,15.099068095876511,15.659032987022792,14.749089323698508,15.569038391113281,1499800,0.0,0.0,0.04637091708623231
2007-11-29,15.729027889641156,15.749027111963171,15.14906379291841,15.299055099487305,915700,0.0,0.0,-0.01734103833799272
2007-11-30,15.509042435514798,15.629034910687501,14.859082002976711,14.979074478149414,883500,0.0,0.0,-0.02091505777690894
2007-12-03,15.949015011711852,16.798961958167652,15.519042209571788,16.278995513916016,2877200,0.0,0.0,0.0867824669449937
2007-12-04,15.999012020870145,17.2989309846735,15.91901703705503,16.678970336914062,2354200,0.0,0.0,0.024569994054985278
2007-12-05,17.288933110764187,17.29893081481591,16.748965544890932,16.768964767456055,1416800,0.0,0.0,0.005395682630528809
2007-12-06,16.758965334250394,17.148940642259863,16.758965334250394,17.018949508666992,1011800,0.0,0.0,0.014907583424355941
2007-12-07,17.0989451125778,17.248935474387153,16.928955527265614,17.028949737548828,963100,0.0,0.0,0.0005875937804940001
2007-12-10,17.49891890419854,18.488857516196934,17.47891968200121,17.99888801574707,1930700,0.0,0.0,0.05695819725508544
2007-12-11,17.93889198609543,18.74884140057568,17.288932532321628,17.438922882080078,1637300,0.0,0.0,-0.031111096039771136
2007-12-12,17.958890514732037,18.058884723740597,17.198939103621168,17.488920211791992,1247600,0.0,0.0,0.0028669964337815212
2007-12-13,17.328929307097134,17.76890265870341,16.998949770200127,17.65890884399414,1244700,0.0,0.0,0.009719790023830832
2007-12-14,17.65890986370624,18.748842740959134,17.37892645883812,18.478858947753906,2306400,0.0,0.0,0.04643265962826648
2007-12-17,18.498856711588086,18.808837019757654,17.778901893740166,17.868896484375,1517500,0.0,0.0,-0.03300866493453303
2007-12-18,18.498857071888846,18.498857071888846,17.47891962964931,18.028886795043945,1825900,0.0,0.0,0.008953564133568293
2007-12-19,18.998826802571614,19.448799779209075,18.138879294878183,18.748842239379883,4500000,0.0,0.0,0.039933438626607254
2007-12-20,18.99882742998957,19.148817791411727,18.46885945191831,19.09882164001465,1660900,0.0,0.0,0.018666720652205093
2007-12-21,19.298806935171218,19.298806935171218,18.678846305147957,18.708843231201172,4839400,0.0,0.0,-0.020418977472223654
2007-12-24,18.858835436057607,18.988826565452232,18.51885628874145,18.738842010498047,504000,0.0,0.0,0.0016034545228773567
2007-12-26,18.738842010498047,18.878832750958537,18.50885667767559,18.738842010498047,785000,0.0,0.0,0.0
2007-12-27,18.798837932783904,18.888832525926777,18.59885143142371,18.648847579956055,1029000,0.0,0.0,-0.004802560931543964
2007-12-28,18.648848308077156,18.848836724476463,18.548854099877502,18.598852157592773,647300,0.0,0.0,-0.00268088535492228
2007-12-31,18.728843574289844,18.73884318598298,18.198877505169982,18.448862075805664,721200,0.0,0.0,-0.008064480566661092
2008-01-02,18.488857405506657,18.708843126667897,17.818898723753346,18.058883666992188,2723200,0.0,0.0,-0.02113834485894417
2008-01-03,17.948892527341272,18.22887401947372,17.50891915897916,17.6389102935791,1885500,0.0,0.0,-0.02325577710989457
2008-01-04,17.518918592881423,17.738904321217365,17.00894985665502,17.388925552368164,1275000,0.0,0.0,-0.014172346083189513
2008-01-07,17.40892444111126,17.46892020091899,16.378987377052656,16.518980026245117,2010400,0.0,0.0,-0.05002871071608972
2008-01-08,16.388986480936726,16.998949392999368,16.33899033384962,16.448984146118164,1273800,0.0,0.0,-0.004237300366956354
2008-01-09,16.408986264531272,17.048946123867026,16.029010574858372,16.488981246948242,1262300,0.0,0.0,0.0024315848610940716
2008-01-10,16.498980482227967,16.81896040460516,16.2389963184888,16.6989688873291,800800,0.0,0.0,0.012735028152192518
2008-01-11,16.568975824072705,16.58897504599545,15.849020999930742,16.358989715576172,1331200,0.0,0.0,-0.020359291285996672
2008-01-14,16.498980370588946,16.51897959240989,16.00901087936036,16.049007415771484,954500,0.0,0.0,-0.018948743485640684
2008-01-15,15.799024456572083,16.03901036004156,15.409048197847675,15.519042015075684,1161400,0.0,0.0,-0.03302169330266491
2008-01-16,15.419048250636383,15.579038221786545,15.099068308336058,15.279056549072266,2134600,0.0,0.0,-0.01546393558122261
2008-01-17,15.219060889937438,15.359051638835735,14.319115865689808,14.539102554321289,1582300,0.0,0.0,-0.04842929878389035
2008-01-18,14.559101779610764,14.929078828858735,14.269119716491247,14.709092140197754,2164000,0.0,0.0,0.0116918898701861
2008-01-22,13.759150790117014,14.509104490766504,13.74915117857398,13.949138641357422,2232900,0.0,0.0,-0.05166556110988607
2008-01-23,13.669156205107551,14.539102384168354,13.52916450423214,14.459107398986816,2004800,0.0,0.0,0.03655915757532169
2008-01-24,15.899017787003231,16.26899577853237,15.499042868614197,15.999011993408203,3817100,0.0,0.0,0.10650066784408074
2008-01-25,16.19900073937042,16.748966025062195,15.499043187370987,15.649033546447754,3409700,0.0,0.0,-0.021875003725520314
2008-01-28,15.589037286658172,15.989012200505906,15.509042303888627,15.749027252197266,955700,0.0,0.0,0.006389768764487602
2008-01-29,16.149002808489886,16.56897696154526,15.979013224938166,16.43898582458496,2344100,0.0,0.0,0.043809599243117336
2008-01-30,16.34899015826768,16.53897895269573,15.989011791399959,16.328990936279297,1505000,0.0,0.0,-0.006691099407188705
2008-01-31,16.348991226985174,16.608975408136683,15.999012448233875,16.43898582458496,1971100,0.0,0.0,0.006736171802341984
2008-02-01,16.3889872363688,17.158940143277214,16.238996880963082,17.07894515991211,1512400,0.0,0.0,0.03892936840240302
2008-02-04,17.068945122856224,17.16893932637627,16.598974845712025,16.60897445678711,946400,0.0,0.0,-0.02751754857952937
2008-02-05,16.67897035863694,16.67897035863694,15.669032494636454,15.79902458190918,1973800,0.0,0.0,-0.04876579688801619
2008-02-06,15.859020392145162,16.748965783022225,15.549040066901929,15.599037170410156,3739300,0.0,0.0,-0.012658212566364457
2008-02-07,15.939015278842135,17.478920145063057,15.499042868614197,15.999011993408203,3701300,0.0,0.0,0.025640994288850028
2008-02-08,16.33899060109093,16.47898134100913,15.799024002626199,16.298992156982422,1422100,0.0,0.0,0.018749918038552194
2008-02-11,16.26899595756639,16.438985538156256,15.889019304107597,16.24899673461914,1224200,0.0,0.0,-0.0030673934855453
2008-02-12,16.31899165102814,16.398986633347658,15.929016350624345,16.149002075195312,972500,0.0,0.0,-0.0061538974409900415
2008-02-13,16.358990347841683,16.768964876949426,16.338991125145977,16.708967208862305,1755100,0.0,0.0,0.034674906292017305
2008-02-14,16.69896952346153,16.69896952346153,15.809024138429042,15.829022407531738,2159900,0.0,0.0,-0.05266302760255881
2008-02-15,15.829022407531738,15.929016613891497,15.519042084324255,15.829022407531738,2478100,0.0,0.0,0.0
2008-02-19,15.939015554604042,15.969014389213802,15.559039852368189,15.849021911621094,1100400,0.0,0.0,0.001263470577932857
2008-02-20,15.669032097389694,16.648971102365113,15.559039235693088,16.54897689819336,2132000,0.0,0.0,0.04416392320456275
2008-02-21,16.50898017188047,17.298930370609863,16.208997562799183,17.008949279785156,2308100,0.0,0.0,0.027794611378181955
2008-02-22,16.99895029906698,17.658909393393465,16.858959553976774,17.358928680419922,1670800,0.0,0.0,0.020576191678736366
2008-02-25,25.818404500198458,26.99833190335381,25.418429594187526,26.888338088989258,37567500,0.0,0.0,0.5489629909775524
2008-02-26,26.498364120023588,26.898339046049465,26.388370300154886,26.848342895507812,9835400,0.0,0.0,-0.0014874550204284631
2008-02-27,26.598357825265747,26.8983385373037,26.488364007477433,26.77834701538086,9155200,0.0,0.0,-0.002607083811443145
2008-02-28,26.89833803912832,27.60829517507451,25.79840560330922,25.998394012451172,14204100,0.0,0.0,-0.029126256466902145
2008-02-29,26.498363494873047,26.588358089509576,25.998394372328274,26.498363494873047,6924800,0.0,0.0,0.01923078333924888
2008-03-03,26.16838449671662,26.658354018174073,25.998394915212533,26.198383331298828,4049700,0.0,0.0,-0.011320705281752996
2008-03-04,26.30837427528631,26.38836925733022,25.748409400978968,26.028392791748047,3042400,0.0,0.0,-0.006488588910281923
2008-03-05,25.99839457504362,26.34837334499999,25.988394963647053,26.038393020629883,2761700,0.0,0.0,0.0003842046246131936
2008-03-06,26.00839362363135,26.29837471893328,25.978394790090814,25.998394012451172,3030800,0.0,0.0,-0.0015361550210498676
2008-03-07,25.99839415714285,26.038392602086176,25.358434295896277,25.56842041015625,4156400,0.0,0.0,-0.016538467802626577
2008-03-10,25.478425200608818,25.548420570337452,24.718471930126462,24.848464965820312,4981900,0.0,0.0,-0.028157994619407822
2008-03-11,24.998456324307767,25.228441664755994,24.12850920504028,24.64847755432129,6543800,0.0,0.0,-0.008048280317279555
2008-03-12,25.07845210913721,25.278440529010652,24.738472939690915,24.908462524414062,5204500,0.0,0.0,0.010547709063158495
2008-03-13,25.088451012016098,25.728410885960493,24.998456416338808,25.638416290283203,7857300,0.0,0.0,0.029305452520550945
2008-03-14,25.528423743754768,25.82840445039419,25.008455405497678,25.28843879699707,3875300,0.0,0.0,-0.013650511378067165
2008-03-17,24.998456227756165,25.208442344598506,24.69847551591543,25.048452377319336,2489700,0.0,0.0,-0.009489965814189816
2008-03-18,25.378432777957855,25.448430059826933,25.098451279405225,25.278440475463867,1735500,0.0,0.0,0.009181728862130312
2008-03-19,25.36843381374915,25.498424944874795,24.838465863585913,24.918460845947266,1676400,0.0,0.0,-0.014240579036749135
2008-03-20,25.348434232504466,25.498424583904807,24.898461271072655,25.468425750732422,2831600,0.0,0.0,0.02207058085108815
2008-03-24,25.348434684660447,26.078389139798674,25.338435073424616,25.56842041015625,1867800,0.0,0.0,0.003926220662498148
2008-03-25,25.608419035626913,25.85840359659248,25.608419035626913,25.818405151367188,2397400,0.0,0.0,0.009777089753719714
2008-03-26,25.758409227725352,26.048390324849976,25.548421206083326,25.90839958190918,7713300,0.0,0.0,0.003485669622673271
2008-03-27,25.998394728955414,25.998394728955414,25.598419806879196,25.60841941833496,1632900,0.0,0.0,-0.011578490698579635
2008-03-28,25.648415833953955,25.73841042939348,25.138447095540286,25.32843589782715,1854500,0.0,0.0,-0.010933260500542663
2008-03-31,25.27844003299242,25.608419584247034,25.148446990456158,25.51842498779297,2463400,0.0,0.0,0.007501019436503054
2008-04-01,25.49842489682711,26.098388217022148,25.418429914616492,25.998394012451172,2550200,0.0,0.0,0.018808724476052197
2008-04-02,25.788407637615006,25.978394526417645,25.278438915986797,25.43842887878418,2122400,0.0,0.0,-0.021538450928884845
2008-04-03,25.40843037134211,25.588419558604738,25.18844464648269,25.258440017700195,1854500,0.0,0.0,-0.007075470813926565
2008-04-04,25.268440257762457,25.72841094134239,25.258440646306695,25.60841941833496,2036200,0.0,0.0,0.01385593886200076
2008-04-07,25.798406649770875,25.878401635226332,25.358435183381314,25.428430557250977,1206200,0.0,0.0,-0.0070285033271173525
2008-04-08,25.49842469215573,25.528423525455473,25.29843628461905,25.408430099487305,1060000,0.0,0.0,-0.0007865392132102578
2008-04-09,25.448429327490132,25.508425088706193,25.24844091379545,25.32843589782715,1461500,0.0,0.0,-0.0031483331062539532
2008-04-10,25.298436017118075,25.89839932615341,25.248439869377957,25.558420181274414,1756400,0.0,0.0,0.009080082338088546
2008-04-11,25.418430383165788,25.70841148381307,25.268440027159894,25.388431549072266,719100,0.0,0.0,-0.006650983550489209
2008-04-14,25.428430008646874,25.848404150035037,25.248440818447538,25.728410720825195,1541200,0.0,0.0,0.013391105752074361
2008-04-15,25.748409028446464,26.36837156074012,25.62841560350128,26.238378524780273,2069400,0.0,0.0,0.01982119336824395
2008-04-16,26.098388054110924,26.198382258057716,25.768408516148074,26.088388442993164,2497800,0.0,0.0,-0.005716438675715252
2008-04-17,25.49842516460566,26.078389268530987,25.39843095898457,25.848403930664062,2456100,0.0,0.0,-0.009198901375357171
2008-04-18,26.028393519230256,26.32837423347153,25.85840393923197,25.978395462036133,1561700,0.0,0.0,0.005028996440970213
2008-04-21,25.788408186904135,26.408368829141356,25.618418609407314,26.188383102416992,1000000,0.0,0.0,0.008083164362007178
2008-04-22,26.068390509847717,26.36837313652233,25.898400926901374,26.07839012145996,1135800,0.0,0.0,-0.00420006766079728
2008-04-23,26.198382041679018,26.38836892965489,26.05838939441742,26.2083797454834,1098900,0.0,0.0,0.004984572414861832
2008-04-24,26.208381146462113,26.38837034025499,26.068390398948043,26.138385772705078,1644900,0.0,0.0,-0.0026706714973626644
2008-04-25,26.298375632111092,26.298375632111092,26.078389900200875,26.198383331298828,520000,0.0,0.0,0.0022953811729415907
2008-04-28,26.398369343432293,27.098326879332774,26.298375137270675,26.468364715576172,4470100,0.0,0.0,0.010305268873396445
2008-04-29,26.69835230652333,26.818343829681368,26.368372756992404,26.628355026245117,1412800,0.0,0.0,0.006044586146071618
2008-04-30,26.708348799084757,26.708348799084757,26.048389729963233,26.238378524780273,1433200,0.0,0.0,-0.014645159307831057
2008-05-01,26.078388831875404,26.22837918418019,25.738409682794796,26.088388442993164,2749400,0.0,0.0,-0.005716438675715252
2008-05-02,25.998394915212533,26.248379481704962,25.95839646910292,26.198383331298828,2192000,0.0,0.0,0.004216239287682333
2008-05-05,26.14838425671201,26.14838425671201,25.828404329203142,26.05838966369629,1574000,0.0,0.0,-0.005343599482159345
2008-05-06,25.898400435232002,26.368372635930747,25.898400435232002,26.348373413085938,758700,0.0,0.0,0.01112822983814854
2008-05-07,26.56835930966323,26.57835892114848,26.118388236212176,26.258378982543945,1100500,0.0,0.0,-0.0034155592503215537
2008-05-08,26.288377827058977,26.648354304511386,26.148385173442765,26.598358154296875,938200,0.0,0.0,0.012947454676426995
2008-05-09,26.508364062019115,26.98833397923325,26.508364062019115,26.668354034423828,2596100,0.0,0.0,0.002631586495711824
2008-05-12,26.70834890447664,27.01833112546206,26.70834890447664,26.888338088989258,2153400,0.0,0.0,0.008248880087667665
2008-05-13,26.89833824545507,26.918337467968833,26.52836216510458,26.58835792541504,2598200,0.0,0.0,-0.011156515608417572
2008-05-14,26.608357721149506,27.118326462851716,26.54836005231569,26.968334197998047,2782900,0.0,0.0,0.01429107708151478
2008-05-15,26.998332378495853,27.418306514006133,26.95833393357543,27.328311920166016,2779400,0.0,0.0,0.013348163053938045
2008-05-16,27.278316831394108,27.56829793941371,26.66835387326781,27.09832763671875,3029300,0.0,0.0,-0.008415605183339392
2008-05-19,26.78834702305493,27.108326962557445,26.738348965488356,26.90833854675293,1429200,0.0,0.0,-0.007011100187170993
2008-05-20,26.738348583973085,27.168322336756106,26.738348583973085,27.11832618713379,995300,0.0,0.0,0.007803812933898202
2008-05-21,26.978332573394663,27.148322146173594,26.778346074804077,26.948335647583008,839900,0.0,0.0,-0.006268474624050779
2008-05-22,27.008331677389425,27.058327825730945,26.638353695077434,26.798343658447266,1284500,0.0,0.0,-0.005565909193698038
2008-05-23,26.61835616618591,27.12832297831013,26.49836274100735,26.918336868286133,795300,0.0,0.0,0.0044776353109063916
2008-05-27,26.888338220306633,27.298312739373927,26.838342072022645,27.16832160949707,507900,0.0,0.0,0.009286782553994177
2008-05-28,27.0183325332522,27.068328683897068,26.738349130840614,26.818344116210938,430300,0.0,0.0,-0.01288182237815505
2008-05-29,26.788346749362457,27.118326297006938,26.71834946948441,27.05832862854004,524200,0.0,0.0,0.008948520881423061
2008-05-30,27.028332318095757,27.33831264998907,26.87834005073782,27.068328857421875,1182000,0.0,0.0,0.00036958043562562715
2008-06-02,27.268316764803277,27.268316764803277,26.718349578334674,26.998332977294922,729800,0.0,0.0,-0.002585895882071032
2008-06-03,26.998333427762336,27.268317219775376,26.74834885898676,27.09832763671875,961700,0.0,0.0,0.0037037345790171816
2008-06-04,26.998333042912552,27.418307188758206,26.93833728128628,27.308313369750977,1210300,0.0,0.0,0.007749029233364624
2008-06-05,27.398307976196943,27.648292541503906,27.24831761845894,27.648292541503906,2059600,0.0,0.0,0.012449658356766813
2008-06-06,27.648291795636094,27.948274410250345,27.318312254621993,27.35831069946289,2554500,0.0,0.0,-0.01048823689946543
2008-06-09,27.288315546074294,27.7982823712512,26.898338334685526,27.238317489624023,1328500,0.0,0.0,-0.00438598753983821
2008-06-10,27.038332041218215,27.49830273513509,26.998333594496273,27.008333206176758,840800,0.0,0.0,-0.008443410043034949
2008-06-11,26.888338981024383,27.06832817150824,26.668353252227924,26.748348236083984,1790800,0.0,0.0,-0.009626101992599612
2008-06-12,26.948336357013133,27.068327877880172,26.558359146118164,26.558359146118164,1354500,0.0,0.0,-0.007102834473701192
2008-06-13,26.628354682542422,26.628354682542422,26.208380542448303,26.468364715576172,1181700,0.0,0.0,-0.003388553865352306
2008-06-16,26.278377316148948,26.58835763277726,26.228379260414826,26.39836883544922,1323600,0.0,0.0,-0.0026445109427467584
2008-06-17,26.398369673486044,26.468365046505063,26.26837853891228,26.28837776184082,890200,0.0,0.0,-0.004166585984687665
2008-06-18,26.148384890124596,26.558359420580317,26.148384890124596,26.408369064331055,1424900,0.0,0.0,0.004564424004299239
2008-06-19,26.46836431518622,26.67835233567219,26.268377813119052,26.3383731842041,835200,0.0,0.0,-0.002650518854702577
2008-06-20,26.298375476714195,26.66835347211838,26.298375476714195,26.628355026245117,1767000,0.0,0.0,0.011009861543571864
2008-06-23,26.388370402949,26.878339927643204,26.05839084928838,26.448368072509766,1325900,0.0,0.0,-0.006759221647674285
2008-06-24,26.118387824304698,26.398369312552703,25.738410222781198,25.788408279418945,3864900,0.0,0.0,-0.02495276046074002
2008-06-25,25.80840610192579,26.178384099391053,25.758409951536564,25.8584041595459,2789200,0.0,0.0,0.002714238093663779
2008-06-26,25.728410885960493,25.92839930018355,25.478426321797105,25.638416290283203,2171600,0.0,0.0,-0.008507403160124438
2008-06-27,25.528424160792703,25.84840409503023,25.388431509140645,25.75840950012207,2324200,0.0,0.0,0.004680211463932826
2008-06-30,25.688413837755395,26.038392602086176,25.50842464997209,25.56842041015625,1239800,0.0,0.0,-0.007375808275930984
2008-07-01,25.528424019380065,25.53842363067345,24.978456841628816,25.138446807861328,2062600,0.0,0.0,-0.016816588408571698
2008-07-02,25.16844583322218,25.198444667330573,24.098512210690668,24.338497161865234,2460600,0.0,0.0,-0.03182176099065648
2008-07-03,24.348495831938678,24.478486960254628,23.328558398453705,23.79852867126465,1370300,0.0,0.0,-0.02218577782389275
2008-07-07,23.948521224036593,24.28850037272316,23.678537445862414,23.98851776123047,1498700,0.0,0.0,0.007983228399965014
2008-07-08,24.078513379638736,24.58848212439196,23.95851994848408,24.468488693237305,1586400,0.0,0.0,0.0200083613662263
2008-07-09,24.328498099174922,24.43849191948885,23.59854361781914,23.698537826538086,1454900,0.0,0.0,-0.03146703813023077
2008-07-10,23.648538773030165,24.028516368720055,23.558544179694707,23.898523330688477,1135800,0.0,0.0,0.008438727554171743
2008-07-11,23.778532830559495,25.078451823224043,23.258564470601314,24.718473434448242,1895600,0.0,0.0,0.03430965555544829
2008-07-14,24.638477358513132,24.74847117404497,24.188506299687166,24.26850128173828,1251000,0.0,0.0,-0.018203881154038815
2008-07-15,24.11851103676114,24.598480931216383,23.598542697485886,24.20850372314453,993200,0.0,0.0,-0.0024722399581755816
2008-07-16,24.33849713592187,25.248440790033726,24.108511796361917,25.048452377319336,1448100,0.0,0.0,0.03469642997273614
2008-07-17,25.17844496062862,25.48842527820035,24.768470438515134,24.94845962524414,725800,0.0,0.0,-0.0039919732592236246
2008-07-18,24.92846024078239,25.24844016745058,24.838465648003112,25.038454055786133,1110500,0.0,0.0,0.0036072139079452725
2008-07-21,25.078451936257498,25.478426866016207,24.448491660291392,24.658477783203125,514800,0.0,0.0,-0.015175708202128324
2008-07-22,24.718473213358138,25.088451210427497,24.378494050828742,24.83846664428711,496300,0.0,0.0,0.007299268943786519
2008-07-23,24.798467826890374,24.86846510643545,23.918523006434498,23.998517990112305,1042100,0.0,0.0,-0.033816445523942806
2008-07-24,24.21850439255991,24.368496659957952,23.468550684493344,23.638540267944336,783200,0.0,0.0,-0.014999998013055849
2008-07-25,23.878525064784395,24.188507301903094,23.208566347135978,24.068513870239258,439800,0.0,0.0,0.0181895158254759
2008-07-28,23.998517130750713,24.19850553639928,23.748532577305394,23.768531799316406,216500,0.0,0.0,-0.012463672353853927
2008-07-29,23.898523783707333,24.278501386600055,23.668538444037495,23.998517990112305,497900,0.0,0.0,0.009676078974407476
2008-07-30,24.14850795826284,24.2685013854678,23.078574353544468,23.1585693359375,943100,0.0,0.0,-0.035000021856386065
2008-07-31,23.098574236748345,23.368558025260015,22.698599313340804,22.79859161376953,1044200,0.0,0.0,-0.015544039743826232
2008-08-01,22.928584720724206,23.388555407135673,22.928584720724206,23.10857391357422,722800,0.0,0.0,0.013596554780930914
2008-08-04,23.058575513500337,23.40855428248483,22.798591339604165,22.948583602905273,664400,0.0,0.0,-0.006923417743877502
2008-08-05,23.11857311693756,24.04851408485989,23.018578910760613,24.02851676940918,498200,0.0,0.0,0.04705881570691739
2008-08-06,23.928523348346104,24.418492876735506,23.598543792196878,24.288501739501953,341500,0.0,0.0,0.01081985095408644
2008-08-07,24.078513817256916,24.318498776696973,23.798530410961387,23.888525009155273,286600,0.0,0.0,-0.016467739946930182
2008-08-08,23.858527152203976,24.548483168515965,23.788531780163414,24.39849281311035,675900,0.0,0.0,0.021347814641533347
2008-08-11,24.408493379669768,24.578482964376956,24.248503406678406,24.568483352661133,1283400,0.0,0.0,0.006967255758496549
2008-08-12,24.54848267846869,24.918460661165668,24.498486530075148,24.668476104736328,1234500,0.0,0.0,0.004069960308085818
2008-08-13,24.658477672062574,24.838466866450474,24.498487700880197,24.718473434448242,1027700,0.0,0.0,0.002026770097173225
2008-08-14,24.548482570983474,24.798467126318258,24.40849183030985,24.728471755981445,447400,0.0,0.0,0.00040448782404456374
2008-08-15,24.978457391011844,25.008456225551807,24.54848363209344,24.83846664428711,758900,0.0,0.0,0.004448106999538126
2008-08-18,23.398554482734546,24.558482690944526,23.16856914479638,23.748533248901367,4576800,0.0,0.0,-0.043880864748808035
2008-08-19,23.798529363295273,23.798529363295273,22.738595362288024,23.068574905395508,2496400,0.0,0.0,-0.028631593217964935
2008-08-20,23.28856276207265,24.56848250167034,23.00857936542023,24.338497161865234,3899700,0.0,0.0,0.055049878966416
2008-08-21,24.158508529183056,24.60848151503869,23.908523960870127,24.378494262695312,975900,0.0,0.0,0.001643367729900147
2008-08-22,24.488487916301562,24.688476332482352,24.25850257275527,24.468488693237305,588500,0.0,0.0,0.0036915500019090164
2008-08-25,24.288500794292556,24.56848228120167,24.188506588726085,24.45848846435547,744100,0.0,0.0,-0.00040869826523448616
2008-08-26,25.098449653067412,25.748409113316626,24.998455449821964,25.128446578979492,2217900,0.0,0.0,0.027391640149814878
2008-08-27,25.128447251312586,25.218441845918292,25.068451490652397,25.108449935913086,580900,0.0,0.0,-0.0007957771286639659
2008-08-28,25.108449318100373,25.248440058606516,25.058451262754755,25.09844970703125,777300,0.0,0.0,-0.00039828141153119834
2008-08-29,25.168445131409857,25.2184412796322,24.95845711296826,25.068450927734375,539700,0.0,0.0,-0.0011952443137741575
2008-09-02,25.32843673575563,25.338436347494262,24.14850925182991,24.53848648071289,1314500,0.0,0.0,-0.02114069387650752
2008-09-03,24.50848698604823,24.59848158204352,21.338682624966573,23.168569564819336,4046400,0.0,0.0,-0.05582727838452062
2008-09-04,23.35855825732054,23.448552852888334,22.898585668059503,23.228565216064453,1630500,0.0,0.0,0.002589527639039746
2008-09-05,22.99858043501443,23.88852489370762,22.648601655644114,23.608543395996094,1875600,0.0,0.0,0.016358228603325697
2008-09-08,23.858526806418414,23.97851832611151,22.998579317284353,23.188568115234375,1248200,0.0,0.0,-0.017789122933901336
2008-09-09,23.348558107872623,23.678537648273785,20.558729524019398,21.76865577697754,3072400,0.0,0.0,-0.06123329095615804
2008-09-10,21.9186457793621,22.24862531447862,21.35868091221333,21.608665466308594,2408100,0.0,0.0,-0.007349572353390399
2008-09-11,21.34868185730235,21.84865097851678,20.758718141690856,21.648662567138672,3218800,0.0,0.0,0.0018509750587067941
2008-09-12,20.89870846809409,22.118634320130372,20.508733171646192,21.888647079467773,987100,0.0,0.0,0.011085419784471195
2008-09-15,15.799025359437698,17.75890446914438,15.729029029851956,16.56897735595703,13552400,0.0,0.0,-0.24303328132604218
2008-09-16,16.298993227422176,16.998950787444613,15.8690204147865,16.748966217041016,3881000,0.0,0.0,0.01086300362522219
2008-09-17,16.538979455956472,16.828960554688624,15.009073257446289,15.009073257446289,3600600,0.0,0.0,-0.10388061788700098
2008-09-18,15.309055277322388,15.719029813945088,14.75908904010992,15.509042739868164,3403700,0.0,0.0,0.03331114945247071
2008-09-19,16.24899740453242,17.308931470434178,15.759027865509621,16.56897735595703,2742400,0.0,0.0,0.06834300697129136
2008-09-22,16.548977907350856,17.238935860255747,15.93901589483077,16.34899139404297,2094400,0.0,0.0,-0.01327697884957102
2008-09-23,16.40898597105003,16.718966283967813,15.939014742544398,16.298992156982422,1733100,0.0,0.0,-0.003058245970987805
2008-09-24,16.648972405399604,16.648972405399604,15.949015782261315,16.19900131225586,1629400,0.0,0.0,-0.006134786971090489
2008-09-25,16.299999237060547,16.299999237060547,15.949999809265137,16.219999313354492,1285200,0.001,0.0,0.0012962528179281119
2008-09-26,15.899999618530273,16.200000762939453,15.760000228881836,16.15999984741211,842300,0.0,0.0,-0.00369910409878893
2008-09-29,16.079999923706055,16.079999923706055,14.819999694824219,15.430000305175781,2687100,0.0,0.0,-0.045173239426312906
2008-09-30,15.600000381469727,16.43000030517578,15.229999542236328,16.399999618530273,1899200,0.0,0.0,0.06286450383472242
2008-10-01,16.209999084472656,16.3700008392334,15.6899995803833,15.930000305175781,937200,0.0,0.0,-0.028658495383343974
2008-10-02,15.819999694824219,15.979999542236328,14.6899995803833,14.859999656677246,1522000,0.0,0.0,-0.06716890320151991
2008-10-03,15.140000343322754,15.289999961853027,14.800000190734863,15.010000228881836,1600900,0.0,0.0,0.010094251390994291
2008-10-06,14.880000114440918,14.880000114440918,13.5,14.4399995803833,1476300,0.0,0.0,-0.03797472616967423
2008-10-07,14.640000343322754,14.90999984741211,13.699999809265137,13.770000457763672,1080800,0.0,0.0,-0.04639883255466437
2008-10-08,13.359999656677246,14.229999542236328,13.100000381469727,13.529999732971191,1772900,0.0,0.0,-0.0174292459559916
2008-10-09,13.850000381469727,15.350000381469727,12.720000267028809,13.010000228881836,1247300,0.0,0.0,-0.038433075709689124
2008-10-10,12.5,13.020000457763672,11.489999771118164,12.84000015258789,1688900,0.0,0.0,-0.01306687727157374
2008-10-13,13.0,14.15999984741211,13.0,14.079999923706055,985700,0.0,0.0,0.09657318974939755
2008-10-14,14.800000190734863,14.800000190734863,13.300000190734863,13.630000114440918,1028400,0.0,0.0,-0.03196021389939685
2008-10-15,13.40999984741211,14.380000114440918,11.949999809265137,12.020000457763672,1060200,0.0,0.0,-0.11812176398820862
2008-10-16,12.449999809265137,13.3100004196167,11.859999656677246,12.960000038146973,1230300,0.0,0.0,0.07820295712020209
2008-10-17,12.5600004196167,13.380000114440918,12.5600004196167,12.6899995803833,1411900,0.0,0.0,-0.020833368593282553
2008-10-20,12.90999984741211,13.479999542236328,12.529999732971191,13.149999618530273,944800,0.0,0.0,0.03624901917712098
2008-10-21,13.0,13.319999694824219,12.649999618530273,12.979999542236328,706400,0.0,0.0,-0.012927762830836187
2008-10-22,12.779999732971191,12.890000343322754,12.260000228881836,12.460000038146973,565600,0.0,0.0,-0.04006159648906771
2008-10-23,12.520000457763672,12.800000190734863,11.59000015258789,11.90999984741211,1055500,0.0,0.0,-0.044141267179053534
2008-10-24,11.470000267028809,11.789999961853027,11.199999809265137,11.399999618530273,562400,0.0,0.0,-0.04282117845640887
2008-10-27,11.279999732971191,11.65999984741211,10.9399995803833,10.949999809265137,873400,0.0,0.0,-0.03947366880027603
2008-10-28,11.289999961853027,11.479999542236328,10.979999542236328,11.380000114440918,1105300,0.0,0.0,0.03926943494665136
2008-10-29,11.40999984741211,11.470000267028809,10.8100004196167,11.15999984741211,817400,0.0,0.0,-0.01933218495750577
2008-10-30,11.449999809265137,11.960000038146973,11.109999656677246,11.670000076293945,941500,0.0,0.0,0.04569894586513823
2008-10-31,11.5,11.920000076293945,11.279999732971191,11.859999656677246,1027100,0.0,0.0,0.016281026490244876
2008-11-03,11.819999694824219,12.300000190734863,11.6899995803833,12.260000228881836,529000,0.0,0.0,0.033726862039105354
2008-11-04,12.470000267028809,13.029999732971191,12.319999694824219,12.479999542236328,856700,0.0,0.0,0.01794447873142957
2008-11-05,12.510000228881836,12.770000457763672,12.0,12.119999885559082,519400,0.0,0.0,-0.02884612739438741
2008-11-06,12.140000343322754,12.220000267028809,11.350000381469727,11.40999984741211,506800,0.0,0.0,-0.05858086178638777
2008-11-07,11.640000343322754,11.75,11.199999809265137,11.739999771118164,741800,0.0,0.0,0.02892199194734446
2008-11-10,12.670000076293945,12.680000305175781,12.039999961853027,12.100000381469727,724000,0.0,0.0,0.03066444781687383
2008-11-11,12.0600004196167,12.279999732971191,11.880000114440918,11.960000038146973,652500,0.0,0.0,-0.011570275942896169
2008-11-12,11.789999961853027,12.050000190734863,10.770000457763672,10.800000190734863,988600,0.0,0.0,-0.09698995348764516
2008-11-13,10.800000190734863,11.270000457763672,10.029999732971191,10.6899995803833,1746800,0.0,0.0,-0.01018524151934086
2008-11-14,10.6899995803833,11.399999618530273,10.029999732971191,10.760000228881836,1312100,0.0,0.0,0.006548236786368955
2008-11-17,10.779999732971191,10.869999885559082,10.260000228881836,10.289999961853027,587500,0.0,0.0,-0.043680321285425316
2008-11-18,10.399999618530273,10.65999984741211,10.010000228881836,10.390000343322754,1005600,0.0,0.0,0.009718210091394175
2008-11-19,10.420000076293945,10.630000114440918,9.789999961853027,9.819999694824219,662700,0.0,0.0,-0.054860503336253696
2008-11-20,9.739999771118164,10.220000267028809,9.630000114440918,9.770000457763672,1178600,0.0,0.0,-0.005091572160322966
2008-11-21,9.970000267028809,10.100000381469727,9.350000381469727,10.100000381469727,1133500,0.0,0.0,0.033776858571569646
2008-11-24,10.130000114440918,11.270000457763672,9.8100004196167,11.180000305175781,844200,0.0,0.0,0.1069306814767561
2008-11-25,11.319999694824219,11.319999694824219,10.75,11.239999771118164,638000,0.0,0.0,0.005366678381449219
2008-11-26,11.029999732971191,12.130000114440918,11.029999732971191,12.050000190734863,772600,0.0,0.0,0.07206409573940054
2008-11-28,11.949999809265137,12.170000076293945,11.869999885559082,12.149999618530273,143300,0.0,0.0,0.008298707569506902
2008-12-01,11.90999984741211,12.5,10.979999542236328,11.0,909700,0.0,0.0,-0.09465017733633341
2008-12-02,11.220000267028809,11.640000343322754,10.800000190734863,11.479999542236328,1715700,0.0,0.0,0.043636322021484375
2008-12-03,11.260000228881836,11.989999771118164,11.0,11.890000343322754,814400,0.0,0.0,0.03571435691943914
2008-12-04,11.779999732971191,11.960000038146973,11.199999809265137,11.289999961853027,768200,0.0,0.0,-0.050462604217389906
2008-12-05,11.109999656677246,12.100000381469727,10.869999885559082,12.100000381469727,611900,0.0,0.0,0.07174494440686896
2008-12-08,12.319999694824219,12.430000305175781,11.880000114440918,12.09000015258789,1076200,0.0,0.0,-0.0008264651707904358
2008-12-09,11.9399995803833,12.8100004196167,11.569999694824219,12.119999885559082,971600,0.0,0.0,0.0024813674600963065
2008-12-10,12.050000190734863,12.539999961853027,11.579999923706055,12.460000038146973,1141100,0.0,0.0,0.028052818135171798
2008-12-11,12.390000343322754,12.699999809265137,11.579999923706055,11.770000457763672,670700,0.0,0.0,-0.055377173215957365
2008-12-12,11.550000190734863,12.399999618530273,11.260000228881836,12.350000381469727,851600,0.0,0.0,0.049277816580158174
2008-12-15,12.40999984741211,12.479999542236328,11.210000038146973,11.5600004196167,811800,0.0,0.0,-0.06396760627136211
2008-12-16,11.460000038146973,12.170000076293945,11.289999961853027,12.0600004196167,1020400,0.0,0.0,0.04325259358568245
2008-12-17,12.050000190734863,12.359999656677246,11.869999885559082,12.069999694824219,1840400,0.0,0.0,0.0008291272686238305
2008-12-18,9.329999923706055,10.25,8.649999618530273,8.90999984741211,5934900,0.0,0.0,-0.26180612488061294
2008-12-19,9.010000228881836,9.039999961853027,8.149999618530273,8.430000305175781,3130600,0.0,0.0,-0.05387200341824283
2008-12-22,8.40999984741211,8.460000038146973,7.389999866485596,7.820000171661377,2015900,0.0,0.0,-0.07236063006307147
2008-12-23,7.820000171661377,8.130000114440918,7.630000114440918,7.849999904632568,1283600,0.0,0.0,0.0038362829044309432
2008-12-24,7.880000114440918,7.96999979019165,7.650000095367432,7.809999942779541,311000,0.0,0.0,-0.005095536603691109
2008-12-26,7.809999942779541,7.889999866485596,7.670000076293945,7.71999979019165,297200,0.0,0.0,-0.011523707201956723
2008-12-29,7.769999980926514,7.920000076293945,7.340000152587891,7.480000019073486,818600,0.0,0.0,-0.031088054098535878
2008-12-30,7.550000190734863,7.550000190734863,7.170000076293945,7.300000190734863,1356800,0.0,0.0,-0.02406414811225077
2008-12-31,7.28000020980835,7.619999885559082,7.059999942779541,7.559999942779541,1965000,0.0,0.0,0.035616403459094226
2009-01-02,7.590000152587891,8.039999961853027,7.539999961853027,7.949999809265137,845000,0.0,0.0,0.05158728431712212
2009-01-05,7.909999847412109,8.229999542236328,7.880000114440918,8.140000343322754,1223400,0.0,0.0,0.023899438819631857
2009-01-06,8.239999771118164,8.25,7.880000114440918,7.889999866485596,1629600,0.0,0.0,-0.030712587996661878
2009-01-07,7.75,7.889999866485596,7.659999847412109,7.730000019073486,847600,0.0,0.0,-0.020278814970801418
2009-01-08,7.630000114440918,8.170000076293945,7.619999885559082,8.09000015258789,1249600,0.0,0.0,0.04657181534619892
2009-01-09,8.109999656677246,8.170000076293945,7.820000171661377,7.860000133514404,831600,0.0,0.0,-0.02843016251364494
2009-01-12,7.869999885559082,7.920000076293945,7.420000076293945,7.5,1012800,0.0,0.0,-0.04580154292611183
2009-01-13,7.550000190734863,7.730000019073486,7.039999961853027,7.099999904632568,1534600,0.0,0.0,-0.05333334604899087
2009-01-14,7.050000190734863,7.170000076293945,6.840000152587891,7.110000133514404,1184100,0.0,0.0,0.0014084829600224946
2009-01-15,7.090000152587891,7.210000038146973,6.909999847412109,7.090000152587891,1118600,0.0,0.0,-0.00281293678634964
2009-01-16,7.139999866485596,7.599999904632568,7.03000020980835,7.599999904632568,2039200,0.0,0.0,0.07193226249205731
2009-01-20,7.579999923706055,7.630000114440918,7.289999961853027,7.309999942779541,940300,0.0,0.0,-0.038157890196321986
2009-01-21,7.400000095367432,7.449999809265137,7.0,7.360000133514404,697400,0.0,0.0,0.0068399714262994404
2009-01-22,7.239999771118164,7.239999771118164,6.900000095367432,7.059999942779541,499200,0.0,0.0,-0.040760894740855536
2009-01-23,6.849999904632568,7.71999979019165,6.849999904632568,7.460000038146973,1753800,0.0,0.0,0.05665723776336895
2009-01-26,7.289999961853027,7.690000057220459,7.289999961853027,7.440000057220459,553300,0.0,0.0,-0.0026809625769762535
2009-01-27,7.5,7.550000190734863,7.309999942779541,7.389999866485596,506300,0.0,0.0,-0.006720455692246774
2009-01-28,7.519999980926514,7.590000152587891,7.360000133514404,7.440000057220459,771700,0.0,0.0,0.006765925796780925
2009-01-29,7.349999904632568,7.46999979019165,7.159999847412109,7.190000057220459,939500,0.0,0.0,-0.03360215027920288
2009-01-30,7.260000228881836,7.28000020980835,7.0,7.019999980926514,892600,0.0,0.0,-0.02364396035341132
2009-02-02,6.96999979019165,7.179999828338623,6.699999809265137,7.03000020980835,1405100,0.0,0.0,0.0014245340326219935
2009-02-03,6.989999771118164,7.0,6.710000038146973,6.789999961853027,1221900,0.0,0.0,-0.03413943681260079
2009-02-04,6.809999942779541,6.989999771118164,6.730000019073486,6.909999847412109,1110400,0.0,0.0,0.017673031845840237
2009-02-05,6.849999904632568,7.489999771118164,6.800000190734863,7.289999961853027,1552500,0.0,0.0,0.05499278188598411
2009-02-06,7.28000020980835,7.820000171661377,7.21999979019165,7.78000020980835,1323900,0.0,0.0,0.06721539787645892
2009-02-09,7.760000228881836,7.980000019073486,7.760000228881836,7.980000019073486,782400,0.0,0.0,0.0257069156647316
2009-02-10,7.989999771118164,8.300000190734863,7.480000019073486,7.489999771118164,988500,0.0,0.0,-0.06140353969726098
2009-02-11,7.539999961853027,7.730000019073486,7.210000038146973,7.329999923706055,680000,0.0,0.0,-0.021361796034904734
2009-02-12,7.25,7.46999979019165,7.03000020980835,7.429999828338623,474200,0.0,0.0,0.013642551933616964
2009-02-13,7.409999847412109,7.889999866485596,7.329999923706055,7.78000020980835,750800,0.0,0.0,0.04710637813675267
2009-02-17,7.630000114440918,7.630000114440918,7.050000190734863,7.050000190734863,771000,0.0,0.0,-0.09383033411145225
2009-02-18,7.170000076293945,7.340000152587891,7.050000190734863,7.179999828338623,724800,0.0,0.0,0.0184396644094571
2009-02-19,7.28000020980835,7.300000190734863,6.929999828338623,7.010000228881836,421800,0.0,0.0,-0.02367682500295032
2009-02-20,6.929999828338623,6.929999828338623,6.440000057220459,6.699999809265137,885500,0.0,0.0,-0.044222597645499295
2009-02-23,6.699999809265137,6.710000038146973,6.420000076293945,6.480000019073486,791100,0.0,0.0,-0.03283579051560903
2009-02-24,6.539999961853027,6.900000095367432,6.510000228881836,6.900000095367432,743600,0.0,0.0,0.06481482639779323
2009-02-25,6.820000171661377,6.860000133514404,6.46999979019165,6.510000228881836,893300,0.0,0.0,-0.056521718999313686
2009-02-26,6.539999961853027,6.579999923706055,6.320000171661377,6.320000171661377,688500,0.0,0.0,-0.02918587565903874
2009-02-27,6.28000020980835,6.460000038146973,6.179999828338623,6.190000057220459,794500,0.0,0.0,-0.020569637802200225
2009-03-02,6.110000133514404,6.179999828338623,5.570000171661377,5.650000095367432,1815500,0.0,0.0,-0.08723747283703698
2009-03-03,5.75,5.760000228881836,5.559999942779541,5.619999885559082,1911100,0.0,0.0,-0.005309771557870824
2009-03-04,5.730000019073486,6.090000152587891,5.730000019073486,6.079999923706055,1031300,0.0,0.0,0.08185054226228172
2009-03-05,6.039999961853027,6.099999904632568,5.630000114440918,5.679999828338623,998100,0.0,0.0,-0.06578949019519265
2009-03-06,6.199999809265137,6.239999771118164,5.829999923706055,6.210000038146973,1478000,0.0,0.0,0.09330989891303787
2009-03-09,6.150000095367432,6.269999980926514,5.869999885559082,6.010000228881836,1190100,0.0,0.0,-0.03220608825065574
2009-03-10,6.170000076293945,6.869999885559082,5.900000095367432,6.849999904632568,1553900,0.0,0.0,0.13976699563404416
2009-03-11,6.420000076293945,6.670000076293945,6.050000190734863,6.409999847412109,2116100,0.0,0.0,-0.06423358588996364
2009-03-12,6.400000095367432,7.349999904632568,6.309999942779541,7.099999904632568,2152400,0.0,0.0,0.10764431726141632
2009-03-13,7.130000114440918,7.429999828338623,6.920000076293945,7.360000133514404,868100,0.0,0.0,0.036619751038615256
2009-03-16,7.400000095367432,7.46999979019165,7.070000171661377,7.130000114440918,1155100,0.0,0.0,-0.031250002024614254
2009-03-17,7.099999904632568,7.510000228881836,7.099999904632568,7.510000228881836,835700,0.0,0.0,0.05329594787400849
2009-03-18,7.489999771118164,7.989999771118164,7.389999866485596,7.940000057220459,1256100,0.0,0.0,0.05725696607637065
2009-03-19,8.029999732971191,8.25,7.960000038146973,8.149999618530273,673600,0.0,0.0,0.026448307279147487
2009-03-20,8.199999809265137,8.649999618530273,8.119999885559082,8.569999694824219,2045100,0.0,0.0,0.051533754104602814
2009-03-23,8.619999885559082,8.84000015258789,8.279999732971191,8.609999656677246,1271100,0.0,0.0,0.004667440289080282
2009-03-24,8.510000228881836,8.6899995803833,8.399999618530273,8.449999809265137,1560100,0.0,0.0,-0.018583025992112034
2009-03-25,8.470000267028809,8.770000457763672,8.010000228881836,8.25,1639700,0.0,0.0,-0.023668617015333404
2009-03-26,8.359999656677246,9.09000015258789,8.359999656677246,8.90999984741211,1996200,0.0,0.0,0.07999998150449805
2009-03-27,8.90999984741211,9.0,8.399999618530273,8.430000305175781,988500,0.0,0.0,-0.05387200341824283
2009-03-30,8.600000381469727,8.600000381469727,7.869999885559082,8.220000267028809,829700,0.0,0.0,-0.024911035651806412
2009-03-31,8.25,8.65999984741211,8.15999984741211,8.350000381469727,1001200,0.0,0.0,0.01581509856664609
2009-04-01,8.199999809265137,8.550000190734863,8.0,8.470000267028809,934600,0.0,0.0,0.014371243122980548
2009-04-02,8.65999984741211,8.800000190734863,8.329999923706055,8.4399995803833,1283800,0.0,0.0,-0.0035419935891018994
2009-04-03,8.399999618530273,8.5600004196167,8.210000038146973,8.300000190734863,1190600,0.0,0.0,-0.01658760623327893
2009-04-06,8.210000038146973,8.289999961853027,7.909999847412109,7.96999979019165,981700,0.0,0.0,-0.03975908348912882
2009-04-07,7.900000095367432,7.960000038146973,7.610000133514404,7.730000019073486,941800,0.0,0.0,-0.030112895537779294
2009-04-08,7.760000228881836,8.020000457763672,7.760000228881836,7.980000019073486,567000,0.0,0.0,0.032341526440250234
2009-04-09,8.15999984741211,8.569999694824219,8.0600004196167,8.399999618530273,2221700,0.0,0.0,0.05263152862818554
2009-04-13,8.90999984741211,9.579999923706055,8.819999694824219,9.449999809265137,3815100,0.0,0.0,0.12500002838316537
2009-04-14,9.369999885559082,9.710000038146973,9.130000114440918,9.369999885559082,1766300,0.0,0.0,-0.008465600563041242
2009-04-15,9.3100004196167,9.489999771118164,9.170000076293945,9.40999984741211,1091900,0.0,0.0,0.004268939417456652
2009-04-16,9.460000038146973,9.9399995803833,9.3100004196167,9.859999656677246,1852800,0.0,0.0,0.04782144703104252
2009-04-17,9.619999885559082,9.619999885559082,8.960000038146973,9.380000114440918,1997000,0.0,0.0,-0.04868149685089185
2009-04-20,9.050000190734863,9.109999656677246,8.630000114440918,8.789999961853027,1552600,0.0,0.0,-0.06289980228033898
2009-04-21,8.65999984741211,9.25,8.550000190734863,9.229999542236328,1193400,0.0,0.0,0.05005683530066185
2009-04-22,9.130000114440918,9.510000228881836,8.920000076293945,9.260000228881836,1361200,0.0,0.0,0.003250345409902211
2009-04-23,9.25,9.25,8.779999732971191,8.869999885559082,987500,0.0,0.0,-0.04211666670442915
2009-04-24,8.920000076293945,9.0,8.760000228881836,8.859999656677246,975200,0.0,0.0,-0.00112742153448242
2009-04-27,8.779999732971191,8.949999809265137,8.579999923706055,8.739999771118164,798300,0.0,0.0,-0.013544005666935366
2009-04-28,8.609999656677246,8.829999923706055,8.5,8.670000076293945,739100,0.0,0.0,-0.008009118610681987
2009-04-29,8.760000228881836,9.210000038146973,8.75,9.109999656677246,611600,0.0,0.0,0.050749662804083995
2009-04-30,9.149999618530273,9.270000457763672,8.949999809265137,9.079999923706055,862100,0.0,0.0,-0.003293055334991468
2009-05-01,9.130000114440918,9.270000457763672,8.819999694824219,8.850000381469727,584000,0.0,0.0,-0.025330346274105797
2009-05-04,8.829999923706055,9.199999809265137,8.760000228881836,9.0600004196167,789700,0.0,0.0,0.023728816846909417
2009-05-05,9.109999656677246,9.170000076293945,8.770000457763672,8.930000305175781,1006800,0.0,0.0,-0.014348797838843574
2009-05-06,8.989999771118164,9.020000457763672,8.670000076293945,8.960000038146973,1890500,0.0,0.0,0.003359432468754031
2009-05-07,9.0,9.010000228881836,8.359999656677246,8.90999984741211,1924800,0.0,0.0,-0.005580378406471964
2009-05-08,9.0,9.0,8.729999542236328,8.899999618530273,714600,0.0,0.0,-0.001122360163085756
2009-05-11,8.649999618530273,8.960000038146973,8.649999618530273,8.739999771118164,913700,0.0,0.0,-0.0179775117157287
2009-05-12,8.640000343322754,8.859999656677246,8.449999809265137,8.550000190734863,782600,0.0,0.0,-0.02173908299301852
2009-05-13,8.460000038146973,8.550000190734863,8.149999618530273,8.15999984741211,836200,0.0,0.0,-0.045614074224860746
2009-05-14,8.170000076293945,8.449999809265137,8.0,8.1899995803833,1554500,0.0,0.0,0.003676437932864207
2009-05-15,8.220000267028809,8.880000114440918,8.170000076293945,8.8100004196167,2496500,0.0,0.0,0.07570218205119628
2009-05-18,8.880000114440918,9.039999961853027,8.800000190734863,9.029999732971191,1189000,0.0,0.0,0.02497154402678947
2009-05-19,9.0600004196167,9.300000190734863,8.920000076293945,9.09000015258789,1554500,0.0,0.0,0.006644564938094177
2009-05-20,9.180000305175781,9.6899995803833,9.180000305175781,9.350000381469727,1391200,0.0,0.0,0.028602884985410526
2009-05-21,9.1899995803833,9.569999694824219,8.979999542236328,9.229999542236328,1073900,0.0,0.0,-0.012834313832887245
2009-05-22,9.25,9.399999618530273,8.989999771118164,9.0,909200,0.0,0.0,-0.024918694869252578
2009-05-26,9.229999542236328,9.229999542236328,8.75,8.829999923706055,2139600,0.0,0.0,-0.018888897365993973
2009-05-27,9.0,9.970000267028809,8.979999542236328,9.529999732971191,4129400,0.0,0.0,0.07927517727218047
2009-05-28,9.180000305175781,9.399999618530273,8.5,8.539999961853027,4271800,0.0,0.0,-0.10388245528413143
2009-05-29,8.59000015258789,8.729999542236328,8.300000190734863,8.630000114440918,6956700,0.0,0.0,0.01053865960069178
2009-06-01,8.699999809265137,9.100000381469727,8.699999809265137,9.010000228881836,3155400,0.0,0.0,0.04403245763636199
2009-06-02,8.979999542236328,8.979999542236328,8.489999771118164,8.510000228881836,4020400,0.0,0.0,-0.05549389426175977
2009-06-03,8.479999542236328,8.5,8.069999694824219,8.399999618530273,2599300,0.0,0.0,-0.012926040821742202
2009-06-04,8.489999771118164,8.680000305175781,8.40999984741211,8.600000381469727,1854400,0.0,0.0,0.023809615716916754
2009-06-05,8.6899995803833,8.800000190734863,8.5,8.529999732971191,1055200,0.0,0.0,-0.008139609929479152
2009-06-08,8.5,8.619999885559082,8.300000190734863,8.4399995803833,1459100,0.0,0.0,-0.010551014701678296
2009-06-09,8.470000267028809,8.569999694824219,8.34000015258789,8.359999656677246,1617600,0.0,0.0,-0.009478664417471583
2009-06-10,8.40999984741211,8.470000267028809,8.119999885559082,8.170000076293945,2818900,0.0,0.0,-0.02272722346723366
2009-06-11,8.119999885559082,8.1899995803833,8.0,8.010000228881836,2403800,0.0,0.0,-0.019583824469765254
2009-06-12,8.020000457763672,8.109999656677246,7.519999980926514,8.0,4305400,0.0,0.0,-0.001248467989523605
2009-06-15,7.639999866485596,7.789999961853027,7.539999961853027,7.639999866485596,2090200,0.0,0.0,-0.04500001668930054
2009-06-16,7.75,7.800000190734863,7.519999980926514,7.519999980926514,1733800,0.0,0.0,-0.01570679157803201
2009-06-17,7.739999771118164,7.96999979019165,7.550000190734863,7.900000095367432,3062500,0.0,0.0,0.05053193023999181
2009-06-18,7.869999885559082,8.100000381469727,7.75,8.020000457763672,2081400,0.0,0.0,0.015189919107293282
2009-06-19,8.130000114440918,8.489999771118164,8.09000015258789,8.460000038146973,2377700,0.0,0.0,0.054862787440038696
2009-06-22,8.449999809265137,8.930000305175781,8.369999885559082,8.729999542236328,5085700,0.0,0.0,0.031914834854834595
2009-06-23,8.729999542236328,8.970000267028809,8.699999809265137,8.899999618530273,2391500,0.0,0.0,0.019473091089120098
2009-06-24,8.949999809265137,9.449999809265137,8.949999809265137,9.220000267028809,3162000,0.0,0.0,0.035955130585879624
2009-06-25,9.140000343322754,9.180000305175781,8.960000038146973,9.149999618530273,2324600,0.0,0.0,-0.007592261005551326
2009-06-26,9.100000381469727,9.5,9.100000381469727,9.5,6066500,0.0,0.0,0.038251409405626324
2009-06-29,9.390000343322754,9.5,9.130000114440918,9.489999771118164,2495100,0.0,0.0,-0.0010526556717721514
2009-06-30,9.479999542236328,9.640000343322754,9.34000015258789,9.470000267028809,2952400,0.0,0.0,-0.0021074293542369116
2009-07-01,9.5600004196167,9.920000076293945,9.350000381469727,9.729999542236328,3366200,0.0,0.0,0.02745504412631794
2009-07-02,9.9399995803833,10.010000228881836,9.699999809265137,9.84000015258789,3806200,0.0,0.0,0.011305304781780157
2009-07-06,9.84000015258789,9.850000381469727,9.050000190734863,9.180000305175781,3359100,0.0,0.0,-0.06707315418471116
2009-07-07,9.210000038146973,9.25,8.970000267028809,9.149999618530273,3201500,0.0,0.0,-0.0032680485455531816
2009-07-08,9.140000343322754,9.140000343322754,8.739999771118164,8.930000305175781,3653300,0.0,0.0,-0.024043641806165472
2009-07-09,8.989999771118164,9.100000381469727,8.859999656677246,8.979999542236328,1868200,0.0,0.0,0.005599018516445842
2009-07-10,8.90999984741211,9.029999732971191,8.720000267028809,8.84000015258789,1759600,0.0,0.0,-0.015590133272275541
2009-07-13,8.84000015258789,8.979999542236328,8.569999694824219,8.979999542236328,1500400,0.0,0.0,0.015837034754739632
2009-07-14,8.010000228881836,8.5,7.96999979019165,8.100000381469727,6695000,0.0,0.0,-0.0979954571965882
2009-07-15,8.170000076293945,8.220000267028809,7.96999979019165,8.09000015258789,4547700,0.0,0.0,-0.0012345961001080097
2009-07-16,8.029999732971191,8.579999923706055,8.020000457763672,8.520000457763672,4438800,0.0,0.0,0.05315207627508256
2009-07-17,8.539999961853027,8.880000114440918,8.520000457763672,8.680000305175781,2472200,0.0,0.0,0.01877932380464986
2009-07-20,8.770000457763672,8.800000190734863,8.510000228881836,8.609999656677246,2743800,0.0,0.0,-0.008064590557306128
2009-07-21,8.6899995803833,8.739999771118164,8.520000457763672,8.579999923706055,3119500,0.0,0.0,-0.003484289682628039
2009-07-22,8.5,8.630000114440918,8.390000343322754,8.539999961853027,1775300,0.0,0.0,-0.004662000257425358
2009-07-23,8.539999961853027,9.050000190734863,8.470000267028809,9.010000228881836,3000900,0.0,0.0,0.055035160319465204
2009-07-24,8.899999618530273,9.220000267028809,8.869999885559082,9.220000267028809,2283700,0.0,0.0,0.023307439823787135
2009-07-27,9.210000038146973,9.420000076293945,9.210000038146973,9.350000381469727,2867400,0.0,0.0,0.01409979508415038
2009-07-28,9.210000038146973,9.529999732971191,9.210000038146973,9.369999885559082,3141500,0.0,0.0,0.0021389843073151837
2009-07-29,9.329999923706055,9.529999732971191,9.25,9.449999809265137,3650600,0.0,0.0,0.008537878834913304
2009-07-30,9.5,9.640000343322754,9.430000305175781,9.510000228881836,1788200,0.0,0.0,0.006349250881240609
2009-07-31,9.449999809265137,9.649999618530273,9.279999732971191,9.520000457763672,1143600,0.0,0.0,0.001051548753013165
2009-08-03,9.600000381469727,9.670000076293945,9.260000228881836,9.609999656677246,1830200,0.0,0.0,0.009453696910295628
2009-08-04,9.529999732971191,9.649999618530273,9.430000305175781,9.539999961853027,1125600,0.0,0.0,-0.0072840475884493605
2009-08-05,9.529999732971191,9.539999961853027,9.1899995803833,9.270000457763672,1706500,0.0,0.0,-0.02830183492337368
2009-08-06,9.329999923706055,9.699999809265137,9.25,9.5600004196167,1243300,0.0,0.0,0.03128370523543511
2009-08-07,9.699999809265137,9.930000305175781,9.600000381469727,9.729999542236328,1383000,0.0,0.0,0.01778233422153397
2009-08-10,9.710000038146973,9.920000076293945,9.649999618530273,9.789999961853027,1276500,0.0,0.0,0.006166538791317233
2009-08-11,9.890000343322754,9.930000305175781,9.619999885559082,9.760000228881836,1284200,0.0,0.0,-0.0030643241152283895
2009-08-12,9.739999771118164,10.130000114440918,9.699999809265137,9.899999618530273,1454800,0.0,0.0,0.014344199422675397
2009-08-13,10.0,10.270000457763672,9.920000076293945,10.180000305175781,2412300,0.0,0.0,0.028282898730765504
2009-08-14,10.180000305175781,10.229999542236328,10.050000190734863,10.100000381469727,2152300,0.0,0.0,-0.007858538438882068
2009-08-17,9.989999771118164,9.989999771118164,9.59000015258789,9.680000305175781,1631400,0.0,0.0,-0.041584164399093626
2009-08-18,9.770000457763672,10.180000305175781,9.600000381469727,9.770000457763672,1905600,0.0,0.0,0.009297536131250839
2009-08-19,9.75,10.069999694824219,9.649999618530273,9.989999771118164,1420400,0.0,0.0,0.02251784063936979
2009-08-20,9.9399995803833,10.199999809265137,9.899999618530273,10.149999618530273,1929400,0.0,0.0,0.016016001108897004
2009-08-21,10.25,10.529999732971191,10.130000114440918,10.289999961853027,2330800,0.0,0.0,0.013793137791568322
2009-08-24,10.34000015258789,10.520000457763672,10.270000457763672,10.369999885559082,1338400,0.0,0.0,0.0077745310012273805
2009-08-25,10.380000114440918,10.470000267028809,10.199999809265137,10.359999656677246,2302900,0.0,0.0,-0.0009643422364702392
2009-08-26,10.380000114440918,10.619999885559082,10.25,10.600000381469727,1262900,0.0,0.0,0.0231660938943945
2009-08-27,10.520000457763672,10.899999618530273,10.319999694824219,10.869999885559082,2044900,0.0,0.0,0.025471650412518088
2009-08-28,10.90999984741211,10.979999542236328,10.319999694824219,10.430000305175781,2574200,0.0,0.0,-0.04047834268773498
2009-08-31,10.420000076293945,10.65999984741211,10.220000267028809,10.5,2488300,0.0,0.0,0.0067113799401790075
2009-09-01,10.479999542236328,10.680000305175781,10.020000457763672,10.15999984741211,3520300,0.0,0.0,-0.032380966913132414
2009-09-02,10.140000343322754,11.180000305175781,10.029999732971191,10.949999809265137,5248300,0.0,0.0,0.07775590292496415
2009-09-03,10.920000076293945,10.930000305175781,10.460000038146973,10.670000076293945,2377200,0.0,0.0,-0.025570752314924672
2009-09-04,10.420000076293945,10.75,10.329999923706055,10.720000267028809,1978200,0.0,0.0,0.004686053456171013
2009-09-08,10.829999923706055,10.90999984741211,10.630000114440918,10.869999885559082,1524400,0.0,0.0,0.013992501380025502
2009-09-09,10.890000343322754,10.960000038146973,10.600000381469727,10.699999809265137,2660200,0.0,0.0,-0.015639381608438918
2009-09-10,10.800000190734863,11.210000038146973,10.800000190734863,11.149999618530273,3376500,0.0,0.0,0.04205605769034526
2009-09-11,11.350000381469727,12.100000381469727,11.229999542236328,11.579999923706055,4845200,0.0,0.0,0.03856505111095787
2009-09-14,11.460000038146973,11.579999923706055,11.329999923706055,11.489999771118164,1506400,0.0,0.0,-0.007772033953441282
2009-09-15,11.510000228881836,11.75,11.430000305175781,11.479999542236328,1249400,0.0,0.0,-0.0008703419565745385
2009-09-16,12.100000381469727,12.210000038146973,11.779999732971191,12.119999885559082,2980500,0.0,0.0,0.05574916104901528
2009-09-17,12.069999694824219,12.140000343322754,11.59000015258789,11.640000343322754,2017900,0.0,0.0,-0.03960392300071269
2009-09-18,11.699999809265137,11.850000381469727,11.470000267028809,11.729999542236328,1346000,0.0,0.0,0.007731889712975892
2009-09-21,11.3100004196167,11.630000114440918,10.989999771118164,11.149999618530273,3545600,0.0,0.0,-0.04944586072809665
2009-09-22,11.229999542236328,11.789999961853027,11.1899995803833,11.720000267028809,2528000,0.0,0.0,0.05112113614347091
2009-09-23,11.680000305175781,12.020000457763672,11.619999885559082,11.739999771118164,2106200,0.0,0.0,0.0017064422895636255
2009-09-24,11.729999542236328,11.869999885559082,11.300000190734863,11.430000305175781,1105000,0.0,0.0,-0.02640540647241063
2009-09-25,11.350000381469727,11.390000343322754,11.100000381469727,11.25,1155500,0.0,0.0,-0.015748057775140434
2009-09-28,11.329999923706055,11.600000381469727,11.3100004196167,11.520000457763672,724800,0.0,0.0,0.024000040690104196
2009-09-29,11.550000190734863,11.640000343322754,11.399999618530273,11.420000076293945,1011700,0.0,0.0,-0.008680588324311511
2009-09-30,11.5,11.510000228881836,11.109999656677246,11.210000038146973,1275400,0.0,0.0,-0.01838879481121003
2009-10-01,11.199999809265137,11.34000015258789,10.760000228881836,10.829999923706055,1367300,0.0,0.0,-0.03389831517821584
2009-10-02,10.609999656677246,11.050000190734863,10.550000190734863,10.869999885559082,1004600,0.0,0.0,0.0036934406403337228
2009-10-05,10.9399995803833,11.220000267028809,10.880000114440918,10.989999771118164,975600,0.0,0.0,0.011039548005745914
2009-10-06,11.029999732971191,11.279999732971191,10.90999984741211,11.149999618530273,1067200,0.0,0.0,0.014558676136881443
2009-10-07,11.149999618530273,11.239999771118164,10.970000267028809,11.199999809265137,668400,0.0,0.0,0.00448432219242112
2009-10-08,11.260000228881836,11.539999961853027,11.180000305175781,11.520000457763672,1427600,0.0,0.0,0.028571486959652947
2009-10-09,11.550000190734863,11.789999961853027,11.5,11.609999656677246,790800,0.0,0.0,0.007812430150809568
2009-10-12,11.630000114440918,11.779999732971191,11.449999809265137,11.479999542236328,1385800,0.0,0.0,-0.011197253943599494
2009-10-13,11.5,11.670000076293945,11.359999656677246,11.65999984741211,761500,0.0,0.0,0.015679469717184036
2009-10-14,11.770000457763672,11.989999771118164,11.510000228881836,11.8100004196167,1746500,0.0,0.0,0.012864543239070603
2009-10-15,11.649999618530273,11.869999885559082,11.40999984741211,11.520000457763672,1806200,0.0,0.0,-0.024555457370799894
2009-10-16,11.479999542236328,11.649999618530273,11.149999618530273,11.180000305175781,3001000,0.0,0.0,-0.029513900961588457
2009-10-19,11.239999771118164,11.319999694824219,11.039999961853027,11.210000038146973,1108400,0.0,0.0,0.0026833391907246096
2009-10-20,11.1899995803833,11.399999618530273,10.8100004196167,10.880000114440918,2260800,0.0,0.0,-0.029437994878062868
2009-10-21,10.779999732971191,11.130000114440918,10.600000381469727,10.930000305175781,3631200,0.0,0.0,0.004595605717733209
2009-10-22,10.930000305175781,11.220000267028809,10.779999732971191,11.130000114440918,1646100,0.0,0.0,0.018298243703655626
2009-10-23,11.170000076293945,12.5,11.140000343322754,11.859999656677246,8456000,0.0,0.0,0.06558845774755828
2009-10-26,11.829999923706055,12.569999694824219,11.829999923706055,11.989999771118164,3900800,0.0,0.0,0.01096122413188505
2009-10-27,11.979999542236328,12.329999923706055,11.829999923706055,12.170000076293945,2467000,0.0,0.0,0.015012536164460188
2009-10-28,12.09000015258789,12.09000015258789,11.300000190734863,11.430000305175781,3320400,0.0,0.0,-0.06080523964495421
2009-10-29,11.5,11.829999923706055,11.4399995803833,11.59000015258789,1707800,0.0,0.0,0.013998236495204486
2009-10-30,11.489999771118164,11.569999694824219,10.819999694824219,10.970000267028809,2003100,0.0,0.0,-0.053494381138609826
2009-11-02,11.0,11.130000114440918,10.770000457763672,10.899999618530273,2235500,0.0,0.0,-0.006381098158121934
2009-11-03,10.880000114440918,11.100000381469727,10.800000190734863,10.989999771118164,2066800,0.0,0.0,0.00825689502180249
2009-11-04,11.039999961853027,11.220000267028809,10.899999618530273,11.09000015258789,1520400,0.0,0.0,0.009099215973828123
2009-11-05,11.140000343322754,11.449999809265137,11.050000190734863,11.420000076293945,1329000,0.0,0.0,0.029756530132152292
2009-11-06,11.289999961853027,11.65999984741211,11.1899995803833,11.40999984741211,747000,0.0,0.0,-0.0008756767788989928
2009-11-09,11.470000267028809,11.789999961853027,11.470000267028809,11.729999542236328,1569500,0.0,0.0,0.028045547686558203
2009-11-10,11.720000267028809,11.800000190734863,11.539999961853027,11.5600004196167,1636900,0.0,0.0,-0.014492679390780139
2009-11-11,11.680000305175781,11.829999923706055,11.5,11.75,1282600,0.0,0.0,0.016435949263538197
2009-11-12,11.770000457763672,11.899999618530273,11.4399995803833,11.5600004196167,1427800,0.0,0.0,-0.016170177053897894
2009-11-13,11.649999618530273,11.979999542236328,11.489999771118164,11.920000076293945,1889900,0.0,0.0,0.031141837682492346
2009-11-16,12.0,12.149999618530273,11.8100004196167,11.880000114440918,2052700,0.0,0.0,-0.0033557014762590764
2009-11-17,11.899999618530273,11.989999771118164,11.75,11.970000267028809,1173300,0.0,0.0,0.0075757703468781745
2009-11-18,11.9399995803833,11.949999809265137,11.5600004196167,11.670000076293945,1323000,0.0,0.0,-0.025062672016909593
2009-11-19,11.5600004196167,11.569999694824219,11.199999809265137,11.279999732971191,1520500,0.0,0.0,-0.033419052337025024
2009-11-20,11.15999984741211,11.34000015258789,11.079999923706055,11.199999809265137,1268200,0.0,0.0,-0.0070921919858044635
2009-11-23,11.359999656677246,11.65999984741211,11.34000015258789,11.420000076293945,698500,0.0,0.0,0.01964288131923131
2009-11-24,11.359999656677246,11.569999694824219,11.260000228881836,11.569999694824219,786600,0.0,0.0,0.013134817646949681
2009-11-25,11.579999923706055,11.829999923706055,11.399999618530273,11.680000305175781,1646000,0.0,0.0,0.009507399589713916
2009-11-27,11.369999885559082,11.390000343322754,11.140000343322754,11.239999771118164,418000,0.0,0.0,-0.03767127761654587
2009-11-30,11.199999809265137,11.289999961853027,10.989999771118164,11.25,1005100,0.0,0.0,0.000889700096572188
2009-12-01,11.350000381469727,11.630000114440918,11.34000015258789,11.399999618530273,971200,0.0,0.0,0.013333299424913125
2009-12-02,11.4399995803833,11.510000228881836,11.180000305175781,11.3100004196167,1432400,0.0,0.0,-0.007894666835539521
2009-12-03,11.350000381469727,11.390000343322754,10.869999885559082,10.920000076293945,4065700,0.0,0.0,-0.03448278769701152
2009-12-04,7.5,7.960000038146973,7.0,7.739999771118164,52797400,0.0,0.0,-0.29120881712072455
2009-12-07,7.840000152587891,8.140000343322754,7.789999961853027,7.909999847412109,13986600,0.0,0.0,0.021963834796003612
2009-12-08,7.820000171661377,8.039999961853027,7.769999980926514,7.900000095367432,5205500,0.0,0.0,-0.001264191180477603
2009-12-09,7.96999979019165,7.96999979019165,7.710000038146973,7.849999904632568,4064000,0.0,0.0,-0.006329137991299971
2009-12-10,7.989999771118164,7.989999771118164,7.650000095367432,7.78000020980835,4082500,0.0,0.0,-0.008917158684665694
2009-12-11,7.809999942779541,7.880000114440918,7.710000038146973,7.800000190734863,3145500,0.0,0.0,0.00257069156647316
2009-12-14,7.860000133514404,7.929999828338623,7.760000228881836,7.920000076293945,2054900,0.0,0.0,0.015384600336500354
2009-12-15,7.909999847412109,8.319999694824219,7.820000171661377,8.0600004196167,4927300,0.0,0.0,0.017676810855318248
2009-12-16,8.0600004196167,8.149999618530273,7.800000190734863,8.100000381469727,3872300,0.0,0.0,0.004962774165082395
2009-12-17,8.100000381469727,8.319999694824219,7.96999979019165,8.25,5935300,0.0,0.0,0.018518470551362576
2009-12-18,9.270000457763672,9.640000343322754,8.869999885559082,9.010000228881836,19671200,0.0,0.0,0.09212123986446485
2009-12-21,9.180000305175781,9.4399995803833,9.079999923706055,9.430000305175781,4561200,0.0,0.0,0.04661487964757449
2009-12-22,9.050000190734863,9.539999961853027,8.880000114440918,9.5,8517700,0.0,0.0,0.0074230851069854165
2009-12-23,9.600000381469727,9.90999984741211,9.510000228881836,9.899999618530273,3360300,0.0,0.0,0.04210522300318664
2009-12-24,9.890000343322754,10.1899995803833,9.720000267028809,10.069999694824219,1528800,0.0,0.0,0.017171725539842253
2009-12-28,10.109999656677246,10.119999885559082,9.6899995803833,9.859999656677246,2579600,0.0,0.0,-0.020854026267240977
2009-12-29,9.84000015258789,10.0600004196167,9.789999961853027,10.050000190734863,1395800,0.0,0.0,0.019269831711297147
2009-12-30,9.890000343322754,10.1899995803833,9.890000343322754,10.1899995803833,1504100,0.0,0.0,0.01393028726283041
2009-12-31,10.210000038146973,10.300000190734863,10.039999961853027,10.050000190734863,1621100,0.0,0.0,-0.013738900433121648
2010-01-04,10.180000305175781,10.600000381469727,10.079999923706055,10.399999618530273,3666400,0.0,0.0,0.03482581305004118
2010-01-05,10.380000114440918,10.489999771118164,10.109999656677246,10.470000267028809,4442300,0.0,0.0,0.006730831833283046
2010-01-06,10.460000038146973,10.65999984741211,10.329999923706055,10.4399995803833,2829400,0.0,0.0,-0.002865395022002337
2010-01-07,10.390000343322754,10.430000305175781,9.989999771118164,10.390000343322754,2655500,0.0,0.0,-0.0047891991446528115
2010-01-08,10.329999923706055,10.489999771118164,10.270000457763672,10.420000076293945,2143400,0.0,0.0,0.0028873659268424667
2010-01-11,10.5,10.819999694824219,10.40999984741211,10.680000305175781,3858200,0.0,0.0,0.024952037138017857
2010-01-12,10.5600004196167,10.5600004196167,10.140000343322754,10.1899995803833,2808300,0.0,0.0,-0.04588021636619377
2010-01-13,10.25,10.369999885559082,10.050000190734863,10.359999656677246,1691100,0.0,0.0,0.0166830307452821
2010-01-14,10.300000190734863,10.380000114440918,10.119999885559082,10.149999618530273,1403500,0.0,0.0,-0.02027027462415243
2010-01-15,10.199999809265137,10.289999961853027,9.920000076293945,10.079999923706055,2084500,0.0,0.0,-0.006896521916752052
2010-01-19,10.0600004196167,10.25,9.829999923706055,9.949999809265137,3223100,0.0,0.0,-0.012896836847705262
2010-01-20,9.899999618530273,9.979999542236328,9.529999732971191,9.729999542236328,3587600,0.0,0.0,-0.02211058002473032
2010-01-21,9.8100004196167,9.890000343322754,9.359999656677246,9.369999885559082,2600600,0.0,0.0,-0.036998938706476525
2010-01-22,9.880000114440918,9.880000114440918,9.25,9.289999961853027,2730300,0.0,0.0,-0.008537878834913304
2010-01-25,9.300000190734863,9.350000381469727,8.970000267028809,9.119999885559082,3342700,0.0,0.0,-0.01829925478923644
2010-01-26,9.0600004196167,9.289999961853027,9.0600004196167,9.199999809265137,2461700,0.0,0.0,0.008771921569070251
2010-01-27,9.149999618530273,9.369999885559082,9.130000114440918,9.329999923706055,1938400,0.0,0.0,0.014130447514792088
2010-01-28,9.34000015258789,9.420000076293945,9.079999923706055,9.279999732971191,1946700,0.0,0.0,-0.005359077293004111
2010-01-29,9.75,9.75,9.25,9.279999732971191,4289600,0.0,0.0,0.0
2010-02-01,9.289999961853027,9.40999984741211,9.279999732971191,9.34000015258789,1705400,0.0,0.0,0.006465562644740297
2010-02-02,9.319999694824219,9.399999618530273,9.199999809265137,9.34000015258789,1847300,0.0,0.0,0.0
2010-02-03,9.329999923706055,9.819999694824219,9.329999923706055,9.600000381469727,4273300,0.0,0.0,0.02783728315141376
2010-02-04,9.550000190734863,9.760000228881836,9.149999618530273,9.25,2636800,0.0,0.0,-0.03645837162103771
2010-02-05,9.270000457763672,9.350000381469727,9.09000015258789,9.289999961853027,2604200,0.0,0.0,0.004324320200327358
2010-02-08,9.329999923706055,9.539999961853027,9.180000305175781,9.449999809265137,1760700,0.0,0.0,0.017222803882573468
2010-02-09,9.5600004196167,9.65999984741211,9.350000381469727,9.520000457763672,1960200,0.0,0.0,0.007407476181100492
2010-02-10,9.5,9.739999771118164,9.479999542236328,9.710000038146973,1729500,0.0,0.0,0.01995793815622715
2010-02-11,9.640000343322754,9.960000038146973,9.569999694824219,9.859999656677246,1771000,0.0,0.0,0.015447952414107124
2010-02-12,9.739999771118164,9.75,9.5,9.649999618530273,1384900,0.0,0.0,-0.021298179052649302
2010-02-16,9.699999809265137,9.829999923706055,9.569999694824219,9.75,1072200,0.0,0.0,0.010362734240704219
2010-02-17,9.789999961853027,9.930000305175781,9.630000114440918,9.65999984741211,2178500,0.0,0.0,-0.009230784880809306
2010-02-18,9.680000305175781,9.6899995803833,9.5,9.640000343322754,1523000,0.0,0.0,-0.002070342070938369
2010-02-19,9.59000015258789,9.680000305175781,9.40999984741211,9.5,1641600,0.0,0.0,-0.01452285667393427
2010-02-22,9.520000457763672,9.569999694824219,9.1899995803833,9.239999771118164,2405200,0.0,0.0,-0.027368445145456444
2010-02-23,9.239999771118164,9.329999923706055,9.140000343322754,9.319999694824219,1630300,0.0,0.0,0.00865800061555344
2010-02-24,9.319999694824219,9.34000015258789,9.15999984741211,9.220000267028809,1390300,0.0,0.0,-0.010729552689893729
2010-02-25,9.119999885559082,9.279999732971191,9.029999732971191,9.279999732971191,1538400,0.0,0.0,0.006507534078599164
2010-02-26,9.3100004196167,9.640000343322754,9.210000038146973,9.619999885559082,2811100,0.0,0.0,0.03663794853138769
2010-03-01,9.619999885559082,9.75,9.390000343322754,9.4399995803833,2125100,0.0,0.0,-0.01871105065666223
2010-03-02,9.489999771118164,9.550000190734863,9.239999771118164,9.279999732971191,2160100,0.0,0.0,-0.016949137131806236
2010-03-03,9.260000228881836,9.319999694824219,8.9399995803833,9.029999732971191,5512400,0.0,0.0,-0.026939655947593177
2010-03-04,9.5,10.020000457763672,9.3100004196167,10.020000457763672,7570800,0.0,0.0,0.10963463500200299
2010-03-05,10.029999732971191,10.220000267028809,9.90999984741211,9.989999771118164,3041400,0.0,0.0,-0.0029940803667591886
2010-03-08,10.039999961853027,10.25,9.930000305175781,10.180000305175781,1674200,0.0,0.0,0.019019072913987634
2010-03-09,10.229999542236328,10.449999809265137,10.1899995803833,10.390000343322754,1741100,0.0,0.0,0.0206286868223573
2010-03-10,10.420000076293945,10.539999961853027,10.319999694824219,10.5,1526000,0.0,0.0,0.010587069590227483
2010-03-11,10.420000076293945,10.420000076293945,10.109999656677246,10.220000267028809,1725500,0.0,0.0,-0.026666641235351562
2010-03-12,10.199999809265137,10.279999732971191,10.039999961853027,10.130000114440918,1044600,0.0,0.0,-0.00880627693115077
2010-03-15,9.960000038146973,10.130000114440918,9.850000381469727,10.119999885559082,1304400,0.0,0.0,-0.0009871894144976023
2010-03-16,10.130000114440918,10.140000343322754,9.850000381469727,9.960000038146973,1801300,0.0,0.0,-0.015810261780775714
2010-03-17,9.970000267028809,10.0,9.760000228881836,9.829999923706055,1509000,0.0,0.0,-0.013052220275403092
2010-03-18,9.899999618530273,10.180000305175781,9.819999694824219,10.0,1736300,0.0,0.0,0.01729400586097385
2010-03-19,10.0600004196167,10.119999885559082,9.8100004196167,10.020000457763672,3063600,0.0,0.0,0.002000045776367143
2010-03-22,9.9399995803833,10.460000038146973,9.789999961853027,10.270000457763672,4066500,0.0,0.0,0.024950098660553977
2010-03-23,10.239999771118164,10.510000228881836,10.239999771118164,10.5,1799300,0.0,0.0,0.022395280621672953
2010-03-24,10.479999542236328,10.550000190734863,10.350000381469727,10.380000114440918,1011900,0.0,0.0,-0.011428560529436416
2010-03-25,10.399999618530273,10.449999809265137,10.170000076293945,10.180000305175781,1252200,0.0,0.0,-0.019267804148372925
2010-03-26,10.239999771118164,10.319999694824219,10.039999961853027,10.210000038146973,1246300,0.0,0.0,0.002946928494288903
2010-03-29,10.199999809265137,10.260000228881836,10.050000190734863,10.109999656677246,953000,0.0,0.0,-0.009794356620578037
2010-03-30,10.079999923706055,10.1899995803833,9.979999542236328,10.09000015258789,1062600,0.0,0.0,-0.001978190382642242
2010-03-31,10.029999732971191,10.079999923706055,9.850000381469727,9.869999885559082,1402400,0.0,0.0,-0.021803792240021158
2010-04-01,9.880000114440918,10.069999694824219,9.869999885559082,10.039999961853027,1306500,0.0,0.0,0.017223918770523428
2010-04-05,10.09000015258789,10.359999656677246,10.010000228881836,10.359999656677246,1215500,0.0,0.0,0.03187247968526474
2010-04-06,10.300000190734863,10.5,10.270000457763672,10.420000076293945,1074700,0.0,0.0,0.005791546486975774
2010-04-07,10.380000114440918,10.4399995803833,10.260000228881836,10.319999694824219,1346600,0.0,0.0,-0.009596965521836531
2010-04-08,10.319999694824219,10.40999984741211,10.170000076293945,10.380000114440918,1284000,0.0,0.0,0.005813994320832405
2010-04-09,10.460000038146973,10.550000190734863,10.3100004196167,10.510000228881836,1387400,0.0,0.0,0.012524095665476853
2010-04-12,10.569999694824219,10.869999885559082,10.510000228881836,10.869999885559082,1357900,0.0,0.0,0.03425305888081276
2010-04-13,10.869999885559082,10.90999984741211,10.720000267028809,10.859999656677246,1070200,0.0,0.0,-0.0009199842674443293
2010-04-14,10.859999656677246,11.1899995803833,10.8100004196167,10.859999656677246,2304800,0.0,0.0,0.0
2010-04-15,10.890000343322754,10.930000305175781,10.640000343322754,10.789999961853027,1665700,0.0,0.0,-0.0064456442943973125
2010-04-16,10.739999771118164,10.890000343322754,10.460000038146973,10.649999618530273,1495000,0.0,0.0,-0.01297500869487589
2010-04-19,10.600000381469727,10.640000343322754,10.289999961853027,10.380000114440918,1448400,0.0,0.0,-0.02535206701975601
2010-04-20,10.449999809265137,10.569999694824219,10.239999771118164,10.479999542236328,2640300,0.0,0.0,0.00963385613611778
2010-04-21,10.479999542236328,10.75,10.470000267028809,10.680000305175781,1272200,0.0,0.0,0.019084043098801073
2010-04-22,10.65999984741211,10.880000114440918,10.510000228881836,10.84000015258789,1374400,0.0,0.0,0.0149812586929019
2010-04-23,10.859999656677246,11.25,10.829999923706055,11.210000038146973,1778600,0.0,0.0,0.034132830290666494
2010-04-26,11.239999771118164,11.25,11.029999732971191,11.09000015258789,1660500,0.0,0.0,-0.010704717676247033
2010-04-27,11.079999923706055,11.199999809265137,10.770000457763672,10.800000190734863,2881600,0.0,0.0,-0.026149680600802805
2010-04-28,10.84000015258789,10.920000076293945,10.550000190734863,10.649999618530273,1452900,0.0,0.0,-0.0138889416255078
2010-04-29,10.699999809265137,11.0,10.579999923706055,11.0,1538100,0.0,0.0,0.03286388676115526
2010-04-30,10.989999771118164,11.029999732971191,10.800000190734863,10.850000381469727,1366500,0.0,0.0,-0.013636328957297605
2010-05-03,10.829999923706055,11.170000076293945,10.739999771118164,11.170000076293945,1249600,0.0,0.0,0.02949305839387195
2010-05-04,11.039999961853027,11.130000114440918,10.520000457763672,10.59000015258789,1860700,0.0,0.0,-0.05192479138267747
2010-05-05,10.5,10.520000457763672,10.149999618530273,10.289999961853027,1929700,0.0,0.0,-0.028328629500685265
2010-05-06,10.289999961853027,10.479999542236328,9.270000457763672,9.829999923706055,2306800,0.0,0.0,-0.04470359959691739
2010-05-07,9.800000190734863,9.989999771118164,9.34000015258789,9.829999923706055,3586800,0.0,0.0,0.0
2010-05-10,10.470000267028809,11.029999732971191,10.300000190734863,10.539999961853027,2020500,0.0,0.0,0.07222787829679778
2010-05-11,10.470000267028809,10.859999656677246,10.390000343322754,10.670000076293945,1417200,0.0,0.0,0.012333976746814246
2010-05-12,10.739999771118164,11.300000190734863,10.640000343322754,11.029999732971191,2148800,0.0,0.0,0.033739424002168006
2010-05-13,11.010000228881836,11.4399995803833,11.010000228881836,11.239999771118164,1950700,0.0,0.0,0.019038988506884014
2010-05-14,11.020000457763672,11.09000015258789,10.640000343322754,11.069999694824219,3375500,0.0,0.0,-0.015124562255843688
2010-05-17,11.170000076293945,11.25,10.819999694824219,11.25,2786400,0.0,0.0,0.01626019061770534
2010-05-18,11.369999885559082,11.600000381469727,11.15999984741211,11.180000305175781,4472900,0.0,0.0,-0.0062221950954861605
2010-05-19,11.180000305175781,11.229999542236328,10.859999656677246,11.0,2581800,0.0,0.0,-0.016100205747977547
2010-05-20,10.899999618530273,11.039999961853027,10.539999961853027,10.6899995803833,3395800,0.0,0.0,-0.02818185632879089
2010-05-21,10.5600004196167,10.869999885559082,10.420000076293945,10.760000228881836,2703900,0.0,0.0,0.006548236786368955
2010-05-24,10.760000228881836,11.020000457763672,10.760000228881836,10.819999694824219,1791000,0.0,0.0,0.0055761584262175035
2010-05-25,10.4399995803833,10.699999809265137,10.25,10.649999618530273,2891700,0.0,0.0,-0.015711652596003822
2010-05-26,10.710000038146973,10.960000038146973,10.300000190734863,10.40999984741211,3512100,0.0,0.0,-0.022535190583535925
2010-05-27,10.600000381469727,10.760000228881836,10.489999771118164,10.729999542236328,2066500,0.0,0.0,0.030739644525909382
2010-05-28,11.100000381469727,11.65999984741211,10.949999809265137,11.569999694824219,4833300,0.0,0.0,0.07828519929394329
2010-06-01,11.539999961853027,11.84000015258789,11.180000305175781,11.1899995803833,2780000,0.0,0.0,-0.03284357169092311
2010-06-02,11.260000228881836,11.520000457763672,11.15999984741211,11.399999618530273,3152600,0.0,0.0,0.018766760144934613
2010-06-03,11.420000076293945,11.579999923706055,11.34000015258789,11.529999732971191,2322200,0.0,0.0,0.0114035191921944
2010-06-04,11.279999732971191,11.4399995803833,10.979999542236328,11.029999732971191,2609500,0.0,0.0,-0.04336513543623077
2010-06-07,11.109999656677246,11.25,10.630000114440918,10.640000343322754,3224200,0.0,0.0,-0.03535805975431172
2010-06-08,10.640000343322754,10.779999732971191,10.279999732971191,10.520000457763672,2990000,0.0,0.0,-0.011278184369081234
2010-06-09,10.989999771118164,11.0,9.710000038146973,9.710000038146973,9433300,0.0,0.0,-0.07699623425576241
2010-06-10,9.869999885559082,10.1899995803833,9.75,10.1899995803833,3247900,0.0,0.0,0.04943352629769193
2010-06-11,10.050000190734863,10.470000267028809,10.029999732971191,10.4399995803833,2583900,0.0,0.0,0.02453385773256289
2010-06-14,10.289999961853027,10.350000381469727,10.0,10.029999732971191,2404500,0.0,0.0,-0.03927201761410959
2010-06-15,10.149999618530273,10.3100004196167,10.0600004196167,10.3100004196167,1808200,0.0,0.0,0.027916320448651
2010-06-16,10.25,10.430000305175781,10.130000114440918,10.260000228881836,1383100,0.0,0.0,-0.004849678826368331
2010-06-17,10.300000190734863,10.399999618530273,10.199999809265137,10.300000190734863,1013300,0.0,0.0,0.003898631672583086
2010-06-18,10.329999923706055,10.380000114440918,9.970000267028809,10.069999694824219,1948900,0.0,0.0,-0.022330144820534747
2010-06-21,10.109999656677246,10.199999809265137,9.890000343322754,9.979999542236328,1341400,0.0,0.0,-0.00893745335803231
2010-06-22,10.0600004196167,10.149999618530273,9.680000305175781,9.720000267028809,1516800,0.0,0.0,-0.026052032778877132
2010-06-23,9.720000267028809,9.850000381469727,9.510000228881836,9.569999694824219,2301100,0.0,0.0,-0.015432157210263253
2010-06-24,9.569999694824219,9.65999984741211,9.390000343322754,9.510000228881836,1934200,0.0,0.0,-0.0062695368710233845
2010-06-25,9.520000457763672,9.989999771118164,9.4399995803833,9.84000015258789,3838900,0.0,0.0,0.03470030659976708
2010-06-28,9.819999694824219,9.989999771118164,9.699999809265137,9.75,1468500,0.0,0.0,-0.009146356828482416
2010-06-29,9.59000015258789,9.739999771118164,9.1899995803833,9.25,2049600,0.0,0.0,-0.05128205128205132
2010-06-30,9.25,9.369999885559082,8.979999542236328,9.0,1694000,0.0,0.0,-0.027027027027026973
2010-07-01,8.989999771118164,9.020000457763672,8.680000305175781,8.850000381469727,2155900,0.0,0.0,-0.016666624281141518
2010-07-02,8.899999618530273,9.170000076293945,8.899999618530273,9.010000228881836,1972400,0.0,0.0,0.018079078024348938
2010-07-06,9.0600004196167,9.229999542236328,8.800000190734863,8.90999984741211,2395000,0.0,0.0,-0.011098821190833275
2010-07-07,8.979999542236328,9.770000457763672,8.859999656677246,9.75,3171400,0.0,0.0,0.09427611301608119
2010-07-08,9.8100004196167,9.920000076293945,9.270000457763672,9.390000343322754,2999000,0.0,0.0,-0.03692304171048677
2010-07-09,9.390000343322754,9.5600004196167,9.329999923706055,9.489999771118164,1110800,0.0,0.0,0.01064956593601396
2010-07-12,9.4399995803833,9.59000015258789,9.229999542236328,9.550000190734863,1878300,0.0,0.0,0.006322489047819069
2010-07-13,9.680000305175781,10.199999809265137,9.579999923706055,10.140000343322754,2224700,0.0,0.0,0.061780119455944194
2010-07-14,10.09000015258789,10.149999618530273,9.800000190734863,9.920000076293945,1995100,0.0,0.0,-0.021696278065087005
2010-07-15,9.899999618530273,9.930000305175781,9.649999618530273,9.829999923706055,1760000,0.0,0.0,-0.009072595957228424
2010-07-16,9.899999618530273,9.979999542236328,9.600000381469727,9.760000228881836,1770600,0.0,0.0,-0.007121026995677515
2010-07-19,9.789999961853027,10.100000381469727,9.65999984741211,10.039999961853027,1771600,0.0,0.0,0.02868849655788064
2010-07-20,9.920000076293945,9.920000076293945,9.65999984741211,9.859999656677246,2082900,0.0,0.0,-0.017928317316702413
2010-07-21,9.930000305175781,9.960000038146973,9.670000076293945,9.699999809265137,1399000,0.0,0.0,-0.016227165616963912
2010-07-22,9.829999923706055,10.25,9.800000190734863,10.1899995803833,2087600,0.0,0.0,0.05051544131476504
2010-07-23,10.130000114440918,10.5,9.970000267028809,10.460000038146973,1309300,0.0,0.0,0.026496611274003268
2010-07-26,10.470000267028809,10.770000457763672,10.289999961853027,10.75,1833400,0.0,0.0,0.027724661643921067
2010-07-27,10.829999923706055,10.829999923706055,10.449999809265137,10.59000015258789,1481700,0.0,0.0,-0.014883706736010138
2010-07-28,10.539999961853027,10.640000343322754,10.1899995803833,10.289999961853027,1146400,0.0,0.0,-0.028328629500685265
2010-07-29,10.390000343322754,10.470000267028809,10.050000190734863,10.380000114440918,1169800,0.0,0.0,0.008746370546310889
2010-07-30,10.220000267028809,10.399999618530273,10.079999923706055,10.25,1226300,0.0,0.0,-0.012524095665476742
2010-08-02,10.399999618530273,10.609999656677246,10.3100004196167,10.430000305175781,939500,0.0,0.0,0.017561005383003092
2010-08-03,10.369999885559082,10.65999984741211,10.319999694824219,10.34000015258789,1439200,0.0,0.0,-0.008628969314912527
2010-08-04,10.40999984741211,10.65999984741211,10.270000457763672,10.65999984741211,1404000,0.0,0.0,0.030947745657830428
2010-08-05,10.569999694824219,10.649999618530273,10.34000015258789,10.479999542236328,1035900,0.0,0.0,-0.016885582340742666
2010-08-06,10.350000381469727,10.5,10.100000381469727,10.1899995803833,1406700,0.0,0.0,-0.027671753293907475
2010-08-09,10.239999771118164,10.289999961853027,10.15999984741211,10.239999771118164,776000,0.0,0.0,0.004906790264360694
2010-08-10,10.149999618530273,10.149999618530273,9.65999984741211,9.680000305175781,2154600,0.0,0.0,-0.05468744906829559
2010-08-11,9.609999656677246,9.609999656677246,9.1899995803833,9.1899995803833,1744000,0.0,0.0,-0.05061990799013538
2010-08-12,9.069999694824219,9.1899995803833,8.489999771118164,8.510000228881836,5116400,0.0,0.0,-0.07399340397718523
2010-08-13,8.920000076293945,8.920000076293945,8.289999961853027,8.289999961853027,3593100,0.0,0.0,-0.025851969578350453
2010-08-16,8.25,8.470000267028809,8.199999809265137,8.300000190734863,2468200,0.0,0.0,0.001206300232551527
2010-08-17,8.369999885559082,8.489999771118164,8.229999542236328,8.390000343322754,3602400,0.0,0.0,0.01084339162887682
2010-08-18,8.390000343322754,8.619999885559082,8.350000381469727,8.539999961853027,2049500,0.0,0.0,0.0178783804996685
2010-08-19,8.529999732971191,8.569999694824219,8.300000190734863,8.40999984741211,1481300,0.0,0.0,-0.015222495904169797
2010-08-20,8.380000114440918,8.460000038146973,8.260000228881836,8.4399995803833,760700,0.0,0.0,0.003567150239654593
2010-08-23,8.5,8.520000457763672,8.25,8.260000228881836,738400,0.0,0.0,-0.02132693844201472
2010-08-24,8.15999984741211,8.289999961853027,8.039999961853027,8.229999542236328,1242600,0.0,0.0,-0.003632044287433245
2010-08-25,8.0,8.279999732971191,7.980000019073486,8.270000457763672,923700,0.0,0.0,0.0048603788277337134
2010-08-26,8.34000015258789,8.4399995803833,8.149999618530273,8.229999542236328,1203500,0.0,0.0,-0.00483686980812581
2010-08-27,8.34000015258789,8.449999809265137,8.149999618530273,8.4399995803833,849400,0.0,0.0,0.02551640945655631
2010-08-30,8.420000076293945,8.550000190734863,8.180000305175781,8.1899995803833,901800,0.0,0.0,-0.029620854553247034
2010-08-31,8.140000343322754,8.350000381469727,8.079999923706055,8.300000190734863,1534500,0.0,0.0,0.013431088643159006
2010-09-01,8.4399995803833,8.609999656677246,8.3100004196167,8.5600004196167,2791500,0.0,0.0,0.03132532806108479
2010-09-02,8.520000457763672,8.899999618530273,8.520000457763672,8.850000381469727,3758700,0.0,0.0,0.03387849855572944
2010-09-03,10.050000190734863,10.25,9.449999809265137,9.5,11885200,0.0,0.0,0.073446281413869
2010-09-07,9.449999809265137,9.600000381469727,9.3100004196167,9.359999656677246,4125800,0.0,0.0,-0.014736878244500429
2010-09-08,9.350000381469727,9.369999885559082,9.229999542236328,9.239999771118164,1849800,0.0,0.0,-0.012820501064172207
2010-09-09,9.359999656677246,9.649999618530273,9.300000190734863,9.34000015258789,2368300,0.0,0.0,0.010822552375196137
2010-09-10,9.350000381469727,9.680000305175781,9.260000228881836,9.569999694824219,2263400,0.0,0.0,0.02462521825255015
2010-09-13,9.670000076293945,9.680000305175781,9.449999809265137,9.569999694824219,1966700,0.0,0.0,0.0
2010-09-14,9.520000457763672,9.600000381469727,9.380000114440918,9.529999732971191,1280400,0.0,0.0,-0.004179724464846157
2010-09-15,9.619999885559082,9.9399995803833,9.619999885559082,9.869999885559082,2296700,0.0,0.0,0.03567682708443143
2010-09-16,9.850000381469727,9.920000076293945,9.600000381469727,9.75,1679800,0.0,0.0,-0.012158043257392115
2010-09-17,9.829999923706055,9.850000381469727,9.619999885559082,9.829999923706055,1704700,0.0,0.0,0.008205120380108122
2010-09-20,9.800000190734863,9.970000267028809,9.699999809265137,9.930000305175781,1681200,0.0,0.0,0.010172978865296445
2010-09-21,10.0,10.149999618530273,9.90999984741211,9.989999771118164,1684000,0.0,0.0,0.0060422421045758234
2010-09-22,9.9399995803833,10.09000015258789,9.779999732971191,9.949999809265137,1617600,0.0,0.0,-0.004004000277224251
2010-09-23,9.869999885559082,10.239999771118164,9.729999542236328,9.739999771118164,2146400,0.0,0.0,-0.021105531876636552
2010-09-24,9.880000114440918,10.029999732971191,9.880000114440918,9.989999771118164,1179100,0.0,0.0,0.025667351732524768
2010-09-27,9.979999542236328,10.039999961853027,9.84000015258789,9.899999618530273,1157100,0.0,0.0,-0.009009024489478712
2010-09-28,10.050000190734863,10.15999984741211,9.869999885559082,10.100000381469727,1435700,0.0,0.0,0.02020209804504458
2010-09-29,10.029999732971191,10.229999542236328,10.0,10.069999694824219,1313300,0.0,0.0,-0.0029703649022181366
2010-09-30,10.199999809265137,10.289999961853027,9.970000267028809,10.140000343322754,1317000,0.0,0.0,0.006951405225415597
2010-10-01,10.25,10.3100004196167,10.050000190734863,10.25,1210900,0.0,0.0,0.010848092007184285
2010-10-04,10.300000190734863,10.539999961853027,10.180000305175781,10.40999984741211,2565200,0.0,0.0,0.0156097412109375
2010-10-05,10.489999771118164,10.569999694824219,10.369999885559082,10.550000190734863,1846600,0.0,0.0,0.013448640285768754
2010-10-06,10.550000190734863,10.670000076293945,10.369999885559082,10.460000038146973,1489800,0.0,0.0,-0.008530819996281136
2010-10-07,10.5,10.550000190734863,10.279999732971191,10.40999984741211,766200,0.0,0.0,-0.004780132940011006
2010-10-08,10.390000343322754,10.59000015258789,10.300000190734863,10.529999732971191,907600,0.0,0.0,0.01152736669721599
2010-10-11,10.529999732971191,10.600000381469727,10.479999542236328,10.550000190734863,852500,0.0,0.0,0.001899378753168257
2010-10-12,10.5600004196167,10.680000305175781,10.489999771118164,10.649999618530273,1153500,0.0,0.0,0.009478618577014819
2010-10-13,10.699999809265137,11.0,10.680000305175781,10.899999618530273,1970000,0.0,0.0,0.023474179244571625
2010-10-14,10.920000076293945,10.9399995803833,10.6899995803833,10.829999923706055,1971600,0.0,0.0,-0.006421990575597558
2010-10-15,10.930000305175781,10.9399995803833,10.369999885559082,10.569999694824219,1830200,0.0,0.0,-0.02400740819145486
2010-10-18,10.609999656677246,10.65999984741211,10.489999771118164,10.550000190734863,811500,0.0,0.0,-0.0018921007253338562
2010-10-19,10.40999984741211,10.4399995803833,10.079999923706055,10.100000381469727,1913700,0.0,0.0,-0.042654009585737396
2010-10-20,10.130000114440918,10.319999694824219,10.130000114440918,10.260000228881836,879000,0.0,0.0,0.015841568452379162
2010-10-21,10.319999694824219,10.390000343322754,10.010000228881836,10.210000038146973,1119500,0.0,0.0,-0.004873312828406529
2010-10-22,10.210000038146973,10.300000190734863,10.029999732971191,10.15999984741211,1735200,0.0,0.0,-0.004897178310289019
2010-10-25,10.229999542236328,10.239999771118164,9.850000381469727,9.880000114440918,2149200,0.0,0.0,-0.027559029249642264
2010-10-26,9.859999656677246,10.279999732971191,9.770000457763672,10.220000267028809,1479300,0.0,0.0,0.03441297051109693
2010-10-27,10.079999923706055,10.289999961853027,10.039999961853027,10.289999961853027,1314600,0.0,0.0,0.006849285028890595
2010-10-28,10.350000381469727,10.380000114440918,10.100000381469727,10.1899995803833,879100,0.0,0.0,-0.009718210091394286
2010-10-29,10.149999618530273,10.779999732971191,10.149999618530273,10.670000076293945,2223300,0.0,0.0,0.047105055512925764
2010-11-01,10.729999542236328,10.9399995803833,10.579999923706055,10.789999961853027,2687500,0.0,0.0,0.011246474667389261
2010-11-02,10.9399995803833,11.130000114440918,10.729999542236328,11.109999656677246,2660300,0.0,0.0,0.029657061719698508
2010-11-03,11.109999656677246,11.25,11.029999732971191,11.1899995803833,1265800,0.0,0.0,0.007200713427382821
2010-11-04,11.260000228881836,11.300000190734863,11.079999923706055,11.239999771118164,1394500,0.0,0.0,0.0044682924584300565
2010-11-05,11.229999542236328,11.229999542236328,10.989999771118164,11.130000114440918,1203400,0.0,0.0,-0.009786446522881298
2010-11-08,11.050000190734863,11.430000305175781,10.920000076293945,11.329999923706055,1081600,0.0,0.0,0.017969434609945933
2010-11-09,11.390000343322754,11.449999809265137,11.210000038146973,11.289999961853027,1476600,0.0,0.0,-0.0035304467892656177
2010-11-10,11.239999771118164,11.5600004196167,11.170000076293945,11.470000267028809,1235100,0.0,0.0,0.01594333975057327
2010-11-11,11.350000381469727,11.739999771118164,11.210000038146973,11.619999885559082,1730600,0.0,0.0,0.013077560160260626
2010-11-12,11.510000228881836,11.510000228881836,11.069999694824219,11.109999656677246,1129100,0.0,0.0,-0.04388986522415084
2010-11-15,11.149999618530273,11.239999771118164,11.0,11.079999923706055,850700,0.0,0.0,-0.0027002460754498303
2010-11-16,11.050000190734863,11.09000015258789,10.619999885559082,10.729999542236328,1388500,0.0,0.0,-0.031588482299615195
2010-11-17,10.800000190734863,11.270000457763672,10.720000267028809,11.220000267028809,2185100,0.0,0.0,0.04566642550763378
2010-11-18,11.399999618530273,11.430000305175781,11.25,11.319999694824219,870000,0.0,0.0,0.00891260476073863
2010-11-19,11.319999694824219,11.449999809265137,11.020000457763672,11.069999694824219,1078900,0.0,0.0,-0.02208480624909437
2010-11-22,11.029999732971191,11.210000038146973,10.899999618530273,11.1899995803833,1063300,0.0,0.0,0.010840098361988959
2010-11-23,10.989999771118164,11.0600004196167,10.710000038146973,10.770000457763672,1383800,0.0,0.0,-0.03753343506427931
2010-11-24,10.869999885559082,11.09000015258789,10.850000381469727,10.9399995803833,1325300,0.0,0.0,0.015784504679113853
2010-11-26,10.880000114440918,11.130000114440918,10.84000015258789,11.100000381469727,395800,0.0,0.0,0.01462530230561665
2010-11-29,11.0,11.039999961853027,10.710000038146973,11.029999732971191,705400,0.0,0.0,-0.006306364512869145
2010-11-30,10.890000343322754,11.140000343322754,10.699999809265137,11.069999694824219,1473900,0.0,0.0,0.003626469884079775
2010-12-01,11.220000267028809,11.489999771118164,11.15999984741211,11.369999885559082,1552600,0.0,0.0,0.027100288979694298
2010-12-02,11.40999984741211,11.539999961853027,11.279999732971191,11.470000267028809,710800,0.0,0.0,0.008795108397207319
2010-12-03,11.449999809265137,12.149999618530273,11.350000381469727,11.989999771118164,2060300,0.0,0.0,0.045335613947989684
2010-12-06,11.960000038146973,12.069999694824219,11.789999961853027,12.039999961853027,1033500,0.0,0.0,0.004170157772254823
2010-12-07,12.170000076293945,12.180000305175781,11.789999961853027,12.0,1234800,0.0,0.0,-0.0033222559783855354
2010-12-08,12.0,12.149999618530273,11.859999656677246,12.069999694824219,612000,0.0,0.0,0.005833307902018303
2010-12-09,12.119999885559082,12.319999694824219,11.989999771118164,12.050000190734863,1256700,0.0,0.0,-0.0016569597841772365
2010-12-10,12.069999694824219,12.390000343322754,11.9399995803833,12.329999923706055,1140800,0.0,0.0,0.023236491994952813
2010-12-13,12.390000343322754,12.390000343322754,11.880000114440918,11.920000076293945,1370100,0.0,0.0,-0.03325221816294022
2010-12-14,11.899999618530273,12.119999885559082,11.819999694824219,12.0600004196167,1743700,0.0,0.0,0.011744995170023698
2010-12-15,11.979999542236328,12.109999656677246,11.850000381469727,12.0,2888200,0.0,0.0,-0.004975158999091178
2010-12-16,11.979999542236328,12.079999923706055,11.880000114440918,11.9399995803833,5222700,0.0,0.0,-0.005000034968058231
2010-12-17,12.859999656677246,13.619999885559082,12.729999542236328,12.930000305175781,11047000,0.0,0.0,0.08291463648114283
2010-12-20,13.130000114440918,13.270000457763672,12.630000114440918,12.850000381469727,2351400,0.0,0.0,-0.006187155593030513
2010-12-21,12.6899995803833,12.819999694824219,12.539999961853027,12.5600004196167,1909500,0.0,0.0,-0.022568089746613618
2010-12-22,12.489999771118164,12.579999923706055,12.40999984741211,12.569999694824219,1261700,0.0,0.0,0.0007961206109436958
2010-12-23,12.539999961853027,12.550000190734863,12.369999885559082,12.40999984741211,700500,0.0,0.0,-0.012728707342609558
2010-12-27,12.350000381469727,12.510000228881836,12.180000305175781,12.449999809265137,940400,0.0,0.0,0.003223204056796769
2010-12-28,12.5,12.59000015258789,12.25,12.390000343322754,1178300,0.0,0.0,-0.004819234286070562
2010-12-29,12.380000114440918,12.380000114440918,12.170000076293945,12.25,1227100,0.0,0.0,-0.011299462424809614
2010-12-30,12.199999809265137,12.430000305175781,12.15999984741211,12.279999732971191,1034700,0.0,0.0,0.002448957793566686
2010-12-31,12.210000038146973,12.34000015258789,12.0,12.270000457763672,1204000,0.0,0.0,-0.0008142732430743704
2011-01-03,12.319999694824219,12.600000381469727,12.260000228881836,12.369999885559082,1560900,0.0,0.0,0.008149912311709473
2011-01-04,12.460000038146973,12.529999732971191,12.199999809265137,12.380000114440918,1453400,0.0,0.0,0.0008084259478053912
2011-01-05,12.3100004196167,12.520000457763672,12.3100004196167,12.40999984741211,1312400,0.0,0.0,0.0024232417361771397
2011-01-06,12.369999885559082,12.479999542236328,12.210000038146973,12.279999732971191,1050300,0.0,0.0,-0.010475432396401474
2011-01-07,12.270000457763672,12.65999984741211,12.119999885559082,12.550000190734863,1542100,0.0,0.0,0.021987008439319
2011-01-10,12.59000015258789,12.899999618530273,12.550000190734863,12.779999732971191,1533200,0.0,0.0,0.018326656473370173
2011-01-11,12.819999694824219,12.970000267028809,12.699999809265137,12.8100004196167,1352200,0.0,0.0,0.002347471617554886
2011-01-12,12.880000114440918,12.920000076293945,12.65999984741211,12.75,689300,0.0,0.0,-0.004683873352948287
2011-01-13,12.699999809265137,13.210000038146973,12.680000305175781,13.149999618530273,1817900,0.0,0.0,0.0313725191004135
2011-01-14,13.0,13.119999885559082,12.859999656677246,13.029999732971191,1459900,0.0,0.0,-0.009125466847161312
2011-01-18,12.920000076293945,13.079999923706055,12.770000457763672,12.949999809265137,1510500,0.0,0.0,-0.006139671937492208
2011-01-19,12.970000267028809,12.989999771118164,12.670000076293945,12.75,1988400,0.0,0.0,-0.015444000942922531
2011-01-20,12.720000267028809,12.739999771118164,12.300000190734863,12.4399995803833,1810000,0.0,0.0,-0.024313758401309782
2011-01-21,12.5,12.539999961853027,12.0600004196167,12.149999618530273,1692100,0.0,0.0,-0.023311894825971735
2011-01-24,12.109999656677246,12.300000190734863,12.039999961853027,12.279999732971191,903900,0.0,0.0,0.010699598232303709
2011-01-25,12.170000076293945,12.289999961853027,12.039999961853027,12.220000267028809,886600,0.0,0.0,-0.004885950101553127
2011-01-26,12.260000228881836,12.420000076293945,12.079999923706055,12.40999984741211,1190200,0.0,0.0,0.015548246827452594
2011-01-27,12.680000305175781,12.920000076293945,12.539999961853027,12.819999694824219,1966300,0.0,0.0,0.033037860793979634
2011-01-28,12.789999961853027,12.880000114440918,12.210000038146973,12.40999984741211,2694700,0.0,0.0,-0.03198126811014179
2011-01-31,12.430000305175781,12.59000015258789,12.3100004196167,12.479999542236328,1124300,0.0,0.0,0.005640587887582926
2011-02-01,12.649999618530273,13.270000457763672,12.600000381469727,13.119999885559082,2038600,0.0,0.0,0.05128208067290285
2011-02-02,13.15999984741211,13.920000076293945,13.15999984741211,13.829999923706055,3463000,0.0,0.0,0.054115857038112836
2011-02-03,13.739999771118164,14.3100004196167,13.5,14.130000114440918,3799100,0.0,0.0,0.02169198788068183
2011-02-04,14.079999923706055,14.220000267028809,13.789999961853027,14.119999885559082,2211200,0.0,0.0,-0.0007077302760680748
2011-02-07,14.100000381469727,14.399999618530273,14.09000015258789,14.359999656677246,1713400,0.0,0.0,0.016997151066808325
2011-02-08,14.359999656677246,14.539999961853027,14.109999656677246,14.539999961853027,4001200,0.0,0.0,0.012534840492985921
2011-02-09,15.489999771118164,15.5,14.75,14.760000228881836,6668200,0.0,0.0,0.01513069240756515
2011-02-10,14.630000114440918,15.510000228881836,14.600000381469727,15.420000076293945,3283600,0.0,0.0,0.04471543612314077
2011-02-11,15.399999618530273,15.9399995803833,15.0,15.819999694824219,3125200,0.0,0.0,0.025940312357404904
2011-02-14,15.859999656677246,16.270000457763672,15.710000038146973,15.970000267028809,2841800,0.0,0.0,0.009481705126306972
2011-02-15,15.970000267028809,16.15999984741211,15.850000381469727,16.0,1371400,0.0,0.0,0.0018785054771182086
2011-02-16,16.149999618530273,16.75,16.059999465942383,16.59000015258789,2660900,0.0,0.0,0.036875009536743164
2011-02-17,16.6200008392334,16.709999084472656,16.31999969482422,16.34000015258789,2497100,0.0,0.0,-0.015069318728185954
2011-02-18,16.420000076293945,16.440000534057617,16.1200008392334,16.280000686645508,1833200,0.0,0.0,-0.0036719379058806068
2011-02-22,16.079999923706055,16.190000534057617,15.489999771118164,15.920000076293945,1802200,0.0,0.0,-0.022113058671236474
2011-02-23,15.960000038146973,16.139999389648438,15.300000190734863,15.529999732971191,3004000,0.0,0.0,-0.024497508885285346
2011-02-24,15.510000228881836,15.949999809265137,15.329999923706055,15.6899995803833,2076200,0.0,0.0,0.010302630403297375
2011-02-25,15.899999618530273,16.350000381469727,15.84000015258789,16.239999771118164,1674000,0.0,0.0,0.03505418772748148
2011-02-28,16.31999969482422,16.3700008392334,15.760000228881836,16.06999969482422,1064500,0.0,0.0,-0.010467985141002223
2011-03-01,16.170000076293945,16.239999771118164,15.630000114440918,15.90999984741211,1634700,0.0,0.0,-0.009956431266370358
2011-03-02,15.869999885559082,16.030000686645508,15.6899995803833,15.880000114440918,1060100,0.0,0.0,-0.0018855897711445024
2011-03-03,16.010000228881836,16.270000457763672,15.960000038146973,16.139999389648438,1528600,0.0,0.0,0.01637275020993756
2011-03-04,16.100000381469727,16.190000534057617,15.859999656677246,16.049999237060547,1170100,0.0,0.0,-0.005576217843329845
2011-03-07,16.06999969482422,16.299999237060547,15.5,15.670000076293945,1434100,0.0,0.0,-0.023675961297814685
2011-03-08,15.609999656677246,16.079999923706055,15.359999656677246,15.800000190734863,1777900,0.0,0.0,0.008296114474025229
2011-03-09,15.800000190734863,15.829999923706055,15.449999809265137,15.5600004196167,1338300,0.0,0.0,-0.015189858748160034
2011-03-10,15.25,15.569999694824219,15.010000228881836,15.369999885559082,1529900,0.0,0.0,-0.012210830908338632
2011-03-11,15.199999809265137,15.5600004196167,15.15999984741211,15.4399995803833,769800,0.0,0.0,0.004554306788901563
2011-03-14,15.25,15.539999961853027,15.0,15.449999809265137,1135000,0.0,0.0,0.0006476832353377038
2011-03-15,14.979999542236328,15.380000114440918,14.800000190734863,15.25,945200,0.0,0.0,-0.012944971633281122
2011-03-16,15.199999809265137,15.40999984741211,14.699999809265137,14.960000038146973,1842000,0.0,0.0,-0.019016390941182126
2011-03-17,15.239999771118164,15.390000343322754,14.890000343322754,14.960000038146973,1294500,0.0,0.0,0.0
2011-03-18,15.170000076293945,15.199999809265137,14.770000457763672,15.0600004196167,1152100,0.0,0.0,0.006684517460877837
2011-03-21,15.180000305175781,15.460000038146973,15.119999885559082,15.180000305175781,922700,0.0,0.0,0.007968119669025553
2011-03-22,15.25,15.359999656677246,15.0,15.09000015258789,588800,0.0,0.0,-0.00592886368765122
2011-03-23,15.010000228881836,15.350000381469727,14.90999984741211,15.279999732971191,1281300,0.0,0.0,0.012591092012064431
2011-03-24,15.369999885559082,15.739999771118164,15.329999923706055,15.550000190734863,794600,0.0,0.0,0.017670187335217413
2011-03-25,15.640000343322754,15.960000038146973,15.460000038146973,15.609999656677246,933000,0.0,0.0,0.00385848650845233
2011-03-28,15.640000343322754,15.84000015258789,15.5,15.569999694824219,1413900,0.0,0.0,-0.0025624575741689526
2011-03-29,15.539999961853027,15.989999771118164,15.489999771118164,15.930000305175781,1085900,0.0,0.0,0.023121426936908218
2011-03-30,15.970000267028809,15.979999542236328,15.109999656677246,15.40999984741211,3140100,0.0,0.0,-0.032642840414429886
2011-03-31,15.390000343322754,15.489999771118164,15.109999656677246,15.369999885559082,1802900,0.0,0.0,-0.002595714617073419
2011-04-01,15.390000343322754,15.390000343322754,15.029999732971191,15.050000190734863,1201000,0.0,0.0,-0.020819759089580447
2011-04-04,15.119999885559082,15.289999961853027,14.949999809265137,15.100000381469727,1356500,0.0,0.0,0.003322271767520979
2011-04-05,15.029999732971191,15.40999984741211,15.010000228881836,15.300000190734863,1342300,0.0,0.0,0.013245020146527287
2011-04-06,15.40999984741211,15.8100004196167,15.40999984741211,15.720000267028809,1825500,0.0,0.0,0.02745098503647614
2011-04-07,15.760000228881836,16.0,15.539999961853027,15.65999984741211,2119800,0.0,0.0,-0.0038168205214693662
2011-04-08,15.75,15.779999732971191,15.359999656677246,15.5600004196167,1066900,0.0,0.0,-0.006385659563843182
2011-04-11,15.539999961853027,15.649999618530273,15.279999732971191,15.460000038146973,1558000,0.0,0.0,-0.006426759561243611
2011-04-12,15.300000190734863,15.449999809265137,14.930000305175781,15.100000381469727,1219100,0.0,0.0,-0.02328587682981631
2011-04-13,15.119999885559082,15.239999771118164,14.930000305175781,15.130000114440918,1249700,0.0,0.0,0.001986737232669622
2011-04-14,15.0,15.279999732971191,14.859999656677246,15.270000457763672,875000,0.0,0.0,0.009253162079564614
2011-04-15,15.229999542236328,15.880000114440918,15.109999656677246,15.5600004196167,1899000,0.0,0.0,0.018991483507492912
2011-04-18,15.4399995803833,15.640000343322754,15.149999618530273,15.300000190734863,948100,0.0,0.0,-0.01670952582713625
2011-04-19,15.260000228881836,15.329999923706055,15.0600004196167,15.300000190734863,926600,0.0,0.0,0.0
2011-04-20,15.5,15.8100004196167,15.399999618530273,15.630000114440918,1174300,0.0,0.0,0.021568622195566434
2011-04-21,15.770000457763672,15.800000190734863,15.550000190734863,15.59000015258789,559000,0.0,0.0,-0.002559178602696943
2011-04-25,15.569999694824219,15.569999694824219,15.289999961853027,15.460000038146973,712400,0.0,0.0,-0.008338685899200504
2011-04-26,15.5,15.779999732971191,15.449999809265137,15.539999961853027,1100000,0.0,0.0,0.00517463929551476
2011-04-27,15.529999732971191,16.540000915527344,15.380000114440918,16.170000076293945,3146800,0.0,0.0,0.04054054800433837
2011-04-28,16.020000457763672,16.34000015258789,15.75,16.290000915527344,1900000,0.0,0.0,0.007421202143921279
2011-04-29,16.329999923706055,16.59000015258789,16.149999618530273,16.18000030517578,1300000,0.0,0.0,-0.006752646050910416
2011-05-02,16.200000762939453,16.3799991607666,16.020000457763672,16.100000381469727,1058200,0.0,0.0,-0.004944370963977263
2011-05-03,16.030000686645508,16.079999923706055,15.600000381469727,15.970000267028809,1499900,0.0,0.0,-0.008074541078305852
2011-05-04,15.979999542236328,15.989999771118164,15.380000114440918,15.529999732971191,1396400,0.0,0.0,-0.027551692341923673
2011-05-05,15.369999885559082,15.9399995803833,15.369999885559082,15.670000076293945,1100000,0.0,0.0,0.009014832307145726
2011-05-06,15.8100004196167,15.84000015258789,15.449999809265137,15.600000381469727,1111800,0.0,0.0,-0.004467115155290635
2011-05-09,15.5600004196167,15.90999984741211,15.5,15.770000457763672,589400,0.0,0.0,0.010897440521596247
2011-05-10,15.90999984741211,16.389999389648438,15.770000457763672,16.18000030517578,1266800,0.0,0.0,0.02599872133867076
2011-05-11,16.09000015258789,16.200000762939453,15.75,16.040000915527344,1300000,0.0,0.0,-0.008652619716184695
2011-05-12,15.960000038146973,16.170000076293945,15.710000038146973,15.989999771118164,1000000,0.0,0.0,-0.003117278151822056
2011-05-13,16.040000915527344,16.6200008392334,15.880000114440918,15.930000305175781,1574800,0.0,0.0,-0.0037523118699949176
2011-05-16,15.850000381469727,16.190000534057617,15.680000305175781,15.869999885559082,2041200,0.0,0.0,-0.003766504611880328
2011-05-17,15.760000228881836,17.5,15.760000228881836,17.100000381469727,6100400,0.0,0.0,0.07750475770512666
2011-05-18,17.040000915527344,17.280000686645508,16.760000228881836,17.06999969482422,3250300,0.0,0.0,-0.0017544260804822631
2011-05-19,17.25,17.579999923706055,17.06999969482422,17.40999984741211,3622500,0.0,0.0,0.019917994063642697
2011-05-20,17.030000686645508,17.25,16.829999923706055,16.8799991607666,2571700,0.0,0.0,-0.030442314261380554
2011-05-23,16.65999984741211,16.770000457763672,16.309999465942383,16.450000762939453,2296200,0.0,0.0,-0.02547384000033448
2011-05-24,16.479999542236328,16.56999969482422,15.9399995803833,16.100000381469727,3393900,0.0,0.0,-0.021276617947535326
2011-05-25,16.1299991607666,17.1200008392334,16.110000610351562,16.6200008392334,5284100,0.0,0.0,0.03229816431322363
2011-05-26,16.510000228881836,17.209999084472656,16.31999969482422,16.760000228881836,4469000,0.0,0.0,0.00842354889164354
2011-05-27,16.549999237060547,16.670000076293945,16.190000534057617,16.389999389648438,2048300,0.0,0.0,-0.022076422087142333
2011-05-31,16.56999969482422,16.649999618530273,16.100000381469727,16.389999389648438,3106900,0.0,0.0,0.0
2011-06-01,16.389999389648438,16.530000686645508,16.280000686645508,16.31999969482422,2506100,0.0,0.0,-0.004270878427758196
2011-06-02,16.40999984741211,16.579999923706055,16.270000457763672,16.290000915527344,2367300,0.0,0.0,-0.0018381605305046733
2011-06-03,16.049999237060547,16.399999618530273,15.8100004196167,16.170000076293945,1572700,0.0,0.0,-0.007366533608909487
2011-06-06,16.100000381469727,16.229999542236328,15.84000015258789,15.869999885559082,1430100,0.0,0.0,-0.01855288740379657
2011-06-07,15.949999809265137,16.06999969482422,15.680000305175781,15.8100004196167,1964700,0.0,0.0,-0.0037806847117232145
2011-06-08,15.739999771118164,16.0,15.279999732971191,15.289999961853027,3829900,0.0,0.0,-0.03289060366617491
2011-06-09,15.329999923706055,15.84000015258789,15.140000343322754,15.729999542236328,3326500,0.0,0.0,0.028776951045196508
2011-06-10,15.65999984741211,15.760000228881836,15.399999618530273,15.59000015258789,2546900,0.0,0.0,-0.008900152175626452
2011-06-13,15.5600004196167,15.579999923706055,15.300000190734863,15.420000076293945,1428900,0.0,0.0,-0.01090443070109437
2011-06-14,15.180000305175781,15.300000190734863,14.640000343322754,15.0,5485200,0.0,0.0,-0.02723735889856682
2011-06-15,14.949999809265137,14.989999771118164,14.470000267028809,14.529999732971191,3483700,0.0,0.0,-0.03133335113525393
2011-06-16,14.529999732971191,14.670000076293945,14.260000228881836,14.489999771118164,1796800,0.0,0.0,-0.0027529224079928527
2011-06-17,14.569999694824219,14.75,14.380000114440918,14.489999771118164,2322400,0.0,0.0,0.0
2011-06-20,14.520000457763672,14.710000038146973,14.390000343322754,14.630000114440918,1809600,0.0,0.0,0.009661859595181399
2011-06-21,14.670000076293945,15.0,14.579999923706055,14.9399995803833,1656000,0.0,0.0,0.021189300308780634
2011-06-22,14.800000190734863,14.960000038146973,14.75,14.859999656677246,1987800,0.0,0.0,-0.005354747386412062
2011-06-23,14.739999771118164,15.300000190734863,14.649999618530273,15.210000038146973,2608400,0.0,0.0,0.023553189068376224
2011-06-24,15.210000038146973,15.300000190734863,14.760000228881836,14.800000190734863,3002000,0.0,0.0,-0.02695593993319012
2011-06-27,14.800000190734863,15.390000343322754,14.760000228881836,15.140000343322754,1614900,0.0,0.0,0.022972982986901425
2011-06-28,15.270000457763672,15.329999923706055,14.989999771118164,15.260000228881836,1146800,0.0,0.0,0.00792601603949139
2011-06-29,15.350000381469727,15.579999923706055,15.180000305175781,15.380000114440918,1487400,0.0,0.0,0.007863688319739603
2011-06-30,15.4399995803833,15.619999885559082,14.949999809265137,15.279999732971191,1633600,0.0,0.0,-0.006501975339768151
2011-07-01,15.359999656677246,15.470000267028809,15.220000267028809,15.420000076293945,1396300,0.0,0.0,0.009162326293806311
2011-07-05,15.380000114440918,15.699999809265137,15.350000381469727,15.569999694824219,993700,0.0,0.0,0.00972760167238107
2011-07-06,15.470000267028809,15.630000114440918,15.329999923706055,15.479999542236328,1095200,0.0,0.0,-0.0057803567342270545
2011-07-07,15.6899995803833,15.770000457763672,15.550000190734863,15.579999923706055,1444600,0.0,0.0,0.006459973154190335
2011-07-08,15.380000114440918,15.4399995803833,15.149999618530273,15.359999656677246,1157600,0.0,0.0,-0.014120684730817179
2011-07-11,15.140000343322754,15.260000228881836,14.75,14.84000015258789,1331900,0.0,0.0,-0.03385413513751634
2011-07-12,14.770000457763672,14.920000076293945,14.600000381469727,14.770000457763672,1816900,0.0,0.0,-0.004716960519169033
2011-07-13,14.779999732971191,14.989999771118164,14.680000305175781,14.75,750500,0.0,0.0,-0.00135412709165883
2011-07-14,14.729999542236328,14.890000343322754,14.199999809265137,14.489999771118164,1389600,0.0,0.0,-0.01762713416148043
2011-07-15,14.5,14.579999923706055,14.25,14.369999885559082,1158100,0.0,0.0,-0.008281565731855234
2011-07-18,14.369999885559082,14.369999885559082,13.949999809265137,14.210000038146973,1582700,0.0,0.0,-0.01113429705541602
2011-07-19,14.359999656677246,14.670000076293945,14.319999694824219,14.449999809265137,1321200,0.0,0.0,0.016889498274023973
2011-07-20,14.449999809265137,14.449999809265137,13.890000343322754,14.15999984741211,1850500,0.0,0.0,-0.020069201777226597
2011-07-21,14.170000076293945,14.5,14.020000457763672,14.199999809265137,1503300,0.0,0.0,0.0028248560935075773
2011-07-22,14.229999542236328,14.319999694824219,14.050000190734863,14.079999923706055,1024100,0.0,0.0,-0.008450696279642567
2011-07-25,14.010000228881836,14.170000076293945,13.859999656677246,14.09000015258789,708800,0.0,0.0,0.0007102435323880218
2011-07-26,14.039999961853027,14.140000343322754,13.869999885559082,14.069999694824219,780400,0.0,0.0,-0.001419478889075676
2011-07-27,14.0600004196167,14.079999923706055,13.59000015258789,13.65999984741211,1496900,0.0,0.0,-0.02914000400177208
2011-07-28,13.6899995803833,13.720000267028809,13.5,13.510000228881836,1080000,0.0,0.0,-0.010980938521656824
2011-07-29,13.319999694824219,13.59000015258789,13.210000038146973,13.489999771118164,1109300,0.0,0.0,-0.0014804187583146167
2011-08-01,13.5600004196167,13.619999885559082,13.039999961853027,13.25,1043900,0.0,0.0,-0.01779093959897604
2011-08-02,13.420000076293945,13.529999732971191,12.760000228881836,12.760000228881836,1290500,0.0,0.0,-0.036981114801370896
2011-08-03,12.829999923706055,13.109999656677246,12.420000076293945,13.050000190734863,1832800,0.0,0.0,0.022727269330028887
2011-08-04,12.9399995803833,12.9399995803833,12.270000457763672,12.279999732971191,2331200,0.0,0.0,-0.05900386563291782
2011-08-05,12.470000267028809,12.649999618530273,11.65999984741211,12.140000343322754,3521800,0.0,0.0,-0.011400602010808392
2011-08-08,11.649999618530273,11.989999771118164,10.859999656677246,11.069999694824219,3139000,0.0,0.0,-0.08813843642822117
2011-08-09,10.789999961853027,12.0,10.75,11.609999656677246,5513800,0.0,0.0,0.048780485703671994
2011-08-10,11.239999771118164,11.529999732971191,10.65999984741211,10.800000190734863,2961700,0.0,0.0,-0.06976739792378273
2011-08-11,10.859999656677246,11.4399995803833,10.630000114440918,11.239999771118164,2227600,0.0,0.0,0.04074070116783601
2011-08-12,11.390000343322754,11.600000381469727,11.1899995803833,11.479999542236328,1594500,0.0,0.0,0.021352293238907194
2011-08-15,11.550000190734863,12.020000457763672,11.5,11.90999984741211,1925000,0.0,0.0,0.03745647406986019
2011-08-16,11.819999694824219,11.880000114440918,11.479999542236328,11.630000114440918,1548800,0.0,0.0,-0.02350963363211389
2011-08-17,11.720000267028809,11.739999771118164,11.420000076293945,11.59000015258789,1077900,0.0,0.0,-0.0034393775975427587
2011-08-18,11.220000267028809,11.350000381469727,10.8100004196167,10.9399995803833,1644000,0.0,0.0,-0.05608287865806916
2011-08-19,10.800000190734863,11.319999694824219,10.680000305175781,10.9399995803833,1492000,0.0,0.0,0.0
2011-08-22,11.289999961853027,11.430000305175781,10.960000038146973,11.020000457763672,1680700,0.0,0.0,0.00731269473938756
2011-08-23,11.15999984741211,11.800000190734863,10.979999542236328,11.65999984741211,1854600,0.0,0.0,0.0580761672471215
2011-08-24,11.6899995803833,11.899999618530273,11.539999961853027,11.8100004196167,1481300,0.0,0.0,0.012864543239070603
2011-08-25,11.829999923706055,11.920000076293945,11.569999694824219,11.75,1533800,0.0,0.0,-0.005080475654940408
2011-08-26,11.649999618530273,12.1899995803833,11.5,12.079999923706055,1026200,0.0,0.0,0.028085099889876952
2011-08-29,12.199999809265137,12.760000228881836,12.130000114440918,12.699999809265137,1687700,0.0,0.0,0.05132449416182361
2011-08-30,12.779999732971191,13.529999732971191,12.489999771118164,13.140000343322754,2902200,0.0,0.0,0.03464571186344578
2011-08-31,13.289999961853027,13.649999618530273,13.029999732971191,13.220000267028809,1855100,0.0,0.0,0.006088274095571666
2011-09-01,13.270000457763672,13.550000190734863,12.8100004196167,12.819999694824219,1762200,0.0,0.0,-0.030257228753785004
2011-09-02,12.59000015258789,12.760000228881836,12.5,12.609999656677246,1264000,0.0,0.0,-0.016380658591727992
2011-09-06,12.260000228881836,12.680000305175781,12.220000267028809,12.609999656677246,1371500,0.0,0.0,0.0
2011-09-07,12.859999656677246,13.09000015258789,12.760000228881836,13.050000190734863,1316300,0.0,0.0,0.034892985411353994
2011-09-08,13.010000228881836,13.699999809265137,12.9399995803833,13.40999984741211,3040400,0.0,0.0,0.027586180185103393
2011-09-09,13.270000457763672,13.550000190734863,13.220000267028809,13.4399995803833,2366500,0.0,0.0,0.002237116578116982
2011-09-12,13.34000015258789,13.609999656677246,13.100000381469727,13.579999923706055,1689400,0.0,0.0,0.010416692536739047
2011-09-13,13.569999694824219,13.84000015258789,13.140000343322754,13.760000228881836,1930700,0.0,0.0,0.013254808997573031
2011-09-14,13.680000305175781,14.130000114440918,13.600000381469727,13.960000038146973,1927900,0.0,0.0,0.014534869617613966
2011-09-15,14.039999961853027,14.149999618530273,13.729999542236328,14.0,1248300,0.0,0.0,0.002865326772472976
2011-09-16,14.0,14.020000457763672,13.710000038146973,14.010000228881836,1269300,0.0,0.0,0.0007143020629882812
2011-09-19,13.710000038146973,13.930000305175781,13.4399995803833,13.779999732971191,804700,0.0,0.0,-0.016416880239337517
2011-09-20,13.84000015258789,14.039999961853027,13.569999694824219,13.600000381469727,907600,0.0,0.0,-0.013062362481095158
2011-09-21,13.630000114440918,13.880000114440918,13.239999771118164,13.239999771118164,1444600,0.0,0.0,-0.026470632371604186
2011-09-22,12.850000381469727,13.039999961853027,12.40999984741211,12.619999885559082,2668700,0.0,0.0,-0.04682778672787857
2011-09-23,12.579999923706055,12.949999809265137,12.479999542236328,12.880000114440918,1242100,0.0,0.0,0.0206022370237382
2011-09-26,12.960000038146973,13.229999542236328,12.720000267028809,13.1899995803833,900500,0.0,0.0,0.024068281303415207
2011-09-27,13.430000305175781,13.600000381469727,13.220000267028809,13.329999923706055,1122300,0.0,0.0,0.010614127958803676
2011-09-28,13.380000114440918,13.40999984741211,12.899999618530273,12.899999618530273,1425400,0.0,0.0,-0.03225808759466453
2011-09-29,13.149999618530273,13.279999732971191,12.729999542236328,13.15999984741211,1542500,0.0,0.0,0.02015505709847898
2011-09-30,13.0,13.100000381469727,12.710000038146973,12.720000267028809,1288600,0.0,0.0,-0.03343461895782818
2011-10-03,12.579999923706055,12.949999809265137,12.25,12.25,1953400,0.0,0.0,-0.03694970575174317
2011-10-04,12.15999984741211,12.4399995803833,11.779999732971191,12.430000305175781,2193300,0.0,0.0,0.014693902463329023
2011-10-05,12.4399995803833,13.279999732971191,12.289999961853027,13.220000267028809,1713400,0.0,0.0,0.06355590848409509
2011-10-06,13.289999961853027,14.100000381469727,13.239999771118164,14.09000015258789,2483400,0.0,0.0,0.06580936974176121
2011-10-07,14.140000343322754,14.140000343322754,13.430000305175781,13.5600004196167,2112200,0.0,0.0,-0.03761531066228174
2011-10-10,13.819999694824219,14.550000190734863,13.75,14.420000076293945,1720600,0.0,0.0,0.06342180162716815
2011-10-11,14.239999771118164,14.449999809265137,14.130000114440918,14.359999656677246,2036900,0.0,0.0,-0.004160916733650932
2011-10-12,14.449999809265137,14.609999656677246,14.229999542236328,14.279999732971191,1124400,0.0,0.0,-0.005571025460913259
2011-10-13,14.239999771118164,14.40999984741211,14.15999984741211,14.289999961853027,839900,0.0,0.0,0.0007002961532798224
2011-10-14,14.4399995803833,14.4399995803833,14.010000228881836,14.039999961853027,1061700,0.0,0.0,-0.01749475162122971
2011-10-17,13.890000343322754,14.100000381469727,13.84000015258789,13.920000076293945,976500,0.0,0.0,-0.008547000419168338
2011-10-18,13.880000114440918,14.359999656677246,13.600000381469727,14.270000457763672,919600,0.0,0.0,0.025143705427544072
2011-10-19,14.220000267028809,14.399999618530273,13.829999923706055,13.890000343322754,811600,0.0,0.0,-0.026629299386895067
2011-10-20,13.850000381469727,14.0,13.489999771118164,13.9399995803833,991500,0.0,0.0,0.003599657006817969
2011-10-21,14.210000038146973,14.210000038146973,13.800000190734863,14.09000015258789,578100,0.0,0.0,0.010760443093246197
2011-10-24,14.130000114440918,14.470000267028809,14.020000457763672,14.390000343322754,815400,0.0,0.0,0.021291709544783988
2011-10-25,14.899999618530273,15.710000038146973,14.800000190734863,15.220000267028809,3509200,0.0,0.0,0.05767893703290916
2011-10-26,15.489999771118164,15.510000228881836,15.0600004196167,15.270000457763672,2066000,0.0,0.0,0.0032851635911714805
2011-10-27,15.65999984741211,15.930000305175781,15.489999771118164,15.800000190734863,3477200,0.0,0.0,0.034708560385256826
2011-10-28,15.699999809265137,16.270000457763672,15.600000381469727,16.209999084472656,1327800,0.0,0.0,0.0259492967587569
2011-10-31,15.869999885559082,15.989999771118164,15.569999694824219,15.779999732971191,983400,0.0,0.0,-0.026526796778992723
2011-11-01,15.279999732971191,15.569999694824219,15.020000457763672,15.289999961853027,1493000,0.0,0.0,-0.031051950532948625
2011-11-02,15.399999618530273,15.779999732971191,15.369999885559082,15.640000343322754,937400,0.0,0.0,0.02289080329254034
2011-11-03,15.5,15.949999809265137,15.279999732971191,15.899999618530273,1609900,0.0,0.0,0.016623994213562865
2011-11-04,15.739999771118164,16.09000015258789,15.739999771118164,15.899999618530273,1488200,0.0,0.0,0.0
2011-11-07,15.899999618530273,15.899999618530273,15.380000114440918,15.569999694824219,1056500,0.0,0.0,-0.020754712680713827
2011-11-08,15.710000038146973,15.899999618530273,15.270000457763672,15.65999984741211,1473200,0.0,0.0,0.0057803567342271656
2011-11-09,15.0,16.239999771118164,14.84000015258789,15.449999809265137,2783800,0.0,0.0,-0.013409964252437456
2011-11-10,15.109999656677246,15.109999656677246,13.90999984741211,14.40999984741211,13745900,0.0,0.0,-0.06731391421955579
2011-11-11,14.529999732971191,14.859999656677246,14.359999656677246,14.720000267028809,8020600,0.0,0.0,0.021512867654358336
2011-11-14,14.710000038146973,15.0,14.460000038146973,14.479999542236328,3035800,0.0,0.0,-0.016304396768935914
2011-11-15,14.0,14.40999984741211,13.960000038146973,14.170000076293945,5699400,0.0,0.0,-0.02140880357338093
2011-11-16,14.069999694824219,14.15999984741211,13.670000076293945,13.699999809265137,3387900,0.0,0.0,-0.03316868486226099
2011-11-17,13.680000305175781,13.680000305175781,13.079999923706055,13.59000015258789,5870700,0.0,0.0,-0.008029172132021145
2011-11-18,13.579999923706055,13.75,13.470000267028809,13.579999923706055,2540300,0.0,0.0,-0.0007358520065896546
2011-11-21,13.34000015258789,13.430000305175781,13.09000015258789,13.329999923706055,1894100,0.0,0.0,-0.018409425729346673
2011-11-22,13.279999732971191,13.65999984741211,13.260000228881836,13.470000267028809,2546200,0.0,0.0,0.010502651472171332
2011-11-23,13.34000015258789,13.420000076293945,13.25,13.270000457763672,1415400,0.0,0.0,-0.01484779549371551
2011-11-25,13.199999809265137,13.529999732971191,13.1899995803833,13.270000457763672,823100,0.0,0.0,0.0
2011-11-28,13.75,14.010000228881836,13.670000076293945,13.9399995803833,3057300,0.0,0.0,0.05048975881742668
2011-11-29,13.930000305175781,13.949999809265137,13.550000190734863,13.670000076293945,1287200,0.0,0.0,-0.019368688107373022
2011-11-30,14.130000114440918,14.149999618530273,13.729999542236328,13.949999809265137,2537800,0.0,0.0,0.020482789422712422
2011-12-01,13.9399995803833,14.039999961853027,13.760000228881836,13.819999694824219,1262600,0.0,0.0,-0.009319004746837112
2011-12-02,13.989999771118164,14.050000190734863,13.59000015258789,13.65999984741211,2012300,0.0,0.0,-0.011577413237717438
2011-12-05,14.180000305175781,14.270000457763672,13.899999618530273,14.130000114440918,2809500,0.0,0.0,0.034407047751018105
2011-12-06,14.199999809265137,14.529999732971191,13.989999771118164,14.25,1883200,0.0,0.0,0.008492560834195695
2011-12-07,14.180000305175781,14.220000267028809,13.920000076293945,14.180000305175781,1094200,0.0,0.0,-0.004912259285910103
2011-12-08,14.069999694824219,14.170000076293945,13.739999771118164,13.770000457763672,1400200,0.0,0.0,-0.02891395194557622
2011-12-09,13.770000457763672,14.210000038146973,13.760000228881836,14.100000381469727,1739800,0.0,0.0,0.023965135274922833
2011-12-12,13.970000267028809,14.180000305175781,13.850000381469727,14.149999618530273,1802600,0.0,0.0,0.0035460450856623638
2011-12-13,14.3100004196167,14.369999885559082,13.670000076293945,13.819999694824219,3219500,0.0,0.0,-0.02332155000724523
2011-12-14,13.65999984741211,13.800000190734863,13.420000076293945,13.550000190734863,2028400,0.0,0.0,-0.01953686758694173
2011-12-15,13.710000038146973,13.90999984741211,13.460000038146973,13.760000228881836,1552800,0.0,0.0,0.015498157578666794
2011-12-16,13.819999694824219,14.010000228881836,13.5600004196167,13.6899995803833,2166900,0.0,0.0,-0.005087256346958946
2011-12-19,13.75,13.75,13.380000114440918,13.479999542236328,1274100,0.0,0.0,-0.015339667244978372
2011-12-20,13.729999542236328,13.9399995803833,13.609999656677246,13.760000228881836,1569100,0.0,0.0,0.020771564996585834
2011-12-21,13.779999732971191,13.779999732971191,13.329999923706055,13.550000190734863,2022900,0.0,0.0,-0.015261630425426054
2011-12-22,13.579999923706055,13.65999984741211,13.470000267028809,13.520000457763672,983000,0.0,0.0,-0.0022140024021330973
2011-12-23,13.609999656677246,13.84000015258789,13.510000228881836,13.800000190734863,1237800,0.0,0.0,0.02071003871974031
2011-12-27,13.800000190734863,13.819999694824219,13.640000343322754,13.760000228881836,910300,0.0,0.0,-0.002898547920302419
2011-12-28,13.789999961853027,13.789999961853027,13.289999961853027,13.350000381469727,1734500,0.0,0.0,-0.02979650004304013
2011-12-29,13.369999885559082,13.550000190734863,13.239999771118164,13.399999618530273,1073100,0.0,0.0,0.0037452610960182486
2011-12-30,13.350000381469727,13.640000343322754,13.350000381469727,13.550000190734863,1474400,0.0,0.0,0.011194072871252958
2012-01-03,13.829999923706055,14.050000190734863,13.779999732971191,14.0,3323800,0.0,0.0,0.03321031755946646
2012-01-04,13.979999542236328,14.100000381469727,13.869999885559082,14.0,1882800,0.0,0.0,0.0
2012-01-05,14.239999771118164,14.859999656677246,14.140000343322754,14.65999984741211,3656900,0.0,0.0,0.047142846243722
2012-01-06,14.640000343322754,14.979999542236328,14.520000457763672,14.760000228881836,2926800,0.0,0.0,0.006821308493218048
2012-01-09,14.789999961853027,14.949999809265137,14.600000381469727,14.90999984741211,2406700,0.0,0.0,0.010162575623593906
2012-01-10,15.010000228881836,15.069999694824219,14.300000190734863,14.489999771118164,2659100,0.0,0.0,-0.02816901948975159
2012-01-11,14.40999984741211,14.59000015258789,14.319999694824219,14.5,1301700,0.0,0.0,0.0006901469316631381
2012-01-12,14.260000228881836,14.579999923706055,14.109999656677246,14.579999923706055,1821700,0.0,0.0,0.005517236117658975
2012-01-13,14.369999885559082,14.510000228881836,14.25,14.5,1714300,0.0,0.0,-0.005486963245862619
2012-01-17,14.510000228881836,14.979999542236328,14.5,14.819999694824219,3896900,0.0,0.0,0.022068944470635676
2012-01-18,14.75,15.3100004196167,14.710000038146973,15.210000038146973,2391200,0.0,0.0,0.02631581318176135
2012-01-19,15.210000038146973,15.319999694824219,15.0,15.100000381469727,1981100,0.0,0.0,-0.00723206156484979
2012-01-20,15.170000076293945,15.65999984741211,15.020000457763672,15.079999923706055,2247600,0.0,0.0,-0.0013245335932716706
2012-01-23,15.149999618530273,15.199999809265137,14.890000343322754,15.15999984741211,1192600,0.0,0.0,0.005305034755357818
2012-01-24,15.09000015258789,15.479999542236328,15.079999923706055,15.399999618530273,1895700,0.0,0.0,0.015831119626240175
2012-01-25,15.399999618530273,15.5,15.239999771118164,15.399999618530273,1065500,0.0,0.0,0.0
2012-01-26,15.470000267028809,15.510000228881836,15.15999984741211,15.199999809265137,1144300,0.0,0.0,-0.012987000923330161
2012-01-27,15.100000381469727,15.6899995803833,15.09000015258789,15.630000114440918,1644600,0.0,0.0,0.028289494116551017
2012-01-30,15.40999984741211,15.649999618530273,15.3100004196167,15.550000190734863,921900,0.0,0.0,-0.005118357205393775
2012-01-31,15.649999618530273,15.6899995803833,15.479999542236328,15.600000381469727,1440300,0.0,0.0,0.003215446310068426
2012-02-01,15.600000381469727,15.8100004196167,15.479999542236328,15.760000228881836,2729600,0.0,0.0,0.010256400224333495
2012-02-02,15.850000381469727,15.890000343322754,15.420000076293945,15.720000267028809,3012400,0.0,0.0,-0.002538068608636368
2012-02-03,16.5,16.989999771118164,16.15999984741211,16.200000762939453,4515100,0.0,0.0,0.030534382172842545
2012-02-06,16.190000534057617,16.350000381469727,16.010000228881836,16.270000457763672,1469600,0.0,0.0,0.004320968612813614
2012-02-07,16.18000030517578,16.3700008392334,16.0,16.020000457763672,1973200,0.0,0.0,-0.015365703316910784
2012-02-08,15.989999771118164,16.209999084472656,15.800000190734863,16.110000610351562,2313500,0.0,0.0,0.005617986892395788
2012-02-09,16.170000076293945,16.350000381469727,16.06999969482422,16.190000534057617,2410200,0.0,0.0,0.00496585479051137
2012-02-10,16.290000915527344,16.290000915527344,15.6899995803833,15.800000190734863,2151200,0.0,0.0,-0.024088964203697327
2012-02-13,15.970000267028809,16.110000610351562,15.869999885559082,16.049999237060547,1702900,0.0,0.0,0.015822724259983545
2012-02-14,15.960000038146973,16.030000686645508,15.720000267028809,15.899999618530273,1467100,0.0,0.0,-0.009345771069191988
2012-02-15,15.949999809265137,15.979999542236328,15.550000190734863,15.569999694824219,1540300,0.0,0.0,-0.020754712680713827
2012-02-16,15.59000015258789,15.75,15.539999961853027,15.609999656677246,2041800,0.0,0.0,0.002569040631794195
2012-02-17,15.550000190734863,15.619999885559082,15.300000190734863,15.34000015258789,1773000,0.0,0.0,-0.017296573352188482
2012-02-21,15.3100004196167,15.5,15.130000114440918,15.199999809265137,786700,0.0,0.0,-0.00912648904368718
2012-02-22,15.130000114440918,15.550000190734863,15.050000190734863,15.40999984741211,1019800,0.0,0.0,0.013815792156718798
2012-02-23,15.399999618530273,15.609999656677246,15.260000228881836,15.5600004196167,698800,0.0,0.0,0.009733976229064023
2012-02-24,15.5600004196167,15.760000228881836,15.550000190734863,15.569999694824219,1474100,0.0,0.0,0.0006426269240271676
2012-02-27,15.399999618530273,15.770000457763672,15.239999771118164,15.59000015258789,1212400,0.0,0.0,0.0012845509412771072
2012-02-28,15.529999732971191,15.729999542236328,15.449999809265137,15.579999923706055,1145600,0.0,0.0,-0.0006414514935187965
2012-02-29,15.5600004196167,15.649999618530273,15.430000305175781,15.449999809265137,1727900,0.0,0.0,-0.008344038194962655
2012-03-01,15.460000038146973,15.6899995803833,15.350000381469727,15.520000457763672,1194700,0.0,0.0,0.004530786366518713
2012-03-02,15.520000457763672,15.600000381469727,15.390000343322754,15.579999923706055,1477100,0.0,0.0,0.003865944856487946
2012-03-05,15.510000228881836,15.65999984741211,15.40999984741211,15.479999542236328,1179700,0.0,0.0,-0.006418509753492896
2012-03-06,15.399999618530273,15.569999694824219,15.260000228881836,15.40999984741211,1392700,0.0,0.0,-0.00452194424381136
2012-03-07,15.430000305175781,15.579999923706055,15.359999656677246,15.40999984741211,1175400,0.0,0.0,0.0
2012-03-08,15.430000305175781,15.649999618530273,15.25,15.609999656677246,804300,0.0,0.0,0.012978573085367318
2012-03-09,15.600000381469727,15.899999618530273,15.600000381469727,15.829999923706055,1126500,0.0,0.0,0.014093547204833135
2012-03-12,15.770000457763672,15.989999771118164,15.720000267028809,15.920000076293945,794500,0.0,0.0,0.005685417120761427
2012-03-13,15.960000038146973,16.0,15.489999771118164,15.90999984741211,1228800,0.0,0.0,-0.0006281550775070199
2012-03-14,15.699999809265137,15.880000114440918,15.350000381469727,15.680000305175781,1706300,0.0,0.0,-0.014456288148471552
2012-03-15,15.65999984741211,15.970000267028809,15.59000015258789,15.930000305175781,923000,0.0,0.0,0.01594387724070878
2012-03-16,15.899999618530273,16.1299991607666,15.899999618530273,16.030000686645508,1860800,0.0,0.0,0.006277487730947273
2012-03-19,15.9399995803833,16.229999542236328,15.850000381469727,16.1299991607666,924000,0.0,0.0,0.006238207725368428
2012-03-20,16.040000915527344,16.059999465942383,15.859999656677246,15.989999771118164,1011500,0.0,0.0,-0.00867944184330538
2012-03-21,16.020000457763672,16.1299991607666,15.890000343322754,15.970000267028809,1321600,0.0,0.0,-0.001250750742690987
2012-03-22,15.880000114440918,16.149999618530273,15.710000038146973,15.8100004196167,1290800,0.0,0.0,-0.010018775500113208
2012-03-23,15.770000457763672,15.8100004196167,15.529999732971191,15.8100004196167,1160000,0.0,0.0,0.0
2012-03-26,15.869999885559082,16.1200008392334,15.859999656677246,16.030000686645508,703100,0.0,0.0,0.013915260037301369
2012-03-27,16.049999237060547,16.149999618530273,15.850000381469727,15.899999618530273,826100,0.0,0.0,-0.008109860420875581
2012-03-28,15.989999771118164,16.030000686645508,15.550000190734863,15.680000305175781,1085700,0.0,0.0,-0.013836435134130354
2012-03-29,15.609999656677246,15.670000076293945,15.270000457763672,15.489999771118164,1139800,0.0,0.0,-0.012117380762735053
2012-03-30,15.619999885559082,15.619999885559082,15.329999923706055,15.390000343322754,910200,0.0,0.0,-0.00645574107637259
2012-04-02,15.34000015258789,15.460000038146973,15.100000381469727,15.4399995803833,1308400,0.0,0.0,0.0032488132517969337
2012-04-03,15.470000267028809,15.670000076293945,15.40999984741211,15.529999732971191,817300,0.0,0.0,0.005829025585093683
2012-04-04,15.350000381469727,15.520000457763672,15.25,15.449999809265137,828000,0.0,0.0,-0.005151315201648687
2012-04-05,15.350000381469727,15.539999961853027,15.25,15.270000457763672,1052600,0.0,0.0,-0.011650443606706196
2012-04-09,15.0600004196167,15.359999656677246,15.050000190734863,15.15999984741211,1120100,0.0,0.0,-0.007203707076225752
2012-04-10,15.1899995803833,15.460000038146973,14.729999542236328,14.739999771118164,999400,0.0,0.0,-0.027704490799559056
2012-04-11,14.859999656677246,15.0,14.6899995803833,14.739999771118164,1056700,0.0,0.0,0.0
2012-04-12,14.710000038146973,14.869999885559082,14.699999809265137,14.75,2788000,0.0,0.0,0.0006784415900351615
2012-04-13,14.680000305175781,14.789999961853027,14.489999771118164,14.65999984741211,1804800,0.0,0.0,-0.006101705260195933
2012-04-16,14.65999984741211,14.760000228881836,14.109999656677246,14.149999618530273,3209100,0.0,0.0,-0.034788556220337497
2012-04-17,14.270000457763672,14.699999809265137,14.140000343322754,14.630000114440918,3110800,0.0,0.0,0.03392229744529862
2012-04-18,14.5600004196167,14.600000381469727,14.34000015258789,14.380000114440918,1171300,0.0,0.0,-0.017088174849242188
2012-04-19,14.479999542236328,14.670000076293945,14.149999618530273,14.149999618530273,1291800,0.0,0.0,-0.01599447107651064
2012-04-20,14.329999923706055,14.329999923706055,14.029999732971191,14.039999961853027,1106800,0.0,0.0,-0.007773827536588396
2012-04-23,13.920000076293945,14.0,13.739999771118164,13.9399995803833,1211200,0.0,0.0,-0.007122534312067663
2012-04-24,13.890000343322754,14.050000190734863,13.6899995803833,13.729999542236328,1312200,0.0,0.0,-0.015064565600309554
2012-04-25,13.920000076293945,14.149999618530273,13.90999984741211,14.149999618530273,1028700,0.0,0.0,0.03058995559336597
2012-04-26,14.15999984741211,14.279999732971191,14.020000457763672,14.25,1031500,0.0,0.0,0.007067164958702188
2012-04-27,14.279999732971191,14.34000015258789,14.119999885559082,14.300000190734863,641300,0.0,0.0,0.003508785314727314
2012-04-30,14.300000190734863,14.350000381469727,14.100000381469727,14.109999656677246,646500,0.0,0.0,-0.013286750456179774
2012-05-01,14.069999694824219,14.380000114440918,13.850000381469727,13.859999656677246,1295300,0.0,0.0,-0.017717930976822727
2012-05-02,13.8100004196167,13.859999656677246,13.529999732971191,13.579999923706055,2015100,0.0,0.0,-0.02020200143629136
2012-05-03,13.600000381469727,13.75,13.470000267028809,13.649999618530273,1473400,0.0,0.0,0.005154616731773531
2012-05-04,13.539999961853027,13.609999656677246,13.399999618530273,13.40999984741211,1046100,0.0,0.0,-0.017582401305884066
2012-05-07,13.3100004196167,13.529999732971191,13.220000267028809,13.4399995803833,1500000,0.0,0.0,0.002237116578116982
2012-05-08,13.399999618530273,13.569999694824219,13.270000457763672,13.40999984741211,1120100,0.0,0.0,-0.002232123058618085
2012-05-09,13.220000267028809,13.239999771118164,12.510000228881836,12.630000114440918,4319900,0.0,0.0,-0.058165528847617165
2012-05-10,12.710000038146973,12.949999809265137,12.5600004196167,12.760000228881836,1600000,0.0,0.0,0.010292962253601212
2012-05-11,12.649999618530273,12.890000343322754,12.600000381469727,12.609999656677246,853800,0.0,0.0,-0.01175553052617262
2012-05-14,12.550000190734863,12.899999618530273,12.529999732971191,12.600000381469727,1473400,0.0,0.0,-0.0007929639555719348
2012-05-15,12.600000381469727,12.699999809265137,12.289999961853027,12.329999923706055,1495500,0.0,0.0,-0.02142860711026251
2012-05-16,12.390000343322754,12.4399995803833,11.899999618530273,11.9399995803833,2432100,0.0,0.0,-0.031630198356524475
2012-05-17,11.949999809265137,12.010000228881836,11.609999656677246,11.619999885559082,1902100,0.0,0.0,-0.026800645399515655
2012-05-18,11.600000381469727,11.770000457763672,11.149999618530273,11.1899995803833,2237400,0.0,0.0,-0.037005190138613475
2012-05-21,11.25,11.3100004196167,11.0,11.270000457763672,2908700,0.0,0.0,0.007149319068842308
2012-05-22,11.319999694824219,11.510000228881836,11.020000457763672,11.15999984741211,2985600,0.0,0.0,-0.009760479670236855
2012-05-23,11.829999923706055,12.270000457763672,11.319999694824219,11.779999732971191,8700000,0.0,0.0,0.0555555460605901
2012-05-24,11.739999771118164,11.8100004196167,11.479999542236328,11.510000228881836,2662800,0.0,0.0,-0.022920162157020307
2012-05-25,11.5,11.609999656677246,11.350000381469727,11.5600004196167,1755400,0.0,0.0,0.004344065138191633
2012-05-29,11.65999984741211,11.90999984741211,11.579999923706055,11.899999618530273,2372200,0.0,0.0,0.0294116943401328
2012-05-30,11.75,11.859999656677246,11.569999694824219,11.729999542236328,2075700,0.0,0.0,-0.01428572115491722
2012-05-31,11.710000038146973,11.75,11.5,11.520000457763672,2719500,0.0,0.0,-0.017902735947815773
2012-06-01,11.350000381469727,11.399999618530273,10.899999618530273,11.0600004196167,2695500,0.0,0.0,-0.039930557280226875
2012-06-04,11.0600004196167,11.25,10.720000267028809,10.899999618530273,2942100,0.0,0.0,-0.01446661799421256
2012-06-05,10.890000343322754,11.1899995803833,10.800000190734863,11.140000343322754,2249100,0.0,0.0,0.022018415889159648
2012-06-06,11.270000457763672,11.630000114440918,11.25,11.630000114440918,2059000,0.0,0.0,0.04398561544137358
2012-06-07,11.789999961853027,11.8100004196167,11.119999885559082,11.140000343322754,1684300,0.0,0.0,-0.0421323960702058
2012-06-08,11.140000343322754,11.140000343322754,10.630000114440918,10.869999885559082,2956800,0.0,0.0,-0.0242370241869434
2012-06-11,10.989999771118164,10.989999771118164,10.550000190734863,10.5600004196167,1313800,0.0,0.0,-0.028518810414544737
2012-06-12,10.59000015258789,10.789999961853027,10.539999961853027,10.75,1454400,0.0,0.0,0.0179923837910414
2012-06-13,10.609999656677246,10.739999771118164,10.1899995803833,10.260000228881836,2248900,0.0,0.0,-0.04558137405750362
2012-06-14,10.270000457763672,10.270000457763672,9.90999984741211,10.039999961853027,2966100,0.0,0.0,-0.02144252067456187
2012-06-15,10.029999732971191,10.09000015258789,9.609999656677246,10.0,3549800,0.0,0.0,-0.003984059960658093
2012-06-18,9.920000076293945,10.079999923706055,9.760000228881836,10.029999732971191,1576500,0.0,0.0,0.002999973297119096
2012-06-19,10.0600004196167,10.319999694824219,10.0600004196167,10.289999961853027,2233700,0.0,0.0,0.025922256809952637
2012-06-20,10.3100004196167,10.350000381469727,10.050000190734863,10.229999542236328,1481000,0.0,0.0,-0.005830944590780596
2012-06-21,10.260000228881836,10.300000190734863,9.819999694824219,9.850000381469727,1242700,0.0,0.0,-0.037145569674535084
2012-06-22,9.869999885559082,10.0,9.819999694824219,9.869999885559082,2315900,0.0,0.0,0.0020304064279002
2012-06-25,9.729999542236328,9.819999694824219,9.520000457763672,9.619999885559082,1152400,0.0,0.0,-0.02532928094211817
2012-06-26,9.609999656677246,9.649999618530273,9.390000343322754,9.40999984741211,1626000,0.0,0.0,-0.021829526054590764
2012-06-27,9.460000038146973,9.579999923706055,9.25,9.399999618530273,2776100,0.0,0.0,-0.001062723596598758
2012-06-28,9.350000381469727,9.5,9.130000114440918,9.239999771118164,1514400,0.0,0.0,-0.01702126105374524
2012-06-29,9.40999984741211,9.520000457763672,9.260000228881836,9.460000038146973,2113200,0.0,0.0,0.023809553298526298
2012-07-02,9.479999542236328,9.579999923706055,9.270000457763672,9.399999618530273,1063400,0.0,0.0,-0.006342539045956719
2012-07-03,9.430000305175781,9.779999732971191,9.380000114440918,9.779999732971191,1343000,0.0,0.0,0.04042554573000423
2012-07-05,9.920000076293945,9.930000305175781,9.5,9.5,1904800,0.0,0.0,-0.0286298303288528
2012-07-06,9.460000038146973,9.460000038146973,9.130000114440918,9.420000076293945,1779600,0.0,0.0,-0.008421044600637306
2012-07-09,9.399999618530273,9.430000305175781,9.130000114440918,9.260000228881836,1366500,0.0,0.0,-0.0169851216683915
2012-07-10,9.34000015258789,9.380000114440918,9.039999961853027,9.119999885559082,1221200,0.0,0.0,-0.015118827198955631
2012-07-11,9.170000076293945,9.289999961853027,9.0,9.15999984741211,9791500,0.0,0.0,0.004385960784535126
2012-07-12,9.130000114440918,9.15999984741211,8.90999984741211,9.100000381469727,1498000,0.0,0.0,-0.006550160146491013
2012-07-13,9.109999656677246,9.1899995803833,8.829999923706055,8.890000343322754,2297000,0.0,0.0,-0.02307692630151914
2012-07-16,8.930000305175781,9.079999923706055,8.880000114440918,9.020000457763672,924100,0.0,0.0,0.014623184411748813
2012-07-17,9.09000015258789,9.149999618530273,8.930000305175781,9.010000228881836,1244700,0.0,0.0,-0.0011086727687722453
2012-07-18,9.029999732971191,9.289999961853027,9.029999732971191,9.199999809265137,1051300,0.0,0.0,0.021087633247139248
2012-07-19,9.239999771118164,9.84000015258789,9.239999771118164,9.84000015258789,3204600,0.0,0.0,0.06956525615122544
2012-07-20,9.729999542236328,9.729999542236328,9.399999618530273,9.420000076293945,1890500,0.0,0.0,-0.042682933920838106
2012-07-23,9.220000267028809,9.300000190734863,8.989999771118164,9.079999923706055,1394100,0.0,0.0,-0.036093434164987226
2012-07-24,9.09000015258789,9.130000114440918,8.930000305175781,8.949999809265137,1365700,0.0,0.0,-0.014317193340664391
2012-07-25,8.960000038146973,9.130000114440918,8.800000190734863,8.930000305175781,1146800,0.0,0.0,-0.002234581510119349
2012-07-26,9.029999732971191,9.09000015258789,8.6899995803833,8.729999542236328,1357400,0.0,0.0,-0.022396501243514333
2012-07-27,8.770000457763672,9.130000114440918,8.729999542236328,9.100000381469727,1081300,0.0,0.0,0.0423826871288262
2012-07-30,9.079999923706055,9.25,9.020000457763672,9.130000114440918,1693800,0.0,0.0,0.0032966738146824603
2012-07-31,9.079999923706055,9.210000038146973,8.649999618530273,8.779999732971191,2858800,0.0,0.0,-0.038335200118577384
2012-08-01,8.619999885559082,9.079999923706055,7.869999885559082,7.869999885559082,7850500,0.0,0.0,-0.10364463269797408
2012-08-02,7.809999942779541,7.980000019073486,7.369999885559082,7.820000171661377,4775200,0.0,0.0,-0.006353203891330539
2012-08-03,7.860000133514404,8.199999809265137,7.710000038146973,8.079999923706055,2805500,0.0,0.0,0.03324804940374326
2012-08-06,8.079999923706055,8.680000305175781,8.050000190734863,8.609999656677246,3357900,0.0,0.0,0.06559402697718042
2012-08-07,8.640000343322754,9.569999694824219,8.630000114440918,9.4399995803833,5158700,0.0,0.0,0.09639953040676041
2012-08-08,9.239999771118164,9.420000076293945,8.970000267028809,8.989999771118164,2471400,0.0,0.0,-0.047669473439411414
2012-08-09,9.010000228881836,9.010000228881836,8.720000267028809,8.819999694824219,1885400,0.0,0.0,-0.0189099088567386
2012-08-10,8.84000015258789,9.399999618530273,8.800000190734863,9.380000114440918,1629000,0.0,0.0,0.06349211326450721
2012-08-13,9.390000343322754,9.430000305175781,8.979999542236328,9.079999923706055,1808000,0.0,0.0,-0.031982962374701884
2012-08-14,9.229999542236328,9.229999542236328,8.770000457763672,8.8100004196167,1737300,0.0,0.0,-0.02973562845352462
2012-08-15,8.890000343322754,9.380000114440918,8.739999771118164,9.380000114440918,1858100,0.0,0.0,0.06469916772705653
2012-08-16,9.350000381469727,10.039999961853027,9.319999694824219,9.869999885559082,3598400,0.0,0.0,0.052238780931760154
2012-08-17,9.899999618530273,10.119999885559082,9.75,10.069999694824219,2935000,0.0,0.0,0.020263405428986747
2012-08-20,10.069999694824219,10.350000381469727,9.930000305175781,10.3100004196167,2830700,0.0,0.0,0.023833240522920462
2012-08-21,10.329999923706055,10.359999656677246,10.050000190734863,10.1899995803833,1793600,0.0,0.0,-0.011639266183255836
2012-08-22,10.1899995803833,10.229999542236328,10.0,10.140000343322754,1234400,0.0,0.0,-0.004906696675120559
2012-08-23,10.109999656677246,10.319999694824219,9.890000343322754,10.279999732971191,2246800,0.0,0.0,0.013806645454467636
2012-08-24,10.229999542236328,10.300000190734863,10.100000381469727,10.140000343322754,1330400,0.0,0.0,-0.013618618023832796
2012-08-27,10.220000267028809,10.399999618530273,9.949999809265137,9.989999771118164,2015800,0.0,0.0,-0.014792955337853186
2012-08-28,10.039999961853027,10.399999618530273,10.010000228881836,10.350000381469727,2158100,0.0,0.0,0.03603609795791507
2012-08-29,10.34000015258789,10.479999542236328,10.220000267028809,10.289999961853027,954000,0.0,0.0,-0.0057971417782864965
2012-08-30,10.170000076293945,10.180000305175781,9.960000038146973,10.029999732971191,1273000,0.0,0.0,-0.025267272093848936
2012-08-31,10.140000343322754,10.390000343322754,10.029999732971191,10.25,1367400,0.0,0.0,0.02193422461474359
2012-09-04,10.220000267028809,10.319999694824219,9.859999656677246,10.010000228881836,1406700,0.0,0.0,-0.02341461181640625
2012-09-05,9.970000267028809,10.140000343322754,9.890000343322754,9.9399995803833,1634000,0.0,0.0,-0.006993071618176638
2012-09-06,10.029999732971191,10.4399995803833,10.029999732971191,10.34000015258789,3166200,0.0,0.0,0.04024150795680059
2012-09-07,10.390000343322754,10.579999923706055,10.260000228881836,10.539999961853027,1864000,0.0,0.0,0.019342341036143962
2012-09-10,10.520000457763672,10.65999984741211,10.350000381469727,10.649999618530273,2237400,0.0,0.0,0.010436400102026955
2012-09-11,10.640000343322754,10.880000114440918,10.609999656677246,10.819999694824219,3067600,0.0,0.0,0.015962449050059835
2012-09-12,10.880000114440918,11.0,10.510000228881836,10.569999694824219,1948100,0.0,0.0,-0.0231053610953047
2012-09-13,10.609999656677246,10.8100004196167,10.399999618530273,10.6899995803833,1695900,0.0,0.0,0.011352875025894438
2012-09-14,10.8100004196167,11.079999923706055,10.720000267028809,10.930000305175781,1661100,0.0,0.0,0.022450957363262525
2012-09-17,10.970000267028809,11.220000267028809,10.850000381469727,11.149999618530273,2782000,0.0,0.0,0.020128024447567006
2012-09-18,11.180000305175781,11.359999656677246,11.0,11.140000343322754,1633600,0.0,0.0,-0.0008967960134188546
2012-09-19,11.239999771118164,11.3100004196167,11.010000228881836,11.149999618530273,1432500,0.0,0.0,0.0008976009783978611
2012-09-20,11.050000190734863,11.149999618530273,10.9399995803833,11.0,1343400,0.0,0.0,-0.013452881045931897
2012-09-21,11.130000114440918,11.180000305175781,10.6899995803833,10.729999542236328,1937000,0.0,0.0,-0.024545496160333857
2012-09-24,10.699999809265137,11.140000343322754,10.65999984741211,10.75,1271800,0.0,0.0,0.0018639756399749796
2012-09-25,10.90999984741211,10.90999984741211,10.449999809265137,10.460000038146973,1994700,0.0,0.0,-0.026976740637490892
2012-09-26,10.479999542236328,10.569999694824219,10.119999885559082,10.5,1219800,0.0,0.0,0.0038240881173183805
2012-09-27,10.59000015258789,10.8100004196167,10.489999771118164,10.609999656677246,2127500,0.0,0.0,0.0104761577787853
2012-09-28,10.5600004196167,10.59000015258789,10.239999771118164,10.4399995803833,2018900,0.0,0.0,-0.016022627878876317
2012-10-01,10.430000305175781,10.649999618530273,10.1899995803833,10.199999809265137,1761400,0.0,0.0,-0.02298848474755899
2012-10-02,11.170000076293945,11.170000076293945,10.140000343322754,10.239999771118164,893500,0.0,0.0,0.003921564960883028
2012-10-03,10.289999961853027,10.289999961853027,10.010000228881836,10.1899995803833,1559800,0.0,0.0,-0.004882831235591301
2012-10-04,10.199999809265137,10.880000114440918,10.109999656677246,10.850000381469727,2832500,0.0,0.0,0.06476946302892772
2012-10-05,10.899999618530273,11.260000228881836,10.850000381469727,11.210000038146973,2501600,0.0,0.0,0.03317969069310589
2012-10-08,11.130000114440918,11.180000305175781,10.899999618530273,11.010000228881836,1260700,0.0,0.0,-0.017841196127078462
2012-10-09,11.020000457763672,11.09000015258789,10.600000381469727,10.609999656677246,2241700,0.0,0.0,-0.03633065975378402
2012-10-10,10.59000015258789,10.619999885559082,10.289999961853027,10.319999694824219,1284200,0.0,0.0,-0.02733270228435114
2012-10-11,10.390000343322754,11.09000015258789,10.319999694824219,10.970000267028809,1935100,0.0,0.0,0.06298455343274711
2012-10-12,11.010000228881836,11.369999885559082,10.960000038146973,11.180000305175781,1768700,0.0,0.0,0.01914312060485024
2012-10-15,11.300000190734863,11.569999694824219,11.220000267028809,11.5,2087000,0.0,0.0,0.028622512172568948
2012-10-16,11.579999923706055,11.789999961853027,11.40999984741211,11.5,1837300,0.0,0.0,0.0
2012-10-17,11.489999771118164,11.640000343322754,11.34000015258789,11.460000038146973,1072800,0.0,0.0,-0.003478257552437136
2012-10-18,11.479999542236328,11.600000381469727,11.329999923706055,11.449999809265137,1676200,0.0,0.0,-0.0008726203183724301
2012-10-19,11.390000343322754,11.430000305175781,10.899999618530273,10.979999542236328,1964800,0.0,0.0,-0.04104805893957242
2012-10-22,10.850000381469727,11.100000381469727,10.760000228881836,10.930000305175781,1345900,0.0,0.0,-0.004553664767308674
2012-10-23,10.8100004196167,11.039999961853027,10.569999694824219,11.020000457763672,1707500,0.0,0.0,0.008234231479872234
2012-10-24,11.119999885559082,11.270000457763672,10.890000343322754,11.239999771118164,1634100,0.0,0.0,0.019963639221040275
2012-10-25,11.359999656677246,11.380000114440918,10.890000343322754,10.9399995803833,1339900,0.0,0.0,-0.026690408971869473
2012-10-26,10.970000267028809,11.069999694824219,10.489999771118164,10.710000038146973,1301700,0.0,0.0,-0.02102372495961924
2012-10-31,11.380000114440918,11.550000190734863,10.979999542236328,11.149999618530273,3658000,0.0,0.0,0.04108306058040201
2012-11-01,11.15999984741211,11.279999732971191,10.770000457763672,11.210000038146973,2926800,0.0,0.0,0.00538120373717188
2012-11-02,11.279999732971191,11.279999732971191,10.829999923706055,11.039999961853027,1649800,0.0,0.0,-0.01516503797640012
2012-11-05,11.010000228881836,11.149999618530273,10.90999984741211,11.029999732971191,1769400,0.0,0.0,-0.0009058178366295744
2012-11-06,11.149999618530273,11.489999771118164,11.109999656677246,11.319999694824219,2909400,0.0,0.0,0.026291928275043563
2012-11-07,11.069999694824219,11.260000228881836,10.800000190734863,10.869999885559082,2784500,0.0,0.0,-0.03975263439899979
2012-11-08,11.029999732971191,11.4399995803833,11.0,11.109999656677246,2400800,0.0,0.0,0.022079096011491828
2012-11-09,11.069999694824219,11.239999771118164,10.970000267028809,11.029999732971191,2310800,0.0,0.0,-0.007200713427382821
2012-11-12,11.1899995803833,11.550000190734863,11.1899995803833,11.449999809265137,2941000,0.0,0.0,0.03807797701376803
2012-11-13,11.399999618530273,11.529999732971191,11.239999771118164,11.510000228881836,1820800,0.0,0.0,0.005240211407527617
2012-11-14,11.529999732971191,11.579999923706055,11.420000076293945,11.470000267028809,2197200,0.0,0.0,-0.0034752355393231626
2012-11-15,11.5,11.6899995803833,11.359999656677246,11.550000190734863,2378300,0.0,0.0,0.006974709838152293
2012-11-16,11.520000457763672,11.979999542236328,11.449999809265137,11.850000381469727,3541800,0.0,0.0,0.02597404205893583
2012-11-19,11.979999542236328,12.470000267028809,11.930000305175781,12.350000381469727,3001700,0.0,0.0,0.04219409146871156
2012-11-20,12.329999923706055,12.470000267028809,12.1899995803833,12.239999771118164,1976000,0.0,0.0,-0.008906931737152846
2012-11-21,12.3100004196167,12.5,12.25,12.300000190734863,1572700,0.0,0.0,0.004901995158388628
2012-11-23,12.430000305175781,12.640000343322754,12.359999656677246,12.420000076293945,1207700,0.0,0.0,0.009756088105549177
2012-11-26,12.390000343322754,12.479999542236328,12.239999771118164,12.390000343322754,1606900,0.0,0.0,-0.0024154374224564235
2012-11-27,12.34000015258789,12.579999923706055,12.210000038146973,12.399999618530273,1117200,0.0,0.0,0.0008070439814724661
2012-11-28,12.359999656677246,12.569999694824219,12.180000305175781,12.529999732971191,1722300,0.0,0.0,0.010483880519370992
2012-11-29,12.630000114440918,12.760000228881836,12.449999809265137,12.529999732971191,1238900,0.0,0.0,0.0
2012-11-30,12.399999618530273,12.479999542236328,12.279999732971191,12.369999885559082,1498200,0.0,0.0,-0.012769341645801346
2012-12-03,12.479999542236328,12.539999961853027,12.229999542236328,12.34000015258789,1069200,0.0,0.0,-0.002425200747674494
2012-12-04,12.319999694824219,12.40999984741211,12.149999618530273,12.300000190734863,943400,0.0,0.0,-0.0032414879544907516
2012-12-05,12.329999923706055,12.329999923706055,12.069999694824219,12.100000381469727,1211000,0.0,0.0,-0.016260146842582146
2012-12-06,12.149999618530273,12.289999961853027,12.039999961853027,12.1899995803833,826800,0.0,0.0,0.007437950088943879
2012-12-07,12.239999771118164,12.359999656677246,12.140000343322754,12.329999923706055,1016800,0.0,0.0,0.011484852185561056
2012-12-10,12.319999694824219,12.550000190734863,12.300000190734863,12.520000457763672,1078000,0.0,0.0,0.015409613563120539
2012-12-11,12.59000015258789,12.880000114440918,12.489999771118164,12.770000457763672,2236600,0.0,0.0,0.019968050388127212
2012-12-12,13.25,13.380000114440918,13.050000190734863,13.100000381469727,3984600,0.0,0.0,0.025841809857213294
2012-12-13,13.149999618530273,13.329999923706055,12.949999809265137,13.029999732971191,1202800,0.0,0.0,-0.005343560798483082
2012-12-14,13.0,13.140000343322754,12.949999809265137,13.100000381469727,1468900,0.0,0.0,0.005372267838302802
2012-12-17,13.15999984741211,13.15999984741211,12.430000305175781,12.600000381469727,2370400,0.0,0.0,-0.03816793781985395
2012-12-18,12.539999961853027,12.859999656677246,12.539999961853027,12.65999984741211,1922400,0.0,0.0,0.004761862232212533
2012-12-19,12.640000343322754,12.859999656677246,11.9399995803833,11.979999542236328,4108200,0.0,0.0,-0.05371250500566027
2012-12-20,11.960000038146973,12.0600004196167,11.420000076293945,11.6899995803833,5885000,0.0,0.0,-0.024207009426887915
2012-12-21,11.479999542236328,11.479999542236328,11.119999885559082,11.350000381469727,4876800,0.0,0.0,-0.02908462028382952
2012-12-24,11.399999618530273,11.529999732971191,11.079999923706055,11.199999809265137,692600,0.0,0.0,-0.01321590900115599
2012-12-26,11.199999809265137,11.34000015258789,11.020000457763672,11.140000343322754,1126700,0.0,0.0,-0.005357095264657774
2012-12-27,11.100000381469727,11.119999885559082,10.84000015258789,11.0,1418900,0.0,0.0,-0.012567355386723045
2012-12-28,10.949999809265137,11.109999656677246,10.899999618530273,11.020000457763672,1563200,0.0,0.0,0.0018182234330610392
2012-12-31,10.850000381469727,11.170000076293945,10.609999656677246,11.010000228881836,2590500,0.0,0.0,-0.0009074617483151304
2013-01-02,11.220000267028809,11.5600004196167,11.109999656677246,11.479999542236328,2975800,0.0,0.0,0.042688401778736784
2013-01-03,11.5,11.960000038146973,11.420000076293945,11.880000114440918,2344900,0.0,0.0,0.034843256807889134
2013-01-04,11.930000305175781,12.260000228881836,11.920000076293945,12.199999809265137,1798800,0.0,0.0,0.02693600098835347
2013-01-07,12.109999656677246,12.369999885559082,12.079999923706055,12.15999984741211,1237600,0.0,0.0,-0.00327868544904808
2013-01-08,12.100000381469727,12.149999618530273,11.779999732971191,11.779999732971191,1129400,0.0,0.0,-0.03125000980339565
2013-01-09,11.869999885559082,12.09000015258789,11.529999732971191,11.920000076293945,1419600,0.0,0.0,0.011884579498835146
2013-01-10,12.050000190734863,12.220000267028809,11.970000267028809,11.979999542236328,1592700,0.0,0.0,0.0050335122112714625
2013-01-11,11.960000038146973,12.390000343322754,11.880000114440918,12.3100004196167,1100500,0.0,0.0,0.027545984139392576
2013-01-14,12.25,12.390000343322754,12.119999885559082,12.199999809265137,742100,0.0,0.0,-0.008935873810066663
2013-01-15,12.140000343322754,12.510000228881836,12.0600004196167,12.460000038146973,805800,0.0,0.0,0.02131149450382641
2013-01-16,12.529999732971191,12.529999732971191,12.270000457763672,12.300000190734863,1121800,0.0,0.0,-0.012841079207244088
2013-01-17,12.40999984741211,12.710000038146973,12.40999984741211,12.489999771118164,1192500,0.0,0.0,0.015447120116828916
2013-01-18,12.5,12.699999809265137,12.449999809265137,12.520000457763672,924500,0.0,0.0,0.002401976556867691
2013-01-22,12.489999771118164,12.539999961853027,12.40999984741211,12.539999961853027,1256000,0.0,0.0,0.0015974044215751881
2013-01-23,12.539999961853027,12.609999656677246,12.470000267028809,12.529999732971191,874400,0.0,0.0,-0.0007974664204352111
2013-01-24,12.489999771118164,12.699999809265137,12.350000381469727,12.609999656677246,599600,0.0,0.0,0.006384670822900729
2013-01-25,12.699999809265137,12.920000076293945,12.600000381469727,12.819999694824219,945100,0.0,0.0,0.016653453121687756
2013-01-28,13.010000228881836,13.170000076293945,12.819999694824219,13.119999885559082,1204000,0.0,0.0,0.023400951472407616
2013-01-29,13.15999984741211,13.199999809265137,12.930000305175781,13.0600004196167,1374700,0.0,0.0,-0.004573130065986031
2013-01-30,13.100000381469727,13.1899995803833,12.960000038146973,13.0600004196167,1119400,0.0,0.0,0.0
2013-01-31,12.989999771118164,13.300000190734863,11.550000190734863,12.170000076293945,6081400,0.0,0.0,-0.06814703788109644
2013-02-01,12.180000305175781,12.880000114440918,12.180000305175781,12.779999732971191,2039500,0.0,0.0,0.050123225378237324
2013-02-04,12.770000457763672,12.880000114440918,12.260000228881836,12.510000228881836,1363000,0.0,0.0,-0.021126722201157966
2013-02-05,12.5600004196167,12.75,12.5,12.65999984741211,1768200,0.0,0.0,0.011990376961302562
2013-02-06,13.5,14.579999923706055,13.399999618530273,14.4399995803833,9115400,0.0,0.0,0.14060029655806439
2013-02-07,14.479999542236328,14.90999984741211,14.3100004196167,14.800000190734863,3324100,0.0,0.0,0.02493079091502337
2013-02-08,14.930000305175781,15.180000305175781,14.8100004196167,15.039999961853027,3274100,0.0,0.0,0.016216200542241266
2013-02-11,14.989999771118164,15.279999732971191,14.699999809265137,15.130000114440918,2959300,0.0,0.0,0.005984052713840615
2013-02-12,15.170000076293945,15.289999961853027,14.84000015258789,14.859999656677246,2068300,0.0,0.0,-0.017845370503729807
2013-02-13,14.9399995803833,15.039999961853027,14.619999885559082,14.90999984741211,2525700,0.0,0.0,0.0033647504636646897
2013-02-14,14.8100004196167,15.069999694824219,14.5600004196167,14.970000267028809,2661000,0.0,0.0,0.004024173053704949
2013-02-15,15.050000190734863,15.289999961853027,15.039999961853027,15.079999923706055,2170500,0.0,0.0,0.00734800632699506
2013-02-19,14.989999771118164,15.569999694824219,14.859999656677246,15.520000457763672,3996800,0.0,0.0,0.02917775439547099
2013-02-20,15.539999961853027,15.640000343322754,15.100000381469727,15.109999656677246,2046300,0.0,0.0,-0.026417576610400673
2013-02-21,14.880000114440918,15.0,14.640000343322754,14.899999618530273,2952900,0.0,0.0,-0.01389808358163469
2013-02-22,15.029999732971191,15.109999656677246,14.880000114440918,14.949999809265137,1521200,0.0,0.0,0.0033557175848972776
2013-02-25,15.079999923706055,15.270000457763672,14.90999984741211,14.930000305175781,2638400,0.0,0.0,-0.001337759487927248
2013-02-26,15.010000228881836,15.09000015258789,14.800000190734863,14.890000343322754,1297000,0.0,0.0,-0.0026791668476496833
2013-02-27,14.819999694824219,14.989999771118164,14.739999771118164,14.8100004196167,1273600,0.0,0.0,-0.005372728130387805
2013-02-28,14.8100004196167,15.0,14.600000381469727,14.640000343322754,1256100,0.0,0.0,-0.011478735413725571
2013-03-01,14.529999732971191,14.8100004196167,14.470000267028809,14.720000267028809,2696700,0.0,0.0,0.005464475534834312
2013-03-04,14.720000267028809,15.069999694824219,14.710000038146973,14.989999771118164,2011700,0.0,0.0,0.0183423572820256
2013-03-05,15.069999694824219,15.25,14.960000038146973,15.0,936100,0.0,0.0,0.0006671266867597225
2013-03-06,15.260000228881836,15.649999618530273,15.130000114440918,15.430000305175781,2625800,0.0,0.0,0.028666687011718706
2013-03-07,15.359999656677246,15.510000228881836,15.270000457763672,15.40999984741211,1036200,0.0,0.0,-0.0012962059214582933
2013-03-08,15.489999771118164,15.529999732971191,15.260000228881836,15.420000076293945,1124100,0.0,0.0,0.0006489441259478479
2013-03-11,15.359999656677246,15.630000114440918,15.229999542236328,15.579999923706055,766100,0.0,0.0,0.010376124942961917
2013-03-12,15.5,15.640000343322754,15.399999618530273,15.539999961853027,887800,0.0,0.0,-0.0025673916591080204
2013-03-13,15.59000015258789,15.760000228881836,15.4399995803833,15.579999923706055,1084700,0.0,0.0,0.0025740001255609712
2013-03-14,15.5600004196167,16.049999237060547,15.529999732971191,15.930000305175781,1886800,0.0,0.0,0.022464722925779723
2013-03-15,15.960000038146973,15.960000038146973,15.550000190734863,15.680000305175781,1572300,0.0,0.0,-0.01569365946080825
2013-03-18,15.380000114440918,15.630000114440918,15.220000267028809,15.479999542236328,610100,0.0,0.0,-0.012755150449418995
2013-03-19,15.520000457763672,15.59000015258789,15.050000190734863,15.229999542236328,1249400,0.0,0.0,-0.01614987127860623
2013-03-20,15.289999961853027,15.800000190734863,15.25,15.65999984741211,1133300,0.0,0.0,0.028233770065671404
2013-03-21,15.59000015258789,15.970000267028809,15.5600004196167,15.59000015258789,1002500,0.0,0.0,-0.004469967784564655
2013-03-22,15.609999656677246,15.75,15.380000114440918,15.5,834800,0.0,0.0,-0.005772941097306639
2013-03-25,15.569999694824219,16.030000686645508,15.569999694824219,15.869999885559082,1273500,0.0,0.0,0.02387096035865044
2013-03-26,16.010000228881836,16.100000381469727,15.869999885559082,16.020000457763672,1261400,0.0,0.0,0.009451831965108237
2013-03-27,15.899999618530273,16.139999389648438,15.859999656677246,16.059999465942383,667700,0.0,0.0,0.0024968169185866085
2013-03-28,16.040000915527344,16.15999984741211,15.760000228881836,16.149999618530273,1036200,0.0,0.0,0.005603994743508478
2013-04-01,16.0,16.1299991607666,15.779999732971191,15.890000343322754,956500,0.0,0.0,-0.01609902670890473
2013-04-02,15.960000038146973,15.989999771118164,15.279999732971191,15.600000381469727,1470300,0.0,0.0,-0.018250469199951325
2013-04-03,15.600000381469727,15.729999542236328,15.09000015258789,15.359999656677246,1023600,0.0,0.0,-0.01538466146946782
2013-04-04,15.399999618530273,15.5,15.130000114440918,15.4399995803833,693800,0.0,0.0,0.005208328482694924
2013-04-05,15.3100004196167,15.420000076293945,15.069999694824219,15.420000076293945,701600,0.0,0.0,-0.0012953047042024712
2013-04-08,15.479999542236328,15.569999694824219,15.3100004196167,15.539999961853027,799400,0.0,0.0,0.0077820937072214935
2013-04-09,15.529999732971191,15.710000038146973,15.449999809265137,15.600000381469727,647400,0.0,0.0,0.003861030872843285
2013-04-10,15.649999618530273,15.949999809265137,15.59000015258789,15.869999885559082,1457500,0.0,0.0,0.01730766009532103
2013-04-11,15.880000114440918,15.930000305175781,15.649999618530273,15.699999809265137,691100,0.0,0.0,-0.010712040171382498
2013-04-12,15.579999923706055,15.789999961853027,15.399999618530273,15.779999732971191,974600,0.0,0.0,0.005095536603691109
2013-04-15,15.569999694824219,15.600000381469727,14.699999809265137,15.100000381469727,2233700,0.0,0.0,-0.043092481812953
2013-04-16,15.1899995803833,15.300000190734863,14.869999885559082,14.9399995803833,1189000,0.0,0.0,-0.010596079274459713
2013-04-17,14.739999771118164,14.75,14.25,14.449999809265137,1906800,0.0,0.0,-0.032797843700179796
2013-04-18,14.529999732971191,14.529999732971191,14.079999923706055,14.319999694824219,1458200,0.0,0.0,-0.008996547830925516
2013-04-19,14.319999694824219,14.960000038146973,14.25,14.859999656677246,1852100,0.0,0.0,0.03770949534644208
2013-04-22,14.989999771118164,15.180000305175781,14.680000305175781,15.0600004196167,1178900,0.0,0.0,0.013459001854659203
2013-04-23,15.140000343322754,15.34000015258789,14.899999618530273,15.319999694824219,962200,0.0,0.0,0.01726422762039581
2013-04-24,15.380000114440918,15.880000114440918,15.329999923706055,15.859999656677246,2293700,0.0,0.0,0.03524803998758985
2013-04-25,15.890000343322754,15.989999771118164,15.449999809265137,15.510000228881836,1015500,0.0,0.0,-0.02206806023782326
2013-04-26,15.420000076293945,15.760000228881836,15.420000076293945,15.600000381469727,648500,0.0,0.0,0.00580271768276952
2013-04-29,15.630000114440918,15.75,15.40999984741211,15.460000038146973,552000,0.0,0.0,-0.008974380762775569
2013-04-30,15.390000343322754,15.420000076293945,15.0,15.260000228881836,1091800,0.0,0.0,-0.0129365982387869
2013-05-01,15.15999984741211,15.300000190734863,14.869999885559082,15.109999656677246,2150300,0.0,0.0,-0.009829657270954084
2013-05-02,15.15999984741211,15.369999885559082,15.020000457763672,15.300000190734863,2651500,0.0,0.0,0.012574489634330055
2013-05-03,15.479999542236328,15.960000038146973,15.350000381469727,15.680000305175781,1979800,0.0,0.0,0.024836608477366795
2013-05-06,15.789999961853027,15.829999923706055,15.579999923706055,15.609999656677246,630500,0.0,0.0,-0.004464326985722633
2013-05-07,15.6899995803833,15.890000343322754,15.510000228881836,15.75,1332600,0.0,0.0,0.00896863205649523
2013-05-08,15.859999656677246,16.68000030517578,15.819999694824219,16.219999313354492,2800300,0.0,0.0,0.029841226244729624
2013-05-09,16.1299991607666,16.200000762939453,15.779999732971191,15.989999771118164,1776800,0.0,0.0,-0.014179997039023395
2013-05-10,15.970000267028809,16.530000686645508,15.869999885559082,16.440000534057617,4905400,0.0,0.0,0.028142637234571
2013-05-13,16.600000381469727,16.600000381469727,16.1299991607666,16.389999389648438,3555900,0.0,0.0,-0.00304143204287588
2013-05-14,17.510000228881836,17.540000915527344,16.229999542236328,16.540000915527344,9084500,0.0,0.0,0.009152015342577924
2013-05-15,16.510000228881836,16.6299991607666,16.079999923706055,16.34000015258789,2986200,0.0,0.0,-0.012091943885667922
2013-05-16,16.31999969482422,16.40999984741211,15.949999809265137,16.020000457763672,1580700,0.0,0.0,-0.019583824469765254
2013-05-17,16.0,16.440000534057617,15.859999656677246,16.329999923706055,2190000,0.0,0.0,0.01935077759577397
2013-05-20,16.290000915527344,16.520000457763672,16.15999984741211,16.209999084472656,1187400,0.0,0.0,-0.007348489883284959
2013-05-21,16.260000228881836,16.260000228881836,15.989999771118164,16.06999969482422,1236700,0.0,0.0,-0.00863660688189316
2013-05-22,16.0,16.350000381469727,15.829999923706055,15.880000114440918,1693900,0.0,0.0,-0.0118232472925619
2013-05-23,15.75,16.0,15.5600004196167,15.949999809265137,1346400,0.0,0.0,0.004408041204015056
2013-05-24,15.850000381469727,16.110000610351562,15.729999542236328,16.020000457763672,1760600,0.0,0.0,0.004388755444239667
2013-05-28,16.229999542236328,16.5,16.079999923706055,16.280000686645508,1389700,0.0,0.0,0.016229726682425616
2013-05-29,16.25,16.510000228881836,16.06999969482422,16.450000762939453,1560000,0.0,0.0,0.010442264688194758
2013-05-30,16.530000686645508,16.75,16.459999084472656,16.65999984741211,1127800,0.0,0.0,0.012765901199577323
2013-05-31,16.56999969482422,16.959999084472656,16.549999237060547,16.639999389648438,1777700,0.0,0.0,-0.0012005076798832226
2013-06-03,16.290000915527344,16.59000015258789,15.869999885559082,16.260000228881836,3265900,0.0,0.0,-0.022836488864476423
2013-06-04,16.1200008392334,16.450000762939453,15.920000076293945,16.079999923706055,1067600,0.0,0.0,-0.011070129313777932
2013-06-05,16.0,16.209999084472656,15.859999656677246,15.979999542236328,1113800,0.0,0.0,-0.006218929225385139
2013-06-06,15.920000076293945,16.100000381469727,15.75,16.079999923706055,1258700,0.0,0.0,0.006257846328807437
2013-06-07,16.43000030517578,17.200000762939453,16.209999084472656,16.979999542236328,2930900,0.0,0.0,0.0559701257960481
2013-06-10,17.059999465942383,17.1299991607666,16.510000228881836,16.540000915527344,1437100,0.0,0.0,-0.025912758455294727
2013-06-11,17.0,17.350000381469727,16.729999542236328,16.809999465942383,4404500,0.0,0.0,0.016323974333131375
2013-06-12,16.600000381469727,16.649999618530273,15.25,15.369999885559082,7221300,0.0,0.0,-0.08566327341656299
2013-06-13,15.350000381469727,15.520000457763672,15.0600004196167,15.5,4388500,0.0,0.0,0.008458042642086161
2013-06-14,15.470000267028809,15.569999694824219,15.300000190734863,15.460000038146973,1866500,0.0,0.0,-0.0025806427001953125
2013-06-17,15.579999923706055,15.880000114440918,15.4399995803833,15.59000015258789,1412700,0.0,0.0,0.008408804276853088
2013-06-18,15.65999984741211,15.850000381469727,15.520000457763672,15.65999984741211,1302400,0.0,0.0,0.004490038110269046
2013-06-19,15.600000381469727,15.670000076293945,15.1899995803833,15.359999656677246,1506500,0.0,0.0,-0.019157100489016865
2013-06-20,15.210000038146973,15.430000305175781,14.930000305175781,15.119999885559082,2144200,0.0,0.0,-0.015624985448084439
2013-06-21,15.149999618530273,15.4399995803833,15.010000228881836,15.039999961853027,2032000,0.0,0.0,-0.005291000285156167
2013-06-24,14.84000015258789,14.890000343322754,14.25,14.529999732971191,3275800,0.0,0.0,-0.03390958977229952
2013-06-25,14.65999984741211,14.770000457763672,14.489999771118164,14.630000114440918,1948800,0.0,0.0,0.006882338837405966
2013-06-26,14.739999771118164,14.75,14.100000381469727,14.210000038146973,2702000,0.0,0.0,-0.028708138961624052
2013-06-27,14.279999732971191,14.65999984741211,14.260000228881836,14.569999694824219,1814200,0.0,0.0,0.02533424741103607
2013-06-28,14.600000381469727,15.100000381469727,14.399999618530273,14.970000267028809,2030600,0.0,0.0,0.027453711776444623
2013-07-01,15.220000267028809,15.489999771118164,15.050000190734863,15.369999885559082,1691800,0.0,0.0,0.02672008092152578
2013-07-02,15.399999618530273,15.600000381469727,15.149999618530273,15.4399995803833,1757200,0.0,0.0,0.004554306788901563
2013-07-03,15.350000381469727,15.5600004196167,15.199999809265137,15.430000305175781,692300,0.0,0.0,-0.0006476214688647675
2013-07-05,15.710000038146973,15.739999771118164,15.380000114440918,15.699999809265137,1099700,0.0,0.0,0.017498347294185645
2013-07-08,15.770000457763672,16.0,15.229999542236328,15.510000228881836,2007700,0.0,0.0,-0.01210188424786951
2013-07-09,15.729999542236328,15.850000381469727,15.390000343322754,15.8100004196167,1361500,0.0,0.0,0.019342371779996537
2013-07-10,15.850000381469727,16.010000228881836,15.699999809265137,15.899999618530273,1063300,0.0,0.0,0.005692548799802966
2013-07-11,16.209999084472656,16.209999084472656,15.720000267028809,16.040000915527344,2093700,0.0,0.0,0.00880511322993427
2013-07-12,16.0,16.1299991607666,15.779999732971191,15.880000114440918,1271900,0.0,0.0,-0.009975111717826612
2013-07-15,15.989999771118164,16.079999923706055,15.869999885559082,15.920000076293945,845100,0.0,0.0,0.002518889267302482
2013-07-16,15.970000267028809,16.049999237060547,15.710000038146973,15.90999984741211,1332500,0.0,0.0,-0.0006281550775070199
2013-07-17,15.979999542236328,16.43000030517578,15.789999961853027,16.309999465942383,2760900,0.0,0.0,0.0251413967546541
2013-07-18,16.389999389648438,16.68000030517578,16.3700008392334,16.43000030517578,1747700,0.0,0.0,0.007357501113594678
2013-07-19,16.3700008392334,16.75,16.229999542236328,16.68000030517578,1410700,0.0,0.0,0.015216067885357454
2013-07-22,16.75,16.809999465942383,16.520000457763672,16.559999465942383,1199400,0.0,0.0,-0.007194294786443289
2013-07-23,16.829999923706055,16.829999923706055,16.440000534057617,16.479999542236328,888800,0.0,0.0,-0.004830913423070071
2013-07-24,16.670000076293945,16.979999542236328,16.5,16.59000015258789,1885300,0.0,0.0,0.006674794502854464
2013-07-25,16.760000228881836,16.760000228881836,16.270000457763672,16.40999984741211,1703300,0.0,0.0,-0.010849927879458376
2013-07-26,16.600000381469727,16.920000076293945,16.299999237060547,16.81999969482422,1751100,0.0,0.0,0.02498475632080921
2013-07-29,16.979999542236328,17.049999237060547,16.530000686645508,16.969999313354492,1423000,0.0,0.0,0.008917932297967335
2013-07-30,17.049999237060547,17.139999389648438,16.809999465942383,16.989999771118164,2670500,0.0,0.0,0.0011785774055943499
2013-07-31,17.579999923706055,17.84000015258789,17.170000076293945,17.549999237060547,4706000,0.0,0.0,0.03296053404864341
2013-08-01,17.829999923706055,18.209999084472656,17.559999465942383,17.889999389648438,2673600,0.0,0.0,0.019373228909885576
2013-08-02,18.1299991607666,18.239999771118164,17.719999313354492,18.1299991607666,2683500,0.0,0.0,0.013415303482739782
2013-08-05,18.25,18.389999389648438,18.06999969482422,18.260000228881836,1406500,0.0,0.0,0.007170494988028242
2013-08-06,18.25,18.260000228881836,17.860000610351562,17.959999084472656,2013800,0.0,0.0,-0.016429416245826056
2013-08-07,17.850000381469727,18.139999389648438,17.809999465942383,18.059999465942383,1541600,0.0,0.0,0.005567950254306009
2013-08-08,18.15999984741211,18.549999237060547,18.040000915527344,18.469999313354492,1869400,0.0,0.0,0.022702096319841436
2013-08-09,18.56999969482422,18.8700008392334,18.469999313354492,18.56999969482422,2379900,0.0,0.0,0.0054142060198898445
2013-08-12,18.530000686645508,18.780000686645508,18.510000228881836,18.65999984741211,1551100,0.0,0.0,0.0048465349524466905
2013-08-13,18.649999618530273,18.700000762939453,18.299999237060547,18.600000381469727,1857300,0.0,0.0,-0.0032154054894434347
2013-08-14,18.59000015258789,18.860000610351562,18.350000381469727,18.420000076293945,1930600,0.0,0.0,-0.009677435563663073
2013-08-15,18.299999237060547,18.579999923706055,18.139999389648438,18.329999923706055,1857500,0.0,0.0,-0.004886001748920621
2013-08-16,18.309999465942383,18.520000457763672,18.18000030517578,18.360000610351562,1499600,0.0,0.0,0.0016366986781439774
2013-08-19,18.450000762939453,18.489999771118164,17.959999084472656,17.989999771118164,1544600,0.0,0.0,-0.02015255048656084
2013-08-20,18.040000915527344,18.530000686645508,18.010000228881836,18.469999313354492,1545100,0.0,0.0,0.02668146461051868
2013-08-21,18.489999771118164,18.6200008392334,18.190000534057617,18.190000534057617,1291500,0.0,0.0,-0.015159652934823131
2013-08-22,18.690000534057617,19.0,18.5,18.940000534057617,1765100,0.0,0.0,0.04123144463881445
2013-08-23,19.110000610351562,19.1200008392334,18.610000610351562,18.829999923706055,1109800,0.0,0.0,-0.005807846211712708
2013-08-26,19.110000610351562,19.25,18.920000076293945,19.100000381469727,2338900,0.0,0.0,0.014338845398706335
2013-08-27,18.790000915527344,18.8700008392334,18.18000030517578,18.290000915527344,1822800,0.0,0.0,-0.042408348155229425
2013-08-28,18.31999969482422,18.6299991607666,18.309999465942383,18.59000015258789,1076300,0.0,0.0,0.016402363151653
2013-08-29,18.549999237060547,18.959999084472656,18.510000228881836,18.8700008392334,799600,0.0,0.0,0.015061898028361664
2013-08-30,18.899999618530273,18.90999984741211,18.290000915527344,18.360000610351562,1325900,0.0,0.0,-0.027027037954416744
2013-09-03,18.549999237060547,18.920000076293945,18.5,18.649999618530273,1152700,0.0,0.0,0.0157951524258233
2013-09-04,18.709999084472656,18.84000015258789,18.530000686645508,18.6299991607666,1656700,0.0,0.0,-0.0010724106258854782
2013-09-05,18.690000534057617,18.829999923706055,18.5,18.65999984741211,1154700,0.0,0.0,0.0016103428876521608
2013-09-06,18.75,18.75,18.030000686645508,18.18000030517578,1779700,0.0,0.0,-0.025723448347342748
2013-09-09,18.270000457763672,18.530000686645508,18.200000762939453,18.489999771118164,1362900,0.0,0.0,0.0170516755081751
2013-09-10,18.56999969482422,18.600000381469727,18.1200008392334,18.139999389648438,1747200,0.0,0.0,-0.0189291717578296
2013-09-11,17.959999084472656,17.979999542236328,16.959999084472656,17.299999237060547,7014200,0.0,0.0,-0.04630651493115456
2013-09-12,17.329999923706055,17.520000457763672,17.200000762939453,17.239999771118164,2502100,0.0,0.0,-0.003468177375051562
2013-09-13,17.389999389648438,17.84000015258789,17.25,17.65999984741211,2683400,0.0,0.0,0.02436195370475369
2013-09-16,18.149999618530273,18.15999984741211,17.139999389648438,17.350000381469727,3555200,0.0,0.0,-0.017553763795066457
2013-09-17,17.700000762939453,17.700000762939453,16.440000534057617,17.0,6393200,0.0,0.0,-0.020172932206015237
2013-09-18,17.1299991607666,17.690000534057617,16.780000686645508,17.200000762939453,5615000,0.0,0.0,0.01176475076114425
2013-09-19,18.100000381469727,18.1200008392334,17.270000457763672,17.43000030517578,8354300,0.0,0.0,0.013372065815944856
2013-09-20,17.700000762939453,17.700000762939453,16.979999542236328,16.989999771118164,5737600,0.0,0.0,-0.02524386267090084
2013-09-23,17.459999084472656,17.479999542236328,16.950000762939453,17.229999542236328,4734800,0.0,0.0,0.014125943163704191
2013-09-24,17.350000381469727,18.200000762939453,17.25,18.040000915527344,6435600,0.0,0.0,0.04701110823046961
2013-09-25,18.43000030517578,18.610000610351562,18.06999969482422,18.350000381469727,4919400,0.0,0.0,0.01718400500055184
2013-09-26,18.610000610351562,18.8799991607666,18.329999923706055,18.420000076293945,3707500,0.0,0.0,0.0038146971863231016
2013-09-27,18.31999969482422,18.6200008392334,18.0,18.1200008392334,2792200,0.0,0.0,-0.016286603464602423
2013-09-30,17.65999984741211,18.290000915527344,17.399999618530273,18.170000076293945,3324800,0.0,0.0,0.002759339665828753
2013-10-01,18.15999984741211,18.540000915527344,17.8799991607666,18.3799991607666,3648400,0.0,0.0,0.01155746194776519
2013-10-02,18.25,18.59000015258789,18.0,18.200000762939453,3491000,0.0,0.0,-0.009793166814249243
2013-10-03,18.110000610351562,18.31999969482422,17.65999984741211,17.729999542236328,2508100,0.0,0.0,-0.025824241813230286
2013-10-04,17.829999923706055,18.149999618530273,17.739999771118164,17.829999923706055,2961000,0.0,0.0,0.0056401795855383074
2013-10-07,17.719999313354492,17.799999237060547,17.389999389648438,17.40999984741211,2780700,0.0,0.0,-0.02355580920309086
2013-10-08,17.40999984741211,17.43000030517578,16.700000762939453,16.799999237060547,4218900,0.0,0.0,-0.03503737022962905
2013-10-09,16.979999542236328,17.100000381469727,16.450000762939453,16.84000015258789,3587700,0.0,0.0,0.0023810069847565174
2013-10-10,17.0,17.360000610351562,16.920000076293945,17.049999237060547,3641900,0.0,0.0,0.012470254309373319
2013-10-11,17.1200008392334,17.309999465942383,16.809999465942383,16.84000015258789,2499800,0.0,0.0,-0.012316662397039546
2013-10-14,16.700000762939453,17.149999618530273,16.59000015258789,17.1200008392334,1714400,0.0,0.0,0.016627119008812974
2013-10-15,17.1200008392334,17.15999984741211,16.8799991607666,16.940000534057617,1458400,0.0,0.0,-0.010514036001872173
2013-10-16,17.0,17.200000762939453,16.90999984741211,17.020000457763672,1799500,0.0,0.0,0.0047225455244357395
2013-10-17,17.020000457763672,17.18000030517578,16.860000610351562,17.149999618530273,2153100,0.0,0.0,0.0076380233413744225
2013-10-18,17.219999313354492,17.350000381469727,16.959999084472656,17.219999313354492,2552500,0.0,0.0,0.004081614949343004
2013-10-21,17.290000915527344,17.5,17.1299991607666,17.149999618530273,1772300,0.0,0.0,-0.004065023090328079
2013-10-22,17.299999237060547,17.440000534057617,17.1299991607666,17.280000686645508,2378000,0.0,0.0,0.007580237376493715
2013-10-23,17.25,17.299999237060547,16.979999542236328,16.989999771118164,2392300,0.0,0.0,-0.01678245972243886
2013-10-24,16.989999771118164,17.200000762939453,16.989999771118164,17.059999465942383,3102400,0.0,0.0,0.00412005272320326
2013-10-25,17.25,17.450000762939453,17.149999618530273,17.34000015258789,2884300,0.0,0.0,0.016412701958431253
2013-10-28,17.5,17.690000534057617,17.360000610351562,17.68000030517578,3022900,0.0,0.0,0.01960785176447355
2013-10-29,17.899999618530273,18.020000457763672,17.600000381469727,17.950000762939453,6491800,0.0,0.0,0.015271518840677345
2013-10-30,17.860000610351562,18.229999542236328,16.84000015258789,17.139999389648438,11228100,0.0,0.0,-0.04512542277788578
2013-10-31,17.1299991607666,18.170000076293945,17.100000381469727,17.90999984741211,7464900,0.0,0.0,0.04492418233274309
2013-11-01,17.90999984741211,18.030000686645508,17.5,17.969999313354492,3833200,0.0,0.0,0.003350053961672872
2013-11-04,17.989999771118164,18.3799991607666,17.84000015258789,18.350000381469727,3656500,0.0,0.0,0.02114641528298966
2013-11-05,18.149999618530273,18.459999084472656,17.8700008392334,18.239999771118164,3039800,0.0,0.0,-0.005994583545766208
2013-11-06,18.399999618530273,18.479999542236328,17.790000915527344,17.829999923706055,2610700,0.0,0.0,-0.022478062091936923
2013-11-07,17.84000015258789,17.920000076293945,17.34000015258789,17.399999618530273,3047500,0.0,0.0,-0.02411667453817934
2013-11-08,17.31999969482422,17.75,17.209999084472656,17.510000228881836,3037100,0.0,0.0,0.006321874296733698
2013-11-11,17.8799991607666,18.0,17.700000762939453,17.950000762939453,2279400,0.0,0.0,0.025128528172824405
2013-11-12,17.950000762939453,17.969999313354492,17.760000228881836,17.860000610351562,1635600,0.0,0.0,-0.005013935864209507
2013-11-13,17.780000686645508,18.049999237060547,17.760000228881836,18.049999237060547,1483100,0.0,0.0,0.010638220616793426
2013-11-14,18.059999465942383,18.110000610351562,17.8700008392334,18.0,1478300,0.0,0.0,-0.0027700409514637148
2013-11-15,18.030000686645508,18.030000686645508,17.700000762939453,17.989999771118164,1850100,0.0,0.0,-0.0005555682712130583
2013-11-18,17.809999465942383,17.969999313354492,17.479999542236328,17.510000228881836,2798900,0.0,0.0,-0.02668146461051868
2013-11-19,17.450000762939453,17.649999618530273,17.1299991607666,17.1299991607666,2204800,0.0,0.0,-0.021701945353972185
2013-11-20,17.190000534057617,17.3700008392334,17.010000228881836,17.040000915527344,1793400,0.0,0.0,-0.0052538382748660295
2013-11-21,17.049999237060547,17.229999542236328,16.989999771118164,17.1200008392334,1690200,0.0,0.0,0.004694830951162521
2013-11-22,16.719999313354492,17.010000228881836,16.260000228881836,16.860000610351562,4051300,0.0,0.0,-0.015186928512643583
2013-11-25,16.889999389648438,17.0,16.350000381469727,16.93000030517578,3472500,0.0,0.0,0.004151820420530861
2013-11-26,16.010000228881836,16.420000076293945,15.989999771118164,16.010000228881836,6732800,0.0,0.0,-0.054341409315431966
2013-11-27,16.030000686645508,16.270000457763672,16.0,16.149999618530273,3333000,0.0,0.0,0.008744496417675274
2013-11-29,16.229999542236328,16.440000534057617,16.149999618530273,16.360000610351562,997000,0.0,0.0,0.013003157695455014
2013-12-02,16.360000610351562,16.6200008392334,16.260000228881836,16.450000762939453,2308800,0.0,0.0,0.005501231615538282
2013-12-03,16.489999771118164,16.6299991607666,16.350000381469727,16.5,2302900,0.0,0.0,0.003039467157545106
2013-12-04,16.440000534057617,16.690000534057617,16.399999618530273,16.610000610351562,1319200,0.0,0.0,0.006666703657670414
2013-12-05,16.610000610351562,16.709999084472656,16.360000610351562,16.40999984741211,1826300,0.0,0.0,-0.012040984683336475
2013-12-06,16.510000228881836,16.75,16.5,16.639999389648438,1442200,0.0,0.0,0.014015816232478384
2013-12-09,16.729999542236328,17.040000915527344,16.670000076293945,16.889999389648438,2196900,0.0,0.0,0.015024039012616841
2013-12-10,16.799999237060547,17.0,16.700000762939453,16.899999618530273,1262400,0.0,0.0,0.0005920798841452246
2013-12-11,16.979999542236328,16.989999771118164,16.420000076293945,16.489999771118164,1788400,0.0,0.0,-0.024260346548325318
2013-12-12,16.43000030517578,16.56999969482422,16.25,16.420000076293945,2924800,0.0,0.0,-0.004244978520061671
2013-12-13,16.450000762939453,16.979999542236328,16.450000762939453,16.940000534057617,1751600,0.0,0.0,0.031668724442602825
2013-12-16,16.989999771118164,17.3700008392334,16.90999984741211,17.360000610351562,2837800,0.0,0.0,0.024793392151879923
2013-12-17,17.360000610351562,17.549999237060547,17.170000076293945,17.479999542236328,1884500,0.0,0.0,0.006912380625909265
2013-12-18,17.489999771118164,17.75,17.309999465942383,17.700000762939453,1847900,0.0,0.0,0.012585882520851577
2013-12-19,17.600000381469727,17.829999923706055,17.5,17.799999237060547,3138400,0.0,0.0,0.005649631062755178
2013-12-20,17.770000457763672,17.829999923706055,17.5,17.579999923706055,3902100,0.0,0.0,-0.012359512515958015
2013-12-23,17.610000610351562,17.760000228881836,17.520000457763672,17.729999542236328,2666400,0.0,0.0,0.008532401546145874
2013-12-24,17.579999923706055,17.760000228881836,17.579999923706055,17.670000076293945,1398900,0.0,0.0,-0.003384064720331925
2013-12-26,17.75,17.899999618530273,17.65999984741211,17.8799991607666,1938800,0.0,0.0,0.011884498221049311
2013-12-27,17.90999984741211,17.93000030517578,17.649999618530273,17.68000030517578,980100,0.0,0.0,-0.011185618846653589
2013-12-30,17.639999389648438,17.68000030517578,17.34000015258789,17.399999618530273,1336500,0.0,0.0,-0.015837142636447754
2013-12-31,17.40999984741211,17.59000015258789,17.34000015258789,17.3700008392334,2883100,0.0,0.0,-0.0017240678134801124
2014-01-02,17.270000457763672,17.540000915527344,17.149999618530273,17.530000686645508,976100,0.0,0.0,0.009211274593074359
2014-01-03,17.5,17.75,17.5,17.6299991607666,857300,0.0,0.0,0.005704419292879681
2014-01-06,17.670000076293945,17.75,17.420000076293945,17.600000381469727,1190200,0.0,0.0,-0.0017015757643161766
2014-01-07,17.639999389648438,18.270000457763672,17.520000457763672,18.110000610351562,2811700,0.0,0.0,0.028977285103856776
2014-01-08,17.950000762939453,18.170000076293945,17.729999542236328,17.799999237060547,1452000,0.0,0.0,-0.017117689831209648
2014-01-09,17.90999984741211,17.979999542236328,17.639999389648438,17.670000076293945,1006900,0.0,0.0,-0.0073033239516064885
2014-01-10,17.65999984741211,17.739999771118164,17.5,17.639999389648438,1022400,0.0,0.0,-0.0016978317213340866
2014-01-13,17.610000610351562,17.700000762939453,17.3700008392334,17.459999084472656,1506000,0.0,0.0,-0.010204099285933577
2014-01-14,17.350000381469727,17.489999771118164,17.049999237060547,17.170000076293945,2375400,0.0,0.0,-0.01660933696363187
2014-01-15,17.15999984741211,17.389999389648438,16.920000076293945,16.959999084472656,2798100,0.0,0.0,-0.0122306925386233
2014-01-16,16.950000762939453,17.0,16.65999984741211,16.68000030517578,3231400,0.0,0.0,-0.016509362878045275
2014-01-17,16.950000762939453,17.219999313354492,16.8700008392334,17.049999237060547,3253600,0.0,0.0,0.022182189755113768
2014-01-21,17.299999237060547,17.40999984741211,17.059999465942383,17.389999389648438,2300300,0.0,0.0,0.019941358815362964
2014-01-22,17.3700008392334,18.68000030517578,17.329999923706055,18.649999618530273,7057700,0.0,0.0,0.07245544986228492
2014-01-23,18.440000534057617,19.040000915527344,18.299999237060547,18.520000457763672,4713800,0.0,0.0,-0.006970464526843023
2014-01-24,18.360000610351562,18.59000015258789,18.040000915527344,18.459999084472656,2722700,0.0,0.0,-0.0032398148924377423
2014-01-27,18.6200008392334,18.780000686645508,18.15999984741211,18.239999771118164,1843800,0.0,0.0,-0.011917623199642624
2014-01-28,18.469999313354492,19.020000457763672,18.440000534057617,18.6200008392334,2657200,0.0,0.0,0.020833392153707164
2014-01-29,18.25,18.700000762939453,18.149999618530273,18.360000610351562,2373200,0.0,0.0,-0.013963491791794125
2014-01-30,18.3700008392334,19.110000610351562,18.360000610351562,19.049999237060547,4692600,0.0,0.0,0.03758162329907311
2014-01-31,18.75,19.459999084472656,18.6299991607666,19.18000030517578,4744800,0.0,0.0,0.006824203323973155
2014-02-03,19.489999771118164,19.670000076293945,18.610000610351562,18.899999618530273,6407500,0.0,0.0,-0.014598575713783979
2014-02-04,17.25,17.770000457763672,16.399999618530273,17.059999465942383,21546700,0.0,0.0,-0.09735450739289353
2014-02-05,17.110000610351562,18.329999923706055,17.020000457763672,18.0,8933000,0.0,0.0,0.055099681329661365
2014-02-06,18.0,18.25,17.799999237060547,18.239999771118164,3010200,0.0,0.0,0.013333320617675781
2014-02-07,18.299999237060547,18.850000381469727,18.280000686645508,18.649999618530273,4625000,0.0,0.0,0.022478062091936923
2014-02-10,18.65999984741211,18.959999084472656,18.6299991607666,18.93000030517578,3222400,0.0,0.0,0.015013441950277873
2014-02-11,18.860000610351562,19.579999923706055,18.700000762939453,19.209999084472656,5357700,0.0,0.0,0.014791271779341697
2014-02-12,19.18000030517578,19.389999389648438,18.760000228881836,19.219999313354492,3626600,0.0,0.0,0.0005205741467171343
2014-02-13,19.110000610351562,19.350000381469727,18.8700008392334,19.209999084472656,2010400,0.0,0.0,-0.0005203032902757476
2014-02-14,19.1299991607666,19.40999984741211,19.049999237060547,19.110000610351562,2072800,0.0,0.0,-0.0052055428884388855
2014-02-18,19.280000686645508,20.420000076293945,19.25,20.399999618530273,6423000,0.0,0.0,0.06750387059014229
2014-02-19,20.399999618530273,20.489999771118164,19.510000228881836,19.56999969482422,3751900,0.0,0.0,-0.040686271530717466
2014-02-20,19.5,19.739999771118164,19.350000381469727,19.59000015258789,1447200,0.0,0.0,0.001021995813774046
2014-02-21,19.690000534057617,19.850000381469727,19.239999771118164,19.290000915527344,2004700,0.0,0.0,-0.015313896616836686
2014-02-24,19.239999771118164,19.639999389648438,19.219999313354492,19.610000610351562,2449900,0.0,0.0,0.01658888956125648
2014-02-25,19.510000228881836,20.219999313354492,19.43000030517578,19.59000015258789,3675600,0.0,0.0,-0.001019911123975925
2014-02-26,19.59000015258789,20.0,19.399999618530273,19.780000686645508,1670100,0.0,0.0,0.009698853117799278
2014-02-27,19.850000381469727,20.079999923706055,19.65999984741211,20.020000457763672,1260700,0.0,0.0,0.012133456157066735
2014-02-28,20.09000015258789,20.149999618530273,19.579999923706055,19.770000457763672,2404700,0.0,0.0,-0.012487512201981521
2014-03-03,19.549999237060547,20.0,19.3799991607666,20.0,1824200,0.0,0.0,0.01163376514470471
2014-03-04,20.200000762939453,20.530000686645508,20.09000015258789,20.43000030517578,3557200,0.0,0.0,0.021500015258788974
2014-03-05,20.309999465942383,20.799999237060547,20.309999465942383,20.799999237060547,2353900,0.0,0.0,0.018110569082616657
2014-03-06,20.81999969482422,21.059999465942383,20.709999084472656,20.739999771118164,1740700,0.0,0.0,-0.002884589814574512
2014-03-07,20.780000686645508,21.25,20.6200008392334,21.209999084472656,2929200,0.0,0.0,0.02266149076862556
2014-03-10,21.200000762939453,21.209999084472656,20.690000534057617,20.809999465942383,1367000,0.0,0.0,-0.01885901158869463
2014-03-11,20.850000381469727,20.950000762939453,20.540000915527344,20.719999313354492,1075800,0.0,0.0,-0.004324851268506014
2014-03-12,20.559999465942383,21.239999771118164,20.360000610351562,21.219999313354492,1432200,0.0,0.0,0.024131274930966784
2014-03-13,21.31999969482422,21.440000534057617,20.780000686645508,20.8799991607666,1744000,0.0,0.0,-0.016022627878876317
2014-03-14,20.989999771118164,21.59000015258789,20.93000030517578,21.5,2009400,0.0,0.0,0.029693527976685674
2014-03-17,21.530000686645508,21.950000762939453,21.5,21.950000762939453,1705100,0.0,0.0,0.020930268043695577
2014-03-18,21.989999771118164,22.40999984741211,21.940000534057617,22.260000228881836,1862400,0.0,0.0,0.014122982012182428
2014-03-19,22.299999237060547,22.31999969482422,21.6200008392334,21.790000915527344,1354100,0.0,0.0,-0.02111407495605855
2014-03-20,21.649999618530273,21.81999969482422,21.190000534057617,21.68000030517578,1260700,0.0,0.0,-0.005048215040375559
2014-03-21,21.670000076293945,22.25,21.6299991607666,21.770000457763672,2024500,0.0,0.0,0.004151298492666822
2014-03-24,21.770000457763672,21.799999237060547,21.1299991607666,21.530000686645508,1476100,0.0,0.0,-0.011024334684043402
2014-03-25,21.639999389648438,21.93000030517578,21.190000534057617,21.239999771118164,1700500,0.0,0.0,-0.013469619427705082
2014-03-26,21.329999923706055,21.489999771118164,20.549999237060547,20.860000610351562,2848400,0.0,0.0,-0.017890732808920173
2014-03-27,20.829999923706055,21.059999465942383,20.579999923706055,21.0,1470700,0.0,0.0,0.0067113799401790075
2014-03-28,20.969999313354492,21.510000228881836,20.969999313354492,21.479999542236328,1091600,0.0,0.0,0.02285712105887283
2014-03-31,21.600000381469727,22.1299991607666,21.200000762939453,21.93000030517578,2385900,0.0,0.0,0.020949756635451067
2014-04-01,22.020000457763672,22.1200008392334,21.549999237060547,21.920000076293945,1841000,0.0,0.0,-0.00045600678261170646
2014-04-02,21.850000381469727,22.209999084472656,21.68000030517578,21.739999771118164,2035100,0.0,0.0,-0.008211692725788255
2014-04-03,21.709999084472656,21.989999771118164,21.170000076293945,21.56999969482422,2414000,0.0,0.0,-0.007819690804219404
2014-04-04,21.709999084472656,21.81999969482422,21.020000457763672,21.200000762939453,1271300,0.0,0.0,-0.017153404595251276
2014-04-07,21.18000030517578,21.770000457763672,20.75,20.829999923706055,2909000,0.0,0.0,-0.01745286914707156
2014-04-08,20.770000457763672,21.299999237060547,20.6200008392334,21.170000076293945,3007800,0.0,0.0,0.016322619003034555
2014-04-09,21.299999237060547,21.40999984741211,20.260000228881836,20.350000381469727,3755900,0.0,0.0,-0.03873404307364414
2014-04-10,20.34000015258789,20.56999969482422,20.1200008392334,20.329999923706055,2293500,0.0,0.0,-0.0009828234589068785
2014-04-11,20.260000228881836,20.440000534057617,19.729999542236328,19.780000686645508,2494100,0.0,0.0,-0.02705357792053964
2014-04-14,19.889999389648438,20.229999542236328,19.700000762939453,19.969999313354492,1968200,0.0,0.0,0.009605592523425077
2014-04-15,19.989999771118164,20.1299991607666,19.18000030517578,19.530000686645508,3876000,0.0,0.0,-0.02203298156423794
2014-04-16,19.739999771118164,20.18000030517578,19.56999969482422,20.049999237060547,2547000,0.0,0.0,0.0266256288854414
2014-04-17,20.09000015258789,20.729999542236328,20.049999237060547,20.510000228881836,1222300,0.0,0.0,0.02294269373192903
2014-04-21,20.399999618530273,20.6200008392334,20.239999771118164,20.530000686645508,1123600,0.0,0.0,0.0009751563891016168
2014-04-22,20.489999771118164,20.920000076293945,20.450000762939453,20.850000381469727,1896700,0.0,0.0,0.015586930546591438
2014-04-23,20.780000686645508,20.959999084472656,20.489999771118164,20.889999389648438,1296600,0.0,0.0,0.0019184176233522088
2014-04-24,20.979999542236328,21.0,20.600000381469727,20.8799991607666,903000,0.0,0.0,-0.0004787089121118804
2014-04-25,20.790000915527344,20.790000915527344,20.31999969482422,20.360000610351562,973600,0.0,0.0,-0.0249041461357965
2014-04-28,20.399999618530273,20.690000534057617,20.0,20.360000610351562,867100,0.0,0.0,0.0
2014-04-29,20.3799991607666,20.5,20.229999542236328,20.3799991607666,742700,0.0,0.0,0.0009822470439844189
2014-04-30,20.350000381469727,20.479999542236328,19.940000534057617,20.3799991607666,1711100,0.0,0.0,0.0
2014-05-01,20.290000915527344,21.0,20.290000915527344,20.690000534057617,1657300,0.0,0.0,0.015211059178441788
2014-05-02,20.65999984741211,21.0,20.600000381469727,20.770000457763672,1169200,0.0,0.0,0.003866598436011115
2014-05-05,20.719999313354492,20.989999771118164,20.43000030517578,20.639999389648438,1356500,0.0,0.0,-0.006259078731345902
2014-05-06,20.6299991607666,21.010000228881836,20.479999542236328,20.790000915527344,1705700,0.0,0.0,0.007267516003616636
2014-05-07,21.100000381469727,21.5,20.790000915527344,21.420000076293945,2597500,0.0,0.0,0.03030298860141345
2014-05-08,21.420000076293945,21.729999542236328,20.729999542236328,20.850000381469727,2211100,0.0,0.0,-0.026610629915685746
2014-05-09,20.729999542236328,20.889999389648438,20.200000762939453,20.3799991607666,3076700,0.0,0.0,-0.02254202456134413
2014-05-12,20.459999084472656,20.790000915527344,20.3799991607666,20.670000076293945,3695400,0.0,0.0,0.014229682407721711
2014-05-13,20.850000381469727,20.860000610351562,20.200000762939453,20.6299991607666,6658000,0.0,0.0,-0.0019352160319157097
2014-05-14,20.110000610351562,20.440000534057617,18.8799991607666,18.989999771118164,12609700,0.0,0.0,-0.07949585343499821
2014-05-15,18.860000610351562,19.079999923706055,18.450000762939453,18.809999465942383,4751800,0.0,0.0,-0.009478689170367649
2014-05-16,18.829999923706055,19.09000015258789,18.549999237060547,19.09000015258789,2912700,0.0,0.0,0.014885736023144469
2014-05-19,18.950000762939453,19.479999542236328,18.799999237060547,19.43000030517578,2447700,0.0,0.0,0.01781037977319233
2014-05-20,19.399999618530273,19.56999969482422,19.1200008392334,19.510000228881836,1822200,0.0,0.0,0.004117340321643903
2014-05-21,19.56999969482422,19.639999389648438,19.079999923706055,19.219999313354492,2683800,0.0,0.0,-0.014864218971050391
2014-05-22,19.15999984741211,19.219999313354492,18.790000915527344,18.860000610351562,2452500,0.0,0.0,-0.018730422261399093
2014-05-23,18.829999923706055,19.68000030517578,18.81999969482422,19.649999618530273,2031400,0.0,0.0,0.04188753884478191
2014-05-27,19.719999313354492,20.1299991607666,19.719999313354492,20.049999237060547,1531300,0.0,0.0,0.02035621507865404
2014-05-28,19.989999771118164,20.229999542236328,19.940000534057617,20.010000228881836,1470300,0.0,0.0,-0.0019949630773440363
2014-05-29,20.09000015258789,20.31999969482422,19.860000610351562,20.200000762939453,1070200,0.0,0.0,0.009495278954738673
2014-05-30,20.1299991607666,20.649999618530273,20.079999923706055,20.6299991607666,2081300,0.0,0.0,0.021287048593387148
2014-06-02,20.600000381469727,20.6299991607666,19.350000381469727,19.510000228881836,3840200,0.0,0.0,-0.054289819556306074
2014-06-03,19.350000381469727,19.600000381469727,19.25,19.469999313354492,2672100,0.0,0.0,-0.002050277552950952
2014-06-04,19.309999465942383,19.860000610351562,19.309999465942383,19.59000015258789,1042500,0.0,0.0,0.006163371518512983
2014-06-05,19.530000686645508,19.850000381469727,19.309999465942383,19.670000076293945,1026100,0.0,0.0,0.004083712255381844
2014-06-06,19.75,19.81999969482422,19.510000228881836,19.549999237060547,1027400,0.0,0.0,-0.006100703546921826
2014-06-09,19.469999313354492,19.920000076293945,19.43000030517578,19.790000915527344,1163600,0.0,0.0,0.012276301167921888
2014-06-10,19.889999389648438,20.639999389648438,19.889999389648438,20.239999771118164,3395500,0.0,0.0,0.022738698068363927
2014-06-11,20.100000381469727,20.239999771118164,19.81999969482422,20.18000030517578,1416000,0.0,0.0,-0.0029644005247470018
2014-06-12,20.110000610351562,20.34000015258789,19.770000457763672,19.850000381469727,1894200,0.0,0.0,-0.0163528205508211
2014-06-13,19.899999618530273,20.489999771118164,19.829999923706055,20.450000762939453,1210500,0.0,0.0,0.03022671888862205
2014-06-16,20.389999389648438,20.729999542236328,20.170000076293945,20.6299991607666,1507900,0.0,0.0,0.008801877315982809
2014-06-17,20.780000686645508,21.450000762939453,20.6200008392334,21.079999923706055,2718900,0.0,0.0,0.021812931713310446
2014-06-18,21.06999969482422,21.329999923706055,21.010000228881836,21.219999313354492,1093800,0.0,0.0,0.006641337293886718
2014-06-19,21.31999969482422,21.540000915527344,21.040000915527344,21.459999084472656,1544600,0.0,0.0,0.011310074405474824
2014-06-20,21.5,21.520000457763672,21.239999771118164,21.450000762939453,1585400,0.0,0.0,-0.0004659050307432855
2014-06-23,21.420000076293945,21.540000915527344,21.170000076293945,21.520000457763672,1370600,0.0,0.0,0.003263388920021093
2014-06-24,21.420000076293945,21.709999084472656,21.239999771118164,21.280000686645508,2001000,0.0,0.0,-0.011152405483875416
2014-06-25,21.1299991607666,21.739999771118164,20.950000762939453,21.649999618530273,1421800,0.0,0.0,0.017387167290692895
2014-06-26,22.030000686645508,22.030000686645508,21.520000457763672,21.770000457763672,1329100,0.0,0.0,0.005542764034540237
2014-06-27,21.579999923706055,22.399999618530273,21.40999984741211,22.3799991607666,4910300,0.0,0.0,0.028020151133501203
2014-06-30,22.43000030517578,22.469999313354492,22.15999984741211,22.239999771118164,2723700,0.0,0.0,-0.0062555583064481945
2014-07-01,22.190000534057617,22.75,21.799999237060547,22.719999313354492,3035200,0.0,0.0,0.021582713452168223
2014-07-02,22.709999084472656,22.90999984741211,22.600000381469727,22.65999984741211,1913400,0.0,0.0,-0.002640821644176561
2014-07-03,22.75,22.899999618530273,22.649999618530273,22.770000457763672,663400,0.0,0.0,0.004854395899924313
2014-07-07,22.790000915527344,22.84000015258789,22.450000762939453,22.479999542236328,1108900,0.0,0.0,-0.01273609616588589
2014-07-08,22.489999771118164,22.489999771118164,21.969999313354492,22.149999618530273,1439800,0.0,0.0,-0.014679712207557594
2014-07-09,22.239999771118164,22.469999313354492,22.15999984741211,22.350000381469727,1442700,0.0,0.0,0.009029379972184559
2014-07-10,21.969999313354492,22.469999313354492,21.969999313354492,22.290000915527344,1169100,0.0,0.0,-0.002684539817374154
2014-07-11,22.260000228881836,22.510000228881836,22.200000762939453,22.290000915527344,774700,0.0,0.0,0.0
2014-07-14,22.420000076293945,22.6200008392334,22.290000915527344,22.420000076293945,846800,0.0,0.0,0.005832173863933976
2014-07-15,22.389999389648438,22.530000686645508,22.06999969482422,22.31999969482422,1057400,0.0,0.0,-0.004460320300153087
2014-07-16,22.600000381469727,22.81999969482422,22.290000915527344,22.479999542236328,2821300,0.0,0.0,0.00716845204299954
2014-07-17,22.40999984741211,22.65999984741211,22.049999237060547,22.09000015258789,915600,0.0,0.0,-0.017348727650803197
2014-07-18,22.059999465942383,23.260000228881836,22.059999465942383,23.219999313354492,1788700,0.0,0.0,0.05115433014762649
2014-07-21,23.149999618530273,23.329999923706055,22.889999389648438,23.219999313354492,1630600,0.0,0.0,0.0
2014-07-22,23.309999465942383,23.479999542236328,23.219999313354492,23.350000381469727,892100,0.0,0.0,0.005598668043046207
2014-07-23,23.34000015258789,23.43000030517578,22.93000030517578,22.950000762939453,829100,0.0,0.0,-0.0171306043681142
2014-07-24,23.100000381469727,23.34000015258789,23.079999923706055,23.299999237060547,758800,0.0,0.0,0.015250477668230955
2014-07-25,23.3700008392334,23.510000228881836,23.040000915527344,23.510000228881836,1074100,0.0,0.0,0.009012918399038616
2014-07-28,23.559999465942383,23.670000076293945,23.1299991607666,23.450000762939453,1567800,0.0,0.0,-0.002552082745991391
2014-07-29,23.450000762939453,23.549999237060547,23.010000228881836,23.06999969482422,1406100,0.0,0.0,-0.016204735852963892
2014-07-30,23.280000686645508,23.31999969482422,22.969999313354492,23.040000915527344,909700,0.0,0.0,-0.0013003372212270214
2014-07-31,22.90999984741211,23.149999618530273,22.3700008392334,22.3799991607666,1075200,0.0,0.0,-0.028645908356537797
2014-08-01,22.399999618530273,22.479999542236328,21.760000228881836,22.389999389648438,1487500,0.0,0.0,0.0004468377684019309
2014-08-04,22.389999389648438,22.850000381469727,22.25,22.34000015258789,1375400,0.0,0.0,-0.0022331057804165777
2014-08-05,22.360000610351562,22.709999084472656,21.940000534057617,21.969999313354492,2073900,0.0,0.0,-0.016562257686042914
2014-08-06,21.530000686645508,21.75,20.399999618530273,20.56999969482422,5168800,0.0,0.0,-0.06372324361791315
2014-08-07,20.6299991607666,20.790000915527344,20.40999984741211,20.510000228881836,1693500,0.0,0.0,-0.0029168433073666344
2014-08-08,20.489999771118164,20.959999084472656,20.40999984741211,20.899999618530273,1256400,0.0,0.0,0.019015084607324706
2014-08-11,21.0,21.25,20.850000381469727,20.950000762939453,1585000,0.0,0.0,0.002392399297694192
2014-08-12,20.959999084472656,21.309999465942383,20.8799991607666,21.15999984741211,1710500,0.0,0.0,0.010023822282820394
2014-08-13,21.299999237060547,21.65999984741211,21.200000762939453,21.649999618530273,1550100,0.0,0.0,0.023156889161229932
2014-08-14,21.540000915527344,22.09000015258789,21.510000228881836,22.06999969482422,1902200,0.0,0.0,0.019399541972022316
2014-08-15,22.270000457763672,22.270000457763672,21.670000076293945,21.700000762939453,2751100,0.0,0.0,-0.01676479098327932
2014-08-18,21.920000076293945,22.200000762939453,21.90999984741211,22.0,831700,0.0,0.0,0.013824849148065699
2014-08-19,22.049999237060547,22.309999465942383,21.989999771118164,22.149999618530273,591300,0.0,0.0,0.006818164478648692
2014-08-20,22.020000457763672,22.149999618530273,21.809999465942383,22.079999923706055,842900,0.0,0.0,-0.0031602571570997773
2014-08-21,22.3700008392334,22.489999771118164,22.010000228881836,22.420000076293945,1403300,0.0,0.0,0.015398557688528491
2014-08-22,22.3799991607666,22.440000534057617,22.059999465942383,22.329999923706055,1115000,0.0,0.0,-0.004014279762784345
2014-08-25,22.5,22.610000610351562,22.030000686645508,22.059999465942383,927600,0.0,0.0,-0.012091377460195729
2014-08-26,22.149999618530273,22.43000030517578,22.010000228881836,22.309999465942383,980300,0.0,0.0,0.011332729195481894
2014-08-27,22.299999237060547,22.739999771118164,22.25,22.700000762939453,1277300,0.0,0.0,0.017481008800221298
2014-08-28,22.579999923706055,22.579999923706055,22.260000228881836,22.459999084472656,893300,0.0,0.0,-0.01057276081059122
2014-08-29,22.510000228881836,23.65999984741211,22.510000228881836,23.510000228881836,5526600,0.0,0.0,0.04674983024086954
2014-09-02,23.6200008392334,23.920000076293945,23.219999313354492,23.65999984741211,2288300,0.0,0.0,0.006380247429602415
2014-09-03,23.850000381469727,23.8799991607666,23.350000381469727,23.469999313354492,1711200,0.0,0.0,-0.008030453731317277
2014-09-04,23.40999984741211,23.709999084472656,23.209999084472656,23.25,1952800,0.0,0.0,-0.00937363953092718
2014-09-05,23.0,23.399999618530273,22.690000534057617,23.389999389648438,1417000,0.0,0.0,0.006021479124663998
2014-09-08,23.270000457763672,23.549999237060547,23.139999389648438,23.360000610351562,1632200,0.0,0.0,-0.0012825472458178888
2014-09-09,23.280000686645508,23.479999542236328,23.1299991607666,23.219999313354492,1326500,0.0,0.0,-0.005993206050475486
2014-09-10,23.270000457763672,23.549999237060547,22.8799991607666,23.540000915527344,1163900,0.0,0.0,0.013781292490771424
2014-09-11,23.479999542236328,24.280000686645508,23.389999389648438,24.190000534057617,1697600,0.0,0.0,0.027612557062456355
2014-09-12,24.200000762939453,24.200000762939453,23.3799991607666,23.530000686645508,1220300,0.0,0.0,-0.027283994743318885
2014-09-15,23.540000915527344,23.709999084472656,23.0,23.1299991607666,1211800,0.0,0.0,-0.016999639362778596
2014-09-16,22.979999542236328,23.329999923706055,22.729999542236328,23.049999237060547,1106700,0.0,0.0,-0.0034587084569268622
2014-09-17,23.059999465942383,23.420000076293945,22.829999923706055,22.989999771118164,1365800,0.0,0.0,-0.0026030137929858865
2014-09-18,23.040000915527344,23.559999465942383,22.90999984741211,23.520000457763672,936100,0.0,0.0,0.023053531619053658
2014-09-19,23.729999542236328,23.90999984741211,23.56999969482422,23.709999084472656,2978300,0.0,0.0,0.008078172747070234
2014-09-22,23.389999389648438,23.75,23.389999389648438,23.579999923706055,1402500,0.0,0.0,-0.005482883415703577
2014-09-23,23.389999389648438,23.719999313354492,23.149999618530273,23.149999618530273,1415500,0.0,0.0,-0.01823580604610109
2014-09-24,23.229999542236328,23.6200008392334,22.850000381469727,23.479999542236328,1552100,0.0,0.0,0.014254856550490302
2014-09-25,23.399999618530273,23.489999771118164,23.020000457763672,23.100000381469727,1024300,0.0,0.0,-0.016183950944421932
2014-09-26,23.440000534057617,23.540000915527344,23.100000381469727,23.420000076293945,763200,0.0,0.0,0.013852800412978095
2014-09-29,23.149999618530273,23.540000915527344,23.139999389648438,23.34000015258789,1001500,0.0,0.0,-0.0034158805911803647
2014-09-30,23.3700008392334,23.520000457763672,23.030000686645508,23.06999969482422,1320100,0.0,0.0,-0.011568142930527547
2014-10-01,22.989999771118164,23.049999237060547,21.850000381469727,22.399999618530273,1859200,0.0,0.0,-0.029042049638356104
2014-10-02,22.440000534057617,22.59000015258789,21.850000381469727,22.3700008392334,1293300,0.0,0.0,-0.0013392312414174379
2014-10-03,22.6200008392334,23.040000915527344,22.3700008392334,22.860000610351562,899600,0.0,0.0,0.02190432511110063
2014-10-06,22.979999542236328,23.06999969482422,22.639999389648438,22.899999618530273,828800,0.0,0.0,0.0017497378438651179
2014-10-07,22.809999465942383,22.8700008392334,22.020000457763672,22.100000381469727,2809300,0.0,0.0,-0.03493446508240117
2014-10-08,22.1200008392334,22.5,21.5,22.440000534057617,1911400,0.0,0.0,0.015384622023489669
2014-10-09,22.40999984741211,22.56999969482422,21.979999542236328,21.989999771118164,1143800,0.0,0.0,-0.020053509457652607
2014-10-10,21.84000015258789,21.989999771118164,21.3799991607666,21.639999389648438,2408200,0.0,0.0,-0.015916343115629283
2014-10-13,21.649999618530273,21.81999969482422,20.690000534057617,20.719999313354492,1735800,0.0,0.0,-0.042513867940958905
2014-10-14,21.0,21.420000076293945,20.75,20.829999923706055,1766400,0.0,0.0,0.005308909941935447
2014-10-15,20.510000228881836,21.329999923706055,20.1299991607666,21.190000534057617,1749200,0.0,0.0,0.017282794607303753
2014-10-16,20.90999984741211,21.899999618530273,20.639999389648438,21.489999771118164,1218500,0.0,0.0,0.014157585158073749
2014-10-17,21.860000610351562,22.209999084472656,21.329999923706055,21.520000457763672,1074400,0.0,0.0,0.0013960301053994595
2014-10-20,21.459999084472656,21.889999389648438,21.31999969482422,21.799999237060547,1229800,0.0,0.0,0.013011095415467855
2014-10-21,21.889999389648438,22.3700008392334,21.799999237060547,22.329999923706055,1287200,0.0,0.0,0.024311958953856072
2014-10-22,22.420000076293945,22.68000030517578,21.93000030517578,22.010000228881836,1278700,0.0,0.0,-0.01433048347145316
2014-10-23,22.200000762939453,22.700000762939453,22.200000762939453,22.559999465942383,799900,0.0,0.0,0.0249886066034124
2014-10-24,22.559999465942383,22.719999313354492,22.25,22.420000076293945,1009200,0.0,0.0,-0.006205646851179525
2014-10-27,22.3700008392334,22.469999313354492,21.979999542236328,22.110000610351562,956500,0.0,0.0,-0.013826916364294006
2014-10-28,22.190000534057617,23.110000610351562,22.170000076293945,23.110000610351562,1850600,0.0,0.0,0.045228402188818295
2014-10-29,23.170000076293945,23.360000610351562,22.700000762939453,22.799999237060547,1726800,0.0,0.0,-0.013414165517250498
2014-10-30,24.5,25.479999542236328,23.719999313354492,25.270000457763672,6255400,0.0,0.0,0.10833339049802371
2014-10-31,25.520000457763672,26.700000762939453,25.510000228881836,26.450000762939453,4083000,0.0,0.0,0.04669569781559901
2014-11-03,26.559999465942383,26.799999237060547,25.809999465942383,25.829999923706055,3328900,0.0,0.0,-0.023440484739120193
2014-11-04,25.809999465942383,26.25,25.739999771118164,25.920000076293945,2307200,0.0,0.0,0.0034843264751731606
2014-11-05,26.18000030517578,26.399999618530273,25.799999237060547,26.06999969482422,1525400,0.0,0.0,0.005787022302807143
2014-11-06,25.959999084472656,26.399999618530273,25.860000610351562,26.1200008392334,1524600,0.0,0.0,0.0019179572303220649
2014-11-07,26.020000457763672,26.209999084472656,25.559999465942383,26.15999984741211,1551100,0.0,0.0,0.0015313555472260543
2014-11-10,26.190000534057617,26.399999618530273,25.940000534057617,26.100000381469727,1400400,0.0,0.0,-0.002293557579982841
2014-11-11,26.100000381469727,26.31999969482422,25.950000762939453,26.110000610351562,1077100,0.0,0.0,0.0003831505262710255
2014-11-12,25.959999084472656,26.34000015258789,25.799999237060547,26.31999969482422,703400,0.0,0.0,0.008042860190106582
2014-11-13,26.290000915527344,26.34000015258789,25.559999465942383,25.75,1551500,0.0,0.0,-0.021656523610686373
2014-11-14,25.760000228881836,26.399999618530273,25.760000228881836,26.389999389648438,1364900,0.0,0.0,0.02485434522906549
2014-11-17,26.31999969482422,26.81999969482422,26.25,26.420000076293945,1947000,0.0,0.0,0.0011368202856902876
2014-11-18,26.440000534057617,27.190000534057617,26.309999465942383,27.030000686645508,1491200,0.0,0.0,0.023088592300910094
2014-11-19,27.059999465942383,27.139999389648438,26.40999984741211,26.84000015258789,1172700,0.0,0.0,-0.007029246364447572
2014-11-20,26.700000762939453,27.100000381469727,26.559999465942383,26.940000534057617,918700,0.0,0.0,0.0037257966058574787
2014-11-21,27.420000076293945,27.459999084472656,26.690000534057617,26.889999389648438,1181600,0.0,0.0,-0.00185601868663543
2014-11-24,27.020000457763672,27.790000915527344,26.93000030517578,27.709999084472656,1756800,0.0,0.0,0.03049459700396584
2014-11-25,27.75,28.020000457763672,27.6299991607666,27.8799991607666,1564600,0.0,0.0,0.006134972281150564
2014-11-26,27.940000534057617,28.200000762939453,27.649999618530273,28.15999984741211,842600,0.0,0.0,0.010043066537804402
2014-11-28,28.139999389648438,28.139999389648438,27.25,27.65999984741211,1093900,0.0,0.0,-0.017755681914392807
2014-12-01,27.489999771118164,27.579999923706055,26.6299991607666,26.700000762939453,1279400,0.0,0.0,-0.03470712544354826
2014-12-02,26.959999084472656,27.5,26.700000762939453,27.040000915527344,1312300,0.0,0.0,0.01273408774803575
2014-12-03,27.059999465942383,28.209999084472656,27.059999465942383,28.110000610351562,1186200,0.0,0.0,0.03957099329126823
2014-12-04,27.90999984741211,28.209999084472656,27.5,27.940000534057617,952900,0.0,0.0,-0.006047672451182429
2014-12-05,27.950000762939453,28.260000228881836,27.610000610351562,27.809999465942383,714900,0.0,0.0,-0.004652865627427949
2014-12-08,27.75,27.75,26.100000381469727,26.559999465942383,2595400,0.0,0.0,-0.04494786134501072
2014-12-09,26.15999984741211,27.18000030517578,25.850000381469727,27.110000610351562,1355500,0.0,0.0,0.020707874829381634
2014-12-10,26.989999771118164,27.25,26.399999618530273,26.549999237060547,1013800,0.0,0.0,-0.020656634477432934
2014-12-11,26.729999542236328,27.399999618530273,26.329999923706055,27.06999969482422,846300,0.0,0.0,0.019585705186681013
2014-12-12,26.8700008392334,28.459999084472656,26.8700008392334,28.139999389648438,2552100,0.0,0.0,0.03952714100062593
2014-12-15,28.200000762939453,28.540000915527344,27.56999969482422,28.1200008392334,1694900,0.0,0.0,-0.0007106805561053475
2014-12-16,28.06999969482422,28.079999923706055,27.040000915527344,27.049999237060547,2133900,0.0,0.0,-0.03805126494448641
2014-12-17,27.15999984741211,27.709999084472656,26.8700008392334,27.59000015258789,2097400,0.0,0.0,0.019963065832087068
2014-12-18,28.010000228881836,28.469999313354492,27.829999923706055,28.420000076293945,1170500,0.0,0.0,0.03008336060586081
2014-12-19,28.549999237060547,28.790000915527344,28.09000015258789,28.1299991607666,3419800,0.0,0.0,-0.010204113819452187
2014-12-22,28.389999389648438,28.829999923706055,28.25,28.559999465942383,1012700,0.0,0.0,0.01528618265213133
2014-12-23,28.719999313354492,28.899999618530273,28.360000610351562,28.420000076293945,836000,0.0,0.0,-0.00490193950512452
2014-12-24,28.459999084472656,28.790000915527344,28.31999969482422,28.600000381469727,471400,0.0,0.0,0.00633357863098416
2014-12-26,28.6299991607666,29.100000381469727,28.510000228881836,28.989999771118164,433400,0.0,0.0,0.013636342113517053
2014-12-29,28.889999389648438,28.889999389648438,28.5,28.709999084472656,692600,0.0,0.0,-0.009658526693900327
2014-12-30,28.59000015258789,28.899999618530273,28.31999969482422,28.389999389648438,631000,0.0,0.0,-0.011145931906256457
2014-12-31,28.440000534057617,28.549999237060547,28.0,28.030000686645508,863200,0.0,0.0,-0.012680475897938637
2015-01-02,28.200000762939453,28.440000534057617,27.549999237060547,28.100000381469727,826900,0.0,0.0,0.0024973133467516284
2015-01-05,28.670000076293945,28.8799991607666,27.459999084472656,27.6200008392334,1038300,0.0,0.0,-0.017081834011392405
2015-01-06,28.149999618530273,28.440000534057617,27.520000457763672,27.93000030517578,1595600,0.0,0.0,0.01122373122820619
2015-01-07,28.139999389648438,28.459999084472656,27.709999084472656,28.100000381469727,1380500,0.0,0.0,0.006086647849496973
2015-01-08,28.309999465942383,28.780000686645508,28.149999618530273,28.459999084472656,2626100,0.0,0.0,0.012811341569956891
2015-01-09,28.5,28.6200008392334,27.780000686645508,27.8700008392334,1186500,0.0,0.0,-0.020730789326031673
2015-01-12,28.030000686645508,28.100000381469727,27.229999542236328,27.8700008392334,1409200,0.0,0.0,0.0
2015-01-13,27.989999771118164,28.540000915527344,27.309999465942383,27.690000534057617,1338500,0.0,0.0,-0.006458568344296145
2015-01-14,27.43000030517578,27.940000534057617,27.270000457763672,27.84000015258789,837800,0.0,0.0,0.005417104212250834
2015-01-15,27.81999969482422,27.950000762939453,27.329999923706055,27.700000762939453,1171800,0.0,0.0,-0.005028713681074604
2015-01-16,27.780000686645508,29.280000686645508,27.540000915527344,29.209999084472656,1524800,0.0,0.0,0.05451257328315551
2015-01-20,29.549999237060547,29.549999237060547,28.600000381469727,29.040000915527344,882000,0.0,0.0,-0.00581986217985464
2015-01-21,29.100000381469727,29.600000381469727,28.799999237060547,29.209999084472656,1722800,0.0,0.0,0.005853931252957301
2015-01-22,29.459999084472656,29.920000076293945,28.979999542236328,29.709999084472656,1237800,0.0,0.0,0.01711742607570943
2015-01-23,29.709999084472656,29.93000030517578,29.329999923706055,29.860000610351562,680400,0.0,0.0,0.005048856630806897
2015-01-26,29.90999984741211,30.709999084472656,29.809999465942383,30.5,1141900,0.0,0.0,0.02143333478119791
2015-01-27,30.040000915527344,30.049999237060547,29.110000610351562,29.670000076293945,1809600,0.0,0.0,-0.027213112252657545
2015-01-28,30.239999771118164,30.799999237060547,29.8700008392334,29.889999389648438,2112000,0.0,0.0,0.007414874040740926
2015-01-29,29.979999542236328,30.149999618530273,29.40999984741211,30.09000015258789,1605400,0.0,0.0,0.006691226732132849
2015-01-30,29.90999984741211,30.149999618530273,29.309999465942383,29.719999313354492,1152400,0.0,0.0,-0.01229647182974758
2015-02-02,29.770000457763672,30.06999969482422,29.079999923706055,29.989999771118164,1717100,0.0,0.0,0.009084806998711725
2015-02-03,30.219999313354492,30.639999389648438,29.389999389648438,29.84000015258789,3368700,0.0,0.0,-0.005001654540682243
2015-02-04,29.760000228881836,30.530000686645508,28.690000534057617,28.969999313354492,6055100,0.0,0.0,-0.02915552395390808
2015-02-05,29.299999237060547,29.530000686645508,28.40999984741211,28.770000457763672,2972100,0.0,0.0,-0.006903654136388826
2015-02-06,28.84000015258789,29.270000457763672,28.559999465942383,28.790000915527344,1794500,0.0,0.0,0.0006951844784650607
2015-02-09,28.760000228881836,29.06999969482422,28.040000915527344,28.31999969482422,2813900,0.0,0.0,-0.016325154767523387
2015-02-10,28.549999237060547,28.65999984741211,27.549999237060547,27.790000915527344,3043600,0.0,0.0,-0.018714646363281462
2015-02-11,27.68000030517578,28.100000381469727,27.239999771118164,27.31999969482422,3112400,0.0,0.0,-0.01691260184307941
2015-02-12,27.329999923706055,27.6200008392334,27.190000534057617,27.440000534057617,2649900,0.0,0.0,0.004392417297725437
2015-02-13,27.5,28.420000076293945,27.440000534057617,28.399999618530273,2131500,0.0,0.0,0.03498538869491408
2015-02-17,28.209999084472656,28.479999542236328,28.09000015258789,28.1299991607666,2826700,0.0,0.0,-0.009507058499659382
2015-02-18,28.100000381469727,28.309999465942383,27.549999237060547,28.15999984741211,2239900,0.0,0.0,0.001066501512284157
2015-02-19,28.020000457763672,28.18000030517578,26.889999389648438,26.959999084472656,3002800,0.0,0.0,-0.04261366368756325
2015-02-20,26.860000610351562,27.059999465942383,26.530000686645508,27.010000228881836,2919600,0.0,0.0,0.0018546419179212847
2015-02-23,27.0,27.059999465942383,26.719999313354492,27.0,1219100,0.0,0.0,-0.0003702417177746664
2015-02-24,27.020000457763672,27.309999465942383,26.84000015258789,26.989999771118164,1605800,0.0,0.0,-0.0003703788474753722
2015-02-25,27.040000915527344,27.239999771118164,26.600000381469727,26.700000762939453,1800200,0.0,0.0,-0.010744683610150907
2015-02-26,26.65999984741211,27.170000076293945,26.459999084472656,26.540000915527344,1856300,0.0,0.0,-0.005992503477160738
2015-02-27,26.459999084472656,26.799999237060547,26.40999984741211,26.489999771118164,1548500,0.0,0.0,-0.0018839918117684595
2015-03-02,26.43000030517578,26.440000534057617,25.719999313354492,26.059999465942383,3073700,0.0,0.0,-0.01623255224202025
2015-03-03,25.889999389648438,26.100000381469727,25.1200008392334,25.209999084472656,3620600,0.0,0.0,-0.032617052912091826
2015-03-04,25.209999084472656,25.489999771118164,25.0,25.049999237060547,1998800,0.0,0.0,-0.006346682000105908
2015-03-05,25.200000762939453,25.299999237060547,24.850000381469727,25.209999084472656,1931700,0.0,0.0,0.006387219652102649
2015-03-06,25.020000457763672,25.190000534057617,24.739999771118164,24.809999465942383,1562300,0.0,0.0,-0.01586670500026477
2015-03-09,24.8700008392334,24.959999084472656,24.56999969482422,24.81999969482422,1926500,0.0,0.0,0.0004030725149979375
2015-03-10,24.649999618530273,24.84000015258789,24.25,24.329999923706055,2635300,0.0,0.0,-0.019742134453786697
2015-03-11,24.239999771118164,24.940000534057617,24.190000534057617,24.420000076293945,3220000,0.0,0.0,0.0036991431512582995
2015-03-12,24.639999389648438,24.75,24.229999542236328,24.469999313354492,2267000,0.0,0.0,0.002047470798703488
2015-03-13,24.65999984741211,25.510000228881836,24.479999542236328,25.43000030517578,3341000,0.0,0.0,0.03923175393378009
2015-03-16,25.530000686645508,26.0,25.489999771118164,25.829999923706055,2948500,0.0,0.0,0.015729438211955493
2015-03-17,25.729999542236328,25.829999923706055,25.270000457763672,25.440000534057617,2205500,0.0,0.0,-0.01509869883083148
2015-03-18,25.43000030517578,25.850000381469727,25.190000534057617,25.670000076293945,1408000,0.0,0.0,0.009040862319496412
2015-03-19,25.520000457763672,25.90999984741211,25.510000228881836,25.719999313354492,986400,0.0,0.0,0.0019477692603016017
2015-03-20,25.770000457763672,25.90999984741211,25.579999923706055,25.68000030517578,1431900,0.0,0.0,-0.0015551714326035304
2015-03-23,25.639999389648438,26.209999084472656,25.639999389648438,25.68000030517578,1184200,0.0,0.0,0.0
2015-03-24,25.700000762939453,25.93000030517578,25.469999313354492,25.579999923706055,1365400,0.0,0.0,-0.0038940958053482744
2015-03-25,25.860000610351562,26.059999465942383,24.969999313354492,25.020000457763672,1239400,0.0,0.0,-0.021892082392987344
2015-03-26,24.81999969482422,25.049999237060547,24.610000610351562,24.739999771118164,1239700,0.0,0.0,-0.01119107440138456
2015-03-27,24.729999542236328,25.270000457763672,24.729999542236328,25.260000228881836,665800,0.0,0.0,0.021018612068490317
2015-03-30,25.280000686645508,25.610000610351562,25.079999923706055,25.209999084472656,1172900,0.0,0.0,-0.0019794593806855554
2015-03-31,25.110000610351562,25.520000457763672,24.790000915527344,25.459999084472656,2060700,0.0,0.0,0.009916700082467589
2015-04-01,25.40999984741211,25.40999984741211,24.729999542236328,24.81999969482422,1391700,0.0,0.0,-0.025137447472995178
2015-04-02,24.81999969482422,25.100000381469727,24.65999984741211,25.0,1444400,0.0,0.0,0.007252228339604594
2015-04-06,24.850000381469727,25.329999923706055,24.610000610351562,24.8799991607666,1226300,0.0,0.0,-0.004800033569335893
2015-04-07,24.950000762939453,25.420000076293945,24.8799991607666,25.139999389648438,1336700,0.0,0.0,0.010450170323632157
2015-04-08,25.190000534057617,25.510000228881836,25.1299991607666,25.420000076293945,1329900,0.0,0.0,0.011137656859323553
2015-04-09,25.350000381469727,25.540000915527344,24.719999313354492,24.81999969482422,2218800,0.0,0.0,-0.023603476776904997
2015-04-10,24.8799991607666,25.280000686645508,24.8799991607666,25.270000457763672,1214900,0.0,0.0,0.018130570849011374
2015-04-13,25.270000457763672,25.3700008392334,24.729999542236328,24.739999771118164,1425500,0.0,0.0,-0.020973513139873168
2015-04-14,24.739999771118164,25.18000030517578,24.739999771118164,24.93000030517578,896000,0.0,0.0,0.007679892312667969
2015-04-15,25.010000228881836,25.170000076293945,24.850000381469727,25.030000686645508,1349700,0.0,0.0,0.00401124670058528
2015-04-16,25.040000915527344,25.239999771118164,24.899999618530273,25.030000686645508,1109300,0.0,0.0,0.0
2015-04-17,24.780000686645508,24.850000381469727,24.649999618530273,24.719999313354492,1012300,0.0,0.0,-0.012385192360638397
2015-04-20,24.799999237060547,24.969999313354492,24.65999984741211,24.75,1331100,0.0,0.0,0.0012136200436421163
2015-04-21,24.860000610351562,25.049999237060547,24.649999618530273,24.850000381469727,1484700,0.0,0.0,0.004040419453322341
2015-04-22,24.860000610351562,25.06999969482422,24.65999984741211,25.020000457763672,1117300,0.0,0.0,0.0068410492428285785
2015-04-23,25.0,25.149999618530273,24.8700008392334,25.100000381469727,671400,0.0,0.0,0.0031974389385445168
2015-04-24,25.139999389648438,25.280000686645508,24.93000030517578,25.079999923706055,873300,0.0,0.0,-0.0007968309744902369
2015-04-27,25.239999771118164,25.3700008392334,24.969999313354492,25.020000457763672,892900,0.0,0.0,-0.002392323210721803
2015-04-28,24.950000762939453,25.079999923706055,24.520000457763672,24.639999389648438,1138200,0.0,0.0,-0.01518789213280447
2015-04-29,24.520000457763672,24.760000228881836,24.229999542236328,24.389999389648438,2528400,0.0,0.0,-0.010146104147430668
2015-04-30,24.309999465942383,24.329999923706055,23.299999237060547,23.700000762939453,4003800,0.0,0.0,-0.02829022730528774
2015-05-01,23.68000030517578,24.399999618530273,23.56999969482422,24.360000610351562,1779100,0.0,0.0,0.02784809393104215
2015-05-04,24.309999465942383,24.549999237060547,24.25,24.450000762939453,1360200,0.0,0.0,0.003694587452089282
2015-05-05,24.40999984741211,24.510000228881836,24.010000228881836,24.06999969482422,1958200,0.0,0.0,-0.015541965491110643
2015-05-06,24.280000686645508,24.450000762939453,24.010000228881836,24.1200008392334,2039600,0.0,0.0,0.0020773221870846736
2015-05-07,24.1299991607666,24.399999618530273,24.030000686645508,24.329999923706055,859400,0.0,0.0,0.008706429401572624
2015-05-08,24.559999465942383,25.170000076293945,24.350000381469727,25.059999465942383,1950200,0.0,0.0,0.030004091431379276
2015-05-11,24.979999542236328,25.209999084472656,24.770000457763672,25.110000610351562,1965500,0.0,0.0,0.0019952572017063464
2015-05-12,24.8799991607666,25.079999923706055,24.579999923706055,24.90999984741211,2000600,0.0,0.0,-0.007964984391796603
2015-05-13,24.549999237060547,24.93000030517578,24.450000762939453,24.760000228881836,1533500,0.0,0.0,-0.006021662763914359
2015-05-14,24.899999618530273,25.020000457763672,24.559999465942383,24.770000457763672,1623300,0.0,0.0,0.00040388646160716135
2015-05-15,24.829999923706055,24.84000015258789,24.579999923706055,24.690000534057617,2550600,0.0,0.0,-0.0032297102231574337
2015-05-18,24.549999237060547,24.84000015258789,24.139999389648438,24.200000762939453,4636800,0.0,0.0,-0.01984608183552905
2015-05-19,26.739999771118164,28.719999313354492,26.700000762939453,28.6200008392334,16709000,0.0,0.0,0.182644625493684
2015-05-20,28.34000015258789,28.34000015258789,27.309999465942383,27.649999618530273,5331900,0.0,0.0,-0.03389242460724917
2015-05-21,27.760000228881836,27.969999313354492,27.489999771118164,27.6299991607666,1863300,0.0,0.0,-0.0007233438712335172
2015-05-22,27.530000686645508,27.59000015258789,27.200000762939453,27.260000228881836,2599300,0.0,0.0,-0.013391203153207076
2015-05-26,27.100000381469727,27.559999465942383,27.0,27.549999237060547,2425400,0.0,0.0,0.010638261399259274
2015-05-27,27.600000381469727,28.079999923706055,27.43000030517578,27.989999771118164,1995800,0.0,0.0,0.01597098171479172
2015-05-28,27.899999618530273,27.959999084472656,27.600000381469727,27.65999984741211,1783800,0.0,0.0,-0.011789922343856896
2015-05-29,27.600000381469727,27.799999237060547,27.350000381469727,27.3700008392334,1986100,0.0,0.0,-0.010484418285557018
2015-06-01,27.3799991607666,27.479999542236328,26.850000381469727,27.280000686645508,2364700,0.0,0.0,-0.003288277304649534
2015-06-02,26.969999313354492,27.889999389648438,26.969999313354492,27.549999237060547,2895600,0.0,0.0,0.00989730731741556
2015-06-03,27.940000534057617,28.489999771118164,27.809999465942383,28.270000457763672,3781500,0.0,0.0,0.026134346302796763
2015-06-04,28.079999923706055,28.280000686645508,27.850000381469727,28.0,1349400,0.0,0.0,-0.009550776561431662
2015-06-05,27.940000534057617,28.219999313354492,27.829999923706055,28.190000534057617,1053000,0.0,0.0,0.006785733359200519
2015-06-08,27.979999542236328,28.09000015258789,27.700000762939453,27.950000762939453,1397500,0.0,0.0,-0.00851364904474583
2015-06-09,27.950000762939453,28.1299991607666,27.709999084472656,28.079999923706055,1990900,0.0,0.0,0.004651132637498057
2015-06-10,28.110000610351562,28.360000610351562,27.959999084472656,28.200000762939453,2010400,0.0,0.0,0.004273534172344773
2015-06-11,28.110000610351562,28.6299991607666,28.079999923706055,28.489999771118164,1625800,0.0,0.0,0.010283652494074813
2015-06-12,28.219999313354492,28.5,28.18000030517578,28.280000686645508,1072800,0.0,0.0,-0.007370975295182158
2015-06-15,28.100000381469727,28.200000762939453,27.829999923706055,27.90999984741211,1120800,0.0,0.0,-0.013083480560455607
2015-06-16,27.829999923706055,27.940000534057617,27.610000610351562,27.700000762939453,1617200,0.0,0.0,-0.007524152118264071
2015-06-17,27.690000534057617,27.93000030517578,27.420000076293945,27.559999465942383,1724400,0.0,0.0,-0.0050541983083401965
2015-06-18,27.559999465942383,28.15999984741211,27.549999237060547,28.139999389648438,1502400,0.0,0.0,0.021044990382630413
2015-06-19,28.15999984741211,28.229999542236328,27.709999084472656,28.0,1455500,0.0,0.0,-0.004975102796197506
2015-06-22,28.1200008392334,28.170000076293945,27.739999771118164,27.940000534057617,1006700,0.0,0.0,-0.002142838069370767
2015-06-23,27.979999542236328,28.1200008392334,27.770000457763672,28.010000228881836,653200,0.0,0.0,0.0025053576766718155
2015-06-24,28.649999618530273,28.979999542236328,28.329999923706055,28.600000381469727,1595700,0.0,0.0,0.021063911023446735
2015-06-25,28.610000610351562,28.770000457763672,28.25,28.389999389648438,973700,0.0,0.0,-0.007342691923785782
2015-06-26,28.5,28.65999984741211,28.299999237060547,28.6200008392334,2674600,0.0,0.0,0.008101495404357895
2015-06-29,28.43000030517578,28.579999923706055,27.920000076293945,27.940000534057617,1442600,0.0,0.0,-0.02375961863158338
2015-06-30,28.09000015258789,28.209999084472656,27.510000228881836,27.56999969482422,1466500,0.0,0.0,-0.013242692632821629
2015-07-01,27.719999313354492,27.920000076293945,27.350000381469727,27.450000762939453,1699700,0.0,0.0,-0.004352518433552777
2015-07-02,27.3700008392334,27.6299991607666,27.270000457763672,27.399999618530273,1095900,0.0,0.0,-0.0018215352648254246
2015-07-06,27.260000228881836,27.579999923706055,27.110000610351562,27.459999084472656,865200,0.0,0.0,0.0021897615612302967
2015-07-07,27.510000228881836,27.719999313354492,27.059999465942383,27.610000610351562,1186300,0.0,0.0,0.005462546645302879
2015-07-08,27.40999984741211,27.59000015258789,27.010000228881836,27.25,892700,0.0,0.0,-0.013038775892550758
2015-07-09,27.549999237060547,27.899999618530273,27.510000228881836,27.739999771118164,1039600,0.0,0.0,0.017981642976813372
2015-07-10,28.0,28.329999923706055,27.790000915527344,28.260000228881836,1266700,0.0,0.0,0.018745510528268783
2015-07-13,28.5,28.850000381469727,28.440000534057617,28.850000381469727,1028700,0.0,0.0,0.020877570693892178
2015-07-14,28.950000762939453,29.350000381469727,28.709999084472656,29.329999923706055,1849800,0.0,0.0,0.01663776554209795
2015-07-15,29.260000228881836,29.510000228881836,29.18000030517578,29.360000610351562,1914000,0.0,0.0,0.001022866918634291
2015-07-16,29.399999618530273,29.989999771118164,29.290000915527344,29.950000762939453,2452500,0.0,0.0,0.020095372626793173
2015-07-17,30.020000457763672,31.31999969482422,29.93000030517578,31.139999389648438,4675600,0.0,0.0,0.03973284128197774
2015-07-20,31.170000076293945,31.540000915527344,31.0,31.350000381469727,2047500,0.0,0.0,0.006743769940184885
2015-07-21,31.040000915527344,31.56999969482422,31.020000457763672,31.260000228881836,2406500,0.0,0.0,-0.0028708182294341356
2015-07-22,31.139999389648438,31.549999237060547,31.020000457763672,31.489999771118164,1758200,0.0,0.0,0.007357630855799657
2015-07-23,31.5,31.719999313354492,31.139999389648438,31.15999984741211,1628000,0.0,0.0,-0.010479514960451741
2015-07-24,31.200000762939453,31.690000534057617,31.1200008392334,31.40999984741211,2410900,0.0,0.0,0.008023106586143358
2015-07-27,31.200000762939453,31.389999389648438,30.530000686645508,30.729999542236328,1569900,0.0,0.0,-0.021649166140693454
2015-07-28,31.049999237060547,31.549999237060547,30.81999969482422,31.520000457763672,2073700,0.0,0.0,0.025707807591781373
2015-07-29,31.309999465942383,31.639999389648438,31.209999084472656,31.43000030517578,2024000,0.0,0.0,-0.002855334748757099
2015-07-30,31.290000915527344,32.16999816894531,31.049999237060547,31.809999465942383,1222600,0.0,0.0,0.012090332710051666
2015-07-31,31.899999618530273,32.0,31.510000228881836,31.579999923706055,898200,0.0,0.0,-0.007230416413008034
2015-08-03,31.450000762939453,31.579999923706055,31.06999969482422,31.389999389648438,1043400,0.0,0.0,-0.006016483043592147
2015-08-04,31.40999984741211,31.790000915527344,31.34000015258789,31.43000030517578,1019100,0.0,0.0,0.0012743203665219749
2015-08-05,31.639999389648438,32.709999084472656,31.639999389648438,31.850000381469727,2216800,0.0,0.0,0.013363031250902768
2015-08-06,32.0,32.2599983215332,31.40999984741211,31.540000915527344,2015200,0.0,0.0,-0.00973310713436415
2015-08-07,31.389999389648438,31.489999771118164,31.09000015258789,31.459999084472656,1964300,0.0,0.0,-0.002536519617388544
2015-08-10,31.549999237060547,31.920000076293945,30.860000610351562,30.940000534057617,3733900,0.0,0.0,-0.016528880023766068
2015-08-11,29.200000762939453,31.389999389648438,29.100000381469727,30.59000015258789,4683600,0.0,0.0,-0.011312229328647172
2015-08-12,30.170000076293945,30.350000381469727,29.489999771118164,30.260000228881836,1743200,0.0,0.0,-0.010787836615232527
2015-08-13,30.40999984741211,30.510000228881836,29.989999771118164,30.139999389648438,1436700,0.0,0.0,-0.003965658900387692
2015-08-14,30.079999923706055,31.010000228881836,30.0,30.719999313354492,1404900,0.0,0.0,0.019243528050808534
2015-08-17,30.59000015258789,31.690000534057617,30.229999542236328,31.59000015258789,1993500,0.0,0.0,0.028320340451804427
2015-08-18,31.549999237060547,31.610000610351562,31.040000915527344,31.110000610351562,1605200,0.0,0.0,-0.015194667297176556
2015-08-19,31.059999465942383,31.110000610351562,30.31999969482422,30.350000381469727,1118400,0.0,0.0,-0.024429450786605078
2015-08-20,30.209999084472656,30.260000228881836,29.34000015258789,29.3799991607666,1460800,0.0,0.0,-0.031960501104156935
2015-08-21,28.950000762939453,29.56999969482422,28.479999542236328,28.8799991607666,2276600,0.0,0.0,-0.017018380336364602
2015-08-24,25.600000381469727,28.1299991607666,25.010000228881836,27.829999923706055,3421000,0.0,0.0,-0.03635731535916964
2015-08-25,28.65999984741211,28.709999084472656,27.6200008392334,27.6299991607666,1742200,0.0,0.0,-0.0071865168339109164
2015-08-26,28.09000015258789,28.40999984741211,27.329999923706055,28.299999237060547,1870000,0.0,0.0,0.024249008202841926
2015-08-27,28.6299991607666,28.950000762939453,28.09000015258789,28.920000076293945,1513500,0.0,0.0,0.02190815745399277
2015-08-28,28.780000686645508,29.84000015258789,28.729999542236328,29.780000686645508,1786600,0.0,0.0,0.02973722711212967
2015-08-31,29.5,29.639999389648438,28.8799991607666,29.1299991607666,2025300,0.0,0.0,-0.02182678008366845
2015-09-01,28.5,29.09000015258789,28.15999984741211,28.350000381469727,1709600,0.0,0.0,-0.026776477918592168
2015-09-02,28.649999618530273,29.010000228881836,28.06999969482422,28.709999084472656,1707000,0.0,0.0,0.01269836677809133
2015-09-03,28.860000610351562,29.0,28.280000686645508,28.700000762939453,1145700,0.0,0.0,-0.00034825224145029754
2015-09-04,28.350000381469727,28.729999542236328,28.190000534057617,28.450000762939453,1002200,0.0,0.0,-0.008710801162166715
2015-09-08,28.899999618530273,29.639999389648438,28.59000015258789,29.579999923706055,1307400,0.0,0.0,0.03971877435724358
2015-09-09,29.75,29.940000534057617,29.049999237060547,29.1200008392334,802700,0.0,0.0,-0.01555101709462825
2015-09-10,29.06999969482422,29.3700008392334,28.8799991607666,29.149999618530273,705000,0.0,0.0,0.0010301778307799658
2015-09-11,28.479999542236328,29.18000030517578,28.25,29.18000030517578,644200,0.0,0.0,0.0010291830887858566
2015-09-14,29.329999923706055,29.34000015258789,28.690000534057617,29.040000915527344,799500,0.0,0.0,-0.004797785749974914
2015-09-15,29.15999984741211,29.6200008392334,29.040000915527344,29.489999771118164,608100,0.0,0.0,0.015495827872037404
2015-09-16,29.489999771118164,29.670000076293945,29.139999389648438,29.479999542236328,819400,0.0,0.0,-0.0003391057632909922
2015-09-17,29.389999389648438,29.790000915527344,29.25,29.540000915527344,1306300,0.0,0.0,0.0020353247701057064
2015-09-18,29.18000030517578,29.989999771118164,29.1200008392334,29.530000686645508,2072600,0.0,0.0,-0.000338531772914763
2015-09-21,29.709999084472656,30.1200008392334,29.649999618530273,29.93000030517578,966900,0.0,0.0,0.013545533668448906
2015-09-22,29.559999465942383,30.15999984741211,29.270000457763672,29.68000030517578,849700,0.0,0.0,-0.008352823169091916
2015-09-23,29.780000686645508,30.040000915527344,29.530000686645508,29.860000610351562,499500,0.0,0.0,0.0060647002467986155
2015-09-24,29.520000457763672,30.149999618530273,29.450000762939453,29.809999465942383,826500,0.0,0.0,-0.001674519202516267
2015-09-25,30.049999237060547,30.56999969482422,29.739999771118164,30.059999465942383,1026800,0.0,0.0,0.008386447651085094
2015-09-28,29.90999984741211,30.09000015258789,28.1299991607666,28.469999313354492,1387500,0.0,0.0,-0.0528942175926963
2015-09-29,28.389999389648438,28.5,27.690000534057617,27.969999313354492,1102400,0.0,0.0,-0.017562346753042024
2015-09-30,28.100000381469727,28.770000457763672,27.850000381469727,28.729999542236328,1451000,0.0,0.0,0.027171978817996267
2015-10-01,28.540000915527344,28.889999389648438,27.889999389648438,28.540000915527344,1328200,0.0,0.0,-0.006613248511531111
2015-10-02,28.280000686645508,29.389999389648438,27.940000534057617,29.389999389648438,1186100,0.0,0.0,0.029782706617176302
2015-10-05,29.65999984741211,30.56999969482422,29.389999389648438,30.5,1220600,0.0,0.0,0.03776796983338904
2015-10-06,30.420000076293945,30.520000457763672,29.540000915527344,29.65999984741211,753000,0.0,0.0,-0.027540988609438988
2015-10-07,29.8799991607666,29.899999618530273,29.079999923706055,29.780000686645508,1417600,0.0,0.0,0.00404588131661332
2015-10-08,29.81999969482422,29.93000030517578,29.1299991607666,29.739999771118164,867900,0.0,0.0,-0.0013432140565826645
2015-10-09,29.829999923706055,30.200000762939453,29.59000015258789,29.93000030517578,527200,0.0,0.0,0.006388720091455191
2015-10-12,29.920000076293945,30.809999465942383,29.709999084472656,30.6299991607666,1029900,0.0,0.0,0.02338786663726733
2015-10-13,30.3700008392334,30.93000030517578,30.280000686645508,30.719999313354492,592600,0.0,0.0,0.0029383008505978747
2015-10-14,30.790000915527344,31.219999313354492,30.670000076293945,30.780000686645508,1020100,0.0,0.0,0.0019531697471404375
2015-10-15,30.8799991607666,31.90999984741211,30.770000457763672,31.889999389648438,1317000,0.0,0.0,0.036062335225500064
2015-10-16,31.90999984741211,31.979999542236328,31.219999313354492,31.59000015258789,1248100,0.0,0.0,-0.009407313979376442
2015-10-19,31.389999389648438,31.739999771118164,31.010000228881836,31.3799991607666,500400,0.0,0.0,-0.006647704678915178
2015-10-20,31.190000534057617,31.969999313354492,31.100000381469727,31.75,941800,0.0,0.0,0.011790976709011414
2015-10-21,31.920000076293945,32.099998474121094,31.610000610351562,31.760000228881836,648700,0.0,0.0,0.00031496783879791934
2015-10-22,32.22999954223633,32.90999984741211,31.899999618530273,32.7599983215332,1306000,0.0,0.0,0.03148608581375223
2015-10-23,33.060001373291016,33.56999969482422,32.79999923706055,33.459999084472656,893100,0.0,0.0,0.021367545751042938
2015-10-26,33.38999938964844,33.630001068115234,33.18000030517578,33.33000183105469,718000,0.0,0.0,-0.0038851541235783715
2015-10-27,33.290000915527344,33.65999984741211,33.029998779296875,33.13999938964844,1163000,0.0,0.0,-0.005700642993341165
2015-10-28,33.33000183105469,33.900001525878906,32.97999954223633,33.4900016784668,1602000,0.0,0.0,0.010561324540268036
2015-10-29,33.31999969482422,33.869998931884766,33.099998474121094,33.15999984741211,1347300,0.0,0.0,-0.009853741848776076
2015-10-30,33.08000183105469,34.38999938964844,32.81999969482422,33.20000076293945,1666500,0.0,0.0,0.001206300232551527
2015-11-02,33.189998626708984,34.06999969482422,32.9900016784668,33.650001525878906,1581800,0.0,0.0,0.013554239536096135
2015-11-03,33.689998626708984,34.20000076293945,33.099998474121094,33.91999816894531,2698000,0.0,0.0,0.008023674021493399
2015-11-04,34.11000061035156,34.20000076293945,33.650001525878906,34.029998779296875,1405700,0.0,0.0,0.0032429426972160336
2015-11-05,34.029998779296875,34.290000915527344,32.970001220703125,33.04999923706055,2810500,0.0,0.0,-0.02879810688775397
2015-11-06,35.0,37.0,34.150001525878906,34.20000076293945,4320700,0.0,0.0,0.034795810965990936
2015-11-09,33.900001525878906,35.11000061035156,32.65999984741211,32.970001220703125,2601500,0.0,0.0,-0.03596489809348802
2015-11-10,32.9900016784668,33.189998626708984,32.560001373291016,32.91999816894531,1517000,0.0,0.0,-0.001516622684454516
2015-11-11,32.9900016784668,33.290000915527344,32.599998474121094,32.91999816894531,1287000,0.0,0.0,0.0
2015-11-12,32.68000030517578,33.45000076293945,32.45000076293945,33.029998779296875,1314600,0.0,0.0,0.003341452505162268
2015-11-13,32.709999084472656,33.470001220703125,32.5099983215332,33.119998931884766,1670700,0.0,0.0,0.002724800360704327
2015-11-16,33.130001068115234,33.4900016784668,32.2599983215332,33.439998626708984,1798500,0.0,0.0,0.009661826846140142
2015-11-17,33.56999969482422,34.630001068115234,33.29999923706055,34.349998474121094,1942600,0.0,0.0,0.027212915214813505
2015-11-18,34.369998931884766,34.70000076293945,33.5099983215332,34.63999938964844,1375600,0.0,0.0,0.00844253066694689
2015-11-19,34.88999938964844,35.0,34.47999954223633,34.630001068115234,1128000,0.0,0.0,-0.0002886351532728204
2015-11-20,34.70000076293945,35.75,34.15999984741211,35.599998474121094,1998100,0.0,0.0,0.028010319840820364
2015-11-23,35.400001525878906,35.79999923706055,34.75,34.90999984741211,1381900,0.0,0.0,-0.01938198472706587
2015-11-24,34.66999816894531,34.79999923706055,34.38999938964844,34.709999084472656,725000,0.0,0.0,-0.005729039353011611
2015-11-25,34.86000061035156,35.689998626708984,34.79999923706055,35.619998931884766,1156300,0.0,0.0,0.02621722475985866
2015-11-27,35.56999969482422,35.77000045776367,35.349998474121094,35.689998626708984,516300,0.0,0.0,0.0019651795879633838
2015-11-30,35.790000915527344,35.90999984741211,35.209999084472656,35.369998931884766,1220900,0.0,0.0,-0.008966088740186784
2015-12-01,35.40999984741211,36.040000915527344,35.40999984741211,35.9900016784668,1047400,0.0,0.0,0.017529057543259396
2015-12-02,35.97999954223633,36.150001525878906,35.72999954223633,35.880001068115234,1255400,0.0,0.0,-0.0030564213731998358
2015-12-03,36.060001373291016,36.369998931884766,35.599998474121094,35.779998779296875,1361000,0.0,0.0,-0.0027871317124130712
2015-12-04,35.849998474121094,36.720001220703125,35.81999969482422,36.4900016784668,1778900,0.0,0.0,0.019843569686781137
2015-12-07,36.529998779296875,36.58000183105469,35.970001220703125,36.11000061035156,807800,0.0,0.0,-0.010413840795723495
2015-12-08,35.66999816894531,36.349998474121094,35.599998474121094,36.25,579600,0.0,0.0,0.0038770254024393935
2015-12-09,36.15999984741211,36.33000183105469,35.36000061035156,35.59000015258789,1027500,0.0,0.0,-0.018206892342403025
2015-12-10,35.529998779296875,35.79999923706055,35.099998474121094,35.41999816894531,814400,0.0,0.0,-0.004776678362284792
2015-12-11,34.7599983215332,35.459999084472656,34.65999984741211,35.0099983215332,1939500,0.0,0.0,-0.011575377431034983
2015-12-14,35.0099983215332,35.34000015258789,34.810001373291016,35.189998626708984,1322900,0.0,0.0,0.005141397138116233
2015-12-15,35.380001068115234,36.119998931884766,35.31999969482422,36.0,838200,0.0,0.0,0.023017942736611285
2015-12-16,36.29999923706055,36.54999923706055,35.47999954223633,36.22999954223633,708800,0.0,0.0,0.0063888761732313615
2015-12-17,36.47999954223633,36.939998626708984,35.849998474121094,35.849998474121094,1007100,0.0,0.0,-0.01048857501839695
2015-12-18,35.70000076293945,35.790000915527344,34.7400016784668,34.7599983215332,1921100,0.0,0.0,-0.030404468590834788
2015-12-21,35.33000183105469,35.630001068115234,34.34000015258789,35.0,993700,0.0,0.0,0.006904536537854833
2015-12-22,35.08000183105469,35.470001220703125,34.650001525878906,35.27000045776367,759100,0.0,0.0,0.007714298793247698
2015-12-23,35.470001220703125,35.61000061035156,35.040000915527344,35.54999923706055,630200,0.0,0.0,0.00793872343812918
2015-12-24,35.58000183105469,35.970001220703125,35.220001220703125,35.7400016784668,313400,0.0,0.0,0.005344653881403483
2015-12-28,35.689998626708984,35.7599983215332,35.130001068115234,35.7599983215332,611500,0.0,0.0,0.0005595031373055726
2015-12-29,36.0,36.369998931884766,35.380001068115234,35.83000183105469,1071100,0.0,0.0,0.0019575926400234867
2015-12-30,35.83000183105469,36.04999923706055,35.43000030517578,35.5099983215332,538000,0.0,0.0,-0.008931160847559072
2015-12-31,35.2400016784668,35.5,34.779998779296875,34.84000015258789,1024100,0.0,0.0,-0.018867873855657913
2016-01-04,34.04999923706055,34.75,33.619998931884766,34.16999816894531,1251700,0.0,0.0,-0.019230826082324515
2016-01-05,34.36000061035156,35.08000183105469,34.15999984741211,34.75,1558800,0.0,0.0,0.01697400825680484
2016-01-06,34.220001220703125,34.70000076293945,33.54999923706055,34.0099983215332,718600,0.0,0.0,-0.021295012329979768
2016-01-07,33.33000183105469,33.619998931884766,32.40999984741211,32.41999816894531,1373000,0.0,0.0,-0.046750962395114004
2016-01-08,32.560001373291016,33.150001525878906,32.290000915527344,32.34000015258789,1442400,0.0,0.0,-0.0024675515384220414
2016-01-11,32.59000015258789,32.93000030517578,32.349998474121094,32.77000045776367,1205600,0.0,0.0,0.01329623695568749
2016-01-12,32.86000061035156,33.72999954223633,32.86000061035156,33.619998931884766,1139900,0.0,0.0,0.02593831132888247
2016-01-13,33.83000183105469,33.86000061035156,32.439998626708984,32.5,1404400,0.0,0.0,-0.03331347315488975
2016-01-14,32.61000061035156,32.84000015258789,31.739999771118164,32.689998626708984,1088700,0.0,0.0,0.005846111591045755
2016-01-15,31.610000610351562,32.810001373291016,31.56999969482422,32.58000183105469,1137400,0.0,0.0,-0.0033648455269259525
2016-01-19,32.720001220703125,33.13999938964844,31.809999465942383,32.5,1117800,0.0,0.0,-0.002455550231996284
2016-01-20,31.950000762939453,33.029998779296875,31.360000610351562,32.619998931884766,1358500,0.0,0.0,0.003692274827223452
2016-01-21,32.88999938964844,33.2599983215332,32.380001068115234,32.970001220703125,1355200,0.0,0.0,0.010729684251345795
2016-01-22,33.4900016784668,33.75,33.119998931884766,33.630001068115234,976100,0.0,0.0,0.020018192992897754
2016-01-25,33.540000915527344,34.040000915527344,33.310001373291016,33.61000061035156,1511300,0.0,0.0,-0.0005947206996266274
2016-01-26,33.83000183105469,34.36000061035156,33.599998474121094,34.27000045776367,2707900,0.0,0.0,0.019637007897251646
2016-01-27,34.08000183105469,34.560001373291016,33.619998931884766,33.7400016784668,1389800,0.0,0.0,-0.015465385824843358
2016-01-28,33.9900016784668,34.380001068115234,33.279998779296875,33.61000061035156,1198400,0.0,0.0,-0.0038530249451114162
2016-01-29,33.5,34.70000076293945,33.290000915527344,34.70000076293945,1849000,0.0,0.0,0.03243082811049347
2016-02-01,34.58000183105469,34.9900016784668,34.290000915527344,34.619998931884766,1283500,0.0,0.0,-0.002305528221778319
2016-02-02,34.34000015258789,34.47999954223633,33.060001373291016,33.439998626708984,1270300,0.0,0.0,-0.034084354176250664
2016-02-03,33.56999969482422,33.59000015258789,31.8700008392334,32.83000183105469,2765500,0.0,0.0,-0.018241531719653925
2016-02-04,36.0,36.279998779296875,33.290000915527344,35.08000183105469,6183000,0.0,0.0,0.06853487281477011
2016-02-05,35.060001373291016,35.08000183105469,32.9900016784668,33.380001068115234,3601800,0.0,0.0,-0.0484606805645752
2016-02-08,32.88999938964844,33.72999954223633,31.65999984741211,33.630001068115234,3093400,0.0,0.0,0.007489514439794398
2016-02-09,33.27000045776367,35.189998626708984,33.15999984741211,34.52000045776367,3238800,0.0,0.0,0.026464447260819535
2016-02-10,34.790000915527344,35.36000061035156,34.290000915527344,34.459999084472656,1157500,0.0,0.0,-0.0017381625867713968
2016-02-11,33.84000015258789,35.369998931884766,33.38999938964844,35.06999969482422,1189200,0.0,0.0,0.017701701293034056
2016-02-12,35.119998931884766,35.279998779296875,33.810001373291016,34.130001068115234,1764200,0.0,0.0,-0.02680349686024419
2016-02-16,34.47999954223633,34.68000030517578,33.91999816894531,34.630001068115234,1869300,0.0,0.0,0.014649867692711815
2016-02-17,34.7599983215332,34.970001220703125,33.849998474121094,34.349998474121094,2040700,0.0,0.0,-0.008085549678251258
2016-02-18,34.349998474121094,34.68000030517578,33.970001220703125,34.0,1160700,0.0,0.0,-0.01018918456094775
2016-02-19,33.91999816894531,34.720001220703125,33.650001525878906,34.66999816894531,1651300,0.0,0.0,0.01970582849839153
2016-02-22,34.90999984741211,35.66999816894531,34.709999084472656,35.29999923706055,1196400,0.0,0.0,0.01817136144759135
2016-02-23,35.220001220703125,35.45000076293945,34.689998626708984,34.88999938964844,1347200,0.0,0.0,-0.01161472680661313
2016-02-24,34.560001373291016,35.58000183105469,34.43000030517578,35.349998474121094,1176200,0.0,0.0,0.013184267484084078
2016-02-25,35.4900016784668,35.72999954223633,35.25,35.70000076293945,904000,0.0,0.0,0.009901055273724868
2016-02-26,35.83000183105469,35.97999954223633,35.58000183105469,35.810001373291016,728100,0.0,0.0,0.003081249523830598
2016-02-29,35.81999969482422,36.689998626708984,35.709999084472656,35.9900016784668,1326800,0.0,0.0,0.005026537231859418
2016-03-01,36.18000030517578,37.709999084472656,36.04999923706055,37.5,2708700,0.0,0.0,0.0419560503226275
2016-03-02,37.54999923706055,37.54999923706055,36.900001525878906,37.31999969482422,1475900,0.0,0.0,-0.004800008138020839
2016-03-03,37.2400016784668,37.29999923706055,36.11000061035156,36.56999969482422,1128000,0.0,0.0,-0.020096463186842328
2016-03-04,36.560001373291016,37.0,35.83000183105469,36.0,1412200,0.0,0.0,-0.015586538134559791
2016-03-07,35.72999954223633,35.72999954223633,34.439998626708984,34.650001525878906,1784300,0.0,0.0,-0.03749995761447478
2016-03-08,34.529998779296875,34.900001525878906,34.38999938964844,34.5099983215332,1672500,0.0,0.0,-0.004040496339982491
2016-03-09,34.7400016784668,35.31999969482422,34.619998931884766,34.849998474121094,894300,0.0,0.0,0.00985222164950783
2016-03-10,35.060001373291016,35.650001525878906,34.79999923706055,35.52000045776367,1647800,0.0,0.0,0.01922530883724738
2016-03-11,35.790000915527344,36.189998626708984,35.63999938964844,35.83000183105469,761400,0.0,0.0,0.008727516027474014
2016-03-14,35.41999816894531,35.79999923706055,35.2599983215332,35.33000183105469,1037000,0.0,0.0,-0.01395478577862197
2016-03-15,35.31999969482422,35.56999969482422,35.0099983215332,35.27000045776367,1232000,0.0,0.0,-0.0016983122043960908
2016-03-16,35.09000015258789,35.779998779296875,34.97999954223633,35.599998474121094,827600,0.0,0.0,0.009356337172510054
2016-03-17,35.59000015258789,35.68000030517578,34.849998474121094,35.099998474121094,651400,0.0,0.0,-0.014044944422215822
2016-03-18,35.290000915527344,35.290000915527344,34.63999938964844,34.869998931884766,1097600,0.0,0.0,-0.006552693795867426
2016-03-21,34.77000045776367,34.9900016784668,34.599998474121094,34.84000015258789,996300,0.0,0.0,-0.0008603034188636727
2016-03-22,34.65999984741211,35.75,34.630001068115234,35.439998626708984,1158800,0.0,0.0,0.017221540513584932
2016-03-23,35.349998474121094,35.630001068115234,35.029998779296875,35.220001220703125,714000,0.0,0.0,-0.006207601990144029
2016-03-24,35.099998474121094,35.560001373291016,34.84000015258789,35.189998626708984,629300,0.0,0.0,-0.000851862378031476
2016-03-28,35.209999084472656,35.52000045776367,35.02000045776367,35.400001525878906,729400,0.0,0.0,0.005967687052153892
2016-03-29,35.27000045776367,37.040000915527344,35.27000045776367,37.0,1454900,0.0,0.0,0.045197695060872345
2016-03-30,37.20000076293945,37.63999938964844,37.099998474121094,37.2400016784668,1218300,0.0,0.0,0.006486531850453892
2016-03-31,37.22999954223633,37.95000076293945,37.06999969482422,37.66999816894531,1498100,0.0,0.0,0.011546629191672375
2016-04-01,37.33000183105469,38.06999969482422,37.33000183105469,37.9900016784668,1179500,0.0,0.0,0.008494917044760797
2016-04-04,38.04999923706055,38.52000045776367,37.5099983215332,37.65999984741211,878600,0.0,0.0,-0.008686544260979479
2016-04-05,37.43000030517578,37.7599983215332,36.810001373291016,36.93000030517578,1131100,0.0,0.0,-0.019383949686513136
2016-04-06,37.09000015258789,37.40999984741211,36.810001373291016,37.09000015258789,733000,0.0,0.0,0.0043325168180321505
2016-04-07,36.939998626708984,37.130001068115234,36.439998626708984,36.59000015258789,788600,0.0,0.0,-0.013480722511269971
2016-04-08,36.84000015258789,37.0,36.220001220703125,36.45000076293945,692700,0.0,0.0,-0.003826165320158781
2016-04-11,36.5099983215332,36.689998626708984,35.66999816894531,35.66999816894531,707200,0.0,0.0,-0.02139924767264223
2016-04-12,35.720001220703125,35.79999923706055,35.310001373291016,35.47999954223633,1070500,0.0,0.0,-0.0053265667637291125
2016-04-13,35.45000076293945,36.15999984741211,35.45000076293945,36.06999969482422,1012700,0.0,0.0,0.016629091324692258
2016-04-14,36.119998931884766,36.65999984741211,35.5099983215332,35.540000915527344,1039100,0.0,0.0,-0.014693617515414759
2016-04-15,35.43000030517578,35.91999816894531,35.400001525878906,35.7599983215332,1521900,0.0,0.0,0.006190135068616209
2016-04-18,35.709999084472656,36.790000915527344,35.709999084472656,36.7599983215332,1236400,0.0,0.0,0.02796420712911063
2016-04-19,36.79999923706055,37.06999969482422,36.31999969482422,37.040000915527344,1080500,0.0,0.0,0.007617045886264995
2016-04-20,37.0,37.2599983215332,36.7400016784668,36.7599983215332,856400,0.0,0.0,-0.007559465093770035
2016-04-21,36.869998931884766,36.93000030517578,36.290000915527344,36.599998474121094,575800,0.0,0.0,-0.004352553175128504
2016-04-22,36.33000183105469,36.81999969482422,36.25,36.560001373291016,2569900,0.0,0.0,-0.0010928170081306865
2016-04-25,36.47999954223633,36.689998626708984,35.959999084472656,36.040000915527344,676500,0.0,0.0,-0.01422320673498545
2016-04-26,36.15999984741211,36.349998474121094,35.220001220703125,35.279998779296875,1088400,0.0,0.0,-0.021087739093342606
2016-04-27,35.349998474121094,35.400001525878906,34.52000045776367,35.0,1966100,0.0,0.0,-0.007936473610684613
2016-04-28,34.90999984741211,35.5099983215332,34.25,34.34000015258789,1477200,0.0,0.0,-0.018857138497488823
2016-04-29,34.25,34.45000076293945,33.66999816894531,34.18000030517578,1385300,0.0,0.0,-0.004659284994209645
2016-05-02,34.2400016784668,35.45000076293945,34.22999954223633,35.43000030517578,1640700,0.0,0.0,0.03657109388061408
2016-05-03,34.939998626708984,35.11000061035156,34.22999954223633,34.29999923706055,1809900,0.0,0.0,-0.03189390511944645
2016-05-04,34.18000030517578,34.33000183105469,33.83000183105469,33.91999816894531,1587500,0.0,0.0,-0.011078748587978082
2016-05-05,34.04999923706055,34.400001525878906,33.849998474121094,34.02000045776367,746000,0.0,0.0,0.002948180843650894
2016-05-06,34.09000015258789,35.0099983215332,33.79999923706055,34.91999816894531,1724000,0.0,0.0,0.026454958820444574
2016-05-09,34.790000915527344,35.380001068115234,34.52000045776367,34.689998626708984,796400,0.0,0.0,-0.00658647062704798
2016-05-10,34.75,35.02000045776367,34.34000015258789,34.77000045776367,1045100,0.0,0.0,0.002306192972665322
2016-05-11,35.33000183105469,36.4900016784668,35.33000183105469,35.70000076293945,2165000,0.0,0.0,0.026747204283344317
2016-05-12,35.880001068115234,36.41999816894531,35.7400016784668,36.290000915527344,1300600,0.0,0.0,0.016526614565240516
2016-05-13,36.310001373291016,37.0,36.27000045776367,36.959999084472656,1826000,0.0,0.0,0.018462335410375896
2016-05-16,36.970001220703125,37.29999923706055,36.119998931884766,36.88999938964844,2115600,0.0,0.0,-0.0018939311839329953
2016-05-17,36.95000076293945,37.029998779296875,35.83000183105469,36.0,2436500,0.0,0.0,-0.024125763197984096
2016-05-18,35.970001220703125,36.099998474121094,35.16999816894531,35.68000030517578,3061300,0.0,0.0,-0.008888880411783817
2016-05-19,33.31999969482422,37.36000061035156,33.060001373291016,37.290000915527344,5189800,0.0,0.0,0.04512333510597011
2016-05-20,37.34000015258789,37.34000015258789,35.939998626708984,36.369998931884766,3572600,0.0,0.0,-0.024671546287345247
2016-05-23,36.470001220703125,37.0,36.08000183105469,36.43000030517578,1626700,0.0,0.0,0.0016497491078673043
2016-05-24,36.459999084472656,38.349998474121094,36.369998931884766,38.33000183105469,2256900,0.0,0.0,0.05215485890646465
2016-05-25,38.220001220703125,38.310001373291016,37.619998931884766,38.189998626708984,2029800,0.0,0.0,-0.003652574945411935
2016-05-26,38.34000015258789,38.720001220703125,37.869998931884766,38.650001525878906,1303600,0.0,0.0,0.012045114315563543
2016-05-27,38.650001525878906,39.060001373291016,38.58000183105469,38.79999923706055,1028700,0.0,0.0,0.003880923810085868
2016-05-31,38.75,39.29999923706055,38.5099983215332,38.90999984741211,1888400,0.0,0.0,0.002835067332849217
2016-06-01,38.61000061035156,38.93000030517578,38.34000015258789,38.5,1411200,0.0,0.0,-0.010537133102543006
2016-06-02,38.209999084472656,38.93000030517578,38.0,38.900001525878906,1387700,0.0,0.0,0.010389650022828656
2016-06-03,38.63999938964844,39.04999923706055,38.38999938964844,38.790000915527344,1102900,0.0,0.0,-0.002827779075493919
2016-06-06,38.75,39.29999923706055,38.439998626708984,39.09000015258789,1243500,0.0,0.0,0.007733932198502824
2016-06-07,39.20000076293945,40.16999816894531,39.189998626708984,39.869998931884766,2496200,0.0,0.0,0.019953921111592443
2016-06-08,39.27000045776367,39.70000076293945,38.66999816894531,39.65999984741211,2851600,0.0,0.0,-0.005267095312227799
2016-06-09,39.369998931884766,40.0,39.09000015258789,39.58000183105469,1961500,0.0,0.0,-0.0020170957303380366
2016-06-10,39.0,39.56999969482422,38.810001373291016,39.040000915527344,1443700,0.0,0.0,-0.013643276668664939
2016-06-13,38.66999816894531,39.380001068115234,38.220001220703125,38.22999954223633,1366400,0.0,0.0,-0.020747985509622646
2016-06-14,38.220001220703125,38.540000915527344,37.7599983215332,38.36000061035156,2203500,0.0,0.0,0.003400498814330577
2016-06-15,38.400001525878906,38.66999816894531,37.400001525878906,37.5099983215332,2213300,0.0,0.0,-0.02215855775010034
2016-06-16,37.369998931884766,38.11000061035156,37.099998474121094,37.77000045776367,1664400,0.0,0.0,0.006931542198475915
2016-06-17,37.689998626708984,37.720001220703125,36.81999969482422,37.09000015258789,1678000,0.0,0.0,-0.018003714507130897
2016-06-20,37.43000030517578,38.029998779296875,37.27000045776367,37.779998779296875,1709000,0.0,0.0,0.01860336003964247
2016-06-21,37.849998474121094,38.11000061035156,37.189998626708984,37.310001373291016,819800,0.0,0.0,-0.012440376421171684
2016-06-22,37.15999984741211,37.5099983215332,37.04999923706055,37.18000030517578,609300,0.0,0.0,-0.0034843490573628344
2016-06-23,37.400001525878906,37.97999954223633,37.25,37.970001220703125,1019400,0.0,0.0,0.021248007236228217
2016-06-24,36.279998779296875,37.29999923706055,35.9900016784668,35.9900016784668,3615100,0.0,0.0,-0.05214641766081207
2016-06-27,35.630001068115234,35.630001068115234,35.0,35.5,2112800,0.0,0.0,-0.013614939027912554
2016-06-28,35.959999084472656,36.2400016784668,35.70000076293945,36.150001525878906,1223900,0.0,0.0,0.018309902137433998
2016-06-29,36.529998779296875,36.84000015258789,36.380001068115234,36.619998931884766,985400,0.0,0.0,0.013001310820675904
2016-06-30,36.689998626708984,37.93000030517578,36.650001525878906,37.91999816894531,1532300,0.0,0.0,0.03549970712666095
2016-07-01,37.63999938964844,38.43000030517578,37.63999938964844,37.91999816894531,1100400,0.0,0.0,0.0
2016-07-05,37.84000015258789,38.09000015258789,37.72999954223633,38.029998779296875,626800,0.0,0.0,0.002900860117700299
2016-07-06,37.9900016784668,38.86000061035156,37.84000015258789,38.599998474121094,1116200,0.0,0.0,0.014988159692882252
2016-07-07,38.7400016784668,39.29999923706055,38.66999816894531,39.22999954223633,1078900,0.0,0.0,0.016321271839883966
2016-07-08,39.54999923706055,40.130001068115234,39.2400016784668,39.84000015258789,1116700,0.0,0.0,0.015549340236285625
2016-07-11,39.9900016784668,40.86000061035156,39.9900016784668,40.689998626708984,1260600,0.0,0.0,0.02133530298357389
2016-07-12,41.09000015258789,41.709999084472656,40.79999923706055,41.34000015258789,1486800,0.0,0.0,0.01597447893380477
2016-07-13,41.4900016784668,41.4900016784668,39.83000183105469,39.90999984741211,2700300,0.0,0.0,-0.034591202222970074
2016-07-14,40.20000076293945,40.9900016784668,38.7400016784668,39.959999084472656,2105900,0.0,0.0,0.0012527997306868155
2016-07-15,40.0099983215332,40.52000045776367,39.810001373291016,40.45000076293945,1195800,0.0,0.0,0.0122623045468786
2016-07-18,40.540000915527344,41.08000183105469,40.369998931884766,40.65999984741211,980800,0.0,0.0,0.0051915718297108615
2016-07-19,40.70000076293945,40.70000076293945,39.90999984741211,39.93000030517578,1198900,0.0,0.0,-0.01795375172099989
2016-07-20,40.20000076293945,40.7599983215332,39.95000076293945,40.52000045776367,865600,0.0,0.0,0.01477586145952059
2016-07-21,40.61000061035156,40.70000076293945,39.90999984741211,40.099998474121094,637100,0.0,0.0,-0.010365300565096769
2016-07-22,40.119998931884766,41.0099983215332,40.0,40.56999969482422,847600,0.0,0.0,0.011720729141833974
2016-07-25,40.380001068115234,40.79999923706055,40.34000015258789,40.68000030517578,705700,0.0,0.0,0.0027113781409664472
2016-07-26,40.790000915527344,40.90999984741211,40.0,40.18000030517578,618800,0.0,0.0,-0.012291052021855209
2016-07-27,40.41999816894531,40.63999938964844,39.97999954223633,40.45000076293945,705300,0.0,0.0,0.006719772416947656
2016-07-28,40.369998931884766,40.63999938964844,40.15999984741211,40.31999969482422,628600,0.0,0.0,-0.0032138705973607795
2016-07-29,40.400001525878906,40.45000076293945,40.04999923706055,40.18000030517578,791700,0.0,0.0,-0.0034722071108153063
2016-08-01,40.060001373291016,40.52000045776367,40.060001373291016,40.290000915527344,659300,0.0,0.0,0.0027376956076676784
2016-08-02,40.400001525878906,40.47999954223633,40.0099983215332,40.16999816894531,962400,0.0,0.0,-0.0029784746551292374
2016-08-03,40.0,40.849998474121094,40.0,40.790000915527344,955900,0.0,0.0,0.015434472861423743
2016-08-04,40.90999984741211,41.209999084472656,40.45000076293945,40.56999969482422,2013200,0.0,0.0,-0.005393508599294439
2016-08-05,42.5,42.97999954223633,40.959999084472656,41.369998931884766,3343100,0.0,0.0,0.0197189855331108
2016-08-08,41.41999816894531,41.56999969482422,40.93000030517578,40.97999954223633,2622200,0.0,0.0,-0.009427106592160395
2016-08-09,41.20000076293945,41.619998931884766,40.650001525878906,41.38999938964844,1919500,0.0,0.0,0.010004876817764297
2016-08-10,41.34000015258789,41.40999984741211,41.0,41.34000015258789,2405800,0.0,0.0,-0.0012080028460462744
2016-08-11,41.630001068115234,41.83000183105469,41.20000076293945,41.439998626708984,1052000,0.0,0.0,0.0024189277637154394
2016-08-12,41.40999984741211,41.40999984741211,40.900001525878906,41.34000015258789,919300,0.0,0.0,-0.002413090671693263
2016-08-15,41.5,42.4900016784668,41.34000015258789,42.34000015258789,1346800,0.0,0.0,0.024189646741871185
2016-08-16,42.27000045776367,42.27000045776367,41.18000030517578,41.220001220703125,1306700,0.0,0.0,-0.02645250183864989
2016-08-17,41.130001068115234,42.2400016784668,40.849998474121094,41.060001373291016,1930700,0.0,0.0,-0.0038816070517666557
2016-08-18,40.939998626708984,41.380001068115234,40.900001525878906,41.09000015258789,1169300,0.0,0.0,0.000730608336423133
2016-08-19,41.119998931884766,41.630001068115234,40.720001220703125,40.97999954223633,991200,0.0,0.0,-0.002677065221296515
2016-08-22,40.7599983215332,41.29999923706055,40.630001068115234,41.290000915527344,922600,0.0,0.0,0.007564699286331411
2016-08-23,41.529998779296875,42.279998779296875,41.38999938964844,42.25,985400,0.0,0.0,0.023250158953414868
2016-08-24,42.20000076293945,42.66999816894531,42.060001373291016,42.220001220703125,994500,0.0,0.0,-0.0007100302792160118
2016-08-25,42.029998779296875,42.31999969482422,41.79999923706055,42.310001373291016,2314500,0.0,0.0,0.002131694694119446
2016-08-26,42.16999816894531,42.689998626708984,41.869998931884766,42.2400016784668,1621000,0.0,0.0,-0.0016544479449818184
2016-08-29,42.439998626708984,44.5,42.31999969482422,44.16999816894531,3626400,0.0,0.0,0.045691202977920176
2016-08-30,44.25,44.470001220703125,43.54999923706055,43.810001373291016,1041200,0.0,0.0,-0.008150256069229367
2016-08-31,43.630001068115234,43.77000045776367,43.290000915527344,43.470001220703125,967700,0.0,0.0,-0.007760788448529343
2016-09-01,43.5,43.84000015258789,43.0099983215332,43.7599983215332,1068700,0.0,0.0,0.006671200659915444
2016-09-02,44.0,45.040000915527344,43.84000015258789,44.70000076293945,1617500,0.0,0.0,0.021480861002311835
2016-09-06,44.90999984741211,45.040000915527344,44.41999816894531,44.650001525878906,908600,0.0,0.0,-0.0011185511455740205
2016-09-07,44.779998779296875,44.779998779296875,43.119998931884766,43.560001373291016,1954400,0.0,0.0,-0.024412096648107173
2016-09-08,43.43000030517578,43.7599983215332,42.88999938964844,43.279998779296875,2311100,0.0,0.0,-0.006427974866084929
2016-09-09,43.060001373291016,43.58000183105469,42.689998626708984,42.7400016784668,1361900,0.0,0.0,-0.01247682800509664
2016-09-12,42.540000915527344,43.56999969482422,42.349998474121094,43.540000915527344,1196000,0.0,0.0,0.018717810146076763
2016-09-13,43.529998779296875,43.97999954223633,43.22999954223633,43.779998779296875,1233900,0.0,0.0,0.005512123535209801
2016-09-14,43.7599983215332,44.36000061035156,43.7599983215332,44.11000061035156,1031100,0.0,0.0,0.007537730476382398
2016-09-15,45.79999923706055,45.79999923706055,43.970001220703125,45.22999954223633,1416200,0.0,0.0,0.025391043218936815
2016-09-16,45.2599983215332,45.2599983215332,44.38999938964844,44.72999954223633,2191600,0.0,0.0,-0.011054609884156519
2016-09-19,44.93000030517578,45.15999984741211,44.16999816894531,44.709999084472656,894300,0.0,0.0,-0.00044713744619617746
2016-09-20,44.9900016784668,45.459999084472656,44.81999969482422,45.2400016784668,896900,0.0,0.0,0.01185422958727389
2016-09-21,45.65999984741211,46.45000076293945,45.15999984741211,46.34000015258789,1748500,0.0,0.0,0.024314731063431072
2016-09-22,46.52000045776367,46.779998779296875,45.689998626708984,45.869998931884766,1677000,0.0,0.0,-0.010142451859203927
2016-09-23,45.90999984741211,46.439998626708984,45.38999938964844,46.31999969482422,1643300,0.0,0.0,0.009810350412427171
2016-09-26,46.029998779296875,46.439998626708984,45.880001068115234,45.900001525878906,1473000,0.0,0.0,-0.009067318042151107
2016-09-27,45.93000030517578,46.2599983215332,45.56999969482422,46.11000061035156,1161600,0.0,0.0,0.004575143300469264
2016-09-28,45.72999954223633,46.130001068115234,45.119998931884766,45.36000061035156,1999900,0.0,0.0,-0.016265451964267097
2016-09-29,45.36000061035156,45.439998626708984,44.90999984741211,45.16999816894531,1112800,0.0,0.0,-0.004188766288572121
2016-09-30,45.13999938964844,45.52000045776367,44.83000183105469,45.08000183105469,1443200,0.0,0.0,-0.00199239188706668
2016-10-03,44.790000915527344,45.349998474121094,44.560001373291016,45.15999984741211,1186600,0.0,0.0,0.0017745788178364919
2016-10-04,45.290000915527344,45.650001525878906,45.16999816894531,45.5,1139100,0.0,0.0,0.007528789941025016
2016-10-05,45.650001525878906,45.7400016784668,45.099998474121094,45.61000061035156,652500,0.0,0.0,0.002417595831902375
2016-10-06,45.790000915527344,46.0,45.06999969482422,45.4900016784668,974300,0.0,0.0,-0.0026309785195997026
2016-10-07,46.4900016784668,46.4900016784668,44.5,44.689998626708984,1499800,0.0,0.0,-0.01758634913694679
2016-10-10,44.810001373291016,45.209999084472656,43.31999969482422,43.77000045776367,3349800,0.0,0.0,-0.020586220568721947
2016-10-11,43.77000045776367,43.97999954223633,41.91999816894531,42.220001220703125,3408500,0.0,0.0,-0.03541236510966539
2016-10-12,42.18000030517578,42.52000045776367,41.810001373291016,42.5,1176800,0.0,0.0,0.006631898891551247
2016-10-13,42.189998626708984,42.52000045776367,41.70000076293945,42.349998474121094,954400,0.0,0.0,-0.003529447667738994
2016-10-14,42.869998931884766,43.970001220703125,42.650001525878906,42.689998626708984,4097100,0.0,0.0,0.008028339193345113
2016-10-17,44.5,45.849998474121094,44.5,44.849998474121094,7107600,0.0,0.0,0.05059732763872016
2016-10-18,45.470001220703125,45.709999084472656,44.310001373291016,45.09000015258789,3339100,0.0,0.0,0.00535120817462853
2016-10-19,45.060001373291016,45.47999954223633,44.06999969482422,44.220001220703125,1295700,0.0,0.0,-0.019294720091830198
2016-10-20,44.15999984741211,45.060001373291016,43.93000030517578,44.97999954223633,1556600,0.0,0.0,0.017186754874565224
2016-10-21,44.83000183105469,45.08000183105469,44.380001068115234,44.9900016784668,1356400,0.0,0.0,0.00022236852672885554
2016-10-24,45.470001220703125,45.939998626708984,45.25,45.90999984741211,1393700,0.0,0.0,0.020448947202099
2016-10-25,45.810001373291016,46.220001220703125,45.45000076293945,45.880001068115234,1351800,0.0,0.0,-0.0006534258200082688
2016-10-26,45.79999923706055,45.95000076293945,45.13999938964844,45.310001373291016,1539900,0.0,0.0,-0.012423707095777448
2016-10-27,45.470001220703125,45.880001068115234,44.9900016784668,45.099998474121094,787800,0.0,0.0,-0.004634802313065345
2016-10-28,45.06999969482422,45.119998931884766,44.279998779296875,44.709999084472656,1750200,0.0,0.0,-0.008647436870141467
2016-10-31,44.9900016784668,45.099998474121094,43.97999954223633,44.38999938964844,2282900,0.0,0.0,-0.007157228838668206
2016-11-01,44.290000915527344,44.599998474121094,43.86000061035156,43.93000030517578,1558400,0.0,0.0,-0.01036267381837197
2016-11-02,43.66999816894531,45.150001525878906,43.33000183105469,44.79999923706055,3733400,0.0,0.0,0.019804209557045205
2016-11-03,49.220001220703125,49.9900016784668,47.16999816894531,48.290000915527344,6071200,0.0,0.0,0.07790182450672267
2016-11-04,48.290000915527344,48.869998931884766,47.63999938964844,48.29999923706055,2265100,0.0,0.0,0.00020704744965094335
2016-11-07,49.040000915527344,50.189998626708984,48.59000015258789,49.56999969482422,3237000,0.0,0.0,0.026294005752058203
2016-11-08,49.31999969482422,49.720001220703125,49.040000915527344,49.220001220703125,1482900,0.0,0.0,-0.007060691472177694
2016-11-09,48.709999084472656,49.349998474121094,48.09000015258789,49.0,1542400,0.0,0.0,-0.0044697524430492575
2016-11-10,49.459999084472656,49.459999084472656,45.869998931884766,46.939998626708984,2750300,0.0,0.0,-0.042040844352877915
2016-11-11,48.040000915527344,48.45000076293945,46.470001220703125,47.95000076293945,1704500,0.0,0.0,0.021516876135053264
2016-11-14,48.41999816894531,48.41999816894531,46.41999816894531,46.4900016784668,1601700,0.0,0.0,-0.030448364155211682
2016-11-15,47.0,47.5,46.40999984741211,46.5099983215332,1648100,0.0,0.0,0.00043012781984197446
2016-11-16,46.279998779296875,46.75,46.04999923706055,46.470001220703125,1767100,0.0,0.0,-0.0008599677977533249
2016-11-17,46.70000076293945,48.7400016784668,46.70000076293945,48.630001068115234,7124700,0.0,0.0,0.046481596528338276
2016-11-18,48.65999984741211,49.209999084472656,47.33000183105469,47.63999938964844,1690000,0.0,0.0,-0.020357837892705732
2016-11-21,47.56999969482422,48.380001068115234,47.56999969482422,48.029998779296875,954100,0.0,0.0,0.008186385278022845
2016-11-22,48.04999923706055,48.13999938964844,46.959999084472656,47.279998779296875,1229400,0.0,0.0,-0.0156152408715714
2016-11-23,47.41999816894531,48.599998474121094,47.15999984741211,48.47999954223633,1219600,0.0,0.0,0.025380727451814522
2016-11-25,48.56999969482422,49.189998626708984,48.56999969482422,48.810001373291016,386400,0.0,0.0,0.00680696852662277
2016-11-28,49.209999084472656,49.209999084472656,48.310001373291016,48.47999954223633,877800,0.0,0.0,-0.006760946973364934
2016-11-29,48.59000015258789,50.540000915527344,48.439998626708984,50.09000015258789,2841600,0.0,0.0,0.03320958386043116
2016-11-30,50.04999923706055,50.33000183105469,48.9900016784668,49.22999954223633,2348000,0.0,0.0,-0.017169107760666047
2016-12-01,49.0,49.16999816894531,46.959999084472656,47.22999954223633,1658600,0.0,0.0,-0.040625635153299644
2016-12-02,47.0099983215332,48.040000915527344,46.27000045776367,47.459999084472656,1126000,0.0,0.0,0.004869776507845369
2016-12-05,47.47999954223633,48.56999969482422,47.47999954223633,48.40999984741211,994500,0.0,0.0,0.020016872761598137
2016-12-06,48.41999816894531,48.7400016784668,47.560001373291016,48.0,1368200,0.0,0.0,-0.008469321394431462
2016-12-07,48.040000915527344,49.13999938964844,48.0,49.02000045776367,799000,0.0,0.0,0.021250009536743164
2016-12-08,49.25,49.9900016784668,49.15999984741211,49.65999984741211,909900,0.0,0.0,0.013055882979843503
2016-12-09,49.90999984741211,50.560001373291016,49.29999923706055,49.779998779296875,796300,0.0,0.0,0.0024164102346653227
2016-12-12,49.7599983215332,50.15999984741211,49.5,50.029998779296875,996500,0.0,0.0,0.005022097350954047
2016-12-13,50.029998779296875,51.22999954223633,49.529998779296875,50.849998474121094,2558800,0.0,0.0,0.016390160200514536
2016-12-14,50.709999084472656,51.029998779296875,49.84000015258789,49.90999984741211,1182300,0.0,0.0,-0.01848571592755066
2016-12-15,50.150001525878906,51.34000015258789,49.27000045776367,50.459999084472656,1144800,0.0,0.0,0.011019820451653839
2016-12-16,50.36000061035156,50.70000076293945,49.150001525878906,49.25,1498600,0.0,0.0,-0.023979371906984293
2016-12-19,49.13999938964844,49.619998931884766,48.63999938964844,49.09000015258789,946700,0.0,0.0,-0.0032487278662357566
2016-12-20,49.09000015258789,49.959999084472656,48.84000015258789,49.91999816894531,680900,0.0,0.0,0.01690768005250587
2016-12-21,50.09000015258789,50.56999969482422,49.470001220703125,49.75,658200,0.0,0.0,-0.003405412163077104
2016-12-22,49.880001068115234,49.880001068115234,49.16999816894531,49.25,354100,0.0,0.0,-0.01005025125628145
2016-12-23,49.220001220703125,49.939998626708984,49.220001220703125,49.880001068115234,343400,0.0,0.0,0.0127918998602079
2016-12-27,50.13999938964844,50.529998779296875,49.45000076293945,49.72999954223633,1199200,0.0,0.0,-0.0030072478481719678
2016-12-28,49.81999969482422,50.25,48.91999816894531,49.25,904700,0.0,0.0,-0.009652112339728847
2016-12-29,49.25,49.66999816894531,48.959999084472656,49.58000183105469,418200,0.0,0.0,0.00670054479298865
2016-12-30,49.790000915527344,49.790000915527344,48.849998474121094,49.290000915527344,835000,0.0,0.0,-0.005849150964445937
2017-01-03,49.349998474121094,50.040000915527344,48.58000183105469,49.220001220703125,1074900,0.0,0.0,-0.0014201601445328338
2017-01-04,49.439998626708984,50.290000915527344,49.36000061035156,50.13999938964844,862300,0.0,0.0,0.018691551120042282
2017-01-05,50.119998931884766,50.689998626708984,49.36000061035156,49.36000061035156,779300,0.0,0.0,-0.015556417805978384
2017-01-06,49.400001525878906,50.34000015258789,49.31999969482422,49.95000076293945,1131100,0.0,0.0,0.011953001322778656
2017-01-09,49.869998931884766,50.66999816894531,49.59000015258789,50.459999084472656,1180600,0.0,0.0,0.010210176451320496
2017-01-10,50.31999969482422,51.04999923706055,50.060001373291016,50.810001373291016,632100,0.0,0.0,0.006936232563786504
2017-01-11,50.95000076293945,51.810001373291016,50.66999816894531,51.11000061035156,894900,0.0,0.0,0.0059043343623730316
2017-01-12,50.939998626708984,51.20000076293945,50.310001373291016,50.869998931884766,626600,0.0,0.0,-0.00469578703973228
2017-01-13,50.619998931884766,51.72999954223633,50.5099983215332,51.61000061035156,874600,0.0,0.0,0.014546917515324997
2017-01-17,51.540000915527344,51.70000076293945,51.0,51.400001525878906,773700,0.0,0.0,-0.004068961092601464
2017-01-18,51.599998474121094,51.849998474121094,51.349998474121094,51.790000915527344,613000,0.0,0.0,0.007587536538341988
2017-01-19,51.88999938964844,52.099998474121094,51.599998474121094,51.790000915527344,713000,0.0,0.0,0.0
2017-01-20,51.81999969482422,52.38999938964844,51.56999969482422,52.349998474121094,1043900,0.0,0.0,0.010812850911262606
2017-01-23,52.209999084472656,52.560001373291016,52.09000015258789,52.15999984741211,922000,0.0,0.0,-0.0036293912559121067
2017-01-24,52.25,53.33000183105469,51.83000183105469,53.18000030517578,894600,0.0,0.0,0.019555223557276902
2017-01-25,53.65999984741211,53.959999084472656,53.20000076293945,53.880001068115234,1089500,0.0,0.0,0.013162857444950493
2017-01-26,54.02000045776367,54.20000076293945,53.650001525878906,53.75,847400,0.0,0.0,-0.002412788892689255
2017-01-27,54.15999984741211,54.15999984741211,53.209999084472656,53.689998626708984,951900,0.0,0.0,-0.0011163046193677362
2017-01-30,53.5099983215332,53.650001525878906,52.880001068115234,53.4900016784668,736200,0.0,0.0,-0.0037250317257914167
2017-01-31,53.599998474121094,53.88999938964844,53.189998626708984,53.650001525878906,1058000,0.0,0.0,0.0029912103643945365
2017-02-01,53.65999984741211,55.470001220703125,53.349998474121094,54.36000061035156,1754100,0.0,0.0,0.013233906137545492
2017-02-02,54.18000030517578,54.810001373291016,53.869998931884766,54.79999923706055,1055100,0.0,0.0,0.008094161548357182
2017-02-03,55.0,55.470001220703125,53.79999923706055,53.93000030517578,1813700,0.0,0.0,-0.015875893138633357
2017-02-06,53.970001220703125,54.209999084472656,53.52000045776367,54.20000076293945,1354900,0.0,0.0,0.005006498354085176
2017-02-07,54.560001373291016,54.65999984741211,53.349998474121094,53.70000076293945,1904000,0.0,0.0,-0.009225092121066703
2017-02-08,56.040000915527344,56.709999084472656,53.41999816894531,53.709999084472656,3101500,0.0,0.0,0.00018618848028206791
2017-02-09,54.060001373291016,56.130001068115234,53.84000015258789,56.02000045776367,2790400,0.0,0.0,0.04300877699993899
2017-02-10,56.45000076293945,58.34000015258789,56.130001068115234,57.880001068115234,4129900,0.0,0.0,0.03320243832832359
2017-02-13,57.81999969482422,58.7599983215332,57.380001068115234,58.41999816894531,2324400,0.0,0.0,0.009329597285158808
2017-02-14,58.29999923706055,58.56999969482422,57.63999938964844,58.2599983215332,1530200,0.0,0.0,-0.002738785560201573
2017-02-15,58.15999984741211,59.560001373291016,57.849998474121094,59.439998626708984,1663600,0.0,0.0,0.020254039463980744
2017-02-16,59.709999084472656,60.20000076293945,59.470001220703125,59.970001220703125,1998400,0.0,0.0,0.008916598355303229
2017-02-17,60.02000045776367,60.15999984741211,58.88999938964844,59.689998626708984,4038200,0.0,0.0,-0.004669044327073935
2017-02-21,59.9900016784668,59.9900016784668,58.810001373291016,58.97999954223633,1747000,0.0,0.0,-0.01189477468265443
2017-02-22,58.7400016784668,58.7400016784668,57.959999084472656,58.439998626708984,1922700,0.0,0.0,-0.009155661575423468
2017-02-23,58.33000183105469,58.380001068115234,57.06999969482422,57.849998474121094,1895200,0.0,0.0,-0.010095827625811071
2017-02-24,57.349998474121094,57.880001068115234,57.189998626708984,57.560001373291016,1070500,0.0,0.0,-0.005012914580452499
2017-02-27,57.65999984741211,58.22999954223633,56.790000915527344,57.470001220703125,2042400,0.0,0.0,-0.0015635884371200115
2017-02-28,57.279998779296875,57.72999954223633,56.959999084472656,56.97999954223633,1062100,0.0,0.0,-0.008526216600988623
2017-03-01,57.15999984741211,59.06999969482422,57.119998931884766,58.79999923706055,2071700,0.0,0.0,0.031941026841798115
2017-03-02,58.709999084472656,58.7400016784668,57.77000045776367,57.880001068115234,705900,0.0,0.0,-0.015646227566027848
2017-03-03,57.869998931884766,58.369998931884766,57.40999984741211,58.119998931884766,825200,0.0,0.0,0.004146473036292786
2017-03-06,58.119998931884766,59.04999923706055,58.0,58.72999954223633,1144200,0.0,0.0,0.01049553719136287
2017-03-07,59.119998931884766,59.52000045776367,58.81999969482422,59.189998626708984,1296700,0.0,0.0,0.007832438073523962
2017-03-08,59.349998474121094,59.790000915527344,59.16999816894531,59.310001373291016,1031700,0.0,0.0,0.002027415937933208
2017-03-09,59.43000030517578,59.779998779296875,58.97999954223633,59.15999984741211,729100,0.0,0.0,-0.0025291101400387594
2017-03-10,59.619998931884766,59.83000183105469,58.95000076293945,59.0,1672900,0.0,0.0,-0.0027045275156319937
2017-03-13,59.41999816894531,59.959999084472656,59.2400016784668,59.5099983215332,1399100,0.0,0.0,0.008644039348020494
2017-03-14,59.13999938964844,59.709999084472656,59.11000061035156,59.25,898200,0.0,0.0,-0.004368985529598413
2017-03-15,59.38999938964844,59.45000076293945,58.22999954223633,59.02000045776367,1618500,0.0,0.0,-0.0038818488141152407
2017-03-16,59.099998474121094,59.29999923706055,58.400001525878906,58.5099983215332,1469000,0.0,0.0,-0.008641174725090739
2017-03-17,58.459999084472656,58.84000015258789,57.9900016784668,58.0099983215332,17634700,0.0,0.0,-0.00854554801475682
2017-03-20,58.209999084472656,58.470001220703125,57.619998931884766,57.88999938964844,1626600,0.0,0.0,-0.0020685905077887368
2017-03-21,57.95000076293945,58.099998474121094,56.5,56.599998474121094,1681900,0.0,0.0,-0.022283657438732285
2017-03-22,56.619998931884766,57.599998474121094,56.59000015258789,57.58000183105469,1266700,0.0,0.0,0.017314547409072345
2017-03-23,57.56999969482422,57.959999084472656,57.31999969482422,57.720001220703125,724700,0.0,0.0,0.002431389114213811
2017-03-24,57.70000076293945,59.02000045776367,57.70000076293945,58.119998931884766,1268700,0.0,0.0,0.006929967129629455
2017-03-27,57.41999816894531,58.86000061035156,57.33000183105469,58.56999969482422,1283200,0.0,0.0,0.0077426147833699055
2017-03-28,58.47999954223633,59.08000183105469,58.2599983215332,58.810001373291016,1336900,0.0,0.0,0.004097689597359011
2017-03-29,58.599998474121094,59.04999923706055,58.33000183105469,58.790000915527344,1007400,0.0,0.0,-0.00034008599382140403
2017-03-30,58.65999984741211,59.04999923706055,58.65999984741211,58.900001525878906,1082300,0.0,0.0,0.001871076860665788
2017-03-31,58.86000061035156,59.439998626708984,58.15999984741211,59.27000045776367,2359300,0.0,0.0,0.006281815319176154
2017-04-03,59.150001525878906,59.72999954223633,58.34000015258789,58.7400016784668,1375100,0.0,0.0,-0.008942108574380048
2017-04-04,58.54999923706055,58.72999954223633,57.75,57.849998474121094,1314900,0.0,0.0,-0.015151569269906351
2017-04-05,57.93000030517578,58.72999954223633,57.7599983215332,57.86000061035156,1178300,0.0,0.0,0.0001728977786394914
2017-04-06,57.83000183105469,58.380001068115234,57.4900016784668,58.04999923706055,1368800,0.0,0.0,0.003283764685529489
2017-04-07,57.81999969482422,58.529998779296875,57.54999923706055,58.470001220703125,1010800,0.0,0.0,0.007235176385229636
2017-04-10,58.540000915527344,58.83000183105469,58.150001525878906,58.43000030517578,1056200,0.0,0.0,-0.0006841271539631544
2017-04-11,58.29999923706055,58.599998474121094,57.7400016784668,58.41999816894531,958800,0.0,0.0,-0.00017118151939465864
2017-04-12,58.2400016784668,58.349998474121094,57.779998779296875,57.869998931884766,1000600,0.0,0.0,-0.009414571282080453
2017-04-13,57.779998779296875,58.189998626708984,57.36000061035156,57.529998779296875,1074300,0.0,0.0,-0.005875240346696509
2017-04-17,57.54999923706055,58.77000045776367,57.54999923706055,58.54999923706055,895100,0.0,0.0,0.017729888395734417
2017-04-18,58.43000030517578,59.439998626708984,58.189998626708984,59.38999938964844,1331400,0.0,0.0,0.01434671500484308
2017-04-19,59.470001220703125,60.72999954223633,59.34000015258789,60.45000076293945,1934600,0.0,0.0,0.017848145886254496
2017-04-20,60.779998779296875,62.150001525878906,60.43000030517578,62.029998779296875,1970900,0.0,0.0,0.026137270412179836
2017-04-21,62.150001525878906,62.66999816894531,61.95000076293945,62.290000915527344,1900000,0.0,0.0,0.004191554753298687
2017-04-24,63.279998779296875,63.279998779296875,62.52000045776367,62.54999923706055,1372300,0.0,0.0,0.004173997715713584
2017-04-25,63.06999969482422,63.25,62.439998626708984,62.630001068115234,1252100,0.0,0.0,0.0012790061076017878
2017-04-26,62.779998779296875,62.95000076293945,62.310001373291016,62.779998779296875,760400,0.0,0.0,0.0023949817758825986
2017-04-27,63.119998931884766,63.630001068115234,62.689998626708984,63.150001525878906,1387400,0.0,0.0,0.0058936405507552525
2017-04-28,63.34000015258789,63.70000076293945,62.709999084472656,62.849998474121094,979500,0.0,0.0,-0.004750642034978769
2017-05-01,63.06999969482422,64.08000183105469,62.720001220703125,63.97999954223633,1220300,0.0,0.0,0.017979333262522212
2017-05-02,63.97999954223633,64.11000061035156,63.58000183105469,64.08999633789062,605900,0.0,0.0,0.0017192372060221839
2017-05-03,63.79999923706055,64.02999877929688,63.439998626708984,63.9900016784668,834700,0.0,0.0,-0.0015602225797711755
2017-05-04,64.11000061035156,64.41999816894531,63.560001373291016,63.65999984741211,1050600,0.0,0.0,-0.00515708426939665
2017-05-05,63.54999923706055,65.44000244140625,63.54999923706055,65.41999816894531,1107700,0.0,0.0,0.027646847718375334
2017-05-08,65.58999633789062,65.83999633789062,64.88999938964844,65.05999755859375,1049800,0.0,0.0,-0.005502913794370179
2017-05-09,65.19999694824219,65.56999969482422,64.9000015258789,65.11000061035156,740200,0.0,0.0,0.0007685683005564936
2017-05-10,66.0999984741211,68.72000122070312,65.88999938964844,68.68000030517578,2983700,0.0,0.0,0.05483028200519846
2017-05-11,68.63999938964844,68.66000366210938,67.48999786376953,68.58999633789062,1969500,0.0,0.0,-0.0013104829191209477
2017-05-12,68.56999969482422,68.7699966430664,67.93000030517578,67.9800033569336,1550600,0.0,0.0,-0.008893322838975815
2017-05-15,68.0,69.30999755859375,67.8499984741211,69.2699966430664,1661600,0.0,0.0,0.0189760697621566
2017-05-16,69.4000015258789,70.52999877929688,69.31999969482422,70.37000274658203,1873800,0.0,0.0,0.01587997916592543
2017-05-17,69.79000091552734,69.9000015258789,66.23999786376953,66.5199966430664,2964700,0.0,0.0,-0.05471089886667124
2017-05-18,66.2699966430664,68.9000015258789,65.62999725341797,68.5999984741211,1382600,0.0,0.0,0.03126882044531021
2017-05-19,68.37000274658203,68.77999877929688,66.69999694824219,67.58000183105469,1757200,0.0,0.0,-0.014868756060558708
2017-05-22,68.5999984741211,70.06999969482422,68.12000274658203,69.04000091552734,4543700,0.0,0.0,0.021604010726761436
2017-05-23,72.5,76.69999694824219,71.16000366210938,72.83000183105469,11983100,0.0,0.0,0.05489572516322139
2017-05-24,73.76000213623047,77.76000213623047,73.30999755859375,77.7300033569336,5127600,0.0,0.0,0.06727998630626897
2017-05-25,78.83999633789062,79.58000183105469,78.01000213623047,78.52999877929688,3283900,0.0,0.0,0.010291977200743485
2017-05-26,78.69000244140625,78.87000274658203,76.9000015258789,77.06999969482422,2311900,0.0,0.0,-0.018591609667228948
2017-05-30,76.68000030517578,76.77999877929688,75.26000213623047,76.06999969482422,2665500,0.0,0.0,-0.012975217386268612
2017-05-31,76.37000274658203,77.16999816894531,75.77999877929688,76.73999786376953,1776900,0.0,0.0,0.008807653104156543
2017-06-01,76.7699966430664,78.5,76.76000213623047,78.12000274658203,1975500,0.0,0.0,0.01798286319035758
2017-06-02,76.20999908447266,78.16000366210938,76.11000061035156,77.6500015258789,1589100,0.0,0.0,-0.006016400463115579
2017-06-05,77.5999984741211,78.25,77.18000030517578,77.31999969482422,1014300,0.0,0.0,-0.0042498625186080385
2017-06-06,77.04000091552734,78.36000061035156,76.81999969482422,77.66000366210938,1462600,0.0,0.0,0.004397361208317685
2017-06-07,78.56999969482422,79.91999816894531,78.38999938964844,79.7699966430664,2541600,0.0,0.0,0.027169622475649025
2017-06-08,80.01000213623047,80.54000091552734,78.43000030517578,79.31999969482422,1616700,0.0,0.0,-0.0056411804836311585
2017-06-09,79.62000274658203,80.12000274658203,73.30999755859375,75.30000305175781,3839600,0.0,0.0,-0.05068074456042537
2017-06-12,73.83000183105469,74.83999633789062,71.19999694824219,73.83000183105469,4312300,0.0,0.0,-0.019521927770609904
2017-06-13,75.2699966430664,75.4000015258789,73.37000274658203,74.62000274658203,2209300,0.0,0.0,0.010700269483063352
2017-06-14,75.0,75.56999969482422,73.30000305175781,74.37999725341797,1326900,0.0,0.0,-0.0032163693960070017
2017-06-15,72.69999694824219,74.7300033569336,72.52999877929688,74.01000213623047,2760100,0.0,0.0,-0.004974390035628828
2017-06-16,73.47000122070312,75.06999969482422,73.37999725341797,74.16000366210938,2228000,0.0,0.0,0.002026773700165574
2017-06-19,74.91000366210938,75.58000183105469,73.69000244140625,74.0999984741211,2169800,0.0,0.0,-0.0008091314054092802
2017-06-20,74.19999694824219,74.83000183105469,73.04000091552734,73.0999984741211,1804900,0.0,0.0,-0.013495276931068223
2017-06-21,73.11000061035156,73.83000183105469,72.36000061035156,73.05000305175781,2155900,0.0,0.0,-0.0006839319207507799
2017-06-22,73.41000366210938,73.76000213623047,72.63999938964844,73.05000305175781,1505400,0.0,0.0,0.0
2017-06-23,72.91000366210938,74.23999786376953,72.62999725341797,72.87999725341797,11787800,0.0,0.0,-0.0023272524467848887
2017-06-26,73.41000366210938,74.23999786376953,72.1500015258789,73.56999969482422,1762900,0.0,0.0,0.009467651857984816
2017-06-27,73.36000061035156,73.62999725341797,71.13999938964844,71.16999816894531,2000400,0.0,0.0,-0.03262201353587546
2017-06-28,71.5,73.31999969482422,70.38999938964844,73.2699966430664,2400700,0.0,0.0,0.02950679398833289
2017-06-29,72.91999816894531,72.91999816894531,71.30000305175781,72.5199966430664,2893300,0.0,0.0,-0.010236113475664665
2017-06-30,72.7699966430664,74.27999877929688,72.70999908447266,73.37999725341797,2448700,0.0,0.0,0.011858806538345146
2017-07-03,73.52999877929688,73.93000030517578,71.80000305175781,72.06999969482422,1587600,0.0,0.0,-0.017852243221946007
2017-07-05,72.06999969482422,73.79000091552734,72.06999969482422,73.27999877929688,1516800,0.0,0.0,0.016789220058225585
2017-07-06,72.6500015258789,73.86000061035156,72.0999984741211,73.19999694824219,3126800,0.0,0.0,-0.0010917280620545977
2017-07-07,73.43000030517578,75.0999984741211,73.20999908447266,74.58999633789062,1669100,0.0,0.0,0.0189890634917822
2017-07-10,74.70999908447266,75.23999786376953,73.81999969482422,74.4800033569336,2570000,0.0,0.0,-0.0014746344866242156
2017-07-11,74.47000122070312,76.3499984741211,74.12000274658203,75.9000015258789,2352600,0.0,0.0,0.01906549550139247
2017-07-12,76.4000015258789,77.63999938964844,75.9000015258789,77.30999755859375,1606900,0.0,0.0,0.018577022455448677
2017-07-13,77.4800033569336,77.72000122070312,75.77999877929688,76.33000183105469,1444000,0.0,0.0,-0.012676183656535667
2017-07-14,76.48999786376953,76.94999694824219,75.97000122070312,76.20999908447266,674400,0.0,0.0,-0.0015721569986024697
2017-07-17,76.41999816894531,76.52999877929688,75.80999755859375,76.0999984741211,973300,0.0,0.0,-0.0014433881599924536
2017-07-18,75.94000244140625,77.73999786376953,75.75,77.47000122070312,1383300,0.0,0.0,0.01800266457361266
2017-07-19,77.80999755859375,78.5,76.80999755859375,78.43000030517578,2015200,0.0,0.0,0.01239188162315541
2017-07-20,78.29000091552734,79.01000213623047,77.37000274658203,78.02999877929688,1209900,0.0,0.0,-0.005100108687013605
2017-07-21,77.6500015258789,79.2699966430664,77.63999938964844,79.25,1416400,0.0,0.0,0.01563502806342254
2017-07-24,79.2699966430664,79.91000366210938,79.0199966430664,79.66999816894531,2802200,0.0,0.0,0.005299661437795811
2017-07-25,79.69999694824219,81.12999725341797,79.2699966430664,80.8499984741211,6770100,0.0,0.0,0.014811099940952976
2017-07-26,80.94000244140625,81.48999786376953,80.31999969482422,81.45999908447266,1446200,0.0,0.0,0.007544843807842705
2017-07-27,81.80000305175781,82.79000091552734,78.1500015258789,79.70999908447266,2798200,0.0,0.0,-0.021482936651954554
2017-07-28,79.06999969482422,80.87999725341797,78.54000091552734,80.0999984741211,1502800,0.0,0.0,0.004892728567656102
2017-07-31,80.36000061035156,80.86000061035156,79.38999938964844,79.4800033569336,1054100,0.0,0.0,-0.007740263782749168
2017-08-01,79.79000091552734,80.41999816894531,79.0,79.93000030517578,1207700,0.0,0.0,0.005661763075440751
2017-08-02,80.43000030517578,80.5999984741211,78.0999984741211,79.38999938964844,2508800,0.0,0.0,-0.0067559228508145
2017-08-03,87.23999786376953,89.9000015258789,86.0199966430664,89.08999633789062,10940200,0.0,0.0,0.1221815974658762
2017-08-04,89.5,89.91000366210938,86.76000213623047,87.70999908447266,3212300,0.0,0.0,-0.01548992378655023
2017-08-07,88.16999816894531,91.12999725341797,87.66000366210938,90.5199966430664,2450500,0.0,0.0,0.03203736846340033
2017-08-08,90.30999755859375,92.22000122070312,90.30999755859375,91.5199966430664,3326300,0.0,0.0,0.011047282778225753
2017-08-09,90.0,92.02999877929688,89.5199966430664,90.97000122070312,1469700,0.0,0.0,-0.0060095655871612585
2017-08-10,90.38999938964844,90.9000015258789,88.26000213623047,88.31999969482422,1851600,0.0,0.0,-0.029130498959208717
2017-08-11,88.0999984741211,90.16999816894531,88.01000213623047,89.30000305175781,1100600,0.0,0.0,0.011096052539853352
2017-08-14,89.95999908447266,90.9800033569336,89.81999969482422,90.70999908447266,821000,0.0,0.0,0.015789428718133713
2017-08-15,91.05999755859375,91.27999877929688,89.87000274658203,90.66000366210938,696800,0.0,0.0,-0.0005511566846861937
2017-08-16,91.08000183105469,92.48999786376953,90.51000213623047,92.0199966430664,1211900,0.0,0.0,0.015001024994723444
2017-08-17,91.66999816894531,92.26000213623047,90.80999755859375,90.94000244140625,947000,0.0,0.0,-0.011736516420983056
2017-08-18,90.81999969482422,93.08999633789062,90.01000213623047,92.06999969482422,1173400,0.0,0.0,0.012425744700700125
2017-08-21,92.08000183105469,92.68000030517578,91.2699966430664,91.9800033569336,691500,0.0,0.0,-0.0009774773345164744
2017-08-22,92.62999725341797,95.11000061035156,92.3499984741211,94.94999694824219,1625400,0.0,0.0,0.03228955732675254
2017-08-23,94.16000366210938,95.16000366210938,94.16000366210938,94.4000015258789,795800,0.0,0.0,-0.005792474355350241
2017-08-24,94.81999969482422,95.69999694824219,93.69000244140625,95.25,1207800,0.0,0.0,0.009004220978620081
2017-08-25,95.75,96.43000030517578,93.88999938964844,94.63999938964844,1159100,0.0,0.0,-0.006404205882955982
2017-08-28,95.36000061035156,96.29000091552734,95.26000213623047,95.80999755859375,1323400,0.0,0.0,0.012362618094789335
2017-08-29,94.83999633789062,96.43000030517578,94.63999938964844,95.79000091552734,703900,0.0,0.0,-0.00020871144531842134
2017-08-30,96.11000061035156,98.3499984741211,95.87000274658203,97.6500015258789,1403700,0.0,0.0,0.019417481914336898
2017-08-31,98.0,98.44999694824219,97.19999694824219,97.79000091552734,1229400,0.0,0.0,0.00143368548346956
2017-09-01,97.7699966430664,97.91000366210938,95.33999633789062,95.87999725341797,1758500,0.0,0.0,-0.019531686718760377
2017-09-05,95.68000030517578,97.30000305175781,94.68000030517578,97.08999633789062,1748300,0.0,0.0,0.012619932406490841
2017-09-06,97.5199966430664,98.1500015258789,95.4000015258789,95.81999969482422,905900,0.0,0.0,-0.013080612740437148
2017-09-07,96.19999694824219,100.1500015258789,95.91000366210938,99.5,1900600,0.0,0.0,0.03840534665932127
2017-09-08,100.31999969482422,100.58999633789062,98.7699966430664,99.62000274658203,1256000,0.0,0.0,0.0012060577545933704
2017-09-11,100.48999786376953,101.4000015258789,99.4000015258789,100.11000061035156,2310700,0.0,0.0,0.00491866944649666
2017-09-12,100.73999786376953,100.97000122070312,98.25,99.94999694824219,1347100,0.0,0.0,-0.001598278504983175
2017-09-13,99.83000183105469,100.13999938964844,98.66999816894531,98.77999877929688,1001900,0.0,0.0,-0.011705834964168993
2017-09-14,98.79000091552734,99.9000015258789,97.93000030517578,99.38999938964844,961500,0.0,0.0,0.006175345392689158
2017-09-15,99.41000366210938,100.38999938964844,98.87999725341797,100.38999938964844,2323600,0.0,0.0,0.010061374445527571
2017-09-18,100.80999755859375,101.87000274658203,100.72000122070312,100.81999969482422,1178200,0.0,0.0,0.004283298214863063
2017-09-19,101.77999877929688,102.77999877929688,100.5999984741211,102.37999725341797,1201600,0.0,0.0,0.015473096243957096
2017-09-20,102.44999694824219,103.27999877929688,101.25,102.95999908447266,1425000,0.0,0.0,0.005665187015184481
2017-09-21,102.88999938964844,102.94999694824219,100.51000213623047,101.72000122070312,1307700,0.0,0.0,-0.012043491402444428
2017-09-22,101.37000274658203,103.04000091552734,101.06999969482422,102.83999633789062,1361300,0.0,0.0,0.011010569246429958
2017-09-25,102.95999908447266,103.7300033569336,95.94000244140625,97.62000274658203,4260500,0.0,0.0,-0.05075839923367764
2017-09-26,98.06999969482422,98.4800033569336,96.77999877929688,97.4800033569336,2394100,0.0,0.0,-0.0014341260572576786
2017-09-27,97.87999725341797,100.68000030517578,97.87999725341797,100.12999725341797,1671700,0.0,0.0,0.027185000053612463
2017-09-28,100.19999694824219,101.37999725341797,99.20999908447266,100.88999938964844,1011100,0.0,0.0,0.0075901543700933605
2017-09-29,101.0,102.27999877929688,100.73999786376953,102.2300033569336,2225000,0.0,0.0,0.0132818314539771
2017-10-02,102.44000244140625,103.0,99.86000061035156,100.43000030517578,1427700,0.0,0.0,-0.01760738523575256
2017-10-03,100.43000030517578,101.18000030517578,99.9000015258789,101.06999969482422,1035600,0.0,0.0,0.006372591732586752
2017-10-04,101.0999984741211,103.16999816894531,100.0,102.9800033569336,1577700,0.0,0.0,0.018897829898847585
2017-10-05,103.19999694824219,104.63999938964844,102.29000091552734,104.47000122070312,1401700,0.0,0.0,0.014468807683032603
2017-10-06,104.22000122070312,107.52999877929688,104.22000122070312,107.2300033569336,1879500,0.0,0.0,0.026419087814498088
2017-10-09,105.0,105.18000030517578,102.47000122070312,104.11000061035156,2685800,0.0,0.0,-0.029096359683926876
2017-10-10,104.43000030517578,104.58000183105469,102.08000183105469,102.66999816894531,1779200,0.0,0.0,-0.01383154771841455
2017-10-11,102.58000183105469,104.79000091552734,102.30999755859375,103.5999984741211,1035800,0.0,0.0,0.009058150596686021
2017-10-12,103.47000122070312,104.33999633789062,102.79000091552734,103.44000244140625,882600,0.0,0.0,-0.0015443632728895373
2017-10-13,104.19000244140625,104.75,103.55000305175781,104.58000183105469,2090500,0.0,0.0,0.01102087550988018
2017-10-16,105.0,105.26000213623047,104.37999725341797,104.77999877929688,725100,0.0,0.0,0.0019123823363980108
2017-10-17,104.58999633789062,104.81999969482422,103.2699966430664,103.9000015258789,752400,0.0,0.0,-0.008398523226475163
2017-10-18,105.0199966430664,105.37000274658203,104.0999984741211,104.61000061035156,891900,0.0,0.0,0.006833484832007519
2017-10-19,103.58999633789062,104.80999755859375,102.0999984741211,104.55999755859375,1132300,0.0,0.0,-0.00047799494757738703
2017-10-20,104.9800033569336,105.29000091552734,104.56999969482422,104.93000030517578,693400,0.0,0.0,0.0035386644531498757
2017-10-23,105.6500015258789,105.87000274658203,104.44999694824219,105.01000213623047,685000,0.0,0.0,0.000762430485295118
2017-10-24,105.37000274658203,105.86000061035156,104.87000274658203,105.22000122070312,1237200,0.0,0.0,0.0019998007827886077
2017-10-25,105.69999694824219,105.69999694824219,103.30999755859375,104.87000274658203,1033700,0.0,0.0,-0.003326349268775952
2017-10-26,105.0,105.79000091552734,104.23999786376953,105.43000030517578,839000,0.0,0.0,0.005339921273264325
2017-10-27,105.9000015258789,108.04000091552734,105.47000122070312,107.83999633789062,1383500,0.0,0.0,0.02285873115563808
2017-10-30,108.48999786376953,110.0,108.04000091552734,109.70999908447266,1663600,0.0,0.0,0.017340530508948016
2017-10-31,110.01000213623047,110.86000061035156,108.98999786376953,110.6500015258789,1755500,0.0,0.0,0.00856806534728416
2017-11-01,110.91000366210938,111.11000061035156,108.83000183105469,110.55999755859375,1684400,0.0,0.0,-0.0008134113515047003
2017-11-02,110.38999938964844,110.7699966430664,108.5,108.5,1361600,0.0,0.0,-0.018632395116524925
2017-11-03,109.54000091552734,110.38999938964844,108.16000366210938,108.93000030517578,1957700,0.0,0.0,0.003963136453233096
2017-11-06,109.45999908447266,109.61000061035156,106.2300033569336,107.0,2484400,0.0,0.0,-0.017717803174228774
2017-11-07,106.63999938964844,106.87000274658203,103.87999725341797,106.38999938964844,4612500,0.0,0.0,-0.005700940283659417
2017-11-08,120.0,120.62000274658203,116.3499984741211,117.6500015258789,8318000,0.0,0.0,0.10583703544344636
2017-11-09,117.0999984741211,117.23999786376953,113.87000274658203,115.16000366210938,3152000,0.0,0.0,-0.021164452456227334
2017-11-10,114.91000366210938,115.9000015258789,114.05999755859375,115.68000030517578,2089700,0.0,0.0,0.004515427462056465
2017-11-13,114.69000244140625,119.16999816894531,114.58000183105469,118.26000213623047,2736100,0.0,0.0,0.022302920334097198
2017-11-14,118.25,119.27999877929688,117.3499984741211,118.87999725341797,2160300,0.0,0.0,0.005242644224488391
2017-11-15,117.9000015258789,118.80000305175781,116.37000274658203,117.37000274658203,1730400,0.0,0.0,-0.012701838338850746
2017-11-16,118.94999694824219,119.70999908447266,118.0999984741211,118.9000015258789,1837000,0.0,0.0,0.013035688365794496
2017-11-17,118.68000030517578,119.38999938964844,116.36000061035156,117.81999969482422,3142300,0.0,0.0,-0.0090832785298125
2017-11-20,118.0999984741211,118.3499984741211,117.05000305175781,117.4000015258789,1125600,0.0,0.0,-0.003564744271203457
2017-11-21,117.94999694824219,120.20999908447266,117.94999694824219,119.0199966430664,1561000,0.0,0.0,0.013798936082896063
2017-11-22,119.19999694824219,119.70999908447266,117.20999908447266,117.94000244140625,1341400,0.0,0.0,-0.009074056730979385
2017-11-24,118.02999877929688,118.4000015258789,117.58999633789062,117.87999725341797,1101000,0.0,0.0,-0.000508777232034463
2017-11-27,118.0,118.1500015258789,116.5,117.79000091552734,1603900,0.0,0.0,-0.0007634572445497367
2017-11-28,118.33999633789062,119.12000274658203,116.0999984741211,116.19000244140625,1790300,0.0,0.0,-0.013583482992487017
2017-11-29,115.37000274658203,116.0,108.41000366210938,111.44999694824219,4408400,0.0,0.0,-0.04079529558108419
2017-11-30,112.44000244140625,113.47000122070312,110.47000122070312,111.55000305175781,7184600,0.0,0.0,0.0008973181359714921
2017-12-01,111.05000305175781,112.0,107.80999755859375,110.76000213623047,2968100,0.0,0.0,-0.007082034010889249
2017-12-04,111.27999877929688,111.38999938964844,99.87000274658203,102.11000061035156,7430400,0.0,0.0,-0.07809679811345382
2017-12-05,101.43000030517578,105.41000366210938,100.55999755859375,104.19000244140625,3928500,0.0,0.0,0.02037020682226709
2017-12-06,103.61000061035156,105.5199966430664,103.05000305175781,104.88999938964844,1934800,0.0,0.0,0.006718465609364399
2017-12-07,104.72000122070312,108.2699966430664,104.58000183105469,106.54000091552734,1973100,0.0,0.0,0.01573078020288121
2017-12-08,107.62000274658203,108.95999908447266,106.43000030517578,106.80999755859375,1726000,0.0,0.0,0.0025342279026305814
2017-12-11,107.0,108.4000015258789,105.69000244140625,108.2300033569336,1656200,0.0,0.0,0.013294689924141734
2017-12-12,107.94999694824219,108.38999938964844,107.11000061035156,107.62000274658203,1271100,0.0,0.0,-0.005636150710813803
2017-12-13,108.0,110.16000366210938,106.86000061035156,107.73999786376953,2093600,0.0,0.0,0.0011149889809058955
2017-12-14,107.33000183105469,110.58000183105469,107.25,109.0199966430664,1918700,0.0,0.0,0.011880441847746726
2017-12-15,109.48999786376953,111.94999694824219,109.36000061035156,111.19000244140625,5777100,0.0,0.0,0.01990465845861733
2017-12-18,113.80000305175781,114.45999908447266,108.95999908447266,110.31999969482422,2541100,0.0,0.0,-0.00782446917420021
2017-12-19,109.7699966430664,110.61000061035156,108.56999969482422,109.27999877929688,2286000,0.0,0.0,-0.009427129427159842
2017-12-20,109.86000061035156,109.86000061035156,107.66000366210938,108.75,995600,0.0,0.0,-0.004849915677316852
2017-12-21,108.66000366210938,111.16000366210938,107.45999908447266,110.45999908447266,1131500,0.0,0.0,0.015724129512392215
2017-12-22,110.54000091552734,110.76000213623047,108.97000122070312,109.13999938964844,725000,0.0,0.0,-0.01195002449542637
2017-12-26,108.87000274658203,109.0199966430664,107.68000030517578,108.25,612300,0.0,0.0,-0.008154658187883856
2017-12-27,108.61000061035156,109.79000091552734,107.52999877929688,107.80000305175781,962800,0.0,0.0,-0.0041570156881495235
2017-12-28,108.30000305175781,109.80999755859375,107.12000274658203,109.58999633789062,785300,0.0,0.0,0.01660476099683761
2017-12-29,109.4000015258789,110.22000122070312,108.25,109.77999877929688,1196900,0.0,0.0,0.001733757165393257
2018-01-02,110.02999877929688,113.06999969482422,109.55000305175781,112.87999725341797,1569300,0.0,0.0,0.0282382811859323
2018-01-03,113.47000122070312,114.69999694824219,112.73999786376953,113.87999725341797,1451500,0.0,0.0,0.008858965488411474
2018-01-04,114.91999816894531,115.27999877929688,112.58999633789062,114.0199966430664,1319300,0.0,0.0,0.0012293589131100457
2018-01-05,114.91000366210938,117.19000244140625,114.27999877929688,116.91000366210938,1513600,0.0,0.0,0.02534649275679235
2018-01-08,116.5,120.18000030517578,115.11000061035156,117.37000274658203,1591400,0.0,0.0,0.00393464263162735
2018-01-09,117.7699966430664,118.16999816894531,113.76000213623047,114.91000366210938,1704800,0.0,0.0,-0.020959351000307436
2018-01-10,113.91999816894531,115.76000213623047,113.1500015258789,115.55000305175781,1394900,0.0,0.0,0.005569570701001281
2018-01-11,116.31999969482422,118.4800033569336,115.4000015258789,116.9800033569336,1355600,0.0,0.0,0.012375597294750795
2018-01-12,116.94999694824219,118.9000015258789,115.8499984741211,117.30000305175781,1758100,0.0,0.0,0.002735507656362657
2018-01-16,118.06999969482422,118.12999725341797,113.0999984741211,113.95999908447266,2093000,0.0,0.0,-0.028474031375867903
2018-01-17,114.69999694824219,116.97000122070312,113.72000122070312,116.08999633789062,1598200,0.0,0.0,0.01869074473964427
2018-01-18,115.77999877929688,118.19999694824219,114.45999908447266,117.2699966430664,1378900,0.0,0.0,0.010164530471181044
2018-01-19,117.70999908447266,118.61000061035156,117.2300033569336,118.05000305175781,1272300,0.0,0.0,0.006651372311926584
2018-01-22,117.7699966430664,119.43000030517578,116.91999816894531,118.4000015258789,1157600,0.0,0.0,0.0029648324021442907
2018-01-23,118.33000183105469,118.91999816894531,116.41000366210938,116.80999755859375,2236300,0.0,0.0,-0.013429087388462824
2018-01-24,117.33999633789062,117.33999633789062,114.54000091552734,116.23999786376953,1576000,0.0,0.0,-0.004879716691529756
2018-01-25,116.73999786376953,117.80999755859375,115.47000122070312,117.19999694824219,905000,0.0,0.0,0.00825876722397867
2018-01-26,117.97000122070312,119.37000274658203,116.81999969482422,119.37000274658203,1215600,0.0,0.0,0.018515408317784754
2018-01-29,119.0,122.20999908447266,118.69999694824219,119.29000091552734,2161600,0.0,0.0,-0.0006702004625444014
2018-01-30,117.5,120.58000183105469,116.66999816894531,118.30999755859375,1611800,0.0,0.0,-0.008215301780637563
2018-01-31,120.98999786376953,127.7699966430664,120.98999786376953,126.66999816894531,3753100,0.0,0.0,0.07066182725776171
2018-02-01,126.8499984741211,129.25,119.05000305175781,124.63999938964844,5069200,0.0,0.0,-0.016025884650202493
2018-02-02,123.12999725341797,125.43000030517578,120.51000213623047,121.66999816894531,2256300,0.0,0.0,-0.023828636354677246
2018-02-05,119.86000061035156,123.31999969482422,116.38999938964844,117.33000183105469,2631600,0.0,0.0,-0.03567022604754466
2018-02-06,113.0,118.33000183105469,113.0,118.2699966430664,3545700,0.0,0.0,0.008011546896293797
2018-02-07,118.7699966430664,120.33999633789062,116.75,117.19000244140625,3554500,0.0,0.0,-0.009131599157134795
2018-02-08,112.0,115.5999984741211,103.22000122070312,103.51000213623047,7893500,0.0,0.0,-0.11673350985734154
2018-02-09,105.5,109.08999633789062,102.16000366210938,108.44999694824219,5299800,0.0,0.0,0.047724806396102215
2018-02-12,109.29000091552734,112.23999786376953,108.69999694824219,109.93000030517578,3250900,0.0,0.0,0.013646873200373832
2018-02-13,108.52999877929688,109.30999755859375,106.7300033569336,107.77999877929688,2090600,0.0,0.0,-0.019557914308289903
2018-02-14,106.9800033569336,108.8499984741211,106.29000091552734,106.55999755859375,2541900,0.0,0.0,-0.011319365694198447
2018-02-15,107.58999633789062,108.8499984741211,105.6500015258789,108.16000366210938,2555400,0.0,0.0,0.015015072636763493
2018-02-16,108.11000061035156,108.97000122070312,106.6500015258789,107.04000091552734,1858300,0.0,0.0,-0.010355054628889526
2018-02-20,106.44000244140625,108.31999969482422,106.44000244140625,107.4800033569336,1230500,0.0,0.0,0.004110635628203019
2018-02-21,107.5999984741211,110.2699966430664,107.58999633789062,108.54000091552734,1784800,0.0,0.0,0.009862276939772485
2018-02-22,108.98999786376953,109.87000274658203,108.0999984741211,108.62999725341797,1114500,0.0,0.0,0.0008291536496360941
2018-02-23,109.56999969482422,111.83999633789062,108.5,111.6500015258789,1422600,0.0,0.0,0.02780083171148129
2018-02-26,112.5999984741211,115.44000244140625,112.5199966430664,114.58000183105469,1979200,0.0,0.0,0.02624272516912285
2018-02-27,114.31999969482422,115.12000274658203,112.20999908447266,112.2300033569336,1039300,0.0,0.0,-0.020509673909641868
2018-02-28,113.55000305175781,114.16999816894531,111.80000305175781,111.87000274658203,2039200,0.0,0.0,-0.0032077038187963147
2018-03-01,111.61000061035156,112.98999786376953,106.87999725341797,107.54000091552734,2372800,0.0,0.0,-0.038705655892968927
2018-03-02,106.83999633789062,111.20999908447266,105.80999755859375,110.7699966430664,1768100,0.0,0.0,0.030035295704304632
2018-03-05,110.02999877929688,112.81999969482422,109.43000030517578,111.93000030517578,1388400,0.0,0.0,0.010472182876805958
2018-03-06,112.37999725341797,112.97000122070312,109.05000305175781,110.70999908447266,1820900,0.0,0.0,-0.010899680312488225
2018-03-07,109.62000274658203,111.38999938964844,108.25,110.94000244140625,1977000,0.0,0.0,0.00207753011322942
2018-03-08,111.61000061035156,113.7300033569336,110.20999908447266,113.58000183105469,3161500,0.0,0.0,0.023796640810809233
2018-03-09,114.4800033569336,116.83000183105469,113.58999633789062,116.61000061035156,2377100,0.0,0.0,0.02667722072943679
2018-03-12,115.8499984741211,117.3499984741211,113.88999938964844,115.73999786376953,3860000,0.0,0.0,-0.007460790172612364
2018-03-13,115.8499984741211,117.3499984741211,111.97000122070312,113.48999786376953,3629500,0.0,0.0,-0.019440124775605527
2018-03-14,111.58000183105469,111.62999725341797,106.0999984741211,109.2300033569336,5457400,0.0,0.0,-0.03753629911906009
2018-03-15,109.3499984741211,110.4000015258789,107.83999633789062,108.9000015258789,3535400,0.0,0.0,-0.003021164706699997
2018-03-16,108.94000244140625,109.72000122070312,106.25,107.29000091552734,25385700,0.0,0.0,-0.014784211090841604
2018-03-19,106.27999877929688,107.01000213623047,102.54000091552734,104.5,5002200,0.0,0.0,-0.026004295756544837
2018-03-20,105.33999633789062,106.51000213623047,104.36000061035156,105.23999786376953,2894800,0.0,0.0,0.007081319270521913
2018-03-21,105.01000213623047,106.06999969482422,103.87999725341797,104.7300033569336,2053800,0.0,0.0,-0.004846014036375301
2018-03-22,103.4000015258789,104.75,102.26000213623047,102.38999938964844,2658100,0.0,0.0,-0.02234320531156786
2018-03-23,102.29000091552734,103.87000274658203,99.63999938964844,99.69999694824219,2202400,0.0,0.0,-0.0262721208852571
2018-03-26,101.77999877929688,103.2699966430664,101.62999725341797,103.0999984741211,2499300,0.0,0.0,0.03410232326931739
2018-03-27,103.62999725341797,104.19999694824219,97.70999908447266,98.04000091552734,3719500,0.0,0.0,-0.04907854154686386
2018-03-28,97.69000244140625,98.8499984741211,95.54000091552734,97.45999908447266,4249500,0.0,0.0,-0.005915971293741884
2018-03-29,98.08999633789062,99.7699966430664,95.91999816894531,97.77999877929688,3102800,0.0,0.0,0.003283395216809426
2018-04-02,96.31999969482422,96.98999786376953,93.91999816894531,95.91999816894531,4120300,0.0,0.0,-0.019022301427409904
2018-04-03,96.6500015258789,96.77999877929688,93.41999816894531,95.86000061035156,2327100,0.0,0.0,-0.0006254958271378896
2018-04-04,93.48999786376953,97.37999725341797,92.80999755859375,96.95999908447266,3135500,0.0,0.0,0.01147505181637043
2018-04-05,99.19999694824219,100.58999633789062,97.95999908447266,98.62999725341797,2864000,0.0,0.0,0.01722357863772661
2018-04-06,97.87000274658203,98.41000366210938,93.9000015258789,94.62999725341797,2005800,0.0,0.0,-0.04055561301215982
2018-04-09,95.20999908447266,97.62000274658203,95.0199966430664,96.51000213623047,2168000,0.0,0.0,0.01986690201182051
2018-04-10,98.5199966430664,99.19000244140625,96.62000274658203,97.63999938964844,1966800,0.0,0.0,0.011708602511715904
2018-04-11,96.76000213623047,97.94999694824219,96.47000122070312,96.62000274658203,1235400,0.0,0.0,-0.010446503988554401
2018-04-12,96.81999969482422,98.95999908447266,96.47000122070312,97.83999633789062,1580100,0.0,0.0,0.012626718656885583
2018-04-13,98.80999755859375,99.0,96.58999633789062,97.19000244140625,1398300,0.0,0.0,-0.006643437457209411
2018-04-16,97.93000030517578,98.87000274658203,97.2699966430664,98.47000122070312,1004900,0.0,0.0,0.013170066335460362
2018-04-17,99.54000091552734,102.48999786376953,99.29000091552734,102.20999908447266,2053100,0.0,0.0,0.037981088833207055
2018-04-18,102.16000366210938,103.1500015258789,100.94999694824219,102.5,1477100,0.0,0.0,0.0028373047463552403
2018-04-19,101.61000061035156,102.16999816894531,99.95999908447266,100.7699966430664,1297900,0.0,0.0,-0.016878081531059408
2018-04-20,100.45999908447266,100.75,97.27999877929688,98.37999725341797,1753300,0.0,0.0,-0.0237173709364501
2018-04-23,98.55999755859375,100.08000183105469,97.5,98.12000274658203,1247600,0.0,0.0,-0.0026427578175898248
2018-04-24,98.79000091552734,99.91000366210938,95.54000091552734,96.37999725341797,1428500,0.0,0.0,-0.01773344317629133
2018-04-25,96.52999877929688,97.11000061035156,94.58999633789062,96.22000122070312,1444800,0.0,0.0,-0.001660054339845618
2018-04-26,97.0999984741211,99.87999725341797,97.0999984741211,99.19000244140625,1617900,0.0,0.0,0.03086677596158749
2018-04-27,99.97000122070312,100.08000183105469,97.31999969482422,98.62999725341797,1064300,0.0,0.0,-0.005645782580952052
2018-04-30,100.41999816894531,100.62999725341797,98.19999694824219,99.70999908447266,1297700,0.0,0.0,0.010950034078169413
2018-05-01,99.37000274658203,104.37000274658203,99.16999816894531,104.30000305175781,2736900,0.0,0.0,0.04603353735262372
2018-05-02,104.05000305175781,106.41999816894531,103.69000244140625,104.87999725341797,2585900,0.0,0.0,0.005560826315339051
2018-05-03,104.25,110.81999969482422,98.87000274658203,105.0999984741211,9052300,0.0,0.0,0.002097647086808596
2018-05-04,104.04000091552734,110.0,104.04000091552734,108.76000213623047,2368700,0.0,0.0,0.03482401251423983
2018-05-07,110.27999877929688,110.83999633789062,107.79000091552734,110.19999694824219,2127600,0.0,0.0,0.013240113862888814
2018-05-08,110.41999816894531,112.45999908447266,109.66999816894531,111.30000305175781,2659300,0.0,0.0,0.009981906841905586
2018-05-09,113.12999725341797,117.38999938964844,111.94000244140625,115.98999786376953,3122700,0.0,0.0,0.04213831701182191
2018-05-10,116.68000030517578,117.4000015258789,115.37000274658203,117.05999755859375,1971200,0.0,0.0,0.009224930722741664
2018-05-11,117.1500015258789,117.37000274658203,115.3499984741211,116.08999633789062,1931000,0.0,0.0,-0.008286359481748606
2018-05-14,116.94000244140625,117.08999633789062,113.6500015258789,114.4000015258789,2438000,0.0,0.0,-0.014557626542538893
2018-05-15,113.22000122070312,113.81999969482422,111.94000244140625,113.47000122070312,2339700,0.0,0.0,-0.008129373188560662
2018-05-16,113.51000213623047,114.94999694824219,112.43000030517578,113.06999969482422,4140600,0.0,0.0,-0.0035251742449609047
2018-05-17,113.33000183105469,118.91000366210938,112.51000213623047,113.87999725341797,6114400,0.0,0.0,0.00716368232758402
2018-05-18,113.0,116.0,112.70999908447266,115.80999755859375,2533000,0.0,0.0,0.016947667296487
2018-05-21,116.56999969482422,118.44000244140625,113.9000015258789,115.95999908447266,2436800,0.0,0.0,0.0012952381404118807
2018-05-22,115.95999908447266,116.48999786376953,113.0,113.23999786376953,1274700,0.0,0.0,-0.023456374975664662
2018-05-23,112.0999984741211,112.88999938964844,111.16000366210938,112.5999984741211,2144300,0.0,0.0,-0.005651707892279978
2018-05-24,112.41000366210938,112.61000061035156,109.86000061035156,112.06999969482422,1544700,0.0,0.0,-0.004706916398570682
2018-05-25,111.87000274658203,112.75,111.27999877929688,112.0199966430664,1058300,0.0,0.0,-0.00044617695988202755
2018-05-29,110.80000305175781,111.83999633789062,109.7300033569336,110.77999877929688,2132800,0.0,0.0,-0.0110694331452319
2018-05-30,111.5199966430664,111.94999694824219,109.91999816894531,110.62999725341797,1207700,0.0,0.0,-0.0013540488132496309
2018-05-31,110.88999938964844,114.04000091552734,110.19000244140625,112.08000183105469,2182100,0.0,0.0,0.013106793940482753
2018-06-01,112.55000305175781,114.87000274658203,111.30999755859375,114.58999633789062,1482600,0.0,0.0,0.022394668681567476
2018-06-04,114.26000213623047,115.75,112.76000213623047,113.68000030517578,1416700,0.0,0.0,-0.007941321771505638
2018-06-05,111.30000305175781,114.0,111.08999633789062,113.26000213623047,2375100,0.0,0.0,-0.0036945651637739774
2018-06-06,113.91999816894531,114.31999969482422,112.11000061035156,112.58999633789062,1338600,0.0,0.0,-0.005915643525540082
2018-06-07,112.5999984741211,113.7699966430664,111.70999908447266,113.41999816894531,1175900,0.0,0.0,0.007371896776368958
2018-06-08,113.06999969482422,114.7699966430664,112.01000213623047,113.41999816894531,1248800,0.0,0.0,0.0
2018-06-11,113.77999877929688,114.94000244140625,112.93000030517578,113.31999969482422,1079900,0.0,0.0,-0.0008816652771598266
2018-06-12,113.33000183105469,114.79000091552734,113.20999908447266,114.69999694824219,1675600,0.0,0.0,0.012177879078135945
2018-06-13,115.0,119.37999725341797,115.0,118.45999908447266,3050700,0.0,0.0,0.032781187761732555
2018-06-14,119.20999908447266,123.0999984741211,118.87999725341797,121.83999633789062,3060400,0.0,0.0,0.028532815123590627
2018-06-15,121.87000274658203,123.19000244140625,120.37999725341797,121.51000213623047,2539800,0.0,0.0,-0.0027084226163713865
2018-06-18,120.86000061035156,120.91999816894531,119.38999938964844,120.69000244140625,1309800,0.0,0.0,-0.006748413138079612
2018-06-19,118.91000366210938,120.0199966430664,116.47000122070312,117.83000183105469,1464100,0.0,0.0,-0.02369707972903612
2018-06-20,118.88999938964844,119.05000305175781,117.18000030517578,118.01000213623047,1390600,0.0,0.0,0.0015276271100621575
2018-06-21,118.05000305175781,118.55999755859375,115.83000183105469,116.5,1165000,0.0,0.0,-0.012795543673385645
2018-06-22,117.0,118.51000213623047,115.19999694824219,116.95999908447266,3053400,0.0,0.0,0.00394848999547337
2018-06-25,115.63999938964844,117.19000244140625,113.79000091552734,116.7300033569336,2475600,0.0,0.0,-0.0019664477542697956
2018-06-26,117.69999694824219,119.29000091552734,115.80000305175781,115.91000366210938,2101100,0.0,0.0,-0.007024755172128638
2018-06-27,116.41000366210938,117.2300033569336,113.94999694824219,113.95999908447266,1603900,0.0,0.0,-0.016823436425049243
2018-06-28,113.94999694824219,118.9800033569336,113.5199966430664,118.05999755859375,2195000,0.0,0.0,0.03597752287697009
2018-06-29,118.81999969482422,120.30000305175781,118.2699966430664,118.36000061035156,1633500,0.0,0.0,0.002541106708128904
2018-07-02,117.87000274658203,120.20999908447266,117.0,119.87000274658203,1155300,0.0,0.0,0.012757706391042456
2018-07-03,120.0,120.0,117.7699966430664,118.1500015258789,834100,0.0,0.0,-0.014348887805895827
2018-07-05,119.38999938964844,121.0,118.66000366210938,120.81999969482422,1614000,0.0,0.0,0.02259837608517068
2018-07-06,120.91000366210938,123.62999725341797,120.54000091552734,123.44000244140625,1378000,0.0,0.0,0.021685174252605632
2018-07-09,124.43000030517578,124.43000030517578,120.05999755859375,121.97000122070312,1229800,0.0,0.0,-0.011908629225772183
2018-07-10,121.98999786376953,122.37000274658203,119.30999755859375,121.1500015258789,1236900,0.0,0.0,-0.006722962094100837
2018-07-11,120.37999725341797,124.33999633789062,120.01000213623047,122.73999786376953,1671000,0.0,0.0,0.013124195772717284
2018-07-12,123.2699966430664,126.56999969482422,123.2699966430664,126.23999786376953,1300000,0.0,0.0,0.028515561845493087
2018-07-13,126.5,126.75,124.80999755859375,126.3499984741211,946800,0.0,0.0,0.000871360996617554
2018-07-16,126.25,126.88999938964844,125.66999816894531,125.88999938964844,1060100,0.0,0.0,-0.0036406734469954793
2018-07-17,124.5999984741211,127.91999816894531,124.51000213623047,126.68000030517578,1433700,0.0,0.0,0.006275327026431743
2018-07-18,126.55000305175781,127.62000274658203,125.8499984741211,126.80999755859375,1594300,0.0,0.0,0.0010261860838711723
2018-07-19,127.54000091552734,128.24000549316406,126.61000061035156,127.41000366210938,1391500,0.0,0.0,0.004731536275271786
2018-07-20,127.01000213623047,128.17999267578125,126.08999633789062,126.61000061035156,2202200,0.0,0.0,-0.006278965770061595
2018-07-23,126.51000213623047,127.12000274658203,125.11000061035156,126.80000305175781,1122200,0.0,0.0,0.0015006906286256783
2018-07-24,127.83999633789062,127.83999633789062,123.41000366210938,125.16000366210938,2068200,0.0,0.0,-0.012933748818436674
2018-07-25,125.63999938964844,128.6999969482422,124.55000305175781,127.83999633789062,1682400,0.0,0.0,0.021412532737026257
2018-07-26,127.51000213623047,127.66999816894531,124.88999938964844,125.33000183105469,1167700,0.0,0.0,-0.019633874990123035
2018-07-27,124.01000213623047,125.47000122070312,120.98999786376953,122.58000183105469,2172800,0.0,0.0,-0.02194207260690073
2018-07-30,122.2300033569336,122.43000030517578,112.55000305175781,113.11000061035156,3623200,0.0,0.0,-0.07725567857108628
2018-07-31,113.75,115.70999908447266,112.43000030517578,113.0199966430664,2563800,0.0,0.0,-0.0007957206860532695
2018-08-01,112.33999633789062,115.95999908447266,111.91999816894531,112.23999786376953,2236700,0.0,0.0,-0.006901422778839983
2018-08-02,111.79000091552734,113.79000091552734,111.06999969482422,113.23999786376953,3536000,0.0,0.0,0.008909479855957692
2018-08-03,129.47000122070312,130.42999267578125,122.08999633789062,123.41000366210938,7965600,0.0,0.0,0.08980930757853423
2018-08-06,122.80000305175781,123.87999725341797,120.0,121.31999969482422,2998000,0.0,0.0,-0.01693545016826581
2018-08-07,121.30999755859375,122.91000366210938,119.86000061035156,122.20999908447266,1753100,0.0,0.0,0.007335965973353176
2018-08-08,122.06999969482422,125.62000274658203,121.16000366210938,124.94999694824219,2162900,0.0,0.0,0.02242040654853139
2018-08-09,125.38999938964844,125.8499984741211,123.86000061035156,125.19999694824219,1558400,0.0,0.0,0.0020008003689953036
2018-08-10,124.4000015258789,130.0,124.4000015258789,128.8000030517578,2666900,0.0,0.0,0.028754043061230083
2018-08-13,129.07000732421875,131.77000427246094,127.91000366210938,128.10000610351562,1869700,0.0,0.0,-0.005434758786153848
2018-08-14,128.92999267578125,130.1999969482422,127.12999725341797,129.08999633789062,1041500,0.0,0.0,0.007728260633922179
2018-08-15,127.88999938964844,128.61000061035156,124.44999694824219,125.94999694824219,2267400,0.0,0.0,-0.024324110920489472
2018-08-16,127.33000183105469,127.33000183105469,124.88999938964844,125.94000244140625,1173700,0.0,0.0,-7.935297402228425e-05
2018-08-17,125.26000213623047,126.12999725341797,123.5999984741211,124.30000305175781,1078200,0.0,0.0,-0.013022068904686934
2018-08-20,124.6500015258789,125.5999984741211,122.29000091552734,124.87999725341797,1829100,0.0,0.0,0.004666083567340218
2018-08-21,125.33000183105469,126.9000015258789,124.37000274658203,126.41999816894531,1315900,0.0,0.0,0.012331846167503047
2018-08-22,126.04000091552734,130.42999267578125,125.9000015258789,129.22999572753906,1770800,0.0,0.0,0.02222747665949587
2018-08-23,129.39999389648438,131.52000427246094,128.13999938964844,130.67999267578125,2036300,0.0,0.0,0.011220281638786744
2018-08-24,131.66000366210938,134.6300048828125,131.27000427246094,134.00999450683594,1928400,0.0,0.0,0.025482109103850847
2018-08-27,135.25999450683594,135.89999389648438,132.74000549316406,133.3699951171875,1200000,0.0,0.0,-0.00477575864400015
2018-08-28,133.85000610351562,134.33999633789062,132.1199951171875,133.66000366210938,988400,0.0,0.0,0.0021744661883436045
2018-08-29,135.22000122070312,138.6300048828125,134.77000427246094,136.08999633789062,2015600,0.0,0.0,0.018180402582692157
2018-08-30,136.0,138.64999389648438,134.5399932861328,134.63999938964844,1853300,0.0,0.0,-0.010654691654499504
2018-08-31,133.57000732421875,133.92999267578125,130.50999450683594,133.55999755859375,2403900,0.0,0.0,-0.008021404010328026
2018-09-04,133.17999267578125,135.47999572753906,131.52999877929688,134.52999877929688,1172900,0.0,0.0,0.0072626627615621775
2018-09-05,134.3000030517578,134.4499969482422,127.56999969482422,128.89999389648438,1698700,0.0,0.0,-0.041849438295534336
2018-09-06,129.7899932861328,130.77999877929688,127.80999755859375,130.35000610351562,1351700,0.0,0.0,0.011249125490228495
2018-09-07,129.42999267578125,132.19000244140625,128.67999267578125,130.5399932861328,1378400,0.0,0.0,0.001457515717078861
2018-09-10,131.60000610351562,131.66000366210938,128.77000427246094,129.16000366210938,1340600,0.0,0.0,-0.010571393404308016
2018-09-11,130.5,134.92999267578125,128.52000427246094,133.9199981689453,1654700,0.0,0.0,0.03685347144529638
2018-09-12,133.74000549316406,134.47000122070312,131.13999938964844,133.47999572753906,1079400,0.0,0.0,-0.0032855618833803613
2018-09-13,134.35000610351562,136.3699951171875,133.16000366210938,136.25999450683594,1101900,0.0,0.0,0.020827081722203822
2018-09-14,136.75,136.99000549316406,133.7100067138672,134.11000061035156,985200,0.0,0.0,-0.015778614290025583
2018-09-17,134.39999389648438,134.66000366210938,131.00999450683594,131.47999572753906,1236800,0.0,0.0,-0.019610803600350613
2018-09-18,131.0800018310547,134.5399932861328,130.69000244140625,132.72000122070312,1172900,0.0,0.0,0.009431134267251506
2018-09-19,132.5500030517578,132.60000610351562,128.92999267578125,130.57000732421875,1466300,0.0,0.0,-0.016199471644888663
2018-09-20,131.1199951171875,132.5,129.6699981689453,130.9499969482422,1573800,0.0,0.0,0.002910236675409461
2018-09-21,132.0800018310547,134.17999267578125,131.0399932861328,132.07000732421875,2887100,0.0,0.0,0.008552962215182314
2018-09-24,131.27999877929688,135.6699981689453,130.6300048828125,134.8800048828125,1421400,0.0,0.0,0.021276576079044762
2018-09-25,135.3000030517578,136.33999633789062,134.52000427246094,135.5500030517578,1092400,0.0,0.0,0.004967364655179329
2018-09-26,136.22000122070312,137.22999572753906,134.33999633789062,134.52999877929688,1395900,0.0,0.0,-0.0075249299114472645
2018-09-27,134.8699951171875,137.61000061035156,134.66000366210938,137.07000732421875,1293500,0.0,0.0,0.018880610778038376
2018-09-28,137.07000732421875,139.60000610351562,136.42999267578125,137.99000549316406,1770800,0.0,0.0,0.006711885312511878
2018-10-01,138.1199951171875,139.91000366210938,135.5500030517578,137.41000366210938,1790100,0.0,0.0,-0.004203216232812057
2018-10-02,138.0,138.0,133.75,134.3800048828125,1932300,0.0,0.0,-0.02205078741390354
2018-10-03,135.0,136.27000427246094,133.91000366210938,136.11000061035156,1623600,0.0,0.0,0.012873907312681787
2018-10-04,135.17999267578125,135.75999450683594,129.47000122070312,131.8800048828125,1972600,0.0,0.0,-0.031077773187647484
2018-10-05,132.25999450683594,133.8000030517578,128.60000610351562,130.60000610351562,1370100,0.0,0.0,-0.009705783529764589
2018-10-08,129.55999755859375,129.99000549316406,124.77999877929688,126.81999969482422,1755000,0.0,0.0,-0.028943386156470075
2018-10-09,126.7300033569336,130.0,124.37999725341797,127.94999694824219,1602300,0.0,0.0,0.008910244883592267
2018-10-10,129.99000549316406,130.25,121.0999984741211,122.25,2616700,0.0,0.0,-0.04454862902847845
2018-10-11,122.33000183105469,124.91000366210938,120.80000305175781,122.26000213623047,2595100,0.0,0.0,8.181706527987664e-05
2018-10-12,126.7300033569336,130.89999389648438,125.86000061035156,129.0500030517578,2571800,0.0,0.0,0.05553738587343937
2018-10-15,128.27000427246094,129.42999267578125,124.4800033569336,127.77999877929688,1375600,0.0,0.0,-0.009841179716606252
2018-10-16,129.27999877929688,132.36000061035156,129.25,132.02000427246094,1792300,0.0,0.0,0.03318207492306713
2018-10-17,132.75,133.66000366210938,130.39999389648438,132.05999755859375,1225300,0.0,0.0,0.000302933531575178
2018-10-18,131.17999267578125,131.17999267578125,124.8499984741211,126.87000274658203,2414500,0.0,0.0,-0.03930027947871928
2018-10-19,127.81999969482422,128.89999389648438,122.02999877929688,122.44999694824219,2095200,0.0,0.0,-0.03483885633051209
2018-10-22,122.69000244140625,123.05999755859375,120.0199966430664,120.51000213623047,2229800,0.0,0.0,-0.015843159333288725
2018-10-23,117.7699966430664,119.43000030517578,115.80000305175781,118.77999877929688,2289300,0.0,0.0,-0.014355682733935282
2018-10-24,118.75,119.62999725341797,110.81999969482422,110.97000122070312,2730000,0.0,0.0,-0.06575179019074895
2018-10-25,116.83000183105469,124.9800033569336,116.30000305175781,120.69999694824219,3890900,0.0,0.0,0.08768131585569261
2018-10-26,116.18000030517578,123.45999908447266,116.18000030517578,120.05999755859375,2604300,0.0,0.0,-0.0053023977285010515
2018-10-29,122.3499984741211,122.83000183105469,109.33999633789062,111.72000122070312,4546200,0.0,0.0,-0.06946523827655748
2018-10-30,121.52999877929688,125.48999786376953,117.5199966430664,124.01000213623047,7151000,0.0,0.0,0.11000716775189079
2018-10-31,125.5,130.00999450683594,124.13999938964844,128.8699951171875,3394500,0.0,0.0,0.03919033059622179
2018-11-01,129.66000366210938,129.9499969482422,125.93000030517578,128.91000366210938,1818000,0.0,0.0,0.00031045663411011226
2018-11-02,128.8000030517578,130.16000366210938,126.66000366210938,128.3699951171875,1565600,0.0,0.0,-0.004189035215120374
2018-11-05,128.61000061035156,128.99000549316406,124.55000305175781,126.69999694824219,1571300,0.0,0.0,-0.013009256309629014
2018-11-06,125.55999755859375,127.29000091552734,121.88999938964844,123.68000030517578,1774800,0.0,0.0,-0.02383580675459762
2018-11-07,126.1500015258789,128.13999938964844,124.55000305175781,125.80999755859375,3921000,0.0,0.0,0.017221840622269502
2018-11-08,129.11000061035156,129.97999572753906,117.80000305175781,119.13999938964844,7484000,0.0,0.0,-0.05301643985676796
2018-11-09,115.63999938964844,116.38999938964844,109.33999633789062,113.05000305175781,6327800,0.0,0.0,-0.05111630324903094
2018-11-12,111.2699966430664,112.22000122070312,105.58999633789062,109.02999877929688,5024700,0.0,0.0,-0.035559523785421376
2018-11-13,109.05000305175781,110.94999694824219,106.48999786376953,107.0,3145900,0.0,0.0,-0.018618717802667217
2018-11-14,107.66000366210938,109.75,104.66999816894531,106.56999969482422,2577400,0.0,0.0,-0.0040186944408951986
2018-11-15,105.9000015258789,114.41000366210938,105.7300033569336,113.05999755859375,5046900,0.0,0.0,0.06089891979313511
2018-11-16,111.3499984741211,114.66000366210938,110.66000366210938,113.93000030517578,3867000,0.0,0.0,0.007695053647344574
2018-11-19,115.25,115.5,104.7699966430664,106.0,4352900,0.0,0.0,-0.06960414538694182
2018-11-20,100.80000305175781,106.83000183105469,97.56999969482422,104.72000122070312,3263300,0.0,0.0,-0.012075460182045972
2018-11-21,107.05000305175781,108.48999786376953,105.55999755859375,106.83999633789062,2069000,0.0,0.0,0.020244414557630597
2018-11-23,105.18000030517578,107.4800033569336,104.9800033569336,105.5,641600,0.0,0.0,-0.01254208520985689
2018-11-26,107.31999969482422,110.52999877929688,106.25,110.44000244140625,1837700,0.0,0.0,0.04682466769105442
2018-11-27,109.75,111.69999694824219,108.25,109.55999755859375,1480000,0.0,0.0,-0.00796817152624918
2018-11-28,109.9000015258789,111.25,107.7699966430664,110.62999725341797,2003300,0.0,0.0,0.00976633551175432
2018-11-29,109.5,112.94999694824219,109.16999816894531,111.91000366210938,1518100,0.0,0.0,0.011570156742924942
2018-11-30,111.38999938964844,112.19999694824219,108.9000015258789,109.66999816894531,2562100,0.0,0.0,-0.020016132784047902
2018-12-03,112.0,112.01000213623047,100.95999908447266,103.45999908447266,8217000,0.0,0.0,-0.05662441130806095
2018-12-04,104.37999725341797,106.51000213623047,100.5,101.69000244140625,3848800,0.0,0.0,-0.017108028791119945
2018-12-06,99.0,106.55000305175781,98.0,106.19999694824219,3470400,0.0,0.0,0.044350421856215405
2018-12-07,105.23999786376953,108.18000030517578,101.70999908447266,102.66999816894531,2899900,0.0,0.0,-0.03323916083554368
2018-12-10,102.12000274658203,105.9000015258789,102.11000061035156,105.23999786376953,1812500,0.0,0.0,0.025031652290431028
2018-12-11,107.45999908447266,107.91000366210938,104.58000183105469,105.41999816894531,3398100,0.0,0.0,0.0017103792173085441
2018-12-12,107.83000183105469,108.12999725341797,103.4800033569336,104.19000244140625,3947200,0.0,0.0,-0.01166757492793613
2018-12-13,105.08000183105469,106.58999633789062,102.91000366210938,105.9000015258789,2291300,0.0,0.0,0.016412314467832978
2018-12-14,103.87000274658203,105.9000015258789,102.23999786376953,103.45999908447266,1762600,0.0,0.0,-0.023040627065618935
2018-12-17,102.5,105.87000274658203,100.44000244140625,102.19000244140625,1840500,0.0,0.0,-0.012275243130724256
2018-12-18,103.38999938964844,104.76000213623047,102.51000213623047,103.43000030517578,1367400,0.0,0.0,0.01213423851790707
2018-12-19,102.87999725341797,107.18000030517578,102.12000274658203,103.05000305175781,1906300,0.0,0.0,-0.0036739558377334447
2018-12-20,101.81999969482422,104.86000061035156,100.56999969482422,102.0999984741211,2230600,0.0,0.0,-0.009218869961212572
2018-12-21,102.4800033569336,104.72000122070312,99.91000366210938,101.37000274658203,3389700,0.0,0.0,-0.007149811346217505
2018-12-24,99.76000213623047,101.9000015258789,98.5,98.76000213623047,1305900,0.0,0.0,-0.02574726782711434
2018-12-26,99.9000015258789,104.70999908447266,99.63999938964844,104.62999725341797,2041200,0.0,0.0,0.059436968309198424
2018-12-27,101.9800033569336,106.16000366210938,101.16999816894531,106.1500015258789,2067800,0.0,0.0,0.014527423419303132
2018-12-28,107.18000030517578,107.3499984741211,103.51000213623047,104.56999969482422,1897500,0.0,0.0,-0.014884614303745325
2018-12-31,105.05999755859375,105.75,101.95999908447266,102.94000244140625,2169900,0.0,0.0,-0.015587618419957261
2019-01-02,100.23999786376953,104.5199966430664,99.04000091552734,104.01000213623047,1947400,0.0,0.0,0.010394401296359712
2019-01-03,102.4000015258789,103.0,99.11000061035156,99.1500015258789,2301100,0.0,0.0,-0.046726281228088196
2019-01-04,101.12999725341797,103.76000213623047,99.66000366210938,101.69999694824219,3610800,0.0,0.0,0.025718561604839874
2019-01-07,101.5,104.94000244140625,99.29000091552734,104.41000366210938,2501900,0.0,0.0,0.02664706779928805
2019-01-08,106.20999908447266,109.44999694824219,105.25,107.91999816894531,2402200,0.0,0.0,0.033617415800452966
2019-01-09,108.69999694824219,109.58000183105469,107.19000244140625,107.45999908447266,1765800,0.0,0.0,-0.004262408193822842
2019-01-10,106.62999725341797,110.43000030517578,106.19999694824219,110.0,1637200,0.0,0.0,0.02363671074974305
2019-01-11,109.52999877929688,111.69000244140625,107.80000305175781,109.02999877929688,1840300,0.0,0.0,-0.008818192915482914
2019-01-14,108.29000091552734,108.5,104.37000274658203,104.9800033569336,4607700,0.0,0.0,-0.03714569813544122
2019-01-15,105.19999694824219,107.0,102.52999877929688,106.48999786376953,4232000,0.0,0.0,0.014383639346075672
2019-01-16,106.80999755859375,107.5,104.58000183105469,105.93000030517578,2150800,0.0,0.0,-0.005258686917339772
2019-01-17,105.13999938964844,106.16000366210938,104.41999816894531,105.37000274658203,1602900,0.0,0.0,-0.005286486896822873
2019-01-18,106.6500015258789,108.66000366210938,106.31999969482422,108.26000213623047,2567200,0.0,0.0,0.027427154923768793
2019-01-22,107.69000244140625,108.22000122070312,106.72000122070312,107.33000183105469,1534200,0.0,0.0,-0.008590433094629923
2019-01-23,107.86000061035156,108.12000274658203,99.72000122070312,99.80999755859375,3736200,0.0,0.0,-0.07006432632227078
2019-01-24,100.43000030517578,102.16000366210938,99.8499984741211,101.48999786376953,1874900,0.0,0.0,0.01683198423273713
2019-01-25,102.5,104.5,101.0199966430664,103.69999694824219,1815900,0.0,0.0,0.021775535826093373
2019-01-28,100.75,102.94000244140625,100.1500015258789,102.38999938964844,1599700,0.0,0.0,-0.012632570850002911
2019-01-29,102.51000213623047,102.63999938964844,98.5,100.80999755859375,1569700,0.0,0.0,-0.015431212427709284
2019-01-30,102.80999755859375,102.9800033569336,100.94999694824219,102.5999984741211,1369200,0.0,0.0,0.017756184494369665
2019-01-31,102.91000366210938,106.37000274658203,102.77999877929688,105.55000305175781,1684000,0.0,0.0,0.028752481691125986
2019-02-01,105.4000015258789,106.0,103.52999877929688,104.94999694824219,1545300,0.0,0.0,-0.005684567372503113
2019-02-04,105.91000366210938,107.41000366210938,105.45999908447266,106.30000305175781,1675000,0.0,0.0,0.012863326753419502
2019-02-05,106.69000244140625,109.0,106.6500015258789,107.29000091552734,3601600,0.0,0.0,0.009313243982575381
2019-02-06,96.76000213623047,99.81999969482422,91.48999786376953,92.52999877929688,18945000,0.0,0.0,-0.13757108780203542
2019-02-07,92.55999755859375,98.56999969482422,92.0,96.38999938964844,7948900,0.0,0.0,0.04171620729789982
2019-02-08,95.4000015258789,97.23999786376953,94.37999725341797,97.13999938964844,4714400,0.0,0.0,0.007780890183100686
2019-02-11,97.62999725341797,97.83000183105469,92.83999633789062,93.44000244140625,4459000,0.0,0.0,-0.03808932439252688
2019-02-12,90.8499984741211,90.97000122070312,86.9000015258789,89.25,10361800,0.0,0.0,-0.044841634545479514
2019-02-13,90.05000305175781,92.41000366210938,88.88999938964844,92.13999938964844,5514600,0.0,0.0,0.03238094554227944
2019-02-14,91.62000274658203,94.29000091552734,90.6500015258789,93.27999877929688,3286400,0.0,0.0,0.012372470123724666
2019-02-15,94.02999877929688,94.06999969482422,92.27999877929688,93.30000305175781,2401600,0.0,0.0,0.00021445403862263568
2019-02-19,93.08000183105469,93.75,91.83999633789062,93.2699966430664,1857100,0.0,0.0,-0.000321612086923051
2019-02-20,93.4800033569336,93.4800033569336,86.91000366210938,88.66999816894531,6564200,0.0,0.0,-0.04931916628800537
2019-02-21,88.76000213623047,89.01000213623047,87.01000213623047,87.58999633789062,2758800,0.0,0.0,-0.012180014135073414
2019-02-22,88.0,88.27999877929688,85.95999908447266,87.06999969482422,2436900,0.0,0.0,-0.005936712693313084
2019-02-25,87.5199966430664,87.7699966430664,85.56999969482422,87.29000091552734,2700700,0.0,0.0,0.002526716681683805
2019-02-26,87.30000305175781,88.91000366210938,86.44000244140625,87.33999633789062,2040400,0.0,0.0,0.0005727508516315538
2019-02-27,87.12000274658203,88.5,84.41000366210938,84.62999725341797,3680800,0.0,0.0,-0.031028156607524116
2019-02-28,84.70999908447266,87.91999816894531,84.55999755859375,87.26000213623047,3722000,0.0,0.0,0.031076509135846475
2019-03-01,87.70999908447266,88.91000366210938,86.93000030517578,88.31999969482422,2028100,0.0,0.0,0.012147576583127817
2019-03-04,88.80000305175781,89.80000305175781,86.31999969482422,87.44000244140625,2110200,0.0,0.0,-0.009963737052294586
2019-03-05,87.72000122070312,87.72000122070312,86.22000122070312,87.37000274658203,1371600,0.0,0.0,-0.00080054543538155
2019-03-06,87.33000183105469,88.5199966430664,86.95999908447266,87.19999694824219,1342900,0.0,0.0,-0.0019458142725822247
2019-03-07,86.94999694824219,88.55999755859375,86.16999816894531,88.41000366210938,1700400,0.0,0.0,0.013876224268509985
2019-03-08,87.36000061035156,87.56999969482422,85.83000183105469,87.04000091552734,2370300,0.0,0.0,-0.015496015041668643
2019-03-11,87.55999755859375,90.04000091552734,87.2699966430664,89.80000305175781,2267500,0.0,0.0,0.031709583033082245
2019-03-12,89.87999725341797,90.13999938964844,88.93000030517578,89.8499984741211,2329900,0.0,0.0,0.0005567418782208566
2019-03-13,90.16999816894531,96.33999633789062,89.54000091552734,96.02999877929688,7636700,0.0,0.0,0.06878130673486615
2019-03-14,93.5999984741211,93.68000030517578,90.77999877929688,92.43000030517578,3808500,0.0,0.0,-0.037488269497897964
2019-03-15,92.31999969482422,94.62000274658203,92.31999969482422,93.55000305175781,2333600,0.0,0.0,0.012117307615320927
2019-03-18,93.83000183105469,94.70999908447266,92.62000274658203,93.83000183105469,1831900,0.0,0.0,0.00299303869762535
2019-03-19,94.63999938964844,96.8499984741211,94.47000122070312,95.79000091552734,2112300,0.0,0.0,0.02088883135696551
2019-03-20,96.44999694824219,97.83999633789062,95.52999877929688,96.05999755859375,2457600,0.0,0.0,0.0028186307598483396
2019-03-21,95.6500015258789,99.80000305175781,95.5999984741211,99.11000061035156,2874400,0.0,0.0,0.031751021541484015
2019-03-22,98.88999938964844,100.44000244140625,95.80000305175781,96.0199966430664,1850200,0.0,0.0,-0.03117751940526592
2019-03-25,95.87000274658203,96.36000061035156,94.51000213623047,96.02999877929688,1777800,0.0,0.0,0.0001041672212054312
2019-03-26,96.8499984741211,98.70999908447266,95.9000015258789,96.37000274658203,2134900,0.0,0.0,0.003540601599574922
2019-03-27,96.41999816894531,96.55999755859375,93.77999877929688,94.48999786376953,1496600,0.0,0.0,-0.01950819579985097
2019-03-28,94.66000366210938,96.66999816894531,94.0999984741211,96.48999786376953,1325000,0.0,0.0,0.02116626145852485
2019-03-29,96.94999694824219,97.55000305175781,94.05000305175781,94.37000274658203,2362700,0.0,0.0,-0.021971138606310614
2019-04-01,95.38999938964844,96.05999755859375,94.38999938964844,95.69000244140625,1779300,0.0,0.0,0.013987492385360012
2019-04-02,96.08999633789062,97.81999969482422,94.7300033569336,97.66000366210938,2006200,0.0,0.0,0.020587325430464043
2019-04-03,98.05000305175781,99.5199966430664,97.72000122070312,97.91000366210938,1308600,0.0,0.0,0.0025599016037820554
2019-04-04,97.56999969482422,97.7300033569336,92.93000030517578,93.69999694824219,3120100,0.0,0.0,-0.04299873921357478
2019-04-05,94.3499984741211,95.26000213623047,93.68000030517578,94.52999877929688,1907100,0.0,0.0,0.008858077460911273
2019-04-08,94.4800033569336,94.55000305175781,91.4000015258789,94.29000091552734,1574700,0.0,0.0,-0.0025388539814737987
2019-04-09,93.80000305175781,94.79000091552734,92.94000244140625,93.27999877929688,1393900,0.0,0.0,-0.010711656871605246
2019-04-10,93.37999725341797,95.37000274658203,93.37999725341797,95.33000183105469,1459700,0.0,0.0,0.021976876914505228
2019-04-11,95.6500015258789,96.2300033569336,94.80000305175781,95.2699966430664,1182100,0.0,0.0,-0.0006294470453763745
2019-04-12,95.77999877929688,95.77999877929688,94.0,94.11000061035156,1390500,0.0,0.0,-0.012175879852928118
2019-04-15,94.56999969482422,96.16999816894531,92.58000183105469,92.6500015258789,2003800,0.0,0.0,-0.015513750664156944
2019-04-16,93.0,93.06999969482422,89.62000274658203,90.94000244140625,2536100,0.0,0.0,-0.018456546749165637
2019-04-17,90.94000244140625,91.18000030517578,87.97000122070312,89.73999786376953,2313200,0.0,0.0,-0.013195563508038077
2019-04-18,90.44000244140625,91.2699966430664,89.43000030517578,90.73999786376953,1728300,0.0,0.0,0.011143303140234817
2019-04-22,90.75,91.98999786376953,89.88999938964844,91.91999816894531,1562700,0.0,0.0,0.01300419145862608
2019-04-23,92.25,94.23999786376953,92.0999984741211,93.29000091552734,1548600,0.0,0.0,0.014904294754924052
2019-04-24,93.44000244140625,93.8499984741211,92.9000015258789,93.5999984741211,848600,0.0,0.0,0.003322945176883918
2019-04-25,93.44000244140625,94.22000122070312,92.8499984741211,92.9000015258789,903500,0.0,0.0,-0.0074785999962994065
2019-04-26,93.41000366210938,96.33999633789062,92.9800033569336,96.25,1442600,0.0,0.0,0.036060262853579106
2019-04-29,96.94999694824219,98.37000274658203,96.77999877929688,97.1500015258789,2457800,0.0,0.0,0.009350665203936792
2019-04-30,97.12000274658203,97.98999786376953,96.23999786376953,96.83000183105469,1344100,0.0,0.0,-0.0032938722573151447
2019-05-01,98.94000244140625,100.33999633789062,98.56999969482422,99.05000305175781,2881500,0.0,0.0,0.022926791063956564
2019-05-02,99.11000061035156,100.87999725341797,98.55999755859375,99.68000030517578,1523200,0.0,0.0,0.006360396103054722
2019-05-03,100.0,102.37999725341797,98.44000244140625,101.62000274658203,1913800,0.0,0.0,0.0194623037265933
2019-05-06,99.44999694824219,102.1500015258789,99.11000061035156,101.6500015258789,1562800,0.0,0.0,0.0002952054564659967
2019-05-07,100.70999908447266,101.43000030517578,98.86000061035156,99.87999725341797,1533100,0.0,0.0,-0.01741273237472918
2019-05-08,102.0999984741211,102.4000015258789,99.8499984741211,101.80999755859375,2577300,0.0,0.0,0.01932319141217964
2019-05-09,100.70999908447266,102.9000015258789,99.22000122070312,102.12000274658203,1365400,0.0,0.0,0.003044938566174382
2019-05-10,101.44000244140625,103.68000030517578,99.5999984741211,103.37999725341797,1708000,0.0,0.0,0.012338371258789449
2019-05-13,101.19000244140625,102.02999877929688,99.30000305175781,100.01000213623047,4018500,0.0,0.0,-0.03259813510080245
2019-05-14,101.05000305175781,105.97000122070312,99.72000122070312,103.55000305175781,7835500,0.0,0.0,0.03539646875224811
2019-05-15,102.91000366210938,109.44000244140625,102.05999755859375,107.4800033569336,3453400,0.0,0.0,0.03795268169341748
2019-05-16,107.3499984741211,109.36000061035156,106.5,107.55000305175781,1663500,0.0,0.0,0.0006512811000922714
2019-05-17,106.73999786376953,108.48999786376953,106.0,106.66000366210938,1245100,0.0,0.0,-0.008275214917661367
2019-05-20,105.86000061035156,106.08000183105469,102.87000274658203,102.9800033569336,1840000,0.0,0.0,-0.03450215806136414
2019-05-21,103.1500015258789,104.0999984741211,101.75,103.75,2087600,0.0,0.0,0.007477147193300837
2019-05-22,103.77999877929688,105.37999725341797,103.4800033569336,104.2300033569336,1612400,0.0,0.0,0.004626538380082756
2019-05-23,103.18000030517578,104.76000213623047,102.55999755859375,104.37999725341797,1492000,0.0,0.0,0.0014390664074981352
2019-05-24,104.55000305175781,105.61000061035156,103.73999786376953,105.0199966430664,1196700,0.0,0.0,0.006131437119073935
2019-05-28,105.73999786376953,107.48999786376953,105.16000366210938,106.54000091552734,1702800,0.0,0.0,0.014473474776684814
2019-05-29,105.62999725341797,107.75,105.08999633789062,107.0,2261100,0.0,0.0,0.004317618551903157
2019-05-30,107.0999984741211,107.70999908447266,106.08999633789062,106.98999786376953,1338100,0.0,0.0,-9.347790869596029e-05
2019-05-31,106.0,108.83000183105469,105.68000030517578,108.1500015258789,2018400,0.0,0.0,0.010842169223953091
2019-06-03,106.98999786376953,108.26000213623047,105.5199966430664,105.94999694824219,2013300,0.0,0.0,-0.02034215946922835
2019-06-04,108.22000122070312,109.0,105.31999969482422,108.98999786376953,1972200,0.0,0.0,0.02869278908061146
2019-06-05,110.0,111.70999908447266,108.69000244140625,111.55000305175781,1612900,0.0,0.0,0.02348844149155882
2019-06-06,111.7300033569336,113.69999694824219,110.20999908447266,110.66999816894531,1548600,0.0,0.0,-0.007888882642201223
2019-06-07,111.66999816894531,112.62000274658203,110.9000015258789,111.6500015258789,1126000,0.0,0.0,0.00885518544454622
2019-06-10,112.18000030517578,112.73999786376953,109.93000030517578,111.77999877929688,1095300,0.0,0.0,0.0011643282726496729
2019-06-11,112.20999908447266,112.81999969482422,109.70999908447266,110.29000091552734,955800,0.0,0.0,-0.013329735910191265
2019-06-12,111.0999984741211,111.12999725341797,108.43000030517578,108.70999908447266,1434300,0.0,0.0,-0.014325884649006748
2019-06-13,108.86000061035156,111.16000366210938,108.70999908447266,110.72000122070312,999000,0.0,0.0,0.018489579184602922
2019-06-14,110.5,110.7699966430664,108.91999816894531,110.36000061035156,1074600,0.0,0.0,-0.003251450563425795
2019-06-17,109.91999816894531,112.0199966430664,109.5999984741211,110.29000091552734,1157400,0.0,0.0,-0.0006342850166463077
2019-06-18,111.5,113.33999633789062,110.30999755859375,111.0199966430664,1257700,0.0,0.0,0.006618874979411604
2019-06-19,110.73999786376953,111.36000061035156,108.19000244140625,111.0199966430664,1085100,0.0,0.0,0.0
2019-06-20,112.05000305175781,112.80999755859375,110.6500015258789,111.54000091552734,1003200,0.0,0.0,0.004683879374747013
2019-06-21,111.37000274658203,112.94000244140625,111.13999938964844,112.63999938964844,1448000,0.0,0.0,0.009861919177803768
2019-06-24,112.70999908447266,113.91000366210938,111.9000015258789,113.83000183105469,1205700,0.0,0.0,0.010564652413480147
2019-06-25,113.94000244140625,114.5199966430664,112.05999755859375,112.80999755859375,1310100,0.0,0.0,-0.00896076830407877
2019-06-26,113.18000030517578,113.95999908447266,111.25,111.55000305175781,1359100,0.0,0.0,-0.011169174134424531
2019-06-27,112.0,113.98999786376953,111.76000213623047,113.38999938964844,1279100,0.0,0.0,0.01649481208025505
2019-06-28,114.02999877929688,114.30000305175781,111.4800033569336,113.52999877929688,1551700,0.0,0.0,0.0012346714031397088
2019-07-01,115.0,116.38999938964844,113.2699966430664,115.95999908447266,1596600,0.0,0.0,0.02140403709419325
2019-07-02,116.61000061035156,118.19000244140625,115.9800033569336,116.91000366210938,1214600,0.0,0.0,0.008192519706253787
2019-07-03,116.73999786376953,118.48999786376953,116.5999984741211,118.06999969482422,1087300,0.0,0.0,0.009922128101778505
2019-07-05,117.25,117.3499984741211,115.19999694824219,117.2300033569336,1108100,0.0,0.0,-0.007114392648951973
2019-07-08,116.80999755859375,116.8499984741211,113.2699966430664,114.75,1295500,0.0,0.0,-0.02115502248500889
2019-07-09,114.16999816894531,115.75,113.01000213623047,115.08999633789062,786500,0.0,0.0,0.0029629310491556815
2019-07-10,115.88999938964844,118.58000183105469,115.80000305175781,117.16000366210938,1019300,0.0,0.0,0.017985988270791564
2019-07-11,115.80999755859375,116.61000061035156,113.7300033569336,116.52999877929688,1610600,0.0,0.0,-0.005377303372483988
2019-07-12,116.30999755859375,117.05999755859375,115.47000122070312,116.45999908447266,953100,0.0,0.0,-0.0006007010688877656
2019-07-15,116.9000015258789,117.16000366210938,115.54000091552734,117.02999877929688,788000,0.0,0.0,0.0048943817560120895
2019-07-16,116.83000183105469,117.52999877929688,115.77999877929688,117.44999694824219,778400,0.0,0.0,0.0035888077700263477
2019-07-17,117.55000305175781,118.5999984741211,117.31999969482422,117.5999984741211,969800,0.0,0.0,0.0012771522330903284
2019-07-18,117.0,118.33999633789062,115.76000213623047,117.69999694824219,1042300,0.0,0.0,0.0008503271719266792
2019-07-19,118.45999908447266,118.91999816894531,115.91000366210938,116.05999755859375,738500,0.0,0.0,-0.013933724997203023
2019-07-22,116.66000366210938,117.44999694824219,116.0,116.66000366210938,841400,0.0,0.0,0.005169792487826896
2019-07-23,117.37999725341797,118.19999694824219,115.97000122070312,118.11000061035156,814200,0.0,0.0,0.012429255123649119
2019-07-24,117.51000213623047,119.18000030517578,116.54000091552734,118.9000015258789,946700,0.0,0.0,0.006688687760942225
2019-07-25,119.0199966430664,119.91000366210938,117.7699966430664,119.25,773700,0.0,0.0,0.002943637255083731
2019-07-26,120.2300033569336,123.45999908447266,119.6500015258789,121.77999877929688,2290600,0.0,0.0,0.02121592267754191
2019-07-29,122.73999786376953,123.7300033569336,119.70999908447266,123.58999633789062,1606700,0.0,0.0,0.014862847567226778
2019-07-30,121.9800033569336,123.73999786376953,120.8499984741211,123.19999694824219,1618400,0.0,0.0,-0.003155590267857833
2019-07-31,123.77999877929688,124.69999694824219,120.87000274658203,122.5199966430664,1318000,0.0,0.0,-0.0055194831332784355
2019-08-01,121.62999725341797,125.54000091552734,121.26000213623047,122.0999984741211,1825100,0.0,0.0,-0.0034279969021618895
2019-08-02,121.44000244140625,122.16000366210938,119.13999938964844,121.69000244140625,1410000,0.0,0.0,-0.003357870907768623
2019-08-05,119.01000213623047,119.86000061035156,112.2699966430664,115.37999725341797,4535900,0.0,0.0,-0.051853110866905805
2019-08-06,124.88999938964844,128.5,122.5,124.55999755859375,5323200,0.0,0.0,0.07956318706623855
2019-08-07,123.02999877929688,130.0,122.9000015258789,129.39999389648438,2459300,0.0,0.0,0.03885674721223298
2019-08-08,130.52000427246094,131.52999877929688,129.66000366210938,131.38999938964844,1527200,0.0,0.0,0.015378713964669943
2019-08-09,131.1199951171875,131.5,127.18000030517578,128.8699951171875,1336800,0.0,0.0,-0.019179574428550228
2019-08-12,127.58000183105469,129.50999450683594,126.77999877929688,127.62000274658203,1364600,0.0,0.0,-0.009699638534701571
2019-08-13,126.88999938964844,129.36000061035156,125.5999984741211,127.52999877929688,1490200,0.0,0.0,-0.0007052496892974158
2019-08-14,125.91999816894531,127.66000366210938,125.45999908447266,126.22000122070312,1731300,0.0,0.0,-0.010272073795443482
2019-08-15,126.5,127.41999816894531,125.52999877929688,126.16000366210938,1212100,0.0,0.0,-0.00047534113463398864
2019-08-16,126.66999816894531,127.62000274658203,125.9000015258789,127.19999694824219,1488500,0.0,0.0,0.008243446860688008
2019-08-19,129.25,130.97999572753906,128.61000061035156,129.86000061035156,1047500,0.0,0.0,0.02091197897741881
2019-08-20,129.77000427246094,132.2100067138672,128.80999755859375,131.42999267578125,1142100,0.0,0.0,0.012089881857774598
2019-08-21,132.8800048828125,135.6999969482422,131.13999938964844,134.2100067138672,1897600,0.0,0.0,0.021152051989714593
2019-08-22,134.33999633789062,134.49000549316406,131.42999267578125,132.38999938964844,964000,0.0,0.0,-0.013560891387919827
2019-08-23,132.27999877929688,132.52999877929688,128.44000244140625,128.80999755859375,1406200,0.0,0.0,-0.027041331275469482
2019-08-26,129.7100067138672,130.55999755859375,128.08999633789062,130.49000549316406,1132100,0.0,0.0,0.01304252749330348
2019-08-27,131.6699981689453,132.14999389648438,129.86000061035156,130.83999633789062,989800,0.0,0.0,0.0026821275959321156
2019-08-28,130.77999877929688,131.3699951171875,128.63999938964844,131.22000122070312,723300,0.0,0.0,0.002904348008625268
2019-08-29,132.9499969482422,133.4600067138672,131.42999267578125,132.39999389648438,894300,0.0,0.0,0.00899247572629247
2019-08-30,133.39999389648438,134.41000366210938,130.64999389648438,131.97000122070312,1116800,0.0,0.0,-0.0032476789698150377
2019-09-03,130.9600067138672,132.67999267578125,130.74000549316406,131.66000366210938,1548900,0.0,0.0,-0.0023490001949406647
2019-09-04,133.1999969482422,134.0,132.27999877929688,132.74000549316406,1101900,0.0,0.0,0.00820296066394155
2019-09-05,134.3000030517578,134.74000549316406,129.94000244140625,131.35000610351562,1169800,0.0,0.0,-0.010471593582388583
2019-09-06,132.0399932861328,132.1300048828125,130.66000366210938,130.75999450683594,843300,0.0,0.0,-0.004491903839080935
2019-09-09,130.82000732421875,133.4199981689453,129.77999877929688,132.1699981689453,1396000,0.0,0.0,0.010783142561509251
2019-09-10,130.97999572753906,132.25999450683594,126.86000061035156,128.39999389648438,1863500,0.0,0.0,-0.028523903493150926
2019-09-11,128.6199951171875,128.7899932861328,121.87999725341797,122.62000274658203,3296400,0.0,0.0,-0.04501550953781319
2019-09-12,124.37000274658203,127.80000305175781,124.37000274658203,126.23999786376953,2774200,0.0,0.0,0.029522060317262566
2019-09-13,126.55000305175781,127.4000015258789,125.01000213623047,125.0999984741211,1920000,0.0,0.0,-0.00903041356891221
2019-09-16,124.19999694824219,129.5800018310547,123.8499984741211,128.6300048828125,1240600,0.0,0.0,0.02821747763187732
2019-09-17,128.7100067138672,131.00999450683594,127.19999694824219,130.91000366210938,1351400,0.0,0.0,0.017725248330465737
2019-09-18,130.72000122070312,131.36000061035156,126.97000122070312,129.75999450683594,1056200,0.0,0.0,-0.008784730907515081
2019-09-19,129.55999755859375,132.35000610351562,129.25999450683594,130.58999633789062,1118500,0.0,0.0,0.006396438549563621
2019-09-20,131.57000732421875,132.0,129.3699951171875,130.55999755859375,1138000,0.0,0.0,-0.00022971728415743797
2019-09-23,129.2100067138672,129.8000030517578,125.5,125.7300033569336,1925500,0.0,0.0,-0.036994441574591086
2019-09-24,126.12000274658203,126.69999694824219,124.1500015258789,125.08000183105469,1407400,0.0,0.0,-0.005169820317538876
2019-09-25,124.01000213623047,127.68000030517578,123.77999877929688,127.23999786376953,1134400,0.0,0.0,0.017268915902578508
2019-09-26,127.1500015258789,128.55999755859375,126.54000091552734,126.7699966430664,695100,0.0,0.0,-0.00369381663465862
2019-09-27,127.08999633789062,127.41999816894531,122.62000274658203,123.97000122070312,916400,0.0,0.0,-0.022087209091335325
2019-09-30,123.95999908447266,125.9000015258789,122.81999969482422,125.33999633789062,811400,0.0,0.0,0.01105102124463575
2019-10-01,125.19999694824219,125.9800033569336,122.44000244140625,122.91000366210938,1499000,0.0,0.0,-0.019387208766389996
2019-10-02,122.2699966430664,122.2699966430664,118.04000091552734,119.66000366210938,2132400,0.0,0.0,-0.02644211132671137
2019-10-03,119.66999816894531,121.01000213623047,118.02999877929688,120.5,1257500,0.0,0.0,0.007019858868319684
2019-10-04,120.4000015258789,123.77999877929688,117.4000015258789,123.33000183105469,2199200,0.0,0.0,0.023485492373897854
2019-10-07,122.9800033569336,123.76000213623047,121.66000366210938,122.98999786376953,762700,0.0,0.0,-0.002756863392825659
2019-10-08,119.8499984741211,120.80999755859375,117.2699966430664,119.44999694824219,1822700,0.0,0.0,-0.028782835816034802
2019-10-09,120.93000030517578,122.8499984741211,120.04000091552734,121.87000274658203,1328400,0.0,0.0,0.02025957187247518
2019-10-10,121.30999755859375,122.52999877929688,120.29000091552734,122.4000015258789,1222400,0.0,0.0,0.004348886250531647
2019-10-11,123.4000015258789,124.33999633789062,122.27999877929688,122.41999816894531,1189800,0.0,0.0,0.00016337126484566866
2019-10-14,122.36000061035156,122.51000213623047,121.01000213623047,121.16000366210938,926800,0.0,0.0,-0.010292391158976177
2019-10-15,121.94999694824219,124.08999633789062,121.69999694824219,123.94000244140625,1009600,0.0,0.0,0.022944855523855168
2019-10-16,123.16999816894531,123.94999694824219,120.25,121.1500015258789,1310100,0.0,0.0,-0.0225108993107076
2019-10-17,122.30999755859375,123.91999816894531,121.87999725341797,122.73999786376953,763900,0.0,0.0,0.013124195772717284
2019-10-18,122.83000183105469,123.18000030517578,120.94999694824219,122.7300033569336,901700,0.0,0.0,-8.142827937007713e-05
2019-10-21,123.16999816894531,123.87999725341797,121.4800033569336,123.0999984741211,872100,0.0,0.0,0.003014707952964546
2019-10-22,123.87000274658203,124.43000030517578,121.7699966430664,121.98999786376953,1169000,0.0,0.0,-0.00901706437132832
2019-10-23,122.36000061035156,123.91000366210938,121.45999908447266,122.68000030517578,911400,0.0,0.0,0.005656221440193843
2019-10-24,123.5999984741211,125.52999877929688,123.44999694824219,124.33999633789062,1142400,0.0,0.0,0.013531105547648137
2019-10-25,124.37999725341797,125.58999633789062,123.41999816894531,125.33000183105469,647500,0.0,0.0,0.0079620839820016
2019-10-28,125.80999755859375,126.3499984741211,122.55000305175781,122.77999877929688,1167300,0.0,0.0,-0.020346309857995792
2019-10-29,122.79000091552734,122.79000091552734,120.70999908447266,121.08999633789062,812200,0.0,0.0,-0.013764476773160061
2019-10-30,122.0199966430664,123.76000213623047,121.11000061035156,123.12999725341797,878200,0.0,0.0,0.01684698139584473
2019-10-31,123.01000213623047,123.25,119.95999908447266,120.3499984741211,1226300,0.0,0.0,-0.022577753929249766
2019-11-01,121.27999877929688,121.73999786376953,116.80000305175781,116.9000015258789,1984400,0.0,0.0,-0.028666364702813363
2019-11-04,118.2699966430664,118.4000015258789,116.62000274658203,117.19999694824219,1692900,0.0,0.0,0.0025662567874036313
2019-11-05,117.98999786376953,118.4800033569336,116.22000122070312,117.25,1492300,0.0,0.0,0.0004266472104081931
2019-11-06,116.98999786376953,117.70999908447266,115.30999755859375,116.68000030517578,1491600,0.0,0.0,-0.004861404646688383
2019-11-07,117.86000061035156,118.41000366210938,115.44999694824219,116.91000366210938,2795800,0.0,0.0,0.0019712320563252117
2019-11-08,117.69000244140625,122.56999969482422,116.56999969482422,116.95999908447266,3429500,0.0,0.0,0.0004276402428979864
2019-11-11,115.98999786376953,119.91999816894531,115.37000274658203,119.6500015258789,1814200,0.0,0.0,0.022999337059360192
2019-11-12,119.22000122070312,119.37999725341797,117.33000183105469,118.98999786376953,1622100,0.0,0.0,-0.005516119128227692
2019-11-13,119.55999755859375,120.88999938964844,118.63999938964844,120.2699966430664,1247400,0.0,0.0,0.01075719642219286
2019-11-14,120.18000030517578,122.5,119.12000274658203,122.30000305175781,832900,0.0,0.0,0.01687874337201478
2019-11-15,122.7699966430664,123.86000061035156,121.95999908447266,123.81999969482422,1105600,0.0,0.0,0.012428426861307074
2019-11-18,123.51000213623047,124.02999877929688,122.36000061035156,123.1500015258789,1186900,0.0,0.0,-0.005411065826172123
2019-11-19,123.62000274658203,124.08999633789062,122.45999908447266,123.6500015258789,925500,0.0,0.0,0.0040600892716589065
2019-11-20,123.5,124.41000366210938,122.56999969482422,123.4000015258789,1359200,0.0,0.0,-0.002021835801980787
2019-11-21,123.06999969482422,123.87999725341797,122.01000213623047,122.54000091552734,964700,0.0,0.0,-0.006969210694630412
2019-11-22,122.19999694824219,122.61000061035156,117.80000305175781,119.4800033569336,1419500,0.0,0.0,-0.024971417787920114
2019-11-25,119.87999725341797,120.66999816894531,118.87999725341797,119.36000061035156,913500,0.0,0.0,-0.0010043751524139166
2019-11-26,119.94000244140625,120.69999694824219,118.7300033569336,120.44000244140625,1291100,0.0,0.0,0.009048272666991153
2019-11-27,120.97000122070312,121.7300033569336,119.66000366210938,121.58000183105469,717500,0.0,0.0,0.009465288662735105
2019-11-29,121.62000274658203,122.88999938964844,120.73999786376953,121.3499984741211,400400,0.0,0.0,-0.001891786095325143
2019-12-02,121.58999633789062,121.72000122070312,119.33000183105469,120.7300033569336,1137400,0.0,0.0,-0.005109148125121088
2019-12-03,118.93000030517578,123.1500015258789,118.93000030517578,123.11000061035156,1688300,0.0,0.0,0.01971338679070178
2019-12-04,123.94999694824219,124.12999725341797,121.70999908447266,121.95999908447266,907700,0.0,0.0,-0.00934125188999646
2019-12-05,121.7300033569336,124.05999755859375,121.13999938964844,123.97000122070312,985800,0.0,0.0,0.01648083102098319
2019-12-06,123.75,124.94999694824219,122.8499984741211,123.7300033569336,1023700,0.0,0.0,-0.0019359349956145078
2019-12-09,122.80000305175781,122.98999786376953,119.22000122070312,120.05999755859375,1621600,0.0,0.0,-0.02966140546972018
2019-12-10,120.77999877929688,122.52999877929688,119.51000213623047,122.29000091552734,1095800,0.0,0.0,0.01857407464834626
2019-12-11,122.22000122070312,123.80000305175781,121.16999816894531,122.4000015258789,728700,0.0,0.0,0.0008995061699896834
2019-12-12,122.13999938964844,125.37999725341797,121.58999633789062,125.2699966430664,1517600,0.0,0.0,0.023447672233735117
2019-12-13,125.16999816894531,125.16999816894531,121.7300033569336,121.81999969482422,1299600,0.0,0.0,-0.027540488869591928
2019-12-16,122.41000366210938,123.5,121.98999786376953,122.70999908447266,724500,0.0,0.0,0.007305856114578901
2019-12-17,122.70999908447266,123.29000091552734,121.51000213623047,122.56999969482422,750900,0.0,0.0,-0.001140896346613629
2019-12-18,122.56999969482422,122.88999938964844,121.33999633789062,122.45999908447266,1449500,0.0,0.0,-0.0008974513390344052
2019-12-19,122.91999816894531,122.94999694824219,120.91000366210938,121.81999969482422,1245000,0.0,0.0,-0.005226191363981392
2019-12-20,122.94999694824219,124.30000305175781,121.54000091552734,123.61000061035156,2133100,0.0,0.0,0.014693818092361921
2019-12-23,123.7300033569336,124.23999786376953,122.08999633789062,122.12000274658203,818200,0.0,0.0,-0.012054023593660257
2019-12-24,122.58999633789062,124.16000366210938,122.0,123.93000030517578,857500,0.0,0.0,0.014821466736696598
2019-12-26,123.55000305175781,124.33999633789062,123.0999984741211,123.98999786376953,839600,0.0,0.0,0.0004841245739208855
2019-12-27,124.44000244140625,124.86000061035156,122.8499984741211,124.47000122070312,543800,0.0,0.0,0.003871307082858211
2019-12-30,124.47000122070312,124.47000122070312,122.19000244140625,122.3499984741211,587800,0.0,0.0,-0.01703223849755542
2019-12-31,122.25,122.79000091552734,121.4800033569336,122.43000030517578,613700,0.0,0.0,0.000653876845544854
2020-01-02,123.52999877929688,123.9800033569336,121.4000015258789,122.08000183105469,1114200,0.0,0.0,-0.0028587639732799985
2020-01-03,120.44000244140625,122.5,120.27999877929688,122.20999908447266,729100,0.0,0.0,0.0010648529772949722
2020-01-06,122.0199966430664,125.12999725341797,121.55000305175781,124.69000244140625,1678700,0.0,0.0,0.02029296600533792
2020-01-07,124.58999633789062,126.47000122070312,123.66999816894531,125.51000213623047,1179300,0.0,0.0,0.0065763066706936435
2020-01-08,125.95999908447266,129.0,124.81999969482422,127.81999969482422,1665900,0.0,0.0,0.018404888210315162
2020-01-09,128.72000122070312,129.5500030517578,127.4000015258789,128.02000427246094,804300,0.0,0.0,0.0015647361767661128
2020-01-10,127.69999694824219,128.52999877929688,126.63999938964844,126.76000213623047,864800,0.0,0.0,-0.009842228512575657
2020-01-13,126.91999816894531,128.57000732421875,125.18000030517578,128.4499969482422,1061100,0.0,0.0,0.013332240324479105
2020-01-14,125.51000213623047,127.52999877929688,124.55999755859375,126.93000030517578,1768800,0.0,0.0,-0.011833372356395477
2020-01-15,127.08999633789062,128.00999450683594,126.05000305175781,126.61000061035156,592600,0.0,0.0,-0.0025210721977062533
2020-01-16,126.8499984741211,127.70999908447266,126.27999877929688,127.63999938964844,1041300,0.0,0.0,0.00813520870651252
2020-01-17,128.4199981689453,130.4199981689453,127.4000015258789,130.00999450683594,1948900,0.0,0.0,0.018567808904108363
2020-01-21,129.07000732421875,130.97999572753906,127.47000122070312,130.38999938964844,1398100,0.0,0.0,0.0029228897690054545
2020-01-22,131.4499969482422,133.36000061035156,129.6999969482422,130.11000061035156,1023100,0.0,0.0,-0.0021473945901338
2020-01-23,130.44000244140625,130.8699951171875,128.6699981689453,129.07000732421875,980800,0.0,0.0,-0.007993184853233082
2020-01-24,128.0399932861328,128.1699981689453,125.16000366210938,125.27999877929688,1267800,0.0,0.0,-0.02936397559350501
2020-01-27,122.19000244140625,123.95999908447266,121.55000305175781,123.06999969482422,1368600,0.0,0.0,-0.01764047817693526
2020-01-28,123.11000061035156,126.69000244140625,123.11000061035156,125.97000122070312,1502300,0.0,0.0,0.023563837922077058
2020-01-29,126.9800033569336,127.05000305175781,124.55000305175781,125.91000366210938,934700,0.0,0.0,-0.000476284496406687
2020-01-30,124.9800033569336,127.5999984741211,124.94000244140625,127.43000030517578,1033700,0.0,0.0,0.012072087990287583
2020-01-31,126.4000015258789,126.88999938964844,124.2699966430664,124.63999938964844,1486200,0.0,0.0,-0.021894380513581613
2020-02-03,125.23999786376953,126.3499984741211,123.8499984741211,124.3499984741211,1119000,0.0,0.0,-0.002326708255355081
2020-02-04,126.30000305175781,127.73999786376953,124.80000305175781,126.93000030517578,1653600,0.0,0.0,0.02074790400252091
2020-02-05,122.44999694824219,123.91999816894531,119.30999755859375,120.76000213623047,2982300,0.0,0.0,-0.04860945524392091
2020-02-06,121.05000305175781,128.0500030517578,121.05000305175781,127.73999786376953,3333700,0.0,0.0,0.05780055982166066
2020-02-07,116.0,117.66000366210938,112.58000183105469,112.5999984741211,8808000,0.0,0.0,-0.11852199501204586
2020-02-10,112.5,112.5999984741211,109.08999633789062,111.0,4090400,0.0,0.0,-0.014209578115481292
2020-02-11,111.0,112.69000244140625,110.0,112.38999938964844,2411100,0.0,0.0,0.01252251702385987
2020-02-12,112.52999877929688,115.27999877929688,112.01000213623047,114.0199966430664,3782300,0.0,0.0,0.014503045308923657
2020-02-13,113.66000366210938,114.26000213623047,111.1500015258789,112.20999908447266,2093300,0.0,0.0,-0.01587438705387667
2020-02-14,112.58000183105469,114.26000213623047,111.7699966430664,113.43000030517578,1117900,0.0,0.0,0.01087248222669257
2020-02-18,113.23999786376953,114.16999816894531,112.51000213623047,113.43000030517578,1231700,0.0,0.0,0.0
2020-02-19,114.0999984741211,114.76000213623047,113.47000122070312,113.54000091552734,1225800,0.0,0.0,0.0009697664643886217
2020-02-20,113.33999633789062,115.20999908447266,112.75,115.12999725341797,1612100,0.0,0.0,0.014003842919409148
2020-02-21,114.69999694824219,116.58000183105469,114.04000091552734,116.02999877929688,2337300,0.0,0.0,0.007817263505165206
2020-02-24,114.51000213623047,116.55000305175781,112.73999786376953,113.0199966430664,1960100,0.0,0.0,-0.025941585520102062
2020-02-25,113.5,114.44000244140625,110.58999633789062,110.97000122070312,2362500,0.0,0.0,-0.018138342623009174
2020-02-26,111.2300033569336,112.5,109.44999694824219,109.47000122070312,2561800,0.0,0.0,-0.013517166653145507
2020-02-27,107.55999755859375,111.95999908447266,106.22000122070312,107.83999633789062,2502800,0.0,0.0,-0.014889968618217453
2020-02-28,106.55999755859375,109.27999877929688,105.2699966430664,107.4800033569336,3384800,0.0,0.0,-0.003338213957547631
2020-03-02,108.58000183105469,112.12999725341797,107.91999816894531,112.05999755859375,2321900,0.0,0.0,0.04261252380547775
2020-03-03,111.75,115.04000091552734,109.80999755859375,111.22000122070312,2073500,0.0,0.0,-0.007495951777541365
2020-03-04,113.44000244140625,119.79000091552734,113.44000244140625,119.41999816894531,2573300,0.0,0.0,0.07372771855999405
2020-03-05,115.94999694824219,119.08000183105469,115.0999984741211,117.2699966430664,2289900,0.0,0.0,-0.018003697528426232
2020-03-06,113.69999694824219,118.70999908447266,113.47000122070312,117.69000244140625,2426100,0.0,0.0,0.0035815281859197245
2020-03-09,109.95999908447266,118.02999877929688,109.16999816894531,113.87999725341797,2388800,0.0,0.0,-0.03237322719816538
2020-03-10,118.5999984741211,118.87999725341797,113.30000305175781,118.75,2474300,0.0,0.0,0.04276433846187033
2020-03-11,116.44000244140625,119.83000183105469,115.8499984741211,119.05000305175781,2212100,0.0,0.0,0.0025263414884868496
2020-03-12,112.0,116.7300033569336,108.3499984741211,108.36000061035156,3587500,0.0,0.0,-0.08979422232151224
2020-03-13,113.7699966430664,116.7300033569336,109.41999816894531,116.62000274658203,2637100,0.0,0.0,0.0762274094657156
2020-03-16,105.83999633789062,115.16999816894531,104.94999694824219,108.01000213623047,2918800,0.0,0.0,-0.07382953530760317
2020-03-17,110.52999877929688,117.95999908447266,105.1500015258789,116.47000122070312,2956100,0.0,0.0,0.07832607089297405
2020-03-18,111.6500015258789,120.5,101.80000305175781,106.62000274658203,4012600,0.0,0.0,-0.08457112021022462
2020-03-19,107.26000213623047,108.75,102.97000122070312,106.36000061035156,2358000,0.0,0.0,-0.002438586846114088
2020-03-20,108.5199966430664,110.13999938964844,100.0,100.1500015258789,4210900,0.0,0.0,-0.05838660256521533
2020-03-23,102.22000122070312,111.94000244140625,100.3499984741211,109.81999969482422,2892900,0.0,0.0,0.09655514749489624
2020-03-24,114.08999633789062,117.48999786376953,108.38999938964844,112.22000122070312,2642000,0.0,0.0,0.021853956770608418
2020-03-25,111.86000061035156,115.30000305175781,108.0,109.72000122070312,3034300,0.0,0.0,-0.02227766862239866
2020-03-26,110.25,115.58999633789062,108.61000061035156,115.25,2233700,0.0,0.0,0.050401009093804294
2020-03-27,113.20999908447266,114.58000183105469,110.0,111.69999694824219,1880700,0.0,0.0,-0.03080262951633672
2020-03-30,113.87999725341797,119.88999938964844,112.88999938964844,118.51000213623047,3389300,0.0,0.0,0.06096692367094514
2020-03-31,118.33999633789062,120.69999694824219,116.29000091552734,118.61000061035156,3100400,0.0,0.0,0.0008437977581516876
2020-04-01,115.5199966430664,123.91000366210938,114.66000366210938,116.33000183105469,3031100,0.0,0.0,-0.01922265211672114
2020-04-02,117.08999633789062,120.12000274658203,115.48999786376953,119.51000213623047,1725800,0.0,0.0,0.027336029013341534
2020-04-03,119.33999633789062,121.5999984741211,117.7699966430664,118.48999786376953,1885000,0.0,0.0,-0.008534886237373085
2020-04-06,120.6500015258789,122.4800033569336,119.01000213623047,121.29000091552734,1626900,0.0,0.0,0.023630712315287905
2020-04-07,123.43000030517578,123.69999694824219,117.19999694824219,120.05999755859375,2387000,0.0,0.0,-0.010141012017884532
2020-04-08,121.11000061035156,122.12000274658203,118.70999908447266,119.0999984741211,1706200,0.0,0.0,-0.007995994536016404
2020-04-09,119.5,121.23999786376953,118.41000366210938,119.4000015258789,1950000,0.0,0.0,0.002518917343420357
2020-04-13,118.6500015258789,120.41000366210938,117.2699966430664,120.0,1641900,0.0,0.0,0.00502511278436657
2020-04-14,124.26000213623047,125.66999816894531,122.69000244140625,122.77999877929688,3199800,0.0,0.0,0.023166656494140625
2020-04-15,122.48999786376953,126.80000305175781,121.73999786376953,123.5,3584900,0.0,0.0,0.005864157255754288
2020-04-16,124.36000061035156,127.2699966430664,122.81999969482422,126.81999969482422,4626500,0.0,0.0,0.0268825886220585
2020-04-17,125.9800033569336,126.25,121.0,124.44000244140625,3703400,0.0,0.0,-0.01876673442000565
2020-04-20,124.23999786376953,125.66000366210938,123.11000061035156,125.3499984741211,1881800,0.0,0.0,0.00731272914546377
2020-04-21,126.04000091552734,128.0800018310547,123.37999725341797,125.7300033569336,2502900,0.0,0.0,0.0030315507573854816
2020-04-22,126.69000244140625,128.05999755859375,123.45999908447266,127.44000244140625,1938000,0.0,0.0,0.013600565010868149
2020-04-23,127.56999969482422,127.98999786376953,124.12000274658203,124.55000305175781,1485300,0.0,0.0,-0.022677333131543076
2020-04-24,125.44000244140625,127.9800033569336,124.6500015258789,127.87999725341797,1137800,0.0,0.0,0.026736203292394567
2020-04-27,128.22000122070312,129.33999633789062,125.2699966430664,125.93000030517578,1236400,0.0,0.0,-0.015248647091991252
2020-04-28,125.45999908447266,125.66000366210938,120.41999816894531,120.51000213623047,1654600,0.0,0.0,-0.04303976936242848
2020-04-29,120.55000305175781,122.16999816894531,118.01000213623047,121.18000030517578,1492400,0.0,0.0,0.005559689296062764
2020-04-30,120.94000244140625,122.05000305175781,119.37000274658203,121.05000305175781,1210200,0.0,0.0,-0.0010727616198266121
2020-05-01,119.22000122070312,123.4800033569336,119.22000122070312,122.6500015258789,1428300,0.0,0.0,0.013217665706600323
2020-05-04,123.61000061035156,125.70999908447266,122.86000061035156,124.91000366210938,1527500,0.0,0.0,0.018426433820741606
2020-05-05,126.11000061035156,126.79000091552734,124.12999725341797,125.27999877929688,1578300,0.0,0.0,0.0029620935580816354
2020-05-06,126.56999969482422,128.86000061035156,125.61000061035156,127.7300033569336,1363300,0.0,0.0,0.0195562308549575
2020-05-07,128.8800048828125,130.5500030517578,128.00999450683594,128.77999877929688,1442200,0.0,0.0,0.008220428989022421
2020-05-08,129.3699951171875,130.77999877929688,127.69999694824219,129.85000610351562,1314400,0.0,0.0,0.008308800546368511
2020-05-11,130.0,134.8000030517578,129.66000366210938,132.58999633789062,2106600,0.0,0.0,0.021101194498140297
2020-05-12,133.3699951171875,135.02000427246094,131.30999755859375,131.6199951171875,1448000,0.0,0.0,-0.00731579491284684
2020-05-13,132.1999969482422,133.88999938964844,129.5800018310547,131.3800048828125,1517700,0.0,0.0,-0.0018233569615416778
2020-05-14,130.94000244140625,131.63999938964844,128.55999755859375,131.52999877929688,1165200,0.0,0.0,0.0011416797907577436
2020-05-15,129.7100067138672,133.5399932861328,129.5,132.5399932861328,1749300,0.0,0.0,0.007678814842313475
2020-05-18,133.25,135.94000244140625,130.25,135.52999877929688,2692500,0.0,0.0,0.02255926999112723
2020-05-19,136.33999633789062,143.22000122070312,136.33999633789062,142.24000549316406,3227000,0.0,0.0,0.04950938371064306
2020-05-20,143.83999633789062,149.27999877929688,143.82000732421875,146.83999633789062,7065900,0.0,0.0,0.03233964192266314
2020-05-21,142.13999938964844,147.75,137.1300048828125,138.19000244140625,7409600,0.0,0.0,-0.05890761449339754
2020-05-22,139.64999389648438,141.5,138.6300048828125,140.50999450683594,2233800,0.0,0.0,0.016788421915061358
2020-05-26,142.44000244140625,142.75,129.80999755859375,130.1999969482422,5916700,0.0,0.0,-0.07337554595158824
2020-05-27,130.44000244140625,134.6999969482422,126.55999755859375,134.52000427246094,5231800,0.0,0.0,0.03317978053360515
2020-05-28,133.9199981689453,136.5500030517578,133.57000732421875,134.07000732421875,2346900,0.0,0.0,-0.003345204682946301
2020-05-29,135.02999877929688,137.22999572753906,132.7100067138672,136.1699981689453,4593600,0.0,0.0,0.015663390243935815
2020-06-01,135.6199951171875,136.58999633789062,134.25,136.22000122070312,1932800,0.0,0.0,0.0003672104900507289
2020-06-02,135.0399932861328,135.75999450683594,132.33999633789062,134.60000610351562,1801200,0.0,0.0,-0.011892490843270487
2020-06-03,134.0,134.00999450683594,128.25999450683594,129.3000030517578,3076100,0.0,0.0,-0.039375949564829815
2020-06-04,129.11000061035156,130.2899932861328,125.77999877929688,127.58999633789062,2647000,0.0,0.0,-0.013225109617226227
2020-06-05,125.26000213623047,129.00999450683594,124.86000061035156,128.91000366210938,3318000,0.0,0.0,0.010345696074189448
2020-06-08,127.23999786376953,134.97999572753906,125.77999877929688,134.8000030517578,2954800,0.0,0.0,0.04569078599273735
2020-06-09,134.97000122070312,136.9499969482422,132.52999877929688,134.41000366210938,1702200,0.0,0.0,-0.002893170480854468
2020-06-10,135.6999969482422,139.4199981689453,135.19000244140625,137.30999755859375,2133100,0.0,0.0,0.021575729614401462
2020-06-11,137.1199951171875,138.0800018310547,134.05999755859375,134.9199981689453,1922300,0.0,0.0,-0.0174058657937749
2020-06-12,137.58999633789062,137.80999755859375,130.99000549316406,134.0,2586200,0.0,0.0,-0.006818842139274972
2020-06-15,134.13999938964844,137.94000244140625,133.8800048828125,137.14999389648438,2109400,0.0,0.0,0.02350741713794302
2020-06-16,137.9199981689453,138.69000244140625,135.07000732421875,135.6699981689453,1408100,0.0,0.0,-0.010791073958458242
2020-06-17,136.16000366210938,139.83999633789062,136.16000366210938,138.9199981689453,2006800,0.0,0.0,0.02395518569958921
2020-06-18,139.75999450683594,141.6300048828125,139.0,141.25,1108100,0.0,0.0,0.01677225641927449
2020-06-19,142.32000732421875,142.9499969482422,139.4600067138672,142.61000061035156,2896700,0.0,0.0,0.009628322905143705
2020-06-22,141.97999572753906,143.1999969482422,139.94000244140625,141.13999938964844,1587500,0.0,0.0,-0.010307841065926082
2020-06-23,141.6999969482422,145.4199981689453,141.5800018310547,143.3699951171875,1283000,0.0,0.0,0.015799884775276718
2020-06-24,142.8699951171875,143.44000244140625,137.39999389648438,139.8699951171875,1479800,0.0,0.0,-0.02441236046035422
2020-06-25,140.58999633789062,140.75999450683594,137.30999755859375,140.39999389648438,1282100,0.0,0.0,0.003789224263951896
2020-06-26,140.5,141.94000244140625,137.5399932861328,141.17999267578125,3061300,0.0,0.0,0.005555547102601421
2020-06-29,141.92999267578125,142.00999450683594,136.80999755859375,137.7899932861328,1555300,0.0,0.0,-0.024011896624995144
2020-06-30,138.3699951171875,140.77999877929688,138.1300048828125,139.57000732421875,3111500,0.0,0.0,0.012918311378313119
2020-07-01,138.39999389648438,144.55999755859375,137.5,144.11000061035156,2025400,0.0,0.0,0.03252843052151233
2020-07-02,145.00999450683594,146.08999633789062,143.50999450683594,144.39999389648438,1578700,0.0,0.0,0.0020123050787912433
2020-07-06,145.0,147.8000030517578,144.33999633789062,145.67999267578125,2321300,0.0,0.0,0.008864257849030555
2020-07-07,146.0500030517578,149.8699951171875,145.67999267578125,147.27000427246094,1680200,0.0,0.0,0.010914412936705364
2020-07-08,148.74000549316406,148.75,145.47999572753906,147.82000732421875,1557100,0.0,0.0,0.0037346576750296734
2020-07-09,149.0,151.32000732421875,148.24000549316406,150.75999450683594,1151600,0.0,0.0,0.0198889665603168
2020-07-10,150.85000610351562,154.8800048828125,150.22999572753906,153.91000366210938,1313400,0.0,0.0,0.02089419786447788
2020-07-13,154.4600067138672,155.99000549316406,146.14999389648438,146.82000732421875,1671500,0.0,0.0,-0.0460658577687767
2020-07-14,145.50999450683594,151.27999877929688,144.13999938964844,151.0500030517578,1284200,0.0,0.0,0.02881075818364498
2020-07-15,150.02000427246094,152.0500030517578,147.9499969482422,151.27999877929688,1499600,0.0,0.0,0.0015226462952155906
2020-07-16,150.52000427246094,151.1699981689453,148.1199951171875,150.30999755859375,786400,0.0,0.0,-0.006411959469395989
2020-07-17,150.67999267578125,151.13999938964844,148.7100067138672,150.5800018310547,1055400,0.0,0.0,0.0017963161256502325
2020-07-20,151.13999938964844,155.2100067138672,150.8800048828125,154.6999969482422,846500,0.0,0.0,0.027360838538240895
2020-07-21,155.6300048828125,156.32000732421875,152.4499969482422,153.05999755859375,850800,0.0,0.0,-0.01060115980608023
2020-07-22,153.5800018310547,155.47999572753906,153.08999633789062,154.0500030517578,717800,0.0,0.0,0.00646808773654306
2020-07-23,155.50999450683594,155.8800048828125,151.02000427246094,151.47999572753906,895800,0.0,0.0,-0.016682942377841292
2020-07-24,150.0399932861328,156.67999267578125,148.8800048828125,156.02000427246094,1641900,0.0,0.0,0.029971010516053997
2020-07-27,157.16000366210938,160.25999450683594,156.6699981689453,159.24000549316406,1144100,0.0,0.0,0.020638386953764964
2020-07-28,158.11000061035156,158.94000244140625,156.02000427246094,156.41000366210938,732500,0.0,0.0,-0.01777192748951628
2020-07-29,157.55999755859375,159.24000549316406,156.86000061035156,157.82000732421875,686600,0.0,0.0,0.00901479207912681
2020-07-30,156.72000122070312,160.5500030517578,155.9199981689453,159.55999755859375,954800,0.0,0.0,0.011025156213561926
2020-07-31,163.9199981689453,164.11000061035156,160.07000732421875,164.02000427246094,1762400,0.0,0.0,0.027951910141070124
2020-08-03,165.63999938964844,169.19000244140625,164.25,167.69000244140625,3615000,0.0,0.0,0.02237530833646928
2020-08-04,175.69000244140625,180.61000061035156,172.05999755859375,177.52000427246094,4555500,0.0,0.0,0.05862008281912612
2020-08-05,175.6199951171875,177.05999755859375,171.33999633789062,176.02000427246094,1646300,0.0,0.0,-0.008449751937239514
2020-08-06,176.30999755859375,177.88999938964844,174.11000061035156,177.33999633789062,1153200,0.0,0.0,0.0074991025644248754
2020-08-07,175.32000732421875,176.5500030517578,171.64999389648438,174.9600067138672,1280300,0.0,0.0,-0.013420489867885022
2020-08-10,175.10000610351562,175.5,171.8699951171875,174.72999572753906,1011700,0.0,0.0,-0.0013146489340520873
2020-08-11,173.75999450683594,173.75999450683594,165.33999633789062,167.11000061035156,1829900,0.0,0.0,-0.043610114482401485
2020-08-12,167.02000427246094,170.25999450683594,166.13999938964844,168.11000061035156,1233900,0.0,0.0,0.005984082319116846
2020-08-13,169.22000122070312,172.47999572753906,169.1300048828125,171.27999877929688,784900,0.0,0.0,0.01885669000913759
2020-08-14,173.25999450683594,175.52000427246094,172.2100067138672,173.41000366210938,1085800,0.0,0.0,0.01243580627039309
2020-08-17,175.72000122070312,175.86000061035156,173.80999755859375,175.2100067138672,641800,0.0,0.0,0.01038004159935979
2020-08-18,175.6999969482422,177.52999877929688,173.52000427246094,176.97999572753906,828000,0.0,0.0,0.010102100027667982
2020-08-19,175.83999633789062,176.86000061035156,171.5500030517578,172.6300048828125,1416200,0.0,0.0,-0.024578997342860065
2020-08-20,172.0,175.50999450683594,172.0,174.42999267578125,1148900,0.0,0.0,0.010426853629475596
2020-08-21,175.0500030517578,175.0500030517578,171.83999633789062,173.13999938964844,1093200,0.0,0.0,-0.0073954786464421884
2020-08-24,173.13999938964844,174.72000122070312,170.55999755859375,172.5500030517578,916200,0.0,0.0,-0.0034076258517412583
2020-08-25,171.99000549316406,173.92999267578125,170.72000122070312,173.02000427246094,700600,0.0,0.0,0.002723855186268276
2020-08-26,173.3000030517578,175.5800018310547,172.6999969482422,175.38999938964844,892900,0.0,0.0,0.01369780984085156
2020-08-27,175.1199951171875,175.60000610351562,171.1699981689453,172.6699981689453,1591300,0.0,0.0,-0.015508302811840124
2020-08-28,173.1300048828125,174.07000732421875,170.4600067138672,171.05999755859375,858300,0.0,0.0,-0.0093241479552012
2020-08-31,170.67999267578125,172.85000610351562,169.57000732421875,171.19000244140625,918500,0.0,0.0,0.0007599958182389344
2020-09-01,171.77999877929688,174.13999938964844,171.0500030517578,172.5,913400,0.0,0.0,0.007652301769445424
2020-09-02,172.9600067138672,174.16000366210938,170.25999450683594,172.8300018310547,1296200,0.0,0.0,0.001913054093070743
2020-09-03,171.50999450683594,171.8000030517578,164.52000427246094,166.60000610351562,1512000,0.0,0.0,-0.036046957481543185
2020-09-04,163.9600067138672,165.57000732421875,157.24000549316406,161.7100067138672,1507800,0.0,0.0,-0.029351735957380942
2020-09-08,157.05999755859375,159.6300048828125,153.3000030517578,156.22000122070312,2165600,0.0,0.0,-0.03394969553664162
2020-09-09,159.66000366210938,160.36000061035156,156.1199951171875,158.58999633789062,1457400,0.0,0.0,0.015170881440714101
2020-09-10,158.5,161.36000061035156,153.61000061035156,154.32000732421875,1137500,0.0,0.0,-0.02692470592265017
2020-09-11,156.80999755859375,156.80999755859375,151.6300048828125,153.52999877929688,1176600,0.0,0.0,-0.005119287891570012
2020-09-14,155.19000244140625,157.64999389648438,154.32000732421875,156.47999572753906,1022000,0.0,0.0,0.019214466043752765
2020-09-15,157.52999877929688,161.41000366210938,157.32000732421875,160.58999633789062,1071100,0.0,0.0,0.02626534204095865
2020-09-16,160.86000061035156,162.97999572753906,156.49000549316406,157.07000732421875,1052400,0.0,0.0,-0.021919105136945283
2020-09-17,153.58999633789062,159.47000122070312,153.58999633789062,159.4499969482422,1310400,0.0,0.0,0.01515241301995185
2020-09-18,161.02999877929688,161.25,157.3699951171875,158.49000549316406,1892400,0.0,0.0,-0.00602064266824498
2020-09-21,157.05999755859375,164.72999572753906,157.00999450683594,164.33999633789062,1508700,0.0,0.0,0.03691078706523787
2020-09-22,166.25,166.86000061035156,161.36000061035156,166.22000122070312,1053400,0.0,0.0,0.011439728153255668
2020-09-23,165.5800018310547,166.30999755859375,161.88999938964844,162.30999755859375,996600,0.0,0.0,-0.02352306361084522
2020-09-24,160.27000427246094,165.92999267578125,160.27000427246094,163.2899932861328,768000,0.0,0.0,0.00603780261400888
2020-09-25,162.57000732421875,166.47000122070312,161.5,165.77999877929688,829800,0.0,0.0,0.01524897786480306
2020-09-28,167.3699951171875,167.9499969482422,164.82000732421875,167.4600067138672,979100,0.0,0.0,0.010133960350710902
2020-09-29,166.60000610351562,167.35000610351562,163.91000366210938,164.33999633789062,1216300,0.0,0.0,-0.018631376154830903
2020-09-30,164.7899932861328,166.25,162.80999755859375,165.22000122070312,929100,0.0,0.0,0.005354782173678352
2020-10-01,166.47999572753906,168.02999877929688,165.67999267578125,166.11000061035156,1047400,0.0,0.0,0.005386753317230486
2020-10-02,162.6199951171875,164.1999969482422,157.82000732421875,160.14999389648438,1255800,0.0,0.0,-0.03587987894749167
2020-10-05,161.92999267578125,164.9600067138672,161.17999267578125,164.75999450683594,853600,0.0,0.0,0.028785518489194084
2020-10-06,164.89999389648438,167.0,161.39999389648438,162.1999969482422,1064400,0.0,0.0,-0.01553773758160415
2020-10-07,162.55999755859375,163.52999877929688,159.49000549316406,160.9600067138672,984800,0.0,0.0,-0.007644822797195694
2020-10-08,162.4600067138672,162.9199981689453,159.07000732421875,160.4199981689453,904800,0.0,0.0,-0.0033549237226476736
2020-10-09,161.1300048828125,162.6999969482422,160.75999450683594,161.63999938964844,611900,0.0,0.0,0.007605044474681355
2020-10-12,164.94000244140625,168.27000427246094,163.92999267578125,167.13999938964844,1784900,0.0,0.0,0.03402623125939108
2020-10-13,167.27999877929688,170.1199951171875,164.66000366210938,169.16000366210938,1368900,0.0,0.0,0.012085702284536648
2020-10-14,170.41000366210938,170.99000549316406,166.3000030517578,168.94000244140625,1123700,0.0,0.0,-0.0013005510519056296
2020-10-15,166.35000610351562,168.5,165.0500030517578,168.02999877929688,881400,0.0,0.0,-0.00538654936047489
2020-10-16,169.0,170.8000030517578,167.83999633789062,168.22000122070312,2043700,0.0,0.0,0.0011307649990275337
2020-10-19,170.52000427246094,172.0,164.4199981689453,165.52999877929688,1005400,0.0,0.0,-0.015990978610664675
2020-10-20,166.6999969482422,167.11000061035156,164.02999877929688,164.44000244140625,1003100,0.0,0.0,-0.006584887004946638
2020-10-21,165.75,166.61000061035156,163.50999450683594,164.5500030517578,782500,0.0,0.0,0.0006689407000632919
2020-10-22,164.27999877929688,164.5500030517578,159.47999572753906,163.2899932861328,1387000,0.0,0.0,-0.007657306242824458
2020-10-23,164.2899932861328,164.75,161.80999755859375,164.42999267578125,646200,0.0,0.0,0.006981440605798861
2020-10-26,163.9600067138672,166.66000366210938,162.02999877929688,165.0500030517578,830000,0.0,0.0,0.003770664742405394
2020-10-27,166.3000030517578,167.88999938964844,165.14999389648438,167.36000061035156,722200,0.0,0.0,0.013995743810252259
2020-10-28,165.97999572753906,166.75999450683594,163.52999877929688,164.38999938964844,845300,0.0,0.0,-0.017746183137378746
2020-10-29,164.66000366210938,165.61000061035156,160.5,162.77000427246094,1257400,0.0,0.0,-0.009854584361592922
2020-10-30,162.4600067138672,162.77000427246094,153.94000244140625,154.9199981689453,1678700,0.0,0.0,-0.04822759659313813
2020-11-02,156.83999633789062,157.11000061035156,151.0,154.02999877929688,1127000,0.0,0.0,-0.005744896721970427
2020-11-03,154.77999877929688,160.19000244140625,154.1999969482422,158.8800048828125,1163300,0.0,0.0,0.03148741246479525
2020-11-04,161.6300048828125,166.58999633789062,161.19000244140625,163.72000122070312,1301300,0.0,0.0,0.030463218713144835
2020-11-05,167.10000610351562,171.5399932861328,164.64999389648438,168.67999267578125,2131000,0.0,0.0,0.030295574261520963
2020-11-06,172.77999877929688,179.4600067138672,164.24000549316406,175.19000244140625,3182000,0.0,0.0,0.03859384662256793
2020-11-09,169.5,169.83999633789062,156.16000366210938,159.99000549316406,3189300,0.0,0.0,-0.08676292446154832
2020-11-10,157.75999450683594,157.97999572753906,152.8800048828125,154.88999938964844,3032000,0.0,0.0,-0.03187702936689718
2020-11-11,157.2100067138672,161.80999755859375,156.50999450683594,161.57000732421875,1534700,0.0,0.0,0.04312743211887926
2020-11-12,162.1999969482422,163.99000549316406,159.5800018310547,160.22000122070312,1410800,0.0,0.0,-0.008355548940507274
2020-11-13,160.1999969482422,162.88999938964844,159.39999389648438,161.8300018310547,1148600,0.0,0.0,0.010048686793690642
2020-11-16,161.35000610351562,162.64999389648438,159.55999755859375,162.38999938964844,1047000,0.0,0.0,0.0034604063045020617
2020-11-17,162.35000610351562,164.9499969482422,161.7899932861328,162.1999969482422,946300,0.0,0.0,-0.0011700378232673003
2020-11-18,161.8800048828125,163.32000732421875,159.83999633789062,161.55999755859375,985500,0.0,0.0,-0.003945742303883448
2020-11-19,160.1999969482422,168.07000732421875,159.5500030517578,165.5800018310547,1688300,0.0,0.0,0.024882423453881142
2020-11-20,165.99000549316406,172.52999877929688,165.22999572753906,170.0500030517578,1455300,0.0,0.0,0.02699602108510657
2020-11-23,170.0500030517578,171.58999633789062,166.88999938964844,171.19000244140625,1138100,0.0,0.0,0.0067039069049674715
2020-11-24,171.10000610351562,171.27000427246094,167.2899932861328,169.8300018310547,1222100,0.0,0.0,-0.00794439272712233
2020-11-25,170.5500030517578,174.44000244140625,170.5500030517578,173.97999572753906,889200,0.0,0.0,0.024436164704353835
2020-11-27,175.8699951171875,177.94000244140625,174.35000610351562,176.41000366210938,615100,0.0,0.0,0.013967168606992209
2020-11-30,176.77999877929688,181.7100067138672,175.13999938964844,180.50999450683594,2667000,0.0,0.0,0.023241260470577174
2020-12-01,181.5,181.5,175.25,180.05999755859375,1151200,0.0,0.0,-0.0024929198489623827
2020-12-02,178.9499969482422,181.47999572753906,177.7899932861328,181.3000030517578,703000,0.0,0.0,0.006886623958553217
2020-12-03,181.3300018310547,184.42999267578125,180.22000122070312,180.75999450683594,950900,0.0,0.0,-0.00297853577403262
2020-12-04,180.10000610351562,181.64999389648438,178.88999938964844,180.72999572753906,1126600,0.0,0.0,-0.00016595917353678935
2020-12-07,181.3800048828125,184.6999969482422,180.77000427246094,183.38999938964844,1335600,0.0,0.0,0.014718108366026161
2020-12-08,184.41000366210938,186.72999572753906,182.44000244140625,183.60000610351562,1784900,0.0,0.0,0.0011451372188566733
2020-12-09,181.25,185.13999938964844,181.0,183.67999267578125,1305800,0.0,0.0,0.00043565669720369016
2020-12-10,182.8300018310547,188.5399932861328,182.35000610351562,187.82000732421875,1507500,0.0,0.0,0.0225392792547916
2020-12-11,188.19000244140625,191.0,186.83999633789062,190.2100067138672,1585800,0.0,0.0,0.012724945673773469
2020-12-14,193.3800048828125,203.69000244140625,193.0,195.1999969482422,3660300,0.0,0.0,0.026234109974463404
2020-12-15,195.99000549316406,197.19000244140625,193.6300048828125,194.6999969482422,2440200,0.0,0.0,-0.002561475449882167
2020-12-16,194.5399932861328,197.8800048828125,193.75,195.1199951171875,2920400,0.0,0.0,0.0021571554983483843
2020-12-17,197.00999450683594,197.4499969482422,191.75999450683594,197.39999389648438,2128400,0.0,0.0,0.011685110887418304
2020-12-18,197.99000549316406,205.83999633789062,197.39999389648438,203.38999938964844,5178300,0.0,0.0,0.030344506982635355
2020-12-21,203.9600067138672,204.4199981689453,198.27999877929688,201.77000427246094,1087700,0.0,0.0,-0.007964969379266051
2020-12-22,202.74000549316406,204.16000366210938,200.5800018310547,201.86000061035156,706000,0.0,0.0,0.0004460342765770786
2020-12-23,202.8000030517578,203.44000244140625,199.92999267578125,201.82000732421875,684500,0.0,0.0,-0.00019812387799411635
2020-12-24,202.47000122070312,204.44000244140625,201.49000549316406,202.5,211600,0.0,0.0,0.0033693026018419836
2020-12-28,204.7899932861328,204.7899932861328,200.5500030517578,201.1199951171875,631500,0.0,0.0,-0.006814838927469147
2020-12-29,202.14999389648438,204.86000061035156,200.94000244140625,202.4499969482422,879200,0.0,0.0,0.00661297664749716
2020-12-30,203.97999572753906,209.25999450683594,202.1699981689453,206.35000610351562,1524100,0.0,0.0,0.019264061319153702
2020-12-31,207.0,207.97999572753906,206.05999755859375,207.7899932861328,643900,0.0,0.0,0.0069783723771483785
2021-01-04,208.6699981689453,208.6699981689453,199.0399932861328,201.85000610351562,1849900,0.0,0.0,-0.02858649297147653
2021-01-05,202.11000061035156,205.0800018310547,200.1199951171875,204.74000549316406,878000,0.0,0.0,0.014317559089725096
2021-01-06,202.4499969482422,206.63999938964844,199.89999389648438,201.52999877929688,1140400,0.0,0.0,-0.015678453784032764
2021-01-07,204.38999938964844,208.61000061035156,203.1999969482422,208.00999450683594,944200,0.0,0.0,0.0321540007283756
2021-01-08,209.07000732421875,211.44000244140625,207.6300048828125,210.42999267578125,899700,0.0,0.0,0.011634047559506921
2021-01-11,208.47999572753906,209.1300048828125,206.0800018310547,206.5399932861328,839800,0.0,0.0,-0.018485955068401005
2021-01-12,206.82000732421875,207.1300048828125,198.86000061035156,199.14999389648438,1596700,0.0,0.0,-0.035779992397940164
2021-01-13,198.4499969482422,202.38999938964844,197.0,199.5,1281400,0.0,0.0,0.0017574999459832874
2021-01-14,199.16000366210938,201.35000610351562,194.52999877929688,195.47000122070312,1407800,0.0,0.0,-0.020200495134320207
2021-01-15,195.6999969482422,197.9499969482422,191.80999755859375,196.27999877929688,1688200,0.0,0.0,0.0041438458767859565
2021-01-19,195.85000610351562,200.02999877929688,195.25,198.72999572753906,1678900,0.0,0.0,0.012482152860603168
2021-01-20,201.02999877929688,207.3699951171875,199.83999633789062,207.0500030517578,1727100,0.0,0.0,0.041865885890852494
2021-01-21,207.42999267578125,208.72000122070312,203.4199981689453,205.55999755859375,890000,0.0,0.0,-0.007196355813583799
2021-01-22,204.9199981689453,206.6999969482422,202.7899932861328,204.66000366210938,906600,0.0,0.0,-0.0043782540726478025
2021-01-25,207.77000427246094,208.7100067138672,201.6699981689453,203.99000549316406,787400,0.0,0.0,-0.0032737132656924794
2021-01-26,203.77000427246094,204.0800018310547,199.2899932861328,199.77999877929688,856000,0.0,0.0,-0.02063829893866187
2021-01-27,200.27999877929688,201.07000732421875,193.75,195.3800048828125,1284900,0.0,0.0,-0.02202419623270291
2021-01-28,195.47999572753906,203.0,195.47999572753906,200.3000030517578,1160800,0.0,0.0,0.02518168720435998
2021-01-29,198.83999633789062,204.24000549316406,198.61000061035156,200.4499969482422,1000100,0.0,0.0,0.0007488462016929098
2021-02-01,201.7899932861328,203.91000366210938,198.9499969482422,200.94000244140625,1067900,0.0,0.0,0.0024445273166584514
2021-02-02,203.5399932861328,208.14999389648438,201.30999755859375,207.11000061035156,1122300,0.0,0.0,0.030705673803027134
2021-02-03,207.5500030517578,207.6699981689453,201.8000030517578,202.39999389648438,867000,0.0,0.0,-0.022741570662869193
2021-02-04,202.7100067138672,205.55999755859375,200.75,201.49000549316406,813200,0.0,0.0,-0.004495990270561578
2021-02-05,206.27000427246094,211.39999389648438,205.61000061035156,207.49000549316406,1586600,0.0,0.0,0.02977815195009037
2021-02-08,210.47999572753906,214.91000366210938,209.44000244140625,213.33999633789062,3019400,0.0,0.0,0.028194084967236188
2021-02-09,202.69000244140625,203.86000061035156,197.64999389648438,200.30999755859375,5866000,0.0,0.0,-0.06107621169478128
2021-02-10,202.50999450683594,203.75,198.5,199.82000732421875,2599400,0.0,0.0,-0.002446159654271196
2021-02-11,201.69000244140625,201.72999572753906,196.0,197.1199951171875,1443000,0.0,0.0,-0.013512221539709657
2021-02-12,196.5,200.27999877929688,194.72000122070312,199.86000061035156,1264800,0.0,0.0,0.013900190549087199
2021-02-16,200.72999572753906,201.0,194.4499969482422,195.7899932861328,1534200,0.0,0.0,-0.02036429156304098
2021-02-17,194.6300048828125,196.1699981689453,191.10000610351562,195.92999267578125,1066800,0.0,0.0,0.0007150487483997825
2021-02-18,192.63999938964844,196.77000427246094,192.55999755859375,196.22999572753906,808700,0.0,0.0,0.0015311747204229675
2021-02-19,197.9499969482422,198.1300048828125,193.77000427246094,194.86000061035156,1087800,0.0,0.0,-0.00698157848960923
2021-02-22,191.6199951171875,195.39999389648438,189.52000427246094,189.85000610351562,1705400,0.0,0.0,-0.025710738433456615
2021-02-23,184.0500030517578,187.13999938964844,181.11000061035156,185.9499969482422,2062400,0.0,0.0,-0.02054258114243601
2021-02-24,184.8000030517578,187.42999267578125,182.3800048828125,186.99000549316406,1218900,0.0,0.0,0.005592947362141443
2021-02-25,186.38999938964844,188.5,181.92999267578125,184.67999267578125,1217400,0.0,0.0,-0.012353669979796145
2021-02-26,185.3800048828125,186.99000549316406,182.3800048828125,184.4600067138672,1476400,0.0,0.0,-0.0011911737634745512
2021-03-01,186.0,188.1999969482422,185.1699981689453,187.4499969482422,671300,0.0,0.0,0.016209422777551108
2021-03-02,188.4499969482422,190.80999755859375,186.30999755859375,188.1699981689453,1086900,0.0,0.0,0.0038410308478262767
2021-03-03,188.1999969482422,188.1999969482422,179.11000061035156,180.14999389648438,1178200,0.0,0.0,-0.042621057291292064
2021-03-04,178.97999572753906,180.72000122070312,170.27999877929688,174.02999877929688,1624900,0.0,0.0,-0.033971664304935256
2021-03-05,173.27999877929688,173.83999633789062,168.33999633789062,170.80999755859375,2226400,0.0,0.0,-0.01850256417450591
2021-03-08,170.17999267578125,171.2100067138672,161.3300018310547,161.6199951171875,2608600,0.0,0.0,-0.05380248564346335
2021-03-09,169.0,169.89999389648438,166.6699981689453,168.57000732421875,1972300,0.0,0.0,0.04300218052841753
2021-03-10,170.33999633789062,171.39999389648438,163.0,164.82000732421875,1194600,0.0,0.0,-0.022245950270307846
2021-03-11,168.94000244140625,171.52000427246094,167.8000030517578,170.61000061035156,1021800,0.0,0.0,0.035129189593732235
2021-03-12,169.13999938964844,170.63999938964844,166.38999938964844,170.25,642100,0.0,0.0,-0.0021100791809605113
2021-03-15,171.77000427246094,171.77000427246094,167.9199981689453,169.1699981689453,827700,0.0,0.0,-0.006343623089895334
2021-03-16,172.0,174.52000427246094,169.75,173.00999450683594,1716600,0.0,0.0,0.022699038715220166
2021-03-17,171.4499969482422,171.80999755859375,165.5,168.91000366210938,1611700,0.0,0.0,-0.02369799997054256
2021-03-18,167.88999938964844,170.4199981689453,166.55999755859375,167.22000122070312,2264300,0.0,0.0,-0.010005342518297322
2021-03-19,169.1699981689453,171.49000549316406,168.0800018310547,169.74000549316406,1804500,0.0,0.0,0.015069993147141192
2021-03-22,171.2899932861328,173.39999389648438,170.8699951171875,171.8800048828125,1127400,0.0,0.0,0.012607513375711754
2021-03-23,172.3300018310547,177.0800018310547,171.55999755859375,173.85000610351562,1622700,0.0,0.0,0.011461491533272028
2021-03-24,174.49000549316406,174.49000549316406,169.3300018310547,170.25999450683594,1126400,0.0,0.0,-0.02065005159989519
2021-03-25,169.58999633789062,170.49000549316406,167.11000061035156,169.7899932861328,806000,0.0,0.0,-0.002760491224403583
2021-03-26,169.2100067138672,174.38999938964844,168.75999450683594,174.2899932861328,1066000,0.0,0.0,0.026503328688025407
2021-03-29,173.1199951171875,177.47999572753906,172.80999755859375,176.2899932861328,1208600,0.0,0.0,0.011475128102831356
2021-03-30,176.1699981689453,177.3699951171875,174.86000061035156,177.08999633789062,2053200,0.0,0.0,0.004537994680499757
2021-03-31,177.38999938964844,178.49000549316406,176.50999450683594,176.6999969482422,1134100,0.0,0.0,-0.0022022666311670713
2021-04-01,177.72999572753906,180.42999267578125,177.67999267578125,180.14999389648438,1211600,0.0,0.0,0.019524601062968605
2021-04-05,180.58999633789062,184.33999633789062,178.77000427246094,183.3800048828125,1330100,0.0,0.0,0.017929564783577545
2021-04-06,183.30999755859375,185.2899932861328,182.77999877929688,184.0,1198100,0.0,0.0,0.0033809308576673303
2021-04-07,184.0800018310547,185.05999755859375,182.50999450683594,183.64999389648438,875800,0.0,0.0,-0.0019022070843240924
2021-04-08,185.75999450683594,186.2100067138672,182.1300048828125,183.60000610351562,1020300,0.0,0.0,-0.00027219055066740605
2021-04-09,183.57000732421875,184.47999572753906,180.5500030517578,184.02000427246094,850900,0.0,0.0,0.002287571650234632
2021-04-12,182.35000610351562,182.9499969482422,180.6999969482422,182.75999450683594,861700,0.0,0.0,-0.006847134748238726
2021-04-13,184.3699951171875,185.6300048828125,181.63999938964844,182.66000366210938,1041800,0.0,0.0,-0.000547115603698578
2021-04-14,183.6300048828125,184.8300018310547,180.7899932861328,181.44000244140625,841200,0.0,0.0,-0.006679082427699545
2021-04-15,181.11000061035156,183.2100067138672,180.5,182.5,857000,0.0,0.0,0.005842138141152642
2021-04-16,182.75,182.75,177.6699981689453,178.8000030517578,1137200,0.0,0.0,-0.02027395588077907
2021-04-19,178.25,179.50999450683594,176.11000061035156,177.91000366210938,873700,0.0,0.0,-0.004977625136789343
2021-04-20,178.57000732421875,178.57000732421875,175.89999389648438,177.89999389648438,865100,0.0,0.0,-5.626308481232467e-05
2021-04-21,176.61000061035156,177.17999267578125,174.0500030517578,176.4499969482422,1269300,0.0,0.0,-0.008150629555872313
2021-04-22,176.3699951171875,179.6999969482422,176.3699951171875,178.3800048828125,993200,0.0,0.0,0.010937987916975977
2021-04-23,178.35000610351562,179.4600067138672,174.75999450683594,176.19000244140625,1125200,0.0,0.0,-0.012277174467199892
2021-04-26,175.47999572753906,177.49000549316406,174.6300048828125,176.42999267578125,759600,0.0,0.0,0.0013621103981471538
2021-04-27,176.80999755859375,177.36000061035156,173.3800048828125,174.27999877929688,1067600,0.0,0.0,-0.012186102055988468
2021-04-28,175.77999877929688,176.1199951171875,173.32000732421875,174.3800048828125,1150400,0.0,0.0,0.0005738243299064916
2021-04-29,175.3000030517578,176.7899932861328,174.11000061035156,176.47000122070312,940200,0.0,0.0,0.011985298081022222
2021-04-30,174.52999877929688,176.44000244140625,174.11000061035156,175.3800048828125,672100,0.0,0.0,-0.006176666460875779
2021-05-03,175.3000030517578,176.2899932861328,169.91000366210938,170.3000030517578,1198300,0.0,0.0,-0.028965684169350414
2021-05-04,168.35000610351562,169.3300018310547,164.2100067138672,167.52999877929688,1469500,0.0,0.0,-0.01626543877171316
2021-05-05,168.1999969482422,171.32000732421875,167.0,167.47000122070312,1084000,0.0,0.0,-0.00035813023954467393
2021-05-06,166.74000549316406,168.97999572753906,166.10000610351562,168.63999938964844,1081200,0.0,0.0,0.006986314924566139
2021-05-07,170.22999572753906,171.49000549316406,169.08999633789062,170.07000732421875,822200,0.0,0.0,0.008479648599062362
2021-05-10,169.4600067138672,171.42999267578125,166.9199981689453,169.02000427246094,1274600,0.0,0.0,-0.006173946060672009
2021-05-11,166.47000122070312,169.25,166.47000122070312,167.99000549316406,1176300,0.0,0.0,-0.00609394600201596
2021-05-12,166.5800018310547,167.47999572753906,162.35000610351562,164.25999450683594,1038600,0.0,0.0,-0.02220376727399953
2021-05-13,164.0800018310547,165.49000549316406,161.6999969482422,162.74000549316406,813100,0.0,0.0,-0.00925355573178599
2021-05-14,164.8000030517578,167.41000366210938,163.52999877929688,166.99000549316406,1524000,0.0,0.0,0.026115275018707917
2021-05-17,166.1199951171875,169.0500030517578,165.6699981689453,168.22000122070312,1289700,0.0,0.0,0.007365684694162322
2021-05-18,168.6699981689453,171.4199981689453,166.72000122070312,167.69000244140625,3687000,0.0,0.0,-0.0031506287923606102
2021-05-19,171.0,179.89999389648438,170.7899932861328,179.35000610351562,4221600,0.0,0.0,0.06953308779504352
2021-05-20,179.9499969482422,188.33999633789062,179.60000610351562,185.0800018310547,2254100,0.0,0.0,0.03194867874290375
2021-05-21,185.83999633789062,187.47999572753906,184.1699981689453,184.36000061035156,1365400,0.0,0.0,-0.0038902161961310577
2021-05-24,184.36000061035156,186.8000030517578,184.25,185.02000427246094,1015100,0.0,0.0,0.0035799721193552347
2021-05-25,186.0,186.3300018310547,183.5500030517578,184.6199951171875,807500,0.0,0.0,-0.002161977872859544
2021-05-26,185.47999572753906,188.36000061035156,184.60000610351562,185.6699981689453,816900,0.0,0.0,0.0056873744964152095
2021-05-27,184.75,187.16000366210938,183.5800018310547,186.47999572753906,1549500,0.0,0.0,0.004362565662637152
2021-05-28,186.27999877929688,187.67999267578125,185.2899932861328,185.55999755859375,753500,0.0,0.0,-0.0049334952274960875
2021-06-01,186.8300018310547,187.24000549316406,182.52999877929688,182.75999450683594,1127800,0.0,0.0,-0.015089475579852074
2021-06-02,181.05999755859375,182.50999450683594,176.0399932861328,176.91000366210938,1732500,0.0,0.0,-0.03200914325102888
2021-06-03,178.50999450683594,179.86000061035156,176.52999877929688,177.72999572753906,1268300,0.0,0.0,0.004635080258071911
2021-06-04,178.5399932861328,184.94000244140625,178.11000061035156,184.4499969482422,1321400,0.0,0.0,0.03781016925811964
2021-06-07,183.3800048828125,185.42999267578125,183.3800048828125,184.25999450683594,1396800,0.0,0.0,-0.0010301027083213787
2021-06-08,184.92999267578125,186.58999633789062,184.3699951171875,184.8300018310547,891900,0.0,0.0,0.0030934947422762704
2021-06-09,184.94000244140625,186.64999389648438,182.89999389648438,183.58999633789062,942600,0.0,0.0,-0.006708897261698321
2021-06-10,183.41000366210938,185.4199981689453,182.61000061035156,184.97000122070312,913900,0.0,0.0,0.007516776024509841
2021-06-11,184.77000427246094,186.63999938964844,183.94000244140625,186.4199981689453,660800,0.0,0.0,0.007839092494312583
2021-06-14,186.5,187.89999389648438,185.4600067138672,186.75,853700,0.0,0.0,0.0017702061704540917
2021-06-15,186.35000610351562,186.41000366210938,178.0399932861328,178.60000610351562,1497900,0.0,0.0,-0.04364119891022422
2021-06-16,177.0,177.52999877929688,168.9600067138672,171.64999389648438,3117400,0.0,0.0,-0.038913840814781664
2021-06-17,170.80999755859375,173.44000244140625,169.92999267578125,170.5,1400900,0.0,0.0,-0.006699644260855009
2021-06-18,170.85000610351562,172.0,168.67999267578125,171.27999877929688,1601600,0.0,0.0,0.004574772899101909
2021-06-21,171.85000610351562,174.32000732421875,169.44000244140625,173.47000122070312,1290100,0.0,0.0,0.012786095615449966
2021-06-22,173.72999572753906,175.25,172.92999267578125,174.22999572753906,1083100,0.0,0.0,0.00438112931047363
2021-06-23,173.7899932861328,173.8699951171875,170.1300048828125,171.8800048828125,1300200,0.0,0.0,-0.013487866052648512
2021-06-24,174.27000427246094,175.97999572753906,173.6999969482422,175.05999755859375,1375100,0.0,0.0,0.018501236824779888
2021-06-25,175.49000549316406,176.10000610351562,173.38999938964844,173.82000732421875,3315200,0.0,0.0,-0.0070832300449448216
2021-06-28,175.25999450683594,178.9499969482422,174.97000122070312,178.08999633789062,1525400,0.0,0.0,0.02456557837848461
2021-06-29,178.00999450683594,179.0500030517578,176.16000366210938,178.10000610351562,818100,0.0,0.0,5.620622062352254e-05
2021-06-30,177.8000030517578,178.77999877929688,176.35000610351562,177.02000427246094,1013600,0.0,0.0,-0.006064019056950309
2021-07-01,177.52999877929688,179.83999633789062,176.61000061035156,178.97000122070312,1052500,0.0,0.0,0.011015686934685798
2021-07-02,180.3000030517578,180.97000122070312,176.02999877929688,177.3000030517578,737800,0.0,0.0,-0.009331162527545067
2021-07-06,177.39999389648438,177.83999633789062,171.6300048828125,174.07000732421875,1176400,0.0,0.0,-0.018217685684958296
2021-07-07,174.3699951171875,175.05999755859375,172.63999938964844,173.69000244140625,712700,0.0,0.0,-0.0021830577745924895
2021-07-08,171.39999389648438,171.8300018310547,170.0800018310547,170.6699981689453,940500,0.0,0.0,-0.017387323565037804
2021-07-09,170.6699981689453,171.1699981689453,169.17999267578125,170.3699951171875,917400,0.0,0.0,-0.0017577960682980676
2021-07-12,172.3699951171875,173.47999572753906,171.47999572753906,172.10000610351562,875300,0.0,0.0,0.010154434676940438
2021-07-13,172.5800018310547,175.25,172.08999633789062,173.5500030517578,1207200,0.0,0.0,0.008425316076805078
2021-07-14,173.8699951171875,174.5500030517578,170.02000427246094,171.8800048828125,692600,0.0,0.0,-0.009622576430881824
2021-07-15,171.66000366210938,171.72000122070312,167.05999755859375,168.24000549316406,1030200,0.0,0.0,-0.021177561590891125
2021-07-16,168.25999450683594,170.89999389648438,168.25999450683594,170.52000427246094,899800,0.0,0.0,0.013552060775399388
2021-07-19,169.94000244140625,172.22999572753906,166.61000061035156,168.9600067138672,2109700,0.0,0.0,-0.009148472434361121
2021-07-20,170.91000366210938,171.10000610351562,167.97000122070312,170.02000427246094,861600,0.0,0.0,0.00627365954352066
2021-07-21,170.47000122070312,171.57000732421875,170.13999938964844,170.89999389648438,903400,0.0,0.0,0.0051758005052937595
2021-07-22,170.67999267578125,171.58999633789062,169.1999969482422,171.27999877929688,606200,0.0,0.0,0.002223551178373251
2021-07-23,171.14999389648438,174.08999633789062,169.27000427246094,173.2899932861328,1253500,0.0,0.0,0.01173513849346719
2021-07-26,173.6999969482422,173.6999969482422,171.1199951171875,172.89999389648438,816900,0.0,0.0,-0.0022505592057152635
2021-07-27,172.83999633789062,173.25999450683594,164.6300048828125,167.5,1481500,0.0,0.0,-0.031231891770437947
2021-07-28,168.64999389648438,173.11000061035156,168.1699981689453,171.27999877929688,1153300,0.0,0.0,0.022567156891324602
2021-07-29,171.1999969482422,172.99000549316406,168.85000610351562,169.99000549316406,1037500,0.0,0.0,-0.00753148817915994
2021-07-30,168.97000122070312,174.1999969482422,168.5800018310547,173.4199981689453,1940700,0.0,0.0,0.020177613771058978
2021-08-02,175.6699981689453,176.82000732421875,173.00999450683594,173.2100067138672,2372600,0.0,0.0,-0.0012108837348363544
2021-08-03,162.99000549316406,162.99000549316406,155.39999389648438,159.86000061035156,5935500,0.0,0.0,-0.07707410418596117
2021-08-04,161.0800018310547,163.6199951171875,158.13999938964844,158.75,2136400,0.0,0.0,-0.006943579420202295
2021-08-05,158.8300018310547,159.07000732421875,155.7100067138672,156.77999877929688,2643200,0.0,0.0,-0.012409456508366112
2021-08-06,156.30999755859375,159.77999877929688,156.02999877929688,158.3000030517578,2279900,0.0,0.0,0.009695141499526994
2021-08-09,158.27999877929688,161.60000610351562,158.22999572753906,160.57000732421875,1145400,0.0,0.0,0.014339887736570356
2021-08-10,160.55999755859375,161.16000366210938,159.08999633789062,159.67999267578125,1113500,0.0,0.0,-0.005542844913996925
2021-08-11,161.1300048828125,161.2899932861328,158.75999450683594,159.92999267578125,1068600,0.0,0.0,0.0015656313343375139
2021-08-12,158.75,160.8699951171875,158.27999877929688,160.3699951171875,1116400,0.0,0.0,0.0027512190430611927
2021-08-13,161.05999755859375,162.66000366210938,159.9600067138672,160.35000610351562,926100,0.0,0.0,-0.00012464310207949136
2021-08-16,159.14999389648438,160.60000610351562,158.97999572753906,160.35000610351562,816000,0.0,0.0,0.0
2021-08-17,159.3699951171875,163.6300048828125,158.4499969482422,163.47000122070312,1311500,0.0,0.0,0.019457405665287864
2021-08-18,163.64999389648438,164.8699951171875,161.5500030517578,161.6199951171875,1164100,0.0,0.0,-0.011317098487189092
2021-08-19,161.38999938964844,163.7899932861328,160.75999450683594,162.27000427246094,767300,0.0,0.0,0.004021836251152822
2021-08-20,161.97999572753906,163.69000244140625,159.41000366210938,160.9600067138672,1040400,0.0,0.0,-0.008072949553844744
2021-08-23,161.1199951171875,163.92999267578125,160.42999267578125,163.36000061035156,782400,0.0,0.0,0.014910498237930447
2021-08-24,164.16000366210938,164.55999755859375,163.1199951171875,163.82000732421875,677600,0.0,0.0,0.002815907885336033
2021-08-25,164.07000732421875,164.6199951171875,160.5,160.66000366210938,893400,0.0,0.0,-0.01928948553796217
2021-08-26,160.6199951171875,160.9600067138672,158.55999755859375,158.8800048828125,916300,0.0,0.0,-0.011079290045582613
2021-08-27,159.33999633789062,161.3000030517578,158.6699981689453,160.02999877929688,1524900,0.0,0.0,0.007238128531860122
2021-08-30,158.99000549316406,159.57000732421875,156.6199951171875,158.13999938964844,1106200,0.0,0.0,-0.01181028184756161
2021-08-31,158.8300018310547,161.99000549316406,158.25,161.22000122070312,1257500,0.0,0.0,0.019476424958531302
2021-09-01,162.35000610351562,163.42999267578125,160.14999389648438,161.92999267578125,878700,0.0,0.0,0.0044038670741985975
2021-09-02,162.5500030517578,163.69000244140625,161.6300048828125,162.02999877929688,730500,0.0,0.0,0.000617588513796008
2021-09-03,161.72000122070312,162.1300048828125,160.35000610351562,160.55999755859375,559500,0.0,0.0,-0.009072401603269942
2021-09-07,160.6999969482422,161.0399932861328,158.08999633789062,159.11000061035156,795300,0.0,0.0,-0.009030873008783136
2021-09-08,159.36000061035156,160.17999267578125,157.57000732421875,159.4499969482422,605600,0.0,0.0,0.0021368634063627656
2021-09-09,158.27000427246094,158.8800048828125,156.6999969482422,157.02999877929688,833700,0.0,0.0,-0.01517716033403782
2021-09-10,153.10000610351562,156.0,151.7100067138672,153.94000244140625,2895700,0.0,0.0,-0.01967774541113998
2021-09-13,154.6300048828125,156.39999389648438,152.27999877929688,152.92999267578125,1144800,0.0,0.0,-0.006561061125157752
2021-09-14,152.5399932861328,153.5399932861328,151.38999938964844,152.14999389648438,1350900,0.0,0.0,-0.005100364981710959
2021-09-15,152.13999938964844,153.85000610351562,150.41000366210938,152.69000244140625,1080600,0.0,0.0,0.00354918545241123
2021-09-16,152.11000061035156,153.2100067138672,151.32000732421875,151.88999938964844,863000,0.0,0.0,-0.005239393797670577
2021-09-17,149.49000549316406,151.99000549316406,148.8699951171875,151.66000366210938,2074700,0.0,0.0,-0.0015142256136893018
2021-09-20,150.32000732421875,151.9499969482422,147.1199951171875,148.83999633789062,1030400,0.0,0.0,-0.01859427176661277
2021-09-21,149.19000244140625,149.22000122070312,145.60000610351562,145.72000122070312,1040600,0.0,0.0,-0.020962074670471065
2021-09-22,145.91000366210938,147.10000610351562,144.5800018310547,145.25,1650600,0.0,0.0,-0.0032253720612538395
2021-09-23,147.52999877929688,149.2100067138672,145.75,146.67999267578125,1180500,0.0,0.0,0.009845044239457756
2021-09-24,146.52000427246094,148.07000732421875,145.77000427246094,147.36000061035156,1023800,0.0,0.0,0.004635996512989848
2021-09-27,146.8800048828125,148.8699951171875,145.4199981689453,148.64999389648438,1048800,0.0,0.0,0.008754026063991338
2021-09-28,148.2899932861328,152.14999389648438,148.16000366210938,149.11000061035156,1867100,0.0,0.0,0.0030945626152365513
2021-09-29,148.74000549316406,152.6999969482422,148.5,151.60000610351562,1429000,0.0,0.0,0.016699117986531675
2021-09-30,152.72000122070312,155.36000061035156,152.49000549316406,154.07000732421875,1480300,0.0,0.0,0.016292883385615076
2021-10-01,154.3800048828125,160.02999877929688,151.86000061035156,158.5399932861328,1868500,0.0,0.0,0.02901269390159511
2021-10-04,157.72000122070312,157.91000366210938,155.41000366210938,157.1300048828125,991900,0.0,0.0,-0.008893581828123165
2021-10-05,157.17999267578125,162.27999877929688,156.97999572753906,162.02000427246094,1712200,0.0,0.0,0.031120723208119205
2021-10-06,161.52999877929688,166.27999877929688,160.47000122070312,165.44000244140625,2267600,0.0,0.0,0.0211084932647827
2021-10-07,166.10000610351562,172.22999572753906,165.9499969482422,170.77000427246094,1926900,0.0,0.0,0.032217128580751764
2021-10-08,171.36000061035156,175.5500030517578,169.1199951171875,173.69000244140625,1824800,0.0,0.0,0.017099010926336256
2021-10-11,173.32000732421875,173.9199981689453,169.77999877929688,170.72000122070312,1137500,0.0,0.0,-0.017099436806704227
2021-10-12,171.27000427246094,172.41000366210938,170.08999633789062,171.35000610351562,652300,0.0,0.0,0.003690281620827962
2021-10-13,171.5800018310547,172.33999633789062,170.24000549316406,170.60000610351562,940700,0.0,0.0,-0.00437700597189894
2021-10-14,171.1699981689453,172.10000610351562,168.4600067138672,169.3800048828125,933300,0.0,0.0,-0.007151237849093994
2021-10-15,169.5399932861328,172.6999969482422,169.02000427246094,170.55999755859375,1057500,0.0,0.0,0.0069665405701082594
2021-10-18,170.5399932861328,172.94000244140625,169.3800048828125,171.75,607400,0.0,0.0,0.006977031299484127
2021-10-19,172.3800048828125,173.80999755859375,171.0800018310547,172.0399932861328,925700,0.0,0.0,0.001688461636872196
2021-10-20,172.69000244140625,174.8699951171875,171.52000427246094,173.5,628700,0.0,0.0,0.008486437868193475
2021-10-21,173.92999267578125,182.74000549316406,173.0800018310547,182.05999755859375,1949000,0.0,0.0,0.049337161721001443
2021-10-22,181.75999450683594,182.5,178.52000427246094,180.75,1207000,0.0,0.0,-0.007195416764586904
2021-10-25,180.3300018310547,183.1300048828125,179.07000732421875,182.99000549316406,806300,0.0,0.0,0.012392838136453976
2021-10-26,183.4600067138672,184.74000549316406,181.1300048828125,182.5399932861328,761000,0.0,0.0,-0.002459217408177339
2021-10-27,182.66000366210938,183.92999267578125,180.02000427246094,180.91000366210938,887300,0.0,0.0,-0.00892949317396119
2021-10-28,180.25999450683594,187.1300048828125,177.5,181.11000061035156,1628700,0.0,0.0,0.0011055051914969916
2021-10-29,181.35000610351562,184.47000122070312,179.74000549316406,181.0,1075600,0.0,0.0,-0.0006073690573731305
2021-11-01,181.50999450683594,185.22000122070312,181.22000122070312,183.8000030517578,1518500,0.0,0.0,0.015469630120208855
2021-11-02,183.0,184.3800048828125,181.60000610351562,183.94000244140625,1083200,0.0,0.0,0.0007616941638952657
2021-11-03,181.2100067138672,184.7899932861328,179.60000610351562,184.16000366210938,1692000,0.0,0.0,0.001196048808215
2021-11-04,189.00999450683594,193.33999633789062,186.4199981689453,192.91000366210938,2941600,0.0,0.0,0.0475130312011407
2021-11-05,192.25999450683594,195.8300018310547,185.6699981689453,187.1999969482422,1736100,0.0,0.0,-0.02959932924924169
2021-11-08,187.5,187.5500030517578,181.67999267578125,185.13999938964844,1219200,0.0,0.0,-0.011004260641966246
2021-11-09,186.99000549316406,189.88999938964844,185.9199981689453,186.80999755859375,873600,0.0,0.0,0.009020191068655148
2021-11-10,186.2899932861328,186.2899932861328,181.07000732421875,182.75,1021900,0.0,0.0,-0.021733299136307282
2021-11-11,183.19000244140625,186.44000244140625,182.58999633789062,185.7100067138672,775000,0.0,0.0,0.01619702716206395
2021-11-12,185.6300048828125,189.50999450683594,183.4499969482422,187.8300018310547,1116000,0.0,0.0,0.011415621348040084
2021-11-15,185.19000244140625,185.19000244140625,174.82000732421875,177.60000610351562,2128200,0.0,0.0,-0.05446411983076338
2021-11-16,177.80999755859375,181.4499969482422,177.60000610351562,179.69000244140625,1441600,0.0,0.0,0.0117679969936062
2021-11-17,178.99000549316406,180.52000427246094,176.27999877929688,177.0399932861328,1490000,0.0,0.0,-0.014747671652670546
2021-11-18,176.91000366210938,176.99000549316406,171.44000244140625,174.0,1562600,0.0,0.0,-0.017171223460337393
2021-11-19,175.82000732421875,177.13999938964844,170.27000427246094,170.5,1651600,0.0,0.0,-0.02011494252873558
2021-11-22,170.25999450683594,170.52000427246094,164.22000122070312,164.91000366210938,1660400,0.0,0.0,-0.03278590227501832
2021-11-23,164.27000427246094,166.91000366210938,162.2100067138672,165.1300048828125,1172300,0.0,0.0,0.001334068375584474
2021-11-24,164.5,165.16000366210938,162.47000122070312,164.30999755859375,858400,0.0,0.0,-0.004965828740819633
2021-11-26,166.6999969482422,171.7899932861328,166.2899932861328,169.66000366210938,1308100,0.0,0.0,0.032560441744317936
2021-11-29,168.72000122070312,171.4499969482422,164.55999755859375,169.60000610351562,1153400,0.0,0.0,-0.0003536340757910317
2021-11-30,170.14999389648438,171.77000427246094,165.38999938964844,165.8800048828125,2341500,0.0,0.0,-0.021933968672339654
2021-12-01,165.8000030517578,168.42999267578125,160.22999572753906,160.35000610351562,824000,0.0,0.0,-0.03333734396260479
2021-12-02,159.5399932861328,163.74000549316406,159.5,161.3800048828125,1215200,0.0,0.0,0.006423440848714046
2021-12-03,161.47999572753906,165.99000549316406,159.82000732421875,165.77999877929688,1344300,0.0,0.0,0.027264802102834773
2021-12-06,165.5,165.69000244140625,162.1999969482422,164.39999389648438,969500,0.0,0.0,-0.00832431471211259
2021-12-07,166.36000061035156,168.91000366210938,165.5,167.2899932861328,1067900,0.0,0.0,0.017579072365830672
2021-12-08,166.91000366210938,171.0800018310547,165.55999755859375,170.5500030517578,1082500,0.0,0.0,0.019487177335520967
2021-12-09,170.75999450683594,173.1999969482422,165.1199951171875,166.3800048828125,845700,0.0,0.0,-0.02445029665393683
2021-12-10,166.3800048828125,167.02999877929688,163.35000610351562,165.60000610351562,632600,0.0,0.0,-0.004688055994746865
2021-12-13,165.60000610351562,166.69000244140625,164.00999450683594,166.25999450683594,768800,0.0,0.0,0.003985437071226672
2021-12-14,164.36000061035156,167.75999450683594,163.47999572753906,167.6300048828125,676600,0.0,0.0,0.008240168538681258
2021-12-15,167.6300048828125,171.52000427246094,165.72000122070312,171.14999389648438,839800,0.0,0.0,0.020998561779752123
2021-12-16,171.14999389648438,174.08999633789062,169.1999969482422,172.74000549316406,1106400,0.0,0.0,0.00929016449536868
2021-12-17,171.9499969482422,178.44000244140625,171.4600067138672,175.74000549316406,2879300,0.0,0.0,0.017367140816252347
2021-12-20,174.6999969482422,179.0399932861328,173.61000061035156,178.35000610351562,1107200,0.0,0.0,0.014851488157334058
2021-12-21,178.24000549316406,179.97000122070312,176.44000244140625,179.44000244140625,869900,0.0,0.0,0.006111557614738583
2021-12-22,179.7899932861328,180.3699951171875,176.38999938964844,177.6199951171875,1078800,0.0,0.0,-0.010142706751316788
2021-12-23,177.94000244140625,178.50999450683594,176.36000061035156,177.9600067138672,621300,0.0,0.0,0.0019142641933715954
2021-12-27,178.02999877929688,179.69000244140625,177.35000610351562,179.55999755859375,582500,0.0,0.0,0.008990732661069867
2021-12-28,179.74000549316406,181.82000732421875,178.44000244140625,179.38999938964844,600800,0.0,0.0,-0.0009467485590148872
2021-12-29,179.77999877929688,180.33999633789062,178.50999450683594,180.3000030517578,514900,0.0,0.0,0.0050727669613999105
2021-12-30,180.35000610351562,181.75,179.61000061035156,180.8300018310547,665000,0.0,0.0,0.002939538382285667
2021-12-31,180.52000427246094,181.67999267578125,177.3800048828125,177.72000122070312,858700,0.0,0.0,-0.017198476905713744
2022-01-03,176.83999633789062,178.9199981689453,173.5500030517578,178.61000061035156,1335400,0.0,0.0,0.005007874091465858
2022-01-04,177.92999267578125,182.25,175.25999450683594,181.89999389648438,1242500,0.0,0.0,0.018419983622922187
2022-01-05,181.6300048828125,181.6300048828125,171.52999877929688,171.85000610351562,1701100,0.0,0.0,-0.05525007218355371
2022-01-06,169.4600067138672,172.0,164.3699951171875,164.61000061035156,1430300,0.0,0.0,-0.042129794797929554
2022-01-07,162.7899932861328,165.67999267578125,161.60000610351562,164.60000610351562,941500,0.0,0.0,-6.071627968462501e-05
2022-01-10,147.5,150.60000610351562,138.19000244140625,142.99000549316406,9883100,0.0,0.0,-0.1312879696782101
2022-01-11,141.2899932861328,149.25,141.2899932861328,148.4199981689453,7451600,0.0,0.0,0.037974630863559566
2022-01-12,149.64999389648438,157.6699981689453,149.52000427246094,156.05999755859375,4328300,0.0,0.0,0.05147553890245904
2022-01-13,156.50999450683594,156.58999633789062,154.02999877929688,154.8300018310547,2860900,0.0,0.0,-0.007881556752410201
2022-01-14,154.19000244140625,154.4600067138672,149.41000366210938,152.5800018310547,2748900,0.0,0.0,-0.014532067256933345
2022-01-18,157.36000061035156,160.85000610351562,152.7899932861328,154.0399932861328,5849200,0.0,0.0,0.009568694701516112
2022-01-19,155.5,167.9499969482422,155.1999969482422,163.36000061035156,4733800,0.0,0.0,0.060503815440361874
2022-01-20,164.58999633789062,168.97999572753906,163.35000610351562,164.4600067138672,2231700,0.0,0.0,0.006733631852385846
2022-01-21,164.4600067138672,169.0800018310547,163.5,164.75999450683594,2760000,0.0,0.0,0.0018240774700359896
2022-01-24,162.86000061035156,165.19000244140625,157.39999389648438,164.99000549316406,2750700,0.0,0.0,0.0013960366229472942
2022-01-25,161.99000549316406,164.8699951171875,158.2899932861328,158.38999938964844,1455600,0.0,0.0,-0.04000246005076402
2022-01-26,159.1699981689453,160.25,156.55999755859375,157.9199981689453,2871400,0.0,0.0,-0.0029673667688254746
2022-01-27,158.8000030517578,159.0500030517578,155.05999755859375,157.25,2368400,0.0,0.0,-0.004242642962980159
2022-01-28,158.5399932861328,159.27000427246094,154.25999450683594,158.74000549316406,3444700,0.0,0.0,0.009475392643332636
2022-01-31,160.0,169.99000549316406,158.47999572753906,163.33999633789062,3401300,0.0,0.0,0.028978144673962758
2022-02-01,163.9600067138672,164.27000427246094,158.10000610351562,160.25,1554800,0.0,0.0,-0.018917573204168314
2022-02-02,159.6699981689453,165.97000122070312,158.38999938964844,165.0500030517578,2078500,0.0,0.0,0.029953217171655666
2022-02-03,162.9499969482422,165.86000061035156,162.08999633789062,163.02000427246094,1602400,0.0,0.0,-0.01229929561806975
2022-02-04,161.77999877929688,175.63999938964844,159.22999572753906,175.0,5633200,0.0,0.0,0.07348788745899237
2022-02-07,175.0,176.61000061035156,173.57000732421875,175.10000610351562,3472500,0.0,0.0,0.0005714634486606585
2022-02-08,169.9499969482422,178.5,169.60000610351562,172.1999969482422,3850900,0.0,0.0,-0.016562016300325055
2022-02-09,173.47999572753906,173.6199951171875,168.91000366210938,172.33999633789062,1692700,0.0,0.0,0.0008130046000554003
2022-02-10,170.25,177.7100067138672,169.47999572753906,173.14999389648438,1534500,0.0,0.0,0.004699997538619272
2022-02-11,173.4199981689453,174.75999450683594,170.6999969482422,171.47999572753906,1360500,0.0,0.0,-0.009644806397993255
2022-02-14,171.7899932861328,171.86000061035156,167.00999450683594,167.07000732421875,1181900,0.0,0.0,-0.025717217828295502
2022-02-15,167.7100067138672,170.77000427246094,167.33999633789062,168.92999267578125,1813400,0.0,0.0,0.011132969833137052
2022-02-16,168.25,168.25,162.94000244140625,166.08999633789062,2482900,0.0,0.0,-0.016811676203297377
2022-02-17,165.25999450683594,166.14999389648438,161.8800048828125,162.1300048828125,1494400,0.0,0.0,-0.02384244411097458
2022-02-18,162.3300018310547,162.92999267578125,158.35000610351562,158.5,1591600,0.0,0.0,-0.02238947001473457
2022-02-22,157.57000732421875,160.17999267578125,157.5399932861328,158.27999877929688,1480900,0.0,0.0,-0.0013880203198934904
2022-02-23,158.94000244140625,161.10000610351562,157.66000366210938,157.82000732421875,1738200,0.0,0.0,-0.0029061881389039756
2022-02-24,154.5500030517578,163.38999938964844,153.97000122070312,163.3800048828125,1678300,0.0,0.0,0.03522999176632613
2022-02-25,165.24000549316406,166.3800048828125,161.13999938964844,165.27999877929688,1557900,0.0,0.0,0.011629292690052084
2022-02-28,163.52999877929688,165.08999633789062,160.8699951171875,162.0,2114100,0.0,0.0,-0.019845104087136134
2022-03-01,163.35000610351562,164.0,158.0,159.8000030517578,1446900,0.0,0.0,-0.013580228075569023
2022-03-02,160.4199981689453,161.63999938964844,159.6300048828125,160.86000061035156,1561300,0.0,0.0,0.006633276209953687
2022-03-03,161.44000244140625,161.44000244140625,157.27999877929688,158.1999969482422,1583800,0.0,0.0,-0.016536141066868848
2022-03-04,158.7100067138672,158.99000549316406,155.39999389648438,158.00999450683594,3267600,0.0,0.0,-0.0012010268335745922
2022-03-07,158.0,162.39999389648438,157.11000061035156,158.0,2015500,0.0,0.0,-6.325237126381111e-05
2022-03-08,158.22999572753906,158.5,152.97999572753906,156.10000610351562,2469200,0.0,0.0,-0.0120252778258505
2022-03-09,158.0,161.22000122070312,157.5399932861328,158.32000732421875,1322200,0.0,0.0,0.014221660050615093
2022-03-10,157.1199951171875,158.52000427246094,155.50999450683594,158.2899932861328,1828400,0.0,0.0,-0.0001895783015248842
2022-03-11,158.74000549316406,158.99000549316406,153.47000122070312,153.49000549316406,965300,0.0,0.0,-0.03032401286600639
2022-03-14,153.0,153.1199951171875,141.60000610351562,141.82000732421875,4480100,0.0,0.0,-0.07603099714179795
2022-03-15,140.9499969482422,143.80999755859375,133.5399932861328,142.8800048828125,3258800,0.0,0.0,0.007474245549645708
2022-03-16,143.57000732421875,148.80999755859375,141.9499969482422,148.7899932861328,2097300,0.0,0.0,0.04136329928157245
2022-03-17,148.38999938964844,150.05999755859375,145.0800018310547,149.50999450683594,1534800,0.0,0.0,0.004839043303930479
2022-03-18,149.41000366210938,153.1999969482422,147.92999267578125,151.3699951171875,1889400,0.0,0.0,0.012440643961541431
2022-03-21,150.22000122070312,152.82000732421875,149.47000122070312,151.22000122070312,1335400,0.0,0.0,-0.0009909090395904263
2022-03-22,151.44000244140625,154.47999572753906,150.6199951171875,152.2899932861328,1485600,0.0,0.0,0.007075731099010163
2022-03-23,150.82000732421875,152.52999877929688,149.0800018310547,149.39999389648438,1295500,0.0,0.0,-0.018976948696941
2022-03-24,150.38999938964844,150.67999267578125,148.6999969482422,150.5,1038200,0.0,0.0,0.007362825625533809
2022-03-25,150.36000061035156,154.5399932861328,148.50999450683594,154.5,1589000,0.0,0.0,0.02657807308970095
2022-03-28,154.66000366210938,156.91000366210938,153.82000732421875,156.5,1376000,0.0,0.0,0.012944983818770295
2022-03-29,158.14999389648438,159.5,156.49000549316406,158.57000732421875,1395700,0.0,0.0,0.013226883860822714
2022-03-30,157.32000732421875,159.50999450683594,155.55999755859375,156.05999755859375,1462300,0.0,0.0,-0.015829032286622358
2022-03-31,156.08999633789062,157.6999969482422,153.66000366210938,153.74000549316406,1284900,0.0,0.0,-0.014866026539303467
2022-04-01,153.7899932861328,154.85000610351562,151.07000732421875,151.8800048828125,1152800,0.0,0.0,-0.012098351397771157
2022-04-04,152.1699981689453,155.83999633789062,151.6300048828125,154.42999267578125,1268000,0.0,0.0,0.01678948980108519
2022-04-05,154.42999267578125,157.08999633789062,150.9199981689453,151.89999389648438,1134900,0.0,0.0,-0.016382820043309154
2022-04-06,150.4199981689453,152.0,144.89999389648438,147.1999969482422,2461000,0.0,0.0,-0.030941389974282085
2022-04-07,147.2899932861328,147.89999389648438,142.00999450683594,143.39999389648438,1941000,0.0,0.0,-0.025815238658557504
2022-04-08,142.8300018310547,144.10000610351562,140.13999938964844,141.30999755859375,1537300,0.0,0.0,-0.014574591540075787
2022-04-11,140.1300048828125,143.69000244140625,140.11000061035156,140.52999877929688,1298100,0.0,0.0,-0.0055197706657198475
2022-04-12,141.25,142.67999267578125,137.9600067138672,138.36000061035156,1726500,0.0,0.0,-0.015441529835585555
2022-04-13,137.8699951171875,139.91000366210938,136.27999877929688,138.99000549316406,1541800,0.0,0.0,0.004553374385901643
2022-04-14,138.8800048828125,139.89999389648438,137.24000549316406,137.9600067138672,1357700,0.0,0.0,-0.007410596003951775
2022-04-18,137.3300018310547,137.5500030517578,133.89999389648438,135.6999969482422,1478400,0.0,0.0,-0.01638162986112579
2022-04-19,134.5399932861328,140.69000244140625,134.49000549316406,140.3699951171875,2485900,0.0,0.0,0.0344141361383119
2022-04-20,140.1300048828125,140.35000610351562,137.0500030517578,137.33999633789062,1339700,0.0,0.0,-0.021585800988076498
2022-04-21,137.6300048828125,138.66000366210938,131.3699951171875,131.52999877929688,1608400,0.0,0.0,-0.04230375501321337
2022-04-22,132.1300048828125,136.8300018310547,131.44000244140625,136.41000366210938,3813700,0.0,0.0,0.03710183933781508
2022-04-25,135.92999267578125,136.4600067138672,131.39999389648438,132.9600067138672,1895000,0.0,0.0,-0.02529137787275415
2022-04-26,131.86000061035156,132.36000061035156,124.87999725341797,125.01000213623047,3105500,0.0,0.0,-0.05979245018199575
2022-04-27,124.62000274658203,125.98999786376953,121.51000213623047,121.6500015258789,2595300,0.0,0.0,-0.02687785419513855
2022-04-28,123.19000244140625,123.87000274658203,120.27999877929688,123.2300033569336,2609700,0.0,0.0,0.01298809544789492
2022-04-29,123.19000244140625,125.30000305175781,119.12000274658203,119.51000213623047,1595500,0.0,0.0,-0.03018746343719725
2022-05-02,120.22000122070312,121.98999786376953,117.83999633789062,121.94000244140625,1456800,0.0,0.0,0.020333028715084467
2022-05-03,121.04000091552734,123.61000061035156,120.48999786376953,121.3499984741211,1432300,0.0,0.0,-0.004838477574811151
2022-05-04,122.62000274658203,124.95999908447266,120.13999938964844,124.76000213623047,1540200,0.0,0.0,0.02810056617212564
2022-05-05,122.7300033569336,124.02999877929688,118.30999755859375,120.2300033569336,1796200,0.0,0.0,-0.03630970424600011
2022-05-06,119.62999725341797,119.9000015258789,113.44999694824219,114.2699966430664,2498700,0.0,0.0,-0.04957170878697703
2022-05-09,111.73999786376953,113.18000030517578,105.01000213623047,106.1500015258789,4311300,0.0,0.0,-0.07105973007552546
2022-05-10,107.58000183105469,108.30999755859375,101.8499984741211,103.58999633789062,5099900,0.0,0.0,-0.024116864354110867
2022-05-11,103.23999786376953,110.33000183105469,102.4000015258789,105.26000213623047,3931800,0.0,0.0,0.016121303768489526
2022-05-12,103.16999816894531,108.0,102.16000366210938,106.20999908447266,2926700,0.0,0.0,0.009025241582388377
2022-05-13,107.62999725341797,111.26000213623047,107.1500015258789,109.93000030517578,3222700,0.0,0.0,0.035024962364837986
2022-05-16,109.80999755859375,112.04000091552734,108.55999755859375,110.11000061035156,4691200,0.0,0.0,0.0016374083933055061
2022-05-17,119.87999725341797,124.58999633789062,117.63999938964844,123.08000183105469,8128000,0.0,0.0,0.11779131004276655
2022-05-18,121.27999877929688,125.69999694824219,120.68000030517578,123.05000305175781,4142700,0.0,0.0,-0.00024373398481136732
2022-05-19,122.41000366210938,127.0,119.66999816894531,119.76000213623047,5006400,0.0,0.0,-0.026737105517530835
2022-05-20,120.88999938964844,121.81999969482422,114.91999816894531,116.12000274658203,19700700,0.0,0.0,-0.030394115937872446
2022-05-23,115.01000213623047,124.25,114.25,123.62000274658203,7573700,0.0,0.0,0.06458835534449525
2022-05-24,122.44999694824219,125.25,121.2300033569336,122.69000244140625,5057200,0.0,0.0,-0.007523056823435459
2022-05-25,121.62999725341797,123.30000305175781,118.48999786376953,122.08000183105469,3580600,0.0,0.0,-0.00497188522465708
2022-05-26,122.37999725341797,123.63999938964844,120.87999725341797,123.27999877929688,3394600,0.0,0.0,0.009829594775914607
2022-05-27,123.5999984741211,127.56999969482422,123.55999755859375,125.77999877929688,3540000,0.0,0.0,0.02027903978548573
2022-05-31,127.36000061035156,128.0399932861328,123.5999984741211,124.52999877929688,3868100,0.0,0.0,-0.009937987057809905
2022-06-01,125.86000061035156,126.08000183105469,122.58999633789062,124.62999725341797,2051800,0.0,0.0,0.0008030071075348921
2022-06-02,124.48999786376953,130.36000061035156,124.05000305175781,129.0500030517578,2453300,0.0,0.0,0.03546502363594195
2022-06-03,126.97000122070312,129.0,126.63999938964844,126.97000122070312,1688300,0.0,0.0,-0.016117797612298146
2022-06-06,127.87000274658203,128.36000061035156,126.52999877929688,126.98999786376953,1971500,0.0,0.0,0.0001574910835169252
2022-06-07,125.58000183105469,134.82000732421875,125.51000213623047,131.64999389648438,2697500,0.0,0.0,0.03669577219549147
2022-06-08,132.0,133.99000549316406,130.25999450683594,131.39999389648438,1559300,0.0,0.0,-0.0018989746417806819
2022-06-09,131.39999389648438,133.69000244140625,129.1199951171875,129.22999572753906,2966200,0.0,0.0,-0.01651444649727163
2022-06-10,126.5,128.74000549316406,124.93000030517578,127.94999694824219,2465400,0.0,0.0,-0.00990481174351776
2022-06-13,125.7699966430664,127.5199966430664,122.66000366210938,123.19000244140625,3097300,0.0,0.0,-0.037201989998963625
2022-06-14,124.20999908447266,124.76000213623047,120.4800033569336,121.41000366210938,2039000,0.0,0.0,-0.014449214579271619
2022-06-15,122.1500015258789,127.83999633789062,121.83999633789062,126.16000366210938,2361100,0.0,0.0,0.0391236294928341
2022-06-16,123.91999816894531,125.63999938964844,122.08999633789062,124.9000015258789,2072500,0.0,0.0,-0.009987334334620734
2022-06-17,125.5,128.0,123.62000274658203,125.80999755859375,3398400,0.0,0.0,0.007285796810228895
2022-06-21,125.29000091552734,129.0,124.87000274658203,128.77999877929688,2854900,0.0,0.0,0.023607036629341716
2022-06-22,127.94999694824219,130.4499969482422,127.58999633789062,128.60000610351562,1524400,0.0,0.0,-0.0013976757065335965
2022-06-23,130.0500030517578,131.58999633789062,128.32000732421875,130.0500030517578,1656400,0.0,0.0,0.011275247895983886
2022-06-24,130.66000366210938,134.1699981689453,130.60000610351562,133.6199951171875,4585800,0.0,0.0,0.027450918736302343
2022-06-27,132.5,133.60000610351562,127.93000030517578,129.2100067138672,2490000,0.0,0.0,-0.0330039557287265
2022-06-28,129.99000549316406,131.3800048828125,126.05000305175781,126.18000030517578,1705700,0.0,0.0,-0.023450245733686037
2022-06-29,125.55000305175781,125.98999786376953,123.27999877929688,125.52999877929688,1697300,0.0,0.0,-0.005151383137635301
2022-06-30,124.19999694824219,124.66999816894531,121.05000305175781,122.52999877929688,1679900,0.0,0.0,-0.02389866987312339
2022-07-01,122.77999877929688,125.04000091552734,121.7300033569336,124.86000061035156,1003500,0.0,0.0,0.019015766377763033
2022-07-05,123.37000274658203,127.94000244140625,121.95999908447266,127.04000091552734,1783500,0.0,0.0,0.017459557060061748
2022-07-06,127.2699966430664,127.72000122070312,124.9000015258789,125.62000274658203,966900,0.0,0.0,-0.011177567370213692
2022-07-07,125.23999786376953,127.52999877929688,124.19999694824219,126.81999969482422,1463400,0.0,0.0,0.009552594507285406
2022-07-08,126.19999694824219,126.70999908447266,123.19999694824219,124.93000030517578,2048600,0.0,0.0,-0.014903007366318222
2022-07-11,124.68000030517578,125.0,122.11000061035156,122.69999694824219,1254200,0.0,0.0,-0.017850022824671408
2022-07-12,122.56999969482422,124.04000091552734,120.98999786376953,121.98999786376953,1279000,0.0,0.0,-0.005786463750053317
2022-07-13,119.93000030517578,122.0,118.55999755859375,121.13999938964844,1550400,0.0,0.0,-0.006967771858397032
2022-07-14,120.31999969482422,122.79000091552734,118.76000213623047,122.73999786376953,2260900,0.0,0.0,0.013207846146462865
2022-07-15,123.43000030517578,125.0,123.19000244140625,123.8499984741211,1089100,0.0,0.0,0.00904351172943274
2022-07-18,124.79000091552734,126.54000091552734,122.87000274658203,123.6500015258789,2781700,0.0,0.0,-0.0016148320606074185
2022-07-19,125.0199966430664,128.2899932861328,124.06999969482422,126.97000122070312,1483500,0.0,0.0,0.02684997698224345
2022-07-20,127.37999725341797,130.55999755859375,127.08999633789062,130.00999450683594,1409500,0.0,0.0,0.023942610513554285
2022-07-21,129.47999572753906,132.35000610351562,129.3699951171875,132.27000427246094,1303600,0.0,0.0,0.017383354058261746
2022-07-22,131.55999755859375,133.7899932861328,129.97000122070312,130.41000366210938,1104200,0.0,0.0,-0.01406214977146425
2022-07-25,129.89999389648438,131.25999450683594,129.42999267578125,130.77000427246094,1170600,0.0,0.0,0.0027605291023864442
2022-07-26,130.97000122070312,131.88999938964844,130.1999969482422,131.10000610351562,1564100,0.0,0.0,0.002523528487214266
2022-07-27,130.50999450683594,132.22999572753906,129.55999755859375,130.5800018310547,2203100,0.0,0.0,-0.0039664702383792605
2022-07-28,130.5800018310547,132.0500030517578,129.67999267578125,130.35000610351562,2605900,0.0,0.0,-0.0017613395949912514
2022-07-29,129.5,132.8800048828125,129.4199981689453,132.72999572753906,1885600,0.0,0.0,0.01825845425840189
2022-08-01,132.2899932861328,132.4199981689453,126.69000244140625,127.55999755859375,1729200,0.0,0.0,-0.03895124188475074
2022-08-02,126.44000244140625,129.0399932861328,126.1500015258789,126.66000366210938,1488200,0.0,0.0,-0.007055455579410563
2022-08-03,127.4800033569336,129.8800048828125,126.69999694824219,129.80999755859375,1671600,0.0,0.0,0.024869681078548034
2022-08-04,130.32000732421875,130.3300018310547,126.43000030517578,127.38999938964844,2827700,0.0,0.0,-0.01864261778337195
2022-08-05,125.38999938964844,127.4000015258789,125.27999877929688,127.16000366210938,2121100,0.0,0.0,-0.0018054457072064212
2022-08-08,125.87000274658203,130.0,125.08999633789062,125.51000213623047,4477600,0.0,0.0,-0.0129757901726969
2022-08-09,121.1500015258789,124.5,118.02999877929688,120.76000213623047,5966100,0.0,0.0,-0.03784558934868221
2022-08-10,122.08000183105469,124.91000366210938,122.04000091552734,123.79000091552734,3167000,0.0,0.0,0.02509107921245901
2022-08-11,125.23999786376953,125.38999938964844,120.33999633789062,120.66999816894531,2304300,0.0,0.0,-0.02520399647392424
2022-08-12,121.41999816894531,123.37000274658203,120.31999969482422,123.13999938964844,1842600,0.0,0.0,0.02046905824300227
2022-08-15,123.27999877929688,129.0399932861328,123.27999877929688,127.38999938964844,2157400,0.0,0.0,0.03451356197064648
2022-08-16,126.0199966430664,137.42999267578125,126.0199966430664,136.58999633789062,3772600,0.0,0.0,0.07221914586954425
2022-08-17,134.30999755859375,135.8300018310547,131.66000366210938,133.0,2758200,0.0,0.0,-0.026283010719246547
2022-08-18,132.41000366210938,132.8800048828125,130.2100067138672,130.47000122070312,2723700,0.0,0.0,-0.019022547212758423
2022-08-19,128.8300018310547,129.9499969482422,127.02999877929688,127.73999786376953,1363400,0.0,0.0,-0.020924375959156416
2022-08-22,126.72000122070312,127.58999633789062,124.56999969482422,125.31999969482422,1584200,0.0,0.0,-0.018944717468417083
2022-08-23,124.58000183105469,125.55000305175781,123.45999908447266,124.36000061035156,1172700,0.0,0.0,-0.00766038211626574
2022-08-24,124.61000061035156,125.4000015258789,123.16000366210938,123.30000305175781,1012800,0.0,0.0,-0.008523621368537682
2022-08-25,123.5999984741211,125.4800033569336,123.08999633789062,125.4800033569336,1004800,0.0,0.0,0.017680456214268503
2022-08-26,128.16000366210938,130.4499969482422,126.9800033569336,127.47000122070312,2724400,0.0,0.0,0.01585908360321686
2022-08-29,124.54000091552734,126.05000305175781,121.30999755859375,122.9000015258789,1848600,0.0,0.0,-0.035851570181690606
2022-08-30,124.13999938964844,124.51000213623047,121.94999694824219,123.04000091552734,1208600,0.0,0.0,0.0011391325297824828
2022-08-31,124.41999816894531,125.68000030517578,122.23999786376953,122.55999755859375,1739100,0.0,0.0,-0.0039011976053473507
2022-09-01,121.01000213623047,121.56999969482422,118.2300033569336,120.72000122070312,1363200,0.0,0.0,-0.015013025249212775
2022-09-02,121.7699966430664,121.7699966430664,118.4000015258789,118.62999725341797,1095400,0.0,0.0,-0.01731282261556777
2022-09-06,118.13999938964844,120.70999908447266,117.25,119.52999877929688,1541800,0.0,0.0,0.007586626879509284
2022-09-07,118.48999786376953,120.75,117.19999694824219,120.58000183105469,1073900,0.0,0.0,0.008784431209579058
2022-09-08,119.81999969482422,120.62000274658203,117.7300033569336,120.58000183105469,1434200,0.0,0.0,0.0
2022-09-09,123.63999938964844,127.91999816894531,123.0,127.77999877929688,2058700,0.0,0.0,0.05971136870880245
2022-09-12,127.77999877929688,130.86000061035156,127.77999877929688,129.5399932861328,1706600,0.0,0.0,0.013773630643680201
2022-09-13,126.48999786376953,129.25,126.1500015258789,127.0199966430664,1363900,0.0,0.0,-0.01945342576558684
2022-09-14,126.6500015258789,128.80999755859375,126.13999938964844,128.16000366210938,1906900,0.0,0.0,0.00897502006905615
2022-09-15,127.86000061035156,129.99000549316406,127.61000061035156,128.42999267578125,1412900,0.0,0.0,0.0021066557893030247
2022-09-16,127.55000305175781,127.55000305175781,122.30000305175781,124.19000244140625,2325600,0.0,0.0,-0.0330140191246352
2022-09-19,121.94999694824219,125.56999969482422,120.05000305175781,125.08000183105469,3071500,0.0,0.0,0.00716643346607837
2022-09-20,123.30999755859375,124.38999938964844,121.5999984741211,121.69000244140625,2181500,0.0,0.0,-0.027102649024800196
2022-09-21,121.69000244140625,122.47000122070312,117.91999816894531,117.91999816894531,1453900,0.0,0.0,-0.03098039441881184
2022-09-22,116.9000015258789,117.5199966430664,114.16000366210938,114.73999786376953,1621700,0.0,0.0,-0.026967438556263823
2022-09-23,113.70999908447266,113.76000213623047,107.37000274658203,110.36000061035156,2724300,0.0,0.0,-0.03817323805965489
2022-09-26,109.75,111.68000030517578,106.54000091552734,109.56999969482422,2500700,0.0,0.0,-0.007158398977511804
2022-09-27,110.66000366210938,112.08000183105469,108.91999816894531,109.9000015258789,1462500,0.0,0.0,0.0030117900152761834
2022-09-28,110.2699966430664,114.69000244140625,109.54000091552734,114.19000244140625,1908700,0.0,0.0,0.03903549459475797
2022-09-29,112.62999725341797,113.02999877929688,108.4000015258789,108.58000183105469,1854100,0.0,0.0,-0.049128649535060576
2022-09-30,109.52999877929688,111.94000244140625,108.55999755859375,109.0,1664300,0.0,0.0,0.0038680987462020866
2022-10-03,109.7300033569336,113.91000366210938,108.80000305175781,113.36000061035156,1735000,0.0,0.0,0.04000000559955552
2022-10-04,114.77999877929688,117.16999816894531,114.77999877929688,116.58999633789062,1606500,0.0,0.0,0.028493257852400866
2022-10-05,115.02999877929688,117.62999725341797,113.9800033569336,117.30000305175781,1316000,0.0,0.0,0.006089773875706417
2022-10-06,121.0,122.61000061035156,118.79000091552734,121.37999725341797,2837600,0.0,0.0,0.034782558359012894
2022-10-07,118.75,121.06999969482422,118.56999969482422,120.7300033569336,1507200,0.0,0.0,-0.005355033046567925
2022-10-10,119.83000183105469,120.6500015258789,117.05000305175781,117.93000030517578,1000700,0.0,0.0,-0.02319227179576655
2022-10-11,117.55000305175781,117.55000305175781,111.6500015258789,115.08999633789062,1840200,0.0,0.0,-0.024082116170065948
2022-10-12,116.58999633789062,120.0,115.33999633789062,116.55000305175781,1478800,0.0,0.0,0.01268578295528644
2022-10-13,113.77999877929688,119.26000213623047,112.5,118.86000061035156,1910900,0.0,0.0,0.019819798353569507
2022-10-14,120.05000305175781,121.2699966430664,117.69000244140625,117.81999969482422,1375000,0.0,0.0,-0.008749797326155884
2022-10-17,119.63999938964844,120.81999969482422,117.69999694824219,117.88999938964844,1261300,0.0,0.0,0.0005941240452005392
2022-10-18,120.72000122070312,121.93000030517578,119.45999908447266,121.29000091552734,1087700,0.0,0.0,0.028840457574702993
2022-10-19,119.93000030517578,122.62999725341797,119.33000183105469,122.5,1273600,0.0,0.0,0.00997608273838968
2022-10-20,123.08000183105469,127.08000183105469,122.55000305175781,123.88999938964844,1435900,0.0,0.0,0.01134693379304852
2022-10-21,122.86000061035156,125.80999755859375,121.73999786376953,125.55000305175781,1005500,0.0,0.0,0.013399012594135895
2022-10-24,125.76000213623047,125.80999755859375,120.63999938964844,123.11000061035156,1103600,0.0,0.0,-0.019434507224984743
2022-10-25,123.56999969482422,125.61000061035156,122.7300033569336,125.02999877929688,1309100,0.0,0.0,0.015595793675789116
2022-10-26,124.02999877929688,126.4000015258789,122.80999755859375,123.62000274658203,1435200,0.0,0.0,-0.011277261829009344
2022-10-27,123.63999938964844,125.31999969482422,121.3499984741211,122.73999786376953,1268800,0.0,0.0,-0.007118628565447316
2022-10-28,122.77999877929688,124.27999877929688,122.23999786376953,124.0199966430664,1388200,0.0,0.0,0.010428538386627384
2022-10-31,123.37000274658203,123.47000122070312,117.6500015258789,118.4800033569336,2593500,0.0,0.0,-0.04467016155529413
2022-11-01,120.44000244140625,122.73999786376953,115.95999908447266,116.30999755859375,1943700,0.0,0.0,-0.01831537590189347
2022-11-02,115.06999969482422,118.44000244140625,113.30000305175781,113.55000305175781,2104700,0.0,0.0,-0.02372964117246701
2022-11-03,112.08999633789062,113.93000030517578,109.93000030517578,111.30000305175781,1307500,0.0,0.0,-0.019815058912630912
2022-11-04,111.62999725341797,111.94999694824219,107.75,108.52999877929688,2524700,0.0,0.0,-0.02488772862991573
2022-11-07,108.5999984741211,109.38999938964844,106.22000122070312,108.4000015258789,5450700,0.0,0.0,-0.0011978001923903525
2022-11-08,91.9000015258789,98.94999694824219,90.0,93.56999969482422,19320500,0.0,0.0,-0.13680813304706685
2022-11-09,93.2699966430664,95.56999969482422,92.76000213623047,94.08999633789062,3967800,0.0,0.0,0.005557300895183914
2022-11-10,98.41999816894531,99.6500015258789,96.25,98.56999969482422,3100500,0.0,0.0,0.047614024139667865
2022-11-11,98.94999694824219,104.05000305175781,98.16000366210938,102.25,4107000,0.0,0.0,0.0373338776155947
2022-11-14,102.23999786376953,103.72000122070312,99.83999633789062,99.87999725341797,2824000,0.0,0.0,-0.023178510969017463
2022-11-15,102.11000061035156,103.16999816894531,99.33000183105469,101.02999877929688,2545800,0.0,0.0,0.01151383217363433
2022-11-16,100.68000030517578,102.66999816894531,100.12999725341797,100.80999755859375,2506000,0.0,0.0,-0.002177583127400795
2022-11-17,98.01000213623047,100.0199966430664,97.12000274658203,99.66000366210938,1710900,0.0,0.0,-0.011407538184057264
2022-11-18,101.0199966430664,101.0199966430664,98.5,98.7699966430664,1992900,0.0,0.0,-0.00893043333673238
2022-11-21,98.33000183105469,99.05000305175781,96.41999816894531,97.43000030517578,1955100,0.0,0.0,-0.01356683591610397
2022-11-22,97.5199966430664,100.47000122070312,96.0,100.29000091552734,1714200,0.0,0.0,0.02935441446570164
2022-11-23,100.7300033569336,103.2300033569336,99.58000183105469,103.1500015258789,1170700,0.0,0.0,0.0285173056560295
2022-11-25,102.47000122070312,103.66999816894531,102.23999786376953,102.62999725341797,939700,0.0,0.0,-0.005041243478125179
2022-11-28,102.38999938964844,103.04000091552734,100.4800033569336,101.26000213623047,1387600,0.0,0.0,-0.013348876097157625
2022-11-29,101.48999786376953,101.97000122070312,100.0999984741211,101.3499984741211,1522700,0.0,0.0,0.0008887649219042615
2022-11-30,101.27999877929688,105.83999633789062,100.13999938964844,105.69000244140625,4514100,0.0,0.0,0.042821944081166796
2022-12-01,106.20999908447266,107.41999816894531,104.80000305175781,106.4000015258789,1586900,0.0,0.0,0.006717750667725397
2022-12-02,105.77999877929688,108.87999725341797,105.47000122070312,108.76000213623047,1857800,0.0,0.0,0.022180456546117222
2022-12-05,108.36000061035156,109.80000305175781,106.4000015258789,106.9800033569336,2042200,0.0,0.0,-0.016366299598516765
2022-12-06,106.37000274658203,107.4000015258789,101.02999877929688,101.2699966430664,2180400,0.0,0.0,-0.05337452359966777
2022-12-07,100.9000015258789,102.37000274658203,98.66999816894531,99.48999786376953,1885700,0.0,0.0,-0.017576763486727542
2022-12-08,99.5,101.29000091552734,98.19999694824219,100.79000091552734,1558500,0.0,0.0,0.013066670817883486
2022-12-09,100.83000183105469,102.16000366210938,99.41000366210938,102.05999755859375,1656600,0.0,0.0,0.012600422973810588
2022-12-12,102.41999816894531,103.31999969482422,100.38999938964844,102.61000061035156,1770500,0.0,0.0,0.005389016900985588
2022-12-13,105.93000030517578,108.94000244140625,102.16000366210938,104.55000305175781,2530700,0.0,0.0,0.01890656300425486
2022-12-14,104.31999969482422,106.86000061035156,104.22000122070312,104.80999755859375,1675100,0.0,0.0,0.0024867957842835686
2022-12-15,103.3499984741211,103.80000305175781,100.38999938964844,101.66000366210938,1775900,0.0,0.0,-0.030054326589630698
2022-12-16,101.33999633789062,101.70999908447266,100.3499984741211,100.76000213623047,3206400,0.0,0.0,-0.00885305423429128
2022-12-19,100.37000274658203,100.5999984741211,98.2300033569336,98.58999633789062,3426100,0.0,0.0,-0.021536381027522533
2022-12-20,97.77999877929688,99.44999694824219,97.20999908447266,98.11000061035156,2379000,0.0,0.0,-0.004868604781097741
2022-12-21,98.19999694824219,99.91999816894531,97.2300033569336,99.87999725341797,1657000,0.0,0.0,0.018040940088218216
2022-12-22,98.91999816894531,99.76000213623047,97.3499984741211,99.2699966430664,1856500,0.0,0.0,-0.006107335073346598
2022-12-23,98.9800033569336,99.93000030517578,98.69999694824219,99.83000183105469,1154000,0.0,0.0,0.005641233070671214
2022-12-27,99.33999633789062,99.58000183105469,97.77999877929688,99.37999725341797,1225100,0.0,0.0,-0.0045077087987864806
2022-12-28,99.41999816894531,99.7300033569336,98.55000305175781,99.69000244140625,1928800,0.0,0.0,0.003119392197181936
2022-12-29,100.19000244140625,102.77999877929688,100.05000305175781,101.33999633789062,1526400,0.0,0.0,0.016551247427786686
2022-12-30,100.16999816894531,104.45999908447266,99.97000122070312,104.12999725341797,1749700,0.0,0.0,0.027531093510452243
2023-01-03,105.26000213623047,106.26000213623047,102.37999725341797,103.11000061035156,1668600,0.0,0.0,-0.00979541601815348
2023-01-04,103.5,108.62999725341797,103.5,106.7699966430664,1474800,0.0,0.0,0.03549603346959351
2023-01-05,106.7699966430664,106.94999694824219,105.31999969482422,105.95999908447266,1218400,0.0,0.0,-0.007586378046836373
2023-01-06,107.08000183105469,107.08000183105469,103.2699966430664,104.75,2602800,0.0,0.0,-0.011419395006865063
2023-01-09,105.26000213623047,107.29000091552734,104.91999816894531,105.0999984741211,2185800,0.0,0.0,0.003341274215953094
2023-01-10,104.79000091552734,106.68000030517578,104.79000091552734,105.52999877929688,1313800,0.0,0.0,0.00409134454251836
2023-01-11,105.9800033569336,106.93000030517578,104.41000366210938,105.26000213623047,1715700,0.0,0.0,-0.0025584823859523542
2023-01-12,104.91000366210938,105.05999755859375,101.52999877929688,104.29000091552734,1775700,0.0,0.0,-0.00921528786829895
2023-01-13,103.41000366210938,105.08999633789062,103.05999755859375,105.02999877929688,1437700,0.0,0.0,0.0070955782651580535
2023-01-17,105.02999877929688,105.63999938964844,103.25,104.54000091552734,1438900,0.0,0.0,-0.004665313429158324
2023-01-18,104.54000091552734,105.75,103.05000305175781,103.22000122070312,1274500,0.0,0.0,-0.012626742713450212
2023-01-19,103.0,103.44000244140625,101.7699966430664,102.26000213623047,1164000,0.0,0.0,-0.009300514174767405
2023-01-20,103.37999725341797,106.72000122070312,103.12999725341797,106.58999633789062,1458400,0.0,0.0,0.042342989548266985
2023-01-23,107.12999725341797,110.94000244140625,106.7699966430664,110.66999816894531,1939600,0.0,0.0,0.03827753045530713
2023-01-24,110.47000122070312,111.66000366210938,109.05000305175781,111.2699966430664,1245900,0.0,0.0,0.005421509750141551
2023-01-25,109.58999633789062,111.38999938964844,109.2699966430664,110.69999694824219,1821200,0.0,0.0,-0.005122671987244476
2023-01-26,111.8499984741211,112.25,110.55999755859375,111.88999938964844,1252900,0.0,0.0,0.010749796515013843
2023-01-27,114.0999984741211,115.33999633789062,113.36000061035156,114.27999877929688,1864900,0.0,0.0,0.021360259207129362
2023-01-30,113.0999984741211,114.54000091552734,112.33999633789062,112.66000366210938,1368800,0.0,0.0,-0.014175666210113569
2023-01-31,112.52999877929688,113.79000091552734,112.44999694824219,113.2300033569336,1346700,0.0,0.0,0.005059468101330511
2023-02-01,111.25,112.66000366210938,108.76000213623047,112.25,3239500,0.0,0.0,-0.008654979492002113
2023-02-02,114.08000183105469,114.7300033569336,112.06999969482422,114.72000122070312,2889800,0.0,0.0,0.02200446521784527
2023-02-03,112.31999969482422,112.69999694824219,108.87000274658203,109.27999877929688,3255300,0.0,0.0,-0.047419825518834724
2023-02-06,107.5,108.12000274658203,104.12999725341797,105.55999755859375,5255700,0.0,0.0,-0.03404100715828229
2023-02-07,106.9000015258789,115.20999908447266,106.30999755859375,113.8499984741211,5481600,0.0,0.0,0.07853354591947359
2023-02-08,112.73999786376953,114.44999694824219,110.19000244140625,110.44999694824219,2675500,0.0,0.0,-0.02986386975360167
2023-02-09,111.52999877929688,113.27999877929688,109.93000030517578,110.87999725341797,1919800,0.0,0.0,0.0038931671983410965
2023-02-10,110.30000305175781,111.48999786376953,109.33000183105469,111.0999984741211,1535100,0.0,0.0,0.0019841380425029698
2023-02-13,111.4000015258789,112.55999755859375,110.52999877929688,111.37999725341797,1400500,0.0,0.0,0.002520241072389462
2023-02-14,109.38999938964844,112.20999908447266,108.81999969482422,112.08999633789062,1511700,0.0,0.0,0.0063745654693923015
2023-02-15,111.97000122070312,116.02999877929688,111.70999908447266,115.94999694824219,1855200,0.0,0.0,0.03443662000590808
2023-02-16,114.62999725341797,115.19000244140625,112.18000030517578,112.5199966430664,1349300,0.0,0.0,-0.029581719667546524
2023-02-17,111.16999816894531,113.12000274658203,110.31999969482422,112.51000213623047,1355300,0.0,0.0,-8.882427243261937e-05
2023-02-21,111.47000122070312,113.2699966430664,111.04000091552734,112.0199966430664,1800900,0.0,0.0,-0.0043552171705654175
2023-02-22,112.37999725341797,113.08000183105469,110.5999984741211,111.23999786376953,1634800,0.0,0.0,-0.006963031625346505
2023-02-23,111.5199966430664,111.88999938964844,109.41000366210938,110.37000274658203,1190600,0.0,0.0,-0.007820883979635984
2023-02-24,108.76000213623047,110.37000274658203,107.91999816894531,109.30000305175781,1218300,0.0,0.0,-0.009694660398632204
2023-02-27,110.13999938964844,111.11000061035156,109.38999938964844,110.08000183105469,1204200,0.0,0.0,0.0071363106817803335
2023-02-28,110.19999694824219,111.0999984741211,109.19999694824219,109.55000305175781,1418300,0.0,0.0,-0.004814669063235355
2023-03-01,109.91000366210938,110.58999633789062,108.4800033569336,108.69999694824219,1011700,0.0,0.0,-0.007759069647072736
2023-03-02,111.26000213623047,115.29000091552734,111.01000213623047,115.27999877929688,4321600,0.0,0.0,0.06053359720136675
2023-03-03,115.79000091552734,116.95999908447266,115.5,116.69999694824219,2119600,0.0,0.0,0.01231781908381091
2023-03-06,117.0,118.94000244140625,115.61000061035156,115.70999908447266,1461500,0.0,0.0,-0.008483272404956499
2023-03-07,115.95999908447266,119.44999694824219,115.83000183105469,116.87999725341797,2273500,0.0,0.0,0.010111469866067146
2023-03-08,116.38999938964844,116.98999786376953,115.70999908447266,116.30999755859375,820100,0.0,0.0,-0.004876794218161673
2023-03-09,116.26000213623047,117.0999984741211,112.69999694824219,112.95999908447266,1283700,0.0,0.0,-0.028802326063444905
2023-03-10,112.25,113.4000015258789,109.69000244140625,110.58000183105469,1429600,0.0,0.0,-0.021069380955272332
2023-03-13,110.23999786376953,112.37999725341797,108.38999938964844,111.33000183105469,1215400,0.0,0.0,0.006782419855136723
2023-03-14,112.5,115.30999755859375,111.94999694824219,113.80999755859375,1267400,0.0,0.0,0.022276077308455378
2023-03-15,113.08999633789062,113.9000015258789,111.75,113.30999755859375,1086900,0.0,0.0,-0.004393287151619352
2023-03-16,113.11000061035156,115.93000030517578,112.43000030517578,115.55000305175781,1516500,0.0,0.0,0.01976882482947495
2023-03-17,116.0,116.44000244140625,114.51000213623047,116.27999877929688,2835200,0.0,0.0,0.00631757428177715
2023-03-20,115.58999633789062,117.05999755859375,115.37000274658203,116.30999755859375,1974400,0.0,0.0,0.00025798744076199753
2023-03-21,116.4800033569336,119.23999786376953,115.75,118.58999633789062,1537300,0.0,0.0,0.019602775575231934
2023-03-22,118.31999969482422,118.56999969482422,113.51000213623047,113.55999755859375,1373700,0.0,0.0,-0.04241503444325301
2023-03-23,114.0,119.02999877929688,114.0,117.4800033569336,2357600,0.0,0.0,0.034519248702142846
2023-03-24,118.81999969482422,120.04000091552734,117.11000061035156,118.12000274658203,1178000,0.0,0.0,0.005447730433782549
2023-03-27,118.19999694824219,118.5,116.13999938964844,116.9800033569336,1036800,0.0,0.0,-0.00965119677565729
2023-03-28,116.16999816894531,116.94000244140625,114.83999633789062,115.55000305175781,983400,0.0,0.0,-0.01222431410616831
2023-03-29,116.26000213623047,116.9000015258789,115.30000305175781,116.66999816894531,770900,0.0,0.0,0.00969273117791114
2023-03-30,117.63999938964844,117.69999694824219,115.87999725341797,116.58999633789062,859300,0.0,0.0,-0.0006857103995051572
2023-03-31,117.06999969482422,119.91999816894531,116.70999908447266,119.30000305175781,1436200,0.0,0.0,0.02324390427128309
2023-04-03,118.77999877929688,119.43000030517578,118.0999984741211,118.69000244140625,1350100,0.0,0.0,-0.00511316508589621
2023-04-04,119.12000274658203,121.83999633789062,118.75,121.63999938964844,1647600,0.0,0.0,0.02485463718562575
2023-04-05,121.48999786376953,121.48999786376953,118.98999786376953,120.9800033569336,1142700,0.0,0.0,-0.005425814173187216
2023-04-06,120.5,120.9800033569336,118.7300033569336,119.0,1508400,0.0,0.0,-0.016366368837764766
2023-04-10,118.0199966430664,121.2300033569336,117.3499984741211,121.04000091552734,942300,0.0,0.0,0.01714286483636429
2023-04-11,120.7300033569336,121.79000091552734,120.31999969482422,120.38999938964844,1204300,0.0,0.0,-0.005370138144104364
2023-04-12,118.75,121.08999633789062,118.5,119.68000030517578,1195600,0.0,0.0,-0.0058974922175613065
2023-04-13,120.69999694824219,123.05999755859375,120.69999694824219,122.01000213623047,1299100,0.0,0.0,0.01946859813764501
2023-04-14,121.81999969482422,123.20999908447266,121.5,123.06999969482422,1304300,0.0,0.0,0.008687792312389364
2023-04-17,123.0,124.83000183105469,122.62999725341797,124.37999725341797,1228600,0.0,0.0,0.010644328933469893
2023-04-18,124.18000030517578,124.7300033569336,123.2300033569336,124.30999755859375,1108200,0.0,0.0,-0.0005627890044216377
2023-04-19,123.33000183105469,124.43000030517578,122.98999786376953,123.3499984741211,979700,0.0,0.0,-0.007722621698388776
2023-04-20,122.9000015258789,125.38999938964844,122.7699966430664,125.13999938964844,1158600,0.0,0.0,0.014511560094610632
2023-04-21,125.16000366210938,125.4800033569336,124.7699966430664,124.98999786376953,916800,0.0,0.0,-0.0011986697028170124
2023-04-24,124.61000061035156,128.0,124.2699966430664,127.79000091552734,1958200,0.0,0.0,0.02240181694226151
2023-04-25,127.12999725341797,128.3000030517578,126.72000122070312,127.01000213623047,1678000,0.0,0.0,-0.006103754391648231
2023-04-26,125.98999786376953,126.12999725341797,120.83999633789062,121.5999984741211,3108300,0.0,0.0,-0.042595099371045
2023-04-27,122.45999908447266,124.29000091552734,121.94999694824219,123.94999694824219,1826200,0.0,0.0,0.01932564558889549
2023-04-28,123.80999755859375,124.9800033569336,123.0999984741211,124.29000091552734,1511200,0.0,0.0,0.0027430736236897513
2023-05-01,124.0,125.97000122070312,123.75,124.13999938964844,1403400,0.0,0.0,-0.0012068672039100559
2023-05-02,123.72000122070312,125.06999969482422,120.27999877929688,121.62000274658203,1666700,0.0,0.0,-0.020299634730597038
2023-05-03,121.93000030517578,123.47000122070312,121.69999694824219,122.13999938964844,1210100,0.0,0.0,0.004275584865344184
2023-05-04,122.55999755859375,122.55999755859375,119.56999969482422,120.27999877929688,1568900,0.0,0.0,-0.015228431469185066
2023-05-05,120.4000015258789,124.80999755859375,119.91000366210938,124.51000213623047,1452100,0.0,0.0,0.03516796973614267
2023-05-08,124.26000213623047,125.94000244140625,123.94999694824219,125.69000244140625,1117200,0.0,0.0,0.009477152718098125
2023-05-09,125.48999786376953,125.58000183105469,124.01000213623047,124.5999984741211,1044800,0.0,0.0,-0.008672161238864606
2023-05-10,126.2699966430664,126.7699966430664,123.41999816894531,124.73999786376953,1355700,0.0,0.0,0.0011235906208899582
2023-05-11,125.11000061035156,127.62000274658203,124.80999755859375,125.56999969482422,1358000,0.0,0.0,0.006653854780093393
2023-05-12,126.0,126.08000183105469,124.45999908447266,125.26000213623047,886300,0.0,0.0,-0.0024687230974527186
2023-05-15,125.5199966430664,125.9800033569336,123.55999755859375,125.06999969482422,1458800,0.0,0.0,-0.001516864427318243
2023-05-16,123.7699966430664,124.55000305175781,122.44000244140625,124.05000305175781,1635600,0.0,0.0,-0.008155406137005161
2023-05-17,123.48999786376953,125.94000244140625,121.72000122070312,125.0199966430664,4367500,0.0,0.0,0.007819375795612649
2023-05-18,138.3800048828125,141.9600067138672,134.75999450683594,139.6300048828125,12476000,0.0,0.0,0.11686137123693774
2023-05-19,140.1999969482422,141.1999969482422,135.9600067138672,137.42999267578125,3795900,0.0,0.0,-0.015756013250000644
2023-05-22,137.42999267578125,139.33999633789062,136.19000244140625,137.25,1940600,0.0,0.0,-0.0013097044704490912
2023-05-23,136.91000366210938,136.9199981689453,134.52999877929688,135.77999877929688,1595400,0.0,0.0,-0.010710391407673048
2023-05-24,135.52999877929688,137.17999267578125,135.32000732421875,135.83999633789062,1410000,0.0,0.0,0.0004418733181112966
2023-05-25,137.16000366210938,137.44000244140625,134.64999389648438,136.72999572753906,1614500,0.0,0.0,0.006551821360732735
2023-05-26,137.02999877929688,139.22999572753906,136.5399932861328,138.97999572753906,1232900,0.0,0.0,0.016455789295009904
2023-05-30,139.50999450683594,139.9499969482422,137.63999938964844,138.27999877929688,1199400,0.0,0.0,-0.005036674124055174
2023-05-31,137.35000610351562,138.49000549316406,136.47999572753906,137.72999572753906,2748200,0.0,0.0,-0.00397745918869763
2023-06-01,137.4499969482422,138.8000030517578,136.7899932861328,137.58999633789062,1129500,0.0,0.0,-0.001016477121841941
2023-06-02,137.75,139.33999633789062,135.5800018310547,137.52000427246094,1877400,0.0,0.0,-0.0005087002492376591
2023-06-05,136.85000610351562,139.0399932861328,136.3000030517578,136.72000122070312,1605800,0.0,0.0,-0.0058173576709088515
2023-06-06,136.88999938964844,137.4199981689453,135.50999450683594,135.67999267578125,1297700,0.0,0.0,-0.0076068500265957795
2023-06-07,135.67999267578125,136.66000366210938,131.50999450683594,132.25,2021800,0.0,0.0,-0.025280018137806892
2023-06-08,132.00999450683594,133.8300018310547,131.67999267578125,133.1199951171875,1054100,0.0,0.0,0.006578412984404647
2023-06-09,133.05999755859375,134.22000122070312,132.08999633789062,134.02999877929688,1009500,0.0,0.0,0.0068359652605778365
2023-06-12,134.02999877929688,136.2899932861328,134.0,136.0,1023100,0.0,0.0,0.014698211136650485
2023-06-13,136.5500030517578,137.55999755859375,136.05999755859375,136.47000122070312,1390400,0.0,0.0,0.0034558913286995008
2023-06-14,136.3300018310547,136.92999267578125,134.4499969482422,136.6300048828125,1146300,0.0,0.0,0.0011724456706834196
2023-06-15,136.14999389648438,137.6999969482422,135.67999267578125,137.1999969482422,921600,0.0,0.0,0.004171792761908932
2023-06-16,138.3000030517578,138.77999877929688,137.24000549316406,138.63999938964844,2377300,0.0,0.0,0.010495644850119668
2023-06-20,138.63999938964844,139.41000366210938,137.61000061035156,139.02999877929688,1484500,0.0,0.0,0.002813036579381034
2023-06-21,139.02999877929688,141.58999633789062,138.94000244140625,140.4600067138672,1814800,0.0,0.0,0.01028560704255188
2023-06-22,140.4600067138672,141.5800018310547,140.10000610351562,141.17999267578125,1309400,0.0,0.0,0.005125914335037507
2023-06-23,140.6199951171875,142.1699981689453,139.99000549316406,141.85000610351562,4419400,0.0,0.0,0.004745810047412702
2023-06-26,142.0,144.44000244140625,141.89999389648438,143.50999450683594,1390700,0.0,0.0,0.011702420386989099
2023-06-27,144.36000061035156,146.8000030517578,143.82000732421875,146.33999633789062,1579400,0.0,0.0,0.019719893661621413
2023-06-28,147.33999633789062,149.0399932861328,145.6300048828125,145.97999572753906,1487400,0.0,0.0,-0.002460028832584782
2023-06-29,146.24000549316406,146.25,144.10000610351562,145.47000122070312,974500,0.0,0.0,-0.0034935917369651737
2023-06-30,146.8800048828125,147.63999938964844,146.5500030517578,147.16000366210938,1094600,0.0,0.0,0.011617532324360358
2023-07-03,146.6300048828125,147.75999450683594,146.4499969482422,147.72999572753906,453600,0.0,0.0,0.0038732811310500104
2023-07-05,146.4499969482422,147.36000061035156,144.52999877929688,145.0399932861328,1543300,0.0,0.0,-0.01820891165777505
2023-07-06,143.1999969482422,144.57000732421875,142.3699951171875,142.8800048828125,1229900,0.0,0.0,-0.014892364198191288
2023-07-07,142.7899932861328,144.6999969482422,142.33999633789062,143.19000244140625,885500,0.0,0.0,0.0021696356942877415
2023-07-10,143.75,144.33999633789062,143.25999450683594,143.94000244140625,895600,0.0,0.0,0.0052377958461653495
2023-07-11,144.49000549316406,151.0500030517578,143.3800048828125,150.75,4255900,0.0,0.0,0.04731136197782049
2023-07-12,151.55999755859375,151.6300048828125,147.27999877929688,149.9199981689453,1683300,0.0,0.0,-0.005505816458074242
2023-07-13,150.1199951171875,150.74000549316406,148.7100067138672,149.2899932861328,1190800,0.0,0.0,-0.0042022738160825135
2023-07-14,149.2899932861328,150.39999389648438,148.83999633789062,150.0,938100,0.0,0.0,0.004755889515691614
2023-07-17,152.00999450683594,153.72000122070312,151.47000122070312,152.7100067138672,1401900,0.0,0.0,0.018066711425781312
2023-07-18,153.11000061035156,153.60000610351562,150.88999938964844,153.5500030517578,1333700,0.0,0.0,0.0055005978715234605
2023-07-19,153.83999633789062,153.83999633789062,151.25999450683594,152.00999450683594,1015200,0.0,0.0,-0.010029361864634878
2023-07-20,151.8800048828125,153.58999633789062,150.94000244140625,151.63999938964844,1268300,0.0,0.0,-0.0024340183577261643
2023-07-21,152.85000610351562,152.85000610351562,149.8300018310547,149.9600067138672,874100,0.0,0.0,-0.011078822754835294
2023-07-24,150.4600067138672,150.92999267578125,148.83999633789062,150.27999877929688,549900,0.0,0.0,0.0021338493671865244
2023-07-25,149.69000244140625,151.44000244140625,149.5399932861328,151.02999877929688,666000,0.0,0.0,0.00499068409696668
2023-07-26,150.66000366210938,151.3000030517578,149.0,150.25,825500,0.0,0.0,-0.005164528806205548
2023-07-27,151.25999450683594,151.75,149.24000549316406,149.85000610351562,934800,0.0,0.0,-0.0026621889949043354
2023-07-28,151.97000122070312,152.19000244140625,150.4600067138672,151.60000610351562,598100,0.0,0.0,0.011678344536009577
2023-07-31,151.60000610351562,152.97000122070312,150.72000122070312,152.94000244140625,1043200,0.0,0.0,0.008839025619666874
2023-08-01,152.1999969482422,153.75,151.60000610351562,151.7899932861328,1078800,0.0,0.0,-0.0075193483517435045
2023-08-02,149.97000122070312,149.97999572753906,146.39999389648438,147.22000122070312,1299500,0.0,0.0,-0.030107334261587293
2023-08-03,145.83999633789062,147.07000732421875,144.35000610351562,145.75,854800,0.0,0.0,-0.009985064587109904
2023-08-04,145.42999267578125,145.63999938964844,141.63999938964844,142.17999267578125,1721800,0.0,0.0,-0.024494046821397997
2023-08-07,142.30999755859375,142.82000732421875,140.67999267578125,141.17999267578125,1954700,0.0,0.0,-0.007033338384538679
2023-08-08,139.77999877929688,140.24000549316406,138.47999572753906,140.13999938964844,2603600,0.0,0.0,-0.007366435331393917
2023-08-09,140.0,143.83999633789062,136.9199981689453,139.39999389648438,3773100,0.0,0.0,-0.005280473072548975
2023-08-10,140.85000610351562,142.6199951171875,138.4199981689453,138.4600067138672,1920300,0.0,0.0,-0.00674309342735846
2023-08-11,138.3300018310547,140.6300048828125,137.42999267578125,140.1999969482422,1398100,0.0,0.0,0.012566735158194398
2023-08-14,140.33999633789062,142.4600067138672,139.97999572753906,142.3800048828125,1482500,0.0,0.0,0.0155492723396784
2023-08-15,142.0,142.33999633789062,138.97000122070312,139.50999450683594,1188900,0.0,0.0,-0.020157397651016762
2023-08-16,139.35000610351562,141.55999755859375,139.07000732421875,140.27000427246094,1335300,0.0,0.0,0.005447708376103089
2023-08-17,140.52999877929688,140.97000122070312,138.05999755859375,138.0800018310547,1008600,0.0,0.0,-0.015612763774872196
2023-08-18,136.69000244140625,138.32000732421875,135.97999572753906,137.4600067138672,1026600,0.0,0.0,-0.0044901152155696344
2023-08-21,138.33999633789062,139.74000549316406,137.72999572753906,139.55999755859375,1001400,0.0,0.0,0.015277104191460111
2023-08-22,140.22999572753906,141.97000122070312,140.0,140.47999572753906,1217500,0.0,0.0,0.006592133742042039
2023-08-23,141.0800018310547,144.8300018310547,140.75,144.5500030517578,1258700,0.0,0.0,0.02897214869021303
2023-08-24,144.5500030517578,145.82000732421875,139.61000061035156,139.66000366210938,1404300,0.0,0.0,-0.033829119933657226
2023-08-25,139.66000366210938,142.3800048828125,139.05999755859375,141.4199981689453,1419200,0.0,0.0,0.012601993847100479
2023-08-28,141.52999877929688,142.0,140.2899932861328,140.8000030517578,620700,0.0,0.0,-0.004384069616850339
2023-08-29,140.10000610351562,142.25,140.07000732421875,141.38999938964844,785600,0.0,0.0,0.004190314808968809
2023-08-30,141.86000061035156,142.2100067138672,140.9199981689453,141.8300018310547,583900,0.0,0.0,0.00311197710803901
2023-08-31,141.99000549316406,143.47000122070312,141.97999572753906,142.1999969482422,1438500,0.0,0.0,0.0026087225016624416
2023-09-01,142.75,143.6199951171875,140.52999877929688,141.8300018310547,1379900,0.0,0.0,-0.0026019347758647893
2023-09-05,141.52999877929688,142.9600067138672,140.83999633789062,141.17999267578125,1342900,0.0,0.0,-0.004583015912583255
2023-09-06,141.3000030517578,141.3300018310547,139.75999450683594,140.97000122070312,1074600,0.0,0.0,-0.0014874023655772062
2023-09-07,140.75,143.00999450683594,139.85000610351562,142.22999572753906,925400,0.0,0.0,0.00893803288589945
2023-09-08,142.75,143.0,141.6300048828125,142.77000427246094,711800,0.0,0.0,0.003796727561999891
2023-09-11,142.89999389648438,146.08999633789062,142.55999755859375,145.3800048828125,1077600,0.0,0.0,0.018281155230412738
2023-09-12,144.61000061035156,146.22999572753906,142.8300018310547,143.19000244140625,846600,0.0,0.0,-0.015063986572098176
2023-09-13,143.1300048828125,144.72999572753906,142.5800018310547,144.36000061035156,970100,0.0,0.0,0.008170948732430405
2023-09-14,144.58999633789062,145.5,143.05999755859375,144.39999389648438,813300,0.0,0.0,0.00027703855613547823
2023-09-15,144.0,144.4199981689453,142.22999572753906,142.91000366210938,1623100,0.0,0.0,-0.010318492363947884
2023-09-18,143.0399932861328,143.0399932861328,139.64999389648438,141.3300018310547,918700,0.0,0.0,-0.011055921842884953
2023-09-19,141.19000244140625,145.10000610351562,140.33999633789062,143.91000366210938,1255200,0.0,0.0,0.01825516024643381
2023-09-20,144.3300018310547,144.3300018310547,140.5399932861328,140.72000122070312,806800,0.0,0.0,-0.022166648323463045
2023-09-21,139.0,139.27000427246094,135.72999572753906,135.94000244140625,1582900,0.0,0.0,-0.03396815476003301
2023-09-22,136.99000549316406,139.49000549316406,136.7899932861328,138.24000549316406,1079900,0.0,0.0,0.016919251217088815
2023-09-25,137.80999755859375,139.05999755859375,137.3000030517578,138.75,631700,0.0,0.0,0.0036891962280858337
2023-09-26,137.3800048828125,139.38999938964844,136.72000122070312,137.3800048828125,980800,0.0,0.0,-0.009873838682432412
2023-09-27,137.67999267578125,138.6999969482422,137.0399932861328,137.77999877929688,815200,0.0,0.0,0.002911587438256147
2023-09-28,137.77999877929688,141.1699981689453,137.1199951171875,140.1999969482422,1230300,0.0,0.0,0.017564219700870964
2023-09-29,141.10000610351562,141.55999755859375,140.1999969482422,140.38999938964844,1231700,0.0,0.0,0.0013552242905996437
2023-10-02,140.49000549316406,140.49000549316406,137.30999755859375,139.0,1372300,0.0,0.0,-0.009900985794511818
2023-10-03,137.5800018310547,138.5399932861328,137.07000732421875,137.55999755859375,1083400,0.0,0.0,-0.010359729794289563
2023-10-04,137.7899932861328,140.05999755859375,136.67999267578125,139.6300048828125,868400,0.0,0.0,0.015048032574564552
2023-10-05,139.33999633789062,140.91000366210938,138.6999969482422,140.1999969482422,924400,0.0,0.0,0.004082160320112216
2023-10-06,139.61000061035156,142.55999755859375,139.0800018310547,140.91000366210938,1386000,0.0,0.0,0.005064242006576514
2023-10-09,139.82000732421875,143.75,139.7899932861328,143.1300048828125,1117300,0.0,0.0,0.015754745319761065
2023-10-10,143.36000061035156,146.33999633789062,143.27999877929688,145.24000549316406,1248500,0.0,0.0,0.014741846841122674
2023-10-11,147.3699951171875,148.9600067138672,144.69000244140625,144.75,1364900,0.0,0.0,-0.0033737639399024077
2023-10-12,143.89999389648438,144.69000244140625,139.74000549316406,141.6199951171875,1832600,0.0,0.0,-0.0216235225064767
2023-10-13,141.6199951171875,143.07000732421875,141.30999755859375,142.8300018310547,800100,0.0,0.0,0.008544038663932607
2023-10-16,143.5800018310547,144.82000732421875,142.6999969482422,143.58999633789062,1229000,0.0,0.0,0.005320972464418761
2023-10-17,142.5500030517578,145.3699951171875,142.39999389648438,144.86000061035156,1623700,0.0,0.0,0.008844657043324933
2023-10-18,144.50999450683594,145.0,141.92999267578125,142.5,865300,0.0,0.0,-0.01629159602656327
2023-10-19,142.82000732421875,143.42999267578125,140.10000610351562,140.27999877929688,742400,0.0,0.0,-0.015578955934758776
2023-10-20,141.60000610351562,144.4600067138672,140.35000610351562,140.5800018310547,1297700,0.0,0.0,0.002138601756261904
2023-10-23,140.0,143.47000122070312,138.8000030517578,142.1699981689453,2809900,0.0,0.0,0.011310259760854535
2023-10-24,143.3800048828125,144.4600067138672,139.69000244140625,142.69000244140625,1536300,0.0,0.0,0.0036576231213212296
2023-10-25,141.89999389648438,142.6999969482422,136.3699951171875,137.07000732421875,1243600,0.0,0.0,-0.03938604682199287
2023-10-26,137.58999633789062,137.8000030517578,132.39999389648438,133.0399932861328,2499100,0.0,0.0,-0.029401136811450956
2023-10-27,133.27999877929688,135.39999389648438,132.72999572753906,134.42999267578125,1515900,0.0,0.0,0.010447981507778037
2023-10-30,135.17999267578125,135.30999755859375,130.33999633789062,133.35000610351562,1622100,0.0,0.0,-0.008033821551045817
2023-10-31,133.4199981689453,134.25,132.24000549316406,133.75,1146000,0.0,0.0,0.0029995791389305637
2023-11-01,133.92999267578125,135.00999450683594,132.1999969482422,133.80999755859375,1629900,0.0,0.0,0.0004485798773363747
2023-11-02,135.69000244140625,137.8000030517578,134.83999633789062,137.5,1959400,0.0,0.0,0.027576433067270978
2023-11-03,137.60000610351562,139.6699981689453,136.8800048828125,138.91000366210938,1386800,0.0,0.0,0.010254572088068237
2023-11-06,139.0,139.1699981689453,132.1699981689453,134.3699951171875,1926700,0.0,0.0,-0.032683092831565896
2023-11-07,135.67999267578125,137.27999877929688,135.0,136.36000061035156,1881700,0.0,0.0,0.014809894808945456
2023-11-08,148.2100067138672,148.63999938964844,143.1300048828125,143.47000122070312,8062400,0.0,0.0,0.052141394679722675
2023-11-09,148.6300048828125,149.9199981689453,144.25999450683594,146.32000732421875,4612600,0.0,0.0,0.0198648224664848
2023-11-10,146.67999267578125,149.07000732421875,145.10000610351562,147.8800048828125,2430200,0.0,0.0,0.010661546476942618
2023-11-13,147.64999389648438,151.97999572753906,147.27999877929688,150.08999633789062,2829600,0.0,0.0,0.014944491358581224
2023-11-14,153.08999633789062,156.2100067138672,152.5800018310547,153.39999389648438,2315400,0.0,0.0,0.02205341887771195
2023-11-15,153.63999938964844,155.80999755859375,153.07000732421875,153.94000244140625,1805700,0.0,0.0,0.003520264448551913
2023-11-16,153.9499969482422,154.97999572753906,152.77999877929688,154.85000610351562,1405300,0.0,0.0,0.005911417745077419
2023-11-17,154.9199981689453,155.5500030517578,153.42999267578125,154.38999938964844,1067200,0.0,0.0,-0.0029706599660039856
2023-11-20,153.99000549316406,156.5399932861328,153.33999633789062,155.8800048828125,1162200,0.0,0.0,0.00965091974256449
2023-11-21,155.82000732421875,156.9600067138672,154.6699981689453,155.74000549316406,885200,0.0,0.0,-0.0008981228205227065
2023-11-22,156.39999389648438,157.60000610351562,155.80999755859375,155.8800048828125,1118600,0.0,0.0,0.0008989301702226893
2023-11-24,156.39999389648438,156.5399932861328,155.42999267578125,156.32000732421875,539200,0.0,0.0,0.00282269968965565
2023-11-27,156.0500030517578,157.5800018310547,156.00999450683594,156.27000427246094,1008500,0.0,0.0,-0.0003198762117129217
2023-11-28,156.27000427246094,158.1699981689453,156.27000427246094,156.67999267578125,1324700,0.0,0.0,0.002623589890005329
2023-11-29,157.58999633789062,158.83999633789062,155.74000549316406,157.00999450683594,1562500,0.0,0.0,0.002106215512388765
2023-11-30,157.1699981689453,158.5399932861328,156.5,158.1999969482422,1508200,0.0,0.0,0.007579150901469767
2023-12-01,158.69000244140625,161.60000610351562,157.1999969482422,157.83999633789062,1733700,0.0,0.0,-0.0022756044076874815
2023-12-04,157.35000610351562,158.4499969482422,154.5,157.55999755859375,1878900,0.0,0.0,-0.0017739406094351429
2023-12-05,154.25999450683594,157.97999572753906,152.1199951171875,156.75999450683594,3597000,0.0,0.0,-0.0050774502675421385
2023-12-06,157.5,158.80999755859375,156.5399932861328,157.32000732421875,2544900,0.0,0.0,0.0035724217721786466
2023-12-07,155.10000610351562,155.85000610351562,153.55999755859375,154.2100067138672,2437200,0.0,0.0,-0.01976862741903007
2023-12-08,154.3800048828125,156.72000122070312,154.0800018310547,155.32000732421875,2078700,0.0,0.0,0.007197980429448636
2023-12-11,154.41000366210938,155.0500030517578,152.10000610351562,152.55999755859375,2478100,0.0,0.0,-0.01776982768139901
2023-12-12,155.13999938964844,157.33999633789062,154.66000366210938,157.1999969482422,2270600,0.0,0.0,0.030414259726678106
2023-12-13,161.13999938964844,164.0399932861328,160.83999633789062,163.1199951171875,4475600,0.0,0.0,0.03765902216203254
2023-12-14,163.2899932861328,164.85000610351562,162.39999389648438,163.88999938964844,3013400,0.0,0.0,0.004720477535005818
2023-12-15,163.67999267578125,163.86000061035156,159.25,160.1999969482422,15610100,0.0,0.0,-0.02251511657299643
2023-12-18,160.5399932861328,161.4499969482422,157.83999633789062,158.57000732421875,1962500,0.0,0.0,-0.01017471694802874
2023-12-19,158.63999938964844,159.77000427246094,157.75,159.39999389648438,1324300,0.0,0.0,0.005234196467990282
2023-12-20,158.2100067138672,160.4499969482422,157.5,157.9600067138672,1569300,0.0,0.0,-0.009033796974624253
2023-12-21,159.27999877929688,160.5,158.74000549316406,160.38999938964844,1069300,0.0,0.0,0.015383594406798151
2023-12-22,158.8800048828125,162.89999389648438,158.8800048828125,161.9499969482422,1347600,0.0,0.0,0.009726276978179405
2023-12-26,162.0,162.25999450683594,161.16000366210938,161.6199951171875,763300,0.0,0.0,-0.002037677290973705
2023-12-27,161.58999633789062,161.72999572753906,160.5,160.99000549316406,936900,0.0,0.0,-0.0038979683396639375
2023-12-28,160.99000549316406,162.25,160.39999389648438,161.47000122070312,784900,0.0,0.0,0.002981525008764807
2023-12-29,161.5,162.9199981689453,160.72000122070312,160.9499969482422,916600,0.0,0.0,-0.0032204388959542474
2024-01-02,160.13999938964844,160.13999938964844,157.99000549316406,159.25999450683594,1506200,0.0,0.0,-0.010500170695559086
2024-01-03,158.88999938964844,159.17999267578125,157.47999572753906,158.39999389648438,1061400,0.0,0.0,-0.005399978902514979
2024-01-04,157.9600067138672,160.52000427246094,157.82000732421875,158.86000061035156,1238900,0.0,0.0,0.002904082901466598
2024-01-05,158.52000427246094,159.7899932861328,157.7899932861328,158.2100067138672,1039100,0.0,0.0,-0.004091614591382631
2024-01-08,158.27000427246094,159.17999267578125,156.66000366210938,158.5399932861328,880100,0.0,0.0,0.002085750320853119
2024-01-09,158.82000732421875,161.13999938964844,158.4499969482422,159.22000122070312,1067000,0.0,0.0,0.004289188617177642
2024-01-10,158.57000732421875,160.02000427246094,158.30999755859375,159.2100067138672,884300,0.0,0.0,-6.277167918167237e-05
2024-01-11,159.24000549316406,161.8000030517578,158.5500030517578,161.5399932861328,1255500,0.0,0.0,0.01463467416626063
2024-01-12,161.8699951171875,162.42999267578125,160.72000122070312,161.67999267578125,945800,0.0,0.0,0.0008666546704658717
2024-01-16,161.25,163.60000610351562,160.25,161.8800048828125,1264900,0.0,0.0,0.0012370869377285043
2024-01-17,160.44000244140625,160.94000244140625,158.3699951171875,160.3800048828125,983600,0.0,0.0,-0.00926612277461858
2024-01-18,161.32000732421875,162.22999572753906,158.97999572753906,159.86000061035156,1202800,0.0,0.0,-0.003242326079494151
2024-01-19,160.88999938964844,163.14999389648438,159.77999877929688,163.10000610351562,1503900,0.0,0.0,0.020267768552443277
2024-01-22,164.97000122070312,165.5399932861328,163.58999633789062,164.42999267578125,875500,0.0,0.0,0.008154423804383581
2024-01-23,165.14999389648438,165.77999877929688,164.13999938964844,165.14999389648438,827000,0.0,0.0,0.004378770618343353
2024-01-24,166.1199951171875,168.16000366210938,164.82000732421875,165.89999389648438,1050200,0.0,0.0,0.004541326235047327
2024-01-25,167.8699951171875,168.52000427246094,166.77000427246094,168.5,1524300,0.0,0.0,0.01567212898837078
2024-01-26,168.5,169.55999755859375,167.3000030517578,167.38999938964844,1123100,0.0,0.0,-0.006587540714252604
2024-01-29,167.94000244140625,168.22000122070312,165.97000122070312,168.02000427246094,1155400,0.0,0.0,0.0037636948749009136
2024-01-30,166.47999572753906,168.24000549316406,165.67999267578125,166.94000244140625,1280800,0.0,0.0,-0.006427816947935261
2024-01-31,165.33999633789062,166.85000610351562,164.3300018310547,164.92999267578125,1078800,0.0,0.0,-0.012040312305197753
2024-02-01,164.57000732421875,166.3300018310547,162.44000244140625,166.3300018310547,1105500,0.0,0.0,0.008488505532317392
2024-02-02,166.52999877929688,168.25,165.99000549316406,167.0,1120900,0.0,0.0,0.004028125783500203
2024-02-05,165.72000122070312,166.11000061035156,163.6999969482422,164.00999450683594,1530300,0.0,0.0,-0.017904224509964428
2024-02-06,164.35000610351562,166.72000122070312,164.0,166.6699981689453,925000,0.0,0.0,0.01621854613255591
2024-02-07,168.35000610351562,169.67999267578125,167.50999450683594,169.57000732421875,1406000,0.0,0.0,0.017399707128656905
2024-02-08,170.61000061035156,171.58999633789062,168.32000732421875,169.60000610351562,3063100,0.0,0.0,0.0001769108804690056
2024-02-09,154.88999938964844,158.11000061035156,152.22999572753906,154.91000366210938,6604100,0.0,0.0,-0.08661557731572356
2024-02-12,154.8300018310547,160.0399932861328,154.0,155.27000427246094,3436500,0.0,0.0,0.00232393390898622
2024-02-13,154.47999572753906,155.57000732421875,151.66000366210938,153.49000549316406,2385100,0.0,0.0,-0.011463893413523829
2024-02-14,154.8000030517578,155.97999572753906,153.67999267578125,155.72000122070312,1547000,0.0,0.0,0.014528605431826547
2024-02-15,155.72000122070312,157.42999267578125,155.2100067138672,156.9600067138672,1283000,0.0,0.0,0.007963045745206454
2024-02-16,156.6999969482422,157.24000549316406,153.2899932861328,153.3800048828125,1499700,0.0,0.0,-0.022808369507660076
2024-02-20,153.02999877929688,154.3699951171875,150.47999572753906,151.94000244140625,2076500,0.0,0.0,-0.009388462612883952
2024-02-21,152.0,152.44000244140625,149.80999755859375,151.11000061035156,1491800,0.0,0.0,-0.005462694601277018
2024-02-22,153.08999633789062,153.8300018310547,151.75999450683594,152.44000244140625,1397200,0.0,0.0,0.008801547387218944
2024-02-23,152.1300048828125,153.05999755859375,150.85000610351562,151.00999450683594,1466900,0.0,0.0,-0.00938079186347407
2024-02-26,151.25,151.4600067138672,149.52999877929688,149.7100067138672,1340500,0.0,0.0,-0.008608620887738061
2024-02-27,150.0,150.11000061035156,147.00999450683594,147.94000244140625,2173100,0.0,0.0,-0.011822885532587368
2024-02-28,148.47999572753906,148.5,145.88999938964844,147.47999572753906,1589000,0.0,0.0,-0.0031094139940235355
2024-02-29,147.8300018310547,148.13999938964844,145.61000061035156,146.92999267578125,2297300,0.0,0.0,-0.003729340030453443
2024-03-01,146.49000549316406,150.75999450683594,145.5,150.33999633789062,2341400,0.0,0.0,0.023208356578591438
2024-03-04,150.33999633789062,150.8300018310547,146.32000732421875,146.3300018310547,2803600,0.0,0.0,-0.02667283892852723
2024-03-05,145.0,145.0,142.0,143.94000244140625,2910300,0.0,0.0,-0.016332941705336723
2024-03-06,145.9499969482422,146.47999572753906,143.35000610351562,143.89999389648438,1210200,0.0,0.0,-0.00027795292651988657
2024-03-07,145.27000427246094,145.57000732421875,143.8000030517578,145.00999450683594,1415100,0.0,0.0,0.007713694631217738
2024-03-08,144.7899932861328,145.72000122070312,142.63999938964844,143.72999572753906,1385400,0.0,0.0,-0.008826969366146242
2024-03-11,143.72999572753906,147.52999877929688,143.5500030517578,145.8699951171875,2151400,0.0,0.0,0.014889024234754134
2024-03-12,145.1300048828125,145.97000122070312,143.74000549316406,144.52999877929688,1757900,0.0,0.0,-0.009186236942108073
2024-03-13,144.52999877929688,146.69000244140625,144.1199951171875,144.88999938964844,1371000,0.0,0.0,0.002490836597191848
2024-03-14,143.75999450683594,144.22000122070312,141.4499969482422,143.77000427246094,1526900,0.0,0.0,-0.00772996840296436
2024-03-15,143.2899932861328,144.6699981689453,142.02999877929688,143.91000366210938,3757600,0.0,0.0,0.0009737732871115679
2024-03-18,143.9600067138672,145.2100067138672,143.42999267578125,144.6199951171875,2237100,0.0,0.0,0.004933579577588887
2024-03-19,144.24000549316406,145.4499969482422,143.5,145.1999969482422,1118600,0.0,0.0,0.00401052309941452
2024-03-20,145.4600067138672,149.41000366210938,145.1199951171875,148.42999267578125,2396500,0.0,0.0,0.022245150106238842
2024-03-21,149.92999267578125,153.22999572753906,149.4499969482422,152.1699981689453,2474700,0.0,0.0,0.025197100840215203
2024-03-22,152.6699981689453,153.24000549316406,151.72000122070312,152.4600067138672,1181100,0.0,0.0,0.0019058194677763485
2024-03-25,150.0,150.4199981689453,141.8300018310547,146.13999938964844,3763000,0.0,0.0,-0.04145354221372932
2024-03-26,147.2899932861328,148.6999969482422,145.0399932861328,146.6699981689453,1959900,0.0,0.0,0.00362665102990567
2024-03-27,148.0,148.0,146.1699981689453,146.9199981689453,1181600,0.0,0.0,0.0017045067370358158
2024-03-28,145.19000244140625,150.33999633789062,144.57000732421875,148.49000549316406,1656300,0.0,0.0,0.010686137651685579
2024-04-01,148.69000244140625,150.47999572753906,147.50999450683594,150.0,1270900,0.0,0.0,0.010168997582166828
2024-04-02,149.27000427246094,149.63999938964844,147.75999450683594,149.57000732421875,1251000,0.0,0.0,-0.0028666178385416963
2024-04-03,149.38999938964844,152.0,148.63999938964844,151.72999572753906,1625800,0.0,0.0,0.01444132043557489
2024-04-04,153.24000549316406,153.38999938964844,149.3300018310547,149.58999633789062,1503600,0.0,0.0,-0.01410399690178088
2024-04-05,149.82000732421875,151.82000732421875,149.82000732421875,151.0399932861328,1357300,0.0,0.0,0.009693141144057282
2024-04-08,154.25,155.35000610351562,151.75,153.64999389648438,1434600,0.0,0.0,0.017280195487079597
2024-04-09,155.24000549316406,156.25,153.3699951171875,154.6999969482422,1018000,0.0,0.0,0.006833733117263874
2024-04-10,152.02000427246094,153.10000610351562,151.1199951171875,152.1199951171875,1351100,0.0,0.0,-0.016677452372011903
2024-04-11,152.67999267578125,153.0500030517578,150.3800048828125,151.33999633789062,1101200,0.0,0.0,-0.0051275230366395474
2024-04-12,150.0,150.32000732421875,147.17999267578125,147.27000427246094,2077300,0.0,0.0,-0.02689303663218534
2024-04-15,147.6300048828125,147.75999450683594,144.47999572753906,145.3000030517578,1923300,0.0,0.0,-0.013376798829030201
2024-04-16,145.3000030517578,146.11000061035156,144.69000244140625,145.4499969482422,1875000,0.0,0.0,0.0010323048405644908
2024-04-17,146.52000427246094,147.27000427246094,143.0399932861328,143.16000366210938,1531700,0.0,0.0,-0.015744196178619996
2024-04-18,143.74000549316406,143.85000610351562,140.3800048828125,140.63999938964844,1494000,0.0,0.0,-0.017602711707165986
2024-04-19,140.02000427246094,140.94000244140625,139.25,140.60000610351562,2543000,0.0,0.0,-0.0002843663702103427
2024-04-22,140.60000610351562,141.1300048828125,138.92999267578125,139.9600067138672,1170500,0.0,0.0,-0.004551915802743611
2024-04-23,140.85000610351562,143.25,140.5500030517578,141.72000122070312,1259900,0.0,0.0,0.012574981583375111
2024-04-24,140.97000122070312,142.92999267578125,140.82000732421875,142.8300018310547,1024900,0.0,0.0,0.007832349709219422
2024-04-25,142.33999633789062,143.8800048828125,141.0399932861328,143.42999267578125,1108900,0.0,0.0,0.004200733998703354
2024-04-26,143.3800048828125,145.69000244140625,143.3800048828125,144.47000122070312,853100,0.0,0.0,0.0072509837414045375
2024-04-29,144.0800018310547,145.72000122070312,143.72999572753906,144.27000427246094,1319100,0.0,0.0,-0.0013843493220205838
2024-04-30,143.2899932861328,144.27999877929688,142.49000549316406,142.80999755859375,2314100,0.0,0.0,-0.010119960287170215
2024-05-01,142.22000122070312,145.1199951171875,141.52999877929688,142.74000549316406,1164500,0.0,0.0,-0.000490106201430085
2024-05-02,143.8699951171875,143.8699951171875,140.3699951171875,143.07000732421875,1232000,0.0,0.0,0.0023119084934495326
2024-05-03,144.4199981689453,146.27999877929688,143.9499969482422,145.8800048828125,1075100,0.0,0.0,0.019640717234506555
2024-05-06,146.0,148.4499969482422,145.9199981689453,148.33999633789062,1081600,0.0,0.0,0.016863116073064788
2024-05-07,148.0,148.72000122070312,147.50999450683594,148.3300018310547,1006300,0.0,0.0,-6.737567131365196e-05
2024-05-08,147.75,148.0,145.38999938964844,145.97000122070312,1230700,0.0,0.0,-0.0159104738166157
2024-05-09,145.80999755859375,146.55999755859375,145.1300048828125,145.67999267578125,1196900,0.0,0.0,-0.001986768120138538
2024-05-10,145.50999450683594,146.63999938964844,144.8800048828125,145.8800048828125,1284700,0.0,0.0,0.0013729559108119904
2024-05-13,146.5500030517578,146.91000366210938,143.69000244140625,143.9499969482422,1684600,0.0,0.0,-0.013230106045860834
2024-05-14,144.00999450683594,145.30999755859375,143.5500030517578,144.9600067138672,1608000,0.0,0.0,0.007016393102030838
2024-05-15,145.77000427246094,148.25,145.4499969482422,148.0800018310547,1832500,0.0,0.0,0.021523144127234994
2024-05-16,148.97000122070312,148.97000122070312,145.5,146.0800018310547,3603400,0.0,0.0,-0.013506212690906128
2024-05-17,151.63999938964844,154.41000366210938,146.1999969482422,147.83999633789062,5612200,0.0,0.0,0.012048155016258999
2024-05-20,147.10000610351562,151.00999450683594,146.6699981689453,150.89999389648438,2187100,0.0,0.0,0.020698035946917104
2024-05-21,150.0,152.74000549316406,150.0,151.4199981689453,1862900,0.0,0.0,0.003446019174909054
2024-05-22,151.3800048828125,153.07000732421875,149.67999267578125,150.61000061035156,1510400,0.0,0.0,-0.005349343338982182
2024-05-23,153.52000427246094,154.5399932861328,151.3300018310547,152.3300018310547,2269500,0.0,0.0,0.01142023247946855
2024-05-24,152.44000244140625,155.1699981689453,151.77999877929688,154.60000610351562,1623900,0.0,0.0,0.014901885676982696
2024-05-28,154.97000122070312,157.3699951171875,153.9600067138672,156.7899932861328,2223700,0.0,0.0,0.014165505149791757
2024-05-29,155.72000122070312,160.39999389648438,155.60000610351562,159.67999267578125,2034300,0.0,0.0,0.018432294874675792
2024-05-30,159.67999267578125,160.72999572753906,157.8699951171875,159.77999877929688,1223200,0.0,0.0,0.000626290757156367
2024-05-31,160.16000366210938,160.83999633789062,158.4499969482422,160.36000061035156,2263900,0.0,0.0,0.003630002725534043
2024-06-03,160.25,163.72999572753906,160.00999450683594,163.63999938964844,1776200,0.0,0.0,0.020453970858148818
2024-06-04,163.05999755859375,166.2899932861328,161.3800048828125,165.9600067138672,1729900,0.0,0.0,0.014177507534050449
2024-06-05,166.63999938964844,167.75,165.07000732421875,167.42999267578125,1554500,0.0,0.0,0.00885747109210766
2024-06-06,167.1199951171875,168.67999267578125,165.4499969482422,165.6699981689453,1521300,0.0,0.0,-0.010511823352008842
2024-06-07,165.64999389648438,166.42999267578125,164.64999389648438,164.77000427246094,1504400,0.0,0.0,-0.0054324494865183315
2024-06-10,164.1199951171875,165.4199981689453,159.83999633789062,160.5399932861328,2126700,0.0,0.0,-0.025672215067333748
2024-06-11,160.0,160.97000122070312,157.75999450683594,158.50999450683594,1831600,0.0,0.0,-0.012644816645026147
2024-06-12,157.0,160.25999450683594,156.7100067138672,159.6699981689453,3424800,0.0,0.0,0.007318173631375435
2024-06-13,158.63999938964844,160.39999389648438,157.55999755859375,157.72000122070312,1273400,0.0,0.0,-0.012212669697527767
2024-06-14,157.00999450683594,159.25,155.94000244140625,158.9600067138672,1174800,0.0,0.0,0.007862068752008788
2024-06-17,158.16000366210938,158.9600067138672,157.1699981689453,157.39999389648438,1027900,0.0,0.0,-0.009813869850866852
2024-06-18,157.38999938964844,158.4199981689453,155.22000122070312,155.3699951171875,1184600,0.0,0.0,-0.01289707025422071
2024-06-20,155.00999450683594,155.55999755859375,153.99000549316406,154.97999572753906,1387500,0.0,0.0,-0.0025101332426140655
2024-06-21,155.64999389648438,159.25,155.16000366210938,158.22000122070312,3171000,0.0,0.0,0.02090595936562112
2024-06-24,158.05999755859375,160.22999572753906,157.44000244140625,159.7100067138672,1557800,0.0,0.0,0.009417301742310258
2024-06-25,160.0,160.72000122070312,157.8000030517578,159.0399932861328,1017600,0.0,0.0,-0.0041951875246912795
2024-06-26,158.8300018310547,159.60000610351562,156.97999572753906,157.5399932861328,1302500,0.0,0.0,-0.009431589935377516
2024-06-27,157.8800048828125,158.5500030517578,156.4600067138672,156.97999572753906,1092300,0.0,0.0,-0.0035546374410252435
2024-06-28,156.83999633789062,158.17999267578125,155.1999969482422,155.49000549316406,1625800,0.0,0.0,-0.00949159303686753
2024-07-01,154.0500030517578,155.8800048828125,153.3800048828125,154.2899932861328,1259900,0.0,0.0,-0.007717616339553146
2024-07-02,154.55999755859375,155.4499969482422,154.2899932861328,154.64999389648438,1509200,0.0,0.0,0.002333272577722756
2024-07-03,154.2100067138672,154.9499969482422,152.8000030517578,153.5,717300,0.0,0.0,-0.007436106963276901
2024-07-05,152.83999633789062,153.00999450683594,151.50999450683594,151.74000549316406,1130300,0.0,0.0,-0.011465762259517454
2024-07-08,151.83999633789062,152.80999755859375,151.02999877929688,152.0,1177700,0.0,0.0,0.0017134209662832411
2024-07-09,151.9499969482422,151.9499969482422,149.14999389648438,149.36000061035156,1320300,0.0,0.0,-0.017368417037160744
2024-07-10,149.39999389648438,149.97999572753906,147.6199951171875,148.8300018310547,1799400,0.0,0.0,-0.0035484652994849375
2024-07-11,150.00999450683594,153.0800018310547,149.85000610351562,151.52000427246094,2371800,0.0,0.0,0.01807432915615914
2024-07-12,151.88999938964844,155.27999877929688,151.75999450683594,153.35000610351562,1576100,0.0,0.0,0.012077625260384695
2024-07-15,153.5500030517578,154.57000732421875,152.30999755859375,153.30999755859375,1188000,0.0,0.0,-0.00026089692422226474
2024-07-16,153.7899932861328,154.55999755859375,152.72999572753906,154.10000610351562,1176500,0.0,0.0,0.005153013877127854
2024-07-17,154.1300048828125,154.1300048828125,149.8300018310547,149.8699951171875,1708400,0.0,0.0,-0.02744977818811145
2024-07-18,149.8699951171875,151.32000732421875,148.77999877929688,150.3000030517578,1853500,0.0,0.0,0.0028692063026629633
2024-07-19,150.4499969482422,151.25,148.9199981689453,150.32000732421875,1643000,0.0,0.0,0.00013309562245344964
2024-07-22,150.55999755859375,151.05999755859375,148.86000061035156,150.4499969482422,1084500,0.0,0.0,0.0008647526456213583
2024-07-23,150.4499969482422,152.52000427246094,150.07000732421875,151.7100067138672,1109700,0.0,0.0,0.008374940453195645
2024-07-24,151.7899932861328,155.1199951171875,151.66000366210938,152.88999938964844,1842500,0.0,0.0,0.00777794887325256
2024-07-25,153.5,153.5,150.02000427246094,150.3000030517578,1466200,0.0,0.0,-0.01694025997926707
2024-07-26,150.6300048828125,151.05999755859375,149.16000366210938,150.75,1358900,0.0,0.0,0.0029939916108134845
2024-07-29,151.41000366210938,151.9199981689453,150.22999572753906,150.6999969482422,1313000,0.0,0.0,-0.00033169520237352756
2024-07-30,150.42999267578125,152.4499969482422,149.86000061035156,150.0,1360700,0.0,0.0,-0.004644969889963546
2024-07-31,151.10000610351562,152.25,150.3800048828125,150.52999877929688,1590800,0.0,0.0,0.0035333251953124645
2024-08-01,150.16000366210938,150.22999572753906,144.9600067138672,145.9600067138672,1684800,0.0,0.0,-0.030359344333285243
2024-08-02,146.0,146.57000732421875,143.16000366210938,143.67999267578125,1809600,0.0,0.0,-0.015620813464030325
2024-08-05,141.16000366210938,141.39999389648438,137.50999450683594,139.49000549316406,1935900,0.0,0.0,-0.02916193900477182
2024-08-06,139.35000610351562,141.47000122070312,138.99000549316406,140.11000061035156,1599900,0.0,0.0,0.004444727885668298
2024-08-07,141.0,141.44000244140625,135.61000061035156,135.6699981689453,2707300,0.0,0.0,-0.031689404197163484
2024-08-08,136.8300018310547,138.8699951171875,135.24000549316406,138.77999877929688,2622100,0.0,0.0,0.022923274506709834
2024-08-09,142.13999938964844,145.6999969482422,141.33999633789062,144.82000732421875,3996300,0.0,0.0,0.043522183297662
2024-08-12,145.88999938964844,149.5,145.25999450683594,147.2899932861328,2585200,0.0,0.0,0.017055557498932616
2024-08-13,147.30999755859375,147.80999755859375,144.6999969482422,144.8800048828125,1575400,0.0,0.0,-0.01636220051038062
2024-08-14,144.6300048828125,145.91000366210938,143.1699981689453,144.91000366210938,954200,0.0,0.0,0.00020705948568355836
2024-08-15,145.89999389648438,148.0500030517578,145.5,146.3800048828125,1129900,0.0,0.0,0.010144235619031328
2024-08-16,146.4600067138672,151.10000610351562,146.38999938964844,149.94000244140625,1901100,0.0,0.0,0.024320244841115946
2024-08-19,150.0,150.86000061035156,148.60000610351562,150.5,1078300,0.0,0.0,0.0037348109208721336
2024-08-20,150.72999572753906,155.63999938964844,149.97999572753906,154.80999755859375,2750600,0.0,0.0,0.028637857532184396
2024-08-21,156.6199951171875,161.3699951171875,156.49000549316406,160.07000732421875,1849400,0.0,0.0,0.03397719687731504
2024-08-22,160.0,161.82000732421875,158.52000427246094,158.6999969482422,1221900,0.0,0.0,-0.008558819974323062
2024-08-23,160.1999969482422,160.89999389648438,158.8000030517578,159.38999938964844,1076200,0.0,0.0,0.004347841554346532
2024-08-26,159.94000244140625,161.1999969482422,159.7100067138672,160.3800048828125,805600,0.0,0.0,0.006211214611676397
2024-08-27,160.30999755859375,161.9199981689453,160.16000366210938,160.77999877929688,783900,0.0,0.0,0.0024940384356306744
2024-08-28,160.88999938964844,161.14999389648438,158.1300048828125,159.0,1153700,0.0,0.0,-0.011071021226590982
2024-08-29,160.47999572753906,162.97999572753906,160.16000366210938,160.5,929600,0.0,0.0,0.009433962264151052
2024-08-30,161.05999755859375,162.1199951171875,160.42999267578125,161.7100067138672,1206500,0.0,0.0,0.0075389826409171246
2024-09-03,160.75,161.47999572753906,154.6199951171875,155.89999389648438,1581700,0.0,0.0,-0.0359285917764085
2024-09-04,155.6300048828125,159.1300048828125,155.6300048828125,158.0399932861328,990100,0.0,0.0,0.013726744537715385
2024-09-05,158.60000610351562,159.05999755859375,156.77999877929688,157.05999755859375,1021700,0.0,0.0,-0.0062009350112079975
2024-09-06,157.75999450683594,159.42999267578125,156.52000427246094,156.61000061035156,1246000,0.0,0.0,-0.0028651276915645507
2024-09-09,155.44000244140625,156.4199981689453,149.86000061035156,156.32000732421875,2107800,0.0,0.0,-0.0018516907285781592
2024-09-10,157.10000610351562,157.42999267578125,153.97999572753906,154.85000610351562,853200,0.0,0.0,-0.009403794471773752
2024-09-11,153.77000427246094,153.83999633789062,150.19000244140625,152.33999633789062,1720800,0.0,0.0,-0.016209297169462733
2024-09-12,152.77000427246094,154.75999450683594,152.27999877929688,153.61000061035156,1194200,0.0,0.0,0.008336643711373437
2024-09-13,153.82000732421875,154.89999389648438,152.07000732421875,152.17999267578125,1223400,0.0,0.0,-0.009309341376787628
2024-09-16,152.4499969482422,153.0500030517578,150.91000366210938,152.4499969482422,1320600,0.0,0.0,0.0017742429061367027
2024-09-17,152.47999572753906,155.8300018310547,151.0399932861328,152.7100067138672,1534300,0.0,0.0,0.001705541297670754
2024-09-18,152.9499969482422,155.16000366210938,151.42999267578125,153.3300018310547,1449600,0.0,0.0,0.004059950821357683
2024-09-19,156.22000122070312,158.11000061035156,153.52000427246094,153.66000366210938,1971000,0.0,0.0,0.0021522326166687478
2024-09-20,152.52000427246094,152.94000244140625,147.22999572753906,148.77999877929688,5624000,0.0,0.0,-0.03175845871736005
2024-09-23,149.5800018310547,150.75,148.05999755859375,149.72999572753906,1495700,0.0,0.0,0.006385246377447862
2024-09-24,149.6300048828125,151.11000061035156,147.94000244140625,150.89999389648438,1190500,0.0,0.0,0.007814053311497648
2024-09-25,150.64999389648438,150.89999389648438,149.66000366210938,150.77000427246094,841600,0.0,0.0,-0.0008614289548123377
2024-09-26,152.2899932861328,152.5,150.44000244140625,151.69000244140625,1485400,0.0,0.0,0.006101997366019463
2024-09-27,152.49000549316406,153.80999755859375,152.1999969482422,153.0500030517578,1371000,0.0,0.0,0.008965657515081826
2024-09-30,153.07000732421875,154.85000610351562,152.25999450683594,153.7100067138672,1343700,0.0,0.0,0.004312340078073573
2024-10-01,153.07000732421875,153.07000732421875,149.50999450683594,150.47999572753906,1379100,0.0,0.0,-0.021013667589910523
2024-10-02,150.32000732421875,151.6699981689453,148.92999267578125,151.3699951171875,1178200,0.0,0.0,0.005914403342088592
2024-10-03,149.91000366210938,151.19000244140625,146.75999450683594,147.66000366210938,1462100,0.0,0.0,-0.024509424421966353
2024-10-04,149.0,152.1199951171875,147.77999877929688,151.69000244140625,1768100,0.0,0.0,0.027292419608215157
2024-10-07,151.42999267578125,152.5500030517578,150.4499969482422,152.2100067138672,1041500,0.0,0.0,0.0034280721477462084
2024-10-08,152.27000427246094,153.0800018310547,151.32000732421875,152.94000244140625,757000,0.0,0.0,0.004795977237628923
2024-10-09,153.0,155.3000030517578,152.75999450683594,153.86000061035156,880000,0.0,0.0,0.006015418819532048
2024-10-10,152.33999633789062,154.0399932861328,152.27000427246094,153.49000549316406,912100,0.0,0.0,-0.002404751824514162
2024-10-11,153.05999755859375,156.47999572753906,153.05999755859375,155.08999633789062,1311700,0.0,0.0,0.010424071844846061
2024-10-14,155.50999450683594,156.49000549316406,154.69000244140625,155.42999267578125,725100,0.0,0.0,0.002192251891926622
2024-10-15,155.36000061035156,157.50999450683594,154.99000549316406,156.0500030517578,1310200,0.0,0.0,0.003989000869799142
2024-10-16,155.88999938964844,155.97000122070312,154.27999877929688,154.91000366210938,766300,0.0,0.0,-0.007305346794964973
2024-10-17,155.97000122070312,156.52999877929688,154.02999877929688,154.7899932861328,816400,0.0,0.0,-0.0007747103036568337
2024-10-18,154.41000366210938,155.8000030517578,154.14999389648438,155.27000427246094,976800,0.0,0.0,0.003101046625415993
2024-10-21,154.47000122070312,156.92999267578125,154.1300048828125,156.8800048828125,1129100,0.0,0.0,0.01036903823050328
2024-10-22,156.99000549316406,160.30999755859375,156.52999877929688,160.02000427246094,1697000,0.0,0.0,0.020015293803655743
2024-10-23,160.0,161.2899932861328,159.22999572753906,161.00999450683594,1694800,0.0,0.0,0.00618666546645863
2024-10-24,161.6199951171875,163.07000732421875,159.9600067138672,161.25999450683594,1218900,0.0,0.0,0.0015526986431229073
2024-10-25,162.39999389648438,163.85000610351562,161.14999389648438,161.7899932861328,1040800,0.0,0.0,0.003286610426334935
2024-10-28,162.0,162.13999938964844,160.00999450683594,160.75,1395700,0.0,0.0,-0.006428044559551593
2024-10-29,160.38999938964844,163.5399932861328,158.64999389648438,162.27999877929688,1603500,0.0,0.0,0.00951787732066478
2024-10-30,162.1999969482422,164.67999267578125,160.6199951171875,162.88999938964844,1659300,0.0,0.0,0.0037589389631507153
2024-10-31,162.75,164.4600067138672,161.27999877929688,161.72000122070312,1414000,0.0,0.0,-0.007182750158569062
2024-11-01,161.1199951171875,164.39999389648438,160.8300018310547,163.77999877929688,1457800,0.0,0.0,0.01273805060007649
2024-11-04,164.22000122070312,164.6999969482422,161.02000427246094,162.92999267578125,1829600,0.0,0.0,-0.005189926180553139
2024-11-05,163.64999389648438,165.49000549316406,162.8000030517578,164.02999877929688,1303500,0.0,0.0,0.00675140338160185
2024-11-06,166.49000549316406,169.0399932861328,165.35000610351562,166.6199951171875,3089300,0.0,0.0,0.01578977234143286
2024-11-07,174.0,180.52999877929688,171.39999389648438,179.1699981689453,3777500,0.0,0.0,0.07532111042813994
2024-11-08,179.1699981689453,179.33999633789062,173.1999969482422,177.89999389648438,2225700,0.0,0.0,-0.0070882641370761945
2024-11-11,178.44000244140625,180.50999450683594,178.1199951171875,179.38999938964844,2134000,0.0,0.0,0.008375523014526154
2024-11-12,178.66000366210938,180.6699981689453,177.1699981689453,180.5500030517578,1115100,0.0,0.0,0.006466378650181959
2024-11-13,180.2899932861328,182.6199951171875,180.10000610351562,181.8699951171875,1074400,0.0,0.0,0.007310950114197912
2024-11-14,181.0,182.35000610351562,179.2899932861328,181.47999572753906,1071500,0.0,0.0,-0.002144385550772898
2024-11-15,181.0,181.0,176.67999267578125,177.6199951171875,1349600,0.0,0.0,-0.021269565248098643
2024-11-18,178.13999938964844,183.36000061035156,177.08999633789062,182.92999267578125,1254600,0.0,0.0,0.02989526913954932
2024-11-19,182.1199951171875,186.3000030517578,181.05999755859375,186.00999450683594,1535800,0.0,0.0,0.016837052175000977
2024-11-20,186.07000732421875,186.75,184.1999969482422,185.5,1364500,0.0,0.0,-0.002741758625325885
2024-11-21,187.30999755859375,187.30999755859375,184.91000366210938,186.5800018310547,1168900,0.0,0.0,0.005822112296790749
2024-11-22,187.0,188.4499969482422,185.8699951171875,188.14999389648438,1081900,0.0,0.0,0.00841457846512017
2024-11-25,189.75999450683594,190.42999267578125,187.47000122070312,187.6199951171875,2501800,0.0,0.0,-0.002816895011904519
2024-11-26,188.19000244140625,189.27999877929688,187.13999938964844,187.85000610351562,1788200,0.0,0.0,0.0012259406903003534
2024-11-27,188.22999572753906,188.55999755859375,185.35000610351562,185.55999755859375,1235800,0.0,0.0,-0.012190622680416374
2024-11-29,186.2100067138672,189.30999755859375,186.2100067138672,188.3800048828125,679600,0.0,0.0,0.015197280455494067
2024-12-02,188.36000061035156,188.6300048828125,187.0,187.9499969482422,1257300,0.0,0.0,-0.0022826622965521626
2024-12-03,187.39999389648438,188.3800048828125,186.94000244140625,188.05999755859375,926700,0.0,0.0,0.0005852652946936043
2024-12-04,188.5,188.8800048828125,187.25,188.1999969482422,1431300,0.0,0.0,0.0007444400269378537
2024-12-05,189.35000610351562,191.6300048828125,188.0,190.02999877929688,1976700,0.0,0.0,0.009723708080388471
2024-12-06,190.36000061035156,191.91000366210938,188.1699981689453,189.7100067138672,1500800,0.0,0.0,-0.0016839028968332892
2024-12-09,188.97000122070312,191.02000427246094,187.6699981689453,187.89999389648438,1420500,0.0,0.0,-0.009540945407865542
2024-12-10,186.7100067138672,188.24000549316406,184.7100067138672,185.36000061035156,1153900,0.0,0.0,-0.013517793340281359
2024-12-11,188.8800048828125,191.25999450683594,186.0500030517578,190.4600067138672,1489200,0.0,0.0,0.02751405959604214
2024-12-12,189.3300018310547,190.5399932861328,188.27000427246094,189.63999938964844,796900,0.0,0.0,-0.004305404259754453
2024-12-13,188.3000030517578,188.64999389648438,184.6999969482422,185.47999572753906,1327900,0.0,0.0,-0.021936319740024524
2024-12-16,185.9199981689453,188.77999877929688,185.32000732421875,187.17999267578125,1847000,0.0,0.0,0.00916539242722103
2024-12-17,186.63999938964844,187.32000732421875,185.85000610351562,185.92999267578125,1372700,0.0,0.0,-0.006678064157023211
2024-12-18,186.52000427246094,188.39999389648438,181.63999938964844,181.89999389648438,2022500,0.0,0.0,-0.021674818146872443
2024-12-19,183.5,184.49000549316406,181.16000366210938,181.3800048828125,1570300,0.0,0.0,-0.002858653277183709
2024-12-20,180.0,184.1999969482422,179.0,181.97000122070312,3579400,0.0,0.0,0.0032528190649889765
2024-12-23,181.08999633789062,183.3699951171875,181.08999633789062,183.22000122070312,1198400,0.0,0.0,0.006869264118341878
2024-12-24,184.0,185.82000732421875,183.6300048828125,185.38999938964844,461100,0.0,0.0,0.011843675114549201
2024-12-26,184.75,187.55999755859375,184.7100067138672,187.16000366210938,733500,0.0,0.0,0.00954746360800618
2024-12-27,187.42999267578125,188.36000061035156,184.6999969482422,186.42999267578125,1010700,0.0,0.0,-0.003900464693546657
2024-12-30,184.19000244140625,185.92999267578125,182.0,184.5399932861328,1317100,0.0,0.0,-0.010137850474174037
2024-12-31,184.77000427246094,185.77000427246094,183.64999389648438,184.0800018310547,1106900,0.0,0.0,-0.0024926382996280916
2025-01-02,184.66000366210938,185.10000610351562,180.8699951171875,183.07000732421875,1437600,0.0,0.0,-0.005486714997769759
2025-01-03,184.60000610351562,189.17999267578125,184.1999969482422,188.75,1452700,0.0,0.0,0.031026342101587057
2025-01-06,190.63999938964844,192.13999938964844,188.30999755859375,188.97999572753906,1233400,0.0,0.0,0.001218520410803059
2025-01-07,188.08999633789062,188.7100067138672,180.8800048828125,181.75,2250900,0.0,0.0,-0.03825799497827731
2025-01-08,181.58999633789062,183.91000366210938,180.1699981689453,183.74000549316406,1976300,0.0,0.0,0.010949136138454163
2025-01-10,181.89999389648438,182.8800048828125,177.35000610351562,178.61000061035156,1420400,0.0,0.0,-0.027919912536431002
2025-01-13,178.61000061035156,179.97999572753906,177.92999267578125,178.75999450683594,957500,0.0,0.0,0.0008397844240064511
2025-01-14,178.91000366210938,181.52999877929688,178.64999389648438,180.02999877929688,876200,0.0,0.0,0.007104521769340177
2025-01-15,183.39999389648438,183.8000030517578,179.5800018310547,181.32000732421875,1332000,0.0,0.0,0.007165519933726827
2025-01-16,182.27000427246094,184.4600067138672,181.25999450683594,183.3699951171875,1282200,0.0,0.0,0.01130591060093633
2025-01-17,186.9499969482422,186.9499969482422,184.82000732421875,186.41000366210938,1443700,0.0,0.0,0.016578549522123787
2025-01-21,187.5500030517578,189.0399932861328,184.42999267578125,185.13999938964844,1611200,0.0,0.0,-0.006812962005853351
2025-01-22,185.36000061035156,188.17999267578125,183.5399932861328,187.99000549316406,1548500,0.0,0.0,0.015393789094259702
2025-01-23,183.27999877929688,184.69000244140625,179.61000061035156,183.82000732421875,2066900,0.0,0.0,-0.022182020570752914
2025-01-24,184.0,185.6300048828125,182.57000732421875,185.49000549316406,1638800,0.0,0.0,0.009084964108394322
2025-01-27,185.0500030517578,190.5800018310547,184.17999267578125,187.8699951171875,2335500,0.0,0.0,0.012830824052733947
2025-01-28,186.85000610351562,189.6999969482422,185.72999572753906,187.13999938964844,1616100,0.0,0.0,-0.0038856429792512026
2025-01-29,186.9199981689453,191.61000061035156,186.9199981689453,190.08999633789062,1430400,0.0,0.0,0.015763583188326935
2025-01-30,190.91000366210938,192.5,189.8800048828125,191.22999572753906,1213100,0.0,0.0,0.005997156145040039
2025-01-31,190.07000732421875,190.92999267578125,185.38999938964844,185.50999450683594,1680700,0.0,0.0,-0.02991163179678613
2025-02-03,184.6199951171875,187.58999633789062,182.88999938964844,186.07000732421875,1741400,0.0,0.0,0.0030187743731628913
2025-02-04,186.13999938964844,186.61000061035156,182.66000366210938,183.5399932861328,1661200,0.0,0.0,-0.013597108284504444
2025-02-05,185.10000610351562,186.1699981689453,182.9199981689453,184.9199981689453,1697800,0.0,0.0,0.007518823871051961
2025-02-06,184.0800018310547,184.52999877929688,181.86000061035156,183.0800018310547,2779700,0.0,0.0,-0.009950229050995185
2025-02-07,198.0,212.8800048828125,195.97000122070312,208.77000427246094,6798600,0.0,0.0,0.1403211830045361
2025-02-10,210.00999450683594,215.83999633789062,206.27999877929688,212.50999450683594,3454100,0.0,0.0,0.017914404166481823
2025-02-11,212.27000427246094,214.0399932861328,208.3800048828125,209.94000244140625,1783200,0.0,0.0,-0.012093511514099764
2025-02-12,207.42999267578125,210.11000061035156,206.55999755859375,209.17999267578125,1162800,0.0,0.0,-0.00362012840233783
2025-02-13,209.17999267578125,210.5800018310547,207.8300018310547,210.08999633789062,1338200,0.0,0.0,0.004350337957606865
2025-02-14,210.22999572753906,212.58999633789062,208.5500030517578,208.75999450683594,1454700,0.0,0.0,-0.006330629036308877
2025-02-18,208.63999938964844,216.52000427246094,208.41000366210938,216.3800048828125,2462900,0.0,0.0,0.036501296112685155
2025-02-19,218.58999633789062,218.75,212.4600067138672,215.17999267578125,1582300,0.0,0.0,-0.0055458553468521465
2025-02-20,215.17999267578125,215.3300018310547,209.0399932861328,215.24000549316406,1648300,0.0,0.0,0.00027889589843632656
2025-02-21,216.0,216.52999877929688,210.66000366210938,211.64999389648438,1439100,0.0,0.0,-0.01667910938979089
2025-02-24,213.2100067138672,213.6999969482422,207.27999877929688,212.02000427246094,1206500,0.0,0.0,0.001748218221813591
2025-02-25,210.47999572753906,210.67999267578125,206.07000732421875,207.91000366210938,1922000,0.0,0.0,-0.019384966170786
2025-02-26,208.80999755859375,210.27999877929688,207.4600067138672,209.11000061035156,1281000,0.0,0.0,0.005771713371677922
2025-02-27,209.85000610351562,211.3699951171875,207.6300048828125,208.2100067138672,1122800,0.0,0.0,-0.004303925655671503
2025-02-28,208.72000122070312,212.10000610351562,206.7100067138672,211.97999572753906,1858300,0.0,0.0,0.0181066658282798
2025-03-03,212.88999938964844,214.5,207.77999877929688,208.0500030517578,1781700,0.0,0.0,-0.01853945067926377
2025-03-04,207.97999572753906,209.08999633789062,202.00999450683594,208.5500030517578,2106700,0.0,0.0,0.0024032684098331814
2025-03-05,208.10000610351562,215.27000427246094,208.10000610351562,214.80999755859375,1750100,0.0,0.0,0.030016755767116043
2025-03-06,214.1999969482422,216.4600067138672,207.3300018310547,207.8699951171875,2273200,0.0,0.0,-0.03230763242066159
2025-03-07,206.75999450683594,207.4499969482422,198.7100067138672,204.3300018310547,1889400,0.0,0.0,-0.017029842542388707
2025-03-10,200.97999572753906,202.47000122070312,197.0,201.92999267578125,1883600,0.0,0.0,-0.011745750177489023
2025-03-11,202.0399932861328,206.02000427246094,201.77000427246094,203.8000030517578,1543500,0.0,0.0,0.009260686593393075
2025-03-12,204.47999572753906,206.72000122070312,203.49000549316406,205.3300018310547,1414900,0.0,0.0,0.007507354054888449
2025-03-13,204.47999572753906,206.1999969482422,201.92999267578125,203.6300048828125,1262900,0.0,0.0,-0.008279340247807299
2025-03-14,205.6699981689453,206.32000732421875,201.83999633789062,204.57000732421875,1365500,0.0,0.0,0.004616227564042896
2025-03-17,203.82000732421875,207.7100067138672,203.05999755859375,206.5,1904900,0.0,0.0,0.009434387283969947
2025-03-18,205.9600067138672,206.36000061035156,203.6999969482422,204.32000732421875,1067500,0.0,0.0,-0.010556865258020576
2025-03-19,204.0,210.7100067138672,203.47999572753906,208.86000061035156,1381600,0.0,0.0,0.02222001332903578
2025-03-20,206.92999267578125,211.4600067138672,206.89999389648438,209.6300048828125,1329200,0.0,0.0,0.0036867005181018264
2025-03-21,207.50999450683594,215.0,204.2100067138672,213.47000122070312,3631800,0.0,0.0,0.0183179709414083
2025-03-24,217.14999389648438,217.17999267578125,211.88999938964844,213.50999450683594,1452900,0.0,0.0,0.00018734850753787669
2025-03-25,213.66000366210938,218.55999755859375,211.57000732421875,217.9499969482422,1361000,0.0,0.0,0.020795290879294548
2025-03-26,217.0,220.92999267578125,211.9499969482422,215.88999938964844,1951700,0.0,0.0,-0.009451698038256628
2025-03-27,215.77000427246094,216.6999969482422,213.6300048828125,214.2899932861328,1128700,0.0,0.0,-0.0074112099126363296
2025-03-28,214.27999877929688,215.52000427246094,209.32000732421875,210.47000122070312,1439400,0.0,0.0,-0.017826273671720183
2025-03-31,207.39999389648438,207.88999938964844,200.66000366210938,207.25,2689900,0.0,0.0,-0.015299098218403917
2025-04-01,205.22999572753906,210.57000732421875,204.6999969482422,210.1300048828125,1654700,0.0,0.0,0.013896284114897517
2025-04-02,207.8800048828125,212.72000122070312,207.0,211.10000610351562,1602800,0.0,0.0,0.004616195679641777
2025-04-03,205.4600067138672,211.5,204.94000244140625,208.92999267578125,2324500,0.0,0.0,-0.010279551705319578
2025-04-04,205.10000610351562,208.3300018310547,194.17999267578125,194.5800018310547,3684600,0.0,0.0,-0.06868324964235728
2025-04-07,190.9199981689453,201.1300048828125,188.55999755859375,197.52999877929688,3608200,0.0,0.0,0.015160843460180207
2025-04-08,201.61000061035156,205.2100067138672,193.11000061035156,196.25,2230700,0.0,0.0,-0.0064800222103329475
2025-04-09,194.33999633789062,209.38999938964844,194.1199951171875,208.1300048828125,2820900,0.0,0.0,0.06053505672770698
2025-04-10,205.00999450683594,206.36000061035156,196.64999389648438,204.41000366210938,2257300,0.0,0.0,-0.01787344992759532
2025-04-11,204.8300018310547,212.85000610351562,202.25999450683594,212.07000732421875,2648600,0.0,0.0,0.03747372205311139
2025-04-14,214.0,216.0,210.99000549316406,212.9499969482422,1220600,0.0,0.0,0.004149524183672426
2025-04-15,212.75,215.35000610351562,211.9499969482422,214.60000610351562,1267100,0.0,0.0,0.007748340826106981
2025-04-16,213.8000030517578,215.85000610351562,209.1699981689453,211.39999389648438,1228600,0.0,0.0,-0.014911519645939175
2025-04-17,213.6699981689453,214.8000030517578,211.4600067138672,212.77000427246094,1059800,0.0,0.0,0.006480654756534143
2025-04-21,210.83999633789062,211.33999633789062,202.41000366210938,205.16000366210938,1744400,0.0,0.0,-0.03576632259031509
2025-04-22,208.1300048828125,211.75,207.07000732421875,209.97000122070312,1492600,0.0,0.0,0.02344510368851238
2025-04-23,212.07000732421875,215.97000122070312,211.0,213.3000030517578,1713600,0.0,0.0,0.015859417115278607
2025-04-24,213.8000030517578,224.5800018310547,213.3000030517578,222.69000244140625,2966600,0.0,0.0,0.04402250002485908
2025-04-25,222.64999389648438,225.49000549316406,222.27999877929688,225.3800048828125,1534600,0.0,0.0,0.0120795833307068
2025-04-28,227.25,229.0,223.58999633789062,225.5500030517578,2071700,0.0,0.0,0.0007542735170038561
2025-04-29,225.1999969482422,231.22999572753906,225.1999969482422,230.7100067138672,1621200,0.0,0.0,0.022877426700478765
2025-04-30,227.0,234.08999633789062,225.39999389648438,233.32000732421875,2234200,0.0,0.0,0.01131290596158907
2025-05-01,234.1199951171875,238.0,233.4199981689453,235.1699981689453,2175100,0.0,0.0,0.007928985027657154
2025-05-02,214.4499969482422,224.72000122070312,211.0,219.5,8968300,0.0,0.0,-0.0666326414549191
2025-05-05,218.5,225.82000732421875,217.74000549316406,225.32000732421875,2828200,0.0,0.0,0.02651483974587121
2025-05-06,223.50999450683594,232.2100067138672,222.24000549316406,231.83999633789062,2812000,0.0,0.0,0.02893657376945713
2025-05-07,232.11000061035156,232.94000244140625,225.33999633789062,226.33999633789062,2786100,0.0,0.0,-0.023723257793638597
2025-05-08,227.11000061035156,227.97999572753906,224.38999938964844,225.4499969482422,1773800,0.0,0.0,-0.003932134859275238
2025-05-09,225.4499969482422,227.49000549316406,223.0500030517578,226.5500030517578,1524700,0.0,0.0,0.004879157766270348
2025-05-12,226.0800018310547,227.88999938964844,219.41000366210938,226.25,2080100,0.0,0.0,-0.0013242244436839634
2025-05-13,225.86000061035156,228.3000030517578,224.30999755859375,226.16000366210938,2116700,0.0,0.0,-0.00039777386912986934
2025-05-14,225.7100067138672,229.6699981689453,224.88999938964844,229.5,2140200,0.0,0.0,0.014768289192640394
2025-05-15,228.75,233.75999450683594,228.39999389648438,232.33999633789062,3081500,0.0,0.0,0.01237471171194171
2025-05-16,236.5800018310547,240.77999877929688,226.11000061035156,226.74000549316406,4381400,0.0,0.0,-0.024102569221799097
2025-05-19,226.74000549316406,235.72000122070312,225.4499969482422,234.66000366210938,2190000,0.0,0.0,0.034929866706667756
2025-05-20,233.02000427246094,237.6199951171875,232.5399932861328,237.5,1729500,0.0,0.0,0.012102600756709991
2025-05-21,228.02999877929688,231.63999938964844,226.6699981689453,226.75999450683594,6081100,0.0,0.0,-0.04522107576069079
2025-05-22,228.02999877929688,228.39999389648438,223.1199951171875,226.00999450683594,4750900,0.0,0.0,-0.003307461713566884
2025-05-23,225.9199981689453,226.16000366210938,224.0,224.99000549316406,1862800,0.0,0.0,-0.0045130261424833895
2025-05-27,226.0,227.5,224.0,226.27000427246094,2372000,0.0,0.0,0.005689136175143439
2025-05-28,226.33999633789062,229.8800048828125,226.33999633789062,228.3300018310547,2077600,0.0,0.0,0.009104156625697524
2025-05-29,228.66000366210938,228.66000366210938,223.72000122070312,225.38999938964844,2137500,0.0,0.0,-0.012876110970215904
2025-05-30,225.39999389648438,226.9499969482422,224.25999450683594,226.27999877929688,3647800,0.0,0.0,0.003948708425655756
2025-06-02,226.10000610351562,227.6300048828125,222.1199951171875,227.60000610351562,2472600,0.0,0.0,0.0058335130428661675
2025-06-03,227.0,229.85000610351562,224.0,229.64999389648438,1832200,0.0,0.0,0.009006976001733502
2025-06-04,229.52000427246094,230.39999389648438,227.1999969482422,229.17999267578125,1757500,0.0,0.0,-0.002046598010862488
2025-06-05,229.5500030517578,232.77999877929688,228.8300018310547,231.02999877929688,2340200,0.0,0.0,0.008072284504052618
2025-06-06,232.97999572753906,233.1999969482422,230.47000122070312,232.72000122070312,1497000,0.0,0.0,0.007315077913413015
2025-06-09,232.27000427246094,234.3300018310547,230.38999938964844,233.5,1426200,0.0,0.0,0.003351661976647824
2025-06-10,233.47000122070312,235.6199951171875,231.89999389648438,234.91000366210938,1596600,0.0,0.0,0.006038559580768155
2025-06-11,234.3300018310547,235.6699981689453,232.24000549316406,234.74000549316406,1277500,0.0,0.0,-0.0007236736039127889
2025-06-12,234.1199951171875,237.38999938964844,233.61000061035156,234.4600067138672,1441000,0.0,0.0,-0.0011928038372012173
2025-06-13,232.92999267578125,235.8000030517578,229.58999633789062,230.22999572753906,2011400,0.0,0.0,-0.018041503306320372
2025-06-16,230.9499969482422,240.44000244140625,230.6699981689453,238.60000610351562,2220100,0.0,0.0,0.03635499514095408
2025-06-17,238.61000061035156,239.55999755859375,236.14999389648438,237.52000427246094,1713100,0.0,0.0,-0.004526411581842638
2025-06-18,237.6999969482422,242.08999633789062,235.6699981689453,238.5,2510600,0.0,0.0,0.00412595027749707
2025-06-20,240.08999633789062,242.27999877929688,236.97999572753906,238.3699951171875,3448500,0.0,0.0,-0.0005450938482703949
2025-06-23,238.30999755859375,241.9600067138672,235.5500030517578,241.58999633789062,1719000,0.0,0.0,0.013508416691119685
2025-06-24,242.3699951171875,245.0800018310547,240.6199951171875,243.0500030517578,1943300,0.0,0.0,0.0060433243760027455
2025-06-25,243.47000122070312,244.44000244140625,240.80999755859375,241.63999938964844,1526800,0.0,0.0,-0.0058012904521919095
2025-06-26,241.3800048828125,242.75999450683594,238.66000366210938,239.3300018310547,1667000,0.0,0.0,-0.009559665471066459
2025-06-27,239.5500030517578,241.91000366210938,238.8800048828125,241.44000244140625,4576800,0.0,0.0,0.008816281261055714
2025-06-30,242.67999267578125,244.5,237.30999755859375,242.85000610351562,3236600,0.0,0.0,0.005839975347297965
2025-07-01,242.42999267578125,243.89999389648438,238.11000061035156,240.10000610351562,1932500,0.0,0.0,-0.011323862181942035
2025-07-02,239.92999267578125,242.27999877929688,238.82000732421875,239.50999450683594,1640400,0.0,0.0,-0.002457357691300177
2025-07-03,240.16000366210938,240.99000549316406,237.00999450683594,240.11000061035156,1008300,0.0,0.0,0.0025051401497924175
2025-07-07,240.63999938964844,243.19000244140625,239.83999633789062,242.52999877929688,1924500,0.0,0.0,0.010078706271266391
2025-07-08,242.52999877929688,243.1300048828125,239.50999450683594,240.55999755859375,1083300,0.0,0.0,-0.008122711543390726
2025-07-09,241.35000610351562,243.17999267578125,240.16000366210938,242.22999572753906,1369400,0.0,0.0,0.006942127477111093
2025-07-10,241.6699981689453,242.52999877929688,234.60000610351562,235.3300018310547,2471600,0.0,0.0,-0.02848529917098086
2025-07-11,235.77999877929688,236.52999877929688,233.14999389648438,233.9199981689453,1429400,0.0,0.0,-0.005991601798064128
2025-07-14,234.0,239.16000366210938,233.5,238.4600067138672,1340000,0.0,0.0,0.019408381414413922
2025-07-15,237.8000030517578,241.07000732421875,236.1999969482422,237.6999969482422,2203400,0.0,0.0,-0.0031871581993913045
2025-07-16,238.7899932861328,239.60000610351562,236.91000366210938,238.72999572753906,1660300,0.0,0.0,0.004333188020701373
2025-07-17,238.72999572753906,238.9600067138672,230.39999389648438,233.9199981689453,2106100,0.0,0.0,-0.02014827480700565
2025-07-18,233.97000122070312,234.9499969482422,227.4499969482422,231.17999267578125,3170400,0.0,0.0,-0.011713429867527325
2025-07-21,232.0800018310547,233.24000549316406,230.05999755859375,231.6300048828125,1355800,0.0,0.0,0.0019465880322193652
2025-07-22,232.1300048828125,232.85000610351562,229.10000610351562,231.07000732421875,1777000,0.0,0.0,-0.002417638245429621
2025-07-23,230.4499969482422,231.2899932861328,227.8699951171875,228.72999572753906,1331200,0.0,0.0,-0.010126851268050463
2025-07-24,228.17999267578125,229.41000366210938,225.3300018310547,225.75,1608100,0.0,0.0,-0.01302844306913209
2025-07-25,226.0,227.2100067138672,223.0399932861328,224.75,1895500,0.0,0.0,-0.0044296788482834915
2025-07-28,228.22999572753906,228.66000366210938,224.41000366210938,226.10000610351562,1421600,0.0,0.0,0.006006701239224199
2025-07-29,227.14999389648438,227.36000061035156,222.5,223.97999572753906,1857400,0.0,0.0,-0.009376427769780538
2025-07-30,224.0500030517578,225.9199981689453,223.0500030517578,223.80999755859375,1512000,0.0,0.0,-0.000758988178355513
2025-07-31,224.6199951171875,225.30999755859375,222.3000030517578,222.72999572753906,1644000,0.0,0.0,-0.004825529881755775
2025-08-01,222.82000732421875,222.82000732421875,219.07000732421875,220.5800018310547,1396300,0.0,0.0,-0.009652915807148
2025-08-04,222.83999633789062,226.38999938964844,221.6199951171875,225.99000549316406,1875300,0.0,0.0,0.024526265378549406
2025-08-05,226.17999267578125,227.99000549316406,225.41000366210938,225.9199981689453,1398000,0.0,0.0,-0.0003097806208994802
2025-08-06,226.66000366210938,227.6699981689453,224.0,227.2100067138672,1544400,0.0,0.0,0.005710023704750489
2025-08-07,227.75,228.50999450683594,222.3800048828125,226.49000549316406,2267100,0.0,0.0,-0.003168879888331033
2025-08-08,237.52000427246094,239.13999938964844,216.33999633789062,217.3699951171875,5619200,0.0,0.0,-0.04026672327601588
2025-08-11,219.36000061035156,226.57000732421875,218.39999389648438,222.6699981689453,3191100,0.0,0.0,0.024382404061335627
2025-08-12,224.44000244140625,232.77999877929688,224.1999969482422,232.55999755859375,2440000,0.0,0.0,0.044415500386112416
2025-08-13,233.2899932861328,236.24000549316406,230.6999969482422,236.13999938964844,2105700,0.0,0.0,0.015393884884061793
2025-08-14,235.3000030517578,238.38999938964844,232.1999969482422,233.16000366210938,1688700,0.0,0.0,-0.01261961436114789
2025-08-15,233.64999389648438,233.64999389648438,229.58999633789062,232.17999267578125,1376600,0.0,0.0,-0.0042031693726868324
2025-08-18,233.47000122070312,235.60000610351562,231.52000427246094,232.5500030517578,1428600,0.0,0.0,0.001593635918893499
2025-08-19,232.10000610351562,232.4499969482422,227.75,228.36000061035156,1366200,0.0,0.0,-0.01801764087904012
2025-08-20,227.3800048828125,229.4499969482422,225.5399932861328,228.6699981689453,1327300,0.0,0.0,0.0013574949980958984
2025-08-21,227.47000122070312,228.7899932861328,226.27999877929688,227.8699951171875,950500,0.0,0.0,-0.0034985046493364313
2025-08-22,228.6699981689453,230.07000732421875,226.75,229.02999877929688,1089300,0.0,0.0,0.005090638025918359
2025-08-25,228.6699981689453,232.99000549316406,228.5,231.8300018310547,1187900,0.0,0.0,0.012225486035373212
2025-08-26,231.36000061035156,233.5500030517578,230.3300018310547,230.82000732421875,2165300,0.0,0.0,-0.004356616912645994
2025-08-27,230.52000427246094,232.33999633789062,228.75,232.02999877929688,1030000,0.0,0.0,0.005242142867531108
2025-08-28,230.63999938964844,235.02999877929688,230.63999938964844,234.89999389648438,1127100,0.0,0.0,0.012369069225041773
2025-08-29,234.27999877929688,235.99000549316406,232.61000061035156,233.27000427246094,989000,0.0,0.0,-0.0069390790394900925
2025-09-02,231.16000366210938,241.0800018310547,229.3300018310547,240.9499969482422,1860300,0.0,0.0,0.03292319001636823
2025-09-03,241.0,242.3000030517578,237.02999877929688,238.86000061035156,1208700,0.0,0.0,-0.008673983666161122
2025-09-04,238.52999877929688,240.83999633789062,237.3699951171875,240.64999389648438,915400,0.0,0.0,0.007493901371342648
2025-09-05,242.0,242.69000244140625,236.94000244140625,239.67999267578125,979400,0.0,0.0,-0.004030755226698157
2025-09-08,241.77999877929688,250.4499969482422,241.39999389648438,248.77999877929688,2214500,0.0,0.0,0.03796731634511241
2025-09-09,249.27999877929688,250.0,247.27000427246094,247.86000061035156,997500,0.0,0.0,-0.003698039124766961
2025-09-10,248.5800018310547,248.5800018310547,243.4600067138672,244.0399932861328,1116400,0.0,0.0,-0.015411955599177074
2025-09-11,246.07000732421875,248.0,244.88999938964844,246.5399932861328,976800,0.0,0.0,0.01024422254047841
2025-09-12,245.97000122070312,248.3000030517578,244.02999877929688,246.25999450683594,1001700,0.0,0.0,-0.0011357134214403652
2025-09-15,246.25,250.25,245.9199981689453,247.25,1333400,0.0,0.0,0.00402016371009295
2025-09-16,247.5399932861328,250.9600067138672,246.72000122070312,247.72999572753906,1764100,0.0,0.0,0.0019413376240204894
2025-09-17,248.0,251.1999969482422,245.6999969482422,250.52000427246094,1690900,0.0,0.0,0.011262296020020157
2025-09-18,251.08999633789062,252.61000061035156,249.11000061035156,249.74000549316406,2167000,0.0,0.0,-0.0031135189445732347
2025-09-19,251.9600067138672,252.39999389648438,247.80999755859375,250.85000610351562,3620100,0.0,0.0,0.004444624753489723
2025-09-22,249.38999938964844,255.3300018310547,249.38999938964844,251.63999938964844,1609300,0.0,0.0,0.0031492655647247236
2025-09-23,251.63999938964844,254.1199951171875,250.83999633789062,251.27999877929688,1572700,0.0,0.0,-0.001430617593485728
2025-09-24,253.05999755859375,253.05999755859375,239.4600067138672,244.1199951171875,2075900,0.0,0.0,-0.028494124868243542
2025-09-25,244.08999633789062,246.1300048828125,242.6199951171875,245.11000061035156,1188900,0.0,0.0,0.004055405181737859
2025-09-26,246.32000732421875,258.1000061035156,245.49000549316406,256.1199951171875,3480600,0.0,0.0,0.0449185854490628
2025-09-29,257.57000732421875,261.4700012207031,254.5500030517578,259.9599914550781,2670900,0.0,0.0,0.014992958031775805
2025-09-30,259.70001220703125,261.1499938964844,256.1600036621094,258.3599853515625,1986500,0.0,0.0,-0.0061548167260657705
2025-10-01,256.69000244140625,258.4200134277344,253.1999969482422,255.39999389648438,1626100,0.0,0.0,-0.011456849446133566
2025-10-02,255.39999389648438,257.3299865722656,252.5500030517578,256.94000244140625,1366000,0.0,0.0,0.006029790844654714
2025-10-03,256.6700134277344,261.0899963378906,255.50999450683594,257.67999267578125,1728200,0.0,0.0,0.002880011782298242
2025-10-06,258.6499938964844,259.9599914550781,256.1000061035156,256.9800109863281,1399800,0.0,0.0,-0.0027164766739723456
2025-10-07,257.5,261.0899963378906,257.5,260.5,1383200,0.0,0.0,0.01369752067548613
2025-10-08,261.1099853515625,262.19000244140625,255.57000732421875,258.07000732421875,1332900,0.0,0.0,-0.00932818685520631
2025-10-09,259.3399963378906,259.3800048828125,255.86000061035156,256.69000244140625,923300,0.0,0.0,-0.005347405136772676
2025-10-10,256.0899963378906,258.1400146484375,250.9499969482422,251.97000122070312,1350300,0.0,0.0,-0.018387943339478352
2025-10-13,253.3000030517578,257.4200134277344,251.5,256.67999267578125,931200,0.0,0.0,0.018692667509068173
2025-10-14,256.989990234375,260.7300109863281,254.5500030517578,257.7200012207031,900000,0.0,0.0,0.004051770977863134
2025-10-15,259.4200134277344,264.7900085449219,259.3800048828125,261.5,1325300,0.0,0.0,0.014667075746518377
2025-10-16,262.7200012207031,264.3399963378906,257.5400085449219,259.2300109863281,1327000,0.0,0.0,-0.008680646323793062
2025-10-17,259.2300109863281,263.0,258.2200012207031,261.3500061035156,1001800,0.0,0.0,0.008178046627862479
2025-10-20,262.2200012207031,262.95001220703125,260.3699951171875,262.2900085449219,1340100,0.0,0.0,0.0035967186510565963
2025-10-21,261.2900085449219,262.20001220703125,258.3299865722656,260.2799987792969,916000,0.0,0.0,-0.007663310458433825
2025-10-22,261.0,261.05999755859375,254.94000244140625,255.55999755859375,1590400,0.0,0.0,-0.01813432166451412
2025-10-23,255.33999633789062,256.989990234375,254.25,254.52999877929688,1042000,0.0,0.0,-0.004030359951231133
2025-10-24,255.9499969482422,258.0299987792969,254.39999389648438,255.1199951171875,957400,0.0,0.0,0.0023179835018276584
2025-10-27,256.2900085449219,257.010009765625,252.14999389648438,254.27000427246094,1318200,0.0,0.0,-0.003331729621334212
2025-10-28,254.63999938964844,256.20001220703125,251.41000366210938,251.57000732421875,1455600,0.0,0.0,-0.010618621555333108
2025-10-29,250.1199951171875,252.75,249.24000549316406,251.72999572753906,1520300,0.0,0.0,0.0006359597673109008
2025-10-30,251.4600067138672,255.97999572753906,250.0,252.77999877929688,1264900,0.0,0.0,0.004171147934608044
2025-10-31,253.16000366210938,257.0899963378906,253.16000366210938,256.3699951171875,1411100,0.0,0.0,0.014202058530054185
2025-11-03,257.75,257.75,251.3300018310547,255.64999389648438,1513300,0.0,0.0,-0.002808445740204557
2025-11-04,256.05999755859375,256.05999755859375,250.3300018310547,252.42999267578125,1818500,0.0,0.0,-0.012595350274121064
2025-11-05,253.7100067138672,256.2699890136719,249.99000549316406,254.75999450683594,2309400,0.0,0.0,0.009230289183771223
2025-11-06,253.08999633789062,256.9200134277344,252.0399932861328,252.39999389648438,3324700,0.0,0.0,-0.009263623258118137
2025-11-07,232.02999877929688,243.55999755859375,227.25,232.0,5792500,0.0,0.0,-0.08082406652058371
2025-11-10,231.97000122070312,237.02000427246094,229.10000610351562,234.05999755859375,3222600,0.0,0.0,0.0088792998215248
2025-11-11,234.05999755859375,241.42999267578125,233.1999969482422,240.6999969482422,2072300,0.0,0.0,0.02836879201447573
2025-11-12,241.0500030517578,242.60000610351562,238.2899932861328,240.33999633789062,1317400,0.0,0.0,-0.0014956402780054168
2025-11-13,239.52000427246094,242.08999633789062,237.27000427246094,237.5500030517578,1358200,0.0,0.0,-0.011608526789733342
2025-11-14,235.9499969482422,238.27000427246094,234.00999450683594,235.02999877929688,1542800,0.0,0.0,-0.010608310840189206
2025-11-17,235.11000061035156,236.47999572753906,232.24000549316406,233.5800018310547,1456900,0.0,0.0,-0.006169412227261195
2025-11-18,233.39999389648438,239.9199981689453,231.5,239.08999633789062,1867400,0.0,0.0,0.02358932470092734
2025-11-19,238.52000427246094,244.24000549316406,236.6300048828125,240.4600067138672,2097100,0.0,0.0,0.005730103295666256
2025-11-20,242.41000366210938,243.4499969482422,234.4199981689453,235.3699951171875,1717300,0.0,0.0,-0.02116780942594121
2025-11-21,234.86000061035156,238.3699951171875,234.02000427246094,235.47000122070312,1759800,0.0,0.0,0.00042488892208125684
2025-11-24,234.89999389648438,240.3699951171875,234.88999938964844,239.07000732421875,2272200,0.0,0.0,0.015288597633893009
2025-11-25,239.6199951171875,242.4199981689453,238.80999755859375,241.83999633789062,1142000,0.0,0.0,0.01158651829510049
2025-11-26,242.5,245.5399932861328,241.86000061035156,243.6300048828125,1026800,0.0,0.0,0.007401623271698021
2025-11-28,244.77999877929688,246.49000549316406,243.74000549316406,246.07000732421875,590100,0.0,0.0,0.01001519678407381
2025-12-01,246.07000732421875,249.85000610351562,242.5,249.33999633789062,1706700,0.0,0.0,0.013288856489378498
2025-12-02,249.24000549316406,250.0,246.55999755859375,246.8300018310547,1321300,0.0,0.0,-0.010066553877038364
2025-12-03,246.25999450683594,246.5500030517578,242.97999572753906,244.9499969482422,849300,0.0,0.0,-0.0076165979373093995
2025-12-04,244.2100067138672,247.89999389648438,242.19000244140625,247.50999450683594,1013900,0.0,0.0,0.010451102635182563
2025-12-05,247.6999969482422,251.33999633789062,246.83999633789062,247.8800048828125,1362400,0.0,0.0,0.0014949310500120827
2025-12-08,248.52000427246094,248.9499969482422,245.99000549316406,247.27999877929688,1096100,0.0,0.0,-0.0024205506361809626
2025-12-09,247.0,249.5,246.22999572753906,248.72999572753906,1356600,0.0,0.0,0.005863785811226707
2025-12-10,249.2899932861328,250.17999267578125,245.36000061035156,246.02000427246094,1150000,0.0,0.0,-0.01089531420266121
2025-12-11,244.00999450683594,246.74000549316406,242.05999755859375,242.41000366210938,1478400,0.0,0.0,-0.014673605998126837
2025-12-12,242.16000366210938,243.3000030517578,240.5,241.47000122070312,1529900,0.0,0.0,-0.003877737829320327
2025-12-15,244.27999877929688,246.83999633789062,242.64999389648438,244.55999755859375,1888600,0.0,0.0,0.012796605467634725
2025-12-16,244.5,246.91000366210938,243.19000244140625,244.52999877929688,1526900,0.0,0.0,-0.00012266429341001306
2025-12-17,244.69000244140625,246.1999969482422,240.27999877929688,240.5500030517578,1563900,0.0,0.0,-0.01627610414839631
2025-12-18,242.97999572753906,246.85000610351562,241.3800048828125,246.64999389648438,1810300,0.0,0.0,0.02535851493385377
2025-12-19,246.1999969482422,250.3800048828125,244.38999938964844,247.39999389648438,3905400,0.0,0.0,0.003040746071596434
2025-12-22,247.39999389648438,249.77999877929688,247.05999755859375,248.5800018310547,1084600,0.0,0.0,0.004769636069853922
2025-12-23,248.5399932861328,249.4600067138672,247.66000366210938,249.22999572753906,648200,0.0,0.0,0.002614827788625318
2025-12-24,249.22999572753906,251.72000122070312,248.75999450683594,251.60000610351562,485800,0.0,0.0,0.009509330404063654
2025-12-26,250.74000549316406,256.2900085449219,249.83999633789062,256.0899963378906,920700,0.0,0.0,0.017845747716427773
2025-12-29,255.0,256.57000732421875,254.16000366210938,255.6999969482422,1076200,0.0,0.0,-0.0015228997431585567
2025-12-30,255.41000366210938,260.0400085449219,254.4600067138672,257.9100036621094,1073400,0.0,0.0,0.008642967306388138
2025-12-31,257.9100036621094,258.3900146484375,255.91000366210938,256.0299987792969,808000,0.0,0.0,-0.007289383335729482
2026-01-02,257.7099914550781,257.7099914550781,250.1999969482422,251.60000610351562,1317900,0.0,0.0,-0.01730263132016807
2026-01-05,252.42999267578125,258.55999755859375,251.35000610351562,257.30999755859375,1108700,0.0,0.0,0.02269471906423104
2026-01-06,257.2900085449219,257.79998779296875,253.5800018310547,254.35000610351562,922100,0.0,0.0,-0.011503600649656387
2026-01-07,253.66000366210938,257.1499938964844,251.27999877929688,256.6700134277344,1192400,0.0,0.0,0.009121318138575418
2026-01-08,256.94000244140625,257.9100036621094,250.58999633789062,252.3800048828125,1567800,0.0,0.0,-0.016714101065529174
2026-01-09,252.7100067138672,254.8000030517578,249.33999633789062,250.7100067138672,1013600,0.0,0.0,-0.006616998718740552
2026-01-12,249.0399932861328,251.2100067138672,245.74000549316406,248.9199981689453,1177100,0.0,0.0,-0.007139757077844866
2026-01-13,248.94000244140625,250.49000549316406,244.77000427246094,247.49000549316406,1158600,0.0,0.0,-0.005744788230356179
2026-01-14,246.67999267578125,246.75,241.50999450683594,245.49000549316406,1454700,0.0,0.0,-0.008081134411931812
2026-01-15,245.47999572753906,246.0,242.5500030517578,244.33999633789062,1083900,0.0,0.0,-0.004684545723004807
2026-01-16,244.97000122070312,245.02999877929688,239.0,240.13999938964844,1718300,0.0,0.0,-0.017189150410046428
2026-01-20,239.0,242.9199981689453,237.05999755859375,240.61000061035156,1350400,0.0,0.0,0.0019571967264833123
2026-01-21,240.61000061035156,241.0,236.00999450683594,238.22999572753906,1267600,0.0,0.0,-0.009891545973879645
2026-01-22,239.55999755859375,241.5500030517578,233.85000610351562,241.10000610351562,1625500,0.0,0.0,0.012047225065893619
2026-01-23,241.13999938964844,245.82000732421875,240.94000244140625,245.72999572753906,1174900,0.0,0.0,0.019203606415652885
2026-01-26,245.57000732421875,247.1999969482422,244.05999755859375,245.6300048828125,1204700,0.0,0.0,-0.00040691346789190064
2026-01-27,246.0500030517578,248.5399932861328,242.72999572753906,245.52000427246094,1173800,0.0,0.0,-0.00044783050997387885
2026-01-28,245.99000549316406,248.5500030517578,242.3300018310547,243.17999267578125,1554600,0.0,0.0,-0.009530838856140256
2026-01-29,241.0399932861328,243.7100067138672,236.1300048828125,239.27000427246094,1907100,0.0,0.0,-0.016078577683540263
2026-01-30,237.6699981689453,238.14999389648438,211.1300048828125,220.3000030517578,9097800,0.0,0.0,-0.07928282225924843
2026-02-02,225.50999450683594,229.0800018310547,220.35000610351562,221.80999755859375,4345800,0.0,0.0,0.006854264575208324
2026-02-03,220.97999572753906,221.16000366210938,206.61000061035156,212.1699981689453,5266500,0.0,0.0,-0.04346061717575156
2026-02-04,207.7100067138672,209.0500030517578,197.4499969482422,200.75999450683594,5743300,0.0,0.0,-0.053777648869204886
2026-02-05,201.77999877929688,203.77999877929688,192.1999969482422,193.24000549316406,3995400,0.0,0.0,-0.037457607189841924
2026-02-06,197.4199981689453,198.07000732421875,189.4499969482422,195.58999633789062,3100300,0.0,0.0,0.012160995538833763
2026-02-09,197.5,205.66000366210938,196.3300018310547,205.02999877929688,4129000,0.0,0.0,0.04826423957336856
2026-02-10,212.49000549316406,213.52999877929688,208.72999572753906,210.7100067138672,4145200,0.0,0.0,0.027703301801628166
2026-02-11,208.0,210.24000549316406,199.36000061035156,203.88999938964844,4207300,0.0,0.0,-0.032366793730304155
2026-02-12,203.39999389648438,204.1999969482422,189.2899932861328,190.36000061035156,5020800,0.0,0.0,-0.06635930560498005
2026-02-13,191.89999389648438,194.67999267578125,188.64999389648438,193.6699981689453,2575400,0.0,0.0,0.01738809386415685
2026-02-17,193.64999389648438,196.8300018310547,191.8800048828125,193.8699951171875,2160800,0.0,0.0,0.0010326687155113312
2026-02-18,194.72999572753906,200.08999633789062,193.88999938964844,199.1300048828125,1931000,0.0,0.0,0.02713163407491459
2026-02-19,199.02999877929688,204.60000610351562,198.75,201.3699951171875,2139600,0.0,0.0,0.011248883540645904
2026-02-20,199.1199951171875,202.94000244140625,197.1999969482422,199.72000122070312,1872600,0.0,0.0,-0.008193841865686835
2026-02-23,199.1699981689453,199.3300018310547,194.13999938964844,195.58999633789062,1962800,0.0,0.0,-0.020678974852641807
2026-02-24,194.77000427246094,204.50999450683594,192.6300048828125,204.19000244140625,1982500,0.0,0.0,0.043969560123406026
2026-02-25,204.85000610351562,207.97999572753906,202.83999633789062,207.30999755859375,2416600,0.0,0.0,0.015279862284554246
2026-02-26,207.75999450683594,214.14999389648438,207.75,213.2899932861328,2231300,0.0,0.0,0.02884566976008429
2026-02-27,210.30999755859375,213.67999267578125,209.3699951171875,211.47999572753906,2234800,0.0,0.0,-0.008486087559511524
2026-03-02,209.0,215.9600067138672,208.77999877929688,213.8800048828125,1966800,0.0,0.0,0.011348634404009905
2026-03-03,209.77999877929688,221.0800018310547,208.50999450683594,217.0500030517578,2367200,0.0,0.0,0.014821386275365889
2026-03-04,217.9199981689453,219.4499969482422,211.32000732421875,215.77000427246094,2471000,0.0,0.0,-0.00589725298917243
2026-03-05,213.08999633789062,216.1699981689453,210.82000732421875,212.52999877929688,2112200,0.0,0.0,-0.015016014408901768
2026-03-06,210.82000732421875,212.4600067138672,208.69000244140625,211.5,1587400,0.0,0.0,-0.004846368913625665
2026-03-09,208.69000244140625,214.83999633789062,208.00999450683594,214.6300048828125,1876300,0.0,0.0,0.014799077460106336
2026-03-10,214.77000427246094,216.0,207.8000030517578,209.0800018310547,1877800,0.0,0.0,-0.025858467714186095
2026-03-11,209.1300048828125,211.63999938964844,207.5,211.08999633789062,1868800,0.0,0.0,0.009613518697307644
2026-03-12,210.67999267578125,212.80999755859375,208.1699981689453,209.1999969482422,1351900,0.0,0.0,-0.008953524195543294
2026-03-13,209.3300018310547,210.35000610351562,203.89999389648438,208.5800018310547,1633800,0.0,0.0,-0.002963647830936167
2026-03-16,209.4600067138672,212.02000427246094,207.4499969482422,207.69000244140625,2129900,0.0,0.0,-0.004266944969965603
2026-03-17,209.05999755859375,213.0,206.44000244140625,206.72000122070312,1587400,0.0,0.0,-0.004670428086574807
2026-03-18,204.8000030517578,208.89999389648438,203.6199951171875,204.22000122070312,1497500,0.0,0.0,-0.012093653179359731
2026-03-19,203.39999389648438,206.3800048828125,199.5500030517578,201.75,1626000,0.0,0.0,-0.012094805630883165
2026-03-20,200.7100067138672,202.38999938964844,198.02000427246094,200.6300048828125,3698600,0.0,0.0,-0.005551400828686548
2026-03-23,201.33999633789062,203.44000244140625,199.19000244140625,200.83999633789062,1875900,0.0,0.0,0.0010466602699870098
2026-03-24,199.57000732421875,199.9199981689453,191.0,191.3699951171875,2465200,0.0,0.0,-0.0471519686983608
2026-03-25,194.05999755859375,195.88999938964844,188.22999572753906,193.0500030517578,1931200,0.0,0.0,0.008778847141327262
2026-03-26,190.5,197.1699981689453,190.35000610351562,194.72000122070312,1677400,0.0,0.0,0.008650599028986239
2026-03-27,193.0,194.0,187.6300048828125,189.69000244140625,1867400,0.0,0.0,-0.025831957414563123
2026-03-30,192.7899932861328,195.6199951171875,191.22999572753906,193.0800018310547,2086700,0.0,0.0,0.017871260193038196
2026-03-31,194.24000549316406,198.50999450683594,193.3800048828125,197.5,2085100,0.0,0.0,0.02289205576459863
2026-04-01,198.0,199.47999572753906,196.5500030517578,198.1999969482422,1348600,0.0,0.0,0.003544288345530111
2026-04-02,195.11000061035156,202.1300048828125,193.89999389648438,199.8699951171875,1473500,0.0,0.0,0.008425823383748199
2026-04-06,199.8000030517578,199.9199981689453,193.7899932861328,196.69000244140625,1405700,0.0,0.0,-0.015910305465894226
2026-04-07,195.83999633789062,198.6300048828125,193.94000244140625,198.3300018310547,1247500,0.0,0.0,0.00833799059073681
2026-04-08,202.82000732421875,205.11000061035156,201.1300048828125,202.1300048828125,1646600,0.0,0.0,0.01916000109249638
2026-04-09,201.00999450683594,201.2100067138672,197.58999633789062,198.0500030517578,1493800,0.0,0.0,-0.02018503800769278
2026-04-10,197.39999389648438,199.2100067138672,194.50999450683594,197.07000732421875,1532900,0.0,0.0,-0.004948223743692415
2026-04-13,197.47999572753906,202.19000244140625,196.00999450683594,201.36000061035156,2078800,0.0,0.0,0.021768879721382195
2026-04-14,202.52000427246094,207.83999633789062,202.25999450683594,205.10000610351562,1731000,0.0,0.0,0.01857372607184926
2026-04-15,207.66000366210938,215.3699951171875,206.5800018310547,214.14999389648438,1951700,0.0,0.0,0.04412475633180213
2026-04-16,216.72999572753906,217.0500030517578,212.75,213.92999267578125,1384000,0.0,0.0,-0.0010273230304618242
2026-04-17,217.9199981689453,218.6999969482422,211.72000122070312,212.0399932861328,1792400,0.0,0.0,-0.008834662994229192
2026-04-20,212.13999938964844,216.9499969482422,210.77999877929688,216.85000610351562,1384300,0.0,0.0,0.022684460336178436
2026-04-21,218.0,219.8699951171875,215.72999572753906,217.64999389648438,1165800,0.0,0.0,0.0036891296769752113
2026-04-22,219.08999633789062,221.22000122070312,216.67999267578125,218.19000244140625,1246500,0.0,0.0,0.002481086882909489
2026-04-23,215.00999450683594,215.00999450683594,206.4499969482422,209.89999389648438,1587900,0.0,0.0,-0.03799444728063617
2026-04-24,210.99000549316406,211.0,207.8000030517578,210.75,1101500,0.0,0.0,0.004049576599486793
2026-04-27,209.22999572753906,216.35000610351562,208.75,213.77000427246094,1532900,0.0,0.0,0.014329794887121938
2026-04-28,213.0500030517578,215.7899932861328,211.25999450683594,213.00999450683594,929000,0.0,0.0,-0.003555268514923715
2026-04-29,212.58999633789062,215.9199981689453,209.50999450683594,215.33999633789062,1028000,0.0,0.0,0.010938462471909549
2026-04-30,213.47999572753906,215.5,211.3300018310547,213.75999450683594,1430800,0.0,0.0,-0.007337242769222985
2026-05-01,215.4600067138672,217.36000061035156,211.5800018310547,216.02999877929688,1042200,0.0,0.0,0.010619406487626604
2026-05-04,219.35000610351562,227.02000427246094,218.2100067138672,225.17999267578125,2046300,0.0,0.0,0.042355200426734685
2026-05-05,226.0,226.44000244140625,221.94000244140625,223.11000061035156,1310300,0.0,0.0,-0.0091926109457251
2026-05-06,221.0,225.13999938964844,218.6999969482422,222.0,1850700,0.0,0.0,-0.0049751271001523545
2026-05-07,225.05999755859375,227.02000427246094,222.16000366210938,223.5,1901200,0.0,0.0,0.006756756756756799
2026-05-08,222.63999938964844,222.97999572753906,219.7100067138672,220.4499969482422,1756100,0.0,0.0,-0.013646546092876077
2026-05-11,221.41000366210938,224.92999267578125,219.0399932861328,221.47000122070312,2061000,0.0,0.0,0.004626918968388072
2026-05-12,224.36000061035156,228.7899932861328,221.6999969482422,225.99000549316406,1785600,0.0,0.0,0.020409103930769223
2026-05-13,224.92999267578125,228.9499969482422,221.72999572753906,226.99000549316406,1660500,0.0,0.0,0.004424974448838048
2026-05-14,239.5,246.25,236.5,242.41000366210938,3667000,0.0,0.0,0.06793249832935788
2026-05-15,243.77000427246094,246.24000549316406,240.2899932861328,242.44000244140625,1959500,0.0,0.0,0.0001237522331738461
2026-05-18,233.35000610351562,244.1300048828125,231.9600067138672,242.16000366210938,2339700,0.0,0.0,-0.0011549198831762864
2026-05-19,240.39999389648438,242.16000366210938,235.89999389648438,238.13999938964844,1784800,0.0,0.0,-0.016600612040253093
2026-05-20,236.10000610351562,237.32000732421875,233.1300048828125,236.6199951171875,1859200,0.0,0.0,-0.00638281799091589
2026-05-21,236.3000030517578,241.91000366210938,236.10000610351562,238.0800018310547,4202700,0.0,0.0,0.006170259251100596
2026-05-22,243.75,247.0,220.55999755859375,227.5500030517578,7045300,0.0,0.0,-0.04422882517771953
2026-05-26,225.1300048828125,230.63999938964844,220.49000549316406,220.6699981689453,3239500,0.0,0.0,-0.030235134214643744
2026-05-27,217.97000122070312,224.11000061035156,216.39999389648438,218.4600067138672,2976800,0.0,0.0,-0.01001491581735614
2026-05-28,219.6699981689453,221.47999572753906,216.30999755859375,217.8699951171875,2730600,0.0,0.0,-0.0027007762452945228
2026-05-29,218.25999450683594,227.77999877929688,217.85000610351562,224.16000366210938,6487100,0.0,0.0,0.028870467186354
2026-06-01,227.99000549316406,231.02000427246094,223.8800048828125,226.97999572753906,2625800,0.0,0.0,0.012580264183437606
2026-06-02,222.25999450683594,224.0,217.36000061035156,222.3800048828125,2682900,0.0,0.0,-0.020266062786644334
2026-06-03,220.0,220.7899932861328,214.2899932861328,215.8000030517578,2188500,0.0,0.0,-0.02958899940002313
2026-06-04,217.00999450683594,220.75,216.35000610351562,216.64999389648438,1942200,0.0,0.0,0.003938789771577023
2026-06-05,217.3300018310547,220.2899932861328,212.77999877929688,214.38999938964844,1989800,0.0,0.0,-0.010431546598223096
2026-06-08,214.0,214.36000061035156,208.5,212.5500030517578,2481100,0.0,0.0,-0.00858247279784019
2026-06-09,210.69000244140625,213.32000732421875,207.91000366210938,212.0500030517578,1770000,0.0,0.0,-0.002352387639713349
2026-06-10,209.9600067138672,214.1699981689453,208.82000732421875,210.4600067138672,1999800,0.0,0.0,-0.007498214171223205
2026-06-11,207.24000549316406,213.77000427246094,206.0,212.0800018310547,1865400,0.0,0.0,0.007697401242555246
2026-06-12,211.25999450683594,213.25999450683594,209.0,211.75,1495200,0.0,0.0,-0.001556025217868351
2026-06-15,213.00999450683594,217.3699951171875,211.75,216.22999572753906,1632500,0.0,0.0,0.021157004616477293
2026-06-16,217.0,230.5,214.02999877929688,229.97000122070312,3489400,0.0,0.0,0.06354347576493113
2026-06-17,227.8300018310547,234.72000122070312,226.4499969482422,228.02999877929688,2674900,0.0,0.0,-0.008435893512669157
2026-06-18,239.13999938964844,242.14999389648438,233.22999572753906,239.27999877929688,7241500,0.0,0.0,0.04933561399914099
2026-06-22,244.61000061035156,251.24000549316406,237.1999969482422,239.57000732421875,4373100,0.0,0.0,0.0012120049582136083
2026-06-23,240.47999572753906,247.4199981689453,240.10000610351562,242.63999938964844,3151200,0.0,0.0,0.012814592693462412
2026-06-24,247.05999755859375,249.2899932861328,234.0,235.77000427246094,4145000,0.0,0.0,-0.028313530887193794
2026-06-25,237.02000427246094,240.83999633789062,230.6699981689453,238.72000122070312,2851200,0.0,0.0,0.012512180916929072
2026-06-26,240.83999633789062,241.10000610351562,233.39999389648438,238.52999877929688,6491700,0.0,0.0,-0.0007959217511506189
2026-06-29,243.24000549316406,250.47000122070312,242.4499969482422,247.14999389648438,3795100,0.0,0.0,0.03613799170461274
2026-06-30,244.5,252.9499969482422,243.22000122070312,249.97999572753906,3116300,0.0,0.0,0.01145054380312871
2026-07-01,252.52999877929688,253.1999969482422,248.13999938964844,250.32000732421875,2305200,0.0,0.0,0.0013601552223814206
2026-07-02,250.32000732421875,255.27000427246094,249.13999938964844,254.99000549316406,2033700,0.0,0.0,0.01865611230546449
2026-07-06,252.99000549316406,258.510009765625,252.63999938964844,258.4100036621094,1898400,0.0,0.0,0.013412283208241282
2026-07-07,263.0799865722656,265.94000244140625,256.8599853515625,257.7900085449219,2058900,0.0,0.0,-0.0023992690236489533
2026-07-08,256.94000244140625,259.989990234375,250.9199981689453,251.3800048828125,1543900,0.0,0.0,-0.024865213738461844
2026-07-09,251.64999389648438,253.86000061035156,244.3000030517578,246.10000610351562,2375700,0.0,0.0,-0.021004052338046142
2026-07-10,247.3699951171875,249.0,242.25,243.1999969482422,2249100,0.0,0.0,-0.011783864621497053
2026-07-13,242.97999572753906,246.6999969482422,242.97999572753906,244.10000610351562,1252300,0.0,0.0,0.0037006955862133317
2026-07-14,237.19000244140625,241.86000061035156,236.24000549316406,237.0399932861328,1461500,0.0,0.0,-0.028922624501651506
2026-07-15,237.49000549316406,246.19000244140625,237.25,243.8000030517578,1630200,0.0,0.0,0.02851843552604616
2026-07-16,243.0,243.5,238.0,239.57000732421875,1558400,0.0,0.0,-0.017350269378959116
2026-07-17,235.63999938964844,239.25,232.5,236.67999267578125,2361000,0.0,0.0,-0.012063340819313595
2026-07-20,236.8000030517578,241.7899932861328,236.75,238.97999572753906,1352100,0.0,0.0,0.009717775574332066
2026-07-21,237.8300018310547,239.3800048828125,235.3000030517578,235.92999267578125,1195700,0.0,0.0,-0.012762587272095893
2026-07-22,236.24000549316406,236.5,232.57000732421875,233.5800018310547,1273800,0.0,0.0,-0.009960543032593416
2026-07-23,231.8699951171875,233.17999267578125,228.5,230.25,1486000,0.0,0.0,-0.014256365292193318
2026-07-24,231.69000244140625,234.16000366210938,229.55999755859375,231.64999389648438,1343400,0.0,0.0,0.00608032094021449
2026-07-27,237.92999267578125,244.50999450683594,235.6199951171875,243.9499969482422,2027500,0.0,0.0,0.05309735970575602
2026-07-28,245.22000122070312,248.6999969482422,241.4199981689453,247.6199951171875,1943100,0.0,0.0,0.015044059089387662
2026-07-29,248.1699981689453,250.92999267578125,246.05999755859375,246.42999267578125,2480600,0.0,0.0,-0.004805760701364514
2026-07-30,242.02000427246094,247.66000366210938,242.02000427246094,247.42999267578125,2309500,0.0,0.0,0.004057947610766943
2026-07-31,246.3699951171875,247.0800018310547,237.9600067138672,242.9199981689453,1931000,0.0,0.0,-0.018227355778753895
2026-08-03,246.0500030517578,248.4600067138672,243.75999450683594,245.14999389648438,1630000,0.0,0.0,0.009179959428404771
2026-08-04,244.19000244140625,246.25,239.50999450683594,240.22000122070312,2096600,0.0,0.0,-0.02011010727523399
2026-08-05,242.75999450683594,243.50999450683594,232.33999633789062,234.91000366210938,2109200,0.0,0.0,-0.02210472704858235
2026-08-06,240.66000366210938,242.97000122070312,228.1999969482422,232.47000122070312,3985700,0.0,0.0,-0.010386966937840247
2026-08-07,233.5,247.5399932861328,231.07000732421875,246.5,3987100,0.0,0.0,0.06035186779208135
2026-08-10,247.5500030517578,256.6199951171875,247.33999633789062,253.57000732421875,3776700,0.0,0.0,0.028681571295005037
2026-08-11,253.3699951171875,254.9499969482422,247.8300018310547,250.5,2447600,0.0,0.0,-0.012107138997292322
2026-08-12,248.3800048828125,248.9600067138672,242.2100067138672,243.0,1842200,0.0,0.0,-0.029940119760479056
2026-08-13,243.77000427246094,245.42999267578125,239.52000427246094,241.91000366210938,1667600,0.0,0.0,-0.004485581637409974
2026-08-14,242.33999633789062,248.97999572753906,242.33999633789062,246.9499969482422,1118400,0.0,0.0,0.020834166466189075
