Date,Open,High,Low,Close,Volume,Dividends,Stock Splits,Return
2000-01-03,51.0,54.349998474121094,51.0,52.0,31864,0.0,0.0,
2000-01-04,53.75,53.75,48.0,49.25,35332,0.0,0.0,-0.05288461538461542
2000-01-05,48.75,48.75,45.29999923706055,46.82500076293945,22688,0.0,0.0,-0.049238563189046625
2000-01-06,46.32500076293945,47.875,46.32500076293945,47.875,13656,0.0,0.0,0.0224239021879864
2000-01-07,48.75,49.20000076293945,47.150001525878906,47.150001525878906,18296,0.0,0.0,-0.015143571261015065
2000-01-10,50.0,50.875,48.0,50.849998474121094,21072,0.0,0.0,0.07847289137862257
2000-01-11,50.849998474121094,50.849998474121094,49.25,50.5,8912,0.0,0.0,-0.006882959382962794
2000-01-12,49.54999923706055,50.625,49.29999923706055,50.5,8692,0.0,0.0,0.0
2000-01-13,51.20000076293945,54.5,51.20000076293945,53.75,245780,0.0,0.0,0.06435643564356441
2000-01-14,56.32500076293945,59.125,56.25,57.75,132140,0.0,0.0,0.07441860465116279
2000-01-17,13.225000381469727,13.225000381469727,12.149999618530273,12.625,1144536,0.0,0.0,-0.7813852813852814
2000-01-18,13.0,13.050000190734863,11.375,12.024999618530273,1038908,0.0,0.0,-0.0475247826906714
2000-01-19,11.625,12.25,11.625,11.899999618530273,300196,0.0,0.0,-0.010395010724771891
2000-01-20,12.005000114440918,12.75,11.97249984741211,12.75,360336,0.0,0.0,0.07142860577458632
2000-01-21,12.824999809265137,12.824999809265137,12.262499809265137,12.5,175464,0.0,0.0,-0.019607843137254943
2000-01-24,12.5,12.5625,12.125,12.125,279192,0.0,0.0,-0.030000000000000027
2000-01-25,12.125,12.25,11.7524995803833,12.0024995803833,349584,0.0,0.0,-0.010103127391068
2000-01-26,12.25,12.350000381469727,11.952500343322754,12.25,197920,0.0,0.0,0.02062073970168754
2000-01-27,12.25,12.25,11.949999809265137,11.949999809265137,177696,0.0,0.0,-0.02448981148856022
2000-01-28,12.0,12.324999809265137,11.875,12.25,232740,0.0,0.0,0.025104618872233475
2000-01-31,12.324999809265137,12.324999809265137,11.899999618530273,11.987500190734863,99636,0.0,0.0,-0.02142855585837855
2000-02-01,12.5,12.75,12.125,12.399999618530273,263812,0.0,0.0,0.034410796348869344
2000-02-02,12.824999809265137,12.875,12.5,12.75,298180,0.0,0.0,0.028225838083631327
2000-02-03,12.75,12.975000381469727,12.699999809265137,12.850000381469727,147792,0.0,0.0,0.007843167174096166
2000-02-04,13.0,13.5,12.850000381469727,13.487500190734863,217272,0.0,0.0,0.049610878625687915
2000-02-07,13.5,14.5,13.487500190734863,13.8125,385540,0.0,0.0,0.024096371059805
2000-02-08,15.0,16.450000762939453,14.75,16.25,1010320,0.0,0.0,0.17647058823529416
2000-02-09,19.274999618530273,19.4375,17.0,17.5,1370024,0.0,0.0,0.07692307692307687
2000-02-10,18.5,18.75,16.5,18.75,779232,0.0,0.0,0.0714285714285714
2000-02-11,20.625,21.649999618530273,18.625,19.225000381469727,1384204,0.0,0.0,0.025333353678385517
2000-02-14,20.125,21.475000381469727,19.649999618530273,21.475000381469727,974048,0.0,0.0,0.11703510821090513
2000-02-15,23.5,24.75,21.350000381469727,21.75,1065912,0.0,0.0,0.012805569901994662
2000-02-16,23.625,23.625,19.75,20.575000762939453,1151660,0.0,0.0,-0.054022953428071174
2000-02-17,20.962499618530273,20.962499618530273,19.75,20.325000762939453,484784,0.0,0.0,-0.012150667836198115
2000-02-18,20.549999237060547,20.700000762939453,19.25,19.5,253972,0.0,0.0,-0.040590441917412234
2000-02-21,17.799999237060547,18.625,17.799999237060547,18.25,398324,0.0,0.0,-0.0641025641025641
2000-02-22,17.75,19.200000762939453,17.274999618530273,17.75,601420,0.0,0.0,-0.0273972602739726
2000-02-23,19.0,19.274999618530273,18.524999618530273,19.274999618530273,585532,0.0,0.0,0.08591547146649425
2000-02-24,21.0,22.125,20.5,21.3125,955384,0.0,0.0,0.10570689607230643
2000-02-25,23.0,23.125,22.25,23.0,856488,0.0,0.0,0.07917888563049846
2000-02-28,23.325000762939453,23.75,22.0,22.537500381469727,417756,0.0,0.0,-0.020108679066533575
2000-02-29,23.125,23.25,22.049999237060547,22.450000762939453,335672,0.0,0.0,-0.0038824012001887898
2000-03-01,23.25,23.25,21.274999618530273,22.112499237060547,532228,0.0,0.0,-0.015033475029366361
2000-03-02,22.100000381469727,22.325000762939453,20.0,21.5,800956,0.0,0.0,-0.027699231574601857
2000-03-03,21.25,23.125,20.25,21.625,1280808,0.0,0.0,0.005813953488372103
2000-03-06,23.0,23.0,22.174999237060547,22.5,796968,0.0,0.0,0.040462427745664664
2000-03-07,22.625,22.625,21.75,22.100000381469727,482272,0.0,0.0,-0.017777760823567745
2000-03-08,21.1875,21.975000381469727,20.75,21.700000762939453,453536,0.0,0.0,-0.018099529937821268
2000-03-09,22.450000762939453,22.450000762939453,21.25,21.537500381469727,305688,0.0,0.0,-0.007488496578638593
2000-03-10,21.75,22.0,20.674999237060547,21.5,539876,0.0,0.0,-0.0017411668394904378
2000-03-13,20.774999618530273,21.0,19.387500762939453,20.375,565236,0.0,0.0,-0.05232558139534882
2000-03-14,19.399999618530273,20.475000381469727,19.399999618530273,19.899999618530273,367688,0.0,0.0,-0.023312902158023396
2000-03-15,19.274999618530273,19.850000381469727,18.75,19.049999237060547,546096,0.0,0.0,-0.04271358782731993
2000-03-16,18.75,19.375,18.5,18.875,345784,0.0,0.0,-0.009186312024627163
2000-03-17,19.75,20.450000762939453,18.899999618530273,19.5,262060,0.0,0.0,0.0331125827814569
2000-03-20,19.75,20.0,19.337499618530273,19.875,339060,0.0,0.0,0.019230769230769162
2000-03-21,18.950000762939453,19.25,18.25,19.212499618530273,324924,0.0,0.0,-0.033333352526778715
2000-03-22,19.0625,19.5,18.024999618530273,18.75,269484,0.0,0.0,-0.024072849848449596
2000-03-23,18.399999618530273,18.5,16.037500381469727,16.75,591740,0.0,0.0,-0.10666666666666669
2000-03-24,16.25,16.475000381469727,15.0,15.324999809265137,1210392,0.0,0.0,-0.08507463825282768
2000-03-27,16.725000381469727,17.975000381469727,16.262500762939453,17.762500762939453,550740,0.0,0.0,0.15905389781477575
2000-03-28,18.549999237060547,18.962499618530273,18.125,18.450000762939453,697972,0.0,0.0,0.038705135564831794
2000-03-29,17.75,18.225000381469727,17.0,17.100000381469727,560372,0.0,0.0,-0.07317074935744583
2000-03-30,16.0,16.25,15.5,15.699999809265137,702880,0.0,0.0,-0.08187137666509581
2000-03-31,14.5,16.674999237060547,14.125,15.574999809265137,826480,0.0,0.0,-0.007961783536215905
2000-04-03,16.25,16.5,14.125,14.375,369252,0.0,0.0,-0.07704653765397096
2000-04-04,13.324999809265137,14.225000381469727,12.9375,13.112500190734863,570628,0.0,0.0,-0.08782607368800954
2000-04-05,12.550000190734863,13.1875,11.25,12.699999809265137,770960,0.0,0.0,-0.03145856056964591
2000-04-06,13.274999618530273,15.375,13.0,15.199999809265137,597100,0.0,0.0,0.19685039665718373
2000-04-07,16.25,16.537500381469727,14.125,15.425000190734863,621440,0.0,0.0,0.014802656861388819
2000-04-10,15.824999809265137,16.212499618530273,14.850000381469727,15.162500381469727,300060,0.0,0.0,-0.017017815625234745
2000-04-11,13.274999618530273,14.274999618530273,13.274999618530273,14.0,606752,0.0,0.0,-0.07666943790421477
2000-04-12,14.25,14.75,13.75,13.912500381469727,205836,0.0,0.0,-0.006249972752162436
2000-04-13,13.262499809265137,14.0,13.262499809265137,14.0,265768,0.0,0.0,0.006289280584445889
2000-04-14,13.925000190734863,13.987500190734863,13.0,13.149999618530273,175488,0.0,0.0,-0.060714312962123373
2000-04-17,11.25,13.0,11.25,12.0,728164,0.0,0.0,-0.08745244501070215
2000-04-18,13.5,13.625,12.0,12.25,398580,0.0,0.0,0.02083333333333326
2000-04-19,12.524999618530273,12.862500190734863,11.837499618530273,12.172499656677246,347384,0.0,0.0,-0.006326558638592106
2000-04-20,12.475000381469727,13.337499618530273,12.25,13.199999809265137,338148,0.0,0.0,0.08441159840364043
2000-04-21,13.199999809265137,13.199999809265137,13.199999809265137,13.199999809265137,0,0.0,0.0,0.0
2000-04-24,13.199999809265137,13.199999809265137,13.199999809265137,13.199999809265137,0,0.0,0.0,0.0
2000-04-25,13.0,13.199999809265137,12.5625,13.0,257132,0.0,0.0,-0.015151500920837613
2000-04-26,13.25,13.75,13.125,13.574999809265137,267072,0.0,0.0,0.04423075455885672
2000-04-27,13.475000381469727,13.487500190734863,12.225000381469727,12.550000190734863,611716,0.0,0.0,-0.0755064186321901
2000-04-28,13.0,13.25,12.6875,12.737500190734863,257400,0.0,0.0,0.014940238816762985
2000-05-01,12.737500190734863,12.737500190734863,12.737500190734863,12.737500190734863,0,0.0,0.0,0.0
2000-05-02,12.762499809265137,13.25,12.762499809265137,12.899999618530273,272872,0.0,0.0,0.012757560381715383
2000-05-03,12.774999618530273,14.0,12.774999618530273,13.737500190734863,889644,0.0,0.0,0.06492252689694333
2000-05-04,13.75,14.375,13.6875,13.912500381469727,251088,0.0,0.0,0.012738867210563498
2000-05-05,14.024999618530273,14.050000190734863,13.512499809265137,14.0,130884,0.0,0.0,0.006289280584445889
2000-05-08,14.0,14.0,13.5,13.625,148716,0.0,0.0,-0.0267857142857143
2000-05-09,13.5,13.925000190734863,13.149999618530273,13.5625,172300,0.0,0.0,-0.004587155963302725
2000-05-10,13.524999618530273,13.75,12.949999809265137,12.975000381469727,219444,0.0,0.0,-0.04331794422343027
2000-05-11,12.875,12.962499618530273,12.574999809265137,12.8125,275612,0.0,0.0,-0.012524113810570836
2000-05-12,13.25,13.475000381469727,13.112500190734863,13.300000190734863,489784,0.0,0.0,0.0380487953744284
2000-05-15,13.300000190734863,13.300000190734863,13.0,13.0,157752,0.0,0.0,-0.022556404994930057
2000-05-16,13.0,13.3125,12.987500190734863,13.175000190734863,151640,0.0,0.0,0.013461553133450987
2000-05-17,13.375,13.375,12.75,12.774999618530273,102316,0.0,0.0,-0.03036057430085537
2000-05-18,12.9375,12.9375,12.662500381469727,12.875,62452,0.0,0.0,0.007827818744094106
2000-05-19,12.875,12.875,12.154999732971191,12.154999732971191,173012,0.0,0.0,-0.055922350837188994
2000-05-22,12.0,12.2475004196167,10.4975004196167,10.75,290428,0.0,0.0,-0.11559027263160215
2000-05-23,11.050000190734863,11.2475004196167,10.574999809265137,10.829999923706055,156784,0.0,0.0,0.00744185336800518
2000-05-24,9.524999618530273,10.265000343322754,9.524999618530273,9.75,403580,0.0,0.0,-0.09972298534758217
2000-05-25,10.75,10.862500190734863,10.3125,10.75,250044,0.0,0.0,0.10256410256410264
2000-05-26,10.350000381469727,10.862500190734863,10.262499809265137,10.574999809265137,85660,0.0,0.0,-0.016279087510219892
2000-05-29,10.875,11.487500190734863,10.800000190734863,11.375,157216,0.0,0.0,0.07565013760415895
2000-05-30,11.5,11.699999809265137,11.25,11.587499618530273,193048,0.0,0.0,0.018681285145518478
2000-05-31,11.802499771118164,12.100000381469727,11.25,11.40250015258789,173784,0.0,0.0,-0.01596543447963006
2000-06-01,11.25,11.454999923706055,11.050000190734863,11.300000190734863,167864,0.0,0.0,-0.008989253276156628
2000-06-02,11.4399995803833,11.957500457763672,11.0,11.725000381469727,560244,0.0,0.0,0.03761063571338097
2000-06-05,12.0,12.0,11.399999618530273,11.732500076293945,133544,0.0,0.0,0.0006396328000186635
2000-06-06,11.625,11.75,11.512499809265137,11.725000381469727,124304,0.0,0.0,-0.0006392239314254589
2000-06-07,11.5,11.5,11.25,11.475000381469727,78592,0.0,0.0,-0.02132196092676486
2000-06-08,11.725000381469727,11.725000381469727,11.25,11.487500190734863,140620,0.0,0.0,0.0010893079607492417
2000-06-09,11.302499771118164,11.609999656677246,11.300000190734863,11.5,58652,0.0,0.0,0.0010881226600734095
2000-06-12,11.5,11.5,11.5,11.5,0,0.0,0.0,0.0
2000-06-13,11.600000381469727,11.600000381469727,11.225000381469727,11.375,61300,0.0,0.0,-0.010869565217391353
2000-06-14,11.574999809265137,11.625,11.430000305175781,11.5,62896,0.0,0.0,0.01098901098901095
2000-06-15,11.72249984741211,11.737500190734863,11.5,11.524999618530273,87072,0.0,0.0,0.002173879872197748
2000-06-16,11.5,11.600000381469727,11.037500381469727,11.172499656677246,86080,0.0,0.0,-0.030585680999612896
2000-06-19,11.0,11.15999984741211,10.524999618530273,10.742500305175781,113276,0.0,0.0,-0.03848730048915017
2000-06-20,10.75,10.975000381469727,10.2524995803833,10.5,159800,0.0,0.0,-0.022573916526578364
2000-06-21,10.25,10.475000381469727,10.162500381469727,10.25,95320,0.0,0.0,-0.023809523809523836
2000-06-22,10.2475004196167,10.375,9.875,9.9975004196167,109792,0.0,0.0,-0.02463410540324884
2000-06-23,9.75,9.8725004196167,9.532500267028809,9.675000190734863,308408,0.0,0.0,-0.03225808605609448
2000-06-26,10.024999618530273,10.742500305175781,9.907500267028809,10.725000381469727,254056,0.0,0.0,0.10852714935761787
2000-06-27,10.75,10.850000381469727,10.40999984741211,10.537500381469727,213556,0.0,0.0,-0.017482516860694575
2000-06-28,10.645000457763672,10.75,9.75,10.75,194868,0.0,0.0,0.020166036615662186
2000-06-29,10.7475004196167,10.7475004196167,10.274999618530273,10.6225004196167,91612,0.0,0.0,-0.01186042608216753
2000-06-30,10.5,10.5,9.875,10.024999618530273,460892,0.0,0.0,-0.0562486022578087
2000-07-03,10.25,10.25,9.875,9.875,103028,0.0,0.0,-0.01496255603371921
2000-07-04,9.925000190734863,10.125,9.899999618530273,9.912500381469727,49668,0.0,0.0,0.0037975069842761666
2000-07-05,9.975000381469727,10.1225004196167,9.90999984741211,9.949999809265137,55152,0.0,0.0,0.0037830442726147773
2000-07-06,9.90250015258789,10.0,9.827500343322754,9.850000381469727,27788,0.0,0.0,-0.01005019394093798
2000-07-07,9.949999809265137,9.987500190734863,9.84000015258789,9.975000381469727,56424,0.0,0.0,0.012690354838478468
2000-07-10,10.0,10.0,9.8125,9.9350004196167,56312,0.0,0.0,-0.004010021085045223
2000-07-11,9.824999809265137,9.975000381469727,9.824999809265137,9.949999809265137,38564,0.0,0.0,0.0015097522913860573
2000-07-12,9.922499656677246,10.0,9.837499618530273,9.9975004196167,85396,0.0,0.0,0.004773930780112234
2000-07-13,9.887499809265137,10.0,9.5,9.75,86308,0.0,0.0,-0.024756229980352207
2000-07-14,9.75,9.75,9.75,9.75,0,0.0,0.0,0.0
2000-07-17,9.850000381469727,9.850000381469727,9.550000190734863,9.75,96060,0.0,0.0,0.0
2000-07-18,9.649999618530273,9.75,9.25,9.487500190734863,173308,0.0,0.0,-0.026923057360526803
2000-07-19,9.25,9.425000190734863,9.050000190734863,9.074999809265137,314492,0.0,0.0,-0.04347830020309873
2000-07-20,9.0,9.225000381469727,8.852499961853027,9.125,312616,0.0,0.0,0.005509663006693977
2000-07-21,9.1225004196167,9.1225004196167,8.75,8.837499618530273,253128,0.0,0.0,-0.03150689111997007
2000-07-24,8.837499618530273,8.837499618530273,8.680000305175781,8.75,248676,0.0,0.0,-0.00990094736149194
2000-07-25,8.850000381469727,9.050000190734863,8.850000381469727,8.8774995803833,120236,0.0,0.0,0.01457138061523433
2000-07-26,9.0,9.2475004196167,8.899999618530273,9.117500305175781,150136,0.0,0.0,0.02703472105172633
2000-07-27,9.125,9.199999809265137,9.050000190734863,9.100000381469727,71628,0.0,0.0,-0.0019193773644428092
2000-07-28,9.100000381469727,9.4350004196167,9.0,9.257499694824219,195260,0.0,0.0,0.017307616126611025
2000-07-31,9.295000076293945,9.350000381469727,9.175000190734863,9.25,66368,0.0,0.0,-0.0008101209907046547
2000-08-01,9.300000190734863,9.5,9.300000190734863,9.487500190734863,101400,0.0,0.0,0.0256756962956608
2000-08-02,9.5,9.600000381469727,9.404999732971191,9.5,100888,0.0,0.0,0.0013175029263603477
2000-08-03,9.4975004196167,9.4975004196167,9.274999618530273,9.274999618530273,42604,0.0,0.0,-0.023684250681023866
2000-08-04,9.375,9.742500305175781,9.25,9.3774995803833,83028,0.0,0.0,0.011051209279647312
2000-08-07,9.452500343322754,9.625,9.449999809265137,9.5,40828,0.0,0.0,0.013063228482884437
2000-08-08,9.5,9.600000381469727,9.2524995803833,9.449999809265137,35460,0.0,0.0,-0.00526317797209086
2000-08-09,9.3774995803833,9.4975004196167,9.125,9.237500190734863,81968,0.0,0.0,-0.02248673257346845
2000-08-10,9.25,9.862500190734863,9.25,9.862500190734863,247356,0.0,0.0,0.06765899724980473
2000-08-11,9.75,9.9375,9.52750015258789,9.9350004196167,172876,0.0,0.0,0.007351100378172326
2000-08-14,9.949999809265137,9.987500190734863,9.875,9.979999542236328,35080,0.0,0.0,0.00452935286552969
2000-08-15,9.987500190734863,9.987500190734863,9.9350004196167,9.987500190734863,29968,0.0,0.0,0.0007515680202980768
2000-08-16,9.994999885559082,10.067500114440918,9.954999923706055,10.0,125312,0.0,0.0,0.0012515453343102667
2000-08-17,10.037500381469727,10.300000190734863,9.987500190734863,10.300000190734863,130736,0.0,0.0,0.030000019073486373
2000-08-18,10.375,10.574999809265137,10.3125,10.457500457763672,136648,0.0,0.0,0.015291287777886131
2000-08-21,10.5,11.0,10.1274995803833,11.0,239364,0.0,0.0,0.05187659751270446
2000-08-22,11.220000267028809,11.949999809265137,11.199999809265137,11.78499984741211,875324,0.0,0.0,0.07136362249201
2000-08-23,11.75,12.375,11.352499961853027,12.25,480132,0.0,0.0,0.03945695024255769
2000-08-24,12.25,13.0,12.225000381469727,12.8125,515676,0.0,0.0,0.04591836734693877
2000-08-25,14.087499618530273,14.087499618530273,13.337499618530273,14.0,999316,0.0,0.0,0.09268292682926838
2000-08-28,13.875,14.274999618530273,13.612500190734863,14.274999618530273,446532,0.0,0.0,0.01964282989501953
2000-08-29,14.262499809265137,15.375,14.25,15.375,771596,0.0,0.0,0.07705782212714207
2000-08-30,15.800000190734863,16.100000381469727,14.625,15.024999618530273,633316,0.0,0.0,-0.022764252453315592
2000-08-31,15.0,15.225000381469727,14.375,14.625,349480,0.0,0.0,-0.026622271459957658
2000-09-01,14.75,14.75,14.375,14.449999809265137,215804,0.0,0.0,-0.011965825007511977
2000-09-04,14.5,14.800000190734863,14.5,14.75,197764,0.0,0.0,0.020761259148426303
2000-09-05,14.75,14.75,14.600000381469727,14.75,141932,0.0,0.0,0.0
2000-09-06,14.612500190734863,15.0,14.574999809265137,15.0,200188,0.0,0.0,0.016949152542372836
2000-09-07,14.75,15.5,14.550000190734863,15.5,183288,0.0,0.0,0.03333333333333344
2000-09-08,15.5,15.5,15.024999618530273,15.050000190734863,98600,0.0,0.0,-0.029032245759041064
2000-09-11,14.824999809265137,14.975000381469727,14.762499809265137,14.899999618530273,59288,0.0,0.0,-0.009966815302562826
2000-09-12,14.762499809265137,14.875,13.875,14.399999618530273,231204,0.0,0.0,-0.03355704783899316
2000-09-13,14.0,14.100000381469727,13.5,13.737500190734863,184416,0.0,0.0,-0.04600690592678136
2000-09-14,13.512499809265137,13.774999618530273,13.3125,13.774999618530273,148344,0.0,0.0,0.0027297126314655973
2000-09-15,13.774999618530273,14.0,13.6875,13.875,61580,0.0,0.0,0.007259556024611813
2000-09-18,13.5,14.149999618530273,13.375,14.149999618530273,99912,0.0,0.0,0.019819792326506214
2000-09-19,14.100000381469727,14.237500190734863,13.75,13.850000381469727,191064,0.0,0.0,-0.021201360081146592
2000-09-20,14.012499809265137,14.449999809265137,13.074999809265137,13.074999809265137,214876,0.0,0.0,-0.05595671847355921
2000-09-21,13.074999809265137,13.375,12.037500381469727,12.324999809265137,218720,0.0,0.0,-0.05736137750981374
2000-09-22,11.75,13.125,11.2524995803833,13.112500190734863,248836,0.0,0.0,0.06389455526625931
2000-09-25,13.5,13.925000190734863,13.3125,13.75,71848,0.0,0.0,0.04861771591931685
2000-09-26,13.550000190734863,13.75,13.5,13.537500381469727,39200,0.0,0.0,-0.015454517711292581
2000-09-27,13.600000381469727,14.375,13.524999618530273,14.25,179364,0.0,0.0,0.05263154928553515
2000-09-28,13.25,13.75,12.5,13.75,721924,0.0,0.0,-0.03508771929824561
2000-09-29,13.5,13.574999809265137,12.625,13.375,196688,0.0,0.0,-0.027272727272727226
2000-10-02,12.637499809265137,13.212499618530273,12.637499809265137,12.850000381469727,131264,0.0,0.0,-0.03925230792749712
2000-10-03,12.774999618530273,12.774999618530273,12.140000343322754,12.25,153848,0.0,0.0,-0.046692635304116714
2000-10-04,12.119999885559082,12.199999809265137,11.567500114440918,11.837499618530273,231184,0.0,0.0,-0.033673500528141
2000-10-05,12.0,12.0,11.6875,11.992500305175781,128840,0.0,0.0,0.013094039420527004
2000-10-06,11.9975004196167,11.9975004196167,11.65250015258789,11.920000076293945,80896,0.0,0.0,-0.006045464001409817
2000-10-09,11.850000381469727,11.875,11.587499618530273,11.630000114440918,107660,0.0,0.0,-0.024328855704436436
2000-10-10,11.574999809265137,11.774999618530273,11.574999809265137,11.677499771118164,64172,0.0,0.0,0.004084235271697656
2000-10-11,11.5,11.574999809265137,11.0,11.289999961853027,196856,0.0,0.0,-0.033183456806698985
2000-10-12,11.029999732971191,11.5625,10.550000190734863,10.9975004196167,292740,0.0,0.0,-0.025907842623971167
2000-10-13,10.25,11.3125,10.024999618530273,11.3100004196167,124760,0.0,0.0,0.028415547904192984
2000-10-16,11.75,12.197500228881836,11.699999809265137,12.0,185756,0.0,0.0,0.0610079181948151
2000-10-17,12.149999618530273,12.149999618530273,11.375,11.375,81116,0.0,0.0,-0.05208333333333337
2000-10-18,11.2524995803833,11.7475004196167,10.300000190734863,11.3725004196167,100188,0.0,0.0,-0.00021974333040009064
2000-10-19,11.449999809265137,11.65999984741211,11.425000190734863,11.5,81332,0.0,0.0,0.011211217909772309
2000-10-20,11.744999885559082,12.524999618530273,11.744999885559082,12.524999618530273,232516,0.0,0.0,0.08913040161132812
2000-10-23,12.912500381469727,13.074999809265137,12.649999618530273,13.074999809265137,118540,0.0,0.0,0.04391219221445386
2000-10-24,13.25,14.0,13.024999618530273,14.0,192732,0.0,0.0,0.07074571351652303
2000-10-25,13.8125,14.175000190734863,13.425000190734863,14.175000190734863,166628,0.0,0.0,0.012500013623918838
2000-10-26,13.699999809265137,14.5,13.600000381469727,13.875,113708,0.0,0.0,-0.021164034334966053
2000-10-27,14.024999618530273,14.125,13.699999809265137,13.75,167668,0.0,0.0,-0.009009009009009028
2000-10-30,13.75,13.75,13.262499809265137,13.399999618530273,52056,0.0,0.0,-0.025454573197798314
2000-10-31,13.0,13.25,12.5,12.699999809265137,255992,0.0,0.0,-0.05223879322333247
2000-11-01,12.800000190734863,13.199999809265137,12.6875,13.0,89708,0.0,0.0,0.023622062617355555
2000-11-02,13.0,13.0,12.662500381469727,12.662500381469727,65056,0.0,0.0,-0.025961509117713333
2000-11-03,12.8125,12.987500190734863,12.412500381469727,12.75,120108,0.0,0.0,0.0069101374842459595
2000-11-06,12.824999809265137,12.962499618530273,12.625,12.75,57744,0.0,0.0,0.0
2000-11-07,12.712499618530273,12.712499618530273,12.239999771118164,12.412500381469727,169200,0.0,0.0,-0.0264705583160999
2000-11-08,12.375,12.625,12.375,12.574999809265137,617648,0.0,0.0,0.01309159498903223
2000-11-09,12.2524995803833,12.537500381469727,12.2524995803833,12.5,101064,0.0,0.0,-0.0059641996344109716
2000-11-10,12.375,12.482500076293945,12.0,12.149999618530273,68740,0.0,0.0,-0.028000030517578156
2000-11-13,11.475000381469727,11.697500228881836,11.475000381469727,11.664999961853027,87032,0.0,0.0,-0.03991766846951672
2000-11-14,11.75,12.067500114440918,11.6274995803833,12.050000190734863,179316,0.0,0.0,0.033004734688458326
2000-11-15,12.274999618530273,12.5,12.125,12.199999809265137,134120,0.0,0.0,0.012448100925807948
2000-11-16,12.1875,12.1875,11.755000114440918,11.887499809265137,87712,0.0,0.0,-0.02561475449882189
2000-11-17,11.762499809265137,11.824999809265137,11.649999618530273,11.8125,113348,0.0,0.0,-0.006309132321220434
2000-11-20,11.97249984741211,11.97249984741211,11.619999885559082,11.637499809265137,64220,0.0,0.0,-0.014814830961681569
2000-11-21,11.637499809265137,11.649999618530273,10.692500114440918,10.875,478140,0.0,0.0,-0.06552092990438341
2000-11-22,10.84749984741211,10.84749984741211,10.02750015258789,10.03499984741211,308640,0.0,0.0,-0.07724139334141522
2000-11-23,10.25,10.975000381469727,10.119999885559082,10.875,120904,0.0,0.0,0.08370704188944411
2000-11-24,11.0,11.0,10.600000381469727,10.72249984741211,68540,0.0,0.0,-0.014023002536817541
2000-11-27,10.875,11.0,10.774999618530273,10.817500114440918,122380,0.0,0.0,0.008859899126203885
2000-11-28,10.817500114440918,10.899999618530273,10.125,10.477499961853027,2199420,0.0,0.0,-0.031430566118876624
2000-11-29,10.199999809265137,10.475000381469727,9.6274995803833,9.654999732971191,258056,0.0,0.0,-0.07850157307338901
2000-11-30,9.75,9.824999809265137,9.1274995803833,9.3125,162924,0.0,0.0,-0.035473821071333345
2000-12-01,9.359999656677246,9.975000381469727,9.359999656677246,9.850000381469727,200924,0.0,0.0,0.05771816176856115
2000-12-04,9.774999618530273,9.925000190734863,9.25,9.25,113320,0.0,0.0,-0.060913741952586586
2000-12-05,9.425000190734863,9.672499656677246,9.25,9.484999656677246,193840,0.0,0.0,0.025405368289431962
2000-12-06,10.199999809265137,10.274999618530273,9.975000381469727,10.109999656677246,220660,0.0,0.0,0.0658935184631253
2000-12-07,9.725000381469727,10.125,9.274999618530273,9.699999809265137,231780,0.0,0.0,-0.04055389330713988
2000-12-08,9.5,9.8125,9.5,9.662500381469727,103924,0.0,0.0,-0.003865920467296502
2000-12-11,9.6875,10.25,9.675000190734863,10.125,131032,0.0,0.0,0.04786541788057597
2000-12-12,10.324999809265137,10.8725004196167,10.25,10.800000190734863,198300,0.0,0.0,0.0666666855046778
2000-12-13,10.875,11.225000381469727,10.824999809265137,11.125,186504,0.0,0.0,0.03009257440050317
2000-12-14,10.0,10.475000381469727,9.037500381469727,9.037500381469727,1107172,0.0,0.0,-0.1876404151487886
2000-12-15,8.9975004196167,9.375,8.800000190734863,9.297499656677246,486980,0.0,0.0,0.028768936567971304
2000-12-18,9.2524995803833,9.274999618530273,9.149999618530273,9.237500190734863,166016,0.0,0.0,-0.006453290471411077
2000-12-19,9.125,9.25,9.125,9.234999656677246,198668,0.0,0.0,-0.0002706938030837547
2000-12-20,8.875,9.0,8.75,8.862500190734863,248152,0.0,0.0,-0.040335623150029254
2000-12-21,8.25,8.75,8.15250015258789,8.725000381469727,222764,0.0,0.0,-0.015514787735506408
2000-12-22,8.542499542236328,9.59749984741211,8.5,9.5,277404,0.0,0.0,0.08882516729468892
2000-12-25,9.5,9.5,9.5,9.5,0,0.0,0.0,0.0
2000-12-26,9.5,9.5,9.5,9.5,0,0.0,0.0,0.0
2000-12-27,9.125,9.399999618530273,9.005000114440918,9.212499618530273,127012,0.0,0.0,-0.030263198049444884
2000-12-28,9.199999809265137,9.949999809265137,9.199999809265137,9.949999809265137,341816,0.0,0.0,0.08005429810292042
2000-12-29,10.0,10.375,9.899999618530273,10.375,296852,0.0,0.0,0.04271358782731993
2001-01-01,10.375,10.375,10.375,10.375,0,0.0,0.0,0.0
2001-01-02,10.5,10.5,9.75,9.925000190734863,95340,0.0,0.0,-0.043373475591820365
2001-01-03,9.5,10.0,9.375,10.0,115840,0.0,0.0,0.007556655700132975
2001-01-04,10.5,10.699999809265137,10.024999618530273,10.425000190734863,180964,0.0,0.0,0.04250001907348633
2001-01-05,10.350000381469727,10.350000381469727,9.875,9.987500190734863,83076,0.0,0.0,-0.04196642609069923
2001-01-08,9.6274995803833,9.75,8.989999771118164,8.989999771118164,134896,0.0,0.0,-0.09987488366128427
2001-01-09,9.199999809265137,9.199999809265137,8.84749984741211,9.024999618530273,356856,0.0,0.0,0.0038931978090313013
2001-01-10,9.024999618530273,9.125,8.875,9.0,148472,0.0,0.0,-0.0027700409514637148
2001-01-11,9.0,9.697500228881836,8.949999809265137,9.4350004196167,323000,0.0,0.0,0.04833337995741105
2001-01-12,9.649999618530273,9.875,9.375,9.725000381469727,140164,0.0,0.0,0.03073661356178392
2001-01-15,9.625,9.75,9.625,9.7475004196167,25896,0.0,0.0,0.00231362851047745
2001-01-16,9.625,9.8725004196167,9.625,9.7475004196167,40956,0.0,0.0,0.0
2001-01-17,9.75,10.175000190734863,9.75,10.100000381469727,181952,0.0,0.0,0.03616311327811039
2001-01-18,10.1875,10.375,10.0625,10.375,92720,0.0,0.0,0.02722768397462727
2001-01-19,10.75,11.024999618530273,10.675000190734863,10.824999809265137,506440,0.0,0.0,0.043373475591820476
2001-01-22,10.875,11.225000381469727,10.774999618530273,11.074999809265137,234416,0.0,0.0,0.02309468862863384
2001-01-23,11.0024995803833,11.024999618530273,10.675000190734863,10.725000381469727,67640,0.0,0.0,-0.031602657681547464
2001-01-24,10.725000381469727,10.725000381469727,10.725000381469727,10.725000381469727,0,0.0,0.0,0.0
2001-01-25,10.899999618530273,10.899999618530273,10.5,10.720000267028809,80740,0.0,0.0,-0.0004662111201000352
2001-01-26,10.720000267028809,10.720000267028809,10.720000267028809,10.720000267028809,0,0.0,0.0,0.0
2001-01-29,10.425000190734863,10.5,10.100000381469727,10.100000381469727,83744,0.0,0.0,-0.05783580877940808
2001-01-30,10.085000038146973,10.324999809265137,10.085000038146973,10.149999618530273,184604,0.0,0.0,0.0049504193239715555
2001-01-31,10.375,10.625,10.1899995803833,10.625,177040,0.0,0.0,0.046798068898696865
2001-02-01,10.600000381469727,10.7475004196167,10.375,10.7475004196167,100004,0.0,0.0,0.011529451258042389
2001-02-02,11.949999809265137,12.25,11.5,12.225000381469727,850284,0.0,0.0,0.13747382220671933
2001-02-05,11.975000381469727,12.25,11.75,12.25,397424,0.0,0.0,0.0020449585071724563
2001-02-06,12.25,12.25,12.015000343322754,12.050000190734863,137336,0.0,0.0,-0.01632651504205196
2001-02-07,11.875,11.875,11.0,11.1875,282584,0.0,0.0,-0.07157677818113495
2001-02-08,11.0625,11.487500190734863,11.0625,11.1875,71892,0.0,0.0,0.0
2001-02-09,11.274999618530273,11.337499618530273,10.824999809265137,10.850000381469727,176424,0.0,0.0,-0.0301675636675105
2001-02-12,10.774999618530273,11.125,10.774999618530273,10.987500190734863,48952,0.0,0.0,0.012672793035101382
2001-02-13,11.0024995803833,11.087499618530273,10.5625,10.925000190734863,88748,0.0,0.0,-0.005688282040049675
2001-02-14,10.625,10.670000076293945,10.350000381469727,10.350000381469727,77088,0.0,0.0,-0.052631560569928015
2001-02-15,10.324999809265137,10.75,10.237500190734863,10.399999618530273,204064,0.0,0.0,0.004830843982388977
2001-02-16,10.279999732971191,10.367500305175781,10.042499542236328,10.362500190734863,56788,0.0,0.0,-0.003605714343353994
2001-02-19,10.237500190734863,10.237500190734863,10.015000343322754,10.125,41992,0.0,0.0,-0.022919197719022733
2001-02-20,10.024999618530273,10.199999809265137,9.637499809265137,9.675000190734863,128144,0.0,0.0,-0.04444442560643325
2001-02-21,9.537500381469727,9.797499656677246,9.257499694824219,9.552499771118164,172704,0.0,0.0,-0.012661541829633305
2001-02-22,9.5024995803833,9.5024995803833,9.024999618530273,9.2475004196167,104784,0.0,0.0,-0.03192874732367179
2001-02-23,9.237500190734863,9.399999618530273,8.925000190734863,9.125,125132,0.0,0.0,-0.013246868240939902
2001-02-26,9.175000190734863,9.625,9.175000190734863,9.375,156036,0.0,0.0,0.027397260273972712
2001-02-27,9.475000381469727,9.475000381469727,9.25,9.362500190734863,70176,0.0,0.0,-0.00133331298828121
2001-02-28,9.225000381469727,9.274999618530273,8.75,9.274999618530273,326952,0.0,0.0,-0.009345855318772744
2001-03-01,9.012499809265137,9.050000190734863,8.375,8.420000076293945,292260,0.0,0.0,-0.09218324284651691
2001-03-02,8.59749984741211,8.600000381469727,8.3774995803833,8.522500038146973,227748,0.0,0.0,0.012173392033761443
2001-03-05,8.539999961853027,8.824999809265137,8.5,8.824999809265137,67436,0.0,0.0,0.03549425283240426
2001-03-06,8.875,9.324999809265137,8.824999809265137,8.850000381469727,126308,0.0,0.0,0.0028329260900767927
2001-03-07,8.875,8.962499618530273,8.420000076293945,8.699999809265137,286992,0.0,0.0,-0.016949216467680994
2001-03-08,9.824999809265137,9.850000381469727,9.524999618530273,9.850000381469727,285292,0.0,0.0,0.13218397671456117
2001-03-09,9.7475004196167,9.7475004196167,9.262499809265137,9.487500190734863,103248,0.0,0.0,-0.03680204839553258
2001-03-12,9.204999923706055,9.207500457763672,8.539999961853027,8.574999809265137,115416,0.0,0.0,-0.09617922140974922
2001-03-13,8.425000190734863,8.462499618530273,8.050000190734863,8.050000190734863,201864,0.0,0.0,-0.06122444667147642
2001-03-14,8.050000190734863,8.050000190734863,8.050000190734863,8.050000190734863,0,0.0,0.0,0.0
2001-03-15,8.25,8.582500457763672,8.15250015258789,8.447500228881836,79876,0.0,0.0,0.04937888555635994
2001-03-16,8.2524995803833,8.447500228881836,8.149999618530273,8.25,27936,0.0,0.0,-0.023379724596702123
2001-03-19,8.25,8.350000381469727,8.087499618530273,8.25,53844,0.0,0.0,0.0
2001-03-20,8.432499885559082,8.574999809265137,8.292499542236328,8.470000267028809,140232,0.0,0.0,0.026666699033794927
2001-03-21,7.949999809265137,8.199999809265137,7.802499771118164,7.96750020980835,146640,0.0,0.0,-0.05932704148505663
2001-03-22,7.837500095367432,8.0,7.175000190734863,7.5,291748,0.0,0.0,-0.05867589551272756
2001-03-23,8.0,8.225000381469727,7.877500057220459,7.997499942779541,113540,0.0,0.0,0.0663333257039389
2001-03-26,8.0,8.225000381469727,7.824999809265137,8.100000381469727,87996,0.0,0.0,0.012816560102976604
2001-03-27,8.137499809265137,8.387499809265137,8.010000228881836,8.262499809265137,70044,0.0,0.0,0.020061656807715433
2001-03-28,8.324999809265137,8.449999809265137,8.25,8.449999809265137,146296,0.0,0.0,0.022692890085122652
2001-03-29,8.25,8.574999809265137,8.25,8.569999694824219,113232,0.0,0.0,0.014201170209199976
2001-03-30,8.52750015258789,9.25,8.3149995803833,8.8725004196167,159712,0.0,0.0,0.03529763542175779
2001-04-02,8.987500190734863,8.987500190734863,8.512499809265137,8.75,40800,0.0,0.0,-0.01380675275549792
2001-04-03,8.75,8.75,8.300000190734863,8.300000190734863,92204,0.0,0.0,-0.0514285496303013
2001-04-04,8.125,8.5,8.09749984741211,8.317500114440918,72376,0.0,0.0,0.0021084244944462593
2001-04-05,8.345000267028809,8.949999809265137,8.125,8.949999809265137,129712,0.0,0.0,0.07604444678348332
2001-04-06,9.125,9.1875,8.625,8.787500381469727,74944,0.0,0.0,-0.01815636103446494
2001-04-09,8.6274995803833,8.850000381469727,8.625,8.782500267028809,44428,0.0,0.0,-0.0005690030411220626
2001-04-10,8.649999618530273,9.0,8.5,9.0,74760,0.0,0.0,0.024765126827007045
2001-04-11,9.100000381469727,9.475000381469727,8.625,9.442500114440918,159064,0.0,0.0,0.04916667938232422
2001-04-12,9.5,9.649999618530273,9.375,9.649999618530273,78492,0.0,0.0,0.0219750597378352
2001-04-13,9.649999618530273,9.649999618530273,9.649999618530273,9.649999618530273,0,0.0,0.0,0.0
2001-04-16,9.649999618530273,9.649999618530273,9.649999618530273,9.649999618530273,0,0.0,0.0,0.0
2001-04-17,9.5024995803833,9.662500381469727,9.414999961853027,9.52750015258789,54720,0.0,0.0,-0.01269424567718691
2001-04-18,9.699999809265137,10.274999618530273,9.587499618530273,10.274999618530273,107824,0.0,0.0,0.07845704056371439
2001-04-19,10.050000190734863,10.237500190734863,9.8774995803833,10.0,49168,0.0,0.0,-0.026763954135271217
2001-04-20,10.024999618530273,10.2475004196167,9.949999809265137,10.100000381469727,422384,0.0,0.0,0.0100000381469727
2001-04-23,10.125,10.125,9.7524995803833,9.862500190734863,77848,0.0,0.0,-0.023514869481648715
2001-04-24,9.75,10.125,9.75,10.125,86628,0.0,0.0,0.026615949727609278
2001-04-25,10.22249984741211,10.22249984741211,9.6274995803833,10.024999618530273,33020,0.0,0.0,-0.009876580885898933
2001-04-26,9.824999809265137,10.375,9.824999809265137,10.375,86644,0.0,0.0,0.034912757584826704
2001-04-27,10.274999618530273,11.302499771118164,10.274999618530273,11.0,310664,0.0,0.0,0.06024096385542177
2001-04-30,11.149999618530273,11.725000381469727,10.875,11.449999809265137,304288,0.0,0.0,0.04090907356955786
2001-05-01,11.449999809265137,11.449999809265137,11.449999809265137,11.449999809265137,0,0.0,0.0,0.0
2001-05-02,11.5,11.875,11.262499809265137,11.529999732971191,192248,0.0,0.0,0.006986893016480256
2001-05-03,12.0,12.022500038146973,11.532500267028809,11.550000190734863,417616,0.0,0.0,0.0017346451194164558
2001-05-04,11.5,11.5,10.875,11.087499618530273,150728,0.0,0.0,-0.040043338923543614
2001-05-07,11.0,11.050000190734863,10.699999809265137,10.787500381469727,70972,0.0,0.0,-0.02705742930165833
2001-05-08,10.75,10.800000190734863,10.537500381469727,10.75,48600,0.0,0.0,-0.003476280893963457
2001-05-09,10.602499961853027,10.770000457763672,10.382499694824219,10.5,57384,0.0,0.0,-0.023255813953488413
2001-05-10,10.5,10.795000076293945,10.399999618530273,10.625,88456,0.0,0.0,0.011904761904761862
2001-05-11,10.524999618530273,10.75,10.399999618530273,10.475000381469727,83976,0.0,0.0,-0.014117611155790466
2001-05-14,10.625,10.824999809265137,10.5,10.824999809265137,171652,0.0,0.0,0.0334128319856255
2001-05-15,10.875,10.875,10.574999809265137,10.75,86864,0.0,0.0,-0.006928388968741039
2001-05-16,10.75,10.837499618530273,10.5625,10.837499618530273,79132,0.0,0.0,0.00813949939816494
2001-05-17,10.850000381469727,11.9350004196167,10.837499618530273,11.4375,375708,0.0,0.0,0.05536335894709765
2001-05-18,11.4350004196167,11.4350004196167,11.137499809265137,11.2475004196167,52016,0.0,0.0,-0.016611985170124632
2001-05-21,11.350000381469727,11.3725004196167,11.177499771118164,11.25,172788,0.0,0.0,0.00022223430007084488
2001-05-22,11.324999809265137,11.699999809265137,11.324999809265137,11.59749984741211,229388,0.0,0.0,0.03088887532552076
2001-05-23,11.550000190734863,11.774999618530273,11.5024995803833,11.72249984741211,116680,0.0,0.0,0.010778185095462023
2001-05-24,11.52750015258789,11.7475004196167,11.52750015258789,11.595000267028809,37576,0.0,0.0,-0.010876483859494135
2001-05-25,11.545000076293945,11.75,11.545000076293945,11.699999809265137,53384,0.0,0.0,0.009055587737665016
2001-05-28,11.699999809265137,11.712499618530273,11.524999618530273,11.612500190734863,53100,0.0,0.0,-0.0074785999962994065
2001-05-29,11.699999809265137,11.699999809265137,11.25,11.25,100688,0.0,0.0,-0.031216377591458455
2001-05-30,11.114999771118164,11.274999618530273,11.114999771118164,11.199999809265137,55520,0.0,0.0,-0.004444461398654509
2001-05-31,11.100000381469727,11.225000381469727,11.100000381469727,11.1850004196167,74908,0.0,0.0,-0.0013392312414174379
2001-06-01,11.149999618530273,11.149999618530273,11.007499694824219,11.125,58340,0.0,0.0,-0.005364364538732458
2001-06-04,11.125,11.125,11.125,11.125,0,0.0,0.0,0.0
2001-06-05,11.2475004196167,11.449999809265137,11.012499809265137,11.34749984741211,77032,0.0,0.0,0.019999986284234605
2001-06-06,11.375,11.494999885559082,11.162500381469727,11.194999694824219,95728,0.0,0.0,-0.013439097126110022
2001-06-07,11.444999694824219,11.444999694824219,11.0,11.0,61656,0.0,0.0,-0.017418463612319024
2001-06-08,11.012499809265137,11.175000190734863,10.887499809265137,10.975000381469727,86692,0.0,0.0,-0.002272692593661252
2001-06-11,10.912500381469727,11.125,10.895000457763672,11.037500381469727,119212,0.0,0.0,0.00569476062210672
2001-06-12,10.800000190734863,11.050000190734863,10.65250015258789,10.837499618530273,214228,0.0,0.0,-0.018120113796346815
2001-06-13,10.699999809265137,10.800000190734863,10.587499618530273,10.725000381469727,118804,0.0,0.0,-0.010380552804651777
2001-06-14,10.675000190734863,10.675000190734863,10.0,10.199999809265137,314020,0.0,0.0,-0.04895110056235219
2001-06-15,9.802499771118164,9.9375,9.050000190734863,9.625,268508,0.0,0.0,-0.05637253137424936
2001-06-18,9.5,9.675000190734863,9.475000381469727,9.487500190734863,111340,0.0,0.0,-0.014285694469105104
2001-06-19,9.475000381469727,10.422499656677246,9.279999732971191,10.422499656677246,185736,0.0,0.0,0.0985506663657798
2001-06-20,9.774999618530273,10.119999885559082,9.5649995803833,9.90250015258789,337712,0.0,0.0,-0.049892014508843285
2001-06-21,10.0,10.192500114440918,9.762499809265137,10.0,382912,0.0,0.0,0.009845982924487018
2001-06-22,10.0625,10.0625,9.399999618530273,9.407500267028809,370252,0.0,0.0,-0.05924997329711912
2001-06-25,9.274999618530273,9.75,9.274999618530273,9.550000190734863,260168,0.0,0.0,0.015147480165957017
2001-06-26,9.744999885559082,10.25,9.574999809265137,10.25,209508,0.0,0.0,0.07329840788320152
2001-06-27,9.949999809265137,10.25,9.880000114440918,10.175000190734863,105268,0.0,0.0,-0.007317054562452352
2001-06-28,10.125,10.412500381469727,10.024999618530273,10.2475004196167,222836,0.0,0.0,0.007125329486268983
2001-06-29,10.125,10.300000190734863,10.015000343322754,10.02750015258789,88368,0.0,0.0,-0.021468676069304138
2001-07-02,10.125,10.375,10.125,10.25,150432,0.0,0.0,0.02218896474957277
2001-07-03,10.25,10.375,10.125,10.137499809265137,107064,0.0,0.0,-0.010975628364376933
2001-07-04,10.125,10.375,10.125,10.289999961853027,67228,0.0,0.0,0.015043171931654609
2001-07-05,10.274999618530273,10.300000190734863,10.112500190734863,10.199999809265137,89152,0.0,0.0,-0.008746370546310778
2001-07-06,10.125,10.225000381469727,9.625,9.75,139468,0.0,0.0,-0.04411762918430462
2001-07-09,9.75,10.237500190734863,9.675000190734863,10.225000381469727,107244,0.0,0.0,0.048717987843048816
2001-07-10,10.225000381469727,10.4399995803833,10.175000190734863,10.25,147632,0.0,0.0,0.002444950376293331
2001-07-11,10.125,10.25,9.8125,9.912500381469727,311204,0.0,0.0,-0.03292679205173399
2001-07-12,10.0,10.175000190734863,9.975000381469727,10.125,301908,0.0,0.0,0.021437539505926972
2001-07-13,10.012499809265137,10.087499618530273,9.800000190734863,9.922499656677246,142692,0.0,0.0,-0.02000003390842009
2001-07-16,9.824999809265137,9.925000190734863,9.817500114440918,9.899999618530273,134396,0.0,0.0,-0.0022675776190963504
2001-07-17,9.8149995803833,9.837499618530273,9.6274995803833,9.654999732971191,162008,0.0,0.0,-0.02474746414136264
2001-07-18,9.630000114440918,9.75,9.630000114440918,9.640000343322754,39344,0.0,0.0,-0.0015535359982679076
2001-07-19,9.6274995803833,9.675000190734863,9.307499885559082,9.329999923706055,350248,0.0,0.0,-0.03215771873197326
2001-07-20,9.25,9.350000381469727,9.25,9.25,47496,0.0,0.0,-0.008574482782447546
2001-07-23,9.137499809265137,9.375,9.125,9.125,44800,0.0,0.0,-0.013513513513513487
2001-07-24,9.024999618530273,9.2475004196167,9.024999618530273,9.2475004196167,44856,0.0,0.0,0.013424703519638204
2001-07-25,9.050000190734863,9.242500305175781,9.050000190734863,9.0625,168368,0.0,0.0,-0.020005451335180058
2001-07-26,9.199999809265137,9.244999885559082,9.050000190734863,9.125,194284,0.0,0.0,0.006896551724137945
2001-07-27,9.074999809265137,9.369999885559082,9.074999809265137,9.125,251084,0.0,0.0,0.0
2001-07-30,9.25,10.175000190734863,9.175000190734863,10.175000190734863,413244,0.0,0.0,0.11506851405313578
2001-07-31,9.9975004196167,10.710000038146973,9.9399995803833,10.5,261684,0.0,0.0,0.031941012596842455
2001-08-01,10.5,10.712499618530273,10.3774995803833,10.574999809265137,347352,0.0,0.0,0.007142838977632016
2001-08-02,11.050000190734863,11.475000381469727,11.0,11.125,1339880,0.0,0.0,0.05200947523923238
2001-08-03,11.399999618530273,11.8125,11.274999618530273,11.375,1831736,0.0,0.0,0.022471910112359605
2001-08-06,11.274999618530273,11.350000381469727,10.949999809265137,11.012499809265137,143580,0.0,0.0,-0.031868148636031934
2001-08-07,10.800000190734863,10.975000381469727,10.675000190734863,10.9350004196167,90848,0.0,0.0,-0.0070374021330955605
2001-08-08,10.699999809265137,10.875,10.6875,10.875,68300,0.0,0.0,-0.005487006613100975
2001-08-09,10.649999618530273,10.862500190734863,10.537500381469727,10.739999771118164,68904,0.0,0.0,-0.012413814150053826
2001-08-10,10.75,10.875,10.654999732971191,10.737500190734863,115836,0.0,0.0,-0.000232735608619139
2001-08-13,10.75,10.875,10.40999984741211,10.524999618530273,126228,0.0,0.0,-0.019790506955050025
2001-08-14,10.625,10.729999542236328,10.5,10.675000190734863,65952,0.0,0.0,0.014251836355461567
2001-08-15,10.675000190734863,10.675000190734863,10.324999809265137,10.512499809265137,95480,0.0,0.0,-0.015222517898478838
2001-08-16,10.324999809265137,10.364999771118164,10.25,10.267499923706055,188948,0.0,0.0,-0.023305578121690207
2001-08-17,10.212499618530273,10.350000381469727,10.125,10.162500381469727,69884,0.0,0.0,-0.010226398151111815
2001-08-20,10.100000381469727,10.100000381469727,10.0,10.0,69092,0.0,0.0,-0.01599019683837155
2001-08-21,10.0,10.125,10.0,10.022500038146973,64320,0.0,0.0,0.00225000381469731
2001-08-22,9.912500381469727,10.149999618530273,9.8125,9.887499809265137,129032,0.0,0.0,-0.013469715975855001
2001-08-23,9.9375,10.0625,9.9375,10.015000343322754,73744,0.0,0.0,0.012895123794403718
2001-08-24,10.0625,10.375,10.0,10.25,147052,0.0,0.0,0.02346476771055994
2001-08-27,10.262499809265137,10.470000267028809,10.262499809265137,10.442500114440918,237848,0.0,0.0,0.018780498969845683
2001-08-28,10.449999809265137,10.5649995803833,10.255000114440918,10.274999618530273,325644,0.0,0.0,-0.01604026756763055
2001-08-29,10.262499809265137,10.3125,10.082500457763672,10.25,123540,0.0,0.0,-0.0024330529886530394
2001-08-30,10.125,10.1875,10.052499771118164,10.1225004196167,77892,0.0,0.0,-0.012438983452029317
2001-08-31,10.0,10.125,9.949999809265137,10.125,363004,0.0,0.0,0.00024693309752366055
2001-09-03,9.949999809265137,10.15999984741211,9.949999809265137,10.1274995803833,106168,0.0,0.0,0.0002468721366222226
2001-09-04,10.225000381469727,10.375,10.100000381469727,10.100000381469727,119312,0.0,0.0,-0.002715299931173476
2001-09-05,10.125,10.125,10.0,10.0,54784,0.0,0.0,-0.00990102749433508
2001-09-06,9.907500267028809,9.925000190734863,9.779999732971191,9.779999732971191,303356,0.0,0.0,-0.022000026702880815
2001-09-07,9.25,9.625,9.25,9.475000381469727,159588,0.0,0.0,-0.031186028612375516
2001-09-10,9.262499809265137,9.274999618530273,8.77750015258789,9.0,213440,0.0,0.0,-0.05013196436368339
2001-09-11,9.02750015258789,9.34749984741211,8.125,8.255000114440918,324584,0.0,0.0,-0.0827777650621202
2001-09-12,7.449999809265137,8.25,7.25,7.875,237604,0.0,0.0,-0.046032720675092786
2001-09-13,7.75,8.237500190734863,7.75,7.837500095367432,315580,0.0,0.0,-0.004761892651754751
2001-09-14,7.752500057220459,7.997499942779541,7.25,7.25,260028,0.0,0.0,-0.07496013884767794
2001-09-17,6.887499809265137,7.037499904632568,6.262499809265137,6.525000095367432,141056,0.0,0.0,-0.09999998684587152
2001-09-18,6.502500057220459,6.875,6.295000076293945,6.862500190734863,181388,0.0,0.0,0.051724151790748296
2001-09-19,6.875,7.25,6.375,6.375,273148,0.0,0.0,-0.0710382771854845
2001-09-20,6.275000095367432,6.400000095367432,6.025000095367432,6.25,382664,0.0,0.0,-0.019607843137254943
2001-09-21,5.875,6.0,5.550000190734863,5.962500095367432,764036,0.0,0.0,-0.04599998474121092
2001-09-24,5.947500228881836,6.572500228881836,5.712500095367432,6.375,521400,0.0,0.0,0.06918237283602902
2001-09-25,6.25,6.375,6.125,6.324999809265137,325868,0.0,0.0,-0.007843167174096166
2001-09-26,6.25,6.5,6.25,6.462500095367432,329980,0.0,0.0,0.021739176323907206
2001-09-27,6.262499809265137,6.409999847412109,5.977499961853027,6.122499942779541,133120,0.0,0.0,-0.05261124140355766
2001-09-28,6.079999923706055,6.625,6.005000114440918,6.625,183568,0.0,0.0,0.08207432616035759
2001-10-01,6.5,6.625,6.1875,6.625,152004,0.0,0.0,0.0
2001-10-02,6.487500190734863,6.737500190734863,6.275000095367432,6.710000038146973,234228,0.0,0.0,0.012830194437278841
2001-10-03,6.787499904632568,6.900000095367432,6.724999904632568,6.797500133514404,244668,0.0,0.0,0.013040252588671475
2001-10-04,7.025000095367432,7.997499942779541,7.025000095367432,7.997499942779541,415036,0.0,0.0,0.17653545946231852
2001-10-05,7.75,8.175000190734863,7.5625,7.949999809265137,344764,0.0,0.0,-0.00593937278577783
2001-10-08,7.800000190734863,8.25,7.514999866485596,8.25,173256,0.0,0.0,0.03773587395376232
2001-10-09,8.0,8.25,8.0,8.149999618530273,182816,0.0,0.0,-0.012121258359966802
2001-10-10,8.024999618530273,8.25,8.024999618530273,8.162500381469727,212200,0.0,0.0,0.001533836015284118
2001-10-11,8.25,9.074999809265137,8.25,9.074999809265137,286592,0.0,0.0,0.11179165514857914
2001-10-12,9.082500457763672,9.25,8.75,8.75,222348,0.0,0.0,-0.03581265191138927
2001-10-15,8.75,8.75,8.287500381469727,8.34749984741211,86152,0.0,0.0,-0.04600001743861604
2001-10-16,8.274999618530273,8.449999809265137,8.25,8.25,85364,0.0,0.0,-0.011680125689650156
2001-10-17,8.427499771118164,8.850000381469727,8.3774995803833,8.550000190734863,98316,0.0,0.0,0.03636365948301368
2001-10-18,8.300000190734863,8.324999809265137,8.0024995803833,8.149999618530273,133000,0.0,0.0,-0.04678369161184903
2001-10-19,8.199999809265137,8.25,8.125,8.199999809265137,187896,0.0,0.0,0.006134993015359136
2001-10-22,8.175000190734863,8.25,8.170000076293945,8.212499618530273,145564,0.0,0.0,0.0015243670190105973
2001-10-23,8.274999618530273,8.699999809265137,8.274999618530273,8.699999809265137,235860,0.0,0.0,0.05936075657585316
2001-10-24,8.475000381469727,9.137499809265137,8.425000190734863,9.0,336068,0.0,0.0,0.034482781300221976
2001-10-25,9.0,9.024999618530273,8.5,8.5,150092,0.0,0.0,-0.05555555555555558
2001-10-26,8.699999809265137,9.297499656677246,8.699999809265137,9.297499656677246,400580,0.0,0.0,0.09382348902085247
2001-10-29,9.300000190734863,9.600000381469727,9.212499618530273,9.375,294228,0.0,0.0,0.008335611313208924
2001-10-30,9.197500228881836,9.272500038146973,8.899999618530273,9.242500305175781,415252,0.0,0.0,-0.014133300781249969
2001-10-31,9.225000381469727,9.449999809265137,9.050000190734863,9.447500228881836,818216,0.0,0.0,0.022180137077329132
2001-11-01,9.324999809265137,10.0,9.324999809265137,9.512499809265137,271956,0.0,0.0,0.006880082435414048
2001-11-02,9.75,10.0,9.449999809265137,9.875,301760,0.0,0.0,0.038107773771705045
2001-11-05,9.75,10.037500381469727,9.675000190734863,9.875,246300,0.0,0.0,0.0
2001-11-06,10.0,10.149999618530273,9.850000381469727,9.850000381469727,272216,0.0,0.0,-0.0025316069397745
2001-11-07,9.805000305175781,9.9975004196167,9.75,9.800000190734863,224784,0.0,0.0,-0.00507616129933619
2001-11-08,9.555000305175781,10.125,9.555000305175781,10.074999809265137,309428,0.0,0.0,0.028061185018166013
2001-11-09,10.0,10.050000190734863,9.850000381469727,10.0,103820,0.0,0.0,-0.007444149943920175
2001-11-12,9.947500228881836,10.104999542236328,9.805000305175781,9.9975004196167,330508,0.0,0.0,-0.0002499580383300559
2001-11-13,9.829999923706055,10.862500190734863,9.829999923706055,10.84749984741211,539804,0.0,0.0,0.08502119451053725
2001-11-14,10.850000381469727,10.850000381469727,10.505000114440918,10.547499656677246,147096,0.0,0.0,-0.02765615994052628
2001-11-15,10.507499694824219,10.84749984741211,10.2524995803833,10.337499618530273,426672,0.0,0.0,-0.01990993552808784
2001-11-16,10.475000381469727,10.550000190734863,10.350000381469727,10.5,226764,0.0,0.0,0.015719505438088754
2001-11-19,10.550000190734863,10.744999885559082,10.125,10.375,690360,0.0,0.0,-0.011904761904761862
2001-11-20,10.25,10.25,9.375,9.5,2120380,0.0,0.0,-0.08433734939759041
2001-11-21,9.375,9.375,8.904999732971191,9.0,942808,0.0,0.0,-0.052631578947368474
2001-11-22,9.244999885559082,10.0600004196167,9.242500305175781,9.797499656677246,1225592,0.0,0.0,0.0886110729641385
2001-11-23,9.699999809265137,9.994999885559082,9.662500381469727,9.800000190734863,339368,0.0,0.0,0.000255221652997184
2001-11-26,9.994999885559082,9.994999885559082,9.537500381469727,9.550000190734863,283952,0.0,0.0,-0.025510203585134117
2001-11-27,9.75,9.824999809265137,9.5,9.5,499264,0.0,0.0,-0.005235621961910741
2001-11-28,9.5,9.5,9.229999542236328,9.300000190734863,466940,0.0,0.0,-0.02105261150159332
2001-11-29,9.300000190734863,9.350000381469727,9.199999809265137,9.300000190734863,202024,0.0,0.0,0.0
2001-11-30,9.375,9.725000381469727,9.375,9.725000381469727,619228,0.0,0.0,0.04569894430306243
2001-12-03,9.550000190734863,9.932499885559082,9.550000190734863,9.837499618530273,267640,0.0,0.0,0.01156804448819404
2001-12-04,9.800000190734863,10.029999732971191,9.779999732971191,9.922499656677246,520124,0.0,0.0,0.008640410820129896
2001-12-05,10.024999618530273,10.162500381469727,10.024999618530273,10.087499618530273,759876,0.0,0.0,0.016628870502604975
2001-12-06,10.225000381469727,10.335000038146973,10.149999618530273,10.239999771118164,406196,0.0,0.0,0.015117735648560116
2001-12-07,10.225000381469727,10.449999809265137,10.21500015258789,10.307499885559082,239144,0.0,0.0,0.006591808198209259
2001-12-10,10.324999809265137,10.350000381469727,9.824999809265137,9.949999809265137,340884,0.0,0.0,-0.03468349068766974
2001-12-11,10.0,10.100000381469727,9.75,9.762499809265137,345224,0.0,0.0,-0.018844221466758793
2001-12-12,9.767499923706055,9.949999809265137,9.550000190734863,9.8100004196167,225580,0.0,0.0,0.004865619593301451
2001-12-13,9.625,9.697500228881836,9.279999732971191,9.5,212292,0.0,0.0,-0.03160044916989024
2001-12-14,9.300000190734863,9.399999618530273,9.074999809265137,9.225000381469727,265972,0.0,0.0,-0.028947328266344607
2001-12-17,9.25,9.324999809265137,9.199999809265137,9.322500228881836,271560,0.0,0.0,0.010569088713314079
2001-12-18,9.399999618530273,9.399999618530273,9.25,9.274999618530273,184324,0.0,0.0,-0.005095265131171756
2001-12-19,9.25,9.375,9.0,9.375,201116,0.0,0.0,0.010781712731280146
2001-12-20,9.375,9.375,9.137499809265137,9.212499618530273,187192,0.0,0.0,-0.017333374023437487
2001-12-21,9.0,9.082500457763672,8.912500381469727,8.912500381469727,150052,0.0,0.0,-0.03256436900763826
2001-12-24,9.074999809265137,9.237500190734863,9.074999809265137,9.237500190734863,34072,0.0,0.0,0.036465615187052824
2001-12-25,9.237500190734863,9.237500190734863,9.237500190734863,9.237500190734863,0,0.0,0.0,0.0
2001-12-26,9.237500190734863,9.237500190734863,9.237500190734863,9.237500190734863,0,0.0,0.0,0.0
2001-12-27,9.237500190734863,9.237500190734863,9.074999809265137,9.09000015258789,88064,0.0,0.0,-0.01596752748053132
2001-12-28,9.25,9.375,9.125,9.375,87992,0.0,0.0,0.031353118000880364
2001-12-31,9.375,9.375,9.375,9.375,0,0.0,0.0,0.0
2002-01-01,9.375,9.375,9.375,9.375,0,0.0,0.0,0.0
2002-01-02,9.449999809265137,9.449999809265137,9.25,9.324999809265137,78428,0.0,0.0,-0.0053333536783853885
2002-01-03,9.317500114440918,9.40999984741211,9.302499771118164,9.302499771118164,106332,0.0,0.0,-0.002412872772889152
2002-01-04,9.449999809265137,9.494999885559082,9.25,9.274999618530273,251364,0.0,0.0,-0.0029562110469780745
2002-01-07,9.324999809265137,9.550000190734863,9.302499771118164,9.4375,139564,0.0,0.0,0.017520257482821933
2002-01-08,9.4375,9.4375,9.279999732971191,9.362500190734863,87624,0.0,0.0,-0.007946999657233
2002-01-09,9.350000381469727,9.362500190734863,9.1274995803833,9.287500381469727,666208,0.0,0.0,-0.008010660372467227
2002-01-10,9.177499771118164,9.6225004196167,9.177499771118164,9.475000381469727,491852,0.0,0.0,0.020188424473617905
2002-01-11,9.5,9.672499656677246,9.482500076293945,9.547499656677246,146392,0.0,0.0,0.0076516382362692426
2002-01-14,9.619999885559082,9.619999885559082,9.197500228881836,9.225000381469727,321324,0.0,0.0,-0.033778401341127307
2002-01-15,9.149999618530273,9.53499984741211,8.949999809265137,9.380000114440918,340228,0.0,0.0,0.01680213838067046
2002-01-16,9.5,9.5,9.255000114440918,9.350000381469727,195688,0.0,0.0,-0.0031982657361597777
2002-01-17,9.350000381469727,9.5,9.305000305175781,9.449999809265137,185976,0.0,0.0,0.010695125531074101
2002-01-18,9.422499656677246,9.470000267028809,9.287500381469727,9.4375,252740,0.0,0.0,-0.001322731165865343
2002-01-21,9.449999809265137,9.449999809265137,9.0024995803833,9.199999809265137,320008,0.0,0.0,-0.0251655831242239
2002-01-22,8.975000381469727,9.175000190734863,8.975000381469727,9.09749984741211,246696,0.0,0.0,-0.011141300432398027
2002-01-23,9.050000190734863,9.172499656677246,9.050000190734863,9.087499618530273,71192,0.0,0.0,-0.0010992282549673327
2002-01-24,9.087499618530273,9.449999809265137,9.087499618530273,9.449999809265137,370904,0.0,0.0,0.039889981397709384
2002-01-25,9.475000381469727,9.475000381469727,9.212499618530273,9.375,166216,0.0,0.0,-0.0079364879131113
2002-01-28,9.387499809265137,9.492500305175781,9.387499809265137,9.492500305175781,67396,0.0,0.0,0.012533365885416758
2002-01-29,9.492500305175781,9.492500305175781,9.392499923706055,9.392499923706055,148424,0.0,0.0,-0.01053467245244133
2002-01-30,9.324999809265137,9.324999809265137,9.050000190734863,9.237500190734863,218524,0.0,0.0,-0.016502500317299162
2002-01-31,9.375,9.637499809265137,9.350000381469727,9.369999885559082,387600,0.0,0.0,0.0143436743803389
2002-02-01,9.927499771118164,9.992500305175781,8.9350004196167,8.9350004196167,1325976,0.0,0.0,-0.04642470344239791
2002-02-04,8.987500190734863,9.25,8.949999809265137,9.237500190734863,453860,0.0,0.0,0.03385559674446448
2002-02-05,9.225000381469727,9.237500190734863,9.0,9.0,300604,0.0,0.0,-0.025710439602813162
2002-02-06,8.979999542236328,9.074999809265137,8.577500343322754,8.625,230352,0.0,0.0,-0.04166666666666663
2002-02-07,8.505000114440918,8.625,7.852499961853027,8.267499923706055,657576,0.0,0.0,-0.04144928420799365
2002-02-08,8.199999809265137,8.307499885559082,7.800000190734863,7.875,644584,0.0,0.0,-0.047475044127984645
2002-02-11,8.0024995803833,8.5,8.0,8.5,389128,0.0,0.0,0.0793650793650793
2002-02-12,8.677499771118164,8.725000381469727,8.125,8.227499961853027,843620,0.0,0.0,-0.032058828017290875
2002-02-13,8.375,8.475000381469727,8.337499618530273,8.462499618530273,132656,0.0,0.0,0.028562705289191914
2002-02-14,8.5,8.649999618530273,8.462499618530273,8.569999694824219,212364,0.0,0.0,0.012703111508395537
2002-02-15,8.600000381469727,8.609999656677246,8.024999618530273,8.024999618530273,413160,0.0,0.0,-0.06359394348906378
2002-02-18,8.052499771118164,8.0625,7.949999809265137,7.974999904632568,152052,0.0,0.0,-0.006230494239806816
2002-02-19,8.125,8.125,7.767499923706055,7.800000190734863,158396,0.0,0.0,-0.02194353805522309
2002-02-20,7.755000114440918,7.857500076293945,7.664999961853027,7.75,371964,0.0,0.0,-0.006410280706692251
2002-02-21,7.802499771118164,7.987500190734863,7.715000152587891,7.715000152587891,236776,0.0,0.0,-0.004516109343497998
2002-02-22,7.612500190734863,7.635000228881836,7.375,7.497499942779541,479796,0.0,0.0,-0.028191860726715867
2002-02-25,7.737500190734863,7.742499828338623,7.364999771118164,7.425000190734863,171236,0.0,0.0,-0.009669856965387358
2002-02-26,7.622499942779541,7.712500095367432,7.400000095367432,7.672500133514404,2414956,0.0,0.0,0.033333324770601136
2002-02-27,7.675000190734863,8.4975004196167,7.675000190734863,8.427499771118164,938220,0.0,0.0,0.09840333978044913
2002-02-28,8.305000305175781,8.350000381469727,8.1875,8.25,212844,0.0,0.0,-0.021061972819800268
2002-03-01,8.332500457763672,8.332500457763672,8.132499694824219,8.22249984741211,130904,0.0,0.0,-0.003333351828835207
2002-03-04,8.25,8.427499771118164,8.239999771118164,8.375,304636,0.0,0.0,0.018546689622121137
2002-03-05,8.425000190734863,8.460000038146973,8.125,8.194999694824219,243472,0.0,0.0,-0.021492573752332045
2002-03-06,8.125,8.300000190734863,8.112500190734863,8.1875,260824,0.0,0.0,-0.0009151549851741381
2002-03-07,8.25,8.600000381469727,8.199999809265137,8.449999809265137,854892,0.0,0.0,0.032061045406428956
2002-03-08,8.5,8.8725004196167,8.5,8.725000381469727,326428,0.0,0.0,0.032544447149343236
2002-03-11,8.75,8.984999656677246,8.637499809265137,8.887499809265137,421024,0.0,0.0,0.018624575437329316
2002-03-12,8.975000381469727,8.975000381469727,8.449999809265137,8.524999618530273,349284,0.0,0.0,-0.04078764540247415
2002-03-13,8.432499885559082,8.699999809265137,8.399999618530273,8.537500381469727,73492,0.0,0.0,0.0014663652198037003
2002-03-14,8.609999656677246,8.72249984741211,8.52750015258789,8.697500228881836,121372,0.0,0.0,0.018740830484690996
2002-03-15,8.7475004196167,8.75,8.505000114440918,8.75,124084,0.0,0.0,0.006036190829156629
2002-03-18,8.725000381469727,8.875,8.699999809265137,8.77750015258789,194324,0.0,0.0,0.0031428745814732206
2002-03-19,8.837499618530273,8.837499618530273,8.3774995803833,8.600000381469727,273332,0.0,0.0,-0.02022213250156779
2002-03-20,8.587499618530273,8.600000381469727,8.3125,8.375,236412,0.0,0.0,-0.026162833894116
2002-03-21,8.287500381469727,8.3125,8.055000305175781,8.237500190734863,402176,0.0,0.0,-0.016417887673449205
2002-03-22,8.300000190734863,8.342499732971191,8.100000381469727,8.197500228881836,452820,0.0,0.0,-0.004855837441802735
2002-03-25,8.1850004196167,8.375,8.175000190734863,8.297499656677246,156564,0.0,0.0,0.012198770967164707
2002-03-26,8.274999618530273,8.345000267028809,8.199999809265137,8.199999809265137,151080,0.0,0.0,-0.011750509363823602
2002-03-27,8.192500114440918,8.369999885559082,8.192500114440918,8.237500190734863,415960,0.0,0.0,0.004573217358780246
2002-03-28,8.255000114440918,8.494999885559082,8.255000114440918,8.494999885559082,320800,0.0,0.0,0.031259446295836435
2002-03-29,8.494999885559082,8.494999885559082,8.494999885559082,8.494999885559082,0,0.0,0.0,0.0
2002-04-01,8.494999885559082,8.494999885559082,8.494999885559082,8.494999885559082,0,0.0,0.0,0.0
2002-04-02,8.494999885559082,8.510000228881836,8.0649995803833,8.114999771118164,292836,0.0,0.0,-0.04473220948323875
2002-04-03,8.114999771118164,8.172499656677246,7.775000095367432,7.800000190734863,548932,0.0,0.0,-0.038816954931336634
2002-04-04,7.824999809265137,7.897500038146973,7.40500020980835,7.487500190734863,817144,0.0,0.0,-0.04006410158440754
2002-04-05,7.574999809265137,7.712500095367432,7.5625,7.712500095367432,342876,0.0,0.0,0.030050069970079862
2002-04-08,7.744999885559082,7.744999885559082,7.5625,7.622499942779541,315352,0.0,0.0,-0.01166938754943414
2002-04-09,7.650000095367432,7.972499847412109,7.650000095367432,7.887499809265137,829332,0.0,0.0,0.0347654796293726
2002-04-10,7.789999961853027,7.942500114440918,7.789999961853027,7.912499904632568,392596,0.0,0.0,0.003169584275370063
2002-04-11,7.887499809265137,7.925000190734863,7.675000190734863,7.775000095367432,242816,0.0,0.0,-0.017377543244535665
2002-04-12,7.75,7.824999809265137,7.659999847412109,7.690000057220459,434244,0.0,0.0,-0.010932480656510646
2002-04-15,7.75,7.827499866485596,7.724999904632568,7.807499885559082,59560,0.0,0.0,0.015279561438793277
2002-04-16,7.800000190734863,7.820000171661377,7.6875,7.724999904632568,226460,0.0,0.0,-0.010566760440061884
2002-04-17,7.914999961853027,8.257499694824219,7.862500190734863,8.237500190734863,815320,0.0,0.0,0.06634307992611843
2002-04-18,8.15250015258789,8.237500190734863,8.087499618530273,8.175000190734863,116408,0.0,0.0,-0.007587253238585334
2002-04-19,8.082500457763672,8.125,8.007499694824219,8.125,57432,0.0,0.0,-0.00611623113985138
2002-04-22,8.100000381469727,8.1225004196167,7.929999828338623,8.0,153764,0.0,0.0,-0.01538461538461533
2002-04-23,8.0,8.012499809265137,7.949999809265137,8.0,188116,0.0,0.0,0.0
2002-04-24,8.0,8.005000114440918,7.925000190734863,8.0,254492,0.0,0.0,0.0
2002-04-25,7.957499980926514,8.024999618530273,7.912499904632568,7.932499885559082,142660,0.0,0.0,-0.008437514305114746
2002-04-26,7.949999809265137,8.024999618530273,7.800000190734863,7.875,190132,0.0,0.0,-0.007248646251323487
2002-04-29,7.775000095367432,7.787499904632568,7.517499923706055,7.612500190734863,244012,0.0,0.0,-0.03333330911303323
2002-04-30,7.597499847412109,7.650000095367432,7.427499771118164,7.427499771118164,387784,0.0,0.0,-0.02430218916012139
2002-05-01,7.427499771118164,7.427499771118164,7.427499771118164,7.427499771118164,0,0.0,0.0,0.0
2002-05-02,7.447500228881836,7.675000190734863,7.25,7.25,432104,0.0,0.0,-0.023897647470602745
2002-05-03,7.487500190734863,7.6875,7.264999866485596,7.264999866485596,955088,0.0,0.0,0.002068947101461438
2002-05-06,7.302499771118164,7.400000095367432,7.15500020980835,7.1875,372704,0.0,0.0,-0.010667566126616568
2002-05-07,7.235000133514404,7.262499809265137,6.877500057220459,7.175000190734863,690956,0.0,0.0,-0.0017391038977581097
2002-05-08,7.175000190734863,7.5,7.175000190734863,7.480000019073486,199084,0.0,0.0,0.04250868574644384
2002-05-09,7.619999885559082,7.619999885559082,7.304999828338623,7.477499961853027,93312,0.0,0.0,-0.0003342322478722126
2002-05-10,7.5625,7.824999809265137,7.377500057220459,7.582499980926514,297896,0.0,0.0,0.014042129001558212
2002-05-13,7.525000095367432,7.5625,7.377500057220459,7.425000190734863,169616,0.0,0.0,-0.020771485735289863
2002-05-14,7.497499942779541,7.5625,7.427499771118164,7.5,511036,0.0,0.0,0.010100984153337045
2002-05-15,7.5,7.744999885559082,7.389999866485596,7.587500095367432,307416,0.0,0.0,0.01166667938232413
2002-05-16,7.625,7.710000038146973,7.574999809265137,7.6875,348664,0.0,0.0,0.013179558929247825
2002-05-17,7.75,8.1274995803833,7.75,8.015000343322754,452048,0.0,0.0,0.04260167067613052
2002-05-20,8.125,8.125,8.024999618530273,8.074999809265137,69056,0.0,0.0,0.007485896864916297
2002-05-21,8.037500381469727,8.074999809265137,7.78000020980835,7.802499771118164,194964,0.0,0.0,-0.03374613555214079
2002-05-22,7.762499809265137,8.0,7.724999904632568,8.0,372824,0.0,0.0,0.025312429948784576
2002-05-23,7.994999885559082,7.994999885559082,7.724999904632568,7.724999904632568,68428,0.0,0.0,-0.034375011920928955
2002-05-24,7.699999809265137,7.912499904632568,7.442500114440918,7.487500190734863,236800,0.0,0.0,-0.03074429991323102
2002-05-27,7.377500057220459,7.587500095367432,7.364999771118164,7.5,127984,0.0,0.0,0.001669423565505035
2002-05-28,7.537499904632568,7.577499866485596,7.452499866485596,7.574999809265137,120840,0.0,0.0,0.009999974568684955
2002-05-29,7.574999809265137,7.574999809265137,7.427499771118164,7.462500095367432,64124,0.0,0.0,-0.014851447753187363
2002-05-30,7.40500020980835,7.449999809265137,7.175000190734863,7.409999847412109,189128,0.0,0.0,-0.007035209016334032
2002-05-31,7.28000020980835,7.40500020980835,7.28000020980835,7.372499942779541,93440,0.0,0.0,-0.0050607159790515555
2002-06-03,7.372499942779541,7.372499942779541,7.25,7.25,90812,0.0,0.0,-0.016615794334391865
2002-06-04,7.112500190734863,7.112500190734863,6.690000057220459,6.800000190734863,583268,0.0,0.0,-0.062068939208984375
2002-06-05,6.900000095367432,6.992499828338623,6.732500076293945,6.872499942779541,190448,0.0,0.0,0.01066172794281095
2002-06-06,6.875,6.925000190734863,6.837500095367432,6.869999885559082,272932,0.0,0.0,-0.00036377697217526705
2002-06-07,6.550000190734863,6.712500095367432,6.352499961853027,6.712500095367432,326604,0.0,0.0,-0.022925734034249245
2002-06-10,6.75,6.809999942779541,6.557499885559082,6.612500190734863,130772,0.0,0.0,-0.014897564724294377
2002-06-11,6.440000057220459,6.597499847412109,6.352499961853027,6.5,440584,0.0,0.0,-0.0170132608680289
2002-06-12,6.349999904632568,6.547500133514404,5.730000019073486,5.835000038146973,599332,0.0,0.0,-0.10230768643892729
2002-06-13,5.837500095367432,6.137499809265137,5.787499904632568,6.137499809265137,493180,0.0,0.0,0.05184229119803563
2002-06-14,6.050000190734863,6.050000190734863,5.502500057220459,5.675000190734863,432604,0.0,0.0,-0.07535635566653487
2002-06-17,5.800000190734863,6.235000133514404,5.777500152587891,6.175000190734863,190972,0.0,0.0,0.08810572391104254
2002-06-18,6.412499904632568,6.692500114440918,6.162499904632568,6.550000190734863,303232,0.0,0.0,0.06072874306346754
2002-06-19,6.25,6.3125,6.125,6.277500152587891,161168,0.0,0.0,-0.041603058047606
2002-06-20,6.162499904632568,6.224999904632568,5.625,5.9375,329116,0.0,0.0,-0.05416171156088723
2002-06-21,5.972499847412109,6.247499942779541,5.574999809265137,6.247499942779541,172552,0.0,0.0,0.0522105166786595
2002-06-24,6.244999885559082,6.244999885559082,5.612500190734863,5.612500190734863,256748,0.0,0.0,-0.101640617504698
2002-06-25,6.125,6.125,5.762499809265137,6.110000133514404,211024,0.0,0.0,0.08864141218218857
2002-06-26,5.005000114440918,5.375,4.949999809265137,5.099999904632568,1899420,0.0,0.0,-0.16530281617209963
2002-06-27,5.070000171661377,5.119999885559082,4.255000114440918,4.255000114440918,1547308,0.0,0.0,-0.16568623646916103
2002-06-28,4.4375,4.599999904632568,4.074999809265137,4.5,1250684,0.0,0.0,0.057579290004619255
2002-07-01,4.625,4.6875,4.53000020980835,4.550000190734863,272416,0.0,0.0,0.011111153496636383
2002-07-02,4.474999904632568,4.487500190734863,4.03000020980835,4.037499904632568,510332,0.0,0.0,-0.1126374207952554
2002-07-03,4.037499904632568,4.037499904632568,3.4000000953674316,3.515000104904175,1202944,0.0,0.0,-0.12941171815976638
2002-07-04,3.619999885559082,3.744999885559082,3.549999952316284,3.622499942779541,477996,0.0,0.0,0.030583167757344043
2002-07-05,3.684999942779541,4.0,3.6500000953674316,4.0,637224,0.0,0.0,0.1042098173039041
2002-07-08,4.117499828338623,4.150000095367432,3.877500057220459,4.150000095367432,450972,0.0,0.0,0.03750002384185791
2002-07-09,4.21750020980835,4.21750020980835,3.952500104904175,4.122499942779541,197704,0.0,0.0,-0.00662654263998419
2002-07-10,3.994999885559082,3.994999885559082,3.6875,3.7249999046325684,384208,0.0,0.0,-0.09642208457593415
2002-07-11,3.6675000190734863,3.700000047683716,3.3499999046325684,3.377500057220459,539752,0.0,0.0,-0.09328855202920783
2002-07-12,3.549999952316284,3.6549999713897705,3.4000000953674316,3.5,426328,0.0,0.0,0.0362694124956886
2002-07-15,3.5250000953674316,3.5899999141693115,3.002500057220459,3.325000047683716,569680,0.0,0.0,-0.04999998637608116
2002-07-16,3.4000000953674316,3.4000000953674316,2.9375,3.202500104904175,352076,0.0,0.0,-0.036842087525646106
2002-07-17,3.1050000190734863,3.6050000190734863,3.0250000953674316,3.547499895095825,455228,0.0,0.0,0.10772826819375658
2002-07-18,3.625,3.8125,3.490000009536743,3.627500057220459,427912,0.0,0.0,0.022551138686495387
2002-07-19,3.502500057220459,3.637500047683716,3.369999885559082,3.512500047683716,224856,0.0,0.0,-0.031702276422529097
2002-07-22,3.4000000953674316,3.4049999713897705,3.2125000953674316,3.367500066757202,98992,0.0,0.0,-0.041281132799452225
2002-07-23,3.299999952316284,3.4749999046325684,3.237499952316284,3.2799999713897705,115144,0.0,0.0,-0.02598369521390731
2002-07-24,3.2249999046325684,3.2249999046325684,2.825000047683716,2.9749999046325684,273192,0.0,0.0,-0.09298782604195277
2002-07-25,3.200000047683716,3.2874999046325684,3.197499990463257,3.2249999046325684,453664,0.0,0.0,0.08403361613918325
2002-07-26,3.180000066757202,3.2249999046325684,3.052500009536743,3.200000047683716,73280,0.0,0.0,-0.007751893856784764
2002-07-29,3.299999952316284,3.700000047683716,3.299999952316284,3.575000047683716,234572,0.0,0.0,0.11718749825377017
2002-07-30,3.742500066757202,3.799999952316284,3.627500057220459,3.6675000190734863,172988,0.0,0.0,0.025874117526152762
2002-07-31,3.6624999046325684,3.815000057220459,3.297499895095825,3.422499895095825,372196,0.0,0.0,-0.06680303277532229
2002-08-01,3.444999933242798,3.617500066757202,3.375,3.484999895095825,178132,0.0,0.0,0.01826150530773063
2002-08-02,3.25,3.252500057220459,2.932499885559082,3.0299999713897705,839292,0.0,0.0,-0.1305595229274874
2002-08-05,3.0,3.2174999713897705,2.9100000858306885,3.2174999713897705,242988,0.0,0.0,0.061881188703113876
2002-08-06,3.0,3.137500047683716,2.9649999141693115,3.137500047683716,335796,0.0,0.0,-0.024864001372935318
2002-08-07,3.2125000953674316,3.325000047683716,3.0374999046325684,3.25,614796,0.0,0.0,0.0358565579622343
2002-08-08,3.299999952316284,3.4625000953674316,3.247499942779541,3.4375,613428,0.0,0.0,0.05769230769230771
2002-08-09,3.4600000381469727,3.5999999046325684,3.390000104904175,3.5999999046325684,485896,0.0,0.0,0.04727269952947433
2002-08-12,3.5999999046325684,3.625,3.5,3.619999885559082,129380,0.0,0.0,0.005555550404536813
2002-08-13,3.5250000953674316,3.619999885559082,3.502500057220459,3.515000104904175,111056,0.0,0.0,-0.029005465186276003
2002-08-14,3.450000047683716,3.512500047683716,3.3524999618530273,3.494999885559082,168264,0.0,0.0,-0.005689962659514047
2002-08-15,3.609999895095825,3.637500047683716,3.5174999237060547,3.637500047683716,75960,0.0,0.0,0.040772579911497964
2002-08-16,3.5824999809265137,3.924999952316284,3.5824999809265137,3.8924999237060547,206104,0.0,0.0,0.07010305778132353
2002-08-19,3.924999952316284,4.224999904632568,3.8125,4.222499847412109,379072,0.0,0.0,0.08477840209997001
2002-08-20,4.324999809265137,4.612500190734863,4.262499809265137,4.287499904632568,435336,0.0,0.0,0.01539373820470269
2002-08-21,4.287499904632568,4.420000076293945,3.924999952316284,4.199999809265137,247964,0.0,0.0,-0.02040818596238081
2002-08-22,4.375,4.375,4.15500020980835,4.375,137012,0.0,0.0,0.04166671397194244
2002-08-23,4.375,4.5,4.162499904632568,4.482500076293945,263164,0.0,0.0,0.024571446010044573
2002-08-26,4.474999904632568,4.474999904632568,4.150000095367432,4.362500190734863,135656,0.0,0.0,-0.026770749250783266
2002-08-27,4.362500190734863,4.447500228881836,4.264999866485596,4.275000095367432,71248,0.0,0.0,-0.020057327574051542
2002-08-28,4.235000133514404,4.235000133514404,3.9725000858306885,4.0,370072,0.0,0.0,-0.06432750625325911
2002-08-29,3.9549999237060547,4.087500095367432,3.9024999141693115,4.087500095367432,222300,0.0,0.0,0.02187502384185791
2002-08-30,4.087500095367432,4.162499904632568,3.9024999141693115,4.0,211104,0.0,0.0,-0.021406750660776686
2002-09-02,3.9375,3.9749999046325684,3.762500047683716,3.809999942779541,97460,0.0,0.0,-0.047500014305114746
2002-09-03,3.75,3.872499942779541,3.612499952316284,3.75,158548,0.0,0.0,-0.015748016714081325
2002-09-04,3.6624999046325684,3.9625000953674316,3.575000047683716,3.8299999237060547,117244,0.0,0.0,0.02133331298828134
2002-09-05,3.922499895095825,3.922499895095825,3.577500104904175,3.625,105908,0.0,0.0,-0.05352478532367411
2002-09-06,3.6050000190734863,3.872499942779541,3.6050000190734863,3.799999952316284,111324,0.0,0.0,0.04827584891483694
2002-09-09,3.7750000953674316,3.822499990463257,3.7149999141693115,3.7249999046325684,93488,0.0,0.0,-0.019736854901274303
2002-09-10,3.6875,3.825000047683716,3.640000104904175,3.75,205388,0.0,0.0,0.006711435169794333
2002-09-11,3.75,3.924999952316284,3.702500104904175,3.9000000953674316,109484,0.0,0.0,0.04000002543131509
2002-09-12,3.927500009536743,3.9625000953674316,3.755000114440918,3.7850000858306885,72416,0.0,0.0,-0.02948718121144267
2002-09-13,3.747499942779541,3.887500047683716,3.677500009536743,3.752500057220459,343612,0.0,0.0,-0.008586533123709716
2002-09-16,3.799999952316284,3.825000047683716,3.6524999141693115,3.700000047683716,50568,0.0,0.0,-0.01399067521284214
2002-09-17,3.6875,3.7699999809265137,3.565000057220459,3.619999885559082,99048,0.0,0.0,-0.021621665160441172
2002-09-18,3.5374999046325684,3.5374999046325684,3.184999942779541,3.184999942779541,417524,0.0,0.0,-0.12016573384845797
2002-09-19,3.002500057220459,3.0625,2.5625,2.75,684788,0.0,0.0,-0.13657769249437335
2002-09-20,2.674999952316284,2.8450000286102295,2.5250000953674316,2.7874999046325684,309416,0.0,0.0,0.013636328957297605
2002-09-23,2.815000057220459,2.862499952316284,2.5350000858306885,2.5350000858306885,715988,0.0,0.0,-0.09058289773651595
2002-09-24,2.502500057220459,2.549999952316284,2.0299999713897705,2.252500057220459,859744,0.0,0.0,-0.11143984972200016
2002-09-25,2.202500104904175,2.430000066757202,2.200000047683716,2.307499885559082,446212,0.0,0.0,0.024417237265907943
2002-09-26,2.494999885559082,2.494999885559082,2.247499942779541,2.25,686420,0.0,0.0,-0.024918694869252578
2002-09-27,2.252500057220459,2.2950000762939453,2.0325000286102295,2.1500000953674316,597632,0.0,0.0,-0.04444440205891931
2002-09-30,2.0374999046325684,2.0875000953674316,1.9500000476837158,2.0875000953674316,427568,0.0,0.0,-0.02906976615241441
2002-10-01,2.125,2.125,2.012500047683716,2.0325000286102295,87184,0.0,0.0,-0.02634733616504159
2002-10-02,2.130000114440918,2.1600000858306885,1.9424999952316284,1.9500000476837158,349652,0.0,0.0,-0.04059039594844438
2002-10-03,1.899999976158142,2.2950000762939453,1.7799999713897705,2.257499933242798,2150596,0.0,0.0,0.15769224514857938
2002-10-04,2.375,2.375,2.002500057220459,2.0950000286102295,862524,0.0,0.0,-0.0719822411685056
2002-10-07,1.975000023841858,2.047499895095825,1.8825000524520874,1.965000033378601,299448,0.0,0.0,-0.06205250284309882
2002-10-08,1.902500033378601,2.009999990463257,1.899999976158142,1.9225000143051147,185660,0.0,0.0,-0.02162850806695016
2002-10-09,1.9924999475479126,1.9950000047683716,1.840000033378601,1.9574999809265137,442256,0.0,0.0,0.018205444140945604
2002-10-10,1.9500000476837158,2.007499933242798,1.9075000286102295,1.965000033378601,129400,0.0,0.0,0.003831444457300881
2002-10-11,2.009999990463257,2.1524999141693115,1.997499942779541,2.130000114440918,614860,0.0,0.0,0.0839695054755889
2002-10-14,2.125,2.127500057220459,2.012500047683716,2.0174999237060547,197140,0.0,0.0,-0.052816988117576846
2002-10-15,2.0999999046325684,2.2725000381469727,2.075000047683716,2.265000104904175,279784,0.0,0.0,0.12267667437799634
2002-10-16,2.299999952316284,2.5250000953674316,2.257499933242798,2.487499952316284,389116,0.0,0.0,0.09823392366753225
2002-10-17,2.4375,3.2225000858306885,2.4375,3.0374999046325684,699316,0.0,0.0,0.22110551270730316
2002-10-18,3.3949999809265137,3.4000000953674316,3.0250000953674316,3.4000000953674316,630240,0.0,0.0,0.1193416303263104
2002-10-21,3.265000104904175,3.387500047683716,3.125,3.137500047683716,637560,0.0,0.0,-0.07720589421199642
2002-10-22,3.125,3.125,2.5399999618530273,2.7750000953674316,777252,0.0,0.0,-0.115537831651637
2002-10-23,2.75,2.7874999046325684,2.3499999046325684,2.4749999046325684,422564,0.0,0.0,-0.10810817312607723
2002-10-24,2.7225000858306885,2.7225000858306885,2.575000047683716,2.6475000381469727,287244,0.0,0.0,0.06969702632777008
2002-10-25,2.567500114440918,2.6500000953674316,2.490000009536743,2.575000047683716,177156,0.0,0.0,-0.02738432083800868
2002-10-28,2.7249999046325684,3.0999999046325684,2.7125000953674316,2.9000000953674316,555004,0.0,0.0,0.12621360841374063
2002-10-29,2.944999933242798,2.9725000858306885,2.5250000953674316,2.6500000953674316,273996,0.0,0.0,-0.0862068937167827
2002-10-30,2.625,3.012500047683716,2.625,3.0,661224,0.0,0.0,0.1320754309573109
2002-10-31,3.075000047683716,3.2225000858306885,2.9749999046325684,3.077500104904175,695816,0.0,0.0,0.0258333683013916
2002-11-01,3.200000047683716,3.200000047683716,2.924999952316284,3.049999952316284,180084,0.0,0.0,-0.008935873810066663
2002-11-04,3.202500104904175,3.5875000953674316,3.202500104904175,3.5374999046325684,726804,0.0,0.0,0.15983605243864307
2002-11-05,3.575000047683716,3.622499942779541,3.4124999046325684,3.5,555084,0.0,0.0,-0.01060068004057324
2002-11-06,3.5999999046325684,3.622499942779541,3.5250000953674316,3.5250000953674316,318736,0.0,0.0,0.007142884390694659
2002-11-07,3.567500114440918,3.609999895095825,3.049999952316284,3.200000047683716,435452,0.0,0.0,-0.09219859259318375
2002-11-08,3.052500009536743,3.2249999046325684,3.052500009536743,3.0899999141693115,163340,0.0,0.0,-0.034375041211023305
2002-11-11,3.1024999618530273,3.202500104904175,3.0625,3.077500104904175,68692,0.0,0.0,-0.004045245829237154
2002-11-12,3.055000066757202,3.259999990463257,3.055000066757202,3.25,130752,0.0,0.0,0.05605195425369325
2002-11-13,3.375,3.3949999809265137,3.1524999141693115,3.2750000953674316,304708,0.0,0.0,0.0076923370361328125
2002-11-14,3.2750000953674316,3.487499952316284,3.2100000381469727,3.4774999618530273,244692,0.0,0.0,0.06183201850040754
2002-11-15,3.5999999046325684,3.737499952316284,3.492500066757202,3.5399999618530273,535720,0.0,0.0,0.01797268172123756
2002-11-18,3.625,3.6700000762939453,3.2750000953674316,3.4000000953674316,464888,0.0,0.0,-0.03954798530910497
2002-11-19,3.3975000381469727,3.4000000953674316,3.255000114440918,3.299999952316284,185128,0.0,0.0,-0.02941180595477033
2002-11-20,3.299999952316284,3.4100000858306885,3.257499933242798,3.3424999713897705,131908,0.0,0.0,0.012878793844725678
2002-11-21,3.547499895095825,3.737499952316284,3.450000047683716,3.737499952316284,706744,0.0,0.0,0.11817501400374808
2002-11-22,3.737499952316284,4.0,3.6500000953674316,3.7874999046325684,755344,0.0,0.0,0.013377913833897637
2002-11-25,3.8475000858306885,3.987499952316284,3.825000047683716,3.9800000190734863,564764,0.0,0.0,0.0508251140034266
2002-11-26,4.087500095367432,4.175000190734863,3.9749999046325684,4.03249979019165,636548,0.0,0.0,0.013190897202655094
2002-11-27,3.9124999046325684,4.485000133514404,3.9000000953674316,4.400000095367432,1805224,0.0,0.0,0.09113461234881193
2002-11-28,4.474999904632568,4.6875,4.409999847412109,4.5,491812,0.0,0.0,0.022727250560256484
2002-11-29,4.539999961853027,4.585000038146973,4.28000020980835,4.377500057220459,306556,0.0,0.0,-0.02722220950656462
2002-12-02,4.449999809265137,4.667500019073486,4.40749979019165,4.5,564112,0.0,0.0,0.027983995700350484
2002-12-03,4.527500152587891,4.574999809265137,4.275000095367432,4.287499904632568,390304,0.0,0.0,-0.04722224341498482
2002-12-04,4.085000038146973,4.159999847412109,3.799999952316284,4.159999847412109,751120,0.0,0.0,-0.029737623336783647
2002-12-05,4.317500114440918,4.317500114440918,3.9124999046325684,3.952500104904175,457384,0.0,0.0,-0.04987974762475478
2002-12-06,4.034999847412109,4.034999847412109,3.677500009536743,3.9124999046325684,385304,0.0,0.0,-0.010120227504099244
2002-12-09,3.987499952316284,3.994999885559082,3.700000047683716,3.700000047683716,205012,0.0,0.0,-0.0543130638028243
2002-12-10,3.625,3.765000104904175,3.612499952316284,3.765000104904175,247068,0.0,0.0,0.017567582806154336
2002-12-11,3.7750000953674316,3.922499895095825,3.7125000953674316,3.747499942779541,297652,0.0,0.0,-0.004648117300671162
2002-12-12,3.5,3.7225000858306885,3.1549999713897705,3.565000057220459,767412,0.0,0.0,-0.048699102960818474
2002-12-13,3.674999952316284,3.674999952316284,3.4124999046325684,3.5,212536,0.0,0.0,-0.01823283483230509
2002-12-16,3.4749999046325684,3.4749999046325684,3.3524999618530273,3.375,471052,0.0,0.0,-0.0357142857142857
2002-12-17,3.4124999046325684,3.484999895095825,3.172499895095825,3.2125000953674316,327220,0.0,0.0,-0.048148119891131325
2002-12-18,3.234999895095825,3.234999895095825,2.75,2.75,775996,0.0,0.0,-0.14396889700777826
2002-12-19,2.75,2.9049999713897705,2.625,2.740000009536743,470972,0.0,0.0,-0.0036363601684570312
2002-12-20,2.7750000953674316,2.819999933242798,2.700000047683716,2.7750000953674316,309024,0.0,0.0,0.01277375390834612
2002-12-23,2.75,2.7750000953674316,2.5399999618530273,2.5399999618530273,383720,0.0,0.0,-0.08468472988765374
2002-12-24,2.5975000858306885,2.7074999809265137,2.5425000190734863,2.672499895095825,99476,0.0,0.0,0.05216532883179026
2002-12-25,2.672499895095825,2.672499895095825,2.672499895095825,2.672499895095825,0,0.0,0.0,0.0
2002-12-26,2.672499895095825,2.672499895095825,2.672499895095825,2.672499895095825,0,0.0,0.0,0.0
2002-12-27,2.674999952316284,2.7925000190734863,2.672499895095825,2.75,178172,0.0,0.0,0.02899910493781177
2002-12-30,2.799999952316284,2.799999952316284,2.697499990463257,2.7125000953674316,182132,0.0,0.0,-0.013636328957297605
2002-12-31,2.7125000953674316,2.7699999809265137,2.6500000953674316,2.6500000953674316,186948,0.0,0.0,-0.02304147384427424
2003-01-01,2.6500000953674316,2.6500000953674316,2.6500000953674316,2.6500000953674316,0,0.0,0.0,0.0
2003-01-02,2.7074999809265137,2.9000000953674316,2.700000047683716,2.75,343800,0.0,0.0,0.03773581171086837
2003-01-03,3.0174999237060547,3.0174999237060547,2.799999952316284,2.8375000953674316,412216,0.0,0.0,0.03181821649724781
2003-01-06,2.950000047683716,2.9725000858306885,2.825000047683716,2.882499933242798,295088,0.0,0.0,0.01585897316755469
2003-01-07,2.9800000190734863,2.984999895095825,2.882499933242798,2.9075000286102295,267376,0.0,0.0,0.008673060172218916
2003-01-08,2.877500057220459,2.877500057220459,2.627500057220459,2.7249999046325684,933396,0.0,0.0,-0.06276874365669238
2003-01-09,2.7249999046325684,2.7249999046325684,2.575000047683716,2.625,977808,0.0,0.0,-0.03669721399350001
2003-01-10,2.6500000953674316,2.6700000762939453,2.552500009536743,2.615000009536743,438724,0.0,0.0,-0.0038095201764788422
2003-01-13,2.6475000381469727,2.6675000190734863,2.559999942779541,2.559999942779541,572084,0.0,0.0,-0.021032530231977153
2003-01-14,2.5950000286102295,2.625,2.557499885559082,2.5875000953674316,517076,0.0,0.0,0.010742247344752709
2003-01-15,2.619999885559082,2.6500000953674316,2.575000047683716,2.619999885559082,389016,0.0,0.0,0.012560304925142596
2003-01-16,2.6050000190734863,2.674999952316284,2.5799999237060547,2.640000104904175,489588,0.0,0.0,0.007633671839197387
2003-01-17,2.5899999141693115,2.634999990463257,2.5625,2.6050000190734863,378112,0.0,0.0,-0.013257607742390154
2003-01-20,2.565000057220459,2.5875000953674316,2.450000047683716,2.5,293588,0.0,0.0,-0.040307108754199295
2003-01-21,2.5,2.5899999141693115,2.4749999046325684,2.549999952316284,324140,0.0,0.0,0.019999980926513672
2003-01-22,2.5875000953674316,2.5875000953674316,2.4000000953674316,2.450000047683716,586700,0.0,0.0,-0.03921564960882995
2003-01-23,2.452500104904175,2.5299999713897705,2.380000114440918,2.4774999618530273,854600,0.0,0.0,0.011224454544525697
2003-01-24,2.575000047683716,2.674999952316284,2.5,2.549999952316284,866840,0.0,0.0,0.02926336693423437
2003-01-27,2.452500104904175,2.5,2.4024999141693115,2.4749999046325684,310784,0.0,0.0,-0.029411783955364257
2003-01-28,2.572499990463257,2.572499990463257,2.487499952316284,2.559999942779541,282020,0.0,0.0,0.034343451079684506
2003-01-29,2.5625,2.619999885559082,2.490000009536743,2.572499990463257,550368,0.0,0.0,0.004882831235591301
2003-01-30,2.572499990463257,2.7874999046325684,2.547499895095825,2.75,829276,0.0,0.0,0.06899903214568281
2003-01-31,2.6875,2.924999952316284,2.6500000953674316,2.9175000190734863,934524,0.0,0.0,0.06090909784490406
2003-02-03,2.9749999046325684,3.1875,2.942500114440918,3.174999952316284,848596,0.0,0.0,0.08826047354219813
2003-02-04,3.25,3.2725000381469727,3.0299999713897705,3.047499895095825,770604,0.0,0.0,-0.04015749894025755
2003-02-05,3.125,3.25,2.9049999713897705,3.0250000953674316,732116,0.0,0.0,-0.0073830354398375375
2003-02-06,2.922499895095825,3.132499933242798,2.9149999618530273,3.132499933242798,435772,0.0,0.0,0.03553713536736569
2003-02-07,3.197499990463257,3.200000047683716,3.015000104904175,3.200000047683716,620644,0.0,0.0,0.02154832111074967
2003-02-10,3.0824999809265137,3.125,3.065000057220459,3.0799999237060547,128976,0.0,0.0,-0.03750003818422498
2003-02-11,3.1075000762939453,3.1875,3.0924999713897705,3.1649999618530273,394712,0.0,0.0,0.02759741566639229
2003-02-12,3.0799999237060547,3.122499942779541,3.0625,3.0875000953674316,102360,0.0,0.0,-0.024486529990421113
2003-02-13,3.0374999046325684,3.052500009536743,2.927500009536743,3.0,275128,0.0,0.0,-0.028340110984520828
2003-02-14,3.0,3.049999952316284,2.924999952316284,3.002500057220459,201232,0.0,0.0,0.0008333524068195874
2003-02-17,3.119999885559082,3.1475000381469727,3.055000066757202,3.1475000381469727,202616,0.0,0.0,0.04829308181953751
2003-02-18,3.1475000381469727,3.1475000381469727,3.0250000953674316,3.0950000286102295,105924,0.0,0.0,-0.01667990751404458
2003-02-19,3.0274999141693115,3.115000009536743,3.0274999141693115,3.0975000858306885,133888,0.0,0.0,0.0008077729232143227
2003-02-20,3.0999999046325684,3.115000009536743,3.0,3.002500057220459,174388,0.0,0.0,-0.030669903463377057
2003-02-21,2.924999952316284,3.012500047683716,2.8399999141693115,3.012500047683716,206112,0.0,0.0,0.0033305546287030197
2003-02-24,3.049999952316284,3.049999952316284,2.865000009536743,2.865000009536743,146192,0.0,0.0,-0.04896266748954381
2003-02-25,2.752500057220459,2.799999952316284,2.5374999046325684,2.549999952316284,301420,0.0,0.0,-0.10994766358531116
2003-02-26,2.5999999046325684,2.6600000858306885,2.4749999046325684,2.4749999046325684,263688,0.0,0.0,-0.029411783955364257
2003-02-27,2.4574999809265137,2.619999885559082,2.4149999618530273,2.5299999713897705,165280,0.0,0.0,0.022222250051103565
2003-02-28,2.565000057220459,2.7125000953674316,2.565000057220459,2.619999885559082,171300,0.0,0.0,0.035573089006745384
2003-03-03,2.6875,2.7174999713897705,2.6500000953674316,2.700000047683716,218368,0.0,0.0,0.03053441435840476
2003-03-04,2.625,2.6575000286102295,2.549999952316284,2.622499942779541,180944,0.0,0.0,-0.02870374205017545
2003-03-05,2.5799999237060547,2.6649999618530273,2.5799999237060547,2.640000104904175,69580,0.0,0.0,0.0066730838918858115
2003-03-06,2.625,2.684999942779541,2.625,2.6649999618530273,129356,0.0,0.0,0.009469642407366585
2003-03-07,2.625,2.697499990463257,2.612499952316284,2.6500000953674316,197540,0.0,0.0,-0.005628467804992376
2003-03-10,2.6500000953674316,2.6624999046325684,2.625,2.627500057220459,90068,0.0,0.0,-0.008490580127263336
2003-03-11,2.625,2.6475000381469727,2.552500009536743,2.637500047683716,117180,0.0,0.0,0.003805895431201467
2003-03-12,2.5999999046325684,2.6624999046325684,2.565000057220459,2.565000057220459,188548,0.0,0.0,-0.027488147545979058
2003-03-13,2.552500009536743,2.5999999046325684,2.512500047683716,2.549999952316284,290492,0.0,0.0,-0.005847993984229971
2003-03-14,2.549999952316284,2.6475000381469727,2.549999952316284,2.619999885559082,427904,0.0,0.0,0.027450954726180976
2003-03-17,2.619999885559082,2.6575000286102295,2.5625,2.625,311648,0.0,0.0,0.0019084407096647826
2003-03-18,2.700000047683716,2.884999990463257,2.700000047683716,2.884999990463257,584600,0.0,0.0,0.09904761541457408
2003-03-19,2.875,2.884999990463257,2.752500057220459,2.7799999713897705,275948,0.0,0.0,-0.036395154045260836
2003-03-20,2.807499885559082,2.924999952316284,2.7899999618530273,2.9000000953674316,229920,0.0,0.0,0.043165512666415884
2003-03-21,2.9000000953674316,2.950000047683716,2.8375000953674316,2.9375,185148,0.0,0.0,0.012931001172197254
2003-03-24,2.884999990463257,2.884999990463257,2.6700000762939453,2.6700000762939453,215120,0.0,0.0,-0.09106380381482715
2003-03-25,2.625,2.6649999618530273,2.5250000953674316,2.557499885559082,285532,0.0,0.0,-0.042134901692968296
2003-03-26,2.617500066757202,2.6424999237060547,2.487499952316284,2.487499952316284,511336,0.0,0.0,-0.02737045410561012
2003-03-27,2.5,2.559999942779541,2.487499952316284,2.5374999046325684,269304,0.0,0.0,0.020100483728542784
2003-03-28,2.5950000286102295,2.7249999046325684,2.5799999237060547,2.7149999141693115,241048,0.0,0.0,0.06995074530355305
2003-03-31,2.6875,2.6875,2.502500057220459,2.502500057220459,369016,0.0,0.0,-0.07826882639658184
2003-04-01,2.555000066757202,2.575000047683716,2.5199999809265137,2.5199999809265137,172640,0.0,0.0,0.006992976346019253
2003-04-02,2.555000066757202,2.634999990463257,2.5299999713897705,2.5875000953674316,427692,0.0,0.0,0.026785759901514217
2003-04-03,2.612499952316284,2.6500000953674316,2.549999952316284,2.575000047683716,332732,0.0,0.0,-0.004830936124831653
2003-04-04,2.617500066757202,2.625,2.549999952316284,2.575000047683716,200456,0.0,0.0,0.0
2003-04-07,2.6875,2.7925000190734863,2.6875,2.747499942779541,400252,0.0,0.0,0.0669902492821286
2003-04-08,2.7200000286102295,2.7249999046325684,2.6649999618530273,2.6649999618530273,152588,0.0,0.0,-0.03002729122645642
2003-04-09,2.6500000953674316,2.75,2.634999990463257,2.7149999141693115,205168,0.0,0.0,0.01876170845477909
2003-04-10,2.7125000953674316,2.7125000953674316,2.6675000190734863,2.674999952316284,149712,0.0,0.0,-0.014732951424518137
2003-04-11,2.734999895095825,2.9375,2.734999895095825,2.8499999046325684,1032880,0.0,0.0,0.06542054408814169
2003-04-14,2.859999895095825,2.884999990463257,2.802500009536743,2.8499999046325684,238800,0.0,0.0,0.0
2003-04-15,2.9000000953674316,3.075000047683716,2.880000114440918,3.0374999046325684,746744,0.0,0.0,0.06578947588567496
2003-04-16,3.0999999046325684,3.2149999141693115,3.0999999046325684,3.190000057220459,526572,0.0,0.0,0.050205813127865095
2003-04-17,3.127500057220459,3.137500047683716,3.0399999618530273,3.069999933242798,175540,0.0,0.0,-0.037617593048641096
2003-04-18,3.069999933242798,3.069999933242798,3.069999933242798,3.069999933242798,0,0.0,0.0,0.0
2003-04-21,3.069999933242798,3.069999933242798,3.069999933242798,3.069999933242798,0,0.0,0.0,0.0
2003-04-22,3.0274999141693115,3.197499990463257,3.0274999141693115,3.1675000190734863,314700,0.0,0.0,0.03175898630320173
2003-04-23,3.25,3.444999933242798,3.2249999046325684,3.4075000286102295,755176,0.0,0.0,0.07576953688762544
2003-04-24,3.4625000953674316,3.4625000953674316,3.365000009536743,3.387500047683716,250464,0.0,0.0,-0.005869400075888098
2003-04-25,3.3949999809265137,3.424999952316284,3.365000009536743,3.375,185068,0.0,0.0,-0.0036900509248001256
2003-04-28,3.387500047683716,3.684999942779541,3.387500047683716,3.684999942779541,448652,0.0,0.0,0.09185183489764182
2003-04-29,3.7750000953674316,3.8399999141693115,3.684999942779541,3.747499942779541,536732,0.0,0.0,0.016960651552373474
2003-04-30,3.694999933242798,3.9000000953674316,3.612499952316284,3.880000114440918,427860,0.0,0.0,0.03535695094983793
2003-05-01,3.880000114440918,3.880000114440918,3.880000114440918,3.880000114440918,0,0.0,0.0,0.0
2003-05-02,4.025000095367432,4.247499942779541,3.927500009536743,4.125,947532,0.0,0.0,0.06314429853937908
2003-05-05,4.197500228881836,4.5,4.127500057220459,4.237500190734863,1682036,0.0,0.0,0.02727277351148194
2003-05-06,4.364999771118164,4.375,3.9674999713897705,4.099999904632568,1543432,0.0,0.0,-0.032448443637344115
2003-05-07,4.207499980926514,4.237500190734863,4.130000114440918,4.224999904632568,1202444,0.0,0.0,0.030487805587205763
2003-05-08,4.25,4.275000095367432,3.877500057220459,3.930000066757202,650344,0.0,0.0,-0.0698224484104506
2003-05-09,3.9375,4.017499923706055,3.75,3.952500104904175,559388,0.0,0.0,0.005725200449052004
2003-05-12,4.002500057220459,4.087500095367432,3.765000104904175,3.815000057220459,819796,0.0,0.0,-0.03478811993277586
2003-05-13,3.859999895095825,3.922499895095825,3.825000047683716,3.875,429888,0.0,0.0,0.015727376639479207
2003-05-14,3.8299999237060547,3.8575000762939453,3.7149999141693115,3.8324999809265137,386768,0.0,0.0,-0.010967746857673877
2003-05-15,3.8499999046325684,4.224999904632568,3.7825000286102295,4.202499866485596,994128,0.0,0.0,0.09654269729954024
2003-05-16,4.3125,4.3125,3.9024999141693115,4.107500076293945,831280,0.0,0.0,-0.022605542703109105
2003-05-19,3.997499942779541,3.997499942779541,3.7750000953674316,3.8125,536472,0.0,0.0,-0.07181985899318932
2003-05-20,3.762500047683716,3.7750000953674316,3.557499885559082,3.740000009536743,568536,0.0,0.0,-0.019016390941182126
2003-05-21,3.6875,3.7274999618530273,3.6075000762939453,3.674999952316284,190704,0.0,0.0,-0.01737969439965592
2003-05-22,3.6424999237060547,3.8125,3.6424999237060547,3.8125,405284,0.0,0.0,0.03741497944702066
2003-05-23,3.862499952316284,3.924999952316284,3.75,3.7950000762939453,322724,0.0,0.0,-0.004590143922899581
2003-05-26,3.75,3.797499895095825,3.6875,3.7249999046325684,209392,0.0,0.0,-0.01844536765589122
2003-05-27,3.690000057220459,3.875,3.677500009536743,3.8499999046325684,229596,0.0,0.0,0.03355704783899305
2003-05-28,3.9749999046325684,3.9749999046325684,3.887500047683716,3.9674999713897705,313256,0.0,0.0,0.030519498615004803
2003-05-29,3.927500009536743,4.122499942779541,3.927500009536743,4.059999942779541,463972,0.0,0.0,0.023314422698626824
2003-05-30,4.074999809265137,4.087500095367432,3.984999895095825,4.025000095367432,410616,0.0,0.0,-0.0086206521934451
2003-06-02,4.070000171661377,4.272500038146973,4.070000171661377,4.257500171661377,742324,0.0,0.0,0.057763992741650005
2003-06-03,4.21999979019165,4.300000190734863,4.175000190734863,4.275000095367432,517040,0.0,0.0,0.004110375337748051
2003-06-04,4.300000190734863,4.420000076293945,4.275000095367432,4.324999809265137,438480,0.0,0.0,0.011695839247322315
2003-06-05,4.337500095367432,4.377500057220459,4.177499771118164,4.235000133514404,215436,0.0,0.0,-0.020809174501680294
2003-06-06,4.192500114440918,4.400000095367432,4.192500114440918,4.382500171661377,419972,0.0,0.0,0.034828815465602014
2003-06-09,4.372499942779541,4.389999866485596,4.3125,4.367499828338623,182724,0.0,0.0,-0.0034227821415161452
2003-06-10,4.309999942779541,4.425000190734863,4.304999828338623,4.382500171661377,266532,0.0,0.0,0.003434537816217942
2003-06-11,4.349999904632568,4.440000057220459,4.304999828338623,4.347499847412109,154144,0.0,0.0,-0.007986382858714003
2003-06-12,4.352499961853027,4.412499904632568,4.25,4.34250020980835,307828,0.0,0.0,-0.001150002939444783
2003-06-13,4.324999809265137,4.337500095367432,4.127500057220459,4.204999923706055,225096,0.0,0.0,-0.031663852494865696
2003-06-16,4.135000228881836,4.315000057220459,4.034999847412109,4.257500171661377,161304,0.0,0.0,0.01248519593528341
2003-06-17,4.34250020980835,4.34250020980835,4.215000152587891,4.264999866485596,88412,0.0,0.0,0.0017615254308473993
2003-06-18,4.349999904632568,4.414999961853027,4.275000095367432,4.414999961853027,478280,0.0,0.0,0.03517001173813239
2003-06-19,4.425000190734863,4.425000190734863,4.212500095367432,4.222499847412109,500872,0.0,0.0,-0.043601385301059725
2003-06-20,4.212500095367432,4.269999980926514,4.164999961853027,4.269999980926514,606724,0.0,0.0,0.011249291943377093
2003-06-23,4.267499923706055,4.474999904632568,4.202499866485596,4.4375,605576,0.0,0.0,0.039227170918427534
2003-06-24,4.4375,4.447500228881836,4.352499961853027,4.434999942779541,317984,0.0,0.0,-0.0005633931764414957
2003-06-25,4.4375,4.460000038146973,4.304999828338623,4.460000038146973,254712,0.0,0.0,0.005637000155576777
2003-06-26,4.127500057220459,4.375,4.127500057220459,4.309999942779541,1068132,0.0,0.0,-0.03363230809068629
2003-06-27,4.337500095367432,4.349999904632568,4.230000019073486,4.322500228881836,626156,0.0,0.0,0.002900298438109461
2003-06-30,4.327499866485596,4.327499866485596,4.150000095367432,4.1875,483156,0.0,0.0,-0.031231977266258815
2003-07-01,4.1875,4.247499942779541,4.037499904632568,4.037499904632568,227228,0.0,0.0,-0.03582091829670009
2003-07-02,4.212500095367432,4.212500095367432,4.125,4.125,276400,0.0,0.0,0.021671850757701616
2003-07-03,4.199999809265137,4.224999904632568,4.127500057220459,4.192500114440918,133412,0.0,0.0,0.016363664106889164
2003-07-04,4.177499771118164,4.177499771118164,4.114999771118164,4.114999771118164,87588,0.0,0.0,-0.0184854719635682
2003-07-07,4.175000190734863,4.315000057220459,4.150000095367432,4.315000057220459,170440,0.0,0.0,0.04860274537705478
2003-07-08,4.315000057220459,4.315000057220459,4.175000190734863,4.175000190734863,150544,0.0,0.0,-0.032444928071629686
2003-07-09,4.224999904632568,4.275000095367432,4.177499771118164,4.224999904632568,149716,0.0,0.0,0.011975978829573242
2003-07-10,4.235000133514404,4.235000133514404,4.137499809265137,4.137499809265137,99748,0.0,0.0,-0.020710082211242375
2003-07-11,4.139999866485596,4.197500228881836,4.0625,4.087500095367432,144828,0.0,0.0,-0.012084523553509419
2003-07-14,4.125,4.192500114440918,4.079999923706055,4.150000095367432,222044,0.0,0.0,0.015290519520925416
2003-07-15,4.077499866485596,4.122499942779541,4.037499904632568,4.090000152587891,452684,0.0,0.0,-0.014457817204996615
2003-07-16,4.150000095367432,4.322500228881836,4.150000095367432,4.304999828338623,568000,0.0,0.0,0.05256715592411276
2003-07-17,4.300000190734863,4.324999809265137,4.175000190734863,4.175000190734863,322924,0.0,0.0,-0.03019736185539612
2003-07-18,4.192500114440918,4.237500190734863,4.162499904632568,4.197500228881836,415000,0.0,0.0,0.0053892304476785835
2003-07-21,4.197500228881836,4.197500228881836,4.042500019073486,4.059999942779541,331036,0.0,0.0,-0.03275766017978832
2003-07-22,4.065000057220459,4.119999885559082,4.0,4.012499809265137,388516,0.0,0.0,-0.011699540439373712
2003-07-23,4.117499828338623,4.190000057220459,4.099999904632568,4.190000057220459,306572,0.0,0.0,0.044236824023134336
2003-07-24,4.199999809265137,4.237500190734863,4.127500057220459,4.237500190734863,247820,0.0,0.0,0.011336547223322668
2003-07-25,4.199999809265137,4.237500190734863,4.175000190734863,4.204999923706055,176572,0.0,0.0,-0.00766967918960082
2003-07-28,4.25,4.372499942779541,4.25,4.372499942779541,537932,0.0,0.0,0.03983353676873813
2003-07-29,4.382500171661377,4.422500133514404,4.337500095367432,4.389999866485596,220600,0.0,0.0,0.004002269624943766
2003-07-30,4.400000095367432,4.722499847412109,4.349999904632568,4.625,1409320,0.0,0.0,0.053530783749780264
2003-07-31,4.650000095367432,4.662499904632568,4.550000190734863,4.625,590412,0.0,0.0,0.0
2003-08-01,4.614999771118164,4.647500038146973,4.550000190734863,4.587500095367432,397704,0.0,0.0,-0.008108087488122862
2003-08-04,4.650000095367432,4.650000095367432,4.375,4.425000190734863,345732,0.0,0.0,-0.03542232179933136
2003-08-05,4.5,4.599999904632568,4.5,4.552499771118164,228388,0.0,0.0,0.028813463251428084
2003-08-06,4.525000095367432,4.550000190734863,4.4375,4.440000057220459,212472,0.0,0.0,-0.024711635267160803
2003-08-07,4.440000057220459,4.494999885559082,4.349999904632568,4.352499961853027,168836,0.0,0.0,-0.019707228432381707
2003-08-08,4.349999904632568,4.440000057220459,4.099999904632568,4.25,438052,0.0,0.0,-0.023549675531620018
2003-08-11,4.432499885559082,4.537499904632568,4.377500057220459,4.462500095367432,447152,0.0,0.0,0.05000002243939572
2003-08-12,4.5,4.5,4.377500057220459,4.434999942779541,81184,0.0,0.0,-0.006162499047661418
2003-08-13,4.460000038146973,4.474999904632568,4.402500152587891,4.457499980926514,172740,0.0,0.0,0.005073289388335622
2003-08-14,4.452499866485596,4.472499847412109,4.315000057220459,4.364999771118164,102728,0.0,0.0,-0.02075158950177336
2003-08-15,4.392499923706055,4.447500228881836,4.387499809265137,4.387499809265137,61168,0.0,0.0,0.005154648184828803
2003-08-18,4.400000095367432,4.474999904632568,4.360000133514404,4.425000190734863,255604,0.0,0.0,0.008547095863237875
2003-08-19,4.474999904632568,4.497499942779541,4.447500228881836,4.487500190734863,369752,0.0,0.0,0.014124293176498215
2003-08-20,4.465000152587891,4.485000133514404,4.349999904632568,4.412499904632568,187692,0.0,0.0,-0.016713154967022525
2003-08-21,4.402500152587891,4.5,4.402500152587891,4.472499847412109,214876,0.0,0.0,0.013597721037126531
2003-08-22,4.487500190734863,4.487500190734863,4.400000095367432,4.414999961853027,142548,0.0,0.0,-0.012856319177372955
2003-08-25,4.422500133514404,4.449999809265137,4.352499961853027,4.40500020980835,286732,0.0,0.0,-0.0022649495200631753
2003-08-26,4.412499904632568,4.46750020980835,4.412499904632568,4.434999942779541,198600,0.0,0.0,0.006810381734918547
2003-08-27,4.452499866485596,4.489999771118164,4.412499904632568,4.414999961853027,246928,0.0,0.0,-0.004509578621094468
2003-08-28,4.462500095367432,4.477499961853027,4.425000190734863,4.434999942779541,186260,0.0,0.0,0.004530007044013518
2003-08-29,4.487500190734863,4.695000171661377,4.452499866485596,4.684999942779541,797804,0.0,0.0,0.05636978652209801
2003-09-01,4.75,4.882500171661377,4.730000019073486,4.875,879072,0.0,0.0,0.040554975355610035
2003-09-02,4.912499904632568,4.922500133514404,4.817500114440918,4.862500190734863,336960,0.0,0.0,-0.0025640634390023953
2003-09-03,4.875,4.932499885559082,4.869999885559082,4.875,481632,0.0,0.0,0.002570654760889024
2003-09-04,4.875,4.96750020980835,4.822500228881836,4.929999828338623,725508,0.0,0.0,0.01128201606946111
2003-09-05,4.927499771118164,4.9375,4.817500114440918,4.877500057220459,567980,0.0,0.0,-0.010649041165556428
2003-09-08,4.880000114440918,4.912499904632568,4.852499961853027,4.909999847412109,623636,0.0,0.0,0.0066632065218612535
2003-09-09,4.897500038146973,4.900000095367432,4.775000095367432,4.835000038146973,277716,0.0,0.0,-0.015274910711996603
2003-09-10,4.775000095367432,4.804999828338623,4.65500020980835,4.722499847412109,205008,0.0,0.0,-0.023267877941523074
2003-09-11,4.619999885559082,4.732500076293945,4.599999904632568,4.599999904632568,302228,0.0,0.0,-0.025939639330358033
2003-09-12,4.757500171661377,4.78000020980835,4.625,4.647500038146973,145328,0.0,0.0,0.010326116195473745
2003-09-15,4.710000038146973,4.75,4.650000095367432,4.704999923706055,86368,0.0,0.0,0.012372218415733105
2003-09-16,4.75,4.75,4.670000076293945,4.679999828338623,87804,0.0,0.0,-0.005313516636093696
2003-09-17,4.762499809265137,4.772500038146973,4.699999809265137,4.737500190734863,368904,0.0,0.0,0.012286402672081476
2003-09-18,4.75,4.840000152587891,4.724999904632568,4.809999942779541,300612,0.0,0.0,0.015303377124177286
2003-09-19,4.847499847412109,4.847499847412109,4.752500057220459,4.762499809265137,225720,0.0,0.0,-0.009875287750410133
2003-09-22,4.742499828338623,4.742499828338623,4.550000190734863,4.5625,403080,0.0,0.0,-0.04199471228871232
2003-09-23,4.550000190734863,4.637499809265137,4.53249979019165,4.625,311748,0.0,0.0,0.013698630136986356
2003-09-24,4.630000114440918,4.75,4.627500057220459,4.724999904632568,408936,0.0,0.0,0.021621601001636348
2003-09-25,4.664999961853027,4.712500095367432,4.579999923706055,4.599999904632568,251248,0.0,0.0,-0.02645502698898372
2003-09-26,4.630000114440918,4.632500171661377,4.440000057220459,4.449999809265137,377804,0.0,0.0,-0.0326087170602698
2003-09-29,4.625,4.707499980926514,4.5625,4.635000228881836,585396,0.0,0.0,0.04157312978565053
2003-09-30,4.65749979019165,4.777500152587891,4.582499980926514,4.675000190734863,596188,0.0,0.0,0.008629980556155603
2003-10-01,4.672500133514404,4.6875,4.502500057220459,4.6875,246300,0.0,0.0,0.002673755883456419
2003-10-02,4.699999809265137,4.795000076293945,4.635000228881836,4.659999847412109,420436,0.0,0.0,-0.005866699218750049
2003-10-03,4.699999809265137,4.849999904632568,4.6875,4.84250020980835,779528,0.0,0.0,0.03916316917855478
2003-10-06,4.824999809265137,4.849999904632568,4.760000228881836,4.847499847412109,498716,0.0,0.0,0.0010324496411240336
2003-10-07,4.822500228881836,4.849999904632568,4.777500152587891,4.820000171661377,798844,0.0,0.0,-0.0056729606222500895
2003-10-08,4.827499866485596,5.002500057220459,4.827499866485596,4.949999809265137,691752,0.0,0.0,0.026970878210353044
2003-10-09,4.949999809265137,5.112500190734863,4.949999809265137,5.097499847412109,879260,0.0,0.0,0.02979798865262384
2003-10-10,5.099999904632568,5.099999904632568,5.037499904632568,5.099999904632568,401136,0.0,0.0,0.0004904477283560471
2003-10-13,5.125,5.360000133514404,5.099999904632568,5.322500228881836,833748,0.0,0.0,0.0436275153744925
2003-10-14,5.324999809265137,5.375,5.172500133514404,5.375,416124,0.0,0.0,0.009863742388075636
2003-10-15,5.369999885559082,5.46999979019165,5.332499980926514,5.425000190734863,728208,0.0,0.0,0.00930236106695137
2003-10-16,5.425000190734863,5.46750020980835,5.327499866485596,5.420000076293945,368004,0.0,0.0,-0.000921680048870277
2003-10-17,5.46999979019165,5.46999979019165,5.099999904632568,5.297500133514404,335828,0.0,0.0,-0.022601465139333254
2003-10-20,5.224999904632568,5.420000076293945,5.199999809265137,5.385000228881836,222496,0.0,0.0,0.016517242692239975
2003-10-21,5.427499771118164,5.599999904632568,5.427499771118164,5.5625,1042076,0.0,0.0,0.032961887386032895
2003-10-22,5.579999923706055,6.037499904632568,5.537499904632568,6.025000095367432,2168532,0.0,0.0,0.08314608456043704
2003-10-23,5.755000114440918,6.105000019073486,5.752500057220459,6.105000019073486,1004472,0.0,0.0,0.013277995425687417
2003-10-24,6.102499961853027,6.425000190734863,6.054999828338623,6.260000228881836,1697560,0.0,0.0,0.02538905967634597
2003-10-27,6.320000171661377,6.5,6.292500019073486,6.420000076293945,780544,0.0,0.0,0.02555908012174135
2003-10-28,6.417500019073486,6.447500228881836,5.787499904632568,6.247499942779541,1528500,0.0,0.0,-0.026869179355833106
2003-10-29,6.5,6.675000190734863,6.449999809265137,6.675000190734863,1446000,0.0,0.0,0.06842741126382879
2003-10-30,6.662499904632568,6.875,6.514999866485596,6.71999979019165,694640,0.0,0.0,0.006741512834598673
2003-10-31,6.742499828338623,7.087500095367432,6.672500133514404,6.952499866485596,612396,0.0,0.0,0.034598226719187775
2003-11-03,7.0,7.0,6.757500171661377,6.900000095367432,984964,0.0,0.0,-0.007551207785164937
2003-11-04,6.800000190734863,6.849999904632568,6.65500020980835,6.65500020980835,1213968,0.0,0.0,-0.035507229300412835
2003-11-05,6.755000114440918,6.952499866485596,6.664999961853027,6.887499809265137,1068472,0.0,0.0,0.03493607695370504
2003-11-06,6.96750020980835,6.987500190734863,6.824999809265137,6.982500076293945,701560,0.0,0.0,0.013793142600311059
2003-11-07,7.0,7.224999904632568,7.0,7.224999904632568,753520,0.0,0.0,0.034729656382235685
2003-11-10,7.244999885559082,7.372499942779541,7.164999961853027,7.222499847412109,638264,0.0,0.0,-0.0003460286855998529
2003-11-11,7.244999885559082,7.264999866485596,7.112500190734863,7.152500152587891,329440,0.0,0.0,-0.009691892876854902
2003-11-12,7.144999980926514,7.262499809265137,6.900000095367432,7.022500038146973,798312,0.0,0.0,-0.018175478737163187
2003-11-13,7.125,7.195000171661377,7.050000190734863,7.122499942779541,518976,0.0,0.0,0.014239929382606986
2003-11-14,7.099999904632568,7.150000095367432,7.025000095367432,7.050000190734863,296308,0.0,0.0,-0.010178975447823535
2003-11-17,6.925000190734863,7.0,6.652500152587891,6.652500152587891,1097184,0.0,0.0,-0.05638298260890384
2003-11-18,6.650000095367432,6.84499979019165,6.625,6.75,676208,0.0,0.0,0.014656121033560732
2003-11-19,6.637499809265137,6.637499809265137,6.380000114440918,6.5,1617012,0.0,0.0,-0.03703703703703709
2003-11-20,6.522500038146973,6.572500228881836,6.324999809265137,6.324999809265137,684200,0.0,0.0,-0.026923106266902086
2003-11-21,6.190000057220459,6.28249979019165,6.09250020980835,6.125,871540,0.0,0.0,-0.031620524157513485
2003-11-24,6.074999809265137,6.417500019073486,6.074999809265137,6.387499809265137,1125732,0.0,0.0,0.0428571117167571
2003-11-25,6.625,6.625,6.434999942779541,6.497499942779541,832448,0.0,0.0,0.01722115644603983
2003-11-26,6.494999885559082,6.512499809265137,6.367499828338623,6.432499885559082,576696,0.0,0.0,-0.010003856528339239
2003-11-27,6.412499904632568,6.485000133514404,6.382500171661377,6.457499980926514,215676,0.0,0.0,0.0038865286921430098
2003-11-28,6.46999979019165,6.494999885559082,6.40500020980835,6.462500095367432,198968,0.0,0.0,0.0007743111816782555
2003-12-01,6.420000076293945,6.607500076293945,6.420000076293945,6.607500076293945,374232,0.0,0.0,0.02243713404823855
2003-12-02,6.622499942779541,6.692500114440918,6.514999866485596,6.514999866485596,357488,0.0,0.0,-0.013999274875564072
2003-12-03,6.525000095367432,6.525000095367432,6.322500228881836,6.322500228881836,531624,0.0,0.0,-0.02954714375268286
2003-12-04,6.297500133514404,6.324999809265137,6.025000095367432,6.047500133514404,1995144,0.0,0.0,-0.04349546625735223
2003-12-05,6.047500133514404,6.184999942779541,5.849999904632568,5.862500190734863,1135824,0.0,0.0,-0.03059114323194423
2003-12-08,5.877500057220459,6.105000019073486,5.864999771118164,6.065000057220459,555060,0.0,0.0,0.03454155392704772
2003-12-09,6.172500133514404,6.184999942779541,5.775000095367432,5.802499771118164,1008344,0.0,0.0,-0.04328116795148007
2003-12-10,5.772500038146973,5.800000190734863,5.59250020980835,5.625,1241032,0.0,0.0,-0.03059022457901095
2003-12-11,5.375,5.662499904632568,5.139999866485596,5.525000095367432,1632708,0.0,0.0,-0.017777760823567745
2003-12-12,5.625,5.847499847412109,5.625,5.789999961853027,941432,0.0,0.0,0.047963775911568085
2003-12-15,5.949999809265137,6.037499904632568,5.789999961853027,5.824999809265137,919472,0.0,0.0,0.0060448786947673305
2003-12-16,5.787499904632568,5.809999942779541,5.364999771118164,5.372499942779541,1433264,0.0,0.0,-0.07768238305619479
2003-12-17,5.412499904632568,5.4375,5.267499923706055,5.329999923706055,557340,0.0,0.0,-0.007910659753585514
2003-12-18,5.275000095367432,5.434999942779541,5.275000095367432,5.412499904632568,542656,0.0,0.0,0.01547842065805316
2003-12-19,5.449999809265137,5.547500133514404,5.349999904632568,5.349999904632568,550828,0.0,0.0,-0.01154734431431692
2003-12-22,5.375,5.375,5.25,5.25,328800,0.0,0.0,-0.018691571292548725
2003-12-23,5.164999961853027,5.239999771118164,5.034999847412109,5.099999904632568,685372,0.0,0.0,-0.028571446736653683
2003-12-24,5.099999904632568,5.237500190734863,5.074999809265137,5.162499904632568,141560,0.0,0.0,0.012254902189944739
2003-12-25,5.162499904632568,5.162499904632568,5.162499904632568,5.162499904632568,0,0.0,0.0,0.0
2003-12-26,5.162499904632568,5.162499904632568,5.162499904632568,5.162499904632568,0,0.0,0.0,0.0
2003-12-29,5.21999979019165,5.369999885559082,5.199999809265137,5.324999809265137,292420,0.0,0.0,0.03147697968705998
2003-12-30,5.425000190734863,5.474999904632568,5.400000095367432,5.452499866485596,471032,0.0,0.0,0.02394367357508953
2003-12-31,5.482500076293945,5.622499942779541,5.480000019073486,5.590000152587891,405452,0.0,0.0,0.02521784309385433
2004-01-01,5.590000152587891,5.590000152587891,5.590000152587891,5.590000152587891,0,0.0,0.0,0.0
2004-01-02,5.647500038146973,5.650000095367432,5.525000095367432,5.612500190734863,203860,0.0,0.0,0.004025051436994387
2004-01-05,5.637499809265137,5.855000019073486,5.625,5.8125,488224,0.0,0.0,0.035634708680330585
2004-01-06,5.862500190734863,5.885000228881836,5.677499771118164,5.677499771118164,462320,0.0,0.0,-0.023225845829133118
2004-01-07,5.724999904632568,5.795000076293945,5.599999904632568,5.697500228881836,346380,0.0,0.0,0.003522758004397497
2004-01-08,5.699999809265137,5.724999904632568,5.650000095367432,5.699999809265137,414940,0.0,0.0,0.0004387152756273327
2004-01-09,5.732500076293945,5.744999885559082,5.65500020980835,5.724999904632568,405052,0.0,0.0,0.0043859817901739095
2004-01-12,5.699999809265137,5.699999809265137,5.627500057220459,5.662499904632568,198856,0.0,0.0,-0.0109170307495422
2004-01-13,5.675000190734863,5.712500095367432,5.574999809265137,5.627500057220459,357468,0.0,0.0,-0.00618098860954952
2004-01-14,5.587500095367432,5.699999809265137,5.577499866485596,5.637499809265137,304664,0.0,0.0,0.0017769439258996655
2004-01-15,5.662499904632568,5.662499904632568,5.5,5.537499904632568,528156,0.0,0.0,-0.01773834288530174
2004-01-16,5.550000190734863,5.605000019073486,5.522500038146973,5.522500038146973,367456,0.0,0.0,-0.002708779547435647
2004-01-19,5.522500038146973,5.6875,5.517499923706055,5.670000076293945,508200,0.0,0.0,0.02670892478553344
2004-01-20,5.677499771118164,5.869999885559082,5.677499771118164,5.775000095367432,570912,0.0,0.0,0.01851852163326906
2004-01-21,5.824999809265137,5.832499980926514,5.574999809265137,5.622499942779541,526184,0.0,0.0,-0.026406952392991734
2004-01-22,5.625,5.625,5.349999904632568,5.454999923706055,920860,0.0,0.0,-0.02979102192585903
2004-01-23,5.4375,5.4375,5.28000020980835,5.284999847412109,563456,0.0,0.0,-0.03116408408278204
2004-01-26,5.300000190734863,5.340000152587891,5.212500095367432,5.232500076293945,614220,0.0,0.0,-0.009933731813421276
2004-01-27,5.275000095367432,5.522500038146973,5.275000095367432,5.420000076293945,544068,0.0,0.0,0.03583373096342157
2004-01-28,5.197500228881836,5.394999980926514,5.125,5.190000057220459,1233904,0.0,0.0,-0.042435427276000026
2004-01-29,5.179999828338623,5.212500095367432,5.017499923706055,5.027500152587891,826104,0.0,0.0,-0.03131019322562323
2004-01-30,5.042500019073486,5.150000095367432,4.662499904632568,4.914999961853027,1698896,0.0,0.0,-0.02237696416119528
2004-02-02,4.974999904632568,4.985000133514404,4.699999809265137,4.822500228881836,1743984,0.0,0.0,-0.01881988477906671
2004-02-03,4.755000114440918,4.887499809265137,4.730000019073486,4.8125,1337964,0.0,0.0,-0.0020736606339476493
2004-02-04,4.125,4.332499980926514,3.940000057220459,4.037499904632568,9432416,0.0,0.0,-0.16103898085557022
2004-02-05,4.042500019073486,4.119999885559082,3.8350000381469727,4.017499923706055,4380012,0.0,0.0,-0.004953555764438788
2004-02-06,4.045000076293945,4.125,4.037499904632568,4.125,1311432,0.0,0.0,0.026757953537128953
2004-02-09,4.195000171661377,4.297500133514404,4.137499809265137,4.287499904632568,1663540,0.0,0.0,0.03939391627456201
2004-02-10,4.324999809265137,4.329999923706055,4.262499809265137,4.317500114440918,529328,0.0,0.0,0.006997133638635189
2004-02-11,4.324999809265137,4.387499809265137,4.207499980926514,4.387499809265137,1099888,0.0,0.0,0.016213015163586864
2004-02-12,4.400000095367432,4.4375,4.355000019073486,4.385000228881836,1117892,0.0,0.0,-0.0005697049554332922
2004-02-13,4.377500057220459,4.397500038146973,4.150000095367432,4.239999771118164,849976,0.0,0.0,-0.03306737746753696
2004-02-16,4.272500038146973,4.272500038146973,4.172500133514404,4.224999904632568,241120,0.0,0.0,-0.0035377045507811733
2004-02-17,4.21750020980835,4.357500076293945,4.212500095367432,4.300000190734863,808636,0.0,0.0,0.017751547407151236
2004-02-18,4.324999809265137,4.352499961853027,4.275000095367432,4.320000171661377,451152,0.0,0.0,0.004651158148692103
2004-02-19,4.337500095367432,4.349999904632568,4.262499809265137,4.349999904632568,439036,0.0,0.0,0.006944382356275369
2004-02-20,4.322500228881836,4.335000038146973,4.252500057220459,4.28249979019165,506552,0.0,0.0,-0.015517268027760878
2004-02-23,4.269999980926514,4.3125,4.204999923706055,4.28000020980835,790364,0.0,0.0,-0.0005836732062487471
2004-02-24,4.337500095367432,4.337500095367432,4.162499904632568,4.25,910620,0.0,0.0,-0.007009394471429897
2004-02-25,4.230000019073486,4.337500095367432,4.182499885559082,4.337500095367432,659152,0.0,0.0,0.02058825773351325
2004-02-26,4.34499979019165,4.34499979019165,4.232500076293945,4.309999942779541,1039828,0.0,0.0,-0.006340092676254128
2004-02-27,4.34499979019165,4.525000095367432,4.335000038146973,4.474999904632568,1365236,0.0,0.0,0.03828305430245971
2004-03-01,4.5,4.554999828338623,4.487500190734863,4.539999961853027,360932,0.0,0.0,0.014525152761047044
2004-03-02,4.565000057220459,4.932499885559082,4.559999942779541,4.900000095367432,1646888,0.0,0.0,0.07929518425975224
2004-03-03,4.829999923706055,4.912499904632568,4.789999961853027,4.840000152587891,789116,0.0,0.0,-0.012244886043219938
2004-03-04,4.925000190734863,5.349999904632568,4.922500133514404,5.255000114440918,3378552,0.0,0.0,0.0857437910680916
2004-03-05,5.3125,5.324999809265137,5.017499923706055,5.192500114440918,1408840,0.0,0.0,-0.011893434564967498
2004-03-08,5.199999809265137,5.212500095367432,5.025000095367432,5.170000076293945,991572,0.0,0.0,-0.004333180096500633
2004-03-09,5.125,5.162499904632568,4.925000190734863,5.03000020980835,965164,0.0,0.0,-0.02707927745060168
2004-03-10,4.949999809265137,4.994999885559082,4.802499771118164,4.974999904632568,736668,0.0,0.0,-0.010934453853209014
2004-03-11,4.800000190734863,4.900000095367432,4.712500095367432,4.860000133514404,1061516,0.0,0.0,-0.023115532326157373
2004-03-12,4.525000095367432,4.902500152587891,4.525000095367432,4.900000095367432,1209060,0.0,0.0,0.008230444599618192
2004-03-15,4.875,4.952499866485596,4.612500190734863,4.672500133514404,936052,0.0,0.0,-0.046428562739847856
2004-03-16,4.565000057220459,4.670000076293945,4.527500152587891,4.59499979019165,1001724,0.0,0.0,-0.01658648284820108
2004-03-17,4.579999923706055,4.875,4.579999923706055,4.875,1108624,0.0,0.0,0.060935848224852984
2004-03-18,4.900000095367432,4.947500228881836,4.667500019073486,4.775000095367432,547804,0.0,0.0,-0.020512800950270416
2004-03-19,4.837500095367432,4.925000190734863,4.800000190734863,4.900000095367432,429244,0.0,0.0,0.02617800994837083
2004-03-22,4.787499904632568,4.84499979019165,4.652500152587891,4.710000038146973,396792,0.0,0.0,-0.03877552112704841
2004-03-23,4.652500152587891,4.744999885559082,4.572500228881836,4.695000171661377,396256,0.0,0.0,-0.003184685002995624
2004-03-24,4.735000133514404,4.747499942779541,4.662499904632568,4.699999809265137,379016,0.0,0.0,0.0010648854996719859
2004-03-25,4.75,4.900000095367432,4.75,4.875,474732,0.0,0.0,0.03723408464610656
2004-03-26,5.0,5.1875,4.980000019073486,5.1875,889852,0.0,0.0,0.0641025641025641
2004-03-29,5.125,5.322500228881836,5.085000038146973,5.320000171661377,1612956,0.0,0.0,0.02554220176604849
2004-03-30,5.324999809265137,5.324999809265137,5.150000095367432,5.175000190734863,393376,0.0,0.0,-0.02725563463304026
2004-03-31,5.190000057220459,5.212500095367432,5.112500190734863,5.132500171661377,223280,0.0,0.0,-0.008212563769480985
2004-04-01,5.144999980926514,5.224999904632568,5.107500076293945,5.224999904632568,354008,0.0,0.0,0.018022353604958408
2004-04-02,5.192500114440918,5.335000038146973,5.192500114440918,5.327499866485596,507828,0.0,0.0,0.019617217937582865
2004-04-05,5.332499980926514,5.412499904632568,5.190000057220459,5.289999961853027,611560,0.0,0.0,-0.007038931125737613
2004-04-06,5.362500190734863,5.362500190734863,5.172500133514404,5.179999828338623,418844,0.0,0.0,-0.020793976239627865
2004-04-07,5.182499885559082,5.324999809265137,5.182499885559082,5.309999942779541,397492,0.0,0.0,0.025096548021047438
2004-04-08,5.3125,5.377500057220459,5.212500095367432,5.375,449204,0.0,0.0,0.012241065521826355
2004-04-09,5.375,5.375,5.375,5.375,0,0.0,0.0,0.0
2004-04-12,5.375,5.375,5.375,5.375,0,0.0,0.0,0.0
2004-04-13,5.375,5.512499809265137,5.337500095367432,5.457499980926514,728920,0.0,0.0,0.015348833660746797
2004-04-14,5.4375,5.517499923706055,5.414999961853027,5.517499923706055,661224,0.0,0.0,0.010994034446034862
2004-04-15,5.480000019073486,5.597499847412109,5.462500095367432,5.597499847412109,788648,0.0,0.0,0.01449930671722055
2004-04-16,5.587500095367432,5.650000095367432,5.537499904632568,5.642499923706055,505720,0.0,0.0,0.008039317109539645
2004-04-19,5.614999771118164,5.724999904632568,5.602499961853027,5.712500095367432,456516,0.0,0.0,0.012405879062094893
2004-04-20,5.710000038146973,5.735000133514404,5.599999904632568,5.605000019073486,381672,0.0,0.0,-0.018818393785432597
2004-04-21,5.489999771118164,5.537499904632568,5.40500020980835,5.442500114440918,337788,0.0,0.0,-0.028991954340694126
2004-04-22,5.462500095367432,5.5,5.332499980926514,5.412499904632568,192468,0.0,0.0,-0.005512211148833601
2004-04-23,5.474999904632568,5.574999809265137,5.429999828338623,5.547500133514404,332972,0.0,0.0,0.024942306006562553
2004-04-26,5.565000057220459,5.574999809265137,5.427499771118164,5.542500019073486,187728,0.0,0.0,-0.0009013275025827605
2004-04-27,5.565000057220459,5.724999904632568,5.502500057220459,5.672500133514404,430548,0.0,0.0,0.023455140098068927
2004-04-28,5.699999809265137,5.712500095367432,5.662499904632568,5.6875,397648,0.0,0.0,0.0026443131128324193
2004-04-29,5.599999904632568,5.675000190734863,5.477499961853027,5.477499961853027,333260,0.0,0.0,-0.036923083630237
2004-04-30,5.6875,5.6875,5.5,5.527500152587891,457232,0.0,0.0,0.009128286824843457
2004-05-03,5.519999980926514,5.519999980926514,5.289999961853027,5.5,277396,0.0,0.0,-0.004975151845995951
2004-05-04,5.5,5.5,5.375,5.425000190734863,112192,0.0,0.0,-0.013636328957297605
2004-05-05,5.4375,5.5,5.387499809265137,5.445000171661377,160960,0.0,0.0,0.0036866322992339384
2004-05-06,5.442500114440918,5.477499961853027,5.3125,5.322500228881836,394016,0.0,0.0,-0.02249769309780647
2004-05-07,5.349999904632568,5.425000190734863,5.175000190734863,5.284999847412109,395248,0.0,0.0,-0.0070456326645578216
2004-05-10,5.102499961853027,5.1875,5.0625,5.0625,243120,0.0,0.0,-0.042100256165770844
2004-05-11,5.0625,5.347499847412109,5.0625,5.347499847412109,302008,0.0,0.0,0.05629626615547845
2004-05-12,5.300000190734863,5.400000095367432,5.212500095367432,5.239999771118164,375932,0.0,0.0,-0.020102866640747896
2004-05-13,5.300000190734863,5.360000133514404,5.227499961853027,5.300000190734863,930856,0.0,0.0,0.011450462259065208
2004-05-14,5.3125,5.315000057220459,5.262499809265137,5.304999828338623,204260,0.0,0.0,0.0009433278158177405
2004-05-17,5.287499904632568,5.287499904632568,4.980000019073486,5.019999980926514,533536,0.0,0.0,-0.053722875897125766
2004-05-18,5.039999961853027,5.195000171661377,5.039999961853027,5.15749979019165,259676,0.0,0.0,0.027390400356088973
2004-05-19,5.150000095367432,5.449999809265137,5.150000095367432,5.367499828338623,411812,0.0,0.0,0.04071741089477943
2004-05-20,5.347499847412109,5.394999980926514,5.255000114440918,5.297500133514404,352588,0.0,0.0,-0.013041396751359624
2004-05-21,5.355000019073486,5.462500095367432,5.302499771118164,5.432499885559082,244212,0.0,0.0,0.025483671286878895
2004-05-24,5.382500171661377,5.425000190734863,5.3125,5.347499847412109,219728,0.0,0.0,-0.015646578911657882
2004-05-25,5.349999904632568,5.375,5.300000190734863,5.327499866485596,250160,0.0,0.0,-0.003740061991061583
2004-05-26,5.449999809265137,5.5,5.409999847412109,5.427499771118164,294776,0.0,0.0,0.018770512836921993
2004-05-27,5.449999809265137,5.449999809265137,5.302499771118164,5.420000076293945,364436,0.0,0.0,-0.0013817955118353709
2004-05-28,5.389999866485596,5.432499885559082,5.337500095367432,5.349999904632568,188860,0.0,0.0,-0.01291516064133369
2004-05-31,5.349999904632568,5.454999923706055,5.340000152587891,5.394999980926514,139464,0.0,0.0,0.008411229363757489
2004-06-01,5.375,5.400000095367432,5.25,5.300000190734863,154140,0.0,0.0,-0.017608858299816954
2004-06-02,5.309999942779541,5.335000038146973,5.175000190734863,5.230000019073486,325120,0.0,0.0,-0.013207579083439835
2004-06-03,5.197500228881836,5.275000095367432,5.132500171661377,5.195000171661377,287300,0.0,0.0,-0.0066921314119440245
2004-06-04,5.1875,5.297500133514404,5.162499904632568,5.235000133514404,255372,0.0,0.0,0.007699703663385016
2004-06-07,5.235000133514404,5.28000020980835,5.207499980926514,5.230000019073486,193456,0.0,0.0,-0.0009551316740007421
2004-06-08,5.230000019073486,5.242499828338623,5.162499904632568,5.182499885559082,157664,0.0,0.0,-0.00908224346867581
2004-06-09,5.177499771118164,5.212500095367432,5.014999866485596,5.014999866485596,263328,0.0,0.0,-0.03232031312537431
2004-06-10,5.027500152587891,5.135000228881836,4.917500019073486,5.074999809265137,410808,0.0,0.0,0.011964096585627138
2004-06-11,5.074999809265137,5.074999809265137,4.96999979019165,4.994999885559082,478472,0.0,0.0,-0.015763532357184196
2004-06-14,4.974999904632568,4.987500190734863,4.800000190734863,4.847499847412109,262640,0.0,0.0,-0.029529537843115183
2004-06-15,4.862500190734863,4.947500228881836,4.8125,4.837500095367432,386036,0.0,0.0,-0.0020628679441869746
2004-06-16,4.84250020980835,4.869999885559082,4.682499885559082,4.715000152587891,474336,0.0,0.0,-0.02532298508827968
2004-06-17,4.502500057220459,4.847499847412109,4.502500057220459,4.630000114440918,838016,0.0,0.0,-0.018027579087207313
2004-06-18,4.622499942779541,4.667500019073486,4.582499980926514,4.642499923706055,269956,0.0,0.0,0.0026997427551136433
2004-06-21,4.6875,4.739999771118164,4.675000190734863,4.695000171661377,350832,0.0,0.0,0.011308615792805954
2004-06-22,4.684999942779541,4.809999942779541,4.675000190734863,4.6875,229876,0.0,0.0,-0.0015974805936423975
2004-06-23,4.71999979019165,4.767499923706055,4.675000190734863,4.732500076293945,219720,0.0,0.0,0.009600016276041679
2004-06-24,4.755000114440918,4.800000190734863,4.744999885559082,4.744999885559082,252712,0.0,0.0,0.002641269744030339
2004-06-25,4.775000095367432,4.835000038146973,4.747499942779541,4.767499923706055,163060,0.0,0.0,0.004741841662725621
2004-06-28,4.767499923706055,4.947500228881836,4.767499923706055,4.940000057220459,298612,0.0,0.0,0.0361825141635892
2004-06-29,4.925000190734863,4.925000190734863,4.804999828338623,4.862500190734863,262140,0.0,0.0,-0.015688231900386262
2004-06-30,4.862500190734863,4.947500228881836,4.824999809265137,4.947500228881836,239308,0.0,0.0,0.017480726953786885
2004-07-01,4.954999923706055,5.025000095367432,4.857500076293945,5.012499809265137,423300,0.0,0.0,0.013137863037146591
2004-07-02,4.949999809265137,5.037499904632568,4.912499904632568,5.037499904632568,464740,0.0,0.0,0.004987550387776762
2004-07-05,4.949999809265137,5.017499923706055,4.949999809265137,4.96750020980835,74300,0.0,0.0,-0.013895721319983734
2004-07-06,4.962500095367432,4.962500095367432,4.712500095367432,4.737500190734863,189932,0.0,0.0,-0.04630095809947832
2004-07-07,4.744999885559082,4.849999904632568,4.692500114440918,4.757500171661377,111688,0.0,0.0,0.004221631687873595
2004-07-08,4.747499942779541,4.747499942779541,4.587500095367432,4.630000114440918,217496,0.0,0.0,-0.026799800865994428
2004-07-09,4.625,4.630000114440918,4.567500114440918,4.614999771118164,141900,0.0,0.0,-0.0032398148924377423
2004-07-12,4.599999904632568,4.617499828338623,4.545000076293945,4.545000076293945,180136,0.0,0.0,-0.015167865286211835
2004-07-13,4.574999809265137,4.582499980926514,4.402500152587891,4.492499828338623,288028,0.0,0.0,-0.011551209477235425
2004-07-14,4.447500228881836,4.534999847412109,4.387499809265137,4.465000152587891,149088,0.0,0.0,-0.006121241358155394
2004-07-15,4.489999771118164,4.489999771118164,4.287499904632568,4.300000190734863,197320,0.0,0.0,-0.03695407753959301
2004-07-16,4.34250020980835,4.462500095367432,4.309999942779541,4.332499980926514,167880,0.0,0.0,0.007558090406990514
2004-07-19,4.380000114440918,4.485000133514404,4.324999809265137,4.425000190734863,181380,0.0,0.0,0.02135030818593764
2004-07-20,4.387499809265137,4.447500228881836,4.349999904632568,4.40500020980835,182536,0.0,0.0,-0.0045197695060872345
2004-07-21,4.497499942779541,4.534999847412109,4.474999904632568,4.477499961853027,92356,0.0,0.0,0.01645851273360832
2004-07-22,4.392499923706055,4.397500038146973,4.340000152587891,4.355000019073486,92152,0.0,0.0,-0.027359004762301353
2004-07-23,4.375,4.492499828338623,4.375,4.427499771118164,98556,0.0,0.0,0.016647474564214004
2004-07-26,4.454999923706055,4.534999847412109,4.447500228881836,4.447500228881836,236248,0.0,0.0,0.004517325533055949
2004-07-27,4.462500095367432,4.579999923706055,4.462500095367432,4.550000190734863,162540,0.0,0.0,0.023046645661173315
2004-07-28,4.612500190734863,4.612500190734863,4.474999904632568,4.5,215092,0.0,0.0,-0.010989052448102776
2004-07-29,4.474999904632568,4.574999809265137,4.462500095367432,4.505000114440918,126460,0.0,0.0,0.0011111365424261166
2004-07-30,4.525000095367432,4.545000076293945,4.349999904632568,4.440000057220459,86176,0.0,0.0,-0.01442842520960197
2004-08-02,4.429999828338623,4.449999809265137,4.375,4.380000114440918,62136,0.0,0.0,-0.01351350045186761
2004-08-03,4.372499942779541,4.382500171661377,4.275000095367432,4.337500095367432,91408,0.0,0.0,-0.009703200448183402
2004-08-04,4.224999904632568,4.304999828338623,4.175000190734863,4.197500228881836,87388,0.0,0.0,-0.03227662556944244
2004-08-05,4.21750020980835,4.369999885559082,4.21750020980835,4.304999828338623,92640,0.0,0.0,0.025610385609299513
2004-08-06,4.28249979019165,4.28249979019165,4.15500020980835,4.164999961853027,125196,0.0,0.0,-0.03252029548619617
2004-08-09,4.125,4.127500057220459,3.942500114440918,4.017499923706055,183176,0.0,0.0,-0.03541417514955969
2004-08-10,3.9825000762939453,4.172500133514404,3.947499990463257,4.099999904632568,164460,0.0,0.0,0.02053515432314157
2004-08-11,4.199999809265137,4.199999809265137,3.950000047683716,3.9774999618530273,100336,0.0,0.0,-0.029878035519251833
2004-08-12,3.9124999046325684,4.074999809265137,3.867500066757202,3.887500047683716,126984,0.0,0.0,-0.022627257079188667
2004-08-13,3.872499942779541,4.074999809265137,3.8450000286102295,4.050000190734863,179436,0.0,0.0,0.041800679371816196
2004-08-16,4.025000095367432,4.074999809265137,4.0,4.074999809265137,44796,0.0,0.0,0.006172745025411208
2004-08-17,4.110000133514404,4.25,4.074999809265137,4.172500133514404,58520,0.0,0.0,0.023926461058374926
2004-08-18,4.224999904632568,4.237500190734863,4.125,4.177499771118164,50604,0.0,0.0,0.0011982354568671472
2004-08-19,4.132500171661377,4.1875,4.025000095367432,4.097499847412109,110220,0.0,0.0,-0.019150192241576547
2004-08-20,4.079999923706055,4.079999923706055,3.9124999046325684,4.025000095367432,108508,0.0,0.0,-0.01769365582538507
2004-08-23,4.255000114440918,4.347499847412109,4.255000114440918,4.28249979019165,272364,0.0,0.0,0.06397507794362234
2004-08-24,4.300000190734863,4.447500228881836,4.300000190734863,4.369999885559082,408332,0.0,0.0,0.020432013929769788
2004-08-25,4.400000095367432,4.440000057220459,4.360000133514404,4.392499923706055,125672,0.0,0.0,0.005148750282883308
2004-08-26,4.412499904632568,4.525000095367432,4.412499904632568,4.519999980926514,148056,0.0,0.0,0.029026763673312583
2004-08-27,4.525000095367432,4.612500190734863,4.525000095367432,4.547500133514404,99636,0.0,0.0,0.006084104580516669
2004-08-30,4.5625,4.5625,4.34250020980835,4.392499923706055,98996,0.0,0.0,-0.034084707038493756
2004-08-31,4.355000019073486,4.394999980926514,4.255000114440918,4.324999809265137,131676,0.0,0.0,-0.015367129337128471
2004-09-01,4.372499942779541,4.394999980926514,4.289999961853027,4.309999942779541,65532,0.0,0.0,-0.003468177375051562
2004-09-02,4.300000190734863,4.522500038146973,4.257500171661377,4.514999866485596,215500,0.0,0.0,0.04756378803426364
2004-09-03,4.514999866485596,4.514999866485596,4.375,4.402500152587891,96236,0.0,0.0,-0.02491688089135491
2004-09-06,4.429999828338623,4.462500095367432,4.375,4.385000228881836,28468,0.0,0.0,-0.003974996729021796
2004-09-07,4.380000114440918,4.425000190734863,4.327499866485596,4.337500095367432,116428,0.0,0.0,-0.010832413006855557
2004-09-08,4.335000038146973,4.349999904632568,4.292500019073486,4.340000152587891,332072,0.0,0.0,0.0005763820554445243
2004-09-09,4.337500095367432,4.337500095367432,4.142499923706055,4.242499828338623,139884,0.0,0.0,-0.02246551170997757
2004-09-10,4.224999904632568,4.275000095367432,4.195000171661377,4.224999904632568,83308,0.0,0.0,-0.004124908524252735
2004-09-13,4.224999904632568,4.289999961853027,4.215000152587891,4.25,298072,0.0,0.0,0.005917182469050486
2004-09-14,4.292500019073486,4.300000190734863,4.21750020980835,4.244999885559082,216588,0.0,0.0,-0.0011764975155100776
2004-09-15,4.21750020980835,4.239999771118164,4.125,4.150000095367432,147008,0.0,0.0,-0.02237922090759692
2004-09-16,4.125,4.197500228881836,4.059999942779541,4.112500190734863,254576,0.0,0.0,-0.009036121390558205
2004-09-17,4.135000228881836,4.195000171661377,4.079999923706055,4.112500190734863,107876,0.0,0.0,0.0
2004-09-20,4.112500190734863,4.162499904632568,4.070000171661377,4.087500095367432,106488,0.0,0.0,-0.006079050263329999
2004-09-21,3.9749999046325684,4.019999980926514,3.9024999141693115,4.0,652752,0.0,0.0,-0.021406750660776686
2004-09-22,3.9825000762939453,4.059999942779541,3.942500114440918,3.950000047683716,348376,0.0,0.0,-0.012499988079071045
2004-09-23,3.9075000286102295,3.9749999046325684,3.9075000286102295,3.934999942779541,309288,0.0,0.0,-0.003797494866606632
2004-09-24,3.950000047683716,3.950000047683716,3.762500047683716,3.8350000381469727,532096,0.0,0.0,-0.025412936743763215
2004-09-27,3.875,3.875,3.817500114440918,3.8424999713897705,190372,0.0,0.0,0.0019556540203899964
2004-09-28,3.825000047683716,3.947499990463257,3.825000047683716,3.9000000953674316,245272,0.0,0.0,0.01496424838146826
2004-09-29,3.950000047683716,3.950000047683716,3.8550000190734863,3.869999885559082,166612,0.0,0.0,-0.007692361301217643
2004-09-30,3.875,3.8924999237060547,3.8550000190734863,3.8575000762939453,138320,0.0,0.0,-0.0032299249702254507
2004-10-01,3.872499942779541,3.880000114440918,3.8550000190734863,3.875,168800,0.0,0.0,0.004536597112103635
2004-10-04,3.9000000953674316,4.050000190734863,3.9000000953674316,4.014999866485596,248612,0.0,0.0,0.036128997802734375
2004-10-05,4.057499885559082,4.170000076293945,4.03249979019165,4.137499809265137,388076,0.0,0.0,0.030510572068030317
2004-10-06,4.195000171661377,4.227499961853027,4.112500190734863,4.15500020980835,259628,0.0,0.0,0.004229704253768007
2004-10-07,4.112500190734863,4.202499866485596,4.107500076293945,4.202499866485596,213932,0.0,0.0,0.011431926420874206
2004-10-08,4.172500133514404,4.190000057220459,4.074999809265137,4.105000019073486,261416,0.0,0.0,-0.023200440335443773
2004-10-11,4.059999942779541,4.059999942779541,3.944999933242798,3.9625000953674316,248276,0.0,0.0,-0.03471374495589341
2004-10-12,3.944999933242798,3.997499942779541,3.8524999618530273,3.884999990463257,221988,0.0,0.0,-0.019558385624969588
2004-10-13,3.9700000286102295,3.984999895095825,3.884999990463257,3.8975000381469727,267384,0.0,0.0,0.0032175154992022392
2004-10-14,3.875,3.9000000953674316,3.8375000953674316,3.869999885559082,169832,0.0,0.0,-0.007055844084344232
2004-10-15,3.8499999046325684,3.877500057220459,3.7874999046325684,3.809999942779541,225032,0.0,0.0,-0.015503861641813277
2004-10-18,3.7750000953674316,3.797499895095825,3.627500057220459,3.6500000953674316,576404,0.0,0.0,-0.041994711237550164
2004-10-19,3.680000066757202,3.75,3.6500000953674316,3.6500000953674316,347908,0.0,0.0,0.0
2004-10-20,3.637500047683716,3.6475000381469727,3.5824999809265137,3.617500066757202,280760,0.0,0.0,-0.008904117194812766
2004-10-21,3.622499942779541,3.740000009536743,3.615000009536743,3.7100000381469727,222956,0.0,0.0,0.02557013674714015
2004-10-22,3.700000047683716,3.7325000762939453,3.682499885559082,3.700000047683716,296020,0.0,0.0,-0.0026954151914918567
2004-10-25,3.6575000286102295,3.694999933242798,3.6524999141693115,3.672499895095825,121172,0.0,0.0,-0.007432473576616916
2004-10-26,3.672499895095825,3.7325000762939453,3.6075000762939453,3.634999990463257,155284,0.0,0.0,-0.010211002233831201
2004-10-27,3.6675000190734863,3.6875,3.6050000190734863,3.627500057220459,167276,0.0,0.0,-0.002063255367943495
2004-10-28,3.6549999713897705,3.7874999046325684,3.6475000381469727,3.7300000190734863,306520,0.0,0.0,0.028256363952084085
2004-10-29,3.8550000190734863,4.005000114440918,3.8550000190734863,3.9749999046325684,942144,0.0,0.0,0.06568361509551379
2004-11-01,4.03000020980835,4.03000020980835,3.952500104904175,3.9749999046325684,104812,0.0,0.0,0.0
2004-11-02,3.9549999237060547,3.997499942779541,3.9549999237060547,3.9674999713897705,218160,0.0,0.0,-0.001886775703832666
2004-11-03,3.9749999046325684,4.0,3.875,3.9024999141693115,390416,0.0,0.0,-0.01638312733186742
2004-11-04,3.875,3.875,3.7950000762939453,3.7950000762939453,283180,0.0,0.0,-0.027546403648864293
2004-11-05,3.875,3.942500114440918,3.8550000190734863,3.9024999141693115,331096,0.0,0.0,0.02832670242798696
2004-11-08,4.027500152587891,4.027500152587891,3.950000047683716,3.952500104904175,266556,0.0,0.0,0.012812348964652331
2004-11-09,3.950000047683716,4.0,3.9124999046325684,3.990000009536743,152124,0.0,0.0,0.009487641653959544
2004-11-10,3.9800000190734863,4.050000190734863,3.9649999141693115,4.045000076293945,461844,0.0,0.0,0.013784477851063404
2004-11-11,4.050000190734863,4.122499942779541,4.047500133514404,4.09499979019165,244216,0.0,0.0,0.012360868468392017
2004-11-12,4.122499942779541,4.137499809265137,4.052499771118164,4.114999771118164,236512,0.0,0.0,0.004884000476487849
2004-11-15,4.150000095367432,4.150000095367432,4.012499809265137,4.070000171661377,299360,0.0,0.0,-0.010935504728973422
2004-11-16,4.037499904632568,4.037499904632568,3.944999933242798,3.990000009536743,147520,0.0,0.0,-0.019656058661043696
2004-11-17,3.984999895095825,4.070000171661377,3.9625000953674316,4.070000171661377,205872,0.0,0.0,0.02005016589810027
2004-11-18,4.0625,4.135000228881836,4.019999980926514,4.122499942779541,219220,0.0,0.0,0.01289920611888662
2004-11-19,4.125,4.182499885559082,4.099999904632568,4.127500057220459,246464,0.0,0.0,0.0012128840534433305
2004-11-22,4.107500076293945,4.107500076293945,4.037499904632568,4.067500114440918,180252,0.0,0.0,-0.014536630393155225
2004-11-23,4.079999923706055,4.164999961853027,4.050000190734863,4.0625,223696,0.0,0.0,-0.0012292844007959491
2004-11-24,4.047500133514404,4.099999904632568,3.9674999713897705,4.0,200856,0.0,0.0,-0.01538461538461533
2004-11-25,4.014999866485596,4.050000190734863,4.014999866485596,4.034999847412109,125828,0.0,0.0,0.008749961853027344
2004-11-26,4.037499904632568,4.097499847412109,4.022500038146973,4.085000038146973,152124,0.0,0.0,0.012391621468568648
2004-11-29,4.112500190734863,4.137499809265137,4.074999809265137,4.085000038146973,114032,0.0,0.0,0.0
2004-11-30,4.039999961853027,4.105000019073486,4.017499923706055,4.017499923706055,91780,0.0,0.0,-0.016523895669664945
2004-12-01,4.012499809265137,4.0625,4.012499809265137,4.027500152587891,181464,0.0,0.0,0.002489167161604078
2004-12-02,4.050000190734863,4.112500190734863,4.050000190734863,4.107500076293945,253880,0.0,0.0,0.01986341916204526
2004-12-03,4.102499961853027,4.147500038146973,4.099999904632568,4.137499809265137,245644,0.0,0.0,0.007303647574915972
2004-12-06,4.152500152587891,4.315000057220459,4.132500171661377,4.292500019073486,480808,0.0,0.0,0.03746228808548979
2004-12-07,4.349999904632568,4.372499942779541,4.324999809265137,4.34499979019165,353060,0.0,0.0,0.01223058145250655
2004-12-08,4.287499904632568,4.324999809265137,4.239999771118164,4.320000171661377,281856,0.0,0.0,-0.005753652413679533
2004-12-09,4.300000190734863,4.337500095367432,4.300000190734863,4.322500228881836,268352,0.0,0.0,0.000578716926184164
2004-12-10,4.324999809265137,4.414999961853027,4.300000190734863,4.40500020980835,285372,0.0,0.0,0.01908617155767156
2004-12-13,4.414999961853027,4.447500228881836,4.40749979019165,4.447500228881836,169628,0.0,0.0,0.009648130998689552
2004-12-14,4.474999904632568,4.482500076293945,4.257500171661377,4.337500095367432,493480,0.0,0.0,-0.02473302481247086
2004-12-15,4.320000171661377,4.320000171661377,4.215000152587891,4.272500038146973,213916,0.0,0.0,-0.014985603640650269
2004-12-16,4.235000133514404,4.307499885559082,4.227499961853027,4.287499904632568,252680,0.0,0.0,0.0035107937628249264
2004-12-17,4.289999961853027,4.320000171661377,4.224999904632568,4.244999885559082,202168,0.0,0.0,-0.009912541112261253
2004-12-20,4.9375,5.295000076293945,4.922500133514404,5.289999961853027,3094308,0.0,0.0,0.2461719916292331
2004-12-21,5.474999904632568,5.912499904632568,5.429999828338623,5.8125,2749684,0.0,0.0,0.09877127446404499
2004-12-22,5.864999771118164,5.875,5.5,5.670000076293945,1115872,0.0,0.0,-0.024516115906418
2004-12-23,5.587500095367432,6.144999980926514,5.587500095367432,6.125,1169204,0.0,0.0,0.08024689904474469
2004-12-24,6.195000171661377,6.587500095367432,6.052499771118164,6.550000190734863,1799320,0.0,0.0,0.06938778624242659
2004-12-27,6.525000095367432,6.925000190734863,6.389999866485596,6.90500020980835,2320892,0.0,0.0,0.05419847461617522
2004-12-28,6.925000190734863,7.287499904632568,6.787499904632568,6.824999809265137,1683572,0.0,0.0,-0.01158586504162229
2004-12-29,6.875,7.099999904632568,6.324999809265137,6.675000190734863,2049216,0.0,0.0,-0.021977966699229023
2004-12-30,6.675000190734863,6.822500228881836,6.65500020980835,6.727499961853027,644128,0.0,0.0,0.007865134025169862
2004-12-31,6.737500190734863,6.737500190734863,6.577499866485596,6.647500038146973,306984,0.0,0.0,-0.011891478879179296
2005-01-03,6.625,6.775000095367432,6.449999809265137,6.460000038146973,622176,0.0,0.0,-0.028206092354121526
2005-01-04,6.375,6.462500095367432,6.15500020980835,6.199999809265137,1310808,0.0,0.0,-0.04024771321153364
2005-01-05,6.425000190734863,6.875,6.425000190734863,6.875,3191496,0.0,0.0,0.10887100185489662
2005-01-06,6.625,6.747499942779541,6.474999904632568,6.747499942779541,1610964,0.0,0.0,-0.018545462868430396
2005-01-07,6.630000114440918,6.909999847412109,6.627500057220459,6.84499979019165,1162796,0.0,0.0,0.014449773729371174
2005-01-10,7.025000095367432,7.119999885559082,6.954999923706055,7.087500095367432,1349488,0.0,0.0,0.0354273648807506
2005-01-11,7.050000190734863,7.050000190734863,6.949999809265137,7.039999961853027,434140,0.0,0.0,-0.006701958783104867
2005-01-12,7.0,7.005000114440918,6.804999828338623,6.929999828338623,492692,0.0,0.0,-0.015625019049780087
2005-01-13,7.0,7.037499904632568,6.887499809265137,6.994999885559082,360100,0.0,0.0,0.009379517868767673
2005-01-14,6.9375,6.9375,6.675000190734863,6.792500019073486,919184,0.0,0.0,-0.028949230850403462
2005-01-17,6.752500057220459,6.862500190734863,6.75,6.787499904632568,398360,0.0,0.0,-0.0007361228453260926
2005-01-18,6.75,6.872499942779541,6.732500076293945,6.789999961853027,387204,0.0,0.0,0.0003683325606755883
2005-01-19,6.840000152587891,7.087500095367432,6.804999828338623,7.007500171661377,512652,0.0,0.0,0.03203243166867309
2005-01-20,7.0625,7.087500095367432,6.949999809265137,6.974999904632568,470792,0.0,0.0,-0.004637925969697587
2005-01-21,7.25,7.5,7.175000190734863,7.402500152587891,2839048,0.0,0.0,0.061290358967803105
2005-01-24,7.482500076293945,7.659999847412109,7.425000190734863,7.627500057220459,886284,0.0,0.0,0.030395123268441848
2005-01-25,7.699999809265137,7.909999847412109,7.489999771118164,7.71999979019165,1136936,0.0,0.0,0.012127136319537435
2005-01-26,7.724999904632568,7.800000190734863,7.59250020980835,7.724999904632568,869512,0.0,0.0,0.0006476832353377038
2005-01-27,7.727499961853027,7.837500095367432,7.727499961853027,7.815000057220459,418764,0.0,0.0,0.01165050533319989
2005-01-28,7.777500152587891,7.809999942779541,7.675000190734863,7.712500095367432,620300,0.0,0.0,-0.013115797965775444
2005-01-31,7.699999809265137,7.792500019073486,7.650000095367432,7.75,293176,0.0,0.0,0.0048622242034190855
2005-02-01,7.690000057220459,7.777500152587891,7.690000057220459,7.775000095367432,238684,0.0,0.0,0.0032258187570879393
2005-02-02,7.777500152587891,8.279999732971191,7.775000095367432,8.274999618530273,1274804,0.0,0.0,0.06430861955368417
2005-02-03,8.25,8.274999618530273,7.875,7.882500171661377,701768,0.0,0.0,-0.04743195951211521
2005-02-04,7.877500057220459,8.100000381469727,7.804999828338623,7.985000133514404,358064,0.0,0.0,0.01300348361824688
2005-02-07,8.0,8.057499885559082,7.987500190734863,8.0024995803833,289380,0.0,0.0,0.002191539959460753
2005-02-08,8.007499694824219,8.067500114440918,7.90500020980835,7.945000171661377,1629096,0.0,0.0,-0.0071851810980251285
2005-02-09,7.989999771118164,8.007499694824219,7.875,7.920000076293945,257408,0.0,0.0,-0.0031466450380458477
2005-02-10,7.989999771118164,8.22249984741211,7.932499885559082,8.102499961853027,532236,0.0,0.0,0.023042914621344446
2005-02-11,8.087499618530273,8.125,7.909999847412109,7.932499885559082,420600,0.0,0.0,-0.020981188163445075
2005-02-14,7.837500095367432,8.0,7.837500095367432,7.949999809265137,292444,0.0,0.0,0.0022061045015471237
2005-02-15,7.949999809265137,7.949999809265137,7.875,7.914999961853027,152296,0.0,0.0,-0.004402496635448894
2005-02-16,8.100000381469727,8.337499618530273,8.050000190734863,8.225000381469727,3414264,0.0,0.0,0.03916619344419092
2005-02-17,8.324999809265137,8.462499618530273,8.232500076293945,8.274999618530273,1324604,0.0,0.0,0.006078934315090212
2005-02-18,8.324999809265137,8.324999809265137,8.03499984741211,8.307499885559082,695060,0.0,0.0,0.003927524897527457
2005-02-21,8.350000381469727,8.449999809265137,8.295000076293945,8.337499618530273,341604,0.0,0.0,0.003611162610226426
2005-02-22,8.300000190734863,8.3100004196167,8.09000015258789,8.1225004196167,376148,0.0,0.0,-0.025787011544292415
2005-02-23,8.074999809265137,8.225000381469727,8.042499542236328,8.107500076293945,255664,0.0,0.0,-0.0018467642410366913
2005-02-24,8.074999809265137,8.319999694824219,8.074999809265137,8.28499984741211,367084,0.0,0.0,0.021893280227917256
2005-02-25,8.305000305175781,8.324999809265137,8.112500190734863,8.164999961853027,305232,0.0,0.0,-0.014483993695734942
2005-02-28,8.202500343322754,8.202500343322754,7.527500152587891,7.527500152587891,654052,0.0,0.0,-0.07807713560851726
2005-03-01,7.992499828338623,8.052499771118164,7.882500171661377,7.982500076293945,740840,0.0,0.0,0.060445023511507934
2005-03-02,7.949999809265137,8.045000076293945,7.889999866485596,8.037500381469727,296868,0.0,0.0,0.0068901101973199985
2005-03-03,8.029999732971191,8.047499656677246,7.952499866485596,8.0,264348,0.0,0.0,-0.004665677099833565
2005-03-04,8.0,8.112500190734863,7.952499866485596,8.067500114440918,568036,0.0,0.0,0.008437514305114746
2005-03-07,8.100000381469727,8.225000381469727,8.087499618530273,8.125,289076,0.0,0.0,0.007127348589206273
2005-03-08,8.154999732971191,8.162500381469727,8.055000305175781,8.074999809265137,173364,0.0,0.0,-0.006153869628906294
2005-03-09,8.077500343322754,8.1225004196167,8.024999618530273,8.104999542236328,338016,0.0,0.0,0.0037151372978077024
2005-03-10,8.077500343322754,8.1225004196167,7.954999923706055,7.96999979019165,245648,0.0,0.0,-0.016656355295416647
2005-03-11,7.952499866485596,8.087499618530273,7.892499923706055,7.994999885559082,193156,0.0,0.0,0.003136774909103357
2005-03-14,7.909999847412109,7.994999885559082,7.78249979019165,7.849999904632568,175712,0.0,0.0,-0.018136333083433653
2005-03-15,7.8125,7.912499904632568,7.775000095367432,7.820000171661377,201144,0.0,0.0,-0.003821622080974474
2005-03-16,7.762499809265137,7.837500095367432,7.602499961853027,7.642499923706055,207180,0.0,0.0,-0.022698240928249458
2005-03-17,7.462500095367432,7.789999961853027,7.462500095367432,7.602499961853027,551464,0.0,0.0,-0.005233884494908914
2005-03-18,7.610000133514404,7.760000228881836,7.587500095367432,7.59499979019165,136004,0.0,0.0,-0.0009865401774430405
2005-03-21,7.585000038146973,7.625,7.375,7.402500152587891,545892,0.0,0.0,-0.025345575104868123
2005-03-22,7.114999771118164,7.34499979019165,7.114999771118164,7.34499979019165,543452,0.0,0.0,-0.007767694861328445
2005-03-23,7.260000228881836,7.397500038146973,7.210000038146973,7.335000038146973,955416,0.0,0.0,-0.0013614366685252843
2005-03-24,7.369999885559082,7.574999809265137,7.369999885559082,7.5,268056,0.0,0.0,0.02249488220789586
2005-03-25,7.5,7.5,7.5,7.5,0,0.0,0.0,0.0
2005-03-28,7.5,7.5,7.5,7.5,0,0.0,0.0,0.0
2005-03-29,7.46999979019165,7.474999904632568,7.315000057220459,7.375,328396,0.0,0.0,-0.01666666666666672
2005-03-30,7.375,7.512499809265137,7.34499979019165,7.492499828338623,701032,0.0,0.0,0.015932180113711558
2005-03-31,7.497499942779541,7.599999904632568,7.462500095367432,7.519999980926514,334952,0.0,0.0,0.0036703574531797845
2005-04-01,7.512499809265137,7.574999809265137,7.480000019073486,7.5,277068,0.0,0.0,-0.00265957193846289
2005-04-04,7.480000019073486,7.534999847412109,7.449999809265137,7.507500171661377,117896,0.0,0.0,0.0010000228881836826
2005-04-05,7.465000152587891,7.522500038146973,7.449999809265137,7.522500038146973,139308,0.0,0.0,0.0019979841681809773
2005-04-06,7.5,7.637499809265137,7.5,7.612500190734863,226964,0.0,0.0,0.011964127900497834
2005-04-07,7.599999904632568,7.699999809265137,7.565000057220459,7.639999866485596,188524,0.0,0.0,0.0036124367897161225
2005-04-08,7.699999809265137,7.835000038146973,7.677499771118164,7.75,544312,0.0,0.0,0.0143979234864835
2005-04-11,7.71750020980835,7.832499980926514,7.675000190734863,7.832499980926514,267032,0.0,0.0,0.010645158829227563
2005-04-12,7.829999923706055,7.96750020980835,7.78000020980835,7.96750020980835,509508,0.0,0.0,0.01723590542107689
2005-04-13,8.0,8.180000305175781,8.0,8.180000305175781,613572,0.0,0.0,0.026670861596694406
2005-04-14,8.172499656677246,8.172499656677246,8.0625,8.09000015258789,298224,0.0,0.0,-0.011002463231076454
2005-04-15,8.095000267028809,8.095000267028809,7.949999809265137,8.02750015258789,481352,0.0,0.0,-0.007725586998908351
2005-04-18,7.802499771118164,7.952499866485596,7.675000190734863,7.912499904632568,381936,0.0,0.0,-0.014325785832373872
2005-04-19,7.824999809265137,8.024999618530273,7.824999809265137,7.900000095367432,145036,0.0,0.0,-0.0015797547444921234
2005-04-20,7.909999847412109,7.972499847412109,7.875,7.900000095367432,101936,0.0,0.0,0.0
2005-04-21,7.824999809265137,7.900000095367432,7.824999809265137,7.880000114440918,69836,0.0,0.0,-0.002531643124693339
2005-04-22,7.887499809265137,7.992499828338623,7.887499809265137,7.954999923706055,137784,0.0,0.0,0.009517742154304232
2005-04-25,7.90749979019165,7.947500228881836,7.815000057220459,7.835000038146973,120116,0.0,0.0,-0.015084838052792482
2005-04-26,7.947500228881836,7.947500228881836,7.777500152587891,7.869999885559082,159792,0.0,0.0,0.004467115155290635
2005-04-27,7.864999771118164,7.864999771118164,7.702499866485596,7.775000095367432,250856,0.0,0.0,-0.012071129805982461
2005-04-28,7.75,7.847499847412109,7.675000190734863,7.699999809265137,211032,0.0,0.0,-0.009646338930205611
2005-04-29,7.8125,7.847499847412109,7.737500190734863,7.777500152587891,154064,0.0,0.0,0.010064979901623028
2005-05-02,7.795000076293945,7.824999809265137,7.78000020980835,7.784999847412109,79380,0.0,0.0,0.0009642808970853345
2005-05-03,7.775000095367432,7.800000190734863,7.724999904632568,7.764999866485596,122816,0.0,0.0,-0.002569040631794195
2005-05-04,7.724999904632568,7.947500228881836,7.534999847412109,7.900000095367432,721924,0.0,0.0,0.01738573486195527
2005-05-05,7.877500057220459,7.9375,7.835000038146973,7.929999828338623,37944,0.0,0.0,0.003797434507473385
2005-05-06,7.917500019073486,8.042499542236328,7.867499828338623,7.872499942779541,257256,0.0,0.0,-0.0072509315011081155
2005-05-09,7.872499942779541,8.024999618530273,7.84250020980835,7.997499942779541,279472,0.0,0.0,0.015878056641289273
2005-05-10,7.997499942779541,8.010000228881836,7.942500114440918,7.974999904632568,99960,0.0,0.0,-0.002813383970985406
2005-05-11,7.974999904632568,7.980000019073486,7.957499980926514,7.957499980926514,36656,0.0,0.0,-0.0021943478263729554
2005-05-12,7.962500095367432,8.03499984741211,7.962500095367432,8.015000343322754,68936,0.0,0.0,0.007225933086278946
2005-05-13,8.012499809265137,8.039999961853027,7.957499980926514,7.957499980926514,85356,0.0,0.0,-0.007174093566214679
2005-05-16,7.974999904632568,8.210000038146973,7.965000152587891,8.149999618530273,379424,0.0,0.0,0.024190969282458896
2005-05-17,8.199999809265137,8.425000190734863,8.142499923706055,8.404999732971191,528088,0.0,0.0,0.0312883590645987
2005-05-18,8.404999732971191,8.744999885559082,8.40250015258789,8.632499694824219,871376,0.0,0.0,0.02706721821305824
2005-05-19,8.632499694824219,8.774999618530273,8.4375,8.699999809265137,1215540,0.0,0.0,0.007819301109432963
2005-05-20,8.642499923706055,9.037500381469727,8.642499923706055,8.819999694824219,2183656,0.0,0.0,0.01379309059654088
2005-05-23,8.774999618530273,8.850000381469727,8.5,8.619999885559082,969548,0.0,0.0,-0.022675716120772793
2005-05-24,8.637499809265137,8.720000267028809,8.577500343322754,8.662500381469727,472460,0.0,0.0,0.00493045202724951
2005-05-25,8.697500228881836,9.199999809265137,8.675000190734863,9.045000076293945,1976952,0.0,0.0,0.044155806981831525
2005-05-26,9.0649995803833,9.335000038146973,9.0649995803833,9.335000038146973,1164520,0.0,0.0,0.0320619081710225
2005-05-27,9.404999732971191,9.537500381469727,9.199999809265137,9.2475004196167,555180,0.0,0.0,-0.009373285288988842
2005-05-30,9.087499618530273,9.25,9.077500343322754,9.175000190734863,168620,0.0,0.0,-0.007839981139989072
2005-05-31,9.167499542236328,9.255000114440918,9.100000381469727,9.100000381469727,323044,0.0,0.0,-0.008174365962506869
2005-06-01,9.125,9.287500381469727,9.125,9.262499809265137,707648,0.0,0.0,0.01785707922895341
2005-06-02,9.274999618530273,9.425000190734863,9.262499809265137,9.262499809265137,532064,0.0,0.0,0.0
2005-06-03,9.255000114440918,9.425000190734863,9.21500015258789,9.425000190734863,739620,0.0,0.0,0.017543901194705613
2005-06-06,9.375,9.494999885559082,9.300000190734863,9.494999885559082,315416,0.0,0.0,0.0074270231732229686
2005-06-07,9.5,9.707500457763672,9.494999885559082,9.699999809265137,1014208,0.0,0.0,0.021590302914888726
2005-06-08,9.632499694824219,9.857500076293945,9.587499618530273,9.789999961853027,1082760,0.0,0.0,0.009278366428618456
2005-06-09,9.779999732971191,9.857500076293945,9.65999984741211,9.75,542696,0.0,0.0,-0.004085797958007009
2005-06-10,9.6899995803833,9.795000076293945,9.6899995803833,9.795000076293945,259152,0.0,0.0,0.004615392440404653
2005-06-13,9.800000190734863,10.300000190734863,9.710000038146973,10.300000190734863,1509048,0.0,0.0,0.05155692807630796
2005-06-14,10.260000228881836,10.649999618530273,10.130000114440918,10.130000114440918,1449128,0.0,0.0,-0.01650486147047503
2005-06-15,10.162500381469727,10.3125,9.949999809265137,10.164999961853027,592556,0.0,0.0,0.003455068807177497
2005-06-16,10.5,10.625,9.699999809265137,9.837499618530273,2228788,0.0,0.0,-0.03221843035433247
2005-06-17,10.0,10.212499618530273,9.875,10.0,914728,0.0,0.0,0.016518463814080953
2005-06-20,10.104999542236328,10.112500190734863,9.895000457763672,9.947500228881836,312844,0.0,0.0,-0.005249977111816406
2005-06-21,9.952500343322754,10.100000381469727,9.952500343322754,10.02750015258789,458084,0.0,0.0,0.008042213809031251
2005-06-22,10.050000190734863,10.125,10.0,10.0625,298704,0.0,0.0,0.003490386126105083
2005-06-23,10.112500190734863,10.3125,10.072500228881836,10.225000381469727,495772,0.0,0.0,0.016149106233016353
2005-06-24,10.107500076293945,10.162500381469727,10.039999961853027,10.125,421648,0.0,0.0,-0.009779988042929788
2005-06-27,10.125,10.22249984741211,10.0,10.22249984741211,508580,0.0,0.0,0.009629614559220734
2005-06-28,10.09749984741211,10.1899995803833,10.09749984741211,10.137499809265137,158508,0.0,0.0,-0.008314995296232808
2005-06-29,10.199999809265137,10.3100004196167,10.175000190734863,10.265000343322754,322720,0.0,0.0,0.012577118269446297
2005-06-30,10.212499618530273,10.380000114440918,10.212499618530273,10.322500228881836,286432,0.0,0.0,0.005601547358591752
2005-07-01,10.210000038146973,10.385000228881836,10.210000038146973,10.385000228881836,321288,0.0,0.0,0.006054734668363482
2005-07-04,10.335000038146973,10.4975004196167,10.335000038146973,10.4975004196167,225196,0.0,0.0,0.010832950241251638
2005-07-05,10.427499771118164,10.625,10.427499771118164,10.617500305175781,937704,0.0,0.0,0.011431281806365767
2005-07-06,10.637499809265137,10.962499618530273,10.632499694824219,10.962499618530273,983496,0.0,0.0,0.03249345923600422
2005-07-07,10.925000190734863,10.9350004196167,10.337499618530273,10.739999771118164,729620,0.0,0.0,-0.020296452009540777
2005-07-08,10.9375,10.9375,10.75,10.914999961853027,271924,0.0,0.0,0.016294245294629528
2005-07-11,10.949999809265137,11.072500228881836,10.887499809265137,11.022500038146973,389796,0.0,0.0,0.00984883890697641
2005-07-12,10.962499618530273,11.020000457763672,10.9375,10.9375,461976,0.0,0.0,-0.007711502640308621
2005-07-13,10.9375,10.9975004196167,10.925000190734863,10.942500114440918,216704,0.0,0.0,0.0004571533203125977
2005-07-14,10.914999961853027,10.992500305175781,10.914999961853027,10.97249984741211,96312,0.0,0.0,0.0027415794066660837
2005-07-15,10.912500381469727,11.15250015258789,10.912500381469727,11.0,216492,0.0,0.0,0.0025062796054060588
2005-07-18,10.975000381469727,11.024999618530273,10.949999809265137,11.0,204792,0.0,0.0,0.0
2005-07-19,11.0,11.017499923706055,10.949999809265137,10.967499732971191,687856,0.0,0.0,-0.0029545697298917206
2005-07-20,11.0,11.087499618530273,10.982500076293945,11.032500267028809,297756,0.0,0.0,0.00592665016094851
2005-07-21,11.067500114440918,11.067500114440918,10.949999809265137,11.007499694824219,207296,0.0,0.0,-0.0022660839881695205
2005-07-22,11.0,11.0,10.800000190734863,10.952500343322754,414988,0.0,0.0,-0.0049965344561695435
2005-07-25,11.03499984741211,11.162500381469727,11.03499984741211,11.162500381469727,355268,0.0,0.0,0.01917370751556291
2005-07-26,11.175000190734863,11.642499923706055,11.125,11.5,569772,0.0,0.0,0.030235127166538645
2005-07-27,11.600000381469727,11.612500190734863,11.5,11.552499771118164,321056,0.0,0.0,0.004565197488535899
2005-07-28,11.574999809265137,11.6225004196167,11.399999618530273,11.524999618530273,347964,0.0,0.0,-0.00238045039019541
2005-07-29,11.5,11.675000190734863,11.432499885559082,11.4399995803833,225660,0.0,0.0,-0.007375274703723789
2005-08-01,11.515000343322754,11.667499542236328,11.454999923706055,11.59749984741211,274724,0.0,0.0,0.013767506364150695
2005-08-02,11.647500038146973,11.664999961853027,11.425000190734863,11.654999732971191,252236,0.0,0.0,0.004957955276189363
2005-08-03,11.637499809265137,11.795000076293945,11.520000457763672,11.795000076293945,198788,0.0,0.0,0.012012041744342783
2005-08-04,11.875,11.875,11.675000190734863,11.699999809265137,442196,0.0,0.0,-0.008054282866834739
2005-08-05,11.75,11.772500038146973,11.395000457763672,11.412500381469727,152152,0.0,0.0,-0.02457260106685999
2005-08-08,11.390000343322754,11.614999771118164,11.390000343322754,11.442500114440918,162896,0.0,0.0,0.002628673118811209
2005-08-09,11.444999694824219,11.5625,11.324999809265137,11.34000015258789,177208,0.0,0.0,-0.008957829218080415
2005-08-10,11.375,11.4375,11.125,11.239999771118164,203636,0.0,0.0,-0.008818375672323575
2005-08-11,11.125,11.154999732971191,10.664999961853027,10.7524995803833,607128,0.0,0.0,-0.04337190397347901
2005-08-12,10.774999618530273,10.845000267028809,10.65250015258789,10.72249984741211,380964,0.0,0.0,-0.0027900241006214577
2005-08-15,10.657500267028809,10.84749984741211,10.654999732971191,10.800000190734863,346428,0.0,0.0,0.007227824147878925
2005-08-16,10.84749984741211,10.84749984741211,10.702500343322754,10.7475004196167,287388,0.0,0.0,-0.004861089832498555
2005-08-17,10.75,10.78499984741211,10.390000343322754,10.662500381469727,418312,0.0,0.0,-0.0079088192443173
2005-08-18,10.677499771118164,10.75,10.574999809265137,10.672499656677246,226508,0.0,0.0,0.0009377983446450244
2005-08-19,10.672499656677246,10.704999923706055,10.600000381469727,10.645000457763672,72616,0.0,0.0,-0.002576640880599057
2005-08-22,10.6875,10.6875,10.65250015258789,10.657500267028809,68976,0.0,0.0,0.0011742422477794001
2005-08-23,10.657500267028809,10.725000381469727,10.452500343322754,10.475000381469727,269732,0.0,0.0,-0.017124079848600426
2005-08-24,10.425000190734863,10.529999732971191,10.274999618530273,10.362500190734863,181840,0.0,0.0,-0.010739874619372425
2005-08-25,10.324999809265137,10.369999885559082,10.270000457763672,10.300000190734863,388848,0.0,0.0,-0.006031362977043098
2005-08-26,10.300000190734863,10.375,10.287500381469727,10.354999542236328,93468,0.0,0.0,0.005339742765338773
2005-08-29,10.375,10.432499885559082,10.354999542236328,10.395000457763672,49024,0.0,0.0,0.0038629567644292706
2005-08-30,10.354999542236328,10.4350004196167,10.350000381469727,10.380000114440918,103460,0.0,0.0,-0.0014430344071366674
2005-08-31,10.387499809265137,10.449999809265137,10.375,10.40250015258789,166816,0.0,0.0,0.002167633708950456
2005-09-01,10.449999809265137,10.625,10.432499885559082,10.5600004196167,212920,0.0,0.0,0.015140616651625471
2005-09-02,10.574999809265137,10.642499923706055,10.375,10.375,192640,0.0,0.0,-0.01751897843422756
2005-09-05,10.382499694824219,10.399999618530273,10.202500343322754,10.270000457763672,149840,0.0,0.0,-0.010120437805911098
2005-09-06,10.274999618530273,10.34000015258789,10.274999618530273,10.329999923706055,53052,0.0,0.0,0.005842206744696377
2005-09-07,10.375,10.412500381469727,10.3725004196167,10.392499923706055,63860,0.0,0.0,0.006050338863659688
2005-09-08,10.387499809265137,10.40999984741211,10.375,10.3774995803833,77244,0.0,0.0,-0.0014433816149025391
2005-09-09,10.4375,10.537500381469727,10.3774995803833,10.515000343322754,206348,0.0,0.0,0.0132498933750258
2005-09-12,10.574999809265137,10.600000381469727,10.412500381469727,10.52750015258789,138376,0.0,0.0,0.0011887597581559106
2005-09-13,10.5024995803833,10.520000457763672,10.425000190734863,10.449999809265137,95068,0.0,0.0,-0.007361704317211726
2005-09-14,10.449999809265137,10.4975004196167,10.412500381469727,10.414999961853027,166656,0.0,0.0,-0.003349267756070029
2005-09-15,10.449999809265137,10.449999809265137,10.357500076293945,10.3774995803833,281848,0.0,0.0,-0.0036006127323167103
2005-09-16,10.3774995803833,10.4975004196167,10.3774995803833,10.452500343322754,57964,0.0,0.0,0.0072272479857506955
2005-09-19,10.449999809265137,10.487500190734863,10.375,10.3774995803833,86560,0.0,0.0,-0.007175389665245446
2005-09-20,10.375,10.494999885559082,10.375,10.457500457763672,109496,0.0,0.0,0.007709070644685623
2005-09-21,10.737500190734863,10.904999732971191,10.574999809265137,10.600000381469727,776536,0.0,0.0,0.013626575899431392
2005-09-22,10.604999542236328,10.654999732971191,10.364999771118164,10.375,315372,0.0,0.0,-0.021226450318158285
2005-09-23,10.425000190734863,10.470000267028809,10.307499885559082,10.3125,339148,0.0,0.0,-0.0060240963855421326
2005-09-26,10.350000381469727,10.717499732971191,10.350000381469727,10.712499618530273,267104,0.0,0.0,0.038787841796875
2005-09-27,10.824999809265137,10.824999809265137,10.6274995803833,10.710000038146973,167192,0.0,0.0,-0.00023333306626005523
2005-09-28,10.712499618530273,10.9375,10.712499618530273,10.899999618530273,248868,0.0,0.0,0.01774039026205032
2005-09-29,10.9350004196167,10.9350004196167,10.702500343322754,10.762499809265137,114644,0.0,0.0,-0.01261466184194937
2005-09-30,10.774999618530273,10.8725004196167,10.774999618530273,10.84749984741211,181000,0.0,0.0,0.007897796948047153
2005-10-03,10.875,11.112500190734863,10.8125,11.010000228881836,314360,0.0,0.0,0.014980445610100146
2005-10-04,11.012499809265137,11.067500114440918,10.9375,11.0625,137184,0.0,0.0,0.004768371482903655
2005-10-05,11.050000190734863,11.050000190734863,10.892499923706055,10.994999885559082,72988,0.0,0.0,-0.006101705260195933
2005-10-06,10.977499961853027,10.977499961853027,10.779999732971191,10.922499656677246,230128,0.0,0.0,-0.006593927206589467
2005-10-07,10.725000381469727,10.920000076293945,10.725000381469727,10.904999732971191,83108,0.0,0.0,-0.0016021903644882762
2005-10-10,10.8149995803833,10.922499656677246,10.8149995803833,10.824999809265137,157784,0.0,0.0,-0.007336077548372177
2005-10-11,10.797499656677246,10.800000190734863,10.649999618530273,10.662500381469727,103676,0.0,0.0,-0.015011494749064713
2005-10-12,10.65250015258789,10.767499923706055,10.5600004196167,10.675000190734863,153720,0.0,0.0,0.0011723150122329162
2005-10-13,10.772500038146973,10.774999618530273,10.357500076293945,10.482500076293945,312832,0.0,0.0,-0.01803279728350682
2005-10-14,10.487500190734863,10.537500381469727,10.292499542236328,10.412500381469727,152464,0.0,0.0,-0.00667776716572821
2005-10-17,10.40999984741211,10.425000190734863,10.300000190734863,10.40999984741211,71780,0.0,0.0,-0.00024014731966470748
2005-10-18,10.357500076293945,10.399999618530273,10.27750015258789,10.329999923706055,95144,0.0,0.0,-0.00768491113147729
2005-10-19,10.272500038146973,10.272500038146973,9.479999542236328,9.595000267028809,797480,0.0,0.0,-0.07115195180113354
2005-10-20,9.857500076293945,10.119999885559082,9.807499885559082,9.8725004196167,401752,0.0,0.0,0.028921328281924286
2005-10-21,9.8125,9.9975004196167,9.779999732971191,9.819999694824219,126372,0.0,0.0,-0.005317875164447816
2005-10-24,9.824999809265137,10.074999809265137,9.824999809265137,10.074999809265137,226076,0.0,0.0,0.02596742590280532
2005-10-25,10.085000038146973,10.117500305175781,9.962499618530273,10.0600004196167,149228,0.0,0.0,-0.0014887731942827553
2005-10-26,10.0024995803833,10.109999656677246,9.9350004196167,9.949999809265137,132804,0.0,0.0,-0.010934453853209014
2005-10-27,9.975000381469727,9.975000381469727,9.737500190734863,9.774999618530273,105168,0.0,0.0,-0.017587959204974912
2005-10-28,9.699999809265137,9.8125,9.550000190734863,9.600000381469727,238984,0.0,0.0,-0.017902735947815773
2005-10-31,9.625,9.699999809265137,9.577500343322754,9.619999885559082,367844,0.0,0.0,0.0020832815931923765
2005-11-01,9.800000190734863,9.987500190734863,9.682499885559082,9.922499656677246,167632,0.0,0.0,0.031444883026688686
2005-11-02,9.9375,9.944999694824219,9.699999809265137,9.899999618530273,136096,0.0,0.0,-0.0022675776190963504
2005-11-03,9.97249984741211,10.069999694824219,9.832500457763672,10.047499656677246,182528,0.0,0.0,0.01489899432631181
2005-11-04,10.25,10.25,9.850000381469727,10.039999961853027,276192,0.0,0.0,-0.0007464239940764283
2005-11-07,10.157500267028809,10.25,10.045000076293945,10.220000267028809,158744,0.0,0.0,0.017928317316702413
2005-11-08,10.22249984741211,10.25,10.050000190734863,10.154999732971191,95352,0.0,0.0,-0.006360130367835559
2005-11-09,10.192500114440918,10.192500114440918,10.0024995803833,10.005000114440918,88868,0.0,0.0,-0.014771011568149639
2005-11-10,10.024999618530273,10.045000076293945,9.867500305175781,9.880000114440918,124380,0.0,0.0,-0.012493752980530126
2005-11-11,9.9375,9.9975004196167,9.875,9.875,48260,0.0,0.0,-0.0005060844517207341
2005-11-14,9.899999618530273,9.994999885559082,9.859999656677246,9.859999656677246,116572,0.0,0.0,-0.0015190221086333056
2005-11-15,9.859999656677246,9.887499809265137,9.725000381469727,9.805000305175781,206540,0.0,0.0,-0.005578027729871038
2005-11-16,9.805000305175781,9.805000305175781,9.512499809265137,9.545000076293945,347928,0.0,0.0,-0.026517105638904415
2005-11-17,9.5625,9.922499656677246,9.5625,9.774999618530273,192120,0.0,0.0,0.024096337391086742
2005-11-18,9.792499542236328,9.960000038146973,9.77750015258789,9.859999656677246,132072,0.0,0.0,0.008695656415764974
2005-11-21,9.850000381469727,9.850000381469727,9.727499961853027,9.8100004196167,94652,0.0,0.0,-0.005070916714148832
2005-11-22,9.859999656677246,9.859999656677246,9.732500076293945,9.805000305175781,79188,0.0,0.0,-0.0005096956398614738
2005-11-23,9.824999809265137,10.047499656677246,9.802499771118164,10.015000343322754,173032,0.0,0.0,0.021417647283103136
2005-11-24,10.072500228881836,10.072500228881836,9.9375,9.977499961853027,106388,0.0,0.0,-0.003744421386338681
2005-11-25,10.024999618530273,10.147500038146973,10.0,10.0600004196167,164920,0.0,0.0,0.008268650271019418
2005-11-28,10.052499771118164,10.087499618530273,9.944999694824219,9.944999694824219,149444,0.0,0.0,-0.011431483100958206
2005-11-29,9.947500228881836,10.1225004196167,9.942500114440918,9.989999771118164,207012,0.0,0.0,0.004524894688268777
2005-11-30,9.942500114440918,10.050000190734863,9.604999542236328,9.6850004196167,609816,0.0,0.0,-0.030530466315248694
2005-12-01,9.712499618530273,9.725000381469727,9.532500267028809,9.657500267028809,274040,0.0,0.0,-0.0028394580688081428
2005-12-02,9.6875,9.692500114440918,9.40250015258789,9.422499656677246,625656,0.0,0.0,-0.024333482148984897
2005-12-05,9.510000228881836,9.649999618530273,9.425000190734863,9.427499771118164,494160,0.0,0.0,0.0005306568981804372
2005-12-06,9.4975004196167,9.569999694824219,9.432499885559082,9.520000457763672,278920,0.0,0.0,0.009811794101431959
2005-12-07,9.5649995803833,9.912500381469727,9.5649995803833,9.8725004196167,586904,0.0,0.0,0.037027305136898336
2005-12-08,9.824999809265137,9.850000381469727,9.6225004196167,9.657500267028809,368212,0.0,0.0,-0.021777679761925794
2005-12-09,9.949999809265137,10.015000343322754,9.824999809265137,9.875,1205568,0.0,0.0,0.02252132818610897
2005-12-12,10.0,10.375,9.979999542236328,10.289999961853027,1068732,0.0,0.0,0.042025312592711694
2005-12-13,10.47249984741211,10.609999656677246,10.357500076293945,10.375,1292896,0.0,0.0,0.008260450773769135
2005-12-14,10.487500190734863,10.517499923706055,10.255000114440918,10.295000076293945,784104,0.0,0.0,-0.007710836019860667
2005-12-15,10.350000381469727,10.350000381469727,10.279999732971191,10.305000305175781,368460,0.0,0.0,0.000971367538390222
2005-12-16,10.300000190734863,10.515000343322754,10.27750015258789,10.425000190734863,547284,0.0,0.0,0.011644821155299745
2005-12-19,10.522500038146973,10.522500038146973,10.274999618530273,10.350000381469727,432620,0.0,0.0,-0.007194226176781449
2005-12-20,10.324999809265137,10.432499885559082,10.225000381469727,10.407500267028809,426024,0.0,0.0,0.00555554429370142
2005-12-21,10.100000381469727,10.25,9.617500305175781,10.25,2332588,0.0,0.0,-0.015133342588303678
2005-12-22,10.1274995803833,10.1875,9.9399995803833,10.0649995803833,474672,0.0,0.0,-0.01804882142601949
2005-12-23,10.050000190734863,10.297499656677246,10.047499656677246,10.225000381469727,283208,0.0,0.0,0.0158967518884221
2005-12-26,10.225000381469727,10.225000381469727,10.225000381469727,10.225000381469727,0,0.0,0.0,0.0
2005-12-27,10.2475004196167,10.287500381469727,10.012499809265137,10.137499809265137,146288,0.0,0.0,-0.008557512854783123
2005-12-28,10.162500381469727,10.162500381469727,10.050000190734863,10.125,177660,0.0,0.0,-0.001233026831104156
2005-12-29,10.109999656677246,10.172499656677246,10.012499809265137,10.15999984741211,124004,0.0,0.0,0.003456775053047867
2005-12-30,10.02750015258789,10.100000381469727,9.920000076293945,10.039999961853027,215236,0.0,0.0,-0.011811012535560939
2006-01-02,10.03499984741211,10.100000381469727,9.925000190734863,10.0,137048,0.0,0.0,-0.003984059960658093
2006-01-03,9.9399995803833,10.0625,9.925000190734863,10.057499885559082,362504,0.0,0.0,0.0057499885559082475
2006-01-04,10.162500381469727,10.162500381469727,10.074999809265137,10.125,221468,0.0,0.0,0.006711420851004624
2006-01-05,10.15999984741211,10.192500114440918,10.125,10.182499885559082,229348,0.0,0.0,0.005679001042872223
2006-01-06,10.074999809265137,10.172499656677246,9.96500015258789,10.162500381469727,289988,0.0,0.0,-0.0019641055059297363
2006-01-09,10.149999618530273,10.149999618530273,9.942500114440918,10.024999618530273,645544,0.0,0.0,-0.01353020986746245
2006-01-10,9.977499961853027,9.987500190734863,9.875,9.949999809265137,540120,0.0,0.0,-0.007481278016859605
2006-01-11,9.904999732971191,9.922499656677246,9.712499618530273,9.75,1045672,0.0,0.0,-0.020100483728542673
2006-01-12,9.75,9.800000190734863,9.737500190734863,9.787500381469727,525092,0.0,0.0,0.003846192971254103
2006-01-13,9.78499984741211,9.78499984741211,9.699999809265137,9.734999656677246,327596,0.0,0.0,-0.005364058518135817
2006-01-16,9.649999618530273,9.649999618530273,9.524999618530273,9.550000190734863,550184,0.0,0.0,-0.019003541085437226
2006-01-17,9.522500038146973,9.602499961853027,9.380000114440918,9.585000038146973,734220,0.0,0.0,0.0036649054149826554
2006-01-18,9.582500457763672,9.774999618530273,9.4399995803833,9.734999656677246,440396,0.0,0.0,0.01564941240827289
2006-01-19,9.75,9.75,9.625,9.75,333924,0.0,0.0,0.0015408673704950804
2006-01-20,9.75,9.75,9.637499809265137,9.6899995803833,195472,0.0,0.0,-0.006153889191456319
2006-01-23,9.4975004196167,9.550000190734863,9.4375,9.522500038146973,298036,0.0,0.0,-0.017285815220819956
2006-01-24,9.449999809265137,9.492500305175781,9.274999618530273,9.350000381469727,322696,0.0,0.0,-0.018114954684821827
2006-01-25,9.34749984741211,9.362500190734863,9.162500381469727,9.295000076293945,324232,0.0,0.0,-0.005882385340302609
2006-01-26,9.399999618530273,9.449999809265137,9.3125,9.382499694824219,207452,0.0,0.0,0.009413622142234734
2006-01-27,8.5625,8.9375,8.3774995803833,8.774999618530273,3292192,0.0,0.0,-0.0647482116763689
2006-01-30,8.725000381469727,8.8125,8.5024995803833,8.5600004196167,1373268,0.0,0.0,-0.024501334274654285
2006-01-31,8.550000190734863,8.774999618530273,8.537500381469727,8.744999885559082,1055376,0.0,0.0,0.02161208608336329
2006-02-01,8.774999618530273,9.0,8.692500114440918,8.962499618530273,687476,0.0,0.0,0.0248713248504846
2006-02-02,8.885000228881836,8.885000228881836,8.649999618530273,8.7524995803833,433248,0.0,0.0,-0.023430967596672514
2006-02-03,8.774999618530273,8.875,8.6274995803833,8.6274995803833,568228,0.0,0.0,-0.014281634503606089
2006-02-06,8.604999542236328,8.604999542236328,8.4399995803833,8.475000381469727,677944,0.0,0.0,-0.01767594393864913
2006-02-07,8.462499618530273,8.475000381469727,8.199999809265137,8.25,974748,0.0,0.0,-0.026548716382559845
2006-02-08,8.149999618530273,8.199999809265137,7.925000190734863,7.96750020980835,1075212,0.0,0.0,-0.03424239881110913
2006-02-09,8.024999618530273,8.125,7.875,8.047499656677246,828116,0.0,0.0,0.010040721024445531
2006-02-10,7.912499904632568,8.114999771118164,7.804999828338623,8.074999809265137,778944,0.0,0.0,0.003417229420453971
2006-02-13,8.0625,8.237500190734863,7.974999904632568,8.079999923706055,425624,0.0,0.0,0.0006192092333154875
2006-02-14,8.032500267028809,8.149999618530273,8.032500267028809,8.104999542236328,313236,0.0,0.0,0.0030940122235554313
2006-02-15,8.077500343322754,8.145000457763672,7.789999961853027,7.789999961853027,662520,0.0,0.0,-0.038864848633462845
2006-02-16,7.802499771118164,7.802499771118164,7.617499828338623,7.787499904632568,679508,0.0,0.0,-0.00032093160881918603
2006-02-17,7.875,7.877500057220459,7.699999809265137,7.8125,426388,0.0,0.0,0.003210285158727233
2006-02-20,7.822500228881836,8.087499618530273,7.8125,8.037500381469727,273556,0.0,0.0,0.028800048828125036
2006-02-21,8.095000267028809,8.095000267028809,7.900000095367432,7.9375,462228,0.0,0.0,-0.01244172649749109
2006-02-22,7.940000057220459,7.987500190734863,7.827499866485596,7.829999923706055,168336,0.0,0.0,-0.01354331669844977
2006-02-23,7.875,7.997499942779541,7.755000114440918,7.96750020980835,414228,0.0,0.0,0.01756070082274208
2006-02-24,7.949999809265137,8.274999618530273,7.909999847412109,8.25,582448,0.0,0.0,0.03545651493599977
2006-02-27,8.357500076293945,8.357500076293945,8.154999732971191,8.244999885559082,602192,0.0,0.0,-0.0006060744776870131
2006-02-28,8.25,8.272500038146973,8.137499809265137,8.162500381469727,562320,0.0,0.0,-0.010006004273432567
2006-03-01,8.112500190734863,8.354999542236328,8.112500190734863,8.28499984741211,428440,0.0,0.0,0.015007590838277629
2006-03-02,8.5625,8.927499771118164,8.5625,8.925000190734863,1881584,0.0,0.0,0.07724808148580276
2006-03-03,8.9399995803833,8.984999656677246,8.6875,8.912500381469727,941644,0.0,0.0,-0.0014005388233059302
2006-03-06,8.947500228881836,8.952500343322754,8.762499809265137,8.854999542236328,310700,0.0,0.0,-0.006451706790717271
2006-03-07,8.824999809265137,8.824999809265137,8.672499656677246,8.704999923706055,436152,0.0,0.0,-0.01693953995308628
2006-03-08,8.664999961853027,8.824999809265137,8.654999732971191,8.725000381469727,208144,0.0,0.0,0.0022975827615121514
2006-03-09,8.712499618530273,8.7475004196167,8.6899995803833,8.744999885559082,190020,0.0,0.0,0.0022922066722004253
2006-03-10,8.699999809265137,8.8100004196167,8.699999809265137,8.75,225188,0.0,0.0,0.0005717683826589326
2006-03-13,8.77750015258789,8.8125,8.729999542236328,8.782500267028809,282480,0.0,0.0,0.0037143162318638012
2006-03-14,8.787500381469727,8.787500381469727,8.649999618530273,8.725000381469727,400584,0.0,0.0,-0.0065470975019434885
2006-03-15,8.712499618530273,8.787500381469727,8.65250015258789,8.702500343322754,445812,0.0,0.0,-0.0025788008210014812
2006-03-16,8.6875,8.887499809265137,8.65250015258789,8.800000190734863,1182072,0.0,0.0,0.011203659128484755
2006-03-17,9.199999809265137,9.220000267028809,9.012499809265137,9.015000343322754,864024,0.0,0.0,0.024431834991805346
2006-03-20,9.100000381469727,9.100000381469727,8.827500343322754,8.977499961853027,270080,0.0,0.0,-0.004159775933619603
2006-03-21,8.987500190734863,8.987500190734863,8.699999809265137,8.987500190734863,666116,0.0,0.0,0.0011139213505240164
2006-03-22,9.0,9.25,8.932499885559082,9.175000190734863,547200,0.0,0.0,0.020862308319424816
2006-03-23,9.147500038146973,9.654999732971191,9.125,9.5024995803833,1573664,0.0,0.0,0.03569475562291036
2006-03-24,9.550000190734863,9.550000190734863,9.329999923706055,9.425000190734863,644028,0.0,0.0,-0.008155684616753422
2006-03-27,9.375,9.5625,9.199999809265137,9.5,567972,0.0,0.0,0.00795753928353915
2006-03-28,9.427499771118164,9.524999618530273,9.350000381469727,9.417499542236328,463556,0.0,0.0,-0.008684258711965431
2006-03-29,9.430000305175781,9.5600004196167,9.302499771118164,9.515000343322754,421288,0.0,0.0,0.010353151667185756
2006-03-30,9.647500038146973,9.657500267028809,9.517499923706055,9.5649995803833,505696,0.0,0.0,0.005254780373774137
2006-03-31,9.517499923706055,9.577500343322754,9.479999542236328,9.512499809265137,270284,0.0,0.0,-0.005488737419898637
2006-04-03,9.5024995803833,9.574999809265137,9.307499885559082,9.430000305175781,344996,0.0,0.0,-0.008672746990123548
2006-04-04,9.449999809265137,9.489999771118164,9.25,9.427499771118164,339320,0.0,0.0,-0.00026516797207787324
2006-04-05,9.417499542236328,9.457500457763672,9.350000381469727,9.449999809265137,369568,0.0,0.0,0.0023866389491626894
2006-04-06,9.4375,9.5600004196167,9.380000114440918,9.550000190734863,427152,0.0,0.0,0.01058205116276123
2006-04-07,9.5625,9.654999732971191,9.4399995803833,9.5,370304,0.0,0.0,-0.005235621961910741
2006-04-10,9.4375,9.475000381469727,9.387499809265137,9.444999694824219,381836,0.0,0.0,-0.005789505807976991
2006-04-11,9.375,9.720000267028809,9.375,9.555000305175781,751444,0.0,0.0,0.011646438740685383
2006-04-12,9.555000305175781,9.5600004196167,9.462499618530273,9.539999961853027,345340,0.0,0.0,-0.0015698945937896447
2006-04-13,9.5024995803833,9.737500190734863,9.5,9.600000381469727,765288,0.0,0.0,0.006289352186228392
2006-04-18,9.449999809265137,9.637499809265137,9.442500114440918,9.6225004196167,252556,0.0,0.0,0.0023437538805106684
2006-04-19,9.637499809265137,9.862500190734863,9.619999885559082,9.84749984741211,626704,0.0,0.0,0.023382636319424943
2006-04-20,9.850000381469727,9.869999885559082,9.765000343322754,9.822500228881836,373148,0.0,0.0,-0.002538676711616672
2006-04-21,9.822500228881836,10.109999656677246,9.8149995803833,10.0649995803833,845504,0.0,0.0,0.02468814923398277
2006-04-24,9.875,9.9975004196167,9.739999771118164,9.760000228881836,409392,0.0,0.0,-0.030302967135329983
2006-04-25,9.755000114440918,9.957500457763672,9.7475004196167,9.925000190734863,264848,0.0,0.0,0.016905733399960265
2006-04-26,9.824999809265137,10.03499984741211,9.822500228881836,9.994999885559082,403804,0.0,0.0,0.007052865841711942
2006-04-27,9.90999984741211,9.914999961853027,9.612500190734863,9.65250015258789,569888,0.0,0.0,-0.0342671072428965
2006-04-28,9.8125,9.960000038146973,9.645000457763672,9.819999694824219,594992,0.0,0.0,0.017352969654335748
2006-05-02,9.845000267028809,10.180000305175781,9.75,10.172499656677246,1235592,0.0,0.0,0.035896127577154324
2006-05-03,10.1225004196167,10.162500381469727,10.0625,10.130000114440918,442892,0.0,0.0,-0.004177885836391337
2006-05-04,10.217499732971191,10.217499732971191,9.887499809265137,10.022500038146973,814428,0.0,0.0,-0.010612050846939058
2006-05-05,9.977499961853027,10.0625,9.920000076293945,9.960000038146973,417084,0.0,0.0,-0.006235969045858436
2006-05-08,9.90250015258789,10.0625,9.850000381469727,10.052499771118164,327972,0.0,0.0,0.009287121748686289
2006-05-09,10.037500381469727,10.074999809265137,9.994999885559082,10.0625,270304,0.0,0.0,0.0009948002098509878
2006-05-10,10.050000190734863,10.125,10.024999618530273,10.047499656677246,358656,0.0,0.0,-0.0014907173488450942
2006-05-11,10.354999542236328,10.354999542236328,10.09749984741211,10.202500343322754,568764,0.0,0.0,0.015426791932508177
2006-05-12,10.114999771118164,10.125,9.729999542236328,10.012499809265137,694632,0.0,0.0,-0.018622938266497302
2006-05-15,9.800000190734863,10.154999732971191,9.574999809265137,10.100000381469727,567636,0.0,0.0,0.008739133470306859
2006-05-16,10.074999809265137,10.125,9.9975004196167,10.092499732971191,397144,0.0,0.0,-0.0007426384371526096
2006-05-17,10.092499732971191,10.154999732971191,9.707500457763672,9.707500457763672,676040,0.0,0.0,-0.03814706815891855
2006-05-18,9.5,9.625,9.012499809265137,9.375,782052,0.0,0.0,-0.03425191265355554
2006-05-19,9.329999923706055,9.875,9.3125,9.462499618530273,380228,0.0,0.0,0.00933329264322924
2006-05-22,9.462499618530273,9.557499885559082,9.052499771118164,9.164999961853027,618024,0.0,0.0,-0.03143985930468696
2006-05-23,9.012499809265137,9.75,9.012499809265137,9.612500190734863,290360,0.0,0.0,0.04882708464205576
2006-05-24,9.625,9.699999809265137,9.300000190734863,9.467499732971191,379520,0.0,0.0,-0.015084572680001851
2006-05-25,9.574999809265137,9.649999618530273,9.390000343322754,9.585000038146973,115536,0.0,0.0,0.012410911908091071
2006-05-26,9.667499542236328,9.862500190734863,9.612500190734863,9.837499618530273,189184,0.0,0.0,0.026343200769784803
2006-05-29,9.8725004196167,9.875,9.762499809265137,9.842499732971191,128852,0.0,0.0,0.0005082708650376855
2006-05-30,9.824999809265137,9.90250015258789,9.6875,9.789999961853027,290312,0.0,0.0,-0.005333987558292397
2006-05-31,9.824999809265137,10.09749984741211,9.574999809265137,10.005000114440918,1135556,0.0,0.0,0.021961200554202698
2006-06-01,9.949999809265137,10.050000190734863,9.827500343322754,9.925000190734863,435532,0.0,0.0,-0.00799599428195763
2006-06-02,9.84749984741211,10.172499656677246,9.84749984741211,10.125,694492,0.0,0.0,0.020151113896384576
2006-06-05,10.1225004196167,10.204999923706055,9.925000190734863,10.204999923706055,424596,0.0,0.0,0.0079012270326968
2006-06-06,10.0,10.09749984741211,9.827500343322754,9.922499656677246,364032,0.0,0.0,-0.027682534947654935
2006-06-07,9.885000228881836,9.987500190734863,9.774999618530273,9.899999618530273,991128,0.0,0.0,-0.0022675776190963504
2006-06-08,9.574999809265137,9.625,9.25,9.5649995803833,515508,0.0,0.0,-0.03383838899548419
2006-06-09,9.5649995803833,9.875,9.5649995803833,9.84000015258789,398088,0.0,0.0,0.028750714507984387
2006-06-12,9.680000305175781,9.84749984741211,9.65250015258789,9.77750015258789,299012,0.0,0.0,-0.006351625917766168
2006-06-13,9.552499771118164,9.725000381469727,9.274999618530273,9.274999618530273,533908,0.0,0.0,-0.051393559316346926
2006-06-14,9.177499771118164,9.225000381469727,9.02750015258789,9.03499984741211,617196,0.0,0.0,-0.02587598716863282
2006-06-15,9.244999885559082,9.449999809265137,9.067500114440918,9.2475004196167,876276,0.0,0.0,0.023519709551014234
2006-06-16,9.4975004196167,9.4975004196167,9.102499961853027,9.225000381469727,482916,0.0,0.0,-0.0024330940390382416
2006-06-19,9.125,9.430000305175781,9.125,9.350000381469727,259284,0.0,0.0,0.01355013494103341
2006-06-20,9.225000381469727,9.305000305175781,9.1274995803833,9.297499656677246,115012,0.0,0.0,-0.005615050550856537
2006-06-21,9.3125,9.375,9.175000190734863,9.345000267028809,84020,0.0,0.0,0.005108966077503219
2006-06-22,9.5,9.600000381469727,9.3774995803833,9.550000190734863,223632,0.0,0.0,0.021936855842512815
2006-06-23,9.5600004196167,9.5600004196167,9.375,9.3774995803833,233756,0.0,0.0,-0.018062890775532914
2006-06-26,9.399999618530273,9.517499923706055,9.399999618530273,9.475000381469727,303128,0.0,0.0,0.010397313297713984
2006-06-27,9.542499542236328,9.574999809265137,9.2524995803833,9.2524995803833,334844,0.0,0.0,-0.023482933206163348
2006-06-28,9.350000381469727,9.5625,9.137499809265137,9.380000114440918,378308,0.0,0.0,0.013780117788704027
2006-06-29,9.484999656677246,9.487500190734863,9.3125,9.324999809265137,337000,0.0,0.0,-0.0058635719088218075
2006-06-30,9.375,9.449999809265137,9.21500015258789,9.449999809265137,270976,0.0,0.0,0.013404826011449655
2006-07-03,9.4975004196167,9.600000381469727,9.454999923706055,9.569999694824219,267828,0.0,0.0,0.012698400844561863
2006-07-04,9.5625,9.6225004196167,9.524999618530273,9.612500190734863,184896,0.0,0.0,0.004441013298425833
2006-07-05,9.479999542236328,9.619999885559082,9.262499809265137,9.550000190734863,304452,0.0,0.0,-0.0065019504561614205
2006-07-06,9.475000381469727,9.537500381469727,9.40250015258789,9.475000381469727,137708,0.0,0.0,-0.007853383012274673
2006-07-07,9.475000381469727,9.5,9.324999809265137,9.470000267028809,227596,0.0,0.0,-0.000527716542439105
2006-07-10,9.470000267028809,9.470000267028809,9.335000038146973,9.397500038146973,109892,0.0,0.0,-0.007655778969115401
2006-07-11,9.335000038146973,9.354999542236328,9.137499809265137,9.2475004196167,373844,0.0,0.0,-0.015961651281871214
2006-07-12,9.300000190734863,9.357500076293945,9.202500343322754,9.255000114440918,452256,0.0,0.0,0.0008109969704148678
2006-07-13,9.149999618530273,9.262499809265137,9.100000381469727,9.199999809265137,580392,0.0,0.0,-0.005942766558150847
2006-07-14,9.2475004196167,9.475000381469727,9.149999618530273,9.289999961853027,417900,0.0,0.0,0.009782625484106244
2006-07-17,9.1274995803833,9.295000076293945,9.024999618530273,9.140000343322754,482140,0.0,0.0,-0.016146352975910383
2006-07-18,9.177499771118164,9.217499732971191,8.577500343322754,8.742500305175781,822628,0.0,0.0,-0.04349015571288983
2006-07-19,8.760000228881836,9.085000038146973,8.760000228881836,8.850000381469727,798456,0.0,0.0,0.012296262229502197
2006-07-20,8.850000381469727,8.97249984741211,8.607500076293945,8.795000076293945,544128,0.0,0.0,-0.00621472348079688
2006-07-21,8.75,8.837499618530273,8.520000457763672,8.585000038146973,396048,0.0,0.0,-0.02387720708644525
2006-07-24,8.520000457763672,8.699999809265137,8.5,8.5,589444,0.0,0.0,-0.009900994498460047
2006-07-25,8.6225004196167,8.6225004196167,8.512499809265137,8.59749984741211,454724,0.0,0.0,0.011470570283777626
2006-07-26,8.612500190734863,8.6875,8.529999732971191,8.625,536236,0.0,0.0,0.003198622050126332
2006-07-27,8.675000190734863,8.725000381469727,8.382499694824219,8.654999732971191,436072,0.0,0.0,0.0034782299097033675
2006-07-28,8.8149995803833,9.100000381469727,8.8149995803833,8.9375,930608,0.0,0.0,0.032640124291699824
2006-07-31,8.975000381469727,9.587499618530273,8.975000381469727,9.5,1274304,0.0,0.0,0.06293706293706292
2006-08-01,9.5,9.75,9.40250015258789,9.592499732971191,640740,0.0,0.0,0.009736813996967575
2006-08-02,9.592499732971191,9.625,9.414999961853027,9.625,903268,0.0,0.0,0.0033880915229111963
2006-08-03,9.710000038146973,9.717499732971191,9.477499961853027,9.6274995803833,544908,0.0,0.0,0.0002596966632000264
2006-08-04,9.649999618530273,10.255000114440918,9.532500267028809,9.9375,842720,0.0,0.0,0.03219947370845344
2006-08-07,9.9375,9.9399995803833,9.550000190734863,9.677499771118164,419516,0.0,0.0,-0.026163545044713077
2006-08-08,9.842499732971191,9.854999542236328,9.625,9.65250015258789,343076,0.0,0.0,-0.002583272448621776
2006-08-09,9.675000190734863,9.744999885559082,9.642499923706055,9.699999809265137,116060,0.0,0.0,0.00492096927494079
2006-08-10,9.732500076293945,9.732500076293945,9.569999694824219,9.699999809265137,200248,0.0,0.0,0.0
2006-08-11,9.625,9.6899995803833,9.529999732971191,9.6850004196167,317048,0.0,0.0,-0.0015463288601419434
2006-08-14,9.75,9.824999809265137,9.707500457763672,9.789999961853027,104444,0.0,0.0,0.01084145975085904
2006-08-15,9.7475004196167,9.925000190734863,9.649999618530273,9.90999984741211,284036,0.0,0.0,0.012257393874020917
2006-08-16,9.90999984741211,9.975000381469727,9.817500114440918,9.9399995803833,525340,0.0,0.0,0.0030272183080835013
2006-08-17,9.9975004196167,10.082500457763672,9.917499542236328,10.082500457763672,191688,0.0,0.0,0.014336104969420616
2006-08-18,10.0,10.1875,9.949999809265137,10.114999771118164,539940,0.0,0.0,0.0032233386440827516
2006-08-21,10.0600004196167,10.350000381469727,9.880000114440918,10.327500343322754,441804,0.0,0.0,0.021008460406628293
2006-08-22,10.350000381469727,10.422499656677246,10.319999694824219,10.364999771118164,366660,0.0,0.0,0.00363102653583125
2006-08-23,10.3149995803833,10.412500381469727,10.3149995803833,10.375,188808,0.0,0.0,0.0009648074387518246
2006-08-24,10.3125,10.387499809265137,10.300000190734863,10.369999885559082,343156,0.0,0.0,-0.0004819387412933196
2006-08-25,10.327500343322754,10.362500190734863,10.112500190734863,10.232500076293945,154996,0.0,0.0,-0.013259383874884567
2006-08-28,10.1274995803833,10.300000190734863,10.087499618530273,10.297499656677246,117924,0.0,0.0,0.006352267764345054
2006-08-29,10.199999809265137,10.287500381469727,10.1274995803833,10.220000267028809,186576,0.0,0.0,-0.0075260395467150465
2006-08-30,10.2475004196167,10.524999618530273,10.125,10.432499885559082,337320,0.0,0.0,0.02079252573170942
2006-08-31,10.350000381469727,10.475000381469727,10.25,10.40999984741211,274824,0.0,0.0,-0.0021567254630999733
2006-09-01,10.375,10.462499618530273,10.350000381469727,10.425000190734863,398972,0.0,0.0,0.0014409551914145169
2006-09-04,10.4975004196167,10.512499809265137,10.399999618530273,10.505000114440918,231060,0.0,0.0,0.007673853452506707
2006-09-05,10.412500381469727,10.550000190734863,10.412500381469727,10.550000190734863,277784,0.0,0.0,0.004283681656708005
2006-09-06,10.59749984741211,10.612500190734863,10.162500381469727,10.3774995803833,907468,0.0,0.0,-0.01635076845809491
2006-09-07,10.077500343322754,10.345000267028809,9.5625,10.21500015258789,836580,0.0,0.0,-0.015658822873150013
2006-09-08,10.100000381469727,10.25,10.074999809265137,10.162500381469727,156076,0.0,0.0,-0.005139478250997698
2006-09-11,10.202500343322754,10.399999618530273,10.012499809265137,10.3100004196167,279104,0.0,0.0,0.014514148350333489
2006-09-12,10.202500343322754,10.547499656677246,10.15250015258789,10.52750015258789,285668,0.0,0.0,0.021095996519782556
2006-09-13,10.447500228881836,10.699999809265137,10.412500381469727,10.625,420388,0.0,0.0,0.0092614434575089
2006-09-14,10.5,10.649999618530273,10.487500190734863,10.555000305175781,356288,0.0,0.0,-0.006588206571691124
2006-09-15,10.522500038146973,10.949999809265137,10.512499809265137,10.949999809265137,572196,0.0,0.0,0.03742297419884122
2006-09-18,10.797499656677246,11.2524995803833,10.65250015258789,11.197500228881836,686416,0.0,0.0,0.02260277844089842
2006-09-19,10.9975004196167,11.125,10.762499809265137,10.914999961853027,744888,0.0,0.0,-0.02522886905598376
2006-09-20,10.912500381469727,11.229999542236328,10.850000381469727,11.182499885559082,432732,0.0,0.0,0.024507551501689706
2006-09-21,11.100000381469727,11.337499618530273,11.0,11.270000457763672,1259928,0.0,0.0,0.007824777384311643
2006-09-22,11.09749984741211,11.3125,11.017499923706055,11.305000305175781,449412,0.0,0.0,0.0031055763966716388
2006-09-25,11.1225004196167,11.239999771118164,11.02750015258789,11.1850004196167,464316,0.0,0.0,-0.010614761815100682
2006-09-26,11.1875,12.074999809265137,11.135000228881836,11.72249984741211,1681736,0.0,0.0,0.048055378420256645
2006-09-27,11.720000267028809,11.787500381469727,11.5649995803833,11.704999923706055,463356,0.0,0.0,-0.0014928491306329672
2006-09-28,11.65250015258789,11.667499542236328,11.375,11.449999809265137,605816,0.0,0.0,-0.02178557164485473
2006-09-29,11.462499618530273,11.487500190734863,11.300000190734863,11.414999961853027,591500,0.0,0.0,-0.003056755283418311
2006-10-02,11.302499771118164,11.487500190734863,11.262499809265137,11.300000190734863,335764,0.0,0.0,-0.010074443408013445
2006-10-03,11.21500015258789,11.21500015258789,11.074999809265137,11.170000076293945,420300,0.0,0.0,-0.011504434712090394
2006-10-04,11.172499656677246,11.475000381469727,11.172499656677246,11.432499885559082,364256,0.0,0.0,0.02350043039142302
2006-10-05,11.47249984741211,11.875,11.449999809265137,11.797499656677246,883024,0.0,0.0,0.03192650555625298
2006-10-06,11.922499656677246,12.039999961853027,11.649999618530273,11.977499961853027,1596512,0.0,0.0,0.01525749611477245
2006-10-09,11.7524995803833,11.897500038146973,11.7524995803833,11.852499961853027,210848,0.0,0.0,-0.010436234639792152
2006-10-10,11.77750015258789,12.050000190734863,11.75,12.042499542236328,1233324,0.0,0.0,0.016030337987328336
2006-10-11,11.90250015258789,12.175000190734863,11.850000381469727,12.125,387456,0.0,0.0,0.006850775245979435
2006-10-12,12.0,12.22249984741211,12.0,12.210000038146973,404276,0.0,0.0,0.007010312424492682
2006-10-13,12.225000381469727,12.319999694824219,12.0,12.319999694824219,1071240,0.0,0.0,0.009008980862701188
2006-10-16,12.297499656677246,12.382499694824219,12.029999732971191,12.382499694824219,633204,0.0,0.0,0.005073052073715223
2006-10-17,12.25,12.300000190734863,11.987500190734863,12.005000114440918,684012,0.0,0.0,-0.030486540657141514
2006-10-18,11.917499542236328,12.15250015258789,11.917499542236328,11.952500343322754,608408,0.0,0.0,-0.004373158735334948
2006-10-19,11.949999809265137,12.0625,11.875,11.90999984741211,511328,0.0,0.0,-0.0035557828646611833
2006-10-20,11.925000190734863,12.024999618530273,11.824999809265137,11.927499771118164,174536,0.0,0.0,0.0014693470974189715
2006-10-23,11.875,11.949999809265137,11.725000381469727,11.899999618530273,471780,0.0,0.0,-0.0023056091482375196
2006-10-24,11.899999618530273,11.925000190734863,11.630000114440918,11.664999961853027,438504,0.0,0.0,-0.019747870942055545
2006-10-25,12.0,12.375,11.899999618530273,12.1899995803833,1443436,0.0,0.0,0.0450063969350305
2006-10-26,12.262499809265137,12.375,12.172499656677246,12.199999809265137,396408,0.0,0.0,0.0008203633491448148
2006-10-27,12.2475004196167,12.300000190734863,12.125,12.25,315112,0.0,0.0,0.004098376353816935
2006-10-30,12.052499771118164,12.260000228881836,12.052499771118164,12.092499732971191,293892,0.0,0.0,-0.012857164655412978
2006-10-31,12.197500228881836,12.199999809265137,12.055000305175781,12.09000015258789,455312,0.0,0.0,-0.00020670501868902402
2006-11-01,12.055000305175781,12.357500076293945,12.055000305175781,12.225000381469727,246972,0.0,0.0,0.011166271892307567
2006-11-02,12.2475004196167,12.2475004196167,12.107500076293945,12.149999618530273,190972,0.0,0.0,-0.0061350315418506884
2006-11-03,12.2475004196167,12.470000267028809,12.092499732971191,12.444999694824219,1931304,0.0,0.0,0.02427984243259007
2006-11-06,12.392499923706055,12.5625,12.274999618530273,12.5625,523232,0.0,0.0,0.009441567541753182
2006-11-07,12.550000190734863,12.550000190734863,12.27750015258789,12.537500381469727,465524,0.0,0.0,-0.001990019385494368
2006-11-08,12.4975004196167,12.975000381469727,12.399999618530273,12.787500381469727,801832,0.0,0.0,0.019940178854909396
2006-11-09,12.800000190734863,12.949999809265137,12.6875,12.762499809265137,330656,0.0,0.0,-0.0019550789019578962
2006-11-10,12.787500381469727,13.074999809265137,12.699999809265137,13.050000190734863,875436,0.0,0.0,0.02252696460461534
2006-11-13,12.987500190734863,13.050000190734863,12.949999809265137,12.987500190734863,274780,0.0,0.0,-0.004789271960652819
2006-11-14,12.912500381469727,13.050000190734863,12.912500381469727,12.975000381469727,460624,0.0,0.0,-0.0009624492074351565
2006-11-15,12.975000381469727,13.050000190734863,12.975000381469727,13.0,198724,0.0,0.0,0.0019267528165916037
2006-11-16,13.012499809265137,13.024999618530273,12.9375,12.9375,656180,0.0,0.0,-0.004807692307692291
2006-11-17,12.987500190734863,13.0,12.962499618530273,13.0,743368,0.0,0.0,0.004830917874396157
2006-11-20,12.975000381469727,13.0,12.899999618530273,12.987500190734863,612724,0.0,0.0,-0.0009615237896258844
2006-11-21,12.899999618530273,12.975000381469727,12.699999809265137,12.862500190734863,632136,0.0,0.0,-0.009624638934686902
2006-11-22,12.9375,12.9375,12.699999809265137,12.774999618530273,762620,0.0,0.0,-0.0068027654738243015
2006-11-23,12.75,12.925000190734863,12.625,12.6875,174440,0.0,0.0,-0.006849285412373285
2006-11-24,12.6875,12.6875,12.0024995803833,12.2524995803833,778320,0.0,0.0,-0.034285747358951624
2006-11-27,12.1274995803833,12.192500114440918,11.890000343322754,11.97249984741211,589644,0.0,0.0,-0.022852458074716586
2006-11-28,11.832500457763672,11.899999618530273,11.762499809265137,11.850000381469727,809748,0.0,0.0,-0.010231736688546378
2006-11-29,11.7524995803833,11.779999732971191,11.664999961853027,11.6899995803833,390172,0.0,0.0,-0.013502176872215554
2006-11-30,11.664999961853027,11.890000343322754,11.664999961853027,11.875,1041296,0.0,0.0,0.015825528336814054
2006-12-01,11.949999809265137,12.100000381469727,11.449999809265137,11.577500343322754,590700,0.0,0.0,-0.0250526026675576
2006-12-04,11.579999923706055,11.725000381469727,11.380000114440918,11.477499961853027,542868,0.0,0.0,-0.008637476009871303
2006-12-05,11.327500343322754,11.362500190734863,11.032500267028809,11.039999961853027,1344756,0.0,0.0,-0.03811805719486727
2006-12-06,11.1225004196167,11.25,11.0,11.0,1084084,0.0,0.0,-0.003623184962974757
2006-12-07,11.3774995803833,12.612500190734863,11.3774995803833,12.612500190734863,2270472,0.0,0.0,0.14659092643044214
2006-12-08,12.649999618530273,13.412500381469727,12.375,13.25,1594496,0.0,0.0,0.05054507826556409
2006-12-11,13.274999618530273,13.75,12.779999732971191,12.800000190734863,656720,0.0,2.0,-0.033962249755859375
2006-12-12,12.904999732971191,13.050000190734863,12.5600004196167,12.680000305175781,487120,0.0,0.0,-0.00937499091960503
2006-12-13,12.569999694824219,12.869999885559082,12.569999694824219,12.619999885559082,317178,0.0,0.0,-0.004731894177652962
2006-12-14,12.654999732971191,12.795000076293945,12.274999618530273,12.494999885559082,271936,0.0,0.0,-0.009904912926586906
2006-12-15,13.045000076293945,13.345000267028809,12.904999732971191,13.270000457763672,788810,0.0,0.0,0.062024856286736485
2006-12-18,13.4399995803833,13.494999885559082,12.854999542236328,12.930000305175781,459116,0.0,0.0,-0.025621713704536586
2006-12-19,12.954999923706055,13.149999618530273,12.725000381469727,12.930000305175781,370266,0.0,0.0,0.0
2006-12-20,12.994999885559082,12.994999885559082,12.795000076293945,12.859999656677246,224336,0.0,0.0,-0.005413816461436127
2006-12-21,12.885000228881836,12.944999694824219,12.800000190734863,12.90999984741211,177286,0.0,0.0,0.0038880398187959297
2006-12-22,12.890000343322754,13.145000457763672,12.850000381469727,13.140000343322754,231436,0.0,0.0,0.01781568540891576
2006-12-27,13.154999732971191,13.194999694824219,12.930000305175781,13.0,402728,0.0,0.0,-0.010654515956226462
2006-12-28,13.069999694824219,13.119999885559082,12.850000381469727,12.854999542236328,291428,0.0,0.0,-0.011153881366436247
2006-12-29,12.845000267028809,12.890000343322754,12.699999809265137,12.78499984741211,172170,0.0,0.0,-0.005445328457167831
2007-01-02,12.720000267028809,12.989999771118164,12.720000267028809,12.9399995803833,139202,0.0,0.0,0.012123561581626863
2007-01-03,12.9350004196167,13.289999961853027,12.914999961853027,13.289999961853027,247554,0.0,0.0,0.02704794380367037
2007-01-04,13.194999694824219,13.399999618530273,13.125,13.180000305175781,272992,0.0,0.0,-0.00827687411534872
2007-01-05,13.25,13.364999771118164,13.104999542236328,13.364999771118164,357148,0.0,0.0,0.014036377971078817
2007-01-08,13.369999885559082,13.395000457763672,13.199999809265137,13.274999618530273,204924,0.0,0.0,-0.006734018266306374
2007-01-09,13.399999618530273,14.03499984741211,13.345000267028809,13.944999694824219,882986,0.0,0.0,0.05047081699036049
2007-01-10,13.9399995803833,14.104999542236328,13.75,14.005000114440918,487204,0.0,0.0,0.0043026476105960665
2007-01-11,14.104999542236328,14.5,13.984999656677246,14.5,531070,0.0,0.0,0.03534451135410377
2007-01-12,14.595000267028809,14.649999618530273,14.25,14.550000190734863,1219018,0.0,0.0,0.0034482890161975366
2007-01-15,14.895000457763672,14.899999618530273,14.5600004196167,14.664999961853027,523740,0.0,0.0,0.007903764234408195
2007-01-16,14.505000114440918,14.550000190734863,14.0,14.050000190734863,651620,0.0,0.0,-0.041936568204426705
2007-01-17,13.989999771118164,14.020000457763672,13.625,13.744999885559082,374630,0.0,0.0,-0.021708206479378656
2007-01-18,13.654999732971191,13.720000267028809,13.515000343322754,13.515000343322754,207430,0.0,0.0,-0.016733324419883955
2007-01-19,13.505000114440918,14.15999984741211,13.505000114440918,14.104999542236328,531276,0.0,0.0,0.04365513754537709
2007-01-22,14.220000267028809,14.28499984741211,13.555000305175781,13.609999656677246,551928,0.0,0.0,-0.03509393134518324
2007-01-23,13.520000457763672,13.779999732971191,13.505000114440918,13.755000114440918,301860,0.0,0.0,0.010653964836254248
2007-01-24,14.5,15.0,14.0,14.654999732971191,1781482,0.0,0.0,0.06543072417610474
2007-01-25,14.654999732971191,15.09000015258789,14.654999732971191,14.989999771118164,674282,0.0,0.0,0.022859095479427438
2007-01-26,14.994999885559082,15.324999809265137,14.960000038146973,15.130000114440918,849672,0.0,0.0,0.00933958275252933
2007-01-29,15.1850004196167,15.3149995803833,15.149999618530273,15.199999809265137,562368,0.0,0.0,0.00462654952377739
2007-01-30,15.239999771118164,15.600000381469727,15.149999618530273,15.545000076293945,416922,0.0,0.0,0.022697386273552
2007-01-31,15.595000267028809,15.600000381469727,15.324999809265137,15.425000190734863,356010,0.0,0.0,-0.007719516562890272
2007-02-01,15.545000076293945,15.949999809265137,15.404999732971191,15.729999542236328,613436,0.0,0.0,0.019773053337442725
2007-02-02,15.895000457763672,15.949999809265137,15.654999732971191,15.949999809265137,500194,0.0,0.0,0.013986031368792506
2007-02-05,15.944999694824219,15.949999809265137,15.654999732971191,15.819999694824219,244052,0.0,0.0,-0.008150477491880803
2007-02-06,15.729999542236328,15.729999542236328,15.050000190734863,15.625,485220,0.0,0.0,-0.012326150353088594
2007-02-07,15.354999542236328,15.6899995803833,15.354999542236328,15.635000228881836,335752,0.0,0.0,0.000640014648437548
2007-02-08,15.640000343322754,15.994999885559082,15.625,15.899999618530273,255076,0.0,0.0,0.016949113256737647
2007-02-09,15.904999732971191,15.970000267028809,15.75,15.78499984741211,135266,0.0,0.0,-0.007232690180956958
2007-02-12,15.699999809265137,15.699999809265137,15.385000228881836,15.53499984741211,345790,0.0,0.0,-0.01583782086896801
2007-02-13,15.619999885559082,15.725000381469727,15.390000343322754,15.645000457763672,193268,0.0,0.0,0.007080824681815923
2007-02-14,15.640000343322754,15.914999961853027,15.600000381469727,15.84000015258789,255684,0.0,0.0,0.012464026150120766
2007-02-15,15.994999885559082,15.994999885559082,15.850000381469727,15.885000228881836,291386,0.0,0.0,0.002840913880079343
2007-02-16,15.875,15.880000114440918,15.654999732971191,15.755000114440918,108374,0.0,0.0,-0.008183828301403073
2007-02-19,15.604999542236328,16.31999969482422,15.600000381469727,16.174999237060547,398278,0.0,0.0,0.026658147862192783
2007-02-20,16.200000762939453,16.299999237060547,16.0049991607666,16.114999771118164,314786,0.0,0.0,-0.003709395287321615
2007-02-21,16.2450008392334,16.5,16.145000457763672,16.299999237060547,487258,0.0,0.0,0.011479954611848253
2007-02-22,16.625,16.71500015258789,16.549999237060547,16.665000915527344,812322,0.0,0.0,0.022392742058349846
2007-02-23,16.75,16.985000610351562,16.674999237060547,16.985000610351562,407682,0.0,0.0,0.019201900824743712
2007-02-26,17.19499969482422,17.325000762939453,17.0049991607666,17.21500015258789,535244,0.0,0.0,0.013541332585890853
2007-02-27,17.2450008392334,17.2450008392334,16.05500030517578,16.725000381469727,1030116,0.0,0.0,-0.028463535682542784
2007-02-28,16.600000381469727,16.700000762939453,16.014999389648438,16.649999618530273,872670,0.0,0.0,-0.004484350447163443
2007-03-01,16.645000457763672,16.645000457763672,15.375,15.779999732971191,671416,0.0,0.0,-0.052252246576079964
2007-03-02,15.5649995803833,16.389999389648438,15.5649995803833,16.28499984741211,533156,0.0,0.0,0.032002542648068344
2007-03-05,16.530000686645508,16.75,15.824999809265137,16.670000076293945,823434,0.0,0.0,0.02364140205644638
2007-03-06,16.80500030517578,17.290000915527344,16.5,16.850000381469727,619448,0.0,0.0,0.010797858689380435
2007-03-07,16.979999542236328,17.200000762939453,16.889999389648438,17.010000228881836,695984,0.0,0.0,0.009495539690792087
2007-03-08,17.219999313354492,17.549999237060547,17.049999237060547,17.4950008392334,448324,0.0,0.0,0.02851267512201816
2007-03-09,17.670000076293945,17.674999237060547,17.1299991607666,17.315000534057617,704812,0.0,0.0,-0.010288670851168025
2007-03-12,17.2450008392334,17.700000762939453,17.2450008392334,17.56999969482422,346738,0.0,0.0,0.01472706629520637
2007-03-13,17.78499984741211,18.770000457763672,17.75,18.375,1075546,0.0,0.0,0.04581675123266615
2007-03-14,17.600000381469727,18.375,17.5049991607666,17.950000762939453,439886,0.0,0.0,-0.023129210180165782
2007-03-15,18.0,18.600000381469727,18.0,18.25,807832,0.0,0.0,0.016713048708050238
2007-03-16,18.395000457763672,18.850000381469727,17.96500015258789,18.03499984741211,682628,0.0,0.0,-0.011780830278788512
2007-03-19,18.014999389648438,18.44499969482422,17.834999084472656,18.110000610351562,481140,0.0,0.0,0.004158622876296647
2007-03-20,18.2549991607666,18.399999618530273,18.200000762939453,18.3700008392334,461600,0.0,0.0,0.014356721155118102
2007-03-21,18.399999618530273,18.399999618530273,18.1299991607666,18.21500015258789,551800,0.0,0.0,-0.008437707107474268
2007-03-22,18.350000381469727,18.59000015258789,18.125,18.450000762939453,443994,0.0,0.0,0.012901488245015136
2007-03-23,18.28499984741211,18.700000762939453,18.280000686645508,18.655000686645508,232526,0.0,0.0,0.0111111065164744
2007-03-26,18.7450008392334,18.78499984741211,18.405000686645508,18.510000228881836,368864,0.0,0.0,-0.0077727393420828905
2007-03-27,17.55500030517578,18.59000015258789,17.55500030517578,18.295000076293945,574696,0.0,0.0,-0.01161535115771728
2007-03-28,18.350000381469727,18.350000381469727,17.844999313354492,17.899999618530273,332010,0.0,0.0,-0.02159062345539431
2007-03-29,17.915000915527344,18.170000076293945,17.8799991607666,18.0049991607666,476050,0.0,0.0,0.005865896339328991
2007-03-30,18.0,18.399999618530273,17.899999618530273,18.274999618530273,384974,0.0,0.0,0.014995860613646217
2007-04-02,18.2549991607666,18.450000762939453,18.079999923706055,18.44499969482422,299878,0.0,0.0,0.009302329950342081
2007-04-03,18.4950008392334,18.684999465942383,18.325000762939453,18.579999923706055,168848,0.0,0.0,0.007319069184897664
2007-04-04,18.5,18.700000762939453,18.2450008392334,18.649999618530273,236396,0.0,0.0,0.0037674755173118246
2007-04-05,18.645000457763672,19.06999969482422,18.549999237060547,18.93000030517578,292656,0.0,0.0,0.015013441950277873
2007-04-10,18.950000762939453,18.96500015258789,18.610000610351562,18.78499984741211,166664,0.0,0.0,-0.007659823318863168
2007-04-11,18.9950008392334,18.9950008392334,18.639999389648438,18.704999923706055,195508,0.0,0.0,-0.0042587130346490865
2007-04-12,18.5049991607666,18.649999618530273,18.0049991607666,18.415000915527344,255714,0.0,0.0,-0.01550382300783526
2007-04-13,18.360000610351562,18.700000762939453,18.360000610351562,18.600000381469727,135282,0.0,0.0,0.010046128522665176
2007-04-16,18.700000762939453,18.889999389648438,18.565000534057617,18.655000686645508,146790,0.0,0.0,0.0029570055939662776
2007-04-17,18.5049991607666,18.69499969482422,18.274999618530273,18.649999618530273,313414,0.0,0.0,-0.0002680819046452232
2007-04-18,18.5,18.649999618530273,18.479999542236328,18.549999237060547,310314,0.0,0.0,-0.005361950858721154
2007-04-19,18.395000457763672,18.399999618530273,18.024999618530273,18.024999618530273,398012,0.0,0.0,-0.028301867392069302
2007-04-20,18.0,18.209999084472656,18.0,18.06999969482422,314286,0.0,0.0,0.0024965368791289855
2007-04-23,18.0,18.09000015258789,17.100000381469727,17.93000030517578,676290,0.0,0.0,-0.007747614389198798
2007-04-24,17.655000686645508,17.895000457763672,17.25,17.4950008392334,328294,0.0,0.0,-0.024260984859928447
2007-04-25,17.260000228881836,17.68000030517578,17.260000228881836,17.415000915527344,470658,0.0,0.0,-0.004572730486908649
2007-04-26,17.645000457763672,18.5,17.56999969482422,18.21500015258789,624618,0.0,0.0,0.04593736405418514
2007-04-27,19.299999237060547,19.30500030517578,18.399999618530273,18.690000534057617,826772,0.0,0.0,0.026077429453232215
2007-04-30,18.625,18.670000076293945,18.125,18.25,243354,0.0,0.0,-0.023542028971900386
2007-05-02,17.975000381469727,18.25,17.604999542236328,17.729999542236328,656382,0.0,0.0,-0.02849317576787247
2007-05-03,17.700000762939453,17.969999313354492,17.43000030517578,17.530000686645508,412562,0.0,0.0,-0.011280251593599022
2007-05-04,17.575000762939453,17.989999771118164,17.540000915527344,17.854999542236328,471448,0.0,0.0,0.018539580311506043
2007-05-07,17.655000686645508,17.889999389648438,17.655000686645508,17.684999465942383,105078,0.0,0.0,-0.009521147054179835
2007-05-08,17.665000915527344,17.69499969482422,17.44499969482422,17.559999465942383,156284,0.0,0.0,-0.007068137052575252
2007-05-09,17.559999465942383,17.610000610351562,16.825000762939453,17.280000686645508,645012,0.0,0.0,-0.015945261264952326
2007-05-10,17.139999389648438,17.200000762939453,16.78499984741211,16.78499984741211,442006,0.0,0.0,-0.02864588076179586
2007-05-11,16.65999984741211,17.625,16.524999618530273,17.625,535190,0.0,0.0,0.05004469229812947
2007-05-14,17.65999984741211,18.149999618530273,17.34000015258789,17.860000610351562,356732,0.0,0.0,0.013333367963209275
2007-05-15,17.90999984741211,17.950000762939453,17.274999618530273,17.479999542236328,306220,0.0,0.0,-0.021276654822452112
2007-05-16,17.450000762939453,17.479999542236328,17.114999771118164,17.34000015258789,285258,0.0,0.0,-0.008009118610681987
2007-05-17,17.450000762939453,17.450000762939453,17.010000228881836,17.309999465942383,198618,0.0,0.0,-0.0017301433899370444
2007-05-18,17.225000381469727,17.625,17.104999542236328,17.530000686645508,228640,0.0,0.0,0.012709487434472866
2007-05-21,17.5,17.71500015258789,17.5,17.704999923706055,141790,0.0,0.0,0.009982842567362926
2007-05-22,17.75,17.950000762939453,17.735000610351562,17.844999313354492,488902,0.0,0.0,0.0079073363598825
2007-05-23,17.915000915527344,18.145000457763672,17.899999618530273,18.084999084472656,557226,0.0,0.0,0.013449133110280176
2007-05-24,18.200000762939453,18.209999084472656,17.69499969482422,17.75,371180,0.0,0.0,-0.018523588688499237
2007-05-25,17.75,17.950000762939453,17.75,17.875,187208,0.0,0.0,0.007042253521126751
2007-05-28,18.100000381469727,18.450000762939453,18.024999618530273,18.299999237060547,138332,0.0,0.0,0.023776181094296245
2007-05-29,18.4950008392334,18.704999923706055,18.424999237060547,18.649999618530273,550094,0.0,0.0,0.019125704702813273
2007-05-30,18.899999618530273,18.899999618530273,18.145000457763672,18.299999237060547,626094,0.0,0.0,-0.0187667768701707
2007-05-31,18.350000381469727,18.635000228881836,17.399999618530273,18.635000228881836,513072,0.0,0.0,0.018306065890038692
2007-06-01,18.594999313354492,18.780000686645508,18.049999237060547,18.725000381469727,565134,0.0,0.0,0.004829629808557945
2007-06-04,18.700000762939453,18.989999771118164,18.604999542236328,18.905000686645508,372628,0.0,0.0,0.009612833191389836
2007-06-05,18.895000457763672,19.0,18.829999923706055,19.0,264662,0.0,0.0,0.0050250891247838325
2007-06-06,19.0,19.0,18.78499984741211,18.8700008392334,308544,0.0,0.0,-0.006842061092979024
2007-06-07,18.7549991607666,18.899999618530273,18.34000015258789,18.53499984741211,276018,0.0,0.0,-0.017753098935998746
2007-06-08,18.30500030517578,18.4950008392334,17.954999923706055,18.2450008392334,444342,0.0,0.0,-0.015646021611335548
2007-06-11,18.2450008392334,18.399999618530273,18.024999618530273,18.170000076293945,255878,0.0,0.0,-0.004110756891727574
2007-06-12,18.264999389648438,18.329999923706055,18.049999237060547,18.170000076293945,307864,0.0,0.0,0.0
2007-06-13,18.03499984741211,18.350000381469727,17.985000610351562,18.21500015258789,184264,0.0,0.0,0.0024766139848648727
2007-06-14,18.399999618530273,18.459999084472656,18.024999618530273,18.28499984741211,185090,0.0,0.0,0.0038429697632624826
2007-06-15,18.4950008392334,18.825000762939453,18.360000610351562,18.75,185654,0.0,0.0,0.025430689443166843
2007-06-18,18.75,18.75,18.514999389648438,18.69499969482422,108836,0.0,0.0,-0.002933349609374969
2007-06-19,18.7450008392334,18.969999313354492,18.674999237060547,18.895000457763672,179452,0.0,0.0,0.010698088590759491
2007-06-20,18.899999618530273,19.145000457763672,18.825000762939453,19.094999313354492,327028,0.0,0.0,0.010584749973300056
2007-06-21,19.040000915527344,19.09000015258789,18.799999237060547,18.84000015258789,331610,0.0,0.0,-0.01335423775523592
2007-06-22,18.770000457763672,19.049999237060547,18.770000457763672,19.0,232472,0.0,0.0,0.008492560834195695
2007-06-25,18.780000686645508,19.299999237060547,18.764999389648438,19.229999542236328,277722,0.0,0.0,0.012105239065069995
2007-06-26,19.100000381469727,19.239999771118164,19.024999618530273,19.21500015258789,233634,0.0,0.0,-0.0007799994802648591
2007-06-27,19.170000076293945,19.46500015258789,19.165000915527344,19.350000381469727,311966,0.0,0.0,0.007025772979952549
2007-06-28,19.5,19.69499969482422,19.469999313354492,19.600000381469727,252610,0.0,0.0,0.012919896386121454
2007-06-29,19.649999618530273,19.649999618530273,19.360000610351562,19.575000762939453,446394,0.0,0.0,-0.0012754907165158924
2007-07-02,19.399999618530273,20.489999771118164,19.399999618530273,20.31999969482422,414610,0.0,0.0,0.03805869235495729
2007-07-03,20.5049991607666,20.665000915527344,20.329999923706055,20.415000915527344,376162,0.0,0.0,0.0046752569945816
2007-07-04,20.299999237060547,20.44499969482422,20.204999923706055,20.34000015258789,82206,0.0,0.0,-0.0036738064940476933
2007-07-05,20.139999389648438,20.34000015258789,19.399999618530273,20.34000015258789,242744,0.0,0.0,0.0
2007-07-06,19.774999618530273,20.219999313354492,19.774999618530273,20.010000228881836,316502,0.0,0.0,-0.01622418491791744
2007-07-09,19.940000534057617,20.125,19.850000381469727,19.940000534057617,273538,0.0,0.0,-0.003498235583385134
2007-07-10,19.924999237060547,20.100000381469727,19.829999923706055,19.84000015258789,275796,0.0,0.0,-0.005015064131965619
2007-07-11,19.84000015258789,20.024999618530273,19.424999237060547,19.80500030517578,261340,0.0,0.0,-0.0017641051987362655
2007-07-12,19.9950008392334,20.440000534057617,19.895000457763672,20.375,700432,0.0,0.0,0.02878059510432096
2007-07-13,20.424999237060547,20.760000228881836,20.424999237060547,20.69499969482422,570024,0.0,0.0,0.015705506494440247
2007-07-16,20.475000381469727,20.864999771118164,20.450000762939453,20.684999465942383,312510,0.0,0.0,-0.0004832195713603271
2007-07-17,20.549999237060547,20.674999237060547,20.2450008392334,20.375,492082,0.0,0.0,-0.014986679910376277
2007-07-18,20.475000381469727,20.68000030517578,20.350000381469727,20.514999389648438,503392,0.0,0.0,0.006871135688266916
2007-07-19,20.510000228881836,22.399999618530273,20.510000228881836,21.575000762939453,720222,0.0,0.0,0.05166957859262111
2007-07-20,21.575000762939453,22.170000076293945,21.575000762939453,21.700000762939453,777682,0.0,0.0,0.005793742552942183
2007-07-23,21.5,21.809999465942383,21.354999542236328,21.799999237060547,626344,0.0,0.0,0.004608224451857046
2007-07-24,21.815000534057617,22.065000534057617,21.610000610351562,21.625,861958,0.0,0.0,-0.008027488219496948
2007-07-25,22.25,22.25,21.700000762939453,21.8799991607666,762216,0.0,0.0,0.011791868705969932
2007-07-26,22.100000381469727,23.25,21.8799991607666,21.8799991607666,956010,0.0,0.0,0.0
2007-07-27,22.5,22.934999465942383,22.0,22.7549991607666,972416,0.0,0.0,0.03999086076607239
2007-07-30,22.625,24.0,22.625,23.375,616784,0.0,0.0,0.027246796840247
2007-07-31,24.075000762939453,25.389999389648438,23.510000228881836,23.975000381469727,1339006,0.0,0.0,0.025668465517421524
2007-08-01,23.920000076293945,24.139999389648438,23.065000534057617,23.290000915527344,779598,0.0,0.0,-0.02857140584122031
2007-08-02,23.649999618530273,23.75,23.290000915527344,23.5,525144,0.0,0.0,0.009016705719949059
2007-08-03,23.649999618530273,23.739999771118164,23.450000762939453,23.604999542236328,334430,0.0,0.0,0.004468065627077689
2007-08-06,23.375,23.4950008392334,22.854999542236328,23.094999313354492,231034,0.0,0.0,-0.021605602150904235
2007-08-07,23.44499969482422,23.475000381469727,22.625,23.0,415858,0.0,0.0,-0.004113414859447939
2007-08-08,22.80500030517578,22.920000076293945,22.079999923706055,22.325000762939453,965664,0.0,0.0,-0.029347792915675908
2007-08-09,22.049999237060547,22.31999969482422,19.905000686645508,21.0,1470006,0.0,0.0,-0.05935053606533425
2007-08-10,20.979999542236328,21.15999984741211,19.270000457763672,20.94499969482422,1208952,0.0,0.0,-0.002619062151227647
2007-08-13,21.5,23.350000381469727,21.4950008392334,22.780000686645508,1029678,0.0,0.0,0.08761045684210456
2007-08-14,22.780000686645508,22.780000686645508,21.424999237060547,21.635000228881836,982788,0.0,0.0,-0.050263407517582515
2007-08-15,21.165000915527344,22.0,21.165000915527344,21.864999771118164,333710,0.0,0.0,0.010630900845995273
2007-08-16,21.049999237060547,21.969999313354492,20.30500030517578,21.424999237060547,787802,0.0,0.0,-0.020123509657604566
2007-08-17,20.774999618530273,22.014999389648438,20.450000762939453,21.280000686645508,778538,0.0,0.0,-0.006767727214861408
2007-08-20,21.75,22.0,21.020000457763672,21.770000457763672,600188,0.0,0.0,0.023026304290754585
2007-08-21,21.75,22.350000381469727,21.360000610351562,21.895000457763672,440590,0.0,0.0,0.005741846457124167
2007-08-22,21.56999969482422,22.7450008392334,21.56999969482422,22.364999771118164,557880,0.0,0.0,0.021466056338347084
2007-08-23,22.75,23.229999542236328,22.7450008392334,23.135000228881836,735602,0.0,0.0,0.03442881581237667
2007-08-24,23.139999389648438,23.489999771118164,22.940000534057617,23.100000381469727,662628,0.0,0.0,-0.0015128526935744846
2007-08-27,23.424999237060547,23.729999542236328,23.0,23.450000762939453,517782,0.0,0.0,0.015151531415146247
2007-08-28,23.395000457763672,23.475000381469727,22.600000381469727,22.729999542236328,489848,0.0,0.0,-0.03070367579011002
2007-08-29,22.4950008392334,22.645000457763672,22.010000228881836,22.4950008392334,573590,0.0,0.0,-0.010338702496067387
2007-08-30,22.75,22.864999771118164,22.065000534057617,22.5,475154,0.0,0.0,0.00022223430007084488
2007-08-31,22.5,22.825000762939453,22.325000762939453,22.78499984741211,535962,0.0,0.0,0.012666659884982723
2007-09-03,22.655000686645508,22.795000076293945,22.290000915527344,22.670000076293945,277048,0.0,0.0,-0.005047170150901947
2007-09-04,22.565000534057617,22.9950008392334,22.565000534057617,22.8700008392334,261372,0.0,0.0,0.008822265649156114
2007-09-05,23.0,23.0,22.415000915527344,22.584999084472656,344246,0.0,0.0,-0.012461816541424087
2007-09-06,22.5,23.020000457763672,22.5,22.875,394432,0.0,0.0,0.01284042184118217
2007-09-07,22.875,23.014999389648438,22.065000534057617,22.170000076293945,334256,0.0,0.0,-0.03081966879589315
2007-09-10,21.834999084472656,22.1200008392334,21.2549991607666,21.309999465942383,142276,0.0,0.0,-0.03879118662120118
2007-09-11,21.18000030517578,22.21500015258789,21.18000030517578,21.989999771118164,272924,0.0,0.0,0.03190991657520015
2007-09-12,21.920000076293945,22.325000762939453,21.829999923706055,22.0,218690,0.0,0.0,0.0004547625732571614
2007-09-13,21.899999618530273,22.0,21.565000534057617,21.7450008392334,318008,0.0,0.0,-0.011590870943936404
2007-09-14,21.75,21.774999618530273,20.670000076293945,21.385000228881836,495196,0.0,0.0,-0.016555557436541024
2007-09-17,21.424999237060547,21.424999237060547,20.815000534057617,20.850000381469727,289982,0.0,0.0,-0.02501752825279646
2007-09-18,20.700000762939453,21.200000762939453,20.700000762939453,21.110000610351562,475726,0.0,0.0,0.01247003473021091
2007-09-19,21.610000610351562,22.344999313354492,21.125,22.110000610351562,312116,0.0,0.0,0.04737091288901407
2007-09-20,22.0,22.21500015258789,21.350000381469727,22.100000381469727,251884,0.0,0.0,-0.0004522943738478613
2007-09-21,21.90999984741211,22.7450008392334,21.825000762939453,22.635000228881836,257978,0.0,0.0,0.024208137474092117
2007-09-24,22.399999618530273,22.954999923706055,22.114999771118164,22.790000915527344,487450,0.0,0.0,0.00684783234275077
2007-09-25,22.799999237060547,23.56999969482422,22.655000686645508,23.25,409870,0.0,0.0,0.020184250372682122
2007-09-26,23.25,24.219999313354492,23.204999923706055,24.0,571864,0.0,0.0,0.032258064516129004
2007-09-27,24.0,24.850000381469727,24.0,24.385000228881836,824454,0.0,0.0,0.016041676203409905
2007-09-28,24.8700008392334,24.8700008392334,23.6200008392334,23.950000762939453,546436,0.0,0.0,-0.017838813281090937
2007-10-01,23.899999618530273,24.344999313354492,23.5,24.03499984741211,427290,0.0,0.0,0.0035490222031302476
2007-10-02,24.200000762939453,24.440000534057617,23.524999618530273,23.854999542236328,406380,0.0,0.0,-0.0074890911719794895
2007-10-03,23.75,24.2450008392334,23.549999237060547,23.825000762939453,415682,0.0,0.0,-0.0012575468401816448
2007-10-04,23.700000762939453,23.850000381469727,23.25,23.385000228881836,240832,0.0,0.0,-0.018468017627183086
2007-10-05,23.850000381469727,24.7450008392334,23.7549991607666,24.399999618530273,661100,0.0,0.0,0.04340386485841696
2007-10-08,24.475000381469727,24.649999618530273,23.264999389648438,23.829999923706055,589246,0.0,0.0,-0.02336064359572121
2007-10-09,23.75,23.850000381469727,23.25,23.385000228881836,489702,0.0,0.0,-0.018673927664663248
2007-10-10,23.65999984741211,23.96500015258789,22.985000610351562,23.114999771118164,483948,0.0,0.0,-0.011545882194613166
2007-10-11,23.46500015258789,24.75,22.860000610351562,23.8700008392334,736864,0.0,0.0,0.03266281962323858
2007-10-12,23.75,24.649999618530273,23.174999237060547,23.5,692718,0.0,0.0,-0.015500663017374294
2007-10-15,23.5,24.209999084472656,23.450000762939453,23.975000381469727,555944,0.0,0.0,0.020212782190201173
2007-10-16,24.0,24.4950008392334,23.979999542236328,24.190000534057617,350422,0.0,0.0,0.008967680882877582
2007-10-17,24.200000762939453,24.375,23.674999237060547,24.209999084472656,749122,0.0,0.0,0.000826727985676623
2007-10-18,24.450000762939453,25.739999771118164,24.450000762939453,25.399999618530273,1295724,0.0,0.0,0.04915326637995765
2007-10-19,25.375,26.81999969482422,25.165000915527344,25.96500015258789,953160,0.0,0.0,0.022244115848152557
2007-10-22,25.530000686645508,26.094999313354492,25.28499984741211,25.579999923706055,924764,0.0,0.0,-0.014827661337158293
2007-10-23,25.899999618530273,26.299999237060547,25.350000381469727,25.940000534057617,617142,0.0,0.0,0.014073518820378661
2007-10-24,26.5,28.084999084472656,26.104999542236328,27.625,1235620,0.0,0.0,0.06495757252318035
2007-10-25,28.25,28.739999771118164,27.274999618530273,27.799999237060547,559796,0.0,0.0,0.006334814011241585
2007-10-26,27.844999313354492,28.889999389648438,27.645000457763672,28.065000534057617,589828,0.0,0.0,0.009532421016896775
2007-10-29,28.5,28.690000534057617,28.059999465942383,28.200000762939453,501520,0.0,0.0,0.004810269955919377
2007-10-30,28.25,28.360000610351562,27.65999984741211,27.950000762939453,562860,0.0,0.0,-0.008865247987104752
2007-10-31,27.799999237060547,28.3799991607666,27.7450008392334,28.344999313354492,531452,0.0,0.0,0.014132326999389155
2007-11-01,28.354999542236328,29.344999313354492,28.354999542236328,29.110000610351562,636756,0.0,0.0,0.02698893334023289
2007-11-02,26.575000762939453,27.649999618530273,26.450000762939453,27.649999618530273,166568,0.0,0.0,-0.050154619072804496
2007-11-05,28.899999618530273,29.059999465942383,28.135000228881836,28.190000534057617,374502,0.0,0.0,0.019529870632093882
2007-11-06,28.399999618530273,28.594999313354492,27.80500030517578,28.360000610351562,459218,0.0,0.0,0.006030509864253464
2007-11-07,28.625,28.829999923706055,28.43000030517578,28.78499984741211,593596,0.0,0.0,0.014985868403169844
2007-11-08,28.350000381469727,29.75,28.229999542236328,29.21500015258789,844334,0.0,0.0,0.014938346619947529
2007-11-09,29.014999389648438,29.020000457763672,27.8799991607666,27.924999237060547,803762,0.0,0.0,-0.04415543073043848
2007-11-12,27.780000686645508,28.5,27.270000457763672,27.5,976422,0.0,0.0,-0.015219310605978809
2007-11-13,27.25,27.299999237060547,26.34000015258789,26.575000762939453,804474,0.0,0.0,-0.03363633589311077
2007-11-14,27.104999542236328,27.350000381469727,26.899999618530273,27.024999618530273,694230,0.0,0.0,0.016933164352656238
2007-11-15,27.084999084472656,27.450000762939453,26.790000915527344,27.049999237060547,476128,0.0,0.0,0.0009250552778226062
2007-11-16,27.049999237060547,27.5,26.75,27.149999618530273,578904,0.0,0.0,0.003696871877642005
2007-11-19,27.295000076293945,27.299999237060547,26.579999923706055,26.780000686645508,386310,0.0,0.0,-0.013627953483735467
2007-11-20,26.575000762939453,27.649999618530273,26.450000762939453,27.649999618530273,446266,0.0,0.0,0.03248688982740067
2007-11-21,27.75,27.834999084472656,25.5049991607666,26.399999618530273,1096036,0.0,0.0,-0.04520795722406756
2007-11-22,26.0,26.489999771118164,25.6299991607666,26.315000534057617,561634,0.0,0.0,-0.0032196623371537614
2007-11-23,26.104999542236328,26.614999771118164,26.0049991607666,26.610000610351562,349244,0.0,0.0,0.011210338981834544
2007-11-26,26.625,27.549999237060547,26.344999313354492,26.625,177824,0.0,0.0,0.0005636749080946135
2007-11-27,26.325000762939453,26.700000762939453,25.55500030517578,26.350000381469727,480258,0.0,0.0,-0.010328624170151124
2007-11-28,26.549999237060547,27.704999923706055,26.100000381469727,27.530000686645508,345056,0.0,0.0,0.04478179461453058
2007-11-29,27.774999618530273,29.334999084472656,27.774999618530273,29.28499984741211,804388,0.0,0.0,0.06374860577529629
2007-11-30,29.545000076293945,30.489999771118164,29.545000076293945,29.7549991607666,973862,0.0,0.0,0.01604914856764217
2007-12-03,32.0,32.994998931884766,30.610000610351562,31.325000762939453,629256,0.0,0.0,0.052764296637688224
2007-12-04,31.420000076293945,31.450000762939453,29.604999542236328,30.0,361424,0.0,0.0,-0.04229850696466886
2007-12-05,30.155000686645508,30.299999237060547,29.594999313354492,30.149999618530273,445442,0.0,0.0,0.0049999872843424775
2007-12-06,30.4950008392334,30.84000015258789,29.825000762939453,30.424999237060547,164330,0.0,0.0,0.009121048822874789
2007-12-07,30.75,31.274999618530273,30.270000457763672,30.600000381469727,205558,0.0,0.0,0.0057518865668864105
2007-12-10,30.4950008392334,31.0,30.084999084472656,30.520000457763672,243396,0.0,0.0,-0.0026143765591094548
2007-12-11,30.5,30.979999542236328,30.334999084472656,30.584999084472656,391918,0.0,0.0,0.0021297059545899444
2007-12-12,30.125,30.93000030517578,29.950000762939453,30.469999313354492,246084,0.0,0.0,-0.00376000570739099
2007-12-13,30.104999542236328,30.475000381469727,29.514999389648438,29.69499969482422,281096,0.0,0.0,-0.025434842008368652
2007-12-14,31.25,32.78499984741211,31.155000686645508,32.78499984741211,1173404,0.0,0.0,0.10405792841703487
2007-12-17,32.244998931884766,32.25,31.524999618530273,31.790000915527344,385618,0.0,0.0,-0.03034921264345547
2007-12-18,31.700000762939453,32.0,31.424999237060547,31.56999969482422,226124,0.0,0.0,-0.006920453424575701
2007-12-19,31.75,33.43000030517578,31.6299991607666,32.650001525878906,649862,0.0,0.0,0.03420975107680313
2007-12-20,32.650001525878906,32.84000015258789,32.040000915527344,32.810001373291016,233076,0.0,0.0,0.004900454515608166
2007-12-21,32.724998474121094,33.150001525878906,31.149999618530273,31.709999084472656,817834,0.0,0.0,-0.03352643226994245
2007-12-24,32.29999923706055,32.86000061035156,31.6299991607666,32.849998474121094,99026,0.0,0.0,0.03595078595277079
2007-12-27,33.20000076293945,33.244998931884766,32.494998931884766,32.625,315902,0.0,0.0,-0.006849268936750308
2007-12-28,32.5,33.5,32.5,33.5,232142,0.0,0.0,0.026819923371647514
2007-12-31,33.165000915527344,34.744998931884766,33.165000915527344,34.73500061035156,223816,0.0,0.0,0.036865689861240725
2008-01-02,34.724998474121094,35.25,32.060001373291016,32.255001068115234,630342,0.0,0.0,-0.07139771120364546
2008-01-03,32.494998931884766,33.60499954223633,32.494998931884766,33.0,539560,0.0,0.0,0.0230971603538781
2008-01-04,32.90999984741211,33.025001525878906,31.7549991607666,32.19499969482422,440172,0.0,0.0,-0.02439394864169031
2008-01-07,32.0,32.13999938964844,30.264999389648438,30.5,677910,0.0,0.0,-0.05264791771676003
2008-01-08,31.030000686645508,31.75,30.524999618530273,30.809999465942383,837682,0.0,0.0,0.0101639169161436
2008-01-09,30.5,30.80500030517578,29.15999984741211,29.15999984741211,699468,0.0,0.0,-0.05355402944275267
2008-01-10,29.5049991607666,30.040000915527344,27.59000015258789,27.75,838118,0.0,0.0,-0.04835390448526511
2008-01-11,27.584999084472656,28.3700008392334,26.329999923706055,26.639999389648438,1064484,0.0,0.0,-0.040000021994650914
2008-01-14,26.5,26.934999465942383,26.03499984741211,26.729999542236328,1212430,0.0,0.0,0.003378384183554628
2008-01-15,27.405000686645508,28.25,26.8799991607666,27.850000381469727,1495084,0.0,0.0,0.04190051845918186
2008-01-16,27.475000381469727,27.915000915527344,26.28499984741211,26.575000762939453,981216,0.0,0.0,-0.04578095515498115
2008-01-17,27.084999084472656,27.6200008392334,26.295000076293945,26.905000686645508,1172610,0.0,0.0,0.012417682567530175
2008-01-18,26.729999542236328,28.450000762939453,25.56999969482422,28.209999084472656,1918076,0.0,0.0,0.04850393475272763
2008-01-21,27.780000686645508,27.860000610351562,24.524999618530273,24.954999923706055,1142052,0.0,0.0,-0.11538458937980678
2008-01-22,22.25,26.2549991607666,21.75,26.0,2337392,0.0,0.0,0.041875378861502055
2008-01-23,27.0,27.200000762939453,25.0,25.889999389648438,1218640,0.0,0.0,-0.004230792705829378
2008-01-24,27.75,28.94499969482422,27.084999084472656,28.545000076293945,1545996,0.0,0.0,0.10254927575266959
2008-01-25,29.395000457763672,31.895000457763672,29.0049991607666,30.149999618530273,1546610,0.0,0.0,0.05622699379739182
2008-01-28,29.2450008392334,30.125,28.510000228881836,30.049999237060547,602216,0.0,0.0,-0.0033167622797668495
2008-01-29,30.5,30.899999618530273,29.854999542236328,30.0049991607666,1010950,0.0,0.0,-0.0014975067366539419
2008-01-30,30.09000015258789,30.690000534057617,29.5,30.145000457763672,559488,0.0,0.0,0.0046659323750333215
2008-01-31,30.0,30.165000915527344,29.235000610351562,30.165000915527344,1038170,0.0,0.0,0.0006634751189238397
2008-02-01,30.6200008392334,31.700000762939453,30.450000762939453,31.049999237060547,658854,0.0,0.0,0.029338580960481586
2008-02-04,31.049999237060547,31.924999237060547,31.040000915527344,31.704999923706055,837278,0.0,0.0,0.02109503068404961
2008-02-05,32.025001525878906,32.220001220703125,30.5,30.924999237060547,1006384,0.0,0.0,-0.024601819540213787
2008-02-06,30.25,31.655000686645508,29.795000076293945,30.670000076293945,729624,0.0,0.0,-0.008245728926680518
2008-02-07,30.93000030517578,31.334999084472656,30.149999618530273,31.09000015258789,750810,0.0,0.0,0.013694166131371421
2008-02-08,31.559999465942383,31.985000610351562,31.100000381469727,31.399999618530273,792560,0.0,0.0,0.009971034558408531
2008-02-11,31.399999618530273,31.969999313354492,30.924999237060547,31.110000610351562,542978,0.0,0.0,-0.009235637315344825
2008-02-12,31.424999237060547,33.400001525878906,31.2549991607666,32.96500015258789,1100670,0.0,0.0,0.05962711365614992
2008-02-13,33.45000076293945,33.45000076293945,32.755001068115234,33.005001068115234,773040,0.0,0.0,0.0012134359272619744
2008-02-14,33.16999816894531,33.16999816894531,32.07500076293945,32.25,531782,0.0,0.0,-0.022875353542848642
2008-02-15,32.130001068115234,32.255001068115234,30.850000381469727,31.219999313354492,862718,0.0,0.0,-0.031938005787457646
2008-02-18,31.5,31.709999084472656,31.225000381469727,31.545000076293945,335200,0.0,0.0,0.010410018260328169
2008-02-19,31.295000076293945,31.5,30.25,30.670000076293945,828494,0.0,0.0,-0.02773815177948158
2008-02-20,30.274999618530273,30.375,28.049999237060547,28.69499969482422,1182098,0.0,0.0,-0.06439518671525146
2008-02-21,29.094999313354492,29.950000762939453,29.0,29.69499969482422,688580,0.0,0.0,0.03484927724813236
2008-02-22,29.5,30.625,29.329999923706055,30.0,468218,0.0,0.0,0.010271099791556493
2008-02-25,29.989999771118164,31.0,27.524999618530273,29.44499969482422,1146800,0.0,0.0,-0.018500010172526005
2008-02-26,29.575000762939453,29.7450008392334,29.0,29.6200008392334,533494,0.0,0.0,0.005943323016571078
2008-02-27,30.0,30.149999618530273,29.145000457763672,29.389999389648438,395868,0.0,0.0,-0.007765072352067914
2008-02-28,29.479999542236328,29.600000381469727,28.5,28.625,475966,0.0,0.0,-0.02602924142686036
2008-02-29,28.625,29.045000076293945,27.75,27.950000762939453,463896,0.0,0.0,-0.02358075937329418
2008-03-03,27.735000610351562,28.149999618530273,27.0,27.25,769332,0.0,0.0,-0.02504474933208678
2008-03-04,27.385000228881836,27.704999923706055,26.780000686645508,26.969999313354492,461792,0.0,0.0,-0.010275254555798474
2008-03-05,27.389999389648438,27.704999923706055,26.5,26.774999618530273,833850,0.0,0.0,-0.007230244708521849
2008-03-06,26.825000762939453,26.895000457763672,25.25,26.450000762939453,712914,0.0,0.0,-0.012138146040005848
2008-03-07,26.155000686645508,27.19499969482422,25.424999237060547,26.719999313354492,748916,0.0,0.0,0.01020788440933984
2008-03-10,26.59000015258789,27.274999618530273,26.045000076293945,26.59000015258789,484130,0.0,0.0,-0.004865238177668263
2008-03-11,26.729999542236328,27.0,26.25,26.600000381469727,457474,0.0,0.0,0.00037608983920445205
2008-03-12,27.299999237060547,27.950000762939453,27.010000228881836,27.774999618530273,781514,0.0,0.0,0.04417290301541055
2008-03-13,27.204999923706055,27.3799991607666,26.344999313354492,26.8799991607666,582674,0.0,0.0,-0.03222323924593562
2008-03-14,26.725000381469727,27.825000762939453,26.725000381469727,27.200000762939453,688436,0.0,0.0,0.011904821881092875
2008-03-17,26.395000457763672,26.690000534057617,25.299999237060547,25.649999618530273,818222,0.0,0.0,-0.056985334593118386
2008-03-18,26.010000228881836,26.540000915527344,25.5049991607666,26.469999313354492,521754,0.0,0.0,0.03196879949393172
2008-03-19,26.934999465942383,27.19499969482422,23.55500030517578,24.540000915527344,1037236,0.0,0.0,-0.07291267275754842
2008-03-20,23.790000915527344,24.9950008392334,23.790000915527344,24.53499984741211,798018,0.0,0.0,-0.00020379249913027309
2008-03-25,25.0,27.739999771118164,25.0,27.084999084472656,1021444,0.0,0.0,0.10393312626531426
2008-03-26,27.0049991607666,27.834999084472656,26.71500015258789,26.829999923706055,478248,0.0,0.0,-0.009414774575819962
2008-03-27,26.829999923706055,27.18000030517578,26.56999969482422,26.920000076293945,660256,0.0,0.0,0.003354459666187637
2008-03-28,27.110000610351562,27.4950008392334,26.575000762939453,26.885000228881836,671820,0.0,0.0,-0.0013001429165273581
2008-03-31,26.8799991607666,27.459999084472656,26.8799991607666,27.28499984741211,577034,0.0,0.0,0.01487817054584073
2008-04-01,28.75,30.0,28.30500030517578,28.799999237060547,1819582,0.0,0.0,0.05552499168484082
2008-04-02,29.125,29.475000381469727,28.719999313354492,29.149999618530273,988388,0.0,0.0,0.012152791345193314
2008-04-03,29.010000228881836,29.450000762939453,28.780000686645508,28.90999984741211,501170,0.0,0.0,-0.008233268413684658
2008-04-04,28.975000381469727,29.209999084472656,28.75,29.1200008392334,590622,0.0,0.0,0.0072639568637038465
2008-04-07,29.450000762939453,30.219999313354492,29.329999923706055,30.155000686645508,557380,0.0,0.0,0.0355425761532826
2008-04-08,30.0,30.075000762939453,29.549999237060547,30.010000228881836,432878,0.0,0.0,-0.004808504541931158
2008-04-09,29.729999542236328,29.895000457763672,28.950000762939453,29.235000610351562,737130,0.0,0.0,-0.02582471218325444
2008-04-10,29.06999969482422,29.43000030517578,28.31999969482422,29.19499969482422,433340,0.0,0.0,-0.0013682543079264198
2008-04-11,29.7450008392334,29.780000686645508,28.825000762939453,29.075000762939453,368602,0.0,0.0,-0.0041102563157772165
2008-04-14,28.639999389648438,29.399999618530273,28.420000076293945,28.4950008392334,370706,0.0,0.0,-0.019948406138835084
2008-04-15,28.7450008392334,29.71500015258789,28.450000762939453,28.924999237060547,393180,0.0,0.0,0.015090310060110745
2008-04-16,29.25,29.674999237060547,28.905000686645508,29.114999771118164,433240,0.0,0.0,0.0065687308234800845
2008-04-17,29.385000228881836,29.635000228881836,28.905000686645508,28.985000610351562,302438,0.0,0.0,-0.004465023588822392
2008-04-18,29.440000534057617,30.920000076293945,28.875,30.1200008392334,650402,0.0,0.0,0.03915819234023021
2008-04-21,30.670000076293945,30.670000076293945,29.790000915527344,30.25,333074,0.0,0.0,0.004316041073852528
2008-04-22,30.25,31.44499969482422,30.25,30.514999389648438,665536,0.0,0.0,0.00876031040160119
2008-04-23,30.575000762939453,31.75,30.575000762939453,31.420000076293945,733618,0.0,0.0,0.029657568564543713
2008-04-24,31.549999237060547,33.0,31.010000228881836,31.325000762939453,898404,0.0,0.0,-0.0030235300166714385
2008-04-25,32.0,32.5,31.315000534057617,31.514999389648438,1226992,0.0,0.0,0.006065398949128609
2008-04-28,31.725000381469727,32.48500061035156,30.25,32.400001525878906,624566,0.0,0.0,0.028081934106626072
2008-04-29,32.20000076293945,32.9900016784668,32.20000076293945,32.72999954223633,588740,0.0,0.0,0.010185123481980085
2008-04-30,32.875,32.900001525878906,31.670000076293945,32.29999923706055,705374,0.0,0.0,-0.013137803580500762
2008-05-02,32.88999938964844,33.349998474121094,31.684999465942383,32.189998626708984,602132,0.0,0.0,-0.003405591732192681
2008-05-05,32.005001068115234,32.125,31.5049991607666,31.780000686645508,162638,0.0,0.0,-0.012736811356161115
2008-05-06,31.5049991607666,32.099998474121094,31.325000762939453,31.719999313354492,294396,0.0,0.0,-0.0018880230331848047
2008-05-07,31.989999771118164,32.404998779296875,31.575000762939453,31.639999389648438,342260,0.0,0.0,-0.0025220657452024176
2008-05-08,31.25,33.2400016784668,31.25,33.185001373291016,547698,0.0,0.0,0.048830657820684076
2008-05-09,33.099998474121094,33.099998474121094,32.25,32.42499923706055,528126,0.0,0.0,-0.02290197694076812
2008-05-12,32.42499923706055,33.470001220703125,32.42499923706055,32.900001525878906,518642,0.0,0.0,0.01464926137223932
2008-05-13,33.130001068115234,34.33000183105469,33.040000915527344,33.625,893472,0.0,0.0,0.02203642676280171
2008-05-14,33.75,34.25,33.42499923706055,33.97999954223633,491348,0.0,0.0,0.010557607204054298
2008-05-15,34.02000045776367,34.70000076293945,33.650001525878906,34.70000076293945,610368,0.0,0.0,0.02118897087706495
2008-05-16,34.73500061035156,35.224998474121094,34.70000076293945,34.95000076293945,595408,0.0,0.0,0.007204610792602928
2008-05-19,34.755001068115234,35.5,34.70000076293945,35.5,362832,0.0,0.0,0.01573674463674868
2008-05-20,35.119998931884766,35.459999084472656,33.45000076293945,34.599998474121094,876170,0.0,0.0,-0.02535215565856075
2008-05-21,34.75,35.75,34.650001525878906,35.0,745746,0.0,0.0,0.01156073825199977
2008-05-22,34.849998474121094,35.0,33.810001373291016,34.23500061035156,522558,0.0,0.0,-0.0218571254185268
2008-05-23,33.869998931884766,33.994998931884766,30.2450008392334,31.959999084472656,1973310,0.0,0.0,-0.06645250431778926
2008-05-26,31.5049991607666,32.45000076293945,30.799999237060547,32.165000915527344,754414,0.0,0.0,0.00641432531061259
2008-05-27,32.314998626708984,32.400001525878906,31.204999923706055,31.405000686645508,692474,0.0,0.0,-0.023628173705878996
2008-05-28,31.5,32.20000076293945,31.155000686645508,32.025001525878906,762142,0.0,0.0,0.019742105578015368
2008-05-29,32.494998931884766,32.5,31.25,31.600000381469727,849714,0.0,0.0,-0.01327091722589746
2008-05-30,31.639999389648438,32.41999816894531,31.010000228881836,31.149999618530273,857302,0.0,0.0,-0.014240530300858256
2008-06-02,30.940000534057617,31.81999969482422,30.639999389648438,30.815000534057617,574996,0.0,0.0,-0.010754384865975242
2008-06-03,30.600000381469727,31.280000686645508,30.350000381469727,31.125,446456,0.0,0.0,0.010060018191457187
2008-06-04,31.25,31.450000762939453,30.274999618530273,30.850000381469727,529492,0.0,0.0,-0.00883532910940632
2008-06-05,30.940000534057617,31.25,30.260000228881836,30.815000534057617,701630,0.0,0.0,-0.0011345169199132865
2008-06-06,30.899999618530273,31.084999084472656,29.7549991607666,29.96500015258789,471416,0.0,0.0,-0.027583980747632353
2008-06-09,29.5,29.895000457763672,29.3799991607666,29.530000686645508,509362,0.0,0.0,-0.014516918529193235
2008-06-10,29.399999618530273,29.75,29.260000228881836,29.485000610351562,642140,0.0,0.0,-0.0015238765745879679
2008-06-11,29.475000381469727,29.6200008392334,28.604999542236328,28.860000610351562,1078134,0.0,0.0,-0.02119721848608591
2008-06-12,28.670000076293945,28.834999084472656,27.600000381469727,27.7549991607666,989476,0.0,0.0,-0.0382883377067087
2008-06-13,27.75,28.524999618530273,27.31999969482422,28.434999465942383,584872,0.0,0.0,0.02450010181001927
2008-06-16,28.739999771118164,29.0,28.25,28.350000381469727,396528,0.0,0.0,-0.002989241641254914
2008-06-17,28.399999618530273,29.079999923706055,28.170000076293945,28.915000915527344,421222,0.0,0.0,0.019929471832632384
2008-06-18,28.9950008392334,28.9950008392334,27.55500030517578,27.969999313354492,483110,0.0,0.0,-0.03268205333742136
2008-06-19,27.5049991607666,28.135000228881836,27.5049991607666,27.954999923706055,371668,0.0,0.0,-0.0005362670724584628
2008-06-20,27.954999923706055,28.239999771118164,27.014999389648438,27.7450008392334,797000,0.0,0.0,-0.00751204024488572
2008-06-23,27.854999542236328,27.854999542236328,26.829999923706055,27.204999923706055,396422,0.0,0.0,-0.019462998709437573
2008-06-24,27.065000534057617,27.25,26.549999237060547,26.950000762939453,710826,0.0,0.0,-0.00937324614893309
2008-06-25,27.1299991607666,27.71500015258789,26.670000076293945,27.579999923706055,397274,0.0,0.0,0.02337659157445926
2008-06-26,27.514999389648438,28.209999084472656,27.350000381469727,27.46500015258789,631102,0.0,0.0,-0.004169679892541134
2008-06-27,27.190000534057617,27.21500015258789,26.559999465942383,27.0,450898,0.0,0.0,-0.016930644456744193
2008-06-30,27.0,28.200000762939453,27.0,27.864999771118164,762854,0.0,0.0,0.03203702855993207
2008-07-01,27.864999771118164,28.479999542236328,27.334999084472656,28.399999618530273,903514,0.0,0.0,0.01919970758322531
2008-07-02,28.450000762939453,28.950000762939453,27.604999542236328,27.899999618530273,1219260,0.0,0.0,-0.01760563403929638
2008-07-03,28.0,28.549999237060547,27.625,28.475000381469727,816274,0.0,0.0,0.020609346623702285
2008-07-04,28.75,29.0,28.454999923706055,28.5049991607666,277998,0.0,0.0,0.001053512867251749
2008-07-07,28.905000686645508,29.204999923706055,28.625,29.0049991607666,451574,0.0,0.0,0.017540782835320456
2008-07-08,28.899999618530273,29.25,28.5,28.799999237060547,728660,0.0,0.0,-0.00706774451430936
2008-07-09,29.104999542236328,29.25,28.600000381469727,28.844999313354492,953776,0.0,0.0,0.0015625026904875217
2008-07-10,28.625,28.889999389648438,27.795000076293945,28.399999618530273,460888,0.0,0.0,-0.015427273545407738
2008-07-11,28.405000686645508,28.985000610351562,27.799999237060547,28.049999237060547,829288,0.0,0.0,-0.012323957259540275
2008-07-14,28.174999237060547,29.104999542236328,28.0,28.704999923706055,383014,0.0,0.0,0.023351183759752203
2008-07-15,28.950000762939453,28.950000762939453,27.674999237060547,28.18000030517578,400224,0.0,0.0,-0.018289483362677217
2008-07-16,28.114999771118164,30.125,28.114999771118164,30.059999465942383,939440,0.0,0.0,0.06671395104354572
2008-07-17,30.5,32.92499923706055,30.235000610351562,32.11000061035156,1397176,0.0,0.0,0.06819697873686947
2008-07-18,31.875,32.650001525878906,31.125,31.600000381469727,795532,0.0,0.0,-0.015882909348728713
2008-07-21,31.125,32.04999923706055,31.125,31.975000381469727,460692,0.0,0.0,0.011867088464337483
2008-07-22,32.369998931884766,32.369998931884766,30.760000228881836,31.375,546598,0.0,0.0,-0.018764671596921745
2008-07-23,32.005001068115234,32.459999084472656,31.295000076293945,31.584999084472656,663006,0.0,0.0,0.006693197911479043
2008-07-24,31.75,32.244998931884766,31.155000686645508,31.475000381469727,649016,0.0,0.0,-0.0034826248596285803
2008-07-25,31.5,34.005001068115234,31.5,33.25,1130092,0.0,0.0,0.05639395065981545
2008-07-28,33.95000076293945,34.5,33.040000915527344,33.150001525878906,638890,0.0,0.0,-0.0030074729058975347
2008-07-29,33.150001525878906,33.150001525878906,33.150001525878906,33.150001525878906,0,0.0,0.0,0.0
2008-07-30,33.150001525878906,33.150001525878906,33.150001525878906,33.150001525878906,0,0.0,0.0,0.0
2008-07-31,33.150001525878906,33.150001525878906,33.150001525878906,33.150001525878906,0,0.0,0.0,0.0
2008-08-01,33.150001525878906,33.150001525878906,33.150001525878906,33.150001525878906,0,0.0,0.0,0.0
2008-08-04,33.150001525878906,33.150001525878906,33.150001525878906,33.150001525878906,0,0.0,0.0,0.0
2008-08-05,33.150001525878906,33.150001525878906,33.150001525878906,33.150001525878906,0,0.0,0.0,0.0
2008-08-06,33.150001525878906,33.150001525878906,33.150001525878906,33.150001525878906,0,0.0,0.0,0.0
2008-08-07,33.150001525878906,33.150001525878906,33.150001525878906,33.150001525878906,0,0.0,0.0,0.0
2008-08-08,33.150001525878906,33.150001525878906,33.150001525878906,33.150001525878906,0,0.0,0.0,0.0
2008-08-11,33.150001525878906,33.150001525878906,33.150001525878906,33.150001525878906,0,0.0,0.0,0.0
2008-08-12,33.150001525878906,33.150001525878906,33.150001525878906,33.150001525878906,0,0.0,0.0,0.0
2008-08-13,33.150001525878906,33.150001525878906,33.150001525878906,33.150001525878906,0,0.0,0.0,0.0
2008-08-14,33.150001525878906,33.150001525878906,33.150001525878906,33.150001525878906,0,0.0,0.0,0.0
2008-08-15,33.150001525878906,33.150001525878906,33.150001525878906,33.150001525878906,0,0.0,0.0,0.0
2008-08-18,33.334999084472656,33.334999084472656,31.75,31.834999084472656,257986,0.0,0.0,-0.039668246783629235
2008-08-19,31.299999237060547,31.635000228881836,30.75,31.1200008392334,436918,0.0,0.0,-0.022459502616665517
2008-08-20,30.959999084472656,32.439998626708984,30.75,31.530000686645508,395172,0.0,0.0,0.013174801939439984
2008-08-21,31.204999923706055,31.405000686645508,30.5,30.979999542236328,307484,0.0,0.0,-0.01744374032450091
2008-08-22,30.959999084472656,31.875,30.395000457763672,31.6299991607666,337330,0.0,0.0,0.02098126624063057
2008-08-25,31.350000381469727,31.6200008392334,30.354999542236328,30.635000228881836,244904,0.0,0.0,-0.031457444144321944
2008-08-26,30.450000762939453,31.145000457763672,30.125,30.6200008392334,401824,0.0,0.0,-0.0004896161102129204
2008-08-27,30.75,31.0,30.274999618530273,30.834999084472656,351772,0.0,0.0,0.0070214970394051335
2008-08-28,31.0,31.645000457763672,30.81999969482422,31.549999237060547,284604,0.0,0.0,0.02318794142426084
2008-08-29,32.42499923706055,32.75,31.5,31.96500015258789,312952,0.0,0.0,0.013153753583608818
2008-09-01,31.75,31.969999313354492,30.625,31.655000686645508,210268,0.0,0.0,-0.009698090550995464
2008-09-02,31.75,32.060001373291016,31.5,31.735000610351562,392520,0.0,0.0,0.002527244415439389
2008-09-03,31.5,32.07500076293945,31.135000228881836,31.190000534057617,259530,0.0,0.0,-0.01717346985385504
2008-09-04,31.325000762939453,31.325000762939453,30.854999542236328,30.854999542236328,276072,0.0,0.0,-0.010740653609655704
2008-09-05,30.625,30.704999923706055,29.7450008392334,29.8799991607666,478412,0.0,0.0,-0.03159942945826599
2008-09-08,30.5,30.75,29.200000762939453,29.655000686645508,448006,0.0,0.0,-0.007530069626525471
2008-09-09,29.655000686645508,29.780000686645508,29.049999237060547,29.344999313354492,445642,0.0,0.0,-0.010453595215414002
2008-09-10,29.149999618530273,29.325000762939453,27.875,28.149999618530273,726990,0.0,0.0,-0.040722430491943906
2008-09-11,28.139999389648438,28.469999313354492,28.0049991607666,28.299999237060547,437896,0.0,0.0,0.005328583323728875
2008-09-12,28.625,29.274999618530273,28.625,28.875,408436,0.0,0.0,0.020318048708158898
2008-09-15,28.125,29.5,28.0,28.795000076293945,413762,0.0,0.0,-0.0027705601283481984
2008-09-16,28.5,30.350000381469727,28.315000534057617,29.764999389648438,755716,0.0,0.0,0.03368637995431234
2008-09-17,30.075000762939453,30.235000610351562,28.19499969482422,28.5,499140,0.0,0.0,-0.04249956040947789
2008-09-18,27.325000762939453,28.450000762939453,27.049999237060547,27.625,708488,0.0,0.0,-0.030701754385964897
2008-09-19,29.125,30.0,28.405000686645508,29.020000457763672,886016,0.0,0.0,0.05049775412719182
2008-09-22,28.829999923706055,29.329999923706055,28.155000686645508,28.264999389648438,226116,0.0,0.0,-0.026016576712811545
2008-09-23,27.889999389648438,28.235000610351562,27.524999618530273,27.94499969482422,354804,0.0,0.0,-0.011321411701194384
2008-09-24,28.635000228881836,28.635000228881836,27.584999084472656,27.674999237060547,325458,0.0,0.0,-0.009661852235184676
2008-09-25,27.5,28.0,26.625,27.25,461422,0.0,0.0,-0.015356793090401055
2008-09-26,27.450000762939453,27.450000762939453,25.260000228881836,25.989999771118164,431922,0.0,0.0,-0.04623854050942522
2008-09-29,26.0,26.204999923706055,22.0049991607666,22.75,1170810,0.0,0.0,-0.12466332434210603
2008-09-30,22.264999389648438,24.545000076293945,22.25,24.399999618530273,1013230,0.0,0.0,0.07252745575957253
2008-10-01,25.0,25.799999237060547,24.625,25.0,778930,0.0,0.0,0.02459017995287449
2008-10-02,24.975000381469727,25.204999923706055,23.860000610351562,24.2450008392334,555068,0.0,0.0,-0.030199966430664027
2008-10-03,24.110000610351562,24.2450008392334,21.795000076293945,23.0,1268868,0.0,0.0,-0.051350826815346196
2008-10-06,22.2450008392334,22.5,17.75,19.104999542236328,2287156,0.0,0.0,-0.16934784598972485
2008-10-07,19.9950008392334,20.100000381469727,17.864999771118164,19.0,1903304,0.0,0.0,-0.005495919641568148
2008-10-08,17.0,20.364999771118164,17.0,19.3700008392334,1255660,0.0,0.0,0.019473728380705158
2008-10-09,19.739999771118164,20.204999923706055,19.25,19.790000915527344,1008624,0.0,0.0,0.021683017970925755
2008-10-10,17.834999084472656,20.5,17.799999237060547,19.78499984741211,694706,0.0,0.0,-0.00025270681575917386
2008-10-13,21.0,21.0,19.829999923706055,20.969999313354492,783700,0.0,0.0,0.059893832452941886
2008-10-14,22.020000457763672,22.71500015258789,21.25,21.424999237060547,831876,0.0,0.0,0.02169766040079435
2008-10-15,21.334999084472656,21.690000534057617,19.5,20.030000686645508,567974,0.0,0.0,-0.06511078646864066
2008-10-16,19.405000686645508,21.174999237060547,18.790000915527344,19.780000686645508,791340,0.0,0.0,-0.01248127765500684
2008-10-17,20.774999618530273,22.200000762939453,20.280000686645508,20.690000534057617,637314,0.0,0.0,0.0460060574227632
2008-10-20,21.40999984741211,22.014999389648438,20.405000686645508,22.014999389648438,635548,0.0,0.0,0.06404054235811896
2008-10-21,22.225000381469727,22.950000762939453,21.7549991607666,22.219999313354492,559352,0.0,0.0,0.009311829633865232
2008-10-22,21.604999542236328,22.19499969482422,21.235000610351562,21.56999969482422,594974,0.0,0.0,-0.029252909028652185
2008-10-23,21.375,21.545000076293945,20.0049991607666,20.760000228881836,441170,0.0,0.0,-0.03755213154392134
2008-10-24,20.4950008392334,21.434999465942383,19.639999389648438,21.25,839622,0.0,0.0,0.02360307156627406
2008-10-27,20.5,21.0,19.950000762939453,20.670000076293945,469376,0.0,0.0,-0.027294114056755525
2008-10-28,20.684999465942383,21.174999237060547,19.260000228881836,20.174999237060547,853900,0.0,0.0,-0.02394779087597132
2008-10-29,21.145000457763672,21.5,19.809999465942383,21.31999969482422,867590,0.0,0.0,0.05675343251861742
2008-10-30,21.7450008392334,22.649999618530273,20.68000030517578,21.3700008392334,637720,0.0,0.0,0.002345269471149214
2008-10-31,21.989999771118164,21.989999771118164,20.584999084472656,20.584999084472656,729702,0.0,0.0,-0.03673381955697208
2008-11-03,21.614999771118164,21.780000686645508,20.360000610351562,21.530000686645508,720762,0.0,0.0,0.04590729386457304
2008-11-04,22.25,23.579999923706055,22.25,23.0,891484,0.0,0.0,0.06827678896760525
2008-11-05,23.104999542236328,23.34000015258789,21.94499969482422,22.0,445472,0.0,0.0,-0.04347826086956519
2008-11-06,21.25,21.399999618530273,20.125,20.235000610351562,573328,0.0,0.0,-0.0802272449840199
2008-11-07,20.260000228881836,20.610000610351562,19.350000381469727,19.489999771118164,644128,0.0,0.0,-0.03681743596549636
2008-11-10,20.0,20.75,19.4950008392334,20.364999771118164,519386,0.0,0.0,0.04489481838253506
2008-11-11,20.18000030517578,21.15999984741211,19.5,19.649999618530273,441258,0.0,0.0,-0.03510926396384795
2008-11-12,20.0,20.0,16.760000228881836,17.375,709264,0.0,0.0,-0.11577606425930465
2008-11-13,16.93000030517578,19.354999542236328,16.93000030517578,19.040000915527344,930588,0.0,0.0,0.09582739082171754
2008-11-14,20.399999618530273,20.8799991607666,18.809999465942383,19.299999237060547,688204,0.0,2.0,0.01365537337349454
2008-11-17,19.299999237060547,20.0,18.75,19.790000915527344,355070,0.0,0.0,0.02538868900708957
2008-11-18,20.1200008392334,20.93000030517578,19.75,20.59000015258789,573714,0.0,0.0,0.04042441637447647
2008-11-19,20.670000076293945,20.940000534057617,19.760000228881836,20.06999969482422,528532,0.0,0.0,-0.025255000189901122
2008-11-20,19.5,19.549999237060547,17.170000076293945,18.110000610351562,664492,0.0,0.0,-0.09765815218114393
2008-11-21,18.489999771118164,19.5,18.0,18.850000381469727,716844,0.0,0.0,0.04086138852448107
2008-11-24,19.559999465942383,19.559999465942383,18.75,18.809999465942383,622630,0.0,0.0,-0.002122064441264726
2008-11-25,19.030000686645508,19.229999542236328,17.850000381469727,18.399999618530273,1023141,0.0,0.0,-0.021796909040558976
2008-11-26,18.5,18.889999389648438,17.5,18.350000381469727,691705,0.0,0.0,-0.002717349896583343
2008-11-27,19.739999771118164,19.75,18.59000015258789,18.68000030517578,571294,0.0,0.0,0.017983646694596178
2008-11-28,18.68000030517578,18.739999771118164,17.81999969482422,18.09000015258789,374213,0.0,0.0,-0.03158459009363157
2008-12-01,17.889999389648438,18.709999084472656,17.8700008392334,18.09000015258789,371157,0.0,0.0,0.0
2008-12-02,17.809999465942383,18.469999313354492,17.34000015258789,18.299999237060547,337681,0.0,0.0,0.01160857284142236
2008-12-03,18.389999389648438,18.479999542236328,17.700000762939453,18.399999618530273,462320,0.0,0.0,0.0054645019474759415
2008-12-04,18.31999969482422,18.700000762939453,18.0,18.010000228881836,401159,0.0,0.0,-0.021195619442061164
2008-12-05,17.709999084472656,18.219999313354492,17.450000762939453,18.110000610351562,578748,0.0,0.0,0.005552491959958994
2008-12-08,18.600000381469727,18.700000762939453,18.350000381469727,18.700000762939453,551338,0.0,0.0,0.03257869313657835
2008-12-09,18.600000381469727,19.06999969482422,18.100000381469727,18.520000457763672,496505,0.0,0.0,-0.009625684376041055
2008-12-10,18.1299991607666,18.420000076293945,17.389999389648438,17.389999389648438,1189093,0.0,0.0,-0.061015174955977525
2008-12-11,17.420000076293945,17.860000610351562,17.0,17.34000015258789,619834,0.0,0.0,-0.0028751718697764828
2008-12-12,16.5,16.889999389648438,16.239999771118164,16.399999618530273,775518,0.0,0.0,-0.054209949583958195
2008-12-15,16.6200008392334,16.850000381469727,16.450000762939453,16.59000015258789,382014,0.0,0.0,0.011585398687627757
2008-12-16,16.670000076293945,16.670000076293945,15.829999923706055,15.9399995803833,662340,0.0,0.0,-0.039180263184216746
2008-12-17,16.059999465942383,16.110000610351562,13.670000076293945,13.720000267028809,1307954,0.0,0.0,-0.13927223160573687
2008-12-18,14.09000015258789,14.09000015258789,11.800000190734863,12.1899995803833,1597668,0.0,0.0,-0.11151608286206272
2008-12-19,12.100000381469727,12.180000305175781,11.835000038146973,12.0,1281147,0.0,0.0,-0.015586512462974711
2008-12-22,11.904999732971191,11.90999984741211,11.029999732971191,11.055000305175781,1530547,0.0,0.0,-0.07874997456868493
2008-12-23,11.15999984741211,11.550000190734863,11.100000381469727,11.4350004196167,737470,0.0,0.0,0.03437359601546164
2008-12-24,11.489999771118164,11.649999618530273,11.25,11.399999618530273,258581,0.0,0.0,-0.003060848255534987
2008-12-29,11.645000457763672,12.25,11.609999656677246,11.975000381469727,821571,0.0,0.0,0.05043866510353312
2008-12-30,12.300000190734863,14.15999984741211,12.119999885559082,14.005000114440918,1353496,0.0,0.0,0.16951980528638977
2008-12-31,14.345000267028809,14.345000267028809,13.3100004196167,13.949999809265137,0,0.0,0.0,-0.003927190626658361
2009-01-02,13.8100004196167,14.210000038146973,13.460000038146973,14.100000381469727,779464,0.0,0.0,0.010752729337312639
2009-01-05,14.300000190734863,14.694999694824219,14.25,14.6899995803833,938117,0.0,0.0,0.04184391368449569
2009-01-06,14.539999961853027,14.539999961853027,14.109999656677246,14.220000267028809,1222048,0.0,0.0,-0.031994508289987844
2009-01-07,14.25,14.25,13.649999618530273,13.670000076293945,1311086,0.0,0.0,-0.03867793111158524
2009-01-08,13.5,13.890000343322754,13.260000228881836,13.494999885559082,839141,0.0,0.0,-0.01280176955070711
2009-01-09,13.800000190734863,13.850000381469727,13.300000190734863,13.484999656677246,734503,0.0,0.0,-0.0007410321575872514
2009-01-12,13.520000457763672,13.675000190734863,13.350000381469727,13.494999885559082,397853,0.0,0.0,0.0007415816934697173
2009-01-13,13.399999618530273,13.640000343322754,13.204999923706055,13.635000228881836,453166,0.0,0.0,0.010374238200073549
2009-01-14,13.899999618530273,14.890000343322754,13.470000267028809,13.65999984741211,1088136,0.0,0.0,0.0018334886769799663
2009-01-15,13.65999984741211,13.789999961853027,13.039999961853027,13.350000381469727,1066199,0.0,0.0,-0.02269395822878517
2009-01-16,13.6899995803833,14.289999961853027,13.53499984741211,13.869999885559082,987514,0.0,0.0,0.03895127260154485
2009-01-19,14.020000457763672,14.444999694824219,14.020000457763672,14.225000381469727,569597,0.0,0.0,0.025594844905532987
2009-01-20,14.260000228881836,14.300000190734863,13.390000343322754,13.404999732971191,561537,0.0,0.0,-0.05764503525544462
2009-01-21,13.380000114440918,14.055000305175781,13.020000457763672,13.390000343322754,1263185,0.0,0.0,-0.001118939943843822
2009-01-22,13.5,13.829999923706055,12.619999885559082,12.994999885559082,989500,0.0,0.0,-0.02949966001760773
2009-01-23,11.289999961853027,11.479999542236328,9.65999984741211,11.0,5791690,0.0,0.0,-0.15352057738577285
2009-01-26,11.1899995803833,12.300000190734863,10.699999809265137,11.800000190734863,2575787,0.0,0.0,0.07272729006680567
2009-01-27,11.800000190734863,11.800000190734863,11.28499984741211,11.600000381469727,1642249,0.0,0.0,-0.016949136104436047
2009-01-28,11.805000305175781,12.100000381469727,11.329999923706055,11.989999771118164,1112193,0.0,0.0,0.03362063593303288
2009-01-29,11.9399995803833,11.989999771118164,11.145000457763672,11.335000038146973,1416794,0.0,0.0,-0.0546288361530225
2009-01-30,11.220000267028809,11.220000267028809,10.539999961853027,11.069999694824219,1919582,0.0,0.0,-0.02337894507551108
2009-02-02,10.875,11.529999732971191,10.875,11.25,696498,0.0,0.0,0.01626019061770534
2009-02-03,11.279999732971191,11.550000190734863,10.779999732971191,11.399999618530273,783098,0.0,0.0,0.013333299424913125
2009-02-04,11.5,11.885000228881836,11.350000381469727,11.734999656677246,984171,0.0,0.0,0.029385969241827237
2009-02-05,11.449999809265137,11.970000267028809,11.180000305175781,11.920000076293945,782670,0.0,0.0,0.01576484235442077
2009-02-06,12.050000190734863,12.649999618530273,11.845000267028809,12.524999618530273,1077881,0.0,0.0,0.05075499482919699
2009-02-09,12.350000381469727,13.0,12.15999984741211,12.630000114440918,754062,0.0,0.0,0.008383273381924905
2009-02-10,12.510000228881836,12.729999542236328,11.899999618530273,12.095000267028809,1135976,0.0,0.0,-0.04235944913416112
2009-02-11,11.880000114440918,12.430000305175781,11.850000381469727,12.149999618530273,623127,0.0,0.0,0.004547279891460088
2009-02-12,12.350000381469727,13.0,12.15999984741211,12.21500015258789,754062,0.0,0.0,0.005349838362009862
2009-02-13,12.279999732971191,12.470000267028809,11.904999732971191,12.350000381469727,824516,0.0,0.0,0.011052003863727622
2009-02-16,12.350000381469727,13.0,12.15999984741211,12.505000114440918,754062,0.0,0.0,0.012550585278018112
2009-02-17,12.449999809265137,12.5,11.975000381469727,12.170000076293945,760544,0.0,0.0,-0.026789287091657954
2009-02-18,12.03499984741211,12.15999984741211,11.609999656677246,12.09000015258789,828807,0.0,0.0,-0.006573535185253387
2009-02-19,12.100000381469727,12.199999809265137,11.550000190734863,11.795000076293945,824473,0.0,0.0,-0.02440033685448717
2009-02-20,11.600000381469727,11.6899995803833,11.100000381469727,11.430000305175781,604502,0.0,0.0,-0.03094529620663211
2009-02-23,11.609999656677246,11.65999984741211,10.994999885559082,11.335000038146973,903876,0.0,0.0,-0.008311484207554232
2009-02-24,11.164999961853027,11.494999885559082,10.550000190734863,11.399999618530273,1102383,0.0,0.0,0.005734413777198855
2009-02-25,11.555000305175781,12.100000381469727,11.425000190734863,11.6899995803833,726813,0.0,0.0,0.02543859399623516
2009-02-26,11.739999771118164,12.140000343322754,11.59000015258789,11.920000076293945,604088,0.0,0.0,0.01967497897062387
2009-02-27,11.885000228881836,12.050000190734863,11.645000457763672,11.925000190734863,725530,0.0,0.0,0.0004194726853117281
2009-03-02,11.734999656677246,11.805000305175781,11.289999961853027,11.489999771118164,537087,0.0,0.0,-0.036478022025917656
2009-03-03,11.404999732971191,11.899999618530273,11.15999984741211,11.78499984741211,583551,0.0,0.0,0.025674506716307555
2009-03-04,11.984999656677246,12.130000114440918,11.630000114440918,12.020000457763672,727723,0.0,0.0,0.01994065450948357
2009-03-05,11.979999542236328,12.130000114440918,11.635000228881836,11.654999732971191,621545,0.0,0.0,-0.03036611571480663
2009-03-06,11.59000015258789,11.710000038146973,11.050000190734863,11.34000015258789,868421,0.0,0.0,-0.027026991643096188
2009-03-09,11.444999694824219,11.449999809265137,11.0,11.350000381469727,483762,0.0,0.0,0.0008818543868849282
2009-03-10,11.289999961853027,12.020000457763672,11.194999694824219,11.795000076293945,703412,0.0,0.0,0.03920702025268086
2009-03-11,11.734999656677246,12.149999618530273,11.600000381469727,11.944999694824219,582426,0.0,0.0,0.012717220649429928
2009-03-12,11.9399995803833,12.020000457763672,11.40999984741211,11.944999694824219,849194,0.0,0.0,0.0
2009-03-13,12.045000076293945,12.100000381469727,11.774999618530273,11.970000267028809,957623,0.0,0.0,0.002092973867167336
2009-03-16,12.09000015258789,13.109999656677246,11.949999809265137,12.649999618530273,1181582,0.0,0.0,0.05680863294335192
2009-03-17,12.619999885559082,12.90999984741211,12.5,12.649999618530273,570820,0.0,0.0,0.0
2009-03-18,12.710000038146973,13.09000015258789,12.604999542236328,13.010000228881836,466387,0.0,0.0,0.02845854713103857
2009-03-19,13.079999923706055,13.574999809265137,12.835000038146973,13.425000190734863,771326,0.0,0.0,0.031898536091624186
2009-03-20,13.420000076293945,14.149999618530273,13.34000015258789,14.050000190734863,877295,0.0,0.0,0.046554934161664896
2009-03-23,14.194999694824219,14.430000305175781,14.050000190734863,14.149999618530273,937240,0.0,0.0,0.007117396899492867
2009-03-24,14.319999694824219,14.414999961853027,13.779999732971191,14.010000228881836,512900,0.0,0.0,-0.009893950065207102
2009-03-25,13.875,14.369999885559082,13.859999656677246,14.029999732971191,544645,0.0,0.0,0.0014275163285242254
2009-03-26,14.024999618530273,14.3149995803833,13.859999656677246,14.204999923706055,610097,0.0,0.0,0.012473285393128197
2009-03-27,14.170000076293945,14.170000076293945,13.550000190734863,13.609999656677246,595896,0.0,0.0,-0.04188667865008855
2009-03-30,13.3100004196167,13.399999618530273,12.800000190734863,13.170000076293945,695837,0.0,0.0,-0.032329139712169774
2009-03-31,13.170000076293945,13.845000267028809,12.975000381469727,13.760000228881836,428960,0.0,0.0,0.04479879644419249
2009-04-01,13.699999809265137,14.75,13.6899995803833,14.635000228881836,645555,0.0,0.0,0.06359011522132096
2009-04-02,14.760000228881836,15.210000038146973,14.359999656677246,15.09000015258789,833723,0.0,0.0,0.031089847392562486
2009-04-03,14.9350004196167,15.0,14.520000457763672,14.904999732971191,561458,0.0,0.0,-0.012259802368853712
2009-04-06,14.930000305175781,15.140000343322754,14.3100004196167,14.680000305175781,767991,0.0,0.0,-0.015095567381842478
2009-04-07,14.6899995803833,14.800000190734863,14.300000190734863,14.454999923706055,511433,0.0,0.0,-0.015327001143889407
2009-04-08,14.15999984741211,15.010000228881836,13.890000343322754,14.640000343322754,609148,0.0,0.0,0.012798368771576474
2009-04-09,14.899999618530273,15.880000114440918,14.84000015258789,15.354999542236328,1409102,0.0,0.0,0.0488387419498717
2009-04-14,15.539999961853027,17.264999389648438,15.524999618530273,16.139999389648438,1175410,0.0,0.0,0.05112340415594563
2009-04-15,16.0,16.485000610351562,15.84000015258789,16.030000686645508,698751,0.0,0.0,-0.006815285449978337
2009-04-16,16.190000534057617,16.385000228881836,16.0,16.31999969482422,603158,0.0,0.0,0.018091016578702268
2009-04-17,16.239999771118164,16.239999771118164,15.529999732971191,16.065000534057617,1183098,0.0,0.0,-0.015624948868563582
2009-04-20,15.609999656677246,15.880000114440918,15.399999618530273,15.619999885559082,532766,0.0,0.0,-0.02770000832275976
2009-04-21,15.5,15.725000381469727,15.1899995803833,15.479999542236328,593951,0.0,0.0,-0.008962890163154658
2009-04-22,15.569999694824219,16.290000915527344,15.40999984741211,16.190000534057617,600062,0.0,0.0,0.0458656985023862
2009-04-23,16.079999923706055,17.03499984741211,15.770000457763672,16.799999237060547,671587,0.0,0.0,0.037677497398454385
2009-04-24,17.100000381469727,17.100000381469727,16.31999969482422,16.844999313354492,458222,0.0,0.0,0.002678576091520002
2009-04-27,16.600000381469727,17.19499969482422,16.34000015258789,17.100000381469727,432724,0.0,0.0,0.015138087177781756
2009-04-28,16.799999237060547,16.850000381469727,16.020000457763672,16.545000076293945,567226,0.0,0.0,-0.0324561574733766
2009-04-29,16.399999618530273,16.399999618530273,15.850000381469727,16.360000610351562,626053,0.0,0.0,-0.011181593538186485
2009-04-30,15.380000114440918,15.380000114440918,14.765000343322754,14.899999618530273,2489627,0.0,0.0,-0.0892421110850995
2009-05-04,15.289999961853027,15.399999618530273,13.845000267028809,14.520000457763672,1172485,0.0,0.0,-0.02550330003324419
2009-05-05,14.319999694824219,15.640000343322754,14.029999732971191,15.319999694824219,1198578,0.0,0.0,0.05509636445175148
2009-05-06,15.319999694824219,15.819999694824219,15.260000228881836,15.454999923706055,913849,0.0,0.0,0.00881202555946814
2009-05-07,15.449999809265137,15.600000381469727,15.020000457763672,15.069999694824219,793969,0.0,0.0,-0.02491104696100921
2009-05-08,15.100000381469727,15.305000305175781,14.510000228881836,14.670000076293945,512307,0.0,0.0,-0.026542775489746928
2009-05-11,14.680000305175781,14.78499984741211,14.40999984741211,14.449999809265137,524309,0.0,0.0,-0.014996609808088479
2009-05-12,14.399999618530273,14.430000305175781,14.010000228881836,14.095000267028809,664096,0.0,0.0,-0.02456744269357758
2009-05-13,14.149999618530273,14.399999618530273,13.949999809265137,14.055000305175781,472558,0.0,0.0,-0.0028378830149152767
2009-05-14,14.020000457763672,14.319999694824219,13.8100004196167,14.109999656677246,593751,0.0,0.0,0.003913151925099001
2009-05-15,14.140000343322754,14.34000015258789,13.850000381469727,14.210000038146973,415299,0.0,0.0,0.007087199426146329
2009-05-18,14.039999961853027,14.75,13.619999885559082,14.699999809265137,591302,0.0,0.0,0.034482742421024115
2009-05-19,14.720000267028809,15.050000190734863,14.460000038146973,15.005000114440918,551045,0.0,0.0,0.020748320349197824
2009-05-20,14.970000267028809,15.34000015258789,14.9399995803833,15.079999923706055,333066,0.0,0.0,0.0049983211391619875
2009-05-21,14.850000381469727,14.885000228881836,14.25,14.770000457763672,431841,0.0,0.0,-0.02055699386676102
2009-05-22,14.520000457763672,14.824999809265137,14.164999961853027,14.25,688549,0.0,0.0,-0.035206529563128086
2009-05-25,14.390000343322754,14.444999694824219,13.90999984741211,14.220000267028809,305946,0.0,0.0,-0.002105244419030927
2009-05-26,14.180000305175781,14.625,13.875,14.454999923706055,386312,0.0,0.0,0.016525995236591262
2009-05-27,14.664999961853027,14.71500015258789,14.305000305175781,14.654999732971191,426352,0.0,0.0,0.013836029769681124
2009-05-28,14.399999618530273,14.470000267028809,13.229999542236328,14.270000457763672,1253810,0.0,0.0,-0.02627084832634552
2009-05-29,14.600000381469727,14.600000381469727,13.904999732971191,14.350000381469727,697215,0.0,0.0,0.005606161257165843
2009-06-01,14.75,14.949999809265137,14.5,14.850000381469727,482997,0.0,0.0,0.03484320464866708
2009-06-02,14.744999885559082,15.779999732971191,14.744999885559082,15.649999618530273,697512,0.0,0.0,0.05387200111178525
2009-06-03,15.800000190734863,16.084999084472656,15.319999694824219,15.510000228881836,726188,0.0,0.0,-0.00894564811890941
2009-06-04,15.510000228881836,15.989999771118164,15.350000381469727,15.555000305175781,674698,0.0,0.0,0.002901358841384649
2009-06-05,15.680000305175781,15.819999694824219,15.470000267028809,15.59000015258789,486742,0.0,0.0,0.002250070506296442
2009-06-08,15.579999923706055,16.03499984741211,15.199999809265137,15.869999885559082,661275,0.0,0.0,0.01796021361325728
2009-06-09,16.05500030517578,16.709999084472656,16.049999237060547,16.579999923706055,735100,0.0,0.0,0.04473850304139182
2009-06-10,16.799999237060547,17.145000457763672,16.700000762939453,17.0,673525,0.0,0.0,0.025331729687973592
2009-06-11,17.0,17.25,16.75,17.15999984741211,481650,0.0,0.0,0.009411755730124094
2009-06-12,17.100000381469727,17.729999542236328,16.850000381469727,17.514999389648438,693384,0.0,0.0,0.020687619195396856
2009-06-15,17.510000228881836,17.510000228881836,16.739999771118164,16.8700008392334,360984,0.0,0.0,-0.0368254965967193
2009-06-16,16.920000076293945,17.040000915527344,16.809999465942383,16.969999313354492,196908,0.0,0.0,0.005927591532095988
2009-06-17,16.844999313354492,17.209999084472656,16.799999237060547,16.950000762939453,469782,0.0,0.0,-0.0011784650102667493
2009-06-18,16.899999618530273,17.225000381469727,16.145000457763672,16.8799991607666,534945,0.0,0.0,-0.004129887847905467
2009-06-19,16.954999923706055,17.30500030517578,16.75,17.170000076293945,347171,0.0,0.0,0.017180149878287976
2009-06-22,17.239999771118164,17.350000381469727,16.670000076293945,16.719999313354492,527362,0.0,0.0,-0.026208547521252124
2009-06-23,16.5,16.690000534057617,16.040000915527344,16.200000762939453,435522,0.0,0.0,-0.03110039304844403
2009-06-24,16.200000762939453,16.610000610351562,16.125,16.5,415330,0.0,0.0,0.018518470551362576
2009-06-25,16.434999465942383,16.75,16.25,16.389999389648438,311277,0.0,0.0,-0.006666703657670414
2009-06-26,16.405000686645508,16.860000610351562,16.399999618530273,16.584999084472656,356962,0.0,0.0,0.011897480298100227
2009-06-29,16.59000015258789,16.950000762939453,16.459999084472656,16.84000015258789,227945,0.0,0.0,0.015375404413134675
2009-06-30,16.8799991607666,17.645000457763672,16.8799991607666,17.344999313354492,526484,0.0,0.0,0.0299880734080038
2009-07-01,17.28499984741211,17.690000534057617,17.110000610351562,17.209999084472656,400722,0.0,0.0,-0.007783236334745425
2009-07-02,17.030000686645508,17.1299991607666,16.434999465942383,16.575000762939453,404815,0.0,0.0,-0.03689705725238046
2009-07-03,16.520000457763672,16.604999542236328,16.190000534057617,16.329999923706055,275500,0.0,0.0,-0.014781347086342378
2009-07-06,16.354999542236328,16.670000076293945,16.200000762939453,16.344999313354492,417023,0.0,0.0,0.0009185174353041337
2009-07-07,16.450000762939453,16.450000762939453,16.209999084472656,16.209999084472656,333403,0.0,0.0,-0.008259420896490122
2009-07-08,16.040000915527344,16.100000381469727,15.295000076293945,15.5,814921,0.0,0.0,-0.04380006937525094
2009-07-09,15.550000190734863,15.664999961853027,15.260000228881836,15.295000076293945,538573,0.0,0.0,-0.013225801529422876
2009-07-10,15.319999694824219,15.449999809265137,14.9350004196167,14.96500015258789,531538,0.0,0.0,-0.021575673230464942
2009-07-13,14.949999809265137,15.074999809265137,14.760000228881836,15.005000114440918,294445,0.0,0.0,0.0026729008650301367
2009-07-14,14.9350004196167,15.069999694824219,14.75,14.805000305175781,530068,0.0,0.0,-0.013328877556798902
2009-07-15,14.899999618530273,15.25,14.739999771118164,15.0,587452,0.0,0.0,0.013171205052663781
2009-07-16,15.0649995803833,15.164999961853027,14.430000305175781,14.614999771118164,630791,0.0,0.0,-0.025666681925455737
2009-07-17,14.699999809265137,14.835000038146973,14.4350004196167,14.4350004196167,431253,0.0,0.0,-0.01231606940269514
2009-07-20,14.550000190734863,14.744999885559082,14.479999542236328,14.5600004196167,403746,0.0,0.0,0.008659507888211015
2009-07-21,14.545000076293945,14.670000076293945,14.135000228881836,14.164999961853027,491768,0.0,0.0,-0.02712915153707607
2009-07-22,14.135000228881836,14.244999885559082,13.9399995803833,14.010000228881836,431353,0.0,0.0,-0.010942444997431133
2009-07-23,14.100000381469727,14.3100004196167,13.90999984741211,14.1899995803833,509051,0.0,0.0,0.012847919240600358
2009-07-24,14.239999771118164,14.385000228881836,14.069999694824219,14.25,633746,0.0,0.0,0.004228359506059931
2009-07-27,14.444999694824219,14.864999771118164,14.350000381469727,14.585000038146973,522651,0.0,0.0,0.023508774606805005
2009-07-28,10.699999809265137,12.5,10.699999809265137,12.430000305175781,7803957,0.0,0.0,-0.14775452364311303
2009-07-29,12.225000381469727,12.300000190734863,11.5,11.585000038146973,1680995,0.0,0.0,-0.06798071168807251
2009-07-30,11.774999618530273,11.944999694824219,11.600000381469727,11.670000076293945,916654,0.0,0.0,0.0073370770709610955
2009-07-31,11.75,12.164999961853027,11.670000076293945,11.984999656677246,1040828,0.0,0.0,0.026992251784400567
2009-08-03,12.149999618530273,12.569999694824219,12.109999656677246,12.335000038146973,1053329,0.0,0.0,0.029203203295440128
2009-08-04,12.595000267028809,12.619999885559082,12.399999618530273,12.524999618530273,706916,0.0,0.0,0.015403289809137632
2009-08-05,12.645000457763672,13.024999618530273,12.380000114440918,12.600000381469727,1211353,0.0,0.0,0.0059880850478024605
2009-08-06,12.600000381469727,12.6899995803833,12.119999885559082,12.239999771118164,726963,0.0,0.0,-0.028571476147016606
2009-08-07,12.3100004196167,12.489999771118164,12.010000228881836,12.170000076293945,522627,0.0,0.0,-0.005718929422645291
2009-08-10,12.239999771118164,12.475000381469727,12.109999656677246,12.300000190734863,254834,0.0,0.0,0.010682014266717
2009-08-11,12.385000228881836,12.385000228881836,11.930000305175781,11.989999771118164,568664,0.0,0.0,-0.02520328575687436
2009-08-12,12.045000076293945,12.354999542236328,11.670000076293945,12.3149995803833,610490,0.0,0.0,0.027105906210941333
2009-08-13,12.414999961853027,12.494999885559082,12.274999618530273,12.364999771118164,451068,0.0,0.0,0.004060104948319321
2009-08-14,12.444999694824219,12.475000381469727,12.21500015258789,12.279999732971191,353247,0.0,0.0,-0.0068742450238870045
2009-08-17,12.149999618530273,12.484999656677246,12.020000457763672,12.154999732971191,423878,0.0,0.0,-0.010179153315808431
2009-08-18,12.170000076293945,12.430000305175781,12.15999984741211,12.225000381469727,443231,0.0,0.0,0.005759000414344184
2009-08-19,12.199999809265137,12.199999809265137,11.779999732971191,11.96500015258789,733607,0.0,0.0,-0.02126791171932696
2009-08-20,12.020000457763672,12.170000076293945,11.890000343322754,12.010000228881836,386149,0.0,0.0,0.003760975822822088
2009-08-21,12.020000457763672,12.170000076293945,11.949999809265137,12.104999542236328,573746,0.0,0.0,0.007910017613991016
2009-08-24,12.170000076293945,12.5600004196167,12.154999732971191,12.234999656677246,323371,0.0,0.0,0.01073937375935663
2009-08-25,12.229999542236328,12.479999542236328,12.210000038146973,12.324999809265137,407726,0.0,0.0,0.007355958734234447
2009-08-26,12.390000343322754,12.444999694824219,12.020000457763672,12.1850004196167,316155,0.0,0.0,-0.011358977023528616
2009-08-27,12.244999885559082,12.4399995803833,12.114999771118164,12.34000015258789,429379,0.0,0.0,0.01272053571058196
2009-08-28,12.350000381469727,12.430000305175781,12.170000076293945,12.239999771118164,392670,0.0,0.0,-0.008103758527811311
2009-08-31,12.270000457763672,12.654999732971191,12.255000114440918,12.420000076293945,548581,0.0,0.0,0.014705907560596199
2009-09-01,12.529999732971191,12.649999618530273,12.229999542236328,12.229999542236328,348489,0.0,0.0,-0.015297949508089825
2009-09-02,12.055000305175781,12.895000457763672,11.854999542236328,12.600000381469727,1766194,0.0,0.0,0.030253544814584865
2009-09-03,12.975000381469727,13.569999694824219,12.880000114440918,13.020000457763672,1549991,0.0,0.0,0.03333333837922914
2009-09-04,13.194999694824219,13.194999694824219,12.800000190734863,12.869999885559082,548923,0.0,0.0,-0.01152078087026076
2009-09-07,13.15999984741211,13.25,13.024999618530273,13.149999618530273,410048,0.0,0.0,0.021756001201318487
2009-09-08,13.220000267028809,13.369999885559082,13.0649995803833,13.079999923706055,485657,0.0,0.0,-0.005323170863486437
2009-09-09,13.069999694824219,13.25,12.899999618530273,13.074999809265137,546522,0.0,0.0,-0.00038227174847726975
2009-09-10,13.1850004196167,13.1850004196167,12.854999542236328,12.885000228881836,452628,0.0,0.0,-0.014531516876096995
2009-09-11,12.970000267028809,13.404999732971191,12.949999809265137,13.345000267028809,742518,0.0,0.0,0.03570042917933969
2009-09-14,13.270000457763672,13.270000457763672,12.944999694824219,13.15999984741211,427720,0.0,0.0,-0.013862901155107132
2009-09-15,13.3149995803833,13.420000076293945,13.170000076293945,13.335000038146973,420258,0.0,0.0,0.013297886988142826
2009-09-16,13.3100004196167,13.369999885559082,13.15999984741211,13.270000457763672,407378,0.0,0.0,-0.004874359219899427
2009-09-17,13.395000457763672,13.649999618530273,13.104999542236328,13.399999618530273,507903,0.0,0.0,0.009796469953438747
2009-09-18,13.354999542236328,13.65999984741211,13.255000114440918,13.300000190734863,590564,0.0,0.0,-0.00746264407777486
2009-09-21,13.395000457763672,13.40999984741211,13.079999923706055,13.239999771118164,502035,0.0,0.0,-0.0045113096809199504
2009-09-22,13.3100004196167,13.460000038146973,13.229999542236328,13.300000190734863,378752,0.0,0.0,0.004531753825825824
2009-09-23,13.364999771118164,13.59000015258789,13.210000038146973,13.479999542236328,639536,0.0,0.0,0.013533785633090156
2009-09-24,13.470000267028809,13.899999618530273,13.149999618530273,13.25,944773,0.0,0.0,-0.017062281160743376
2009-09-25,13.21500015258789,13.300000190734863,12.90999984741211,12.989999771118164,482816,0.0,0.0,-0.019622658783534752
2009-09-28,13.0,13.0600004196167,12.654999732971191,13.039999961853027,530993,0.0,0.0,0.0038491294546465493
2009-09-29,13.140000343322754,13.329999923706055,12.829999923706055,12.880000114440918,555717,0.0,0.0,-0.012269926984675661
2009-09-30,12.885000228881836,13.289999961853027,12.885000228881836,12.9399995803833,738872,0.0,0.0,0.004658343587676805
2009-10-01,13.039999961853027,13.109999656677246,12.680000305175781,12.680000305175781,546670,0.0,0.0,-0.020092680343025027
2009-10-02,12.529999732971191,12.569999694824219,12.239999771118164,12.364999771118164,609184,0.0,0.0,-0.024842312813591838
2009-10-05,12.3100004196167,12.359999656677246,12.010000228881836,12.045000076293945,749983,0.0,0.0,-0.025879474383142753
2009-10-06,12.25,12.380000114440918,11.970000267028809,12.324999809265137,1108775,0.0,0.0,0.023246137915952758
2009-10-07,12.3100004196167,12.864999771118164,12.270000457763672,12.300000190734863,1353526,0.0,0.0,-0.0020283666464222527
2009-10-08,12.449999809265137,12.600000381469727,12.204999923706055,12.380000114440918,680294,0.0,0.0,0.006504058737032858
2009-10-09,12.395000457763672,12.529999732971191,12.305000305175781,12.489999771118164,800551,0.0,0.0,0.008885271054960286
2009-10-12,12.670000076293945,12.904999732971191,12.529999732971191,12.609999656677246,658678,0.0,0.0,0.009607677162378314
2009-10-13,12.720000267028809,13.149999618530273,12.649999618530273,12.850000381469727,1306820,0.0,0.0,0.01903257187365548
2009-10-14,13.095000267028809,13.149999618530273,12.890000343322754,13.005000114440918,717385,0.0,0.0,0.012062235670802668
2009-10-15,13.100000381469727,13.699999809265137,13.074999809265137,13.385000228881836,1081139,0.0,0.0,0.02921953949227274
2009-10-16,13.475000381469727,13.5649995803833,12.994999885559082,13.095000267028809,747560,0.0,0.0,-0.021666040858727253
2009-10-19,13.199999809265137,13.470000267028809,13.114999771118164,13.220000267028809,525282,0.0,0.0,0.00954562790767799
2009-10-20,13.180000305175781,13.199999809265137,12.604999542236328,12.630000114440918,945994,0.0,0.0,-0.04462936011123797
2009-10-21,12.614999771118164,12.65999984741211,12.5,12.5600004196167,502840,0.0,0.0,-0.005542335248610364
2009-10-22,12.399999618530273,12.484999656677246,12.180000305175781,12.3149995803833,440295,0.0,0.0,-0.019506435593007354
2009-10-23,12.319999694824219,12.399999618530273,12.100000381469727,12.199999809265137,1320029,0.0,0.0,-0.00933818717309165
2009-10-26,12.204999923706055,12.359999656677246,11.604999542236328,11.6850004196167,1344100,0.0,0.0,-0.042213065385241055
2009-10-27,11.704999923706055,12.0,11.635000228881836,11.675000190734863,782230,0.0,0.0,-0.0008558175885939878
2009-10-28,11.725000381469727,11.725000381469727,11.104999542236328,11.109999656677246,1061047,0.0,0.0,-0.048394049235733205
2009-10-29,11.100000381469727,11.380000114440918,10.84000015258789,11.194999694824219,1116800,0.0,0.0,0.007650768746503722
2009-10-30,11.25,11.4399995803833,10.75,10.75,1484306,0.0,0.0,-0.03974986216658449
2009-11-02,10.710000038146973,10.895000457763672,10.520000457763672,10.694999694824219,606786,0.0,0.0,-0.0051163074582122325
2009-11-03,10.649999618530273,10.704999923706055,10.395000457763672,10.484999656677246,759739,0.0,0.0,-0.019635347745601273
2009-11-04,10.579999923706055,10.96500015258789,10.515000343322754,10.664999961853027,959607,0.0,0.0,0.017167411642321717
2009-11-05,11.289999961853027,11.550000190734863,11.050000190734863,11.239999771118164,2096692,0.0,0.0,0.05391465647649496
2009-11-06,11.4350004196167,11.4350004196167,11.0,11.100000381469727,757814,0.0,0.0,-0.012455461966126902
2009-11-09,11.255000114440918,11.350000381469727,11.15999984741211,11.199999809265137,664341,0.0,0.0,0.00900895714943828
2009-11-10,11.239999771118164,11.270000457763672,10.875,10.914999961853027,551169,0.0,0.0,-0.025446415380859677
2009-11-11,11.045000076293945,11.079999923706055,10.899999618530273,10.899999618530273,852219,0.0,0.0,-0.0013742870705615307
2009-11-12,10.890000343322754,10.989999771118164,10.670000076293945,10.680000305175781,785388,0.0,0.0,-0.02018342394989514
2009-11-13,10.720000267028809,11.0649995803833,10.680000305175781,10.925000190734863,960211,0.0,0.0,0.022940063535424216
2009-11-16,11.119999885559082,11.3149995803833,11.0600004196167,11.300000190734863,599727,0.0,0.0,0.0343249421924976
2009-11-17,11.375,11.4350004196167,11.125,11.210000038146973,538142,0.0,0.0,-0.007964615138828401
2009-11-18,11.295000076293945,11.430000305175781,11.125,11.135000228881836,954935,0.0,0.0,-0.006690437913462688
2009-11-19,11.145000457763672,11.1899995803833,10.869999885559082,10.920000076293945,776544,0.0,0.0,-0.01930850006003826
2009-11-20,10.914999961853027,11.100000381469727,10.8100004196167,10.914999961853027,417947,0.0,0.0,-0.000457885934613933
2009-11-23,11.074999809265137,11.074999809265137,10.5,10.505000114440918,2561880,0.0,0.0,-0.037562972867157374
2009-11-24,10.350000381469727,10.649999618530273,9.711000442504883,10.595000267028809,4868998,0.0,0.0,0.008567363313415788
2009-11-25,10.899999618530273,10.949999809265137,10.46500015258789,10.654999732971191,3127124,0.0,0.0,0.005662998058536983
2009-11-26,10.59000015258789,10.600000381469727,10.234999656677246,10.380000114440918,2686392,0.0,0.0,-0.025809443962659606
2009-11-27,10.020000457763672,10.324999809265137,10.020000457763672,10.234999656677246,899321,0.0,0.0,-0.013969215430156279
2009-11-30,10.375,10.380000114440918,10.0,10.145000457763672,1113144,0.0,0.0,-0.008793278156571271
2009-12-01,10.414999961853027,10.585000038146973,10.1850004196167,10.265000343322754,2773574,0.0,0.0,0.01182847512512919
2009-12-02,10.210000038146973,10.345000267028809,10.104999542236328,10.199999809265137,2133040,0.0,0.0,-0.006332248600449342
2009-12-03,10.34000015258789,10.4399995803833,10.145000457763672,10.300000190734863,1769184,0.0,0.0,0.009803959150949337
2009-12-04,10.21500015258789,10.460000038146973,10.0,10.369999885559082,1305319,0.0,0.0,0.006796086750288088
2009-12-07,10.359999656677246,10.770000457763672,10.329999923706055,10.680000305175781,1955922,0.0,0.0,0.02989396557741486
2009-12-08,10.720000267028809,10.9350004196167,10.6899995803833,10.774999618530273,2160284,0.0,0.0,0.008895066539319707
2009-12-09,10.779999732971191,10.829999923706055,10.3100004196167,10.345000267028809,2060122,0.0,0.0,-0.039907133802768335
2009-12-10,10.319999694824219,10.4350004196167,9.972999572753906,10.005000114440918,2628738,0.0,0.0,-0.03286613279958306
2009-12-11,10.03499984741211,10.050000190734863,9.645000457763672,9.697999954223633,1901404,0.0,0.0,-0.030684673333903345
2009-12-14,9.835000038146973,9.850000381469727,9.579999923706055,9.644000053405762,1310968,0.0,0.0,-0.005568148182384047
2009-12-15,9.71500015258789,10.0,9.699999809265137,9.923999786376953,2100412,0.0,0.0,0.029033568168875146
2009-12-16,10.0,10.380000114440918,9.979999542236328,10.170000076293945,2555114,0.0,0.0,0.024788421524825743
2009-12-17,10.180000305175781,10.399999618530273,10.015000343322754,10.050000190734863,2433538,0.0,0.0,-0.011799398688186802
2009-12-18,10.029999732971191,10.104999542236328,9.812000274658203,9.833999633789062,3288524,0.0,0.0,-0.02149259232302625
2009-12-21,9.859999656677246,9.960000038146973,9.649999618530273,9.710000038146973,1644582,0.0,0.0,-0.012609273973941848
2009-12-22,9.666000366210938,9.795000076293945,9.456999778747559,9.541999816894531,1212683,0.0,0.0,-0.017301773490466688
2009-12-23,9.532999992370605,9.744000434875488,9.456000328063965,9.581000328063965,2228408,0.0,0.0,0.004087247109393344
2009-12-24,9.729999542236328,9.774999618530273,9.637999534606934,9.654999732971191,361213,0.0,0.0,0.0077235572876950265
2009-12-28,9.774999618530273,9.920000076293945,9.75,9.803999900817871,1139710,0.0,0.0,0.01543243624728996
2009-12-29,9.789999961853027,9.789999961853027,9.710000038146973,9.769000053405762,1099246,0.0,0.0,-0.0035699559125036417
2009-12-30,9.800000190734863,9.899999618530273,9.760000228881836,9.887999534606934,684723,0.0,0.0,0.01218133693833745
2009-12-31,9.90999984741211,9.958000183105469,9.840999603271484,9.920000076293945,331354,0.0,0.0,0.003236300889276178
2010-01-04,10.010000228881836,10.239999771118164,10.010000228881836,10.135000228881836,2987214,0.0,0.0,0.0216734023119296
2010-01-05,10.199999809265137,10.75,10.140000343322754,10.539999961853027,4682584,0.0,0.0,0.03996050555746988
2010-01-06,10.779999732971191,11.289999961853027,10.755000114440918,11.079999923706055,3279261,0.0,0.0,0.05123339315060971
2010-01-07,11.180000305175781,11.279999732971191,10.850000381469727,11.005000114440918,3702840,0.0,0.0,-0.00676893590086336
2010-01-08,11.050000190734863,11.25,10.850000381469727,10.970000267028809,1422595,0.0,0.0,-0.0031803586595317013
2010-01-11,11.095000267028809,11.140000343322754,10.699999809265137,10.850000381469727,1354545,0.0,0.0,-0.01093891364066335
2010-01-12,10.420000076293945,10.444999694824219,10.100000381469727,10.270000457763672,2720401,0.0,0.0,-0.05345621228701636
2010-01-13,10.1850004196167,10.239999771118164,10.045000076293945,10.069999694824219,1708492,0.0,0.0,-0.019474270109526737
2010-01-14,9.180000305175781,9.649999618530273,9.100000381469727,9.618000030517578,6086397,0.0,0.0,-0.044885767428469725
2010-01-15,9.630000114440918,9.770000457763672,9.413000106811523,9.496000289916992,1633053,0.0,0.0,-0.01268452279200305
2010-01-18,9.579999923706055,9.609999656677246,9.359999656677246,9.534000396728516,1000228,0.0,0.0,0.004001696045847103
2010-01-19,9.553999900817871,9.649999618530273,9.430000305175781,9.635000228881836,1209330,0.0,0.0,0.010593646732800277
2010-01-20,9.640000343322754,9.769000053405762,9.576000213623047,9.621999740600586,869453,0.0,0.0,-0.0013492981808427285
2010-01-21,9.649999618530273,9.770000457763672,9.609999656677246,9.611000061035156,755068,0.0,0.0,-0.0011431801976689027
2010-01-22,9.557000160217285,9.61299991607666,9.404000282287598,9.526000022888184,772968,0.0,0.0,-0.00884403679192336
2010-01-25,9.496000289916992,9.779999732971191,9.430000305175781,9.654999732971191,922855,0.0,0.0,0.013541854899544292
2010-01-26,9.612000465393066,10.074999809265137,9.581000328063965,9.857999801635742,1650499,0.0,0.0,0.021025383146445753
2010-01-27,9.765000343322754,9.862000465393066,9.664999961853027,9.805999755859375,1038929,0.0,0.0,-0.005274908381286303
2010-01-28,9.97599983215332,9.97599983215332,9.6850004196167,9.6850004196167,1181917,0.0,0.0,-0.012339316668896982
2010-01-29,9.736000061035156,9.947999954223633,9.682999610900879,9.888999938964844,802203,0.0,0.0,0.02106344971704388
2010-02-01,9.873000144958496,10.1850004196167,9.824999809265137,10.145000457763672,1123017,0.0,0.0,0.025887402202332765
2010-02-02,10.510000228881836,10.6899995803833,10.425000190734863,10.649999618530273,1700688,0.0,0.0,0.04977813089994898
2010-02-03,10.645000457763672,10.649999618530273,10.319999694824219,10.395000457763672,1281348,0.0,0.0,-0.02394358402820229
2010-02-04,10.375,10.484999656677246,10.119999885559082,10.15999984741211,884628,0.0,0.0,-0.0226070803273557
2010-02-05,10.109999656677246,10.140000343322754,9.829999923706055,9.850000381469727,1395176,0.0,0.0,-0.030511758917136644
2010-02-08,9.880000114440918,10.050000190734863,9.510000228881836,9.97700023651123,1328950,0.0,0.0,0.012893385799296109
2010-02-09,9.84000015258789,9.899999618530273,9.60200023651123,9.831000328063965,1312960,0.0,0.0,-0.01463364788876853
2010-02-10,9.901000022888184,9.928000450134277,9.5649995803833,9.678999900817871,1516450,0.0,0.0,-0.01546133884383949
2010-02-11,9.746999740600586,9.746999740600586,9.432999610900879,9.550000190734863,763984,0.0,0.0,-0.013327793305598412
2010-02-12,9.574000358581543,9.600000381469727,9.32800006866455,9.439000129699707,820378,0.0,0.0,-0.011623042808192374
2010-02-15,9.42300033569336,9.430000305175781,9.232999801635742,9.307000160217285,686675,0.0,0.0,-0.013984528834477428
2010-02-16,9.390000343322754,9.524999618530273,9.201000213623047,9.52299976348877,679159,0.0,0.0,0.02320829478383102
2010-02-17,9.600000381469727,9.848999977111816,9.555000305175781,9.800000190734863,632639,0.0,0.0,0.02908751802222187
2010-02-18,9.800000190734863,9.852999687194824,9.611000061035156,9.668999671936035,681477,0.0,0.0,-0.013367399617265185
2010-02-19,9.550000190734863,9.619000434875488,9.350000381469727,9.539999961853027,593495,0.0,0.0,-0.013341577666759585
2010-02-22,9.553999900817871,9.645999908447266,9.383999824523926,9.420000076293945,555486,0.0,0.0,-0.012578604406595195
2010-02-23,9.472999572753906,9.520999908447266,9.21500015258789,9.260000228881836,615597,0.0,0.0,-0.0169851216683915
2010-02-24,9.227999687194824,9.369999885559082,9.062000274658203,9.1899995803833,1034105,0.0,0.0,-0.007559465093770035
2010-02-25,9.182999610900879,9.28499984741211,8.876999855041504,8.930999755859375,1087897,0.0,0.0,-0.02818278959193632
2010-02-26,9.013999938964844,9.0600004196167,8.854999542236328,8.973999977111816,707059,0.0,0.0,0.004814715309361617
2010-03-01,9.019000053405762,9.050999641418457,8.760000228881836,8.800999641418457,1037795,0.0,0.0,-0.019277951430197948
2010-03-02,8.767999649047852,8.800000190734863,8.539999961853027,8.72599983215332,1489123,0.0,0.0,-0.008521737566285048
2010-03-03,8.72599983215332,9.119999885559082,8.725000381469727,9.083000183105469,1369842,0.0,0.0,0.040912257370975924
2010-03-04,9.0649995803833,9.206999778747559,8.904999732971191,9.133000373840332,830272,0.0,0.0,0.005504810054706821
2010-03-05,9.196999549865723,9.329999923706055,9.085000038146973,9.26099967956543,1159248,0.0,0.0,0.014015033448561587
2010-03-08,9.29699993133545,9.378999710083008,9.16100025177002,9.234000205993652,624262,0.0,0.0,-0.0029153951523561705
2010-03-09,9.20300006866455,9.258999824523926,9.064000129699707,9.123000144958496,559193,0.0,0.0,-0.012020799064213605
2010-03-10,9.119999885559082,9.369000434875488,9.114999771118164,9.347000122070312,724164,0.0,0.0,0.024553323857569254
2010-03-11,9.315999984741211,9.399999618530273,9.194999694824219,9.210000038146973,622586,0.0,0.0,-0.014657118020128479
2010-03-12,9.210000038146973,9.32800006866455,9.100000381469727,9.274999618530273,777672,0.0,0.0,0.007057500555274432
2010-03-15,9.253000259399414,9.307000160217285,9.22599983215332,9.239999771118164,622752,0.0,0.0,-0.003773568609338196
2010-03-16,9.314000129699707,9.404999732971191,9.262999534606934,9.312000274658203,790771,0.0,0.0,0.007792262480903256
2010-03-17,9.348999977111816,9.369999885559082,9.211999893188477,9.298999786376953,718941,0.0,0.0,-0.0013961005044887953
2010-03-18,9.281000137329102,9.39900016784668,9.22599983215332,9.371000289916992,860723,0.0,0.0,0.007742822367360347
2010-03-19,9.545000076293945,10.270000457763672,9.529999732971191,10.175000190734863,3736006,0.0,0.0,0.08579659331383849
2010-03-22,10.154999732971191,10.449999809265137,10.010000228881836,10.329999923706055,1571368,0.0,0.0,0.015233388704241069
2010-03-23,10.305000305175781,10.430000305175781,10.095000267028809,10.119999885559082,779462,0.0,0.0,-0.02032914227473026
2010-03-24,10.180000305175781,10.199999809265137,9.949999809265137,10.135000228881836,904196,0.0,0.0,0.0014822473806703762
2010-03-25,10.09000015258789,10.274999618530273,10.045000076293945,10.220000267028809,748524,0.0,0.0,0.008386782064863318
2010-03-26,10.164999961853027,10.34000015258789,10.164999961853027,10.234999656677246,456719,0.0,0.0,0.001467650612185123
2010-03-29,10.350000381469727,10.539999961853027,10.220000267028809,10.28499984741211,754465,0.0,0.0,0.004885216649933577
2010-03-30,10.345000267028809,10.454999923706055,10.199999809265137,10.244999885559082,500628,0.0,0.0,-0.0038891553180812055
2010-03-31,10.204999923706055,10.350000381469727,10.069999694824219,10.180000305175781,628663,0.0,0.0,-0.006344517433809038
2010-04-01,10.220000267028809,10.350000381469727,10.125,10.289999961853027,461588,0.0,0.0,0.010805466933170749
2010-04-06,10.350000381469727,10.539999961853027,10.329999923706055,10.430000305175781,693578,0.0,0.0,0.013605475592007865
2010-04-07,10.470000267028809,11.03499984741211,10.369999885559082,10.8149995803833,1664213,0.0,0.0,0.03691268110667911
2010-04-08,10.800000190734863,10.930000305175781,10.475000381469727,10.604999542236328,848986,0.0,0.0,-0.019417480008772192
2010-04-09,10.75,10.895000457763672,10.680000305175781,10.835000038146973,583177,0.0,0.0,0.02168793077214448
2010-04-12,10.899999618530273,11.119999885559082,10.760000228881836,10.9350004196167,1065402,0.0,0.0,0.009229384505551774
2010-04-13,10.899999618530273,11.010000228881836,10.84000015258789,10.880000114440918,719546,0.0,0.0,-0.005029748794258326
2010-04-14,10.904999732971191,10.979999542236328,10.755000114440918,10.78499984741211,555559,0.0,0.0,-0.008731642098304349
2010-04-15,10.890000343322754,11.045000076293945,10.835000038146973,10.899999618530273,843233,0.0,0.0,0.010662936740398532
2010-04-16,10.899999618530273,11.255000114440918,10.824999809265137,10.970000267028809,1562259,0.0,0.0,0.006422078068657244
2010-04-19,10.920000076293945,10.920000076293945,10.505000114440918,10.694999694824219,666907,0.0,0.0,-0.02506841982776664
2010-04-20,10.694999694824219,10.880000114440918,10.619999885559082,10.880000114440918,549773,0.0,0.0,0.01729784243997967
2010-04-21,10.845000267028809,10.880000114440918,10.5,10.520000457763672,709257,0.0,0.0,-0.033088203390680304
2010-04-22,10.510000228881836,10.600000381469727,10.15999984741211,10.229999542236328,1345835,0.0,0.0,-0.027566625751743734
2010-04-23,10.220000267028809,10.225000381469727,9.904999732971191,9.979000091552734,1769280,0.0,0.0,-0.024535626775670782
2010-04-26,10.140000343322754,10.1899995803833,10.010000228881836,10.135000228881836,734926,0.0,0.0,0.01563284255916142
2010-04-27,10.1899995803833,10.1899995803833,9.876999855041504,9.876999855041504,683459,0.0,0.0,-0.025456375729040914
2010-04-28,9.800000190734863,9.800000190734863,9.5,9.524999618530273,938250,0.0,0.0,-0.03563837619492927
2010-04-29,9.588000297546387,9.727999687194824,9.553000450134277,9.680000305175781,981631,0.0,0.0,0.016273038619756264
2010-04-30,9.730999946594238,9.765999794006348,9.583000183105469,9.626999855041504,928536,0.0,0.0,-0.005475252940430053
2010-05-03,9.609999656677246,9.75,9.550000190734863,9.699999809265137,430809,0.0,0.0,0.007582835288545642
2010-05-04,9.704999923706055,9.859999656677246,9.234999656677246,9.28600025177002,758013,0.0,0.0,-0.04268036759131455
2010-05-05,9.199999809265137,9.279000282287598,9.050000190734863,9.210000038146973,754614,0.0,0.0,-0.008184386340993277
2010-05-06,9.100000381469727,9.319000244140625,8.968999862670898,9.00100040435791,1109597,0.0,0.0,-0.022692685442280647
2010-05-07,8.619999885559082,8.83899974822998,8.35099983215332,8.83899974822998,1577794,0.0,0.0,-0.017998072308662016
2010-05-10,8.960000038146973,9.210000038146973,8.899999618530273,9.083999633789062,904689,0.0,0.0,0.027718055496963157
2010-05-11,9.050000190734863,9.239999771118164,8.86299991607666,9.0,1006080,0.0,0.0,-0.009246987800023199
2010-05-12,9.010000228881836,9.237000465393066,8.92199993133545,9.185999870300293,707100,0.0,0.0,0.02066665225558806
2010-05-13,9.286999702453613,9.29699993133545,9.069999694824219,9.086999893188477,381748,0.0,0.0,-0.010777267418857428
2010-05-14,9.027999877929688,9.043999671936035,8.675000190734863,8.694999694824219,705866,0.0,0.0,-0.04313857191283754
2010-05-17,8.649999618530273,8.8100004196167,8.550000190734863,8.586000442504883,606668,0.0,0.0,-0.012535854645770561
2010-05-18,8.798999786376953,8.960000038146973,8.75,8.789999961853027,610174,0.0,0.0,0.023759551459868078
2010-05-19,8.656000137329102,8.656000137329102,7.835999965667725,8.067999839782715,2609864,0.0,0.0,-0.08213880832806131
2010-05-20,8.039999961853027,8.11299991607666,7.624000072479248,7.72599983215332,1247693,0.0,0.0,-0.042389689442359435
2010-05-21,7.738999843597412,7.9670000076293945,7.51800012588501,7.869999885559082,1788764,0.0,0.0,0.01863837128321899
2010-05-24,7.988999843597412,7.989999771118164,7.764999866485596,7.770999908447266,1189647,0.0,0.0,-0.01257941277654584
2010-05-25,7.519999980926514,7.639999866485596,7.340000152587891,7.425000190734863,1002381,0.0,0.0,-0.04452447841831686
2010-05-26,7.584000110626221,7.679999828338623,7.50600004196167,7.506999969482422,832109,0.0,0.0,0.011043740961768744
2010-05-27,7.5879998207092285,7.828000068664551,7.513999938964844,7.747000217437744,904709,0.0,0.0,0.03197019434274351
2010-05-28,7.710999965667725,7.800000190734863,7.590000152587891,7.670000076293945,791016,0.0,0.0,-0.009939349294256994
2010-05-31,7.670000076293945,7.802000045776367,7.599999904632568,7.723999977111816,259642,0.0,0.0,0.007040404208700224
2010-06-01,7.681000232696533,7.763999938964844,7.546000003814697,7.739999771118164,671932,0.0,0.0,0.0020714388987259635
2010-06-02,7.6570000648498535,7.800000190734863,7.580999851226807,7.78000020980835,646215,0.0,0.0,0.005168015487474253
2010-06-03,7.9679999351501465,8.152999877929688,7.909999847412109,7.998000144958496,861601,0.0,0.0,0.02802055646159385
2010-06-04,8.04800033569336,8.069000244140625,7.695000171661377,7.8520002365112305,1071716,0.0,0.0,-0.018254551863104984
2010-06-07,7.666999816894531,7.807000160217285,7.525000095367432,7.607999801635742,624598,0.0,0.0,-0.031074939827549164
2010-06-08,7.59499979019165,7.699999809265137,7.322999954223633,7.418000221252441,530893,0.0,0.0,-0.024973657378704273
2010-06-09,7.520999908447266,7.584000110626221,7.349999904632568,7.48199987411499,364575,0.0,0.0,0.00862761538873924
2010-06-10,7.4029998779296875,7.578000068664551,7.2230000495910645,7.494999885559082,1026655,0.0,0.0,0.001737504900136022
2010-06-11,7.61299991607666,7.670000076293945,7.451000213623047,7.598999977111816,723836,0.0,0.0,0.013875929705231327
2010-06-14,7.645999908447266,7.909999847412109,7.633999824523926,7.755000114440918,1116069,0.0,0.0,0.020529035109747795
2010-06-15,7.699999809265137,7.822000026702881,7.624000072479248,7.758999824523926,1100933,0.0,0.0,0.0005157588683408765
2010-06-16,8.0,8.210000038146973,7.8520002365112305,7.939000129699707,1957031,0.0,0.0,0.023198905689732374
2010-06-17,7.931000232696533,8.020000457763672,7.7220001220703125,7.803999900817871,969532,0.0,0.0,-0.017004689088844005
2010-06-18,7.783999919891357,7.848999977111816,7.6539998054504395,7.671999931335449,883086,0.0,0.0,-0.016914399174785766
2010-06-21,7.7179999351501465,7.75,7.324999809265137,7.400000095367432,1655160,0.0,0.0,-0.03545357643410085
2010-06-22,7.270999908447266,7.289999961853027,7.01200008392334,7.059000015258789,2083235,0.0,0.0,-0.04608109131270366
2010-06-23,7.0,7.0,6.736999988555908,6.894000053405762,2121641,0.0,0.0,-0.023374410185063366
2010-06-24,6.956999778747559,7.041999816894531,6.750999927520752,6.760000228881836,1245794,0.0,0.0,-0.01943716615692903
2010-06-25,6.835999965667725,6.849999904632568,6.607999801635742,6.61899995803833,872640,0.0,0.0,-0.020858027525071376
2010-06-28,6.617000102996826,6.755000114440918,6.557000160217285,6.630000114440918,693512,0.0,0.0,0.00166190609945982
2010-06-29,6.550000190734863,6.7729997634887695,6.374000072479248,6.382999897003174,1272260,0.0,0.0,-0.037254934113764016
2010-06-30,6.386000156402588,6.415999889373779,6.190000057220459,6.190999984741211,1230779,0.0,0.0,-0.03007988647346005
2010-07-01,6.386000156402588,6.638999938964844,6.330999851226807,6.4120001792907715,2466064,0.0,0.0,0.03569701099891032
2010-07-02,6.576000213623047,6.585000038146973,6.073999881744385,6.199999809265137,1641432,0.0,0.0,-0.03306306364593459
2010-07-05,6.26200008392334,6.348999977111816,6.192999839782715,6.236999988555908,634644,0.0,0.0,0.005967771036940794
2010-07-06,6.302000045776367,6.5,6.261000156402588,6.458000183105469,853808,0.0,0.0,0.035433733358195774
2010-07-07,6.396999835968018,6.428999900817871,6.1519999504089355,6.3979997634887695,1123293,0.0,0.0,-0.009290866818750465
2010-07-08,6.479000091552734,6.479000091552734,6.360000133514404,6.465000152587891,841485,0.0,0.0,0.0104720837098915
2010-07-09,6.4770002365112305,6.679999828338623,6.390999794006348,6.436999797821045,939841,0.0,0.0,-0.004331067920491427
2010-07-12,6.449999809265137,6.480000019073486,6.3520002365112305,6.368000030517578,550034,0.0,0.0,-0.010719243354151309
2010-07-13,6.848999977111816,7.379000186920166,6.800000190734863,7.349999904632568,4769023,0.0,0.0,0.15420852220617465
2010-07-14,7.361000061035156,7.489999771118164,7.159999847412109,7.201000213623047,1668212,0.0,0.0,-0.02027206706704987
2010-07-15,7.230000019073486,7.230000019073486,6.919000148773193,6.9720001220703125,1228107,0.0,0.0,-0.03180115050121868
2010-07-16,6.730000019073486,7.093999862670898,6.6519999504089355,7.086999893188477,2854266,0.0,0.0,0.016494516509562906
2010-07-19,7.089000225067139,7.089000225067139,6.855999946594238,6.949999809265137,910753,0.0,0.0,-0.0193311818806452
2010-07-20,7.025000095367432,7.025000095367432,6.735000133514404,6.848999977111816,691762,0.0,0.0,-0.014532350348941847
2010-07-21,6.920000076293945,6.96999979019165,6.730000019073486,6.795000076293945,911861,0.0,0.0,-0.00788434822577444
2010-07-22,6.789999961853027,6.989999771118164,6.7210001945495605,6.974999904632568,902491,0.0,0.0,0.02649004066484073
2010-07-23,7.048999786376953,7.050000190734863,6.915999889373779,6.96999979019165,663749,0.0,0.0,-0.000716862295237708
2010-07-26,7.010000228881836,7.034999847412109,6.923999786376953,7.026000022888184,590271,0.0,0.0,0.008034466912802296
2010-07-27,7.090000152587891,7.369999885559082,7.070000171661377,7.265999794006348,1230210,0.0,0.0,0.034158805911803425
2010-07-28,7.349999904632568,7.349999904632568,7.052000045776367,7.077000141143799,649381,0.0,0.0,-0.026011513655485263
2010-07-29,7.067999839782715,7.46999979019165,7.067999839782715,7.38100004196167,1303912,0.0,0.0,0.04295603995406139
2010-07-30,7.373000144958496,7.373000144958496,7.140999794006348,7.265999794006348,695687,0.0,0.0,-0.015580578146800583
2010-08-02,7.298999786376953,7.429999828338623,7.28000020980835,7.360000133514404,543865,0.0,0.0,0.012937013786539886
2010-08-03,7.36899995803833,7.445000171661377,7.309999942779541,7.445000171661377,509142,0.0,0.0,0.011548918016987209
2010-08-04,7.443999767303467,7.706999778747559,7.380000114440918,7.579999923706055,896303,0.0,0.0,0.018132941428065985
2010-08-05,7.623000144958496,7.880000114440918,7.619999885559082,7.723999977111816,1221278,0.0,0.0,0.018997368714399165
2010-08-06,7.795000076293945,7.795000076293945,7.492000102996826,7.538000106811523,1062719,0.0,0.0,-0.02408077043649115
2010-08-09,7.651000022888184,7.659999847412109,7.52400016784668,7.573999881744385,380451,0.0,0.0,0.004775772674814771
2010-08-10,7.580999851226807,7.730999946594238,7.5,7.544000148773193,399334,0.0,0.0,-0.003960883739053123
2010-08-11,7.520999908447266,7.520999908447266,7.1539998054504395,7.164999961853027,692741,0.0,0.0,-0.05023862399867518
2010-08-12,7.119999885559082,7.189000129699707,6.921999931335449,7.0329999923706055,522248,0.0,0.0,-0.0184228848827912
2010-08-13,7.098999977111816,7.178999900817871,6.979000091552734,7.03000020980835,325646,0.0,0.0,-0.0004265295841759942
2010-08-16,7.0,7.120999813079834,6.861999988555908,6.96999979019165,497473,0.0,0.0,-0.008534910074822766
2010-08-17,6.98199987411499,7.298999786376953,6.960000038146973,7.269999980926514,606611,0.0,0.0,0.04304163554739704
2010-08-18,7.25,7.291999816894531,7.123000144958496,7.139999866485596,413509,0.0,0.0,-0.01788172142805844
2010-08-19,7.210999965667725,7.269000053405762,7.0,7.0289998054504395,407100,0.0,0.0,-0.01554622732644284
2010-08-20,7.000999927520752,7.071000099182129,6.822000026702881,6.873000144958496,526623,0.0,0.0,-0.02219372098587591
2010-08-23,6.873000144958496,7.192999839782715,6.873000144958496,7.111000061035156,641475,0.0,0.0,0.034628242551578925
2010-08-24,7.068999767303467,7.068999767303467,6.914999961853027,6.955999851226807,347506,0.0,0.0,-0.02179724489916346
2010-08-25,6.919000148773193,7.015999794006348,6.650000095367432,6.789999961853027,635643,0.0,0.0,-0.023864274428427756
2010-08-26,6.869999885559082,6.934999942779541,6.775000095367432,6.849999904632568,415575,0.0,0.0,0.008836515922920007
2010-08-27,6.810999870300293,6.913000106811523,6.699999809265137,6.835000038146973,519026,0.0,0.0,-0.0021897615612302967
2010-08-30,6.8520002365112305,6.945000171661377,6.814000129699707,6.835999965667725,282296,0.0,0.0,0.00014629517412889648
2010-08-31,6.75,6.823999881744385,6.699999809265137,6.823999881744385,408640,0.0,0.0,-0.0017554248074324041
2010-09-01,6.876999855041504,7.080999851226807,6.75,7.039000034332275,493230,0.0,0.0,0.03150647073764756
2010-09-02,7.0329999923706055,7.158999919891357,6.986999988555908,7.138999938964844,486897,0.0,0.0,0.014206549814579583
2010-09-03,7.179999828338623,7.494999885559082,7.170000076293945,7.4679999351501465,1207689,0.0,0.0,0.04608488569801095
2010-09-06,7.494999885559082,7.53000020980835,7.339000225067139,7.39300012588501,446960,0.0,0.0,-0.010042824038084097
2010-09-07,7.360000133514404,7.400000095367432,7.210000038146973,7.241000175476074,399216,0.0,0.0,-0.02055998212102561
2010-09-08,7.199999809265137,7.434999942779541,7.185999870300293,7.4039998054504395,555767,0.0,0.0,0.022510651294611828
2010-09-09,7.48199987411499,7.494999885559082,7.336999893188477,7.422999858856201,550823,0.0,0.0,0.002566187723529456
2010-09-10,7.349999904632568,7.488999843597412,7.336999893188477,7.363999843597412,415278,0.0,0.0,-0.007948271100719162
2010-09-13,7.363999843597412,7.480000019073486,7.359000205993652,7.361999988555908,402687,0.0,0.0,-0.000271571847362595
2010-09-14,7.369999885559082,7.453999996185303,7.359000205993652,7.395999908447266,403054,0.0,0.0,0.004618299367591616
2010-09-15,7.419000148773193,7.426000118255615,7.230000019073486,7.257999897003174,412862,0.0,0.0,-0.01865873622936043
2010-09-16,7.285999774932861,7.302000045776367,7.175000190734863,7.185999870300293,324242,0.0,0.0,-0.009920091998431912
2010-09-17,7.2230000495910645,7.375,7.204999923706055,7.204999923706055,437068,0.0,0.0,0.002644037538086952
2010-09-20,7.269000053405762,7.445000171661377,7.244999885559082,7.413000106811523,418048,0.0,0.0,0.02886886680194145
2010-09-21,7.414999961853027,8.039999961853027,7.39300012588501,7.960999965667725,2584102,0.0,0.0,0.07392416713344785
2010-09-22,8.019000053405762,8.246000289916992,7.795000076293945,8.152000427246094,1739947,0.0,0.0,0.023992018892359024
2010-09-23,8.182000160217285,8.348999977111816,7.929999828338623,8.289999961853027,1022762,0.0,0.0,0.01692830316172489
2010-09-24,8.201000213623047,8.270000457763672,8.0600004196167,8.187000274658203,556510,0.0,0.0,-0.012424570285739955
2010-09-27,8.187000274658203,8.449999809265137,8.175000190734863,8.298999786376953,688696,0.0,0.0,0.01368016464655919
2010-09-28,8.29699993133545,8.489999771118164,8.199999809265137,8.343000411987305,536816,0.0,0.0,0.005301919115913156
2010-09-29,8.350000381469727,8.385000228881836,7.980000019073486,8.003999710083008,898474,0.0,0.0,-0.04063294800000461
2010-09-30,7.9120001792907715,8.270000457763672,7.880000114440918,8.166000366210938,855598,0.0,0.0,0.02023996276809581
2010-10-01,8.151000022888184,8.222000122070312,8.041999816894531,8.083999633789062,373455,0.0,0.0,-0.010041725293226222
2010-10-04,8.149999618530273,8.211000442504883,8.022000312805176,8.125,295097,0.0,0.0,0.005071792190534774
2010-10-05,8.199000358581543,8.62600040435791,8.166000366210938,8.447999954223633,978901,0.0,0.0,0.03975384051983166
2010-10-06,8.520000457763672,8.642999649047852,8.225000381469727,8.298999786376953,787840,0.0,0.0,-0.01763733056984529
2010-10-07,8.300000190734863,8.366000175476074,8.20199966430664,8.23799991607666,423334,0.0,0.0,-0.007350267727494808
2010-10-08,8.199999809265137,8.354999542236328,8.15999984741211,8.199999809265137,408956,0.0,0.0,-0.004612783102530216
2010-10-11,8.263999938964844,8.326000213623047,8.121999740600586,8.170999526977539,452779,0.0,0.0,-0.0035366198734334553
2010-10-12,8.170000076293945,8.333000183105469,8.104000091552734,8.277999877929688,384075,0.0,0.0,0.013095136108975947
2010-10-13,8.32800006866455,8.539999961853027,8.3100004196167,8.529999732971191,388097,0.0,0.0,0.030442118719205435
2010-10-14,8.569000244140625,8.680000305175781,8.34000015258789,8.350000381469727,534596,0.0,0.0,-0.021101917600971243
2010-10-15,8.399999618530273,8.449999809265137,8.258000373840332,8.300000190734863,383572,0.0,0.0,-0.005988046521030466
2010-10-18,8.28600025177002,8.399999618530273,8.21399974822998,8.371999740600586,224705,0.0,0.0,0.008674644362790973
2010-10-19,8.380000114440918,8.444999694824219,8.350000381469727,8.425000190734863,385695,0.0,0.0,0.006330679858630228
2010-10-20,8.40999984741211,9.079999923706055,8.40999984741211,9.064000129699707,1976100,0.0,0.0,0.07584568836776584
2010-10-21,9.0600004196167,9.163999557495117,8.850000381469727,8.899999618530273,1095010,0.0,0.0,-0.018093613065169656
2010-10-22,8.89799976348877,9.022000312805176,8.807000160217285,8.807000160217285,682940,0.0,0.0,-0.010449377786416858
2010-10-25,8.899999618530273,8.989999771118164,8.770999908447266,8.861000061035156,440548,0.0,0.0,0.006131474944419457
2010-10-26,8.920000076293945,8.993000030517578,8.812000274658203,8.937000274658203,428793,0.0,0.0,0.008576934104452372
2010-10-27,8.9350004196167,9.130000114440918,8.881999969482422,8.968999862670898,523895,0.0,0.0,0.003580573685717958
2010-10-28,9.0,9.274999618530273,9.0,9.246999740600586,799161,0.0,0.0,0.03099563855349441
2010-10-29,9.220000267028809,9.449000358581543,9.187999725341797,9.348999977111816,1024802,0.0,0.0,0.011030630406896336
2010-11-01,9.390000343322754,9.390000343322754,9.211000442504883,9.244000434875488,477523,0.0,0.0,-0.011231098779910909
2010-11-02,9.295000076293945,9.350000381469727,9.256999969482422,9.29699993133545,300342,0.0,0.0,0.005733393981679935
2010-11-03,9.329000473022461,9.550000190734863,9.244999885559082,9.288999557495117,723066,0.0,0.0,-0.0008605328492438113
2010-11-04,9.463000297546387,9.47599983215332,9.295000076293945,9.331000328063965,594170,0.0,0.0,0.004521560186205198
2010-11-05,9.460000038146973,9.78499984741211,9.392999649047852,9.73900032043457,1093598,0.0,0.0,0.04372521466358781
2010-11-08,9.789999961853027,10.100000381469727,9.758000373840332,10.0,1153668,0.0,0.0,0.026799432280312674
2010-11-09,10.0,10.074999809265137,9.770000457763672,9.859000205993652,564744,0.0,0.0,-0.014099979400634788
2010-11-10,9.802000045776367,9.930000305175781,9.550999641418457,9.802000045776367,841346,0.0,0.0,-0.005781535553943118
2010-11-11,9.8100004196167,9.87399959564209,9.510000228881836,9.53499984741211,471367,0.0,0.0,-0.027239359020336584
2010-11-12,9.411999702453613,9.526000022888184,9.331999778747559,9.444999694824219,444152,0.0,0.0,-0.009438925435569567
2010-11-15,9.380000114440918,9.798999786376953,9.350000381469727,9.645000457763672,960700,0.0,0.0,0.021175306448030007
2010-11-16,8.550000190734863,8.694000244140625,7.421000003814697,7.502999782562256,9176632,0.0,0.0,-0.22208404080242716
2010-11-17,7.578000068664551,7.769999980926514,7.433000087738037,7.625999927520752,2635301,0.0,0.0,0.016393462418106575
2010-11-18,7.71999979019165,7.797999858856201,7.429999828338623,7.7129998207092285,1665331,0.0,0.0,0.011408325992046109
2010-11-19,7.7270002365112305,8.050000190734863,7.715000152587891,7.885000228881836,1751399,0.0,0.0,0.022300066403578844
2010-11-22,8.08899974822998,8.09000015258789,7.697999954223633,7.7270002365112305,1152726,0.0,0.0,-0.020038045375302627
2010-11-23,7.699999809265137,7.699999809265137,7.300000190734863,7.301000118255615,1425293,0.0,0.0,-0.055131371194050316
2010-11-24,7.302999973297119,7.5879998207092285,7.21999979019165,7.539999961853027,977594,0.0,0.0,0.03273521979541005
2010-11-25,7.578999996185303,7.7129998207092285,7.420000076293945,7.464000225067139,613282,0.0,0.0,-0.010079540738778814
2010-11-26,7.3420000076293945,7.400000095367432,7.181000232696533,7.331999778747559,1221807,0.0,0.0,-0.017684946722840267
2010-11-29,7.40500020980835,7.543000221252441,7.263000011444092,7.276000022888184,1038383,0.0,0.0,-0.007637719251123665
2010-11-30,7.276000022888184,7.438000202178955,7.276000022888184,7.369999885559082,1048565,0.0,0.0,0.012919167451237223
2010-12-01,7.449999809265137,7.484000205993652,7.383999824523926,7.420000076293945,906635,0.0,0.0,0.006784286500849834
2010-12-02,7.46999979019165,7.699999809265137,7.388000011444092,7.690999984741211,708165,0.0,0.0,0.036522898337033594
2010-12-03,7.71999979019165,7.835999965667725,7.65500020980835,7.769999980926514,615593,0.0,0.0,0.010271745721237346
2010-12-06,7.818999767303467,7.84499979019165,7.572999954223633,7.581999778747559,402198,0.0,0.0,-0.02419565027547621
2010-12-07,7.603000164031982,7.794000148773193,7.5,7.78000020980835,780870,0.0,0.0,0.0261145392823392
2010-12-08,7.7769999504089355,7.894999980926514,7.75,7.860000133514404,977015,0.0,0.0,0.01028276626589264
2010-12-09,7.929999828338623,7.99399995803833,7.800000190734863,7.99399995803833,714737,0.0,0.0,0.017048323441186897
2010-12-10,7.9710001945495605,7.986999988555908,7.859000205993652,7.958000183105469,357531,0.0,0.0,-0.0045033494022803655
2010-12-13,7.920000076293945,7.994999885559082,7.920000076293945,7.929999828338623,438296,0.0,0.0,-0.0035185164768265498
2010-12-14,7.921000003814697,7.921000003814697,7.682000160217285,7.682000160217285,672972,0.0,0.0,-0.031273603214351575
2010-12-15,7.659999847412109,7.666999816894531,7.388000011444092,7.605999946594238,1101546,0.0,0.0,-0.009893284566255045
2010-12-16,7.580999851226807,7.5960001945495605,7.425000190734863,7.453999996185303,694788,0.0,0.0,-0.019984216602183524
2010-12-17,7.5,7.544000148773193,7.419000148773193,7.422999858856201,585437,0.0,0.0,-0.004158859316469865
2010-12-20,7.46999979019165,7.60699987411499,7.434999942779541,7.603000164031982,456392,0.0,0.0,0.024248997520999183
2010-12-21,7.6570000648498535,7.679999828338623,7.6020002365112305,7.659999847412109,328332,0.0,0.0,0.007496998836035607
2010-12-22,7.677000045776367,7.789000034332275,7.583000183105469,7.789000034332275,604927,0.0,0.0,0.01684075580807587
2010-12-23,7.833000183105469,8.09000015258789,7.833000183105469,8.057999610900879,1035426,0.0,0.0,0.03453582942391953
2010-12-27,8.196999549865723,8.196999549865723,7.998000144958496,8.020999908447266,423578,0.0,0.0,-0.004591673397893903
2010-12-28,8.050000190734863,8.12399959564209,7.849999904632568,7.855999946594238,410478,0.0,0.0,-0.020570996600967284
2010-12-29,7.96999979019165,8.043000221252441,7.75600004196167,7.988999843597412,417897,0.0,0.0,0.016929722238711697
2010-12-30,8.017999649047852,8.053000450134277,7.920000076293945,8.010000228881836,206893,0.0,0.0,0.002628662623050948
2011-01-03,8.050000190734863,8.25,8.050000190734863,8.25,411950,0.0,0.0,0.0299625173858038
2011-01-04,8.265000343322754,8.4399995803833,8.20300006866455,8.430000305175781,742958,0.0,0.0,0.021818218809185552
2011-01-05,8.390000343322754,8.390000343322754,8.26200008392334,8.350000381469727,328065,0.0,0.0,-0.009489907569390832
2011-01-06,8.350000381469727,8.460000038146973,8.28600025177002,8.381999969482422,343016,0.0,0.0,0.003832285814466374
2011-01-07,8.420000076293945,8.526000022888184,8.329999923706055,8.331000328063965,361216,0.0,0.0,-0.006084423956590146
2011-01-10,8.329999923706055,8.329999923706055,8.062000274658203,8.149999618530273,408074,0.0,0.0,-0.02172616761566659
2011-01-11,8.199000358581543,8.199000358581543,8.119999885559082,8.149999618530273,598783,0.0,0.0,0.0
2011-01-12,8.175000190734863,8.25,8.119999885559082,8.166999816894531,857118,0.0,0.0,0.002085914007358358
2011-01-13,8.168000221252441,8.175000190734863,8.071000099182129,8.07800006866455,601146,0.0,0.0,-0.010897483803767538
2011-01-14,8.055000305175781,8.140000343322754,7.89300012588501,8.0,723943,0.0,0.0,-0.009655863827870204
2011-01-17,8.04800033569336,8.199999809265137,8.022000312805176,8.130999565124512,416326,0.0,0.0,0.016374945640563965
2011-01-18,8.157999992370605,8.4399995803833,8.133999824523926,8.23799991607666,812649,0.0,0.0,0.013159556841091824
2011-01-19,8.27299976348877,8.293999671936035,8.121000289916992,8.204000473022461,432088,0.0,0.0,-0.004127147778655416
2011-01-20,8.154000282287598,8.300000190734863,8.050000190734863,8.187999725341797,475293,0.0,0.0,-0.0019503591855315472
2011-01-21,8.199999809265137,8.269000053405762,8.1899995803833,8.229999542236328,285102,0.0,0.0,0.0051294355524393875
2011-01-24,8.218999862670898,8.230999946594238,8.135000228881836,8.15999984741211,263769,0.0,0.0,-0.008505431192915691
2011-01-25,8.199999809265137,8.199999809265137,7.966000080108643,7.9679999351501465,495247,0.0,0.0,-0.02352940145248339
2011-01-26,8.098999977111816,8.4350004196167,8.050000190734863,8.425000190734863,764824,0.0,0.0,0.05735445021387364
2011-01-27,8.4350004196167,8.734000205993652,8.350000381469727,8.668000221252441,788505,0.0,0.0,0.028842732939615923
2011-01-28,8.65999984741211,8.699999809265137,8.5,8.595999717712402,622081,0.0,0.0,-0.008306472277597066
2011-01-31,8.534000396728516,8.595000267028809,8.361000061035156,8.571000099182129,379128,0.0,0.0,-0.0029082851734814064
2011-02-01,8.619000434875488,8.692000389099121,8.460000038146973,8.678999900817871,430073,0.0,0.0,0.01260060674203567
2011-02-02,8.770000457763672,9.239999771118164,8.723999977111816,9.199999809265137,1126279,0.0,0.0,0.06002994750560697
2011-02-03,9.149999618530273,9.25,8.880000114440918,8.927000045776367,755107,0.0,0.0,-0.029673887950936395
2011-02-04,8.819999694824219,8.979999542236328,8.661999702453613,8.883999824523926,901973,0.0,0.0,-0.0048168725251419575
2011-02-07,8.817000389099121,9.133000373840332,8.802000045776367,9.121999740600586,891386,0.0,0.0,0.026789725436471956
2011-02-08,9.130999565124512,9.239999771118164,8.944999694824219,8.949999809265137,766592,0.0,0.0,-0.018855507150466688
2011-02-09,8.980999946594238,9.08899974822998,8.902000427246094,8.968000411987305,374815,0.0,0.0,0.002011240570478412
2011-02-10,8.930000305175781,8.975000381469727,8.708000183105469,8.859999656677246,380606,0.0,0.0,-0.012042902581237191
2011-02-11,8.892000198364258,9.100000381469727,8.760000228881836,9.069000244140625,595538,0.0,0.0,0.023589232004751493
2011-02-14,9.100000381469727,9.218999862670898,9.069999694824219,9.079999923706055,617742,0.0,0.0,0.001212887779172389
2011-02-15,9.380000114440918,9.430999755859375,8.432000160217285,8.486000061035156,3121536,0.0,0.0,-0.0654184876279662
2011-02-16,8.491000175476074,8.628000259399414,8.40999984741211,8.5,907539,0.0,0.0,0.0016497688974959068
2011-02-17,8.54800033569336,8.579999923706055,8.399999618530273,8.555000305175781,524326,0.0,0.0,0.006470624138327219
2011-02-18,8.550000190734863,8.579000473022461,8.449999809265137,8.51099967956543,720636,0.0,0.0,-0.005143264060871067
2011-02-21,8.482999801635742,8.54699993133545,8.295000076293945,8.295000076293945,496824,0.0,0.0,-0.02537887573772224
2011-02-22,8.25,8.260000228881836,7.989999771118164,8.093000411987305,790608,0.0,0.0,-0.024351978595386625
2011-02-23,8.052000045776367,8.277999877929688,8.029999732971191,8.031000137329102,497933,0.0,0.0,-0.007660975102184442
2011-02-24,8.00100040435791,8.050000190734863,7.78000020980835,7.807000160217285,743390,0.0,0.0,-0.027891915487665897
2011-02-25,7.8520002365112305,7.960000038146973,7.826000213623047,7.929999828338623,485036,0.0,0.0,0.01575504875075029
2011-02-28,7.953000068664551,8.085000038146973,7.931000232696533,8.02400016784668,413730,0.0,0.0,0.01185376312016273
2011-03-01,8.057000160217285,8.069000244140625,7.800000190734863,7.804999828338623,522741,0.0,0.0,-0.02729316237873758
2011-03-02,7.769999980926514,7.795000076293945,7.579999923706055,7.734000205993652,521378,0.0,0.0,-0.009096684677324829
2011-03-03,7.800000190734863,7.820000171661377,7.688000202178955,7.754000186920166,258319,0.0,0.0,0.00258598143183586
2011-03-04,7.800000190734863,7.940000057220459,7.681000232696533,7.730000019073486,434828,0.0,0.0,-0.0030951982548522716
2011-03-07,7.7210001945495605,8.029999732971191,7.650000095367432,7.948999881744385,618946,0.0,0.0,0.02833115939592812
2011-03-08,7.951000213623047,8.006999969482422,7.802999973297119,7.877999782562256,413990,0.0,0.0,-0.008931953734857556
2011-03-09,7.880000114440918,7.923999786376953,7.760000228881836,7.770999908447266,321568,0.0,0.0,-0.013582111839077649
2011-03-10,7.690000057220459,7.828999996185303,7.480000019073486,7.510000228881836,929013,0.0,0.0,-0.03358637017634203
2011-03-11,7.5,7.539000034332275,7.363999843597412,7.4120001792907715,453146,0.0,0.0,-0.013049273848777965
2011-03-14,7.361000061035156,7.460999965667725,7.2769999504089355,7.320000171661377,460419,0.0,0.0,-0.012412305100375387
2011-03-15,7.190000057220459,7.229000091552734,6.857999801635742,7.068999767303467,870633,0.0,0.0,-0.034289671922363096
2011-03-16,7.1479997634887695,7.3470001220703125,7.065999984741211,7.098999977111816,639897,0.0,0.0,0.0042439115569237185
2011-03-17,7.119999885559082,7.275000095367432,7.105000019073486,7.249000072479248,435551,0.0,0.0,0.02112975008466722
2011-03-18,7.249000072479248,7.400000095367432,7.1579999923706055,7.296999931335449,558248,0.0,0.0,0.006621583442719459
2011-03-21,7.390999794006348,7.492000102996826,7.361999988555908,7.451000213623047,325726,0.0,0.0,0.02110460240328016
2011-03-22,7.460000038146973,7.460000038146973,7.330999851226807,7.40500020980835,365248,0.0,0.0,-0.006173668299001456
2011-03-23,7.379000186920166,7.440000057220459,7.3520002365112305,7.38100004196167,173263,0.0,0.0,-0.003241075917174152
2011-03-24,7.38700008392334,7.4770002365112305,7.270999908447266,7.335999965667725,397541,0.0,0.0,-0.006096745161646933
2011-03-25,7.369999885559082,7.373000144958496,7.215000152587891,7.302999973297119,503565,0.0,0.0,-0.0044983632122470585
2011-03-28,7.300000190734863,7.380000114440918,7.27400016784668,7.303999900817871,381859,0.0,0.0,0.0001369201046703683
2011-03-29,7.329999923706055,7.369999885559082,7.263000011444092,7.300000190734863,290963,0.0,0.0,-0.0005476054404874864
2011-03-30,7.361999988555908,7.361999988555908,7.258999824523926,7.285999774932861,346021,0.0,0.0,-0.001917865128246321
2011-03-31,7.304999828338623,7.324999809265137,7.199999809265137,7.209000110626221,358131,0.0,0.0,-0.010568167263956596
2011-04-01,7.25,7.300000190734863,7.210000038146973,7.25,372405,0.0,0.0,0.005687319842504257
2011-04-04,7.260000228881836,7.320000171661377,7.243000030517578,7.249000072479248,635362,0.0,0.0,-0.0001379210373451123
2011-04-05,7.263999938964844,7.3480000495910645,7.250999927520752,7.295000076293945,353930,0.0,0.0,0.006345703318356488
2011-04-06,7.309000015258789,7.349999904632568,7.25,7.25,482640,0.0,0.0,-0.006168619029926936
2011-04-07,7.269999980926514,7.307000160217285,7.235000133514404,7.264999866485596,401908,0.0,0.0,0.002068947101461438
2011-04-08,7.300000190734863,7.3420000076293945,7.270999908447266,7.322999954223633,372228,0.0,0.0,0.007983494673633684
2011-04-11,7.355000019073486,7.800000190734863,7.348999977111816,7.656000137329102,1546366,0.0,0.0,0.0454731920233602
2011-04-12,7.61299991607666,7.639999866485596,7.349999904632568,7.370999813079834,818022,0.0,0.0,-0.037225747013726385
2011-04-13,7.389999866485596,7.400000095367432,7.216000080108643,7.269999980926514,559952,0.0,0.0,-0.013702324611933436
2011-04-14,7.281000137329102,7.281000137329102,7.03000020980835,7.071000099182129,931522,0.0,0.0,-0.02737274859236294
2011-04-15,7.099999904632568,7.119999885559082,6.910999774932861,6.96999979019165,752551,0.0,0.0,-0.014283737459169443
2011-04-18,6.9710001945495605,7.010000228881836,6.663000106811523,6.675000190734863,851118,0.0,0.0,-0.04232419057916148
2011-04-19,6.701000213623047,6.849999904632568,6.701000213623047,6.706999778747559,380077,0.0,0.0,0.004793945632707519
2011-04-20,6.78000020980835,7.048999786376953,6.75,6.881999969482422,459322,0.0,0.0,0.026092171836561873
2011-04-21,6.9029998779296875,6.949999809265137,6.796999931335449,6.800000190734863,332473,0.0,0.0,-0.011915108850796163
2011-04-26,6.829999923706055,7.020999908447266,6.804999828338623,6.822000026702881,507668,0.0,0.0,0.00323526990454992
2011-04-27,6.841000080108643,6.895999908447266,6.750999927520752,6.750999927520752,498452,0.0,0.0,-0.010407519628293449
2011-04-28,6.797999858856201,6.859000205993652,6.723999977111816,6.73199987411499,369000,0.0,0.0,-0.0028144058079910828
2011-04-29,6.730000019073486,6.827000141143799,6.730000019073486,6.7779998779296875,340987,0.0,0.0,0.0068330369392266554
2011-05-02,6.843999862670898,7.150000095367432,6.809999942779541,7.0970001220703125,800467,0.0,0.0,0.04706406755469916
2011-05-03,7.099999904632568,7.110000133514404,6.840000152587891,6.849999904632568,709605,0.0,0.0,-0.034803468111775926
2011-05-04,6.829999923706055,6.877999782562256,6.663000106811523,6.677000045776367,882821,0.0,0.0,-0.025255454199233474
2011-05-05,6.688000202178955,6.739999771118164,6.5,6.50600004196167,1268199,0.0,0.0,-0.025610304424494634
2011-05-06,6.535999774932861,6.572000026702881,6.310999870300293,6.434999942779541,1827797,0.0,0.0,-0.010913018555825493
2011-05-09,6.46999979019165,6.690000057220459,6.40500020980835,6.578000068664551,1131621,0.0,0.0,0.022222241982374102
2011-05-10,6.659999847412109,6.820000171661377,6.61299991607666,6.770999908447266,874628,0.0,0.0,0.029340200329596167
2011-05-11,6.800000190734863,6.860000133514404,6.7129998207092285,6.739999771118164,591346,0.0,0.0,-0.004578369184502162
2011-05-12,6.699999809265137,6.747000217437744,6.610000133514404,6.644999980926514,407030,0.0,0.0,-0.01409492483942476
2011-05-13,6.796000003814697,7.070000171661377,6.75,6.875999927520752,2786407,0.0,0.0,0.034762971746770344
2011-05-16,6.800000190734863,6.800000190734863,6.614999771118164,6.671000003814697,873682,0.0,0.0,-0.029813834477448897
2011-05-17,6.614999771118164,6.630000114440918,6.439000129699707,6.46999979019165,868820,0.0,0.0,-0.03013044723551317
2011-05-18,6.5289998054504395,6.589000225067139,6.4079999923706055,6.51200008392334,673957,0.0,0.0,0.006491544836734198
2011-05-19,6.557000160217285,6.557000160217285,6.420000076293945,6.443999767303467,711489,0.0,0.0,-0.01044230892867315
2011-05-20,6.479000091552734,6.579999923706055,6.438000202178955,6.5,408811,0.0,0.0,0.008690290924694866
2011-05-23,6.434999942779541,6.479000091552734,6.370999813079834,6.388000011444092,351012,0.0,0.0,-0.01723076747013974
2011-05-24,6.414000034332275,6.453999996185303,6.389999866485596,6.449999809265137,423009,0.0,0.0,0.009705666516902411
2011-05-25,6.410999774932861,6.590000152587891,6.39900016784668,6.485000133514404,618947,0.0,0.0,0.005426407020817425
2011-05-26,6.547999858856201,6.800000190734863,6.531000137329102,6.698999881744385,1283915,0.0,0.0,0.032999189487141534
2011-05-27,6.776000022888184,6.829999923706055,6.671999931335449,6.806000232696533,782187,0.0,0.0,0.015972585884609147
2011-05-30,6.808000087738037,6.919000148773193,6.808000087738037,6.885000228881836,510753,0.0,0.0,0.011607404273332289
2011-05-31,6.906000137329102,6.96999979019165,6.861000061035156,6.9019999504089355,497051,0.0,0.0,0.002469095274069577
2011-06-01,6.9079999923706055,6.929999828338623,6.718999862670898,6.749000072479248,677982,0.0,0.0,-0.022167470157779756
2011-06-02,6.710999965667725,6.926000118255615,6.710000038146973,6.9019999504089355,561054,0.0,0.0,0.02267000685828746
2011-06-03,6.913000106811523,6.948999881744385,6.821000099182129,6.921000003814697,491281,0.0,0.0,0.002752833025540191
2011-06-06,6.870999813079834,6.900000095367432,6.769999980926514,6.875999927520752,430098,0.0,0.0,-0.006501961605135387
2011-06-07,7.010000228881836,7.300000190734863,7.010000228881836,7.300000190734863,2487943,0.0,0.0,0.06166379692894952
2011-06-08,7.2769999504089355,7.2769999504089355,7.11899995803833,7.170000076293945,834665,0.0,0.0,-0.017808234389625643
2011-06-09,7.144999980926514,7.369999885559082,7.136000156402588,7.294000148773193,788327,0.0,0.0,0.017294291654086136
2011-06-10,7.271999835968018,7.388000011444092,7.159999847412109,7.203000068664551,612323,0.0,0.0,-0.012476018405887745
2011-06-13,7.199999809265137,7.341000080108643,7.09499979019165,7.140999794006348,332469,0.0,0.0,-0.008607562691540838
2011-06-14,7.138999938964844,7.197999954223633,7.02400016784668,7.197999954223633,533645,0.0,0.0,0.00798209800609806
2011-06-15,7.186999797821045,7.199999809265137,6.951000213623047,6.991000175476074,542236,0.0,0.0,-0.028757957774936616
2011-06-16,6.916999816894531,6.921000003814697,6.650000095367432,6.820000171661377,788780,0.0,0.0,-0.024460019957452284
2011-06-17,6.807000160217285,6.896999835968018,6.684000015258789,6.7820000648498535,417695,0.0,0.0,-0.005571863028599688
2011-06-20,6.75,6.776000022888184,6.630000114440918,6.757999897003174,302381,0.0,0.0,-0.003538803836211857
2011-06-21,6.785999774932861,6.989999771118164,6.764999866485596,6.985000133514404,385094,0.0,0.0,0.033589854982373435
2011-06-22,6.98799991607666,7.081999778747559,6.85099983215332,6.86899995803833,442834,0.0,0.0,-0.016607039836620596
2011-06-23,6.78000020980835,6.874000072479248,6.545000076293945,6.559000015258789,764210,0.0,0.0,-0.045130287476093045
2011-06-24,6.630000114440918,6.730999946594238,6.453999996185303,6.493000030517578,616806,0.0,0.0,-0.010062507179092739
2011-06-27,6.493000030517578,6.498000144958496,6.380000114440918,6.420000076293945,578051,0.0,0.0,-0.011242869841448844
2011-06-28,6.4629998207092285,6.552999973297119,6.447999954223633,6.552999973297119,304988,0.0,0.0,0.020716494614116954
2011-06-29,6.590000152587891,6.7270002365112305,6.590000152587891,6.7210001945495605,349979,0.0,0.0,0.02563714664077943
2011-06-30,6.751999855041504,6.913000106811523,6.679999828338623,6.913000106811523,447483,0.0,0.0,0.028567163622114755
2011-07-01,6.909999847412109,6.978000164031982,6.826000213623047,6.849999904632568,440009,0.0,0.0,-0.009113293968689429
2011-07-04,6.841000080108643,7.192999839782715,6.841000080108643,7.191999912261963,846623,0.0,0.0,0.049927009108146736
2011-07-05,7.195000171661377,7.260000228881836,7.140999794006348,7.184000015258789,354036,0.0,0.0,-0.0011123327448231413
2011-07-06,7.173999786376953,7.176000118255615,6.9670000076293945,7.052000045776367,456971,0.0,0.0,-0.018374160523671246
2011-07-07,7.079999923706055,7.242000102996826,7.01800012588501,7.210999965667725,382483,0.0,0.0,0.022546783729331832
2011-07-08,7.238999843597412,7.289999961853027,6.896999835968018,6.900000095367432,578744,0.0,0.0,-0.04312853581763887
2011-07-11,6.910999774932861,6.939000129699707,6.617000102996826,6.638000011444092,399724,0.0,0.0,-0.03797102613074499
2011-07-12,6.567999839782715,6.714000225067139,6.300000190734863,6.613999843597412,534594,0.0,0.0,-0.003615572130958533
2011-07-13,6.610000133514404,6.697999954223633,6.486000061035156,6.558000087738037,298052,0.0,0.0,-0.008466851706019463
2011-07-14,6.453999996185303,6.508999824523926,6.400000095367432,6.420000076293945,287390,0.0,0.0,-0.02104300237844159
2011-07-15,6.390999794006348,6.498000144958496,6.373000144958496,6.409999847412109,252098,0.0,0.0,-0.0015576680316191638
2011-07-18,6.360000133514404,6.360000133514404,5.429999828338623,5.431000232696533,1588893,0.0,0.0,-0.15273005273328122
2011-07-19,5.577000141143799,5.964000225067139,5.560999870300293,5.910999774932861,1366481,0.0,0.0,0.0883814254594506
2011-07-20,6.019999980926514,6.089000225067139,5.861000061035156,5.921000003814697,680298,0.0,0.0,0.001691799909085523
2011-07-21,6.179999828338623,6.392000198364258,5.9679999351501465,6.392000198364258,1300605,0.0,0.0,0.07954740656073489
2011-07-22,6.420000076293945,6.590000152587891,6.318999767303467,6.480000019073486,720731,0.0,0.0,0.013767180534779655
2011-07-25,6.270999908447266,6.442999839782715,6.255000114440918,6.331999778747559,376410,0.0,0.0,-0.02283954319294723
2011-07-26,6.3420000076293945,6.4120001792907715,6.21999979019165,6.343999862670898,219377,0.0,0.0,0.001895149138131158
2011-07-27,6.311999797821045,6.394000053405762,6.235000133514404,6.28000020980835,196468,0.0,0.0,-0.010088217882716743
2011-07-28,6.0970001220703125,6.230999946594238,5.9670000076293945,6.083000183105469,515901,0.0,0.0,-0.031369429955622974
2011-07-29,6.010000228881836,6.038000106811523,5.776000022888184,5.826000213623047,637169,0.0,0.0,-0.04224888406155192
2011-08-01,6.0,6.044000148773193,5.736999988555908,5.736999988555908,383530,0.0,0.0,-0.015276385479531474
2011-08-02,5.739999771118164,5.820000171661377,5.35099983215332,5.38100004196167,616179,0.0,0.0,-0.06205332879630154
2011-08-03,5.300000190734863,5.300000190734863,4.995999813079834,5.063000202178955,856877,0.0,0.0,-0.05909679191654238
2011-08-04,5.199999809265137,5.2270002365112305,4.810999870300293,4.848999977111816,688695,0.0,0.0,-0.04226747314271084
2011-08-05,4.599999904632568,5.199999809265137,4.559999942779541,5.070000171661377,1215230,0.0,0.0,0.045576447843415746
2011-08-08,4.909999847412109,5.199999809265137,4.607999801635742,4.684000015258789,806966,0.0,0.0,-0.07613415055883521
2011-08-09,4.620999813079834,4.948999881744385,4.421999931335449,4.848999977111816,1103511,0.0,0.0,0.03522629404686528
2011-08-10,5.0920000076293945,5.2729997634887695,5.000999927520752,5.0370001792907715,1795157,0.0,0.0,0.038770922471922376
2011-08-11,5.130000114440918,5.269999980926514,4.8379998207092285,5.202000141143799,1068629,0.0,0.0,0.03275758506648696
2011-08-12,5.203000068664551,5.329999923706055,5.014999866485596,5.249000072479248,720279,0.0,0.0,0.009034973098850152
2011-08-15,5.291999816894531,5.310999870300293,5.099999904632568,5.190000057220459,539729,0.0,0.0,-0.01124023898725568
2011-08-16,5.169000148773193,5.169000148773193,4.919000148773193,5.073999881744385,556792,0.0,0.0,-0.022350707937795034
2011-08-17,5.0329999923706055,5.144000053405762,4.96999979019165,5.068999767303467,433243,0.0,0.0,-0.0009854384228323854
2011-08-18,5.0229997634887695,5.039000034332275,4.599999904632568,4.650000095367432,693289,0.0,0.0,-0.08265924071228126
2011-08-19,4.673999786376953,4.921000003814697,4.5,4.769999980926514,714070,0.0,0.0,0.02580642647268583
2011-08-22,4.7220001220703125,4.863999843597412,4.659999847412109,4.699999809265137,311672,0.0,0.0,-0.014675088457291818
2011-08-23,4.78000020980835,4.860000133514404,4.6579999923706055,4.729000091552734,372658,0.0,0.0,0.006170273077549693
2011-08-24,4.776000022888184,4.849999904632568,4.71999979019165,4.818999767303467,333242,0.0,0.0,0.019031438783749577
2011-08-25,4.880000114440918,4.949999809265137,4.730000019073486,4.794000148773193,566312,0.0,0.0,-0.005187719389383227
2011-08-26,4.791999816894531,4.834000110626221,4.671000003814697,4.78000020980835,525551,0.0,0.0,-0.0029203042407970337
2011-08-29,4.889999866485596,4.940000057220459,4.820000171661377,4.888000011444092,354192,0.0,0.0,0.022594099768893594
2011-08-30,4.949999809265137,4.979000091552734,4.840000152587891,4.909999847412109,258515,0.0,0.0,0.004500784761970245
2011-08-31,4.922999858856201,4.982999801635742,4.86299991607666,4.98199987411499,659597,0.0,0.0,0.014663957014342754
2011-09-01,4.960999965667725,4.9670000076293945,4.803999900817871,4.940999984741211,593899,0.0,0.0,-0.008229604658724021
2011-09-02,4.817999839782715,4.840000152587891,4.699999809265137,4.75,266163,0.0,0.0,-0.03865613951245839
2011-09-05,4.635000228881836,4.6529998779296875,4.440000057220459,4.46999979019165,386239,0.0,0.0,-0.058947412591231485
2011-09-06,4.464000225067139,4.573999881744385,4.239999771118164,4.2769999504089355,742064,0.0,0.0,-0.04317669996455187
2011-09-07,4.408999919891357,4.443999767303467,4.302000045776367,4.40500020980835,520262,0.0,0.0,0.02992758028607767
2011-09-08,4.386000156402588,4.440000057220459,4.201000213623047,4.320000171661377,823648,0.0,0.0,-0.019296261997379327
2011-09-09,4.265999794006348,4.328999996185303,4.050000190734863,4.089000225067139,813646,0.0,0.0,-0.053472207734982735
2011-09-12,3.9860000610351562,3.9860000610351562,3.7639999389648438,3.8889999389648438,953231,0.0,0.0,-0.04891178163214971
2011-09-13,3.9140000343322754,3.9649999141693115,3.6700000762939453,3.740000009536743,1374221,0.0,0.0,-0.03831317350644148
2011-09-14,3.7669999599456787,4.026000022888184,3.7360000610351562,3.743000030517578,1230983,0.0,0.0,0.0008021446452366465
2011-09-15,3.931999921798706,4.179999828338623,3.9210000038146973,3.9210000038146973,1286802,0.0,0.0,0.047555429293572704
2011-09-16,4.064000129699707,4.150000095367432,3.9800000190734863,4.150000095367432,957309,0.0,0.0,0.05840349179544568
2011-09-19,3.9690001010894775,4.072000026702881,3.921999931335449,3.98799991607666,462680,0.0,0.0,-0.03903618688385313
2011-09-20,3.941999912261963,4.11299991607666,3.924999952316284,4.0,390300,0.0,0.0,0.003009048188532981
2011-09-21,4.098999977111816,4.1539998054504395,3.9769999980926514,3.9809999465942383,734621,0.0,0.0,-0.00475001335144043
2011-09-22,3.864000082015991,3.885999917984009,3.6619999408721924,3.7200000286102295,852012,0.0,0.0,-0.06556139700712516
2011-09-23,3.757999897003174,3.818000078201294,3.565000057220459,3.7899999618530273,686360,0.0,0.0,0.018817186210869252
2011-09-26,3.7790000438690186,3.940000057220459,3.5999999046325684,3.8510000705718994,793964,0.0,0.0,0.01609501565510496
2011-09-27,3.9670000076293945,4.059999942779541,3.933000087738037,4.034999847412109,616660,0.0,0.0,0.047779738631083646
2011-09-28,4.099999904632568,4.178999900817871,3.994999885559082,4.119999885559082,1215044,0.0,0.0,0.02106568559141042
2011-09-29,4.074999809265137,4.163000106811523,4.034999847412109,4.159999847412109,600590,0.0,0.0,0.009708728874782357
2011-09-30,4.159999847412109,4.215000152587891,4.025000095367432,4.081999778747559,735232,0.0,0.0,-0.018750017193648216
2011-10-03,3.9700000286102295,3.9700000286102295,3.818000078201294,3.885999917984009,501481,0.0,0.0,-0.048015647081609214
2011-10-04,3.821000099182129,3.859999895095825,3.63100004196167,3.684000015258789,545112,0.0,0.0,-0.05198144801557636
2011-10-05,3.7760000228881836,3.8889999389648438,3.688999891281128,3.7909998893737793,551124,0.0,0.0,0.029044482538492566
2011-10-06,3.8440001010894775,3.9509999752044678,3.819999933242798,3.9189999103546143,528954,0.0,0.0,0.03376418483672894
2011-10-07,4.019999980926514,4.1479997634887695,3.927000045776367,3.930999994277954,823310,0.0,0.0,0.003062027098197584
2011-10-10,3.9639999866485596,4.044000148773193,3.8529999256134033,4.033999919891357,362555,0.0,0.0,0.026201965342999678
2011-10-11,4.047999858856201,4.047999858856201,3.941999912261963,4.021999835968018,375781,0.0,0.0,-0.0029747357862275337
2011-10-12,3.9709999561309814,4.5,3.941999912261963,4.434999942779541,978177,0.0,0.0,0.10268526197294636
2011-10-13,4.47599983215332,4.679999828338623,4.3429999351501465,4.385000228881836,973322,0.0,0.0,-0.011273892794318452
2011-10-14,4.413000106811523,4.599999904632568,4.343999862670898,4.53000020980835,454248,0.0,0.0,0.0330672687247473
2011-10-17,4.590000152587891,4.684999942779541,4.349999904632568,4.36899995803833,443018,0.0,0.0,-0.03554089278438044
2011-10-18,4.300000190734863,4.329999923706055,4.150000095367432,4.281000137329102,400830,0.0,0.0,-0.020141868060062906
2011-10-19,4.349999904632568,4.428999900817871,4.2870001792907715,4.3420000076293945,376127,0.0,0.0,0.014248976487618359
2011-10-20,4.258999824523926,4.449999809265137,4.111999988555908,4.11299991607666,605038,0.0,0.0,-0.052740693493863344
2011-10-21,4.1579999923706055,4.260000228881836,4.1020002365112305,4.255000114440918,251270,0.0,0.0,0.03452472678378027
2011-10-24,4.316999912261963,4.482999801635742,4.232999801635742,4.480999946594238,303208,0.0,0.0,0.053113942673304715
2011-10-25,4.446000099182129,4.446000099182129,4.290999889373779,4.311999797821045,242868,0.0,0.0,-0.03771482945489457
2011-10-26,4.300000190734863,4.434999942779541,4.25600004196167,4.276000022888184,206289,0.0,0.0,-0.008348742258998398
2011-10-27,4.449999809265137,4.598999977111816,4.429999828338623,4.5279998779296875,488680,0.0,0.0,0.05893354857170774
2011-10-28,4.599999904632568,4.599999904632568,4.464000225067139,4.5279998779296875,443026,0.0,0.0,0.0
2011-10-31,4.499000072479248,4.560999870300293,4.363999843597412,4.363999843597412,322798,0.0,0.0,-0.03621908983073119
2011-11-01,4.25,4.267000198364258,4.031000137329102,4.067999839782715,537379,0.0,0.0,-0.06782768433160469
2011-11-02,4.2210001945495605,4.275000095367432,4.059999942779541,4.21999979019165,400580,0.0,0.0,0.037364787707822034
2011-11-03,4.111999988555908,4.460999965667725,4.098999977111816,4.440000057220459,488088,0.0,0.0,0.05213276729068683
2011-11-04,4.440999984741211,4.5,4.309999942779541,4.3480000495910645,322631,0.0,0.0,-0.020720722172014705
2011-11-07,4.453000068664551,4.572000026702881,4.382999897003174,4.449999809265137,541342,0.0,0.0,0.023459006097220625
2011-11-08,4.442999839782715,4.59499979019165,4.354000091552734,4.585000038146973,559238,0.0,0.0,0.03033713138610894
2011-11-09,4.895999908447266,5.136000156402588,4.755000114440918,4.809999942779541,1874378,0.0,0.0,0.0490730431320785
2011-11-10,4.690000057220459,4.866000175476074,4.625,4.78000020980835,564581,0.0,0.0,-0.006236950795857066
2011-11-11,4.736999988555908,5.114999771118164,4.650000095367432,5.070000171661377,556325,0.0,0.0,0.06066944542344577
2011-11-14,5.122000217437744,5.189000129699707,4.910999774932861,5.072999954223633,627505,0.0,0.0,0.0005916730691692962
2011-11-15,5.0,5.073999881744385,4.828999996185303,4.955999851226807,420362,0.0,0.0,-0.023063296679002532
2011-11-16,4.916999816894531,4.97599983215332,4.666999816894531,4.949999809265137,624662,0.0,0.0,-0.00121066225621147
2011-11-17,4.854000091552734,4.935999870300293,4.755000114440918,4.88100004196167,442699,0.0,0.0,-0.013939347467108343
2011-11-18,4.833000183105469,4.96999979019165,4.789999961853027,4.940000057220459,408760,0.0,0.0,0.012087689971638893
2011-11-21,4.9029998779296875,4.980000019073486,4.755000114440918,4.796999931335449,390829,0.0,0.0,-0.02894739356854792
2011-11-22,4.813000202178955,4.920000076293945,4.796000003814697,4.833000183105469,546760,0.0,0.0,0.007504743023833527
2011-11-23,4.789999961853027,4.909999847412109,4.765999794006348,4.813000202178955,641573,0.0,0.0,-0.004138212325426105
2011-11-24,4.828000068664551,5.064000129699707,4.818999767303467,4.892000198364258,376284,0.0,0.0,0.016413877595421233
2011-11-25,4.900000095367432,5.0,4.829999923706055,4.933000087738037,509319,0.0,0.0,0.00838100729993596
2011-11-28,4.994999885559082,5.0980000495910645,4.881999969482422,5.046999931335449,632559,0.0,0.0,0.023109637455872356
2011-11-29,5.0,5.190000057220459,4.98799991607666,5.14900016784668,578667,0.0,0.0,0.02021007289458021
2011-11-30,5.070000171661377,5.4120001792907715,5.0279998779296875,5.374000072479248,748184,0.0,0.0,0.04369778545310554
2011-12-01,5.3379998207092285,5.491000175476074,5.295000076293945,5.434999942779541,480504,0.0,0.0,0.011350924726011735
2011-12-02,5.479000091552734,5.554999828338623,5.436999797821045,5.46999979019165,536888,0.0,0.0,0.006439714403053021
2011-12-05,5.53000020980835,5.599999904632568,5.324999809265137,5.510000228881836,563029,0.0,0.0,0.00731269473938756
2011-12-06,5.449999809265137,5.550000190734863,5.388999938964844,5.47599983215332,333201,0.0,0.0,-0.006170670656290622
2011-12-07,5.52400016784668,5.593999862670898,5.369999885559082,5.4079999923706055,491356,0.0,0.0,-0.012417794351168854
2011-12-08,5.447999954223633,5.53000020980835,5.25,5.250999927520752,522651,0.0,0.0,-0.02903107712118025
2011-12-09,5.210000038146973,5.510000228881836,5.210000038146973,5.497000217437744,473050,0.0,0.0,0.04684827524519508
2011-12-12,5.46999979019165,5.46999979019165,5.175000190734863,5.182000160217285,497916,0.0,0.0,-0.05730399213396542
2011-12-13,5.199999809265137,5.2789998054504395,5.09499979019165,5.119999885559082,455244,0.0,0.0,-0.011964545106382896
2011-12-14,5.085000038146973,5.236999988555908,4.909999847412109,4.954999923706055,437225,0.0,0.0,-0.032226555769739096
2011-12-15,4.974999904632568,5.142000198364258,4.949999809265137,5.034999847412109,441977,0.0,0.0,0.016145292621158935
2011-12-16,5.065000057220459,5.065000057220459,4.824999809265137,4.876999855041504,329363,0.0,0.0,-0.03138033707226706
2011-12-19,4.835000038146973,4.840000152587891,4.651000022888184,4.688000202178955,451957,0.0,0.0,-0.038753261939750594
2011-12-20,4.689000129699707,5.013000011444092,4.677999973297119,4.940000057220459,306357,0.0,0.0,0.05375423297216919
2011-12-21,4.985000133514404,5.034999847412109,4.761000156402588,4.800000190734863,285863,0.0,0.0,-0.02834005361618719
2011-12-22,4.839000225067139,4.89900016784668,4.750999927520752,4.857999801635742,168281,0.0,0.0,0.012083251790871108
2011-12-23,4.900000095367432,4.925000190734863,4.820000171661377,4.835999965667725,108547,0.0,0.0,-0.0045285790173581475
2011-12-27,4.835999965667725,4.925000190734863,4.807000160217285,4.855000019073486,149939,0.0,0.0,0.00392887790335994
2011-12-28,4.848999977111816,4.9730000495910645,4.785999774932861,4.827000141143799,167274,0.0,0.0,-0.005767225091593442
2011-12-29,4.8520002365112305,5.0,4.822000026702881,5.0,328972,0.0,0.0,0.035840036005303944
2011-12-30,5.025000095367432,5.171000003814697,5.014999866485596,5.171000003814697,295075,0.0,0.0,0.0342000007629395
2012-01-02,5.170000076293945,5.308000087738037,5.151000022888184,5.308000087738037,182408,0.0,0.0,0.02649392454501509
2012-01-03,5.301000118255615,5.39900016784668,5.25,5.39900016784668,312042,0.0,0.0,0.017143948493682393
2012-01-04,5.361000061035156,5.429999828338623,5.315999984741211,5.349999904632568,235907,0.0,0.0,-0.009075803239630975
2012-01-05,5.36899995803833,5.39300012588501,5.1479997634887695,5.2170000076293945,489919,0.0,0.0,-0.02485979427551188
2012-01-06,5.2179999351501465,5.26800012588501,5.150000095367432,5.2220001220703125,264928,0.0,0.0,0.00095842714847727
2012-01-09,5.230000019073486,5.334000110626221,5.079999923706055,5.107999801635742,230291,0.0,0.0,-0.021830777052792127
2012-01-10,5.159999847412109,5.25,5.136000156402588,5.232999801635742,260909,0.0,0.0,0.024471418334818917
2012-01-11,5.489999771118164,5.730000019073486,5.415999889373779,5.699999809265137,1459253,0.0,0.0,0.0892413577931761
2012-01-12,5.639999866485596,5.876999855041504,5.638999938964844,5.7829999923706055,676880,0.0,0.0,0.014561436119796989
2012-01-13,5.848999977111816,5.849999904632568,5.550000190734863,5.699999809265137,474493,0.0,0.0,-0.01435244392442836
2012-01-16,5.556000232696533,5.78000020980835,5.519999980926514,5.7170000076293945,325418,0.0,0.0,0.0029824910408986494
2012-01-17,5.789999961853027,5.829999923706055,5.71999979019165,5.758999824523926,229473,0.0,0.0,0.0073464783695087466
2012-01-18,5.789999961853027,5.869999885559082,5.699999809265137,5.804999828338623,312734,0.0,0.0,0.007987498735251286
2012-01-19,5.849999904632568,5.879000186920166,5.72599983215332,5.879000186920166,380016,0.0,0.0,0.012747693500401391
2012-01-20,5.877999782562256,5.885000228881836,5.732999801635742,5.7779998779296875,220375,0.0,0.0,-0.0171798444938287
2012-01-23,5.790999889373779,5.920000076293945,5.769999980926514,5.869999885559082,265105,0.0,0.0,0.015922466177406447
2012-01-24,5.814000129699707,5.85099983215332,5.760000228881836,5.849999904632568,284928,0.0,0.0,-0.0034071518426629366
2012-01-25,5.849999904632568,5.960000038146973,5.760000228881836,5.926000118255615,396279,0.0,0.0,0.01299148972000208
2012-01-26,5.978000164031982,6.079999923706055,5.913000106811523,6.013999938964844,369074,0.0,0.0,0.014849783826047513
2012-01-27,5.953999996185303,6.0,5.828999996185303,5.973999977111816,254692,0.0,0.0,-0.006651141047386178
2012-01-30,5.920000076293945,5.920000076293945,5.803999900817871,5.829999923706055,155704,0.0,0.0,-0.02410446166010527
2012-01-31,5.900000095367432,6.0,5.820000171661377,5.980000019073486,302166,0.0,0.0,0.025729004687889967
2012-02-01,5.98199987411499,6.199999809265137,5.952000141143799,6.09499979019165,440596,0.0,0.0,0.019230730894877368
2012-02-02,6.103000164031982,6.269999980926514,6.099999904632568,6.210000038146973,265899,0.0,0.0,0.018867965859553637
2012-02-03,6.199999809265137,6.317999839782715,6.150000095367432,6.308000087738037,175434,0.0,0.0,0.015781006278432708
2012-02-06,6.289000034332275,6.300000190734863,6.173999786376953,6.28000020980835,196099,0.0,0.0,-0.004438788449625419
2012-02-07,6.2870001792907715,6.2870001792907715,6.070000171661377,6.186999797821045,214471,0.0,0.0,-0.014808982305773322
2012-02-08,6.199999809265137,6.260000228881836,6.123000144958496,6.185999870300293,132135,0.0,0.0,-0.00016161751308030325
2012-02-09,6.193999767303467,6.261000156402588,6.139999866485596,6.204999923706055,273513,0.0,0.0,0.003071460362775502
2012-02-10,6.146999835968018,6.440000057220459,6.104000091552734,6.203999996185303,460802,0.0,0.0,-0.00016114867575289793
2012-02-13,6.309999942779541,6.324999809265137,6.172999858856201,6.21999979019165,107134,0.0,0.0,0.002578948100610212
2012-02-14,6.199999809265137,6.349999904632568,6.160999774932861,6.182000160217285,188108,0.0,0.0,-0.006109265475263692
2012-02-15,6.210000038146973,6.294000148773193,6.120999813079834,6.179999828338623,176521,0.0,0.0,-0.0003235735727629141
2012-02-16,6.179999828338623,6.265999794006348,6.011000156402588,6.203999996185303,358123,0.0,0.0,0.0038835224131603674
2012-02-17,6.269999980926514,6.468999862670898,6.198999881744385,6.431000232696533,450901,0.0,0.0,0.036589335372470666
2012-02-20,6.451000213623047,6.539999961853027,6.331999778747559,6.539000034332275,325418,0.0,0.0,0.016793624277394503
2012-02-21,6.5329999923706055,6.548999786376953,6.445000171661377,6.53000020980835,165907,0.0,0.0,-0.0013763303986348285
2012-02-22,6.515999794006348,6.53000020980835,6.474999904632568,6.5,180402,0.0,0.0,-0.004594212686745092
2012-02-23,6.473999977111816,6.559999942779541,6.3520002365112305,6.400000095367432,357308,0.0,0.0,-0.015384600712702867
2012-02-24,6.4019999504089355,6.489999771118164,6.334000110626221,6.349999904632568,364227,0.0,0.0,-0.007812529685906622
2012-02-27,6.348999977111816,6.369999885559082,6.201000213623047,6.363999843597412,145825,0.0,0.0,0.0022047148307247078
2012-02-28,6.368000030517578,6.368000030517578,6.166999816894531,6.329999923706055,226399,0.0,0.0,-0.0053425393976971325
2012-02-29,6.328000068664551,6.438000202178955,6.2820000648498535,6.394000053405762,154711,0.0,0.0,0.01011060512971329
2012-03-01,6.388000011444092,6.451000213623047,6.281000137329102,6.329999923706055,175122,0.0,0.0,-0.010009403998302635
2012-03-02,6.3379998207092285,6.409999847412109,6.28000020980835,6.349999904632568,140377,0.0,0.0,0.003159554686819721
2012-03-05,6.315000057220459,6.361000061035156,6.255000114440918,6.300000190734863,99655,0.0,0.0,-0.007873970810807207
2012-03-06,6.252999782562256,6.252999782562256,5.882999897003174,5.921999931335449,354992,0.0,0.0,-0.06000003935798648
2012-03-07,5.936999797821045,6.007999897003174,5.889999866485596,5.968999862670898,211462,0.0,0.0,0.007936496433705642
2012-03-08,6.001999855041504,6.150000095367432,6.001999855041504,6.150000095367432,215705,0.0,0.0,0.030323376924244583
2012-03-09,6.178999900817871,6.179999828338623,6.070000171661377,6.089000225067139,181216,0.0,0.0,-0.009918677943800636
2012-03-12,6.067999839782715,6.125,6.020999908447266,6.085999965667725,290784,0.0,0.0,-0.0004927343223051217
2012-03-13,6.127999782562256,6.144000053405762,6.010000228881836,6.139999866485596,125583,0.0,0.0,0.00887280662545109
2012-03-14,6.169000148773193,6.177000045776367,6.050000190734863,6.065000057220459,202253,0.0,0.0,-0.01221495291465946
2012-03-15,6.084000110626221,6.14300012588501,6.0370001792907715,6.13700008392334,155988,0.0,0.0,0.011871397530683225
2012-03-16,6.119999885559082,6.140999794006348,6.068999767303467,6.140999794006348,131856,0.0,0.0,0.000651737009664588
2012-03-19,6.130000114440918,6.130000114440918,6.041999816894531,6.0920000076293945,168270,0.0,0.0,-0.007979121970461134
2012-03-20,6.091000080108643,6.099999904632568,5.800000190734863,5.855999946594238,401910,0.0,0.0,-0.03873934023959269
2012-03-21,5.96999979019165,5.980999946594238,5.806000232696533,5.901000022888184,260345,0.0,0.0,0.007684439327926729
2012-03-22,5.88100004196167,5.88100004196167,5.619999885559082,5.638000011444092,493807,0.0,0.0,-0.04456871893306136
2012-03-23,5.6620001792907715,5.71999979019165,5.559000015258789,5.6570000648498535,348574,0.0,0.0,0.0033699988235535994
2012-03-26,5.703000068664551,5.716000080108643,5.604000091552734,5.685999870300293,174111,0.0,0.0,0.005126357630899081
2012-03-27,5.742000102996826,5.849999904632568,5.638999938964844,5.6570000648498535,173436,0.0,0.0,-0.0051002121195806716
2012-03-28,5.659999847412109,5.699999809265137,5.519999980926514,5.533999919891357,237222,0.0,0.0,-0.021742998682776404
2012-03-29,5.521999835968018,5.521999835968018,5.323999881744385,5.360000133514404,299813,0.0,0.0,-0.03144195679358974
2012-03-30,5.428999900817871,5.5970001220703125,5.367000102996826,5.5329999923706055,915029,0.0,0.0,0.032276092266208645
2012-04-02,5.53000020980835,5.567999839782715,5.409999847412109,5.521999835968018,435411,0.0,0.0,-0.001988099840548707
2012-04-03,5.541999816894531,5.583000183105469,5.409999847412109,5.448999881744385,266121,0.0,0.0,-0.013219839984083603
2012-04-04,5.40500020980835,5.4670000076293945,5.25,5.269999980926514,2298402,0.0,0.0,-0.032850046742993855
2012-04-05,5.26800012588501,5.380000114440918,5.110000133514404,5.309999942779541,272836,0.0,0.0,0.007590125616280252
2012-04-10,5.190999984741211,5.25,5.060999870300293,5.060999870300293,288384,0.0,0.0,-0.04689266952212201
2012-04-11,5.060999870300293,5.189000129699707,5.013000011444092,5.130000114440918,252207,0.0,0.0,0.013633717824325986
2012-04-12,5.139999866485596,5.386000156402588,5.139999866485596,5.320000171661377,324369,0.0,0.0,0.03703704736489377
2012-04-13,5.28000020980835,5.376999855041504,5.170000076293945,5.35099983215332,589858,0.0,0.0,0.00582700366384814
2012-04-16,5.322999954223633,5.36899995803833,5.072999954223633,5.232999801635742,456410,0.0,0.0,-0.022051959300864565
2012-04-17,5.208000183105469,5.416999816894531,5.127999782562256,5.380000114440918,366141,0.0,0.0,0.028091022048047032
2012-04-18,5.372000217437744,5.505000114440918,5.2210001945495605,5.377999782562256,315781,0.0,0.0,-0.00037180889147059304
2012-04-19,5.375,5.441999912261963,5.205999851226807,5.205999851226807,531852,0.0,0.0,-0.03198213802334937
2012-04-20,5.210000038146973,5.21999979019165,5.091000080108643,5.150000095367432,263205,0.0,0.0,-0.010756772466326225
2012-04-23,5.0929999351501465,5.0929999351501465,4.840000152587891,4.855000019073486,219579,0.0,0.0,-0.057281567151679535
2012-04-24,4.889999866485596,5.002999782562256,4.835999965667725,4.909999847412109,211046,0.0,0.0,0.011328491889299519
2012-04-25,4.953999996185303,5.199999809265137,4.953999996185303,5.170000076293945,135999,0.0,0.0,0.05295320508388057
2012-04-26,5.22599983215332,5.250999927520752,5.010000228881836,5.0920000076293945,152102,0.0,0.0,-0.015087053677659612
2012-04-27,5.051000118255615,5.210999965667725,5.051000118255615,5.210000038146973,114871,0.0,0.0,0.02317361161444964
2012-04-30,5.229000091552734,5.2729997634887695,5.164999961853027,5.198999881744385,91558,0.0,0.0,-0.0021113543804310853
2012-05-02,5.25,5.36299991607666,5.2270002365112305,5.334000110626221,334666,0.0,0.0,0.025966576640224837
2012-05-03,5.361000061035156,5.383999824523926,5.25600004196167,5.269999980926514,211154,0.0,0.0,-0.011998524254284937
2012-05-04,5.250999927520752,5.334000110626221,5.210000038146973,5.21999979019165,253964,0.0,0.0,-0.009487702261067765
2012-05-07,5.1479997634887695,5.579999923706055,5.064000129699707,5.546999931335449,355489,0.0,0.0,0.06264370771781058
2012-05-08,5.540999889373779,5.540999889373779,5.230999946594238,5.263999938964844,405817,0.0,0.0,-0.051018567851770724
2012-05-09,5.302999973297119,5.329999923706055,5.071000099182129,5.144999980926514,205155,0.0,0.0,-0.02260637526939846
2012-05-10,5.177999973297119,5.35699987411499,5.139999866485596,5.331999778747559,239642,0.0,0.0,0.03634592779675194
2012-05-11,5.264999866485596,5.314000129699707,5.169000148773193,5.224999904632568,207406,0.0,0.0,-0.020067494102582906
2012-05-14,5.199999809265137,5.199999809265137,5.050000190734863,5.067999839782715,156345,0.0,0.0,-0.03004785984984515
2012-05-15,5.054999828338623,5.130000114440918,5.00600004196167,5.035999774932861,164924,0.0,0.0,-0.006314140856647166
2012-05-16,5.199999809265137,5.7789998054504395,5.130000114440918,5.716000080108643,855417,0.0,0.0,0.1350278664746063
2012-05-17,5.739999771118164,5.789000034332275,5.619999885559082,5.6519999504089355,269805,0.0,0.0,-0.011196663541420127
2012-05-18,5.552999973297119,5.607999801635742,5.390999794006348,5.454999923706055,235133,0.0,0.0,-0.03485492364320131
2012-05-21,5.443999767303467,5.539999961853027,5.38100004196167,5.4720001220703125,149257,0.0,0.0,0.0031164433734232055
2012-05-22,5.5269999504089355,5.584000110626221,5.300000190734863,5.548999786376953,381194,0.0,0.0,0.014071575765518762
2012-05-23,5.434999942779541,5.49399995803833,5.366000175476074,5.426000118255615,204741,0.0,0.0,-0.022166097108763272
2012-05-24,5.4629998207092285,5.4629998207092285,5.151000022888184,5.300000190734863,705198,0.0,0.0,-0.023221512122130084
2012-05-25,5.329999923706055,5.4019999504089355,5.250999927520752,5.300000190734863,285327,0.0,0.0,0.0
2012-05-28,5.35099983215332,5.480000019073486,5.349999904632568,5.460000038146973,140374,0.0,0.0,0.030188649368694698
2012-05-29,5.499000072479248,5.525000095367432,5.111999988555908,5.269999980926514,1004158,0.0,0.0,-0.03479854503534796
2012-05-30,5.244999885559082,5.395999908447266,5.201000213623047,5.326000213623047,452193,0.0,0.0,0.010626230151653315
2012-05-31,5.349999904632568,5.451000213623047,5.303999900817871,5.414999961853027,383871,0.0,0.0,0.016710428963621515
2012-06-01,5.426000118255615,5.426000118255615,5.179999828338623,5.2789998054504395,293529,0.0,0.0,-0.025115449189411998
2012-06-04,5.2270002365112305,5.25,5.010000228881836,5.084000110626221,345360,0.0,0.0,-0.03693875772128008
2012-06-05,5.09499979019165,5.340000152587891,5.09499979019165,5.302999973297119,224807,0.0,0.0,0.04307628991060808
2012-06-06,5.336999893188477,5.440000057220459,5.331999778747559,5.410999774932861,303932,0.0,0.0,0.020365793358394724
2012-06-07,5.439000129699707,5.534999847412109,5.349999904632568,5.519999980926514,183174,0.0,0.0,0.020144189711226668
2012-06-08,5.460000038146973,5.589000225067139,5.290999889373779,5.565000057220459,237794,0.0,0.0,0.008152187762578977
2012-06-11,5.630000114440918,5.659999847412109,5.427999973297119,5.460999965667725,208721,0.0,0.0,-0.01868824626835297
2012-06-12,5.433000087738037,5.535999774932861,5.36299991607666,5.480000019073486,260384,0.0,0.0,0.0034792260621152593
2012-06-13,5.508999824523926,5.525000095367432,5.340000152587891,5.369999885559082,150515,0.0,0.0,-0.020073016994806903
2012-06-14,5.367000102996826,5.458000183105469,5.2129998207092285,5.295000076293945,142314,0.0,0.0,-0.013966445225972013
2012-06-15,5.308000087738037,5.348999977111816,5.228000164031982,5.290999889373779,213787,0.0,0.0,-0.0007554649409874381
2012-06-18,5.375999927520752,5.448999881744385,5.21999979019165,5.25,151190,0.0,0.0,-0.007748987002649921
2012-06-19,5.27400016784668,5.300000190734863,5.203999996185303,5.269999980926514,106254,0.0,0.0,0.003809520176478731
2012-06-20,5.298999786376953,5.449999809265137,5.267000198364258,5.427000045776367,516630,0.0,0.0,0.02979128376054585
2012-06-21,5.414000034332275,5.572000026702881,5.380000114440918,5.443999767303467,448156,0.0,0.0,0.003132434380635374
2012-06-22,5.361999988555908,5.420000076293945,5.309000015258789,5.343999862670898,247907,0.0,0.0,-0.01836882970369791
2012-06-25,5.340000152587891,5.343999862670898,5.1519999504089355,5.163000106811523,165917,0.0,0.0,-0.03386971566442232
2012-06-26,5.205999851226807,5.2170000076293945,5.059000015258789,5.059999942779541,221346,0.0,0.0,-0.019949673039149185
2012-06-27,5.138000011444092,5.176000118255615,5.099999904632568,5.151000022888184,123215,0.0,0.0,0.017984205758440064
2012-06-28,5.171999931335449,5.197999954223633,5.060999870300293,5.060999870300293,131851,0.0,0.0,-0.017472365014168156
2012-06-29,5.204999923706055,5.320000171661377,5.142000198364258,5.27400016784668,161149,0.0,0.0,0.0420866040318133
2012-07-02,5.341000080108643,5.489999771118164,5.300000190734863,5.419000148773193,241917,0.0,0.0,0.027493359179340926
2012-07-03,5.445000171661377,5.630000114440918,5.445000171661377,5.610000133514404,216391,0.0,0.0,0.03524635163268108
2012-07-04,5.613999843597412,5.690000057220459,5.5329999923706055,5.650000095367432,120214,0.0,0.0,0.007130117807674585
2012-07-05,5.642000198364258,5.697999954223633,5.565000057220459,5.570000171661377,146886,0.0,0.0,-0.014159278293047861
2012-07-06,5.559999942779541,5.565999984741211,5.38700008392334,5.389999866485596,146695,0.0,0.0,-0.03231603224925794
2012-07-09,5.400000095367432,5.400000095367432,5.247000217437744,5.247000217437744,114845,0.0,0.0,-0.026530547790364012
2012-07-10,5.241000175476074,5.301000118255615,5.190000057220459,5.21999979019165,194572,0.0,0.0,-0.005145878812118476
2012-07-11,5.197999954223633,5.390999794006348,5.197999954223633,5.306000232696533,112469,0.0,0.0,0.016475181218680746
2012-07-12,5.27400016784668,5.27400016784668,5.124000072479248,5.150000095367432,149229,0.0,0.0,-0.029400703069668244
2012-07-13,5.166999816894531,5.23199987411499,5.158999919891357,5.21999979019165,146334,0.0,0.0,0.013592173500576399
2012-07-16,5.228000164031982,5.235000133514404,5.091000080108643,5.091000080108643,119723,0.0,0.0,-0.024712589131784535
2012-07-17,5.104000091552734,5.130000114440918,4.931000232696533,4.960000038146973,183275,0.0,0.0,-0.025731691200223783
2012-07-18,4.993000030517578,5.035999774932861,4.921000003814697,5.0,127481,0.0,0.0,0.008064508376086854
2012-07-19,5.00600004196167,5.190000057220459,4.949999809265137,5.190000057220459,164124,0.0,0.0,0.03800001144409171
2012-07-20,5.599999904632568,5.688000202178955,5.425000190734863,5.550000190734863,787285,0.0,0.0,0.06936418681028012
2012-07-23,5.449999809265137,5.495999813079834,5.328999996185303,5.400000095367432,181342,0.0,0.0,-0.02702704328151928
2012-07-24,5.427000045776367,5.448999881744385,5.334000110626221,5.401000022888184,191548,0.0,0.0,0.00018517175983201462
2012-07-25,5.375999927520752,5.4629998207092285,5.301000118255615,5.434999942779541,151019,0.0,0.0,0.006295115672518836
2012-07-26,5.459000110626221,5.639999866485596,5.446000099182129,5.5960001945495605,134867,0.0,0.0,0.029622861723100913
2012-07-27,5.625,5.650000095367432,5.510000228881836,5.510000228881836,109040,0.0,0.0,-0.015368113416344698
2012-07-30,5.546999931335449,5.650000095367432,5.500999927520752,5.53000020980835,189401,0.0,0.0,0.0036297604529451633
2012-07-31,5.557000160217285,5.714000225067139,5.478000164031982,5.619999885559082,121127,0.0,0.0,0.01627480512407642
2012-08-01,5.591000080108643,5.64900016784668,5.521999835968018,5.607999801635742,73199,0.0,0.0,-0.002135246293184956
2012-08-02,5.570000171661377,5.748000144958496,5.315999984741211,5.36899995803833,215931,0.0,0.0,-0.04261766263395739
2012-08-03,5.360000133514404,5.449999809265137,5.323999881744385,5.38700008392334,127895,0.0,0.0,0.003352603096608453
2012-08-06,5.394999980926514,5.665999889373779,5.389999866485596,5.630000114440918,101832,0.0,0.0,0.04510859972747605
2012-08-07,5.6519999504089355,5.699999809265137,5.406000137329102,5.547999858856201,129916,0.0,0.0,-0.014564876361971346
2012-08-08,5.526000022888184,5.550000190734863,5.452000141143799,5.452000141143799,50737,0.0,0.0,-0.01730348236385748
2012-08-09,5.461999893188477,5.5269999504089355,5.361999988555908,5.46999979019165,62970,0.0,0.0,0.0033014762622649574
2012-08-10,5.465000152587891,5.5279998779296875,5.300000190734863,5.480000019073486,123004,0.0,0.0,0.0018281954781365073
2012-08-13,5.459000110626221,5.599999904632568,5.370999813079834,5.435999870300293,89246,0.0,0.0,-0.008029224200738705
2012-08-14,5.468999862670898,5.644999980926514,5.4070000648498535,5.559999942779541,158350,0.0,0.0,0.02281090423800869
2012-08-15,5.559999942779541,5.5879998207092285,5.484000205993652,5.513999938964844,49066,0.0,0.0,-0.008273382066205759
2012-08-16,5.539000034332275,5.701000213623047,5.505000114440918,5.638999938964844,216586,0.0,0.0,0.02266956862235059
2012-08-17,5.699999809265137,5.947000026702881,5.699999809265137,5.860000133514404,318003,0.0,0.0,0.039191380908248474
2012-08-20,5.888999938964844,5.919000148773193,5.6570000648498535,5.710000038146973,142402,0.0,0.0,-0.02559728531566985
2012-08-21,5.747000217437744,6.170000076293945,5.747000217437744,6.050000190734863,334655,0.0,0.0,0.059544684818991556
2012-08-22,6.000999927520752,6.170000076293945,5.939000129699707,6.025000095367432,275762,0.0,0.0,-0.004132247037895498
2012-08-23,6.079999923706055,6.170000076293945,6.006999969482422,6.079999923706055,144556,0.0,0.0,0.00912860206938615
2012-08-24,6.084000110626221,6.2779998779296875,5.886000156402588,6.229000091552734,253954,0.0,0.0,0.024506606861247615
2012-08-27,6.230000019073486,6.230000019073486,6.11299991607666,6.199999809265137,74979,0.0,0.0,-0.004655688210203346
2012-08-28,6.150000095367432,6.163000106811523,6.054999828338623,6.070000171661377,179411,0.0,0.0,-0.02096768412952066
2012-08-29,6.079999923706055,6.139999866485596,6.013000011444092,6.070000171661377,113466,0.0,0.0,0.0
2012-08-30,6.070000171661377,6.199999809265137,5.96999979019165,5.978000164031982,125465,0.0,0.0,-0.015156508241780497
2012-08-31,5.96999979019165,6.090000152587891,5.920000076293945,6.010000228881836,167459,0.0,0.0,0.005352971557677222
2012-09-03,6.01200008392334,6.211999893188477,6.01200008392334,6.170000076293945,110010,0.0,0.0,0.026622269770175677
2012-09-04,6.179999828338623,6.199999809265137,6.079999923706055,6.103000164031982,63854,0.0,0.0,-0.01085898078338543
2012-09-05,6.0920000076293945,6.150000095367432,6.014999866485596,6.070000171661377,144815,0.0,0.0,-0.005407175402860176
2012-09-06,6.079999923706055,6.130000114440918,6.011000156402588,6.110000133514404,207680,0.0,0.0,0.006589779361090065
2012-09-07,6.159999847412109,6.447000026702881,6.150000095367432,6.320000171661377,393732,0.0,0.0,0.034369890926038815
2012-09-10,6.307000160217285,6.349999904632568,6.159999847412109,6.210000038146973,148412,0.0,0.0,-0.01740508394408602
2012-09-11,6.190000057220459,6.379000186920166,6.165999889373779,6.369999885559082,91843,0.0,0.0,0.02576487060052446
2012-09-12,6.376999855041504,6.440000057220459,6.276000022888184,6.440000057220459,186886,0.0,0.0,0.01098903813484653
2012-09-13,6.438000202178955,6.440000057220459,6.291999816894531,6.349999904632568,142825,0.0,0.0,-0.013975178849103154
2012-09-14,6.48799991607666,6.514999866485596,6.38700008392334,6.434000015258789,152138,0.0,0.0,0.013228364076815158
2012-09-17,6.440000057220459,6.534999847412109,6.440000057220459,6.46999979019165,149886,0.0,0.0,0.005595240106851751
2012-09-18,6.449999809265137,6.517000198364258,6.400000095367432,6.479000091552734,102083,0.0,0.0,0.0013910821720162225
2012-09-19,6.5,6.519999980926514,6.459000110626221,6.5,174416,0.0,0.0,0.0032412267557528907
2012-09-20,6.4710001945495605,6.47599983215332,6.311999797821045,6.38100004196167,187375,0.0,0.0,-0.01830768585205078
2012-09-21,6.406000137329102,6.46999979019165,6.406000137329102,6.460000038146973,140288,0.0,0.0,0.01238050394386403
2012-09-24,6.449999809265137,6.46999979019165,6.335999965667725,6.448999881744385,101824,0.0,0.0,-0.0017028105785805714
2012-09-25,6.46999979019165,6.489999771118164,6.4079999923706055,6.449999809265137,202562,0.0,0.0,0.00015505156444217683
2012-09-26,6.379000186920166,6.380000114440918,6.165999889373779,6.193999767303467,112481,0.0,0.0,-0.03968993015998812
2012-09-27,6.2179999351501465,6.324999809265137,6.190000057220459,6.239999771118164,64161,0.0,0.0,0.007426542709529915
2012-09-28,6.289999961853027,6.303999900817871,6.0289998054504395,6.206999778747559,294601,0.0,0.0,-0.005288460509781712
2012-10-01,6.214000225067139,6.300000190734863,6.2129998207092285,6.236000061035156,150272,0.0,0.0,0.004672189998603304
2012-10-02,6.229000091552734,6.28000020980835,6.201000213623047,6.249000072479248,168925,0.0,0.0,0.0020846714748001816
2012-10-03,6.238999843597412,6.238999843597412,6.099999904632568,6.129000186920166,125732,0.0,0.0,-0.019203053955394345
2012-10-04,6.209000110626221,6.229000091552734,6.071000099182129,6.210000038146973,98954,0.0,0.0,0.013215834354136202
2012-10-05,6.25,6.298999786376953,6.179999828338623,6.289999961853027,135617,0.0,0.0,0.01288243530026234
2012-10-08,6.289999961853027,6.298999786376953,6.25,6.260000228881836,88834,0.0,0.0,-0.004769432933725115
2012-10-09,6.269000053405762,6.328999996185303,6.229000091552734,6.309999942779541,200820,0.0,0.0,0.007987174452010581
2012-10-10,6.309000015258789,6.449999809265137,6.210000038146973,6.389999866485596,325285,0.0,0.0,0.012678276455073245
2012-10-11,6.364999771118164,6.447999954223633,6.25,6.390999794006348,71290,0.0,0.0,0.00015648318335603761
2012-10-12,6.375999927520752,6.440000057220459,6.329999923706055,6.427999973297119,90850,0.0,0.0,0.0057894195717971275
2012-10-15,6.432000160217285,6.5,6.432000160217285,6.5,71878,0.0,0.0,0.011200999844738657
2012-10-16,6.5,6.724999904632568,6.5,6.71999979019165,167904,0.0,0.0,0.0338461215679462
2012-10-17,6.7179999351501465,6.7179999351501465,6.650000095367432,6.697999954223633,77131,0.0,0.0,-0.003273785216500791
2012-10-18,6.698999881744385,6.732999801635742,6.650000095367432,6.656000137329102,192454,0.0,0.0,-0.006270501221494751
2012-10-19,6.650000095367432,6.789000034332275,6.650000095367432,6.760000228881836,177085,0.0,0.0,0.01562501343253686
2012-10-22,6.763000011444092,6.949999809265137,6.7220001220703125,6.880000114440918,170574,0.0,0.0,0.017751461759777376
2012-10-23,6.939000129699707,6.939000129699707,6.750999927520752,6.800000190734863,236626,0.0,0.0,-0.011627895694091173
2012-10-24,6.831999778747559,6.895999908447266,6.73199987411499,6.803999900817871,155122,0.0,0.0,0.0005881926427675488
2012-10-25,6.800000190734863,6.848999977111816,6.728000164031982,6.8429999351501465,64138,0.0,0.0,0.0057319275280394155
2012-10-26,6.802999973297119,7.179999828338623,6.802000045776367,7.0,562407,0.0,0.0,0.022943163281852197
2012-10-29,7.171000003814697,7.25,7.019999980926514,7.159999847412109,340901,0.0,0.0,0.02285712105887283
2012-10-30,7.151000022888184,7.300000190734863,7.151000022888184,7.296000003814697,139966,0.0,0.0,0.018994435656551456
2012-10-31,7.296000003814697,7.340000152587891,7.160999774932861,7.169000148773193,277986,0.0,0.0,-0.01740677836829807
2012-11-01,7.170000076293945,7.199999809265137,6.855999946594238,7.11899995803833,384279,0.0,0.0,-0.006974499888024122
2012-11-02,7.110000133514404,7.25,7.073999881744385,7.245999813079834,116101,0.0,0.0,0.017839563954218596
2012-11-05,7.25,7.473999977111816,7.210999965667725,7.380000114440918,319030,0.0,0.0,0.01849300370104867
2012-11-06,7.409999847412109,7.559000015258789,7.409999847412109,7.513000011444092,329353,0.0,0.0,0.01802166598113253
2012-11-07,7.89900016784668,7.97599983215332,7.130000114440918,7.14900016784668,1029059,0.0,0.0,-0.04844933356088821
2012-11-08,7.199999809265137,7.638000011444092,6.815999984741211,7.599999904632568,596987,0.0,0.0,0.06308570795875812
2012-11-09,7.584000110626221,7.625999927520752,7.438000202178955,7.546000003814697,302224,0.0,0.0,-0.007105250196773771
2012-11-12,7.546000003814697,7.5929999351501465,7.425000190734863,7.5,264573,0.0,0.0,-0.006095945373899125
2012-11-13,7.5,7.521999835968018,7.340000152587891,7.474999904632568,200283,0.0,0.0,-0.0033333460489909372
2012-11-14,7.486999988555908,7.488999843597412,7.349999904632568,7.410999774932861,172223,0.0,0.0,-0.008561890370064607
2012-11-15,7.369999885559082,7.425000190734863,7.250999927520752,7.3520002365112305,144098,0.0,0.0,-0.007961076806558887
2012-11-16,7.354000091552734,7.400000095367432,7.11299991607666,7.177000045776367,180035,0.0,0.0,-0.023803071967514855
2012-11-19,7.263999938964844,7.460999965667725,7.263999938964844,7.460999965667725,339636,0.0,0.0,0.03957083991639232
2012-11-20,7.460999965667725,7.489999771118164,7.388999938964844,7.449999809265137,281807,0.0,0.0,-0.0014743541687717299
2012-11-21,7.455999851226807,7.494999885559082,7.380000114440918,7.48199987411499,465579,0.0,0.0,0.004295310828069665
2012-11-22,7.5,7.860000133514404,7.5,7.670000076293945,628104,0.0,0.0,0.02512699884283176
2012-11-23,7.749000072479248,7.96999979019165,7.659999847412109,7.827000141143799,495893,0.0,0.0,0.020469369398717685
2012-11-26,7.829999923706055,7.900000095367432,7.676000118255615,7.833000183105469,259362,0.0,0.0,0.0007665825799758608
2012-11-27,7.860000133514404,7.882999897003174,7.73199987411499,7.791999816894531,273756,0.0,0.0,-0.0052343119178484
2012-11-28,7.7729997634887695,7.909999847412109,7.710999965667725,7.889999866485596,200757,0.0,0.0,0.01257700871329348
2012-11-29,7.920000076293945,7.968999862670898,7.7820000648498535,7.849999904632568,248938,0.0,0.0,-0.005069703742700327
2012-11-30,7.8420000076293945,7.848999977111816,7.711999893188477,7.711999893188477,255825,0.0,0.0,-0.017579619505810773
2012-12-03,7.797999858856201,7.797999858856201,7.646999835968018,7.646999835968018,216752,0.0,0.0,-0.008428430772913997
2012-12-04,7.631999969482422,7.7220001220703125,7.609000205993652,7.630000114440918,151562,0.0,0.0,-0.0022230576555187787
2012-12-05,7.599999904632568,7.639999866485596,7.572000026702881,7.599999904632568,175855,0.0,0.0,-0.003931875407389485
2012-12-06,7.613999843597412,7.697999954223633,7.510000228881836,7.526000022888184,184444,0.0,0.0,-0.009736826667494869
2012-12-07,7.538000106811523,7.849999904632568,7.525000095367432,7.801000118255615,523390,0.0,0.0,0.036540007245694506
2012-12-10,7.8470001220703125,7.875,7.701000213623047,7.828000068664551,334590,0.0,0.0,0.003461088321964123
2012-12-11,7.870999813079834,8.069999694824219,7.815000057220459,8.020000457763672,590640,0.0,0.0,0.024527387252805122
2012-12-12,8.00100040435791,8.038999557495117,7.941999912261963,7.941999912261963,489302,0.0,0.0,-0.009725753248081337
2012-12-13,8.050000190734863,8.07800006866455,7.954999923706055,7.982999801635742,384366,0.0,0.0,0.005162413727866966
2012-12-14,8.045000076293945,8.050000190734863,7.894999980926514,7.926000118255615,460799,0.0,0.0,-0.007140133382998126
2012-12-17,7.927999973297119,8.0,7.883999824523926,7.9120001792907715,416560,0.0,0.0,-0.0017663309053703724
2012-12-18,7.925000190734863,7.929999828338623,7.861000061035156,7.890999794006348,320170,0.0,0.0,-0.0026542447937996094
2012-12-19,7.900000095367432,7.96999979019165,7.716000080108643,7.716000080108643,638571,0.0,0.0,-0.022177128179705075
2012-12-20,7.826000213623047,7.913000106811523,7.723999977111816,7.730000019073486,579346,0.0,0.0,0.001814403683189969
2012-12-21,7.734000205993652,7.849999904632568,7.609000205993652,7.814000129699707,523001,0.0,0.0,0.010866767195207405
2012-12-27,7.820000171661377,7.949999809265137,7.739999771118164,7.929999828338623,292196,0.0,0.0,0.014845110918032978
2012-12-28,7.980000019073486,7.989999771118164,7.829999923706055,7.849999904632568,157016,0.0,0.0,-0.01008826298080956
2013-01-02,7.929999828338623,8.020000457763672,7.929999828338623,7.940000057220459,248716,0.0,0.0,0.011464987730098963
2013-01-03,7.960000038146973,7.980000019073486,7.829999923706055,7.949999809265137,231545,0.0,0.0,0.0012594146061226663
2013-01-04,7.949999809265137,7.949999809265137,7.739999771118164,7.800000190734863,214363,0.0,0.0,-0.01886787699736292
2013-01-07,7.940000057220459,7.960000038146973,7.829999923706055,7.889999866485596,409499,0.0,0.0,0.011538419685891421
2013-01-08,7.909999847412109,7.909999847412109,7.710000038146973,7.769999980926514,437850,0.0,0.0,-0.015209111228101091
2013-01-09,7.829999923706055,7.920000076293945,7.78000020980835,7.900000095367432,394063,0.0,0.0,0.016731031500648363
2013-01-10,7.860000133514404,7.869999885559082,7.539999961853027,7.559999942779541,450329,0.0,0.0,-0.04303799347892001
2013-01-11,7.690000057220459,7.699999809265137,7.550000190734863,7.590000152587891,171620,0.0,0.0,0.003968281750716507
2013-01-14,7.650000095367432,7.670000076293945,7.429999828338623,7.46999979019165,296829,0.0,0.0,-0.015810324108534446
2013-01-15,7.480000019073486,7.510000228881836,7.389999866485596,7.420000076293945,153524,0.0,0.0,-0.006693402316203079
2013-01-16,7.400000095367432,7.449999809265137,7.199999809265137,7.389999866485596,407233,0.0,0.0,-0.004043154919121439
2013-01-17,7.420000076293945,7.590000152587891,7.329999923706055,7.360000133514404,410575,0.0,0.0,-0.004059503858348301
2013-01-18,7.400000095367432,7.460000038146973,7.190000057220459,7.239999771118164,388279,0.0,0.0,-0.016304396768935914
2013-01-21,7.269999980926514,7.369999885559082,7.25,7.349999904632568,219598,0.0,0.0,0.015193389087278408
2013-01-22,7.349999904632568,7.360000133514404,7.230000019073486,7.349999904632568,135852,0.0,0.0,0.0
2013-01-23,7.329999923706055,7.400000095367432,7.239999771118164,7.289999961853027,231166,0.0,0.0,-0.008163257626945586
2013-01-24,7.349999904632568,7.380000114440918,7.25,7.300000190734863,261591,0.0,0.0,0.0013717735163463196
2013-01-25,7.329999923706055,7.360000133514404,7.230000019073486,7.25,288540,0.0,0.0,-0.0068493410175966
2013-01-28,7.300000190734863,7.300000190734863,7.199999809265137,7.230000019073486,143188,0.0,0.0,-0.0027586180588294873
2013-01-29,7.230000019073486,7.260000228881836,7.179999828338623,7.230000019073486,223479,0.0,0.0,0.0
2013-01-30,7.25,7.25,7.079999923706055,7.099999904632568,214627,0.0,0.0,-0.017980652019082166
2013-01-31,7.070000171661377,7.239999771118164,6.989999771118164,7.110000133514404,228473,0.0,0.0,0.0014084829600224946
2013-02-01,7.150000095367432,7.289999961853027,7.090000152587891,7.260000228881836,327450,0.0,0.0,0.02109705943047402
2013-02-04,7.289999961853027,7.300000190734863,7.090000152587891,7.119999885559082,305983,0.0,0.0,-0.01928379323816032
2013-02-05,7.130000114440918,7.210000038146973,7.050000190734863,7.199999809265137,259584,0.0,0.0,0.01123594452133525
2013-02-06,7.239999771118164,7.389999866485596,7.199999809265137,7.389999866485596,419724,0.0,0.0,0.026388897535241984
2013-02-07,7.429999828338623,7.840000152587891,7.400000095367432,7.550000190734863,1002715,0.0,0.0,0.021650923834908964
2013-02-08,7.800000190734863,7.840000152587891,7.570000171661377,7.599999904632568,799740,0.0,0.0,0.006622478494644701
2013-02-11,7.579999923706055,7.619999885559082,7.5,7.53000020980835,392364,0.0,0.0,-0.00921048627665777
2013-02-12,7.550000190734863,7.909999847412109,7.5,7.909999847412109,684228,0.0,0.0,0.05046475790382887
2013-02-13,7.900000095367432,7.920000076293945,7.739999771118164,7.880000114440918,345204,0.0,0.0,-0.0037926338242606494
2013-02-14,7.869999885559082,7.880000114440918,7.690000057220459,7.809999942779541,324291,0.0,0.0,-0.008883270386391806
2013-02-15,7.800000190734863,8.079999923706055,7.75,8.050000190734863,582597,0.0,0.0,0.030729865520320088
2013-02-18,8.050000190734863,8.069999694824219,7.909999847412109,7.909999847412109,203361,0.0,0.0,-0.017391346584548772
2013-02-19,7.929999828338623,8.050000190734863,7.909999847412109,7.96999979019165,573907,0.0,0.0,0.0075853279313489175
2013-02-20,7.920000076293945,8.029999732971191,7.909999847412109,7.909999847412109,220213,0.0,0.0,-0.007528223884444851
2013-02-21,7.820000171661377,7.849999904632568,7.599999904632568,7.670000076293945,347093,0.0,0.0,-0.03034131172539578
2013-02-22,7.71999979019165,7.860000133514404,7.71999979019165,7.820000171661377,412332,0.0,0.0,0.019556726711261074
2013-02-25,7.840000152587891,8.039999961853027,7.829999923706055,7.889999866485596,282303,0.0,0.0,0.008951367428083667
2013-02-26,7.699999809265137,7.840000152587891,7.639999866485596,7.78000020980835,282129,0.0,0.0,-0.013941655074608095
2013-02-27,7.809999942779541,8.020000457763672,7.800000190734863,8.0,258448,0.0,0.0,0.02827760723120476
2013-02-28,8.020000457763672,8.489999771118164,8.010000228881836,8.390000343322754,1027816,0.0,0.0,0.04875004291534424
2013-03-01,8.380000114440918,8.4399995803833,8.289999961853027,8.369999885559082,401826,0.0,0.0,-0.0023838446895403376
2013-03-04,8.369999885559082,8.380000114440918,8.229999542236328,8.319999694824219,244413,0.0,0.0,-0.005973738520729244
2013-03-05,8.380000114440918,8.460000038146973,8.350000381469727,8.399999618530273,205179,0.0,0.0,0.009615375798129211
2013-03-06,8.420000076293945,8.670000076293945,8.380000114440918,8.619999885559082,698355,0.0,0.0,0.026190509169011333
2013-03-07,8.649999618530273,9.010000228881836,8.59000015258789,8.800000190734863,760547,0.0,0.0,0.020881706214095352
2013-03-08,8.8100004196167,9.039999961853027,8.680000305175781,8.789999961853027,519180,0.0,0.0,-0.0011363896210325741
2013-03-11,8.770000457763672,8.84000015258789,8.630000114440918,8.8100004196167,257813,0.0,0.0,0.002275364943170599
2013-03-12,8.800000190734863,8.800000190734863,8.569999694824219,8.569999694824219,276317,0.0,0.0,-0.02724185168687221
2013-03-13,8.569999694824219,8.710000038146973,8.539999961853027,8.6899995803833,148224,0.0,0.0,0.014002320867240625
2013-03-14,8.710000038146973,8.819999694824219,8.680000305175781,8.819999694824219,238089,0.0,0.0,0.014959737712114451
2013-03-15,8.850000381469727,8.920000076293945,8.649999618530273,8.699999809265137,646082,0.0,0.0,-0.013605429672463698
2013-03-18,8.59000015258789,8.850000381469727,8.550000190734863,8.819999694824219,150900,0.0,0.0,0.01379309059654088
2013-03-19,8.819999694824219,8.859999656677246,8.600000381469727,8.609999656677246,199338,0.0,0.0,-0.023809528958397275
2013-03-20,8.649999618530273,8.880000114440918,8.640000343322754,8.770000457763672,330689,0.0,0.0,0.018583136755684126
2013-03-21,8.75,8.8100004196167,8.600000381469727,8.710000038146973,213288,0.0,0.0,-0.006841552620853508
2013-03-22,8.649999618530273,8.710000038146973,8.5600004196167,8.609999656677246,187628,0.0,0.0,-0.011481100003646105
2013-03-25,8.65999984741211,8.779999732971191,8.569999694824219,8.609999656677246,195337,0.0,0.0,0.0
2013-03-26,8.600000381469727,8.680000305175781,8.5,8.619999885559082,116078,0.0,0.0,0.0011614668154000807
2013-03-27,8.640000343322754,8.65999984741211,8.3100004196167,8.5,280445,0.0,0.0,-0.013921100597706015
2013-03-28,8.5,8.5600004196167,8.350000381469727,8.430000305175781,128080,0.0,0.0,-0.008235258214614016
2013-04-02,8.479999542236328,8.5,8.399999618530273,8.5,182158,0.0,0.0,0.0083036408410615
2013-04-03,8.539999961853027,8.569999694824219,8.40999984741211,8.4399995803833,89050,0.0,0.0,-0.007058872896082313
2013-04-04,8.460000038146973,8.470000267028809,8.170000076293945,8.34000015258789,346810,0.0,0.0,-0.011848274024543137
2013-04-05,8.300000190734863,8.399999618530273,8.069999694824219,8.109999656677246,189651,0.0,0.0,-0.027577996607023536
2013-04-08,8.149999618530273,8.279999732971191,8.130000114440918,8.199999809265137,124293,0.0,0.0,0.01109742988876583
2013-04-09,8.229999542236328,8.270000457763672,8.119999885559082,8.199999809265137,139032,0.0,0.0,0.0
2013-04-10,8.1899995803833,8.270000457763672,8.069999694824219,8.270000457763672,296382,0.0,0.0,0.008536664649606562
2013-04-11,8.25,8.449999809265137,8.25,8.369999885559082,156096,0.0,0.0,0.012091828568344676
2013-04-12,8.380000114440918,8.399999618530273,8.109999656677246,8.210000038146973,188447,0.0,0.0,-0.019115872114665144
2013-04-15,8.180000305175781,8.180000305175781,7.929999828338623,8.0,164027,0.0,0.0,-0.025578567255935214
2013-04-16,7.960000038146973,8.020000457763672,7.869999885559082,7.960000038146973,154288,0.0,0.0,-0.004999995231628418
2013-04-17,7.989999771118164,8.029999732971191,7.860000133514404,7.900000095367432,199297,0.0,0.0,-0.0075376812175881325
2013-04-18,7.929999828338623,7.960000038146973,7.619999885559082,7.650000095367432,330912,0.0,0.0,-0.03164556923823336
2013-04-19,7.699999809265137,7.989999771118164,7.670000076293945,7.989999771118164,217296,0.0,0.0,0.04444440150486062
2013-04-22,8.010000228881836,8.039999961853027,7.800000190734863,7.869999885559082,194821,0.0,0.0,-0.015018759574042972
2013-04-23,7.909999847412109,8.329999923706055,7.909999847412109,8.239999771118164,286976,0.0,0.0,0.04701396327057217
2013-04-24,8.220000267028809,8.369999885559082,8.210000038146973,8.359999656677246,140141,0.0,0.0,0.014563093312173425
2013-04-25,8.380000114440918,8.59000015258789,8.350000381469727,8.539999961853027,311680,0.0,0.0,0.021531137866974914
2013-04-26,8.5,8.539999961853027,8.460000038146973,8.5,264367,0.0,0.0,-0.004683836303477906
2013-04-29,8.5,8.539999961853027,8.34000015258789,8.420000076293945,166602,0.0,0.0,-0.009411755730124094
2013-04-30,8.460000038146973,8.5600004196167,8.430000305175781,8.470000267028809,164495,0.0,0.0,0.005938264879074673
2013-05-02,8.449999809265137,8.59000015258789,8.4399995803833,8.59000015258789,299712,0.0,0.0,0.01416763657330744
2013-05-03,8.59000015258789,8.619999885559082,8.430000305175781,8.460000038146973,145186,0.0,0.0,-0.01513388965444351
2013-05-06,8.449999809265137,8.5,8.359999656677246,8.489999771118164,99211,0.0,0.0,0.0035460677111016636
2013-05-07,8.479999542236328,8.600000381469727,8.449999809265137,8.539999961853027,142523,0.0,0.0,0.00588930413225186
2013-05-08,8.569999694824219,8.729999542236328,8.539999961853027,8.680000305175781,267962,0.0,0.0,0.016393482897905765
2013-05-09,8.680000305175781,8.739999771118164,8.489999771118164,8.539999961853027,165774,0.0,0.0,-0.016129071244303184
2013-05-10,8.550000190734863,8.640000343322754,8.539999961853027,8.640000343322754,76237,0.0,0.0,0.01170964659442797
2013-05-13,8.670000076293945,8.699999809265137,8.5600004196167,8.569999694824219,78296,0.0,0.0,-0.008101926587610997
2013-05-14,8.569999694824219,8.640000343322754,8.449999809265137,8.600000381469727,114656,0.0,0.0,0.0035006636772259014
2013-05-15,8.609999656677246,8.739999771118164,8.5600004196167,8.630000114440918,99248,0.0,0.0,0.003488340888429642
2013-05-16,8.899999618530273,9.489999771118164,8.850000381469727,9.489999771118164,1781352,0.0,0.0,0.09965233433058418
2013-05-17,9.449999809265137,9.800000190734863,9.359999656677246,9.779999732971191,814876,0.0,0.0,0.03055847933059086
2013-05-20,9.729999542236328,9.970000267028809,9.630000114440918,9.890000343322754,452248,0.0,0.0,0.011247506478013314
2013-05-21,9.800000190734863,9.890000343322754,9.5600004196167,9.789999961853027,451307,0.0,0.0,-0.010111261678291239
2013-05-22,9.760000228881836,9.800000190734863,9.649999618530273,9.75,378890,0.0,0.0,-0.004085797958007009
2013-05-23,9.579999923706055,9.75,9.470000267028809,9.6899995803833,333776,0.0,0.0,-0.006153889191456319
2013-05-24,9.6899995803833,9.8100004196167,9.600000381469727,9.75,460261,0.0,0.0,0.006191994036631954
2013-05-27,9.75,9.829999923706055,9.720000267028809,9.770000457763672,118134,0.0,0.0,0.002051329001402147
2013-05-28,9.800000190734863,10.069999694824219,9.770000457763672,10.029999732971191,471744,0.0,0.0,0.026612002356756648
2013-05-29,10.0,10.199999809265137,9.949999809265137,10.0600004196167,923553,0.0,0.0,0.0029910954580474325
2013-05-30,10.09000015258789,10.34000015258789,10.0600004196167,10.199999809265137,665711,0.0,0.0,0.013916439742432063
2013-05-31,10.170000076293945,10.300000190734863,10.029999732971191,10.119999885559082,716594,0.0,0.0,-0.007843129921765946
2013-06-03,10.0600004196167,10.109999656677246,9.970000267028809,10.0,354192,0.0,0.0,-0.011857696335581758
2013-06-04,10.039999961853027,10.170000076293945,10.010000228881836,10.119999885559082,222800,0.0,0.0,0.011999988555908114
2013-06-05,10.180000305175781,10.319999694824219,10.069999694824219,10.180000305175781,188864,0.0,0.0,0.005928895286087643
2013-06-06,10.220000267028809,10.350000381469727,10.119999885559082,10.25,228081,0.0,0.0,0.006876197713729937
2013-06-07,10.199999809265137,10.289999961853027,10.050000190734863,10.149999618530273,399853,0.0,0.0,-0.009756134777534342
2013-06-10,10.199999809265137,10.640000343322754,10.199999809265137,10.529999732971191,462324,0.0,0.0,0.03743843632734456
2013-06-11,10.529999732971191,10.550000190734863,10.300000190734863,10.380000114440918,321932,0.0,0.0,-0.01424497837930605
2013-06-12,10.350000381469727,10.420000076293945,10.239999771118164,10.25,182940,0.0,0.0,-0.012524095665476742
2013-06-13,10.199999809265137,10.319999694824219,10.109999656677246,10.300000190734863,217796,0.0,0.0,0.004878067388767171
2013-06-14,10.420000076293945,10.430000305175781,10.1899995803833,10.239999771118164,185843,0.0,0.0,-0.005825283350059718
2013-06-17,10.270000457763672,10.380000114440918,10.149999618530273,10.300000190734863,172323,0.0,0.0,0.005859416109161408
2013-06-18,10.300000190734863,10.449999809265137,10.199999809265137,10.449999809265137,227508,0.0,0.0,0.014563069490542535
2013-06-19,10.4399995803833,10.460000038146973,10.25,10.420000076293945,192847,0.0,0.0,-0.0028707878965311684
2013-06-20,10.319999694824219,10.319999694824219,9.979999542236328,10.149999618530273,342513,0.0,0.0,-0.02591175199489082
2013-06-21,10.100000381469727,10.1899995803833,10.0,10.0,218659,0.0,0.0,-0.014778288095344094
2013-06-24,9.960000038146973,9.989999771118164,9.630000114440918,9.720000267028809,348680,0.0,0.0,-0.02799997329711912
2013-06-25,9.720000267028809,10.079999923706055,9.720000267028809,10.0,199652,0.0,0.0,0.02880655609866367
2013-06-26,10.0,10.100000381469727,9.930000305175781,10.050000190734863,161302,0.0,0.0,0.005000019073486239
2013-06-27,10.100000381469727,10.149999618530273,9.920000076293945,10.140000343322754,125760,0.0,0.0,0.008955238893513906
2013-06-28,10.140000343322754,10.220000267028809,10.020000457763672,10.0600004196167,171426,0.0,0.0,-0.007889538559901044
2013-07-01,10.050000190734863,10.479999542236328,10.050000190734863,10.479999542236328,280140,0.0,0.0,0.04174941402593224
2013-07-02,10.479999542236328,10.479999542236328,10.329999923706055,10.420000076293945,156405,0.0,0.0,-0.0057251401300709714
2013-07-03,10.3100004196167,10.430000305175781,10.220000267028809,10.40999984741211,180133,0.0,0.0,-0.0009597148568728509
2013-07-04,10.430000305175781,10.569999694824219,10.380000114440918,10.569999694824219,205823,0.0,0.0,0.01536982226295458
2013-07-05,10.59000015258789,10.75,10.449999809265137,10.75,268440,0.0,0.0,0.017029357651156873
2013-07-08,10.779999732971191,11.220000267028809,10.680000305175781,11.210000038146973,532856,0.0,0.0,0.04279070122297424
2013-07-09,11.220000267028809,11.430000305175781,11.140000343322754,11.3100004196167,323936,0.0,0.0,0.008920640600306173
2013-07-10,10.90999984741211,11.300000190734863,10.649999618530273,11.300000190734863,618344,0.0,0.0,-0.0008841935022824154
2013-07-11,11.319999694824219,11.539999961853027,11.199999809265137,11.529999732971191,485539,0.0,0.0,0.02035394144726732
2013-07-12,11.529999732971191,11.600000381469727,11.449999809265137,11.579999923706055,342807,0.0,0.0,0.004336530086109347
2013-07-15,11.600000381469727,11.800000190734863,11.550000190734863,11.800000190734863,347044,0.0,0.0,0.018998296068934772
2013-07-16,11.800000190734863,11.850000381469727,11.710000038146973,11.789999961853027,303548,0.0,0.0,-0.0008474770101858375
2013-07-17,11.789999961853027,11.800000190734863,11.59000015258789,11.729999542236328,180601,0.0,0.0,-0.005089094131538019
2013-07-18,11.720000267028809,11.770000457763672,11.619999885559082,11.699999809265137,295678,0.0,0.0,-0.002557522092236364
2013-07-19,11.539999961853027,11.640000343322754,11.300000190734863,11.550000190734863,505453,0.0,0.0,-0.012820480425263736
2013-07-22,11.5,11.789999961853027,11.380000114440918,11.75,396390,0.0,0.0,0.01731600051622273
2013-07-23,11.75,11.779999732971191,11.529999732971191,11.640000343322754,230945,0.0,0.0,-0.009361672908701824
2013-07-24,11.649999618530273,11.760000228881836,11.640000343322754,11.720000267028809,186080,0.0,0.0,0.006872845476499245
2013-07-25,11.649999618530273,11.770000457763672,11.600000381469727,11.729999542236328,198549,0.0,0.0,0.0008531804590183878
2013-07-26,11.75,11.75,11.550000190734863,11.619999885559082,189750,0.0,0.0,-0.009377635206307522
2013-07-29,11.680000305175781,11.6899995803833,11.40999984741211,11.5,291096,0.0,0.0,-0.010327012628305932
2013-07-30,11.5,11.5,11.300000190734863,11.34000015258789,305352,0.0,0.0,-0.013913030209748656
2013-07-31,11.300000190734863,11.489999771118164,11.140000343322754,11.470000267028809,450008,0.0,0.0,0.01146385473471545
2013-08-01,11.489999771118164,11.800000190734863,11.470000267028809,11.789999961853027,305678,0.0,0.0,0.02789883935260895
2013-08-02,11.789999961853027,11.800000190734863,11.680000305175781,11.710000038146973,140799,0.0,0.0,-0.0067854049164459695
2013-08-05,11.699999809265137,11.800000190734863,11.6899995803833,11.800000190734863,139348,0.0,0.0,0.007685751690410081
2013-08-06,11.789999961853027,11.800000190734863,11.729999542236328,11.800000190734863,245036,0.0,0.0,0.0
2013-08-07,11.699999809265137,11.829999923706055,11.699999809265137,11.800000190734863,181145,0.0,0.0,0.0
2013-08-08,11.789999961853027,11.869999885559082,11.779999732971191,11.869999885559082,131608,0.0,0.0,0.005932177431588581
2013-08-09,11.890000343322754,12.0,11.800000190734863,11.960000038146973,187524,0.0,0.0,0.0075821527763773044
2013-08-12,11.960000038146973,12.050000190734863,11.920000076293945,12.0,243154,0.0,0.0,0.0033444784051375187
2013-08-13,12.0,12.050000190734863,11.930000305175781,11.970000267028809,234269,0.0,0.0,-0.002499977747599247
2013-08-14,11.979999542236328,11.989999771118164,11.850000381469727,11.949999809265137,114053,0.0,0.0,-0.0016708819814117426
2013-08-15,11.90999984741211,11.930000305175781,11.600000381469727,11.680000305175781,220011,0.0,0.0,-0.022594101121241716
2013-08-16,11.630000114440918,11.850000381469727,11.630000114440918,11.850000381469727,101931,0.0,0.0,0.014554800672275103
2013-08-19,11.880000114440918,11.880000114440918,11.739999771118164,11.819999694824219,184465,0.0,0.0,-0.0025317034328894428
2013-08-20,11.75,11.75,11.460000038146973,11.619999885559082,190727,0.0,0.0,-0.01692045807350684
2013-08-21,11.680000305175781,11.880000114440918,11.640000343322754,11.800000190734863,229479,0.0,0.0,0.015490559978359242
2013-08-22,11.90999984741211,12.1899995803833,11.90999984741211,12.119999885559082,425586,0.0,0.0,0.027118617767097675
2013-08-23,12.180000305175781,12.25,12.09000015258789,12.15999984741211,258814,0.0,0.0,0.003300326916725993
2013-08-26,12.170000076293945,12.199999809265137,11.920000076293945,12.0,106902,0.0,0.0,-0.013157882353605488
2013-08-27,11.930000305175781,11.949999809265137,11.539999961853027,11.600000381469727,206429,0.0,0.0,-0.03333330154418945
2013-08-28,11.520000457763672,11.569999694824219,11.220000267028809,11.520000457763672,299102,0.0,0.0,-0.00689654492027858
2013-08-29,11.569999694824219,11.670000076293945,11.510000228881836,11.59000015258789,120524,0.0,0.0,0.006076362156482773
2013-08-30,11.649999618530273,11.6899995803833,11.390000343322754,11.430000305175781,164814,0.0,0.0,-0.013804990966836517
2013-09-02,11.5,11.729999542236328,11.5,11.600000381469727,256570,0.0,0.0,0.014873147135172404
2013-09-03,11.640000343322754,11.720000267028809,11.489999771118164,11.619999885559082,193676,0.0,0.0,0.0017240951234194224
2013-09-04,11.640000343322754,11.649999618530273,11.550000190734863,11.640000343322754,266050,0.0,0.0,0.0017212098072847404
2013-09-05,11.619999885559082,11.800000190734863,11.600000381469727,11.770000457763672,258973,0.0,0.0,0.011168394382006452
2013-09-06,11.789999961853027,11.949999809265137,11.720000267028809,11.829999923706055,380364,0.0,0.0,0.005097660459546294
2013-09-09,11.800000190734863,11.9399995803833,11.710000038146973,11.729999542236328,178258,0.0,0.0,-0.008453117676639699
2013-09-10,11.800000190734863,11.90999984741211,11.739999771118164,11.859999656677246,265340,0.0,0.0,0.011082704135906063
2013-09-11,11.890000343322754,11.949999809265137,11.760000228881836,11.949999809265137,323257,0.0,0.0,0.007588545969073435
2013-09-12,11.930000305175781,11.930000305175781,11.789999961853027,11.84000015258789,252489,0.0,0.0,-0.009204992337486062
2013-09-13,11.84000015258789,11.880000114440918,11.770000457763672,11.869999885559082,418979,0.0,0.0,0.0025337611980211783
2013-09-16,11.920000076293945,11.949999809265137,11.880000114440918,11.9399995803833,253891,0.0,0.0,0.00589719422907331
2013-09-17,11.90999984741211,11.930000305175781,11.770000457763672,11.850000381469727,198918,0.0,0.0,-0.007537621614446044
2013-09-18,11.890000343322754,11.9399995803833,11.779999732971191,11.90999984741211,334503,0.0,0.0,0.005063245908093483
2013-09-19,11.970000267028809,11.989999771118164,11.800000190734863,11.829999923706055,269282,0.0,0.0,-0.006717038180603985
2013-09-20,11.819999694824219,11.850000381469727,11.699999809265137,11.789999961853027,229925,0.0,0.0,-0.0033812309476749514
2013-09-23,11.760000228881836,11.789999961853027,11.449999809265137,11.460000038146973,234190,0.0,0.0,-0.027989815502441173
2013-09-24,11.479999542236328,11.479999542236328,11.069999694824219,11.229999542236328,436345,0.0,0.0,-0.02006985123429672
2013-09-25,11.199999809265137,11.579999923706055,11.069999694824219,11.449999809265137,435001,0.0,0.0,0.019590407479660232
2013-09-26,11.449999809265137,11.65999984741211,11.34000015258789,11.600000381469727,431476,0.0,0.0,0.013100486873651507
2013-09-27,11.579999923706055,11.680000305175781,11.489999771118164,11.619999885559082,191346,0.0,0.0,0.0017240951234194224
2013-09-30,11.510000228881836,11.529999732971191,11.329999923706055,11.430000305175781,277569,0.0,0.0,-0.016351082810200812
2013-10-01,11.460000038146973,11.970000267028809,11.380000114440918,11.859999656677246,468259,0.0,0.0,0.03762023972184414
2013-10-02,11.8100004196167,11.859999656677246,11.640000343322754,11.640000343322754,515231,0.0,0.0,-0.018549689689968174
2013-10-03,11.25,11.5,10.949999809265137,11.020000457763672,1609116,0.0,0.0,-0.053264593408259064
2013-10-04,11.050000190734863,11.319999694824219,11.020000457763672,11.289999961853027,478595,0.0,0.0,0.02450086142230057
2013-10-07,11.239999771118164,11.260000228881836,11.0600004196167,11.180000305175781,598797,0.0,0.0,-0.009743105141622355
2013-10-08,11.1899995803833,11.329999923706055,10.979999542236328,11.0,520159,0.0,0.0,-0.016100205747977547
2013-10-09,10.960000038146973,10.960000038146973,10.479999542236328,10.550000190734863,927540,0.0,0.0,-0.04090907356955786
2013-10-10,10.279999732971191,10.6899995803833,10.109999656677246,10.5600004196167,1189403,0.0,0.0,0.0009478889764018561
2013-10-11,10.579999923706055,11.100000381469727,10.569999694824219,11.010000228881836,773343,0.0,0.0,0.04261361660830976
2013-10-14,11.010000228881836,11.109999656677246,10.800000190734863,10.890000343322754,243917,0.0,0.0,-0.010899171940459529
2013-10-15,10.970000267028809,11.100000381469727,10.899999618530273,11.09000015258789,357633,0.0,0.0,0.018365454817250493
2013-10-16,8.010000228881836,8.779999732971191,7.550000190734863,8.1899995803833,8440897,0.0,0.0,-0.2614968920021038
2013-10-17,8.329999923706055,8.800000190734863,8.029999732971191,8.800000190734863,2681149,0.0,0.0,0.07448115282113532
2013-10-18,9.3100004196167,9.319999694824219,8.920000076293945,9.029999732971191,2541010,0.0,0.0,0.02613631105127534
2013-10-21,9.140000343322754,9.149999618530273,8.789999961853027,8.890000343322754,1031123,0.0,0.0,-0.015503808835924837
2013-10-22,8.989999771118164,8.989999771118164,8.609999656677246,8.699999809265137,982517,0.0,0.0,-0.021372387707535467
2013-10-23,8.6899995803833,8.6899995803833,8.520000457763672,8.680000305175781,653382,0.0,0.0,-0.0022987936238868523
2013-10-24,8.729999542236328,9.0,8.609999656677246,8.989999771118164,783978,0.0,0.0,0.03571422293125193
2013-10-25,9.010000228881836,9.010000228881836,8.789999961853027,8.869999885559082,440369,0.0,0.0,-0.013348152237400601
2013-10-28,8.979999542236328,8.979999542236328,8.75,8.819999694824219,382124,0.0,0.0,-0.005637000155576888
2013-10-29,8.829999923706055,8.949999809265137,8.770000457763672,8.920000076293945,503647,0.0,0.0,0.01133791212355817
2013-10-30,8.960000038146973,9.25,8.899999618530273,9.25,903601,0.0,0.0,0.036995506825506785
2013-10-31,9.3100004196167,9.5,9.199999809265137,9.479999542236328,989670,0.0,0.0,0.02486481537690044
2013-11-01,9.399999618530273,9.399999618530273,9.170000076293945,9.270000457763672,335569,0.0,0.0,-0.02215180322921384
2013-11-04,9.369999885559082,9.449999809265137,9.210000038146973,9.260000228881836,399114,0.0,0.0,-0.001078773288890278
2013-11-05,9.359999656677246,9.359999656677246,9.149999618530273,9.210000038146973,350337,0.0,0.0,-0.005399588498811614
2013-11-06,9.289999961853027,9.449999809265137,8.899999618530273,9.449999809265137,845101,0.0,0.0,0.026058606962443776
2013-11-07,9.479999542236328,9.529999732971191,9.359999656677246,9.479999542236328,600754,0.0,0.0,0.0031745749816607383
2013-11-08,9.399999618530273,9.520000457763672,9.229999542236328,9.460000038146973,384607,0.0,0.0,-0.0021096524319702548
2013-11-11,9.5,9.529999732971191,9.300000190734863,9.520000457763672,381233,0.0,0.0,0.006342539045956608
2013-11-12,9.539999961853027,9.59000015258789,9.40999984741211,9.479999542236328,376422,0.0,0.0,-0.0042017766390675115
2013-11-13,9.420000076293945,9.59000015258789,9.239999771118164,9.40999984741211,687658,0.0,0.0,-0.007383934409737947
2013-11-14,9.529999732971191,9.649999618530273,9.470000267028809,9.640000343322754,610489,0.0,0.0,0.024442135987270852
2013-11-15,9.6899995803833,10.199999809265137,9.649999618530273,9.920000076293945,1353428,0.0,0.0,0.02904561441900122
2013-11-18,10.0,10.300000190734863,9.829999923706055,9.930000305175781,774823,0.0,0.0,0.0010080875811415702
2013-11-19,10.0,10.039999961853027,9.75,9.970000267028809,521573,0.0,0.0,0.004028193416286019
2013-11-20,10.0,10.0,9.720000267028809,9.789999961853027,283278,0.0,0.0,-0.018054192613319087
2013-11-21,9.729999542236328,9.75,9.470000267028809,9.579999923706055,598110,0.0,0.0,-0.021450463632813332
2013-11-22,9.640000343322754,9.729999542236328,9.550000190734863,9.630000114440918,266562,0.0,0.0,0.005219226631843377
2013-11-25,9.65999984741211,9.829999923706055,9.609999656677246,9.649999618530273,268337,0.0,0.0,0.0020767916772259642
2013-11-26,9.710000038146973,9.710000038146973,9.579999923706055,9.710000038146973,361084,0.0,0.0,0.006217660309694173
2013-11-27,9.760000228881836,9.890000343322754,9.529999732971191,9.890000343322754,457722,0.0,0.0,0.01853762146947746
2013-11-28,9.979999542236328,9.979999542236328,9.630000114440918,9.680000305175781,482484,0.0,0.0,-0.021233572381901378
2013-11-29,9.65999984741211,9.75,9.59000015258789,9.6899995803833,289255,0.0,0.0,0.0010329829434172488
2013-12-02,9.720000267028809,9.829999923706055,9.640000343322754,9.760000228881836,311189,0.0,0.0,0.007224009445804924
2013-12-03,9.770000457763672,9.770000457763672,9.5600004196167,9.5600004196167,310067,0.0,0.0,-0.02049178325562906
2013-12-04,9.6899995803833,9.699999809265137,9.399999618530273,9.510000228881836,291850,0.0,0.0,-0.005230145244791484
2013-12-05,9.59000015258789,9.65999984741211,9.510000228881836,9.569999694824219,248730,0.0,0.0,0.006309091955662094
2013-12-06,9.619999885559082,9.710000038146973,9.5,9.699999809265137,247406,0.0,0.0,0.013584129423872993
2013-12-09,9.710000038146973,9.979999542236328,9.670000076293945,9.979999542236328,406487,0.0,0.0,0.028865952420302543
2013-12-10,9.989999771118164,10.0,9.710000038146973,9.75,421877,0.0,0.0,-0.023046047373343814
2013-12-11,9.720000267028809,9.760000228881836,9.619999885559082,9.640000343322754,256671,0.0,0.0,-0.01128201606946111
2013-12-12,9.670000076293945,9.680000305175781,9.40999984741211,9.569999694824219,281031,0.0,0.0,-0.007261477801400851
2013-12-13,9.600000381469727,9.680000305175781,9.510000228881836,9.510000228881836,282499,0.0,0.0,-0.0062695368710233845
2013-12-16,9.520000457763672,9.670000076293945,9.5,9.579999923706055,291874,0.0,0.0,0.007360640708675259
2013-12-17,9.569999694824219,9.59000015258789,9.25,9.300000190734863,450816,0.0,0.0,-0.029227529770467164
2013-12-18,9.319999694824219,9.569999694824219,9.09000015258789,9.470000267028809,825208,0.0,0.0,0.018279577721225015
2013-12-19,9.630000114440918,9.699999809265137,9.489999771118164,9.65999984741211,349093,0.0,0.0,0.02006331309670739
2013-12-20,9.699999809265137,9.989999771118164,9.550000190734863,9.960000038146973,525059,0.0,0.0,0.031055920856482455
2013-12-23,9.979999542236328,10.069999694824219,9.8100004196167,10.020000457763672,369605,0.0,0.0,0.006024138492660258
2013-12-24,10.010000228881836,10.069999694824219,9.90999984741211,10.0,109871,0.0,0.0,-0.001996053577839385
2013-12-27,10.045000076293945,10.229999542236328,10.024999618530273,10.149999618530273,452116,0.0,0.0,0.014999961853027433
2013-12-30,10.15999984741211,10.289999961853027,10.09000015258789,10.239999771118164,209784,0.0,0.0,0.008867010440432255
2013-12-31,10.289999961853027,10.289999961853027,10.210000038146973,10.279999732971191,91453,0.0,0.0,0.003906246362021193
2014-01-02,10.279999732971191,10.289999961853027,9.96399974822998,10.005000114440918,329212,0.0,0.0,-0.0267509363495666
2014-01-03,10.010000228881836,10.145000457763672,9.888999938964844,10.0600004196167,243476,0.0,0.0,0.005497281813759747
2014-01-06,10.199999809265137,10.225000381469727,10.024999618530273,10.039999961853027,223938,0.0,0.0,-0.001988116990996547
2014-01-07,10.055000305175781,10.289999961853027,9.930000305175781,10.260000228881836,429286,0.0,0.0,0.021912377277360395
2014-01-08,10.524999618530273,11.010000228881836,10.510000228881836,10.899999618530273,1434496,0.0,0.0,0.0623781067613276
2014-01-09,10.920000076293945,10.949999809265137,10.649999618530273,10.6850004196167,452734,0.0,0.0,-0.019724697838343963
2014-01-10,10.710000038146973,10.75,10.524999618530273,10.720000267028809,313456,0.0,0.0,0.0032756056188685267
2014-01-13,10.800000190734863,10.829999923706055,10.675000190734863,10.829999923706055,211076,0.0,0.0,0.010261161747874947
2014-01-14,10.699999809265137,10.699999809265137,10.194999694824219,10.3100004196167,717667,0.0,0.0,-0.04801472832433873
2014-01-15,10.494999885559082,10.649999618530273,10.420000076293945,10.59000015258789,348783,0.0,0.0,0.02715807192776043
2014-01-16,10.609999656677246,10.640000343322754,10.359999656677246,10.460000038146973,290747,0.0,0.0,-0.01227574245210461
2014-01-17,10.449999809265137,10.609999656677246,10.399999618530273,10.5,414639,0.0,0.0,0.0038240881173183805
2014-01-20,10.520000457763672,10.65999984741211,10.520000457763672,10.59000015258789,175949,0.0,0.0,0.008571443103608578
2014-01-21,10.6850004196167,10.71500015258789,10.494999885559082,10.59000015258789,214400,0.0,0.0,0.0
2014-01-22,10.600000381469727,10.744999885559082,10.449999809265137,10.744999885559082,221630,0.0,0.0,0.014636424054565556
2014-01-23,10.729999542236328,10.949999809265137,10.609999656677246,10.694999694824219,368477,0.0,0.0,-0.004653344929492431
2014-01-24,10.699999809265137,10.800000190734863,10.479999542236328,10.569999694824219,225570,0.0,0.0,-0.011687704868331372
2014-01-27,10.5,10.5,10.010000228881836,10.210000038146973,534689,0.0,0.0,-0.034058625077683424
2014-01-28,10.21500015258789,10.289999961853027,10.0600004196167,10.234999656677246,288563,0.0,0.0,0.0024485424521909493
2014-01-29,10.300000190734863,10.300000190734863,10.010000228881836,10.270000457763672,314638,0.0,0.0,0.003419716879383694
2014-01-30,10.25,10.350000381469727,10.050000190734863,10.09000015258789,227257,0.0,0.0,-0.017526805954493296
2014-01-31,10.114999771118164,10.609999656677246,10.100000381469727,10.369999885559082,376140,0.0,0.0,0.027750220885712995
2014-02-03,10.390000343322754,10.479999542236328,10.0,10.114999771118164,400943,0.0,0.0,-0.024590175241566037
2014-02-04,10.024999618530273,10.135000228881836,9.800000190734863,10.050000190734863,321324,0.0,0.0,-0.0064260585125169856
2014-02-05,10.0649995803833,10.489999771118164,10.0600004196167,10.199999809265137,393421,0.0,0.0,0.014925334893879816
2014-02-06,10.25,10.5600004196167,10.25,10.550000190734863,390418,0.0,0.0,0.034313763530839037
2014-02-07,10.600000381469727,10.994999885559082,10.569999694824219,10.880000114440918,567934,0.0,0.0,0.031279613055918754
2014-02-10,10.970000267028809,11.25,10.699999809265137,10.765000343322754,484642,0.0,0.0,-0.010569831793064588
2014-02-11,10.670000076293945,11.479999542236328,10.65999984741211,11.399999618530273,1251000,0.0,0.0,0.058987390149169094
2014-02-12,11.399999618530273,11.5,11.260000228881836,11.449999809265137,450647,0.0,0.0,0.0043859817901739095
2014-02-13,11.390000343322754,11.670000076293945,11.3100004196167,11.609999656677246,388112,0.0,0.0,0.013973786032960511
2014-02-14,11.600000381469727,11.859999656677246,11.520000457763672,11.760000228881836,438601,0.0,0.0,0.012919946308380892
2014-02-17,11.800000190734863,11.930000305175781,11.609999656677246,11.795000076293945,323017,0.0,0.0,0.002976177443105188
2014-02-18,11.765000343322754,11.899999618530273,11.680000305175781,11.789999961853027,195108,0.0,0.0,-0.0004239181355298882
2014-02-19,11.734999656677246,11.949999809265137,11.734999656677246,11.899999618530273,323861,0.0,0.0,0.009329911538011437
2014-02-20,11.8149995803833,11.949999809265137,11.710000038146973,11.770000457763672,298575,0.0,0.0,-0.010924299574276541
2014-02-21,11.755000114440918,11.899999618530273,11.664999961853027,11.795000076293945,184494,0.0,0.0,0.002124011687168803
2014-02-24,11.75,11.819999694824219,11.680000305175781,11.819999694824219,195481,0.0,0.0,0.002119509823532706
2014-02-25,11.765000343322754,11.859999656677246,11.65999984741211,11.770000457763672,266901,0.0,0.0,-0.0042300540060453695
2014-02-26,11.744999885559082,11.800000190734863,11.65999984741211,11.800000190734863,209601,0.0,0.0,0.002548830229773147
2014-02-27,11.75,11.800000190734863,11.479999542236328,11.779999732971191,309668,0.0,0.0,-0.001694954020371564
2014-02-28,11.699999809265137,11.869999885559082,11.670000076293945,11.869999885559082,356997,0.0,0.0,0.00764008103803171
2014-03-03,11.625,11.675000190734863,11.470000267028809,11.53499984741211,322914,0.0,0.0,-0.02822241292137928
2014-03-04,11.600000381469727,11.8100004196167,11.574999809265137,11.755000114440918,260981,0.0,0.0,0.01907241178491792
2014-03-05,11.739999771118164,11.920000076293945,11.739999771118164,11.850000381469727,396500,0.0,0.0,0.00808169001309511
2014-03-06,11.880000114440918,12.390000343322754,11.854999542236328,12.390000343322754,500435,0.0,0.0,0.04556961556705463
2014-03-07,12.395000457763672,13.149999618530273,12.390000343322754,12.960000038146973,984926,0.0,0.0,0.04600481670942047
2014-03-10,12.949999809265137,13.029999732971191,12.524999618530273,12.600000381469727,344218,0.0,0.0,-0.02777775120506243
2014-03-11,12.524999618530273,12.670000076293945,12.354999542236328,12.414999961853027,295314,0.0,0.0,-0.01468257254093197
2014-03-12,12.300000190734863,12.420000076293945,12.074999809265137,12.210000038146973,845826,0.0,0.0,-0.016512277433423095
2014-03-13,12.225000381469727,12.324999809265137,12.079999923706055,12.079999923706055,475384,0.0,0.0,-0.010647019986467332
2014-03-14,11.979999542236328,12.055000305175781,11.59000015258789,12.0,554052,0.0,0.0,-0.006622510282393357
2014-03-17,11.920000076293945,12.505000114440918,11.920000076293945,12.505000114440918,301294,0.0,0.0,0.04208334287007642
2014-03-18,12.5,12.680000305175781,12.3149995803833,12.649999618530273,264747,0.0,0.0,0.011595322092153193
2014-03-19,12.625,12.979999542236328,12.569999694824219,12.949999809265137,485865,0.0,0.0,0.023715430812773386
2014-03-20,12.845000267028809,12.944999694824219,12.600000381469727,12.770000457763672,447970,0.0,0.0,-0.013899564027227473
2014-03-21,12.824999809265137,12.960000038146973,12.585000038146973,12.585000038146973,416751,0.0,0.0,-0.014487111431873645
2014-03-24,12.595000267028809,12.600000381469727,12.020000457763672,12.130000114440918,656348,0.0,0.0,-0.0361541455960972
2014-03-25,12.229999542236328,12.385000228881836,12.069999694824219,12.34000015258789,249047,0.0,0.0,0.017312451456366063
2014-03-26,12.385000228881836,12.6850004196167,12.3149995803833,12.649999618530273,350028,0.0,0.0,0.025121512326510942
2014-03-27,12.640000343322754,12.704999923706055,12.529999732971191,12.59000015258789,430818,0.0,0.0,-0.0047430409289889175
2014-03-28,12.604999542236328,12.949999809265137,12.479999542236328,12.805000305175781,461743,0.0,0.0,0.01707705718682595
2014-03-31,12.8100004196167,13.0,12.75,13.0,391465,0.0,0.0,0.015228402200459179
2014-04-01,13.0,13.119999885559082,12.859999656677246,12.970000267028809,532416,0.0,0.0,-0.0023076717670147406
2014-04-02,12.949999809265137,13.015000343322754,12.800000190734863,12.880000114440918,311241,0.0,0.0,-0.00693910182998847
2014-04-03,12.859999656677246,13.130000114440918,12.859999656677246,12.994999885559082,340342,0.0,0.0,0.00892855357891098
2014-04-04,12.984999656677246,12.984999656677246,12.8100004196167,12.949999809265137,129039,0.0,0.0,-0.0034628762362631793
2014-04-07,12.8100004196167,12.819999694824219,12.609999656677246,12.720000267028809,260142,0.0,0.0,-0.017760582673659542
2014-04-08,12.710000038146973,12.720000267028809,12.380000114440918,12.404999732971191,273229,0.0,0.0,-0.02476419240918748
2014-04-09,12.454999923706055,12.890000343322754,12.454999923706055,12.869999885559082,273625,0.0,0.0,0.037484898234376285
2014-04-10,12.899999618530273,13.0,12.760000228881836,12.850000381469727,349383,0.0,0.0,-0.0015539630355239087
2014-04-11,12.6899995803833,12.755000114440918,12.454999923706055,12.604999542236328,295859,0.0,0.0,-0.01906621260390784
2014-04-14,12.585000038146973,12.604999542236328,12.199999809265137,12.289999961853027,279272,0.0,0.0,-0.024990050918114903
2014-04-15,12.369999885559082,12.420000076293945,12.1899995803833,12.260000228881836,243649,0.0,0.0,-0.0024409872306190294
2014-04-16,12.335000038146973,12.569999694824219,12.210000038146973,12.239999771118164,213876,0.0,0.0,-0.001631358677837147
2014-04-17,12.21500015258789,12.640000343322754,12.130000114440918,12.539999961853027,214911,0.0,0.0,0.024509819962803547
2014-04-22,12.555000305175781,12.850000381469727,12.555000305175781,12.819999694824219,178049,0.0,0.0,0.022328527418098654
2014-04-23,12.755000114440918,13.274999618530273,12.75,13.1850004196167,541627,0.0,0.0,0.02847119605937598
2014-04-24,13.239999771118164,13.539999961853027,13.15999984741211,13.354999542236328,459950,0.0,0.0,0.012893372560436545
2014-04-25,13.300000190734863,13.390000343322754,13.100000381469727,13.114999771118164,231139,0.0,0.0,-0.017970780931825914
2014-04-28,13.100000381469727,13.600000381469727,13.0600004196167,13.3149995803833,369396,0.0,0.0,0.015249699790736981
2014-04-29,13.420000076293945,13.760000228881836,13.289999961853027,13.640000343322754,494533,0.0,0.0,0.02440861984091014
2014-04-30,13.635000228881836,13.770000457763672,13.305000305175781,13.430000305175781,331794,0.0,0.0,-0.015395896837332224
2014-05-01,13.430000305175781,13.430000305175781,13.430000305175781,13.430000305175781,0,0.0,0.0,0.0
2014-05-02,13.395000457763672,13.614999771118164,13.265000343322754,13.5,280042,0.0,0.0,0.005212188624987624
2014-05-05,13.5649995803833,13.640000343322754,13.479999542236328,13.550000190734863,174235,0.0,0.0,0.003703717832212128
2014-05-06,13.550000190734863,13.600000381469727,13.420000076293945,13.569999694824219,258513,0.0,0.0,0.0014759781407995831
2014-05-07,13.479999542236328,14.100000381469727,13.479999542236328,13.899999618530273,539725,0.0,0.0,0.024318344224570687
2014-05-08,13.954999923706055,14.100000381469727,13.630000114440918,14.069999694824219,317248,0.0,0.0,0.012230221651755802
2014-05-09,14.020000457763672,14.21500015258789,13.850000381469727,14.21500015258789,382626,0.0,0.0,0.010305647541485774
2014-05-12,14.25,14.274999618530273,14.050000190734863,14.210000038146973,232632,0.0,0.0,-0.00035174916547631163
2014-05-13,14.194999694824219,14.194999694824219,13.875,13.930000305175781,208807,0.0,0.0,-0.01970441465302797
2014-05-14,13.925000190734863,13.949999809265137,13.630000114440918,13.71500015258789,221514,0.0,0.0,-0.015434325045061592
2014-05-15,13.630000114440918,13.890000343322754,13.430000305175781,13.529999732971191,419402,0.0,0.0,-0.013488911232843903
2014-05-16,14.109999656677246,14.489999771118164,13.989999771118164,14.055000305175781,683759,0.0,0.0,0.038802703811236405
2014-05-19,14.100000381469727,14.444999694824219,13.954999923706055,14.255000114440918,507913,0.0,0.0,0.01422979757542131
2014-05-20,14.25,14.305000305175781,14.100000381469727,14.125,275839,0.0,0.0,-0.009119615110295354
2014-05-21,14.095000267028809,14.449999809265137,13.96500015258789,14.194999694824219,386927,0.0,0.0,0.004955730607024256
2014-05-22,14.295000076293945,14.444999694824219,14.140000343322754,14.25,355335,0.0,0.0,0.0038746253158310484
2014-05-23,14.239999771118164,14.4399995803833,14.229999542236328,14.40999984741211,262534,0.0,0.0,0.011228059467516482
2014-05-26,14.5,14.635000228881836,14.385000228881836,14.425000190734863,216111,0.0,0.0,0.00104096762537087
2014-05-27,14.505000114440918,14.800000190734863,14.010000228881836,14.194999694824219,745248,0.0,0.0,-0.015944574895629726
2014-05-28,14.020000457763672,14.25,13.744999885559082,13.800000190734863,807662,0.0,0.0,-0.027826665204746748
2014-05-29,14.050000190734863,14.795000076293945,14.045000076293945,14.795000076293945,963944,0.0,0.0,0.07210143998600183
2014-05-30,14.819999694824219,14.899999618530273,14.40999984741211,14.654999732971191,448767,0.0,0.0,-0.009462679459331436
2014-06-02,14.885000228881836,15.0,14.664999961853027,14.729999542236328,472374,0.0,0.0,0.005117694345391222
2014-06-03,14.800000190734863,14.819999694824219,14.619999885559082,14.640000343322754,191319,0.0,0.0,-0.006109925438593122
2014-06-04,14.75,15.0649995803833,14.654999732971191,15.0600004196167,591944,0.0,0.0,0.028688529128723994
2014-06-05,15.109999656677246,15.270000457763672,14.930000305175781,15.024999618530273,346402,0.0,0.0,-0.0023240903128286527
2014-06-06,15.095000267028809,15.130000114440918,15.0,15.055000305175781,186067,0.0,0.0,0.001996717963873129
2014-06-09,15.055000305175781,15.130000114440918,15.010000228881836,15.114999771118164,120468,0.0,0.0,0.003985351360089595
2014-06-10,15.119999885559082,15.300000190734863,15.029999732971191,15.180000305175781,156103,0.0,0.0,0.00430039927501813
2014-06-11,15.300000190734863,15.34000015258789,14.729999542236328,14.84000015258789,384148,0.0,0.0,-0.022397901564729428
2014-06-12,14.84000015258789,15.050000190734863,14.789999961853027,14.824999809265137,202480,0.0,0.0,-0.0010108047957222421
2014-06-13,14.819999694824219,14.819999694824219,14.430000305175781,14.515000343322754,227977,0.0,0.0,-0.020910588190945045
2014-06-16,14.515000343322754,14.850000381469727,14.460000038146973,14.550000190734863,369896,0.0,0.0,0.0024112880871001163
2014-06-17,14.574999809265137,14.789999961853027,14.539999961853027,14.649999618530273,280957,0.0,0.0,0.006872812816805851
2014-06-18,14.645000457763672,14.720000267028809,14.369999885559082,14.479999542236328,284589,0.0,0.0,-0.011604101073075634
2014-06-19,14.555000305175781,14.555000305175781,14.109999656677246,14.175000190734863,253606,0.0,0.0,-0.021063491791682765
2014-06-20,14.125,14.430000305175781,13.954999923706055,14.385000228881836,582777,0.0,0.0,0.014814817306615158
2014-06-23,14.40999984741211,14.444999694824219,13.989999771118164,14.114999771118164,236777,0.0,0.0,-0.018769583139913504
2014-06-24,14.145000457763672,14.164999961853027,13.614999771118164,13.850000381469727,398146,0.0,0.0,-0.01877431058771073
2014-06-25,13.770000457763672,13.829999923706055,13.5,13.710000038146973,386089,0.0,0.0,-0.010108327759330904
2014-06-26,13.760000228881836,13.979999542236328,13.680000305175781,13.859999656677246,241431,0.0,0.0,0.01094089118256103
2014-06-27,13.84000015258789,13.845000267028809,13.505000114440918,13.649999618530273,238192,0.0,0.0,-0.015151518279136633
2014-06-30,13.699999809265137,13.704999923706055,13.154999732971191,13.449999809265137,483743,0.0,0.0,-0.014652001088236721
2014-07-01,13.375,13.585000038146973,13.1850004196167,13.515000343322754,573347,0.0,0.0,0.004832753530066292
2014-07-02,13.53499984741211,13.739999771118164,13.40999984741211,13.649999618530273,186114,0.0,0.0,0.009988847338373796
2014-07-03,13.704999923706055,14.039999961853027,13.654999732971191,13.970000267028809,312177,0.0,0.0,0.023443271607431093
2014-07-04,13.984999656677246,14.020000457763672,13.800000190734863,13.800000190734863,126126,0.0,0.0,-0.012168938657443729
2014-07-07,13.800000190734863,13.925000190734863,13.399999618530273,13.479999542236328,134688,0.0,0.0,-0.02318845246925283
2014-07-08,13.5,13.744999885559082,13.279999732971191,13.375,234148,0.0,0.0,-0.007789283813203207
2014-07-09,13.380000114440918,13.539999961853027,12.930000305175781,13.515000343322754,413142,0.0,0.0,0.010467315388617005
2014-07-10,13.524999618530273,13.524999618530273,13.100000381469727,13.460000038146973,427360,0.0,0.0,-0.004069574826385813
2014-07-11,13.984999656677246,14.0,13.010000228881836,13.0649995803833,899929,0.0,0.0,-0.02934624492156024
2014-07-14,13.130000114440918,13.40999984741211,13.069999694824219,13.404999732971191,199629,0.0,0.0,0.026023740031219766
2014-07-15,13.425000190734863,13.5,13.229999542236328,13.270000457763672,205653,0.0,0.0,-0.010070815210497353
2014-07-16,13.289999961853027,13.59000015258789,13.270000457763672,13.300000190734863,183958,0.0,0.0,0.002260718307182774
2014-07-17,13.329999923706055,13.550000190734863,13.25,13.390000343322754,174949,0.0,0.0,0.006766928668962446
2014-07-18,13.25,13.3100004196167,12.9399995803833,13.15999984741211,297914,0.0,0.0,-0.017177034354994625
2014-07-21,12.994999885559082,13.15999984741211,12.720000267028809,12.994999885559082,255415,0.0,0.0,-0.012537991167642315
2014-07-22,13.039999961853027,13.100000381469727,12.890000343322754,13.029999732971191,256601,0.0,0.0,0.0026933318753625812
2014-07-23,13.015000343322754,13.460000038146973,12.920000076293945,13.319999694824219,274443,0.0,0.0,0.02225632907107511
2014-07-24,13.399999618530273,13.484999656677246,13.170000076293945,13.1850004196167,135825,0.0,0.0,-0.010135080953491027
2014-07-25,13.154999732971191,13.3149995803833,13.109999656677246,13.229999542236328,146474,0.0,0.0,0.0034129026308318267
2014-07-28,13.295000076293945,13.345000267028809,12.979999542236328,13.015000343322754,192295,0.0,0.0,-0.016250884833910684
2014-07-29,12.960000038146973,13.399999618530273,12.84000015258789,13.135000228881836,177446,0.0,0.0,0.009220121582297791
2014-07-30,13.175000190734863,13.225000381469727,12.8100004196167,12.859999656677246,175876,0.0,0.0,-0.020936472585657562
2014-07-31,12.824999809265137,12.824999809265137,12.380000114440918,12.524999618530273,402856,0.0,0.0,-0.026049770380284
2014-08-01,12.404999732971191,12.5,11.859999656677246,12.109999656677246,456117,0.0,0.0,-0.03313373049840662
2014-08-04,11.925000190734863,11.979999542236328,11.15999984741211,11.350000381469727,1012928,0.0,0.0,-0.06275799312582708
2014-08-05,11.364999771118164,12.039999961853027,11.350000381469727,11.904999732971191,394512,0.0,0.0,0.04889861963419584
2014-08-06,11.84000015258789,11.84000015258789,11.079999923706055,11.335000038146973,469424,0.0,0.0,-0.04787901785882365
2014-08-07,11.359999656677246,11.460000038146973,11.109999656677246,11.210000038146973,189879,0.0,0.0,-0.011027789993764747
2014-08-08,11.015000343322754,11.234999656677246,10.609999656677246,11.210000038146973,309712,0.0,0.0,0.0
2014-08-11,11.305000305175781,11.619999885559082,11.270000457763672,11.550000190734863,195068,0.0,0.0,0.03033007595280024
2014-08-12,11.5649995803833,11.774999618530273,11.550000190734863,11.755000114440918,227027,0.0,0.0,0.017748910850278632
2014-08-13,11.800000190734863,11.970000267028809,11.699999809265137,11.829999923706055,376331,0.0,0.0,0.006380247429602415
2014-08-14,11.789999961853027,11.979999542236328,11.699999809265137,11.899999618530273,182130,0.0,0.0,0.00591713400470506
2014-08-15,11.925000190734863,12.289999961853027,11.925000190734863,12.039999961853027,234072,0.0,0.0,0.011764735110138203
2014-08-18,12.274999618530273,12.295000076293945,12.100000381469727,12.164999961853027,154398,0.0,0.0,0.010382059833558444
2014-08-19,12.28499984741211,12.569999694824219,12.234999656677246,12.520000457763672,256358,0.0,0.0,0.029182120593822747
2014-08-20,12.529999732971191,12.635000228881836,12.399999618530273,12.520000457763672,198235,0.0,0.0,0.0
2014-08-21,12.5649995803833,12.824999809265137,12.510000228881836,12.725000381469727,205357,0.0,0.0,0.016373795224498888
2014-08-22,12.704999923706055,12.739999771118164,12.484999656677246,12.614999771118164,279710,0.0,0.0,-0.008644448491470946
2014-08-25,12.800000190734863,12.829999923706055,12.600000381469727,12.704999923706055,95166,0.0,0.0,0.0071343760777502485
2014-08-26,12.704999923706055,13.050000190734863,12.704999923706055,12.989999771118164,296224,0.0,0.0,0.022432101465843512
2014-08-27,12.994999885559082,13.050000190734863,12.930000305175781,12.975000381469727,144201,0.0,0.0,-0.001154687445167446
2014-08-28,12.960000038146973,12.979999542236328,12.619999885559082,12.670000076293945,164488,0.0,0.0,-0.023506766567141568
2014-08-29,12.675000190734863,12.760000228881836,12.479999542236328,12.630000114440918,228460,0.0,0.0,-0.0031570609007232076
2014-09-01,12.630000114440918,12.850000381469727,12.630000114440918,12.789999961853027,91629,0.0,0.0,0.012668238001769083
2014-09-02,12.805000305175781,12.835000038146973,12.579999923706055,12.640000343322754,132232,0.0,0.0,-0.01172788264094271
2014-09-03,12.65999984741211,12.835000038146973,12.609999656677246,12.739999771118164,167416,0.0,0.0,0.007911346920827844
2014-09-04,12.75,12.994999885559082,12.71500015258789,12.989999771118164,191896,0.0,0.0,0.019623234261491485
2014-09-05,12.975000381469727,13.0,12.850000381469727,13.0,126462,0.0,0.0,0.0007698405741369818
2014-09-08,13.03499984741211,13.085000038146973,12.5,12.664999961853027,245494,0.0,0.0,-0.02576923370361328
2014-09-09,12.649999618530273,12.850000381469727,12.630000114440918,12.694999694824219,189641,0.0,0.0,0.002368711651129063
2014-09-10,12.75,12.78499984741211,12.614999771118164,12.770000457763672,320122,0.0,0.0,0.005907897971043852
2014-09-11,12.805000305175781,13.255000114440918,12.805000305175781,13.225000381469727,342270,0.0,0.0,0.03563037646012246
2014-09-12,13.319999694824219,13.949999809265137,13.289999961853027,13.640000343322754,475168,0.0,0.0,0.03137995840321528
2014-09-15,13.680000305175781,13.680000305175781,13.329999923706055,13.364999771118164,242632,0.0,0.0,-0.0201613317655972
2014-09-16,13.335000038146973,13.420000076293945,12.875,13.354999542236328,547454,0.0,0.0,-0.0007482401087238744
2014-09-17,13.4350004196167,13.734999656677246,13.395000457763672,13.600000381469727,231480,0.0,0.0,0.018345252536966505
2014-09-18,13.694999694824219,13.699999809265137,13.40999984741211,13.585000038146973,154423,0.0,0.0,-0.0011029663898532993
2014-09-19,13.6899995803833,13.710000038146973,13.024999618530273,13.045000076293945,508096,0.0,0.0,-0.0397497210406107
2014-09-22,13.050000190734863,13.420000076293945,13.050000190734863,13.244999885559082,225011,0.0,0.0,0.015331529942156585
2014-09-23,13.204999923706055,13.229999542236328,12.925000190734863,12.930000305175781,206229,0.0,0.0,-0.023782527980747092
2014-09-24,12.920000076293945,12.944999694824219,12.600000381469727,12.704999923706055,242636,0.0,0.0,-0.01740142120334376
2014-09-25,12.6850004196167,12.864999771118164,12.5,12.53499984741211,142505,0.0,0.0,-0.013380564920488114
2014-09-26,12.515000343322754,13.119999885559082,12.234999656677246,12.989999771118164,324731,0.0,0.0,0.0362983589345629
2014-09-29,12.994999885559082,13.449999809265137,12.90999984741211,13.244999885559082,263963,0.0,0.0,0.019630494144263322
2014-09-30,13.3100004196167,13.3100004196167,12.930000305175781,13.0,283196,0.0,0.0,-0.018497537763379146
2014-10-01,12.954999923706055,13.194999694824219,12.835000038146973,12.859999656677246,178242,0.0,0.0,-0.010769257178673386
2014-10-02,12.920000076293945,12.920000076293945,12.515000343322754,12.5649995803833,317321,0.0,0.0,-0.02293935335688546
2014-10-03,12.694999694824219,13.0600004196167,12.694999694824219,12.960000038146973,208844,0.0,0.0,0.03143656752526702
2014-10-06,12.96500015258789,13.005000114440918,12.649999618530273,12.779999732971191,183540,0.0,0.0,-0.013888912395521702
2014-10-07,12.770000457763672,12.824999809265137,12.350000381469727,12.395000457763672,302155,0.0,0.0,-0.030125139534569634
2014-10-08,12.300000190734863,12.369999885559082,11.970000267028809,12.029999732971191,289417,0.0,0.0,-0.02944741519261984
2014-10-09,12.199999809265137,12.270000457763672,11.854999542236328,12.0,261014,0.0,0.0,-0.0024937434444798345
2014-10-10,11.850000381469727,11.850000381469727,11.260000228881836,11.539999961853027,688901,0.0,0.0,-0.038333336512247684
2014-10-13,11.279999732971191,11.680000305175781,11.050000190734863,11.515000343322754,289846,0.0,0.0,-0.0021663447671501634
2014-10-14,11.699999809265137,12.229999542236328,11.699999809265137,12.005000114440918,412731,0.0,0.0,0.04255317034378581
2014-10-15,12.079999923706055,12.194999694824219,11.4399995803833,11.5600004196167,356283,0.0,0.0,-0.037067862605759117
2014-10-16,11.5649995803833,11.800000190734863,11.100000381469727,11.649999618530273,496081,0.0,0.0,0.007785397547291684
2014-10-17,11.944999694824219,12.25,11.90999984741211,12.100000381469727,398239,0.0,0.0,0.038626676195224086
2014-10-20,12.1899995803833,12.220000267028809,11.795000076293945,12.005000114440918,339455,0.0,0.0,-0.007851261490395833
2014-10-21,11.994999885559082,12.53499984741211,11.899999618530273,12.319999694824219,264920,0.0,0.0,0.02623903185176868
2014-10-22,12.425000190734863,12.625,12.279999732971191,12.529999732971191,276886,0.0,0.0,0.017045458064028685
2014-10-23,12.515000343322754,12.649999618530273,12.295000076293945,12.5,352949,0.0,0.0,-0.002394232530767759
2014-10-24,12.484999656677246,12.579999923706055,12.329999923706055,12.399999618530273,198704,0.0,0.0,-0.008000030517578138
2014-10-27,12.59000015258789,12.600000381469727,12.0649995803833,12.199999809265137,255657,0.0,0.0,-0.016129017372408794
2014-10-28,12.354999542236328,12.59000015258789,12.220000267028809,12.489999771118164,174095,0.0,0.0,0.023770489048105636
2014-10-29,12.600000381469727,13.204999923706055,12.5,13.0,502369,0.0,0.0,0.040832685206380726
2014-10-30,13.100000381469727,13.5,12.845000267028809,13.345000267028809,379528,0.0,0.0,0.026538482079139225
2014-10-31,14.0,14.489999771118164,13.885000228881836,14.430000305175781,1339006,0.0,0.0,0.08130386035492698
2014-11-03,14.449999809265137,14.710000038146973,14.229999542236328,14.65999984741211,592258,0.0,0.0,0.015938983878872826
2014-11-04,14.720000267028809,15.0,14.460000038146973,14.8149995803833,781098,0.0,0.0,0.010572969616950756
2014-11-05,14.880000114440918,15.0,14.479999542236328,14.699999809265137,411512,0.0,0.0,-0.007762387740492205
2014-11-06,14.635000228881836,15.09000015258789,14.520000457763672,14.899999618530273,430728,0.0,0.0,0.013605429378242606
2014-11-07,14.854999542236328,15.0,14.609999656677246,14.649999618530273,381705,0.0,0.0,-0.016778523919496524
2014-11-10,14.600000381469727,14.6899995803833,14.40999984741211,14.675000190734863,292171,0.0,0.0,0.0017065237444080505
2014-11-11,14.744999885559082,15.0,14.609999656677246,14.635000228881836,434396,0.0,0.0,-0.0027257213855630402
2014-11-12,14.470000267028809,14.510000228881836,13.175000190734863,13.270000457763672,1295859,0.0,0.0,-0.09326954217768768
2014-11-13,13.4399995803833,13.78499984741211,12.904999732971191,13.539999961853027,989177,0.0,0.0,0.02034660849852421
2014-11-14,13.649999618530273,13.694999694824219,13.335000038146973,13.5,312419,0.0,0.0,-0.002954206939861259
2014-11-17,13.494999885559082,14.739999771118164,13.225000381469727,14.40999984741211,878966,0.0,0.0,0.06740739610460067
2014-11-18,14.399999618530273,14.600000381469727,14.109999656677246,14.109999656677246,388800,0.0,0.0,-0.02081888923744435
2014-11-19,14.104999542236328,14.109999656677246,13.819999694824219,14.0,352903,0.0,0.0,-0.00779586529792653
2014-11-20,14.09000015258789,14.135000228881836,13.875,14.109999656677246,194414,0.0,0.0,0.007857118334088975
2014-11-21,14.199999809265137,14.34000015258789,14.119999885559082,14.244999885559082,185029,0.0,0.0,0.009567698948734549
2014-11-24,14.135000228881836,14.399999618530273,14.0,14.28499984741211,271245,0.0,0.0,0.0028080001526413767
2014-11-25,14.210000038146973,14.380000114440918,14.109999656677246,14.194999694824219,236186,0.0,0.0,-0.006300325764735271
2014-11-26,14.210000038146973,14.28499984741211,14.100000381469727,14.175000190734863,122795,0.0,0.0,-0.0014089119069616851
2014-11-27,14.145000457763672,14.170000076293945,13.795000076293945,13.920000076293945,259260,0.0,0.0,-0.01798942582079066
2014-11-28,13.970000267028809,14.170000076293945,13.829999923706055,14.055000305175781,473571,0.0,0.0,0.009698292251574259
2014-12-01,14.140000343322754,14.149999618530273,13.670000076293945,13.885000228881836,473711,0.0,0.0,-0.012095344902364968
2014-12-02,13.989999771118164,14.0,13.774999618530273,13.975000381469727,439195,0.0,0.0,0.006481825790732421
2014-12-03,14.0,14.149999618530273,13.829999923706055,13.989999771118164,373256,0.0,0.0,0.0010733015555639547
2014-12-04,14.050000190734863,14.8149995803833,14.0,14.725000381469727,672661,0.0,0.0,0.05253757129209857
2014-12-05,14.8100004196167,15.130000114440918,14.699999809265137,15.015000343322754,552142,0.0,0.0,0.019694394182697028
2014-12-08,15.0600004196167,15.09000015258789,14.829999923706055,14.979999542236328,179456,0.0,0.0,-0.0023310556301112673
2014-12-09,14.9350004196167,15.140000343322754,14.5600004196167,14.675000190734863,314936,0.0,0.0,-0.020360437972078316
2014-12-10,14.625,14.854999542236328,14.524999618530273,14.5600004196167,279394,0.0,0.0,-0.007836440860203187
2014-12-11,14.595000267028809,14.704999923706055,14.300000190734863,14.595000267028809,339868,0.0,0.0,0.002403835604630533
2014-12-12,14.539999961853027,14.739999771118164,14.079999923706055,14.420000076293945,655268,0.0,0.0,-0.011990420522992484
2014-12-15,14.279999732971191,14.779999732971191,14.265000343322754,14.265000343322754,394611,0.0,0.0,-0.010748941203267193
2014-12-16,14.220000267028809,14.335000038146973,13.725000381469727,14.170000076293945,460482,0.0,0.0,-0.006659675060805559
2014-12-17,14.109999656677246,14.529999732971191,13.984999656677246,14.420000076293945,223666,0.0,0.0,0.017642907456171697
2014-12-18,14.795000076293945,14.805000305175781,14.479999542236328,14.6850004196167,228880,0.0,0.0,0.018377277525705837
2014-12-19,14.800000190734863,14.994999885559082,14.680000305175781,14.944999694824219,363611,0.0,0.0,0.017705091438758425
2014-12-22,14.989999771118164,15.170000076293945,14.904999732971191,14.989999771118164,462630,0.0,0.0,0.0030110456482330683
2014-12-23,14.914999961853027,15.050000190734863,14.75,15.0,154020,0.0,0.0,0.0006671266867597225
2014-12-24,14.984999656677246,15.270000457763672,14.975000381469727,15.265000343322754,110491,0.0,0.0,0.01766668955485029
2014-12-29,15.260000228881836,15.350000381469727,14.800000190734863,14.979999542236328,316576,0.0,0.0,-0.018670212556601173
2014-12-30,14.9399995803833,15.104999542236328,14.864999771118164,15.015000343322754,207523,0.0,0.0,0.0023365021465948654
2014-12-31,15.0649995803833,15.300000190734863,15.055000305175781,15.164999961853027,210031,0.0,0.0,0.009989984355676551
2015-01-02,15.149999618530273,15.395000457763672,15.050000190734863,15.199999809265137,245531,0.0,0.0,0.0023079358720836662
2015-01-05,15.135000228881836,15.274999618530273,14.805000305175781,15.024999618530273,349665,0.0,0.0,-0.011513170587554411
2015-01-06,15.5,15.84000015258789,15.289999961853027,15.505000114440918,1001047,0.0,0.0,0.031946789224451155
2015-01-07,15.645000457763672,15.680000305175781,15.345000267028809,15.524999618530273,464603,0.0,0.0,0.0012898744883418356
2015-01-08,15.619999885559082,16.100000381469727,15.600000381469727,16.05500030517578,678822,0.0,0.0,0.0341385313796021
2015-01-09,16.094999313354492,16.25,15.949999809265137,16.149999618530273,292627,0.0,0.0,0.0059171168825120635
2015-01-12,16.239999771118164,16.43000030517578,16.170000076293945,16.30500030517578,296762,0.0,0.0,0.009597565963262555
2015-01-13,16.364999771118164,16.5,16.329999923706055,16.44499969482422,253056,0.0,0.0,0.008586285619632594
2015-01-14,16.360000610351562,16.450000762939453,15.979999542236328,16.03499984741211,239688,0.0,0.0,-0.024931581332965913
2015-01-15,16.045000076293945,16.395000457763672,15.875,16.299999237060547,283771,0.0,0.0,0.01652631070596522
2015-01-16,16.125,16.30500030517578,15.555000305175781,15.890000343322754,508049,0.0,0.0,-0.025153307541610048
2015-01-19,15.9350004196167,16.0049991607666,15.699999809265137,15.864999771118164,229166,0.0,0.0,-0.001573352527654004
2015-01-20,15.864999771118164,15.96500015258789,15.520000457763672,15.789999961853027,226197,0.0,0.0,-0.0047273753764354165
2015-01-21,15.734999656677246,15.930000305175781,15.579999923706055,15.914999961853027,201511,0.0,0.0,0.007916402805699052
2015-01-22,15.9399995803833,16.135000228881836,15.704999923706055,16.104999542236328,262521,0.0,0.0,0.011938396534006523
2015-01-23,16.200000762939453,16.3799991607666,16.020000457763672,16.299999237060547,367308,0.0,0.0,0.012108022376083882
2015-01-26,16.299999237060547,16.729999542236328,16.260000228881836,16.700000762939453,474059,0.0,0.0,0.024539972061436766
2015-01-27,16.600000381469727,16.704999923706055,16.165000915527344,16.260000228881836,312837,0.0,0.0,-0.02634733616504159
2015-01-28,16.459999084472656,16.80500030517578,16.125,16.774999618530273,310482,0.0,0.0,0.03167277874533303
2015-01-29,16.7549991607666,17.25,16.600000381469727,17.219999313354492,425745,0.0,0.0,0.026527553200815346
2015-01-30,17.350000381469727,17.950000762939453,17.290000915527344,17.889999389648438,716144,0.0,0.0,0.03890825220732408
2015-02-02,17.799999237060547,17.850000381469727,17.549999237060547,17.655000686645508,429668,0.0,0.0,-0.013135758022378985
2015-02-03,17.700000762939453,17.954999923706055,17.579999923706055,17.614999771118164,252741,0.0,0.0,-0.0022656988938890565
2015-02-04,17.815000534057617,18.079999923706055,17.78499984741211,18.079999923706055,332853,0.0,0.0,0.026397965292642933
2015-02-05,18.014999389648438,18.209999084472656,17.854999542236328,18.100000381469727,374481,0.0,0.0,0.0011062200137206268
2015-02-06,18.059999465942383,18.139999389648438,17.790000915527344,17.799999237060547,387299,0.0,0.0,-0.016574648513063672
2015-02-09,17.674999237060547,17.760000228881836,17.299999237060547,17.454999923706055,506248,0.0,0.0,-0.01938198472706587
2015-02-10,17.5,17.729999542236328,17.459999084472656,17.549999237060547,265473,0.0,0.0,0.0054425272855758156
2015-02-11,17.545000076293945,17.610000610351562,17.190000534057617,17.454999923706055,391538,0.0,0.0,-0.005413066523323851
2015-02-12,17.600000381469727,17.860000610351562,17.489999771118164,17.850000381469727,367196,0.0,0.0,0.022629645344610427
2015-02-13,18.149999618530273,18.204999923706055,17.100000381469727,17.760000228881836,1503904,0.0,0.0,-0.005042025247311566
2015-02-16,17.735000610351562,17.735000610351562,17.270000457763672,17.274999618530273,357121,0.0,0.0,-0.027308592573261348
2015-02-17,17.114999771118164,17.459999084472656,17.094999313354492,17.395000457763672,385549,0.0,0.0,0.00694650314809131
2015-02-18,17.399999618530273,17.649999618530273,17.399999618530273,17.649999618530273,238222,0.0,0.0,0.014659336249272181
2015-02-19,17.645000457763672,17.704999923706055,17.360000610351562,17.375,287646,0.0,0.0,-0.015580715267639933
2015-02-20,17.395000457763672,17.440000534057617,16.604999542236328,16.78499984741211,622086,0.0,0.0,-0.033956843314410956
2015-02-23,16.875,16.940000534057617,16.53499984741211,16.719999313354492,309128,0.0,0.0,-0.003872537065744419
2015-02-24,16.725000381469727,17.110000610351562,16.469999313354492,17.03499984741211,349913,0.0,0.0,0.018839745633603133
2015-02-25,17.1299991607666,17.174999237060547,16.774999618530273,16.950000762939453,262949,0.0,0.0,-0.004989673333373634
2015-02-26,16.885000228881836,16.885000228881836,16.40999984741211,16.65999984741211,372058,0.0,0.0,-0.017109197786080332
2015-02-27,16.65999984741211,16.65999984741211,16.360000610351562,16.415000915527344,553158,0.0,0.0,-0.014705818375071789
2015-03-02,16.5,16.790000915527344,16.46500015258789,16.610000610351562,348093,0.0,0.0,0.01187935936328599
2015-03-03,16.59000015258789,16.655000686645508,16.200000762939453,16.264999389648438,283366,0.0,0.0,-0.020770692837188465
2015-03-04,16.209999084472656,16.530000686645508,16.09000015258789,16.40999984741211,283233,0.0,0.0,0.008914876311397535
2015-03-05,16.489999771118164,16.7549991607666,16.25,16.75,354173,0.0,0.0,0.020719083226652835
2015-03-06,16.770000457763672,16.954999923706055,16.649999618530273,16.899999618530273,383397,0.0,0.0,0.008955201106285005
2015-03-09,16.850000381469727,16.93000030517578,16.450000762939453,16.700000762939453,257800,0.0,0.0,-0.011834252077232543
2015-03-10,16.78499984741211,17.104999542236328,16.735000610351562,16.954999923706055,268215,0.0,0.0,0.015269410126764527
2015-03-11,17.079999923706055,17.424999237060547,17.0,17.299999237060547,283307,0.0,0.0,0.020347939540366733
2015-03-12,17.25,17.364999771118164,16.735000610351562,16.8799991607666,301826,0.0,0.0,-0.024277462128102778
2015-03-13,16.915000915527344,16.969999313354492,16.600000381469727,16.844999313354492,166866,0.0,0.0,-0.00207345077915988
2015-03-16,16.934999465942383,17.0049991607666,16.7549991607666,16.899999618530273,173877,0.0,0.0,0.0032650820669477554
2015-03-17,16.959999084472656,17.030000686645508,16.799999237060547,16.8799991607666,241328,0.0,0.0,-0.0011834590659837163
2015-03-18,16.81999969482422,16.985000610351562,16.594999313354492,16.71500015258789,156666,0.0,0.0,-0.009774823245383257
2015-03-19,16.725000381469727,16.954999923706055,16.649999618530273,16.81999969482422,131134,0.0,0.0,0.006281755386049026
2015-03-20,16.760000228881836,17.280000686645508,16.760000228881836,17.184999465942383,409822,0.0,0.0,0.021700343504196473
2015-03-23,17.239999771118164,17.239999771118164,16.684999465942383,16.950000762939453,209319,0.0,0.0,-0.01367464127471496
2015-03-24,16.979999542236328,17.309999465942383,16.799999237060547,16.950000762939453,225297,0.0,0.0,0.0
2015-03-25,17.0,17.489999771118164,16.969999313354492,17.200000762939453,472320,0.0,0.0,0.014749261872991415
2015-03-26,17.190000534057617,17.190000534057617,16.649999618530273,16.709999084472656,291066,0.0,0.0,-0.0284884684146407
2015-03-27,16.684999465942383,17.204999923706055,16.684999465942383,16.920000076293945,178897,0.0,0.0,0.012567384998628084
2015-03-30,16.969999313354492,17.475000381469727,16.969999313354492,17.475000381469727,468987,0.0,0.0,0.0328014363282052
2015-03-31,17.485000610351562,17.489999771118164,17.114999771118164,17.204999923706055,162710,0.0,0.0,-0.01545066963489039
2015-04-01,17.25,17.420000076293945,16.985000610351562,17.084999084472656,368454,0.0,0.0,-0.006974765461524646
2015-04-02,17.020000457763672,17.399999618530273,16.94499969482422,17.31999969482422,189197,0.0,0.0,0.01375479209508046
2015-04-07,17.329999923706055,17.764999389648438,17.325000762939453,17.59000015258789,209959,0.0,0.0,0.015588941254101485
2015-04-08,17.600000381469727,17.829999923706055,17.469999313354492,17.575000762939453,212016,0.0,0.0,-0.0008527225422582108
2015-04-09,17.639999389648438,17.979999542236328,17.639999389648438,17.940000534057617,220427,0.0,0.0,0.020768122632907282
2015-04-10,17.954999923706055,17.979999542236328,17.7450008392334,17.979999542236328,208150,0.0,0.0,0.002229599051726705
2015-04-13,17.770000457763672,18.0,17.684999465942383,17.985000610351562,203921,0.0,0.0,0.00027814617589316804
2015-04-14,17.899999618530273,18.094999313354492,17.735000610351562,17.795000076293945,191596,0.0,0.0,-0.01056438852430508
2015-04-15,17.8700008392334,18.18000030517578,17.559999465942383,17.93000030517578,222745,0.0,0.0,0.007586413503964051
2015-04-16,17.8799991607666,17.885000228881836,17.399999618530273,17.764999389648438,201914,0.0,0.0,-0.009202504892301344
2015-04-17,17.764999389648438,18.0,17.350000381469727,17.434999465942383,287659,0.0,0.0,-0.01857584773677745
2015-04-20,17.405000686645508,17.93000030517578,17.405000686645508,17.614999771118164,218153,0.0,0.0,0.010324078617117038
2015-04-21,17.71500015258789,17.8700008392334,17.34000015258789,17.649999618530273,191576,0.0,0.0,0.001986934309786026
2015-04-22,17.639999389648438,17.809999465942383,17.5049991607666,17.670000076293945,233326,0.0,0.0,0.0011331704360306727
2015-04-23,17.700000762939453,17.844999313354492,17.639999389648438,17.700000762939453,400155,0.0,0.0,0.0016978317213340866
2015-04-24,17.709999084472656,17.829999923706055,17.325000762939453,17.399999618530273,215300,0.0,0.0,-0.016949216467680994
2015-04-27,17.100000381469727,17.415000915527344,16.704999923706055,17.2549991607666,426630,0.0,0.0,-0.008333359824287179
2015-04-28,16.860000610351562,17.395000457763672,16.860000610351562,17.084999084472656,343589,0.0,0.0,-0.009852221649507942
2015-04-29,17.0049991607666,17.31999969482422,16.799999237060547,16.875,392049,0.0,0.0,-0.012291430829721839
2015-04-30,16.825000762939453,16.889999389648438,16.2549991607666,16.434999465942383,540358,0.0,0.0,-0.026074105721932916
2015-05-04,16.485000610351562,17.1299991607666,16.459999084472656,16.704999923706055,346686,0.0,0.0,0.016428382509119155
2015-05-05,16.649999618530273,16.920000076293945,16.469999313354492,16.540000915527344,376976,0.0,0.0,-0.00987722292321358
2015-05-06,16.489999771118164,16.674999237060547,16.3700008392334,16.540000915527344,280728,0.0,0.0,0.0
2015-05-07,16.434999465942383,17.325000762939453,16.204999923706055,17.059999465942383,504952,0.0,0.0,0.03143884653155471
2015-05-08,17.15999984741211,17.485000610351562,17.040000915527344,17.100000381469727,204187,0.0,0.0,0.0023447196236552337
2015-05-11,17.0,17.25,16.760000228881836,17.184999465942383,198946,0.0,0.0,0.004970706583419915
2015-05-12,17.049999237060547,17.049999237060547,16.68000030517578,16.75,248302,0.0,0.0,-0.025312742476627625
2015-05-13,15.800000190734863,15.90999984741211,15.010000228881836,15.795000076293945,3035419,0.0,0.0,-0.057014920818271975
2015-05-14,15.739999771118164,15.84000015258789,15.555000305175781,15.774999618530273,401117,0.0,0.0,-0.0012662524638850092
2015-05-15,15.779999732971191,16.329999923706055,15.71500015258789,16.204999923706055,531125,0.0,0.0,0.027258340131474768
2015-05-18,15.970000267028809,16.309999465942383,15.925000190734863,16.049999237060547,748804,0.0,0.0,-0.009564991507266862
2015-05-19,16.100000381469727,16.579999923706055,16.100000381469727,16.450000762939453,896901,0.0,0.0,0.02492221463508071
2015-05-20,16.395000457763672,16.68000030517578,16.329999923706055,16.510000228881836,308630,0.0,0.0,0.003647383778702107
2015-05-21,16.5,16.549999237060547,16.270000457763672,16.4950008392334,306989,0.0,0.0,-0.0009085032974256446
2015-05-22,16.4950008392334,16.549999237060547,16.405000686645508,16.4950008392334,248760,0.0,0.0,0.0
2015-05-25,16.600000381469727,16.614999771118164,16.325000762939453,16.389999389648438,90744,0.0,0.0,-0.0063656528792175315
2015-05-26,16.44499969482422,16.4950008392334,16.239999771118164,16.25,296357,0.0,0.0,-0.00854175685551628
2015-05-27,16.350000381469727,16.450000762939453,16.235000610351562,16.405000686645508,239727,0.0,0.0,0.009538503793569797
2015-05-28,16.270000457763672,16.520000457763672,16.165000915527344,16.520000457763672,284496,0.0,0.0,0.007010043663806753
2015-05-29,16.510000228881836,16.59000015258789,16.350000381469727,16.440000534057617,457431,0.0,0.0,-0.004842610259641833
2015-06-01,16.469999313354492,16.975000381469727,16.440000534057617,16.65999984741211,391413,0.0,0.0,0.013381952932345342
2015-06-02,16.704999923706055,16.764999389648438,16.584999084472656,16.700000762939453,197116,0.0,0.0,0.002401015359766445
2015-06-03,16.700000762939453,16.850000381469727,16.5,16.559999465942383,208925,0.0,0.0,-0.008383310814437883
2015-06-04,16.5049991607666,16.5049991607666,16.135000228881836,16.19499969482422,191958,0.0,0.0,-0.022041049691386094
2015-06-05,16.100000381469727,16.1200008392334,15.845000267028809,15.949999809265137,248095,0.0,0.0,-0.01512811918344037
2015-06-08,15.899999618530273,16.295000076293945,15.824999809265137,15.875,234987,0.0,0.0,-0.004702182455298187
2015-06-09,15.760000228881836,15.885000228881836,15.555000305175781,15.649999618530273,430538,0.0,0.0,-0.01417325237604572
2015-06-10,15.555000305175781,16.204999923706055,15.399999618530273,16.19499969482422,263006,0.0,0.0,0.034824286874016286
2015-06-11,16.135000228881836,16.53499984741211,16.135000228881836,16.514999389648438,323698,0.0,0.0,0.019759166462132605
2015-06-12,16.454999923706055,16.520000457763672,16.315000534057617,16.424999237060547,339840,0.0,0.0,-0.005449600721408543
2015-06-15,16.05500030517578,16.170000076293945,15.6899995803833,15.755000114440918,298280,0.0,0.0,-0.040791424885297745
2015-06-16,15.694999694824219,16.25,15.494999885559082,16.235000610351562,269168,0.0,0.0,0.030466549820630018
2015-06-17,16.100000381469727,16.15999984741211,15.710000038146973,16.03499984741211,313423,0.0,0.0,-0.012319110281519219
2015-06-18,15.84000015258789,16.06999969482422,15.71500015258789,15.96500015258789,218222,0.0,0.0,-0.004365431586550117
2015-06-19,15.850000381469727,16.145000457763672,15.670000076293945,15.670000076293945,274718,0.0,0.0,-0.018477925053206223
2015-06-22,15.829999923706055,16.0,15.699999809265137,15.984999656677246,393477,0.0,0.0,0.02010207905868744
2015-06-23,15.845000267028809,16.584999084472656,15.795000076293945,16.53499984741211,537013,0.0,0.0,0.034407269474361124
2015-06-24,16.46500015258789,16.690000534057617,16.219999313354492,16.415000915527344,480541,0.0,0.0,-0.007257268399887273
2015-06-25,16.170000076293945,16.55500030517578,16.100000381469727,16.399999618530273,367488,0.0,0.0,-0.0009138773171117887
2015-06-26,16.219999313354492,16.514999389648438,16.219999313354492,16.274999618530273,275038,0.0,0.0,-0.007621951396801441
2015-06-29,15.399999618530273,16.25,15.25,16.045000076293945,508009,0.0,0.0,-0.014132076659126747
2015-06-30,15.9399995803833,16.135000228881836,15.774999618530273,15.979999542236328,240250,0.0,0.0,-0.004051139529357428
2015-07-01,16.135000228881836,16.354999542236328,16.045000076293945,16.239999771118164,303469,0.0,0.0,0.016270352711502678
2015-07-02,16.225000381469727,16.350000381469727,15.925000190734863,15.979999542236328,570156,0.0,0.0,-0.016009866536096262
2015-07-03,15.9399995803833,16.0,15.53499984741211,15.585000038146973,238258,0.0,0.0,-0.024718367672373343
2015-07-06,15.380000114440918,15.494999885559082,15.100000381469727,15.109999656677246,410366,0.0,0.0,-0.030478048142899006
2015-07-07,15.130000114440918,15.170000076293945,14.90999984741211,14.90999984741211,417575,0.0,0.0,-0.013236255050261048
2015-07-08,14.920000076293945,15.0600004196167,14.835000038146973,15.0,291055,0.0,0.0,0.006036227599526933
2015-07-09,15.015000343322754,15.175000190734863,14.9350004196167,15.0,333640,0.0,0.0,0.0
2015-07-10,15.579999923706055,16.90999984741211,15.550000190734863,16.850000381469727,1019949,0.0,0.0,0.12333335876464835
2015-07-13,16.790000915527344,16.850000381469727,16.31999969482422,16.69499969482422,452809,0.0,0.0,-0.009198853598600842
2015-07-14,16.6299991607666,17.075000762939453,16.6299991607666,17.010000228881836,378188,0.0,0.0,0.018867956862273827
2015-07-15,16.829999923706055,17.2450008392334,16.799999237060547,17.209999084472656,371131,0.0,0.0,0.011757722098747259
2015-07-16,17.155000686645508,17.524999618530273,17.155000686645508,17.424999237060547,259636,0.0,0.0,0.01249274631175723
2015-07-17,17.5,17.540000915527344,17.260000228881836,17.415000915527344,254986,0.0,0.0,-0.0005737917917343349
2015-07-20,17.3700008392334,17.614999771118164,17.3700008392334,17.5,250514,0.0,0.0,0.00488079701430677
2015-07-21,17.510000228881836,17.600000381469727,17.270000457763672,17.364999771118164,180948,0.0,0.0,-0.007714298793247809
2015-07-22,17.204999923706055,17.424999237060547,17.100000381469727,17.264999389648438,140784,0.0,0.0,-0.005758732092588259
2015-07-23,17.350000381469727,17.809999465942383,17.350000381469727,17.764999389648438,421248,0.0,0.0,0.028960325379437046
2015-07-24,17.760000228881836,18.05500030517578,17.700000762939453,17.90999984741211,432025,0.0,0.0,0.008162142569403175
2015-07-27,17.795000076293945,17.90999984741211,17.360000610351562,17.3700008392334,361815,0.0,0.0,-0.03015069864764619
2015-07-28,17.434999465942383,17.610000610351562,17.219999313354492,17.405000686645508,300011,0.0,0.0,0.002014959454293974
2015-07-29,17.44499969482422,17.700000762939453,17.44499969482422,17.700000762939453,249840,0.0,0.0,0.01694915625716087
2015-07-30,17.709999084472656,17.854999542236328,17.59000015258789,17.770000457763672,167641,0.0,0.0,0.003954784847850723
2015-07-31,17.825000762939453,17.84000015258789,17.604999542236328,17.690000534057617,458019,0.0,0.0,-0.004501965202319602
2015-08-03,17.645000457763672,18.094999313354492,17.614999771118164,18.065000534057617,278479,0.0,0.0,0.0211984165448742
2015-08-04,17.885000228881836,18.149999618530273,17.84000015258789,18.135000228881836,199466,0.0,0.0,0.0038748792003768795
2015-08-05,18.094999313354492,18.809999465942383,18.020000457763672,18.7549991607666,502118,0.0,0.0,0.03418797485854741
2015-08-06,18.6299991607666,18.875,18.520000457763672,18.520000457763672,287138,0.0,0.0,-0.012529923408075683
2015-08-07,18.434999465942383,18.5,17.954999923706055,18.024999618530273,410980,0.0,0.0,-0.02672790642539602
2015-08-10,17.924999237060547,18.299999237060547,17.84000015258789,18.184999465942383,193359,0.0,0.0,0.00887655205538107
2015-08-11,18.135000228881836,18.170000076293945,17.790000915527344,17.8799991607666,155597,0.0,0.0,-0.016772082162938684
2015-08-12,17.700000762939453,17.704999923706055,16.940000534057617,17.05500030517578,411479,0.0,0.0,-0.046140877758041765
2015-08-13,17.299999237060547,17.635000228881836,17.299999237060547,17.635000228881836,182261,0.0,0.0,0.034007617316197836
2015-08-14,17.600000381469727,17.815000534057617,17.450000762939453,17.700000762939453,120847,0.0,0.0,0.0036858822349863374
2015-08-17,17.854999542236328,17.899999618530273,17.399999618530273,17.84000015258789,127664,0.0,0.0,0.007909569695701446
2015-08-18,17.905000686645508,18.18000030517578,17.84000015258789,17.905000686645508,169184,0.0,0.0,0.003643527662648971
2015-08-19,17.434999465942383,17.915000915527344,17.010000228881836,17.770000457763672,318913,0.0,0.0,-0.007539805847789016
2015-08-20,17.579999923706055,17.6200008392334,17.209999084472656,17.290000915527344,241979,0.0,0.0,-0.02701179121391739
2015-08-21,17.049999237060547,17.389999389648438,16.610000610351562,16.6299991607666,257737,0.0,0.0,-0.03817245343046949
2015-08-24,16.010000228881836,16.075000762939453,15.09000015258789,15.8149995803833,586944,0.0,0.0,-0.04900779443850145
2015-08-25,15.8100004196167,16.594999313354492,15.8100004196167,16.46500015258789,290667,0.0,0.0,0.041100258580521354
2015-08-26,16.2549991607666,16.885000228881836,16.0049991607666,16.584999084472656,275766,0.0,0.0,0.0072881221240623795
2015-08-27,16.5,16.729999542236328,16.364999771118164,16.649999618530273,311495,0.0,0.0,0.003919236517683666
2015-08-28,16.700000762939453,16.815000534057617,16.5,16.815000534057617,155194,0.0,0.0,0.009909965123585218
2015-08-31,16.7450008392334,16.764999389648438,16.43000030517578,16.69499969482422,172914,0.0,0.0,-0.0071365349641437925
2015-09-01,16.454999923706055,16.530000686645508,16.219999313354492,16.364999771118164,276291,0.0,0.0,-0.01976639291633897
2015-09-02,16.334999084472656,16.559999465942383,16.139999389648438,16.364999771118164,221232,0.0,0.0,0.0
2015-09-03,16.5,16.790000915527344,16.459999084472656,16.610000610351562,186071,0.0,0.0,0.014971026132599707
2015-09-04,16.459999084472656,16.68000030517578,16.424999237060547,16.594999313354492,167059,0.0,0.0,-0.0009031484916214305
2015-09-07,16.690000534057617,16.739999771118164,16.440000534057617,16.610000610351562,145478,0.0,0.0,0.0009039649061628463
2015-09-08,16.635000228881836,16.889999389648438,16.375,16.395000457763672,204142,0.0,0.0,-0.01294401834361758
2015-09-09,16.764999389648438,16.899999618530273,16.520000457763672,16.594999313354492,135396,0.0,0.0,0.012198770967164707
2015-09-10,16.44499969482422,16.59000015258789,16.114999771118164,16.31999969482422,247611,0.0,0.0,-0.016571234101165233
2015-09-11,16.354999542236328,16.360000610351562,16.045000076293945,16.1299991607666,150677,0.0,0.0,-0.011642189804566883
2015-09-14,16.059999465942383,16.354999542236328,16.014999389648438,16.09000015258789,125954,0.0,0.0,-0.002479789848718772
2015-09-15,16.145000457763672,16.344999313354492,15.880000114440918,16.2450008392334,233649,0.0,0.0,0.009633355200470817
2015-09-16,16.405000686645508,17.09000015258789,16.405000686645508,17.049999237060547,525768,0.0,0.0,0.04955360764789818
2015-09-17,17.045000076293945,17.200000762939453,16.950000762939453,17.104999542236328,765650,0.0,0.0,0.003225824494832219
2015-09-18,17.079999923706055,17.290000915527344,16.885000228881836,17.2549991607666,355037,0.0,0.0,0.008769343615583791
2015-09-21,17.235000610351562,17.875,17.15999984741211,17.829999923706055,307617,0.0,0.0,0.03332372013363272
2015-09-22,18.0,18.30500030517578,17.864999771118164,17.975000381469727,937612,0.0,0.0,0.008132386897595323
2015-09-23,17.940000534057617,18.405000686645508,17.850000381469727,18.290000915527344,305919,0.0,0.0,0.01752436869944929
2015-09-24,18.235000610351562,18.434999465942383,18.09000015258789,18.174999237060547,294365,0.0,0.0,-0.006287680301271359
2015-09-25,18.174999237060547,18.8799991607666,18.174999237060547,18.510000228881836,576912,0.0,0.0,0.018431967311348885
2015-09-28,18.3700008392334,18.725000381469727,18.31999969482422,18.635000228881836,296837,0.0,0.0,0.006753106345453119
2015-09-29,18.079999923706055,18.299999237060547,17.764999389648438,17.96500015258789,502528,0.0,0.0,-0.03595385393425066
2015-09-30,18.100000381469727,18.385000228881836,17.989999771118164,18.110000610351562,740759,0.0,0.0,0.008071275064408079
2015-10-01,18.3799991607666,18.90999984741211,18.280000686645508,18.420000076293945,506501,0.0,0.0,0.01711758451102363
2015-10-02,18.549999237060547,18.690000534057617,18.1200008392334,18.155000686645508,217260,0.0,0.0,-0.01438650317865553
2015-10-05,18.329999923706055,18.760000228881836,18.329999923706055,18.354999542236328,267647,0.0,0.0,0.011016185515098087
2015-10-06,18.454999923706055,20.0,18.454999923706055,19.899999618530273,984676,0.0,0.0,0.08417325605150672
2015-10-07,19.8799991607666,20.459999084472656,19.434999465942383,20.1200008392334,740257,0.0,0.0,0.011055337935698573
2015-10-08,20.100000381469727,21.200000762939453,20.09000015258789,21.010000228881836,1415255,0.0,0.0,0.04423456026467787
2015-10-09,21.040000915527344,21.219999313354492,20.799999237060547,21.084999084472656,722718,0.0,0.0,0.0035696741919937214
2015-10-12,21.0,21.19499969482422,20.8799991607666,21.145000457763672,402951,0.0,0.0,0.002845690106536569
2015-10-13,21.09000015258789,21.350000381469727,21.0049991607666,21.209999084472656,729023,0.0,0.0,0.0030739477560577377
2015-10-14,21.084999084472656,21.479999542236328,21.084999084472656,21.385000228881836,516961,0.0,0.0,0.00825087939477065
2015-10-15,22.885000228881836,25.299999237060547,22.670000076293945,24.559999465942383,2376408,0.0,0.0,0.14846851545844286
2015-10-16,24.579999923706055,25.264999389648438,24.56999969482422,24.93000030517578,933509,0.0,0.0,0.015065181078138146
2015-10-19,24.5,25.020000457763672,24.155000686645508,24.915000915527344,492865,0.0,0.0,-0.0006016602272292948
2015-10-20,24.80500030517578,25.815000534057617,24.774999618530273,25.709999084472656,428676,0.0,0.0,0.031908414197563184
2015-10-21,25.719999313354492,26.649999618530273,25.325000762939453,25.334999084472656,824649,0.0,0.0,-0.014585764813444868
2015-10-22,25.90999984741211,26.30500030517578,25.170000076293945,25.334999084472656,359116,0.0,0.0,0.0
2015-10-23,25.549999237060547,27.079999923706055,25.489999771118164,26.170000076293945,686007,0.0,0.0,0.03295839834204073
2015-10-26,25.9950008392334,26.40999984741211,25.84000015258789,26.295000076293945,740828,0.0,0.0,0.004776461583323899
2015-10-27,26.399999618530273,27.260000228881836,25.889999389648438,26.649999618530273,757064,0.0,0.0,0.013500648077821253
2015-10-28,26.600000381469727,26.920000076293945,26.0049991607666,26.225000381469727,466460,0.0,0.0,-0.015947438767129896
2015-10-29,26.950000762939453,27.190000534057617,26.514999389648438,26.729999542236328,461415,0.0,0.0,0.01925640241833615
2015-10-30,26.844999313354492,27.290000915527344,26.549999237060547,27.274999618530273,323492,0.0,0.0,0.020389079148048106
2015-11-02,26.975000381469727,27.764999389648438,26.90999984741211,26.93000030517578,325303,0.0,0.0,-0.012648920923177709
2015-11-03,26.950000762939453,27.235000610351562,26.649999618530273,26.7549991607666,481865,0.0,0.0,-0.006498371423172444
2015-11-04,26.665000915527344,27.40999984741211,26.565000534057617,27.19499969482422,270058,0.0,0.0,0.016445544677976764
2015-11-05,26.600000381469727,28.170000076293945,26.360000610351562,27.770000457763672,364237,0.0,0.0,0.021143620863834256
2015-11-06,27.604999542236328,28.040000915527344,27.184999465942383,28.040000915527344,369260,0.0,0.0,0.00972273868609852
2015-11-09,27.950000762939453,27.950000762939453,26.93000030517578,26.989999771118164,947140,0.0,0.0,-0.03744654458366059
2015-11-10,27.079999923706055,27.25,25.19499969482422,25.78499984741211,843031,0.0,0.0,-0.0446461627982494
2015-11-11,25.604999542236328,26.1200008392334,24.75,25.985000610351562,675644,0.0,0.0,0.007756477181423138
2015-11-12,25.94499969482422,26.809999465942383,25.809999465942383,26.514999389648438,413432,0.0,0.0,0.02039633507207772
2015-11-13,26.450000762939453,26.78499984741211,26.30500030517578,26.579999923706055,410884,0.0,0.0,0.0024514627778189357
2015-11-16,26.200000762939453,27.06999969482422,26.15999984741211,27.06999969482422,292727,0.0,0.0,0.018434904910633376
2015-11-17,27.510000228881836,27.665000915527344,27.020000457763672,27.350000381469727,239532,0.0,0.0,0.010343579231699929
2015-11-18,27.0,27.135000228881836,26.424999237060547,26.5049991607666,425553,0.0,0.0,-0.030895839448530027
2015-11-19,26.690000534057617,26.700000762939453,26.110000610351562,26.510000228881836,475288,0.0,0.0,0.00018868395674709326
2015-11-20,26.510000228881836,26.850000381469727,26.2450008392334,26.760000228881836,439492,0.0,0.0,0.009430403539854915
2015-11-23,26.75,26.950000762939453,26.700000762939453,26.80500030517578,261310,0.0,0.0,0.00168161718643689
2015-11-24,26.799999237060547,27.084999084472656,26.5,26.594999313354492,333895,0.0,0.0,-0.007834396173490799
2015-11-25,26.600000381469727,26.834999084472656,26.584999084472656,26.700000762939453,259334,0.0,0.0,0.003948165154951999
2015-11-26,26.690000534057617,26.770000457763672,26.459999084472656,26.7549991607666,238817,0.0,0.0,0.002059865028299468
2015-11-27,26.594999313354492,26.700000762939453,26.454999923706055,26.614999771118164,133070,0.0,0.0,-0.005232644142771359
2015-11-30,26.530000686645508,26.684999465942383,26.424999237060547,26.5,438077,0.0,0.0,-0.0043208631263246255
2015-12-01,26.540000915527344,27.889999389648438,26.4950008392334,27.850000381469727,384063,0.0,0.0,0.05094341062149921
2015-12-02,27.790000915527344,28.235000610351562,27.65999984741211,27.90999984741211,285585,0.0,0.0,0.0021543793580089954
2015-12-03,27.795000076293945,28.184999465942383,26.950000762939453,26.950000762939453,218447,0.0,0.0,-0.03439624112221806
2015-12-04,26.850000381469727,27.549999237060547,26.65999984741211,27.540000915527344,225770,0.0,0.0,0.021892398363091425
2015-12-07,27.5,28.155000686645508,27.399999618530273,27.614999771118164,180013,0.0,0.0,0.0027232699018733264
2015-12-08,27.704999923706055,28.079999923706055,27.549999237060547,27.799999237060547,268539,0.0,0.0,0.006699238365950322
2015-12-09,27.950000762939453,27.959999084472656,27.100000381469727,27.1200008392334,312655,0.0,0.0,-0.024460374693846543
2015-12-10,27.0,27.530000686645508,26.799999237060547,27.010000228881836,255447,0.0,0.0,-0.004056069577712873
2015-12-11,27.065000534057617,27.204999923706055,26.469999313354492,26.68000030517578,340192,0.0,0.0,-0.012217694221016151
2015-12-14,26.700000762939453,26.7549991607666,26.334999084472656,26.424999237060547,221694,0.0,0.0,-0.009557761064409198
2015-12-15,26.579999923706055,26.975000381469727,26.420000076293945,26.860000610351562,270108,0.0,0.0,0.016461736456019782
2015-12-16,26.850000381469727,26.950000762939453,26.4950008392334,26.5,392927,0.0,0.0,-0.013402851905104596
2015-12-17,26.979999542236328,27.600000381469727,26.850000381469727,26.979999542236328,228734,0.0,0.0,0.018113190273068902
2015-12-18,26.799999237060547,27.239999771118164,26.56999969482422,27.045000076293945,573932,0.0,0.0,0.0024092118295206966
2015-12-21,26.989999771118164,27.049999237060547,26.40999984741211,26.40999984741211,221415,0.0,0.0,-0.0234793946049362
2015-12-22,26.5049991607666,26.655000686645508,26.21500015258789,26.4950008392334,109059,0.0,0.0,0.0032185154226578305
2015-12-23,26.540000915527344,26.614999771118164,26.389999389648438,26.614999771118164,101925,0.0,0.0,0.004529115987309984
2015-12-24,26.600000381469727,26.649999618530273,26.53499984741211,26.575000762939453,11218,0.0,0.0,-0.001502874639214391
2015-12-28,26.600000381469727,26.790000915527344,26.475000381469727,26.5049991607666,111565,0.0,0.0,-0.0026341147756606675
2015-12-29,26.55500030517578,27.104999542236328,26.55500030517578,27.104999542236328,150609,0.0,0.0,0.022637253366069254
2015-12-30,26.959999084472656,27.19499969482422,26.700000762939453,27.125,127384,0.0,0.0,0.0007378881424626726
2016-01-04,26.399999618530273,26.635000228881836,26.354999542236328,26.579999923706055,361820,0.0,0.0,-0.020092168711297487
2016-01-05,26.524999618530273,26.6299991607666,25.7450008392334,25.905000686645508,373336,0.0,0.0,-0.02539500522942184
2016-01-06,25.885000228881836,25.885000228881836,22.229999542236328,23.614999771118164,1002812,0.0,0.0,-0.08839995579339555
2016-01-07,23.0,23.834999084472656,22.704999923706055,23.670000076293945,404237,0.0,0.0,0.0023290411056047233
2016-01-08,23.670000076293945,25.09000015258789,23.670000076293945,24.469999313354492,546945,0.0,0.0,0.03379802427046741
2016-01-11,24.399999618530273,24.434999465942383,24.049999237060547,24.260000228881836,247420,0.0,0.0,-0.0085818998923326
2016-01-12,24.344999313354492,24.6200008392334,24.184999465942383,24.469999313354492,185062,0.0,0.0,0.008656186417618006
2016-01-13,24.604999542236328,25.260000228881836,24.549999237060547,25.09000015258789,530914,0.0,0.0,0.02533718253498418
2016-01-14,25.0,25.049999237060547,24.290000915527344,24.450000762939453,449663,0.0,0.0,-0.025508146104272766
2016-01-15,24.5,24.989999771118164,24.200000762939453,24.219999313354492,379545,0.0,0.0,-0.009407011959426614
2016-01-18,24.15999984741211,24.399999618530273,23.540000915527344,23.774999618530273,250225,0.0,0.0,-0.01837323317258943
2016-01-19,24.09000015258789,24.514999389648438,24.03499984741211,24.514999389648438,233173,0.0,0.0,0.031125122312994913
2016-01-20,24.21500015258789,24.309999465942383,23.979999542236328,24.145000457763672,297240,0.0,0.0,-0.01509275713223146
2016-01-21,24.0,24.440000534057617,22.934999465942383,23.459999084472656,377401,0.0,0.0,-0.028370319333365646
2016-01-22,23.790000915527344,24.375,23.774999618530273,24.28499984741211,296005,0.0,0.0,0.035166274302435685
2016-01-25,24.545000076293945,25.719999313354492,24.420000076293945,25.719999313354492,284255,0.0,0.0,0.059089951614527125
2016-01-26,25.399999618530273,26.114999771118164,25.239999771118164,26.06999969482422,305600,0.0,0.0,0.013608102286690071
2016-01-27,26.200000762939453,26.270000457763672,25.610000610351562,25.665000915527344,230112,0.0,0.0,-0.015535051171376879
2016-01-28,25.540000915527344,25.774999618530273,24.809999465942383,24.81999969482422,245852,0.0,0.0,-0.0329242622466418
2016-01-29,25.1200008392334,25.360000610351562,24.729999542236328,25.344999313354492,257439,0.0,0.0,0.021152281425682373
2016-02-01,25.350000381469727,25.420000076293945,25.0,25.329999923706055,204049,0.0,0.0,-0.0005918086429197444
2016-02-02,25.350000381469727,25.559999465942383,25.010000228881836,25.1299991607666,231137,0.0,0.0,-0.007895805903744835
2016-02-03,25.079999923706055,25.270000457763672,24.415000915527344,24.53499984741211,245297,0.0,0.0,-0.023676853689808985
2016-02-04,24.674999237060547,24.69499969482422,23.700000762939453,23.989999771118164,342315,0.0,0.0,-0.02221316811426155
2016-02-05,24.010000228881836,24.06999969482422,23.104999542236328,23.1200008392334,397232,0.0,0.0,-0.03626506628533477
2016-02-08,23.114999771118164,23.350000381469727,21.315000534057617,21.389999389648438,445880,0.0,0.0,-0.07482704960153985
2016-02-09,21.315000534057617,21.934999465942383,20.80500030517578,21.59000015258789,398727,0.0,0.0,0.009350199562709882
2016-02-10,21.764999389648438,22.549999237060547,21.649999618530273,22.079999923706055,298967,0.0,0.0,0.022695681688516878
2016-02-11,22.0049991607666,22.0049991607666,20.885000228881836,20.895000457763672,480475,0.0,0.0,-0.053668454258920306
2016-02-12,18.815000534057617,19.969999313354492,18.600000381469727,18.989999771118164,1611264,0.0,0.0,-0.09117016726064209
2016-02-15,19.170000076293945,19.7450008392334,18.8799991607666,19.540000915527344,499160,0.0,0.0,0.02896267251386031
2016-02-16,19.684999465942383,20.030000686645508,19.274999618530273,19.364999771118164,383132,0.0,0.0,-0.008956045865387674
2016-02-17,19.299999237060547,20.479999542236328,19.2549991607666,20.084999084472656,464647,0.0,0.0,0.03718044522924968
2016-02-18,20.290000915527344,23.094999313354492,19.905000686645508,22.309999465942383,1012777,0.0,0.0,0.1107792124914675
2016-02-19,22.93000030517578,24.329999923706055,22.770000457763672,23.350000381469727,946559,0.0,0.0,0.04661590947659899
2016-02-22,23.5,23.889999389648438,23.030000686645508,23.69499969482422,417660,0.0,0.0,0.014775130951530047
2016-02-23,23.834999084472656,25.55500030517578,23.549999237060547,25.15999984741211,656498,0.0,0.0,0.061827396980633775
2016-02-24,25.079999923706055,25.7450008392334,24.540000915527344,25.315000534057617,744879,0.0,0.0,0.006160599665562039
2016-02-25,25.665000915527344,26.209999084472656,25.364999771118164,26.149999618530273,310437,0.0,0.0,0.0329843597415409
2016-02-26,26.395000457763672,27.260000228881836,26.280000686645508,27.149999618530273,422947,0.0,0.0,0.03824091833987575
2016-02-29,26.850000381469727,26.94499969482422,26.104999542236328,26.3700008392334,424081,0.0,0.0,-0.02872923721017351
2016-03-01,27.024999618530273,28.5049991607666,27.014999389648438,28.05500030517578,858384,0.0,0.0,0.0638983470730663
2016-03-02,28.18000030517578,28.299999237060547,27.354999542236328,27.600000381469727,333758,0.0,0.0,-0.016218140037664308
2016-03-03,27.524999618530273,27.524999618530273,26.3700008392334,26.80500030517578,416120,0.0,0.0,-0.02880435019224481
2016-03-04,26.700000762939453,27.09000015258789,26.635000228881836,26.989999771118164,278558,0.0,0.0,0.006901677442124887
2016-03-07,26.5,26.80500030517578,26.270000457763672,26.334999084472656,311724,0.0,0.0,-0.024268273145612307
2016-03-08,26.05500030517578,26.489999771118164,25.829999923706055,26.110000610351562,338750,0.0,0.0,-0.008543705408888935
2016-03-09,26.114999771118164,26.770000457763672,25.934999465942383,26.545000076293945,270388,0.0,0.0,0.016660262572721685
2016-03-10,26.655000686645508,27.25,26.399999618530273,26.55500030517578,300964,0.0,0.0,0.00037672740075689326
2016-03-11,26.94499969482422,26.94499969482422,26.184999465942383,26.639999389648438,296741,0.0,0.0,0.0032008692711664732
2016-03-14,26.700000762939453,27.010000228881836,26.559999465942383,26.844999313354492,301277,0.0,0.0,0.007695192507613635
2016-03-15,26.65999984741211,27.219999313354492,26.28499984741211,27.065000534057617,196422,0.0,0.0,0.008195240317762975
2016-03-16,28.0,28.0,27.125,27.165000915527344,329165,0.0,0.0,0.0036948228153141915
2016-03-17,27.170000076293945,27.174999237060547,25.9950008392334,26.385000228881836,316269,0.0,0.0,-0.028713442310236204
2016-03-18,26.44499969482422,26.795000076293945,26.229999542236328,26.350000381469727,442237,0.0,0.0,-0.0013265054807085619
2016-03-21,26.21500015258789,27.110000610351562,26.21500015258789,26.889999389648438,307221,0.0,0.0,0.020493320696816975
2016-03-22,26.799999237060547,27.649999618530273,26.549999237060547,27.325000762939453,395799,0.0,0.0,0.01617706891650106
2016-03-23,27.325000762939453,27.6200008392334,27.260000228881836,27.600000381469727,159224,0.0,0.0,0.01006402967436526
2016-03-24,27.31999969482422,27.6200008392334,27.190000534057617,27.209999084472656,195482,0.0,0.0,-0.014130481579953558
2016-03-29,27.0,27.344999313354492,26.530000686645508,27.21500015258789,265013,0.0,0.0,0.00018379523276390586
2016-03-30,27.1299991607666,28.155000686645508,27.024999618530273,28.155000686645508,299541,0.0,0.0,0.03453979528889439
2016-03-31,28.0,28.200000762939453,27.3799991607666,27.600000381469727,185237,0.0,0.0,-0.01971231723105693
2016-04-01,27.344999313354492,27.479999542236328,27.030000686645508,27.479999542236328,224523,0.0,0.0,-0.004347856433870367
2016-04-04,27.360000610351562,27.969999313354492,27.209999084472656,27.604999542236328,195641,0.0,0.0,0.004548762812309315
2016-04-05,27.260000228881836,27.315000534057617,26.5,26.81999969482422,213583,0.0,0.0,-0.028436872321299655
2016-04-06,26.950000762939453,26.950000762939453,26.329999923706055,26.78499984741211,176468,0.0,0.0,-0.0013049905969559905
2016-04-07,26.78499984741211,27.34000015258789,26.665000915527344,26.790000915527344,261259,0.0,0.0,0.000186711523006311
2016-04-08,26.825000762939453,27.065000534057617,26.325000762939453,26.700000762939453,200009,0.0,0.0,-0.0033594680668983523
2016-04-11,26.6299991607666,26.905000686645508,26.5,26.56999969482422,215788,0.0,0.0,-0.0048689537228657764
2016-04-12,26.510000228881836,27.25,26.344999313354492,27.065000534057617,208707,0.0,0.0,0.01863006567251957
2016-04-13,27.200000762939453,27.389999389648438,26.209999084472656,27.1200008392334,207240,0.0,0.0,0.0020321560720670817
2016-04-14,27.05500030517578,27.440000534057617,26.860000610351562,27.19499969482422,150189,0.0,0.0,0.0027654444421079116
2016-04-15,27.030000686645508,27.06999969482422,26.670000076293945,26.799999237060547,136781,0.0,0.0,-0.014524745806077322
2016-04-18,26.5,27.229999542236328,26.5,27.084999084472656,133248,0.0,0.0,0.01063432296736777
2016-04-19,27.049999237060547,27.475000381469727,26.905000686645508,27.28499984741211,113404,0.0,0.0,0.007384189392648288
2016-04-20,27.114999771118164,27.260000228881836,27.0,27.024999618530273,185516,0.0,0.0,-0.009529053704814161
2016-04-21,27.100000381469727,27.309999465942383,26.725000381469727,27.125,229211,0.0,0.0,0.0037002916884838477
2016-04-22,27.0049991607666,27.21500015258789,26.594999313354492,26.594999313354492,277735,0.0,0.0,-0.019539195821032584
2016-04-25,26.545000076293945,26.719999313354492,26.420000076293945,26.5,154552,0.0,0.0,-0.003572074292432448
2016-04-26,26.530000686645508,26.735000610351562,26.225000381469727,26.235000610351562,177672,0.0,0.0,-0.009999976967865587
2016-04-27,26.405000686645508,26.514999389648438,26.094999313354492,26.204999923706055,307895,0.0,0.0,-0.0011435367237487837
2016-04-28,26.1299991607666,26.204999923706055,25.329999923706055,26.125,424883,0.0,0.0,-0.0030528496065242994
2016-04-29,25.924999237060547,26.395000457763672,24.69499969482422,25.3700008392334,997758,0.0,0.0,-0.028899489407334
2016-05-02,25.364999771118164,26.260000228881836,25.364999771118164,26.209999084472656,181946,0.0,0.0,0.03310990214632725
2016-05-03,26.239999771118164,26.469999313354492,25.739999771118164,26.424999237060547,281736,0.0,0.0,0.008202982071650045
2016-05-04,26.450000762939453,26.6200008392334,26.389999389648438,26.489999771118164,281217,0.0,0.0,0.002459812145101381
2016-05-05,26.485000610351562,26.655000686645508,26.184999465942383,26.364999771118164,120531,0.0,0.0,-0.004718761837676055
2016-05-06,26.350000381469727,26.584999084472656,26.239999771118164,26.450000762939453,230737,0.0,0.0,0.003224008820755131
2016-05-09,26.610000610351562,26.764999389648438,26.360000610351562,26.424999237060547,279746,0.0,0.0,-0.0009452372460395653
2016-05-10,26.399999618530273,26.760000228881836,26.209999084472656,26.4950008392334,103455,0.0,0.0,0.002649067329949961
2016-05-11,26.530000686645508,26.934999465942383,26.469999313354492,26.799999237060547,203363,0.0,0.0,0.011511545127996792
2016-05-12,26.899999618530273,28.375,26.834999084472656,27.799999237060547,304189,0.0,0.0,0.03731343389805564
2016-05-13,28.0,30.270000457763672,27.850000381469727,30.020000457763672,556361,0.0,0.0,0.07985616120965977
2016-05-16,29.985000610351562,30.399999618530273,29.725000381469727,30.06999969482422,172376,0.0,0.0,0.0016655308560336035
2016-05-17,30.239999771118164,30.674999237060547,29.985000610351562,30.079999923706055,369709,0.0,0.0,0.00033256498115497024
2016-05-18,29.78499984741211,30.28499984741211,29.69499969482422,29.985000610351562,241774,0.0,0.0,-0.0031582218615506807
2016-05-19,29.825000762939453,30.0,29.315000534057617,29.704999923706055,315709,0.0,0.0,-0.009338025044056342
2016-05-20,29.829999923706055,30.645000457763672,29.829999923706055,30.5,309985,0.0,0.0,0.02676317382042792
2016-05-23,30.530000686645508,31.309999465942383,30.420000076293945,31.079999923706055,264597,0.0,0.0,0.019016390941182015
2016-05-24,31.15999984741211,31.709999084472656,30.889999389648438,31.639999389648438,271191,0.0,0.0,0.0180180008789268
2016-05-25,31.735000610351562,31.950000762939453,31.09000015258789,31.329999923706055,230322,0.0,0.0,-0.009797707709305548
2016-05-26,31.399999618530273,32.35499954223633,31.399999618530273,32.04499816894531,338707,0.0,0.0,0.022821520810099027
2016-05-27,32.130001068115234,32.630001068115234,31.84000015258789,32.4900016784668,332511,0.0,0.0,0.013886832109503366
2016-05-30,32.61000061035156,32.814998626708984,32.47999954223633,32.61000061035156,84121,0.0,0.0,0.0036934110706523526
2016-05-31,32.7400016784668,33.310001373291016,32.56999969482422,33.150001525878906,398741,0.0,0.0,0.016559365391607184
2016-06-01,33.255001068115234,33.404998779296875,32.93000030517578,32.9900016784668,227698,0.0,0.0,-0.004826541177900157
2016-06-02,33.06999969482422,33.880001068115234,33.005001068115234,33.58000183105469,212170,0.0,0.0,0.01788421105091964
2016-06-03,33.505001068115234,33.540000915527344,32.849998474121094,33.04499816894531,236889,0.0,0.0,-0.015932210629440946
2016-06-06,32.98500061035156,33.0,32.224998474121094,32.94499969482422,197837,0.0,0.0,-0.003026130417978612
2016-06-07,32.900001525878906,33.5099983215332,32.77000045776367,33.290000915527344,194067,0.0,0.0,0.010472035935618074
2016-06-08,33.18000030517578,33.224998474121094,32.790000915527344,33.095001220703125,211557,0.0,0.0,-0.005857605571085056
2016-06-09,33.154998779296875,33.3650016784668,32.75,33.29999923706055,190244,0.0,0.0,0.006194229001242002
2016-06-10,33.404998779296875,33.42499923706055,32.76499938964844,32.89500045776367,199746,0.0,0.0,-0.012162125783058308
2016-06-13,32.439998626708984,32.75,32.26499938964844,32.459999084472656,212598,0.0,0.0,-0.013223935772536222
2016-06-14,32.084999084472656,32.32500076293945,30.93000030517578,31.094999313354492,328152,0.0,0.0,-0.042051750142257927
2016-06-15,31.18000030517578,31.700000762939453,31.18000030517578,31.520000457763672,268193,0.0,0.0,0.013667829355013206
2016-06-16,31.200000762939453,31.5,30.834999084472656,30.90999984741211,283071,0.0,0.0,-0.01935281096105801
2016-06-17,31.165000915527344,31.8799991607666,30.9950008392334,31.149999618530273,420962,0.0,0.0,0.0077644701489139045
2016-06-20,31.799999237060547,33.790000915527344,31.704999923706055,33.654998779296875,303608,0.0,0.0,0.08041730951664117
2016-06-21,33.724998474121094,33.994998931884766,33.084999084472656,33.084999084472656,236916,0.0,0.0,-0.016936553721548786
2016-06-22,33.06999969482422,33.380001068115234,32.92499923706055,33.0099983215332,201460,0.0,0.0,-0.0022669114406792534
2016-06-23,33.01499938964844,33.70500183105469,33.01499938964844,33.54499816894531,125090,0.0,0.0,0.01620720613799964
2016-06-24,29.709999084472656,32.959999084472656,27.1299991607666,32.59000015258789,634392,0.0,0.0,-0.028469162870353726
2016-06-27,32.16999816894531,32.54999923706055,30.579999923706055,30.8799991607666,343057,0.0,0.0,-0.05247011303513305
2016-06-28,31.579999923706055,32.61000061035156,31.5,32.56999969482422,248996,0.0,0.0,0.054727998056579796
2016-06-29,32.849998474121094,33.130001068115234,32.130001068115234,32.79999923706055,285852,0.0,0.0,0.0070616992444392235
2016-06-30,32.88999938964844,33.314998626708984,32.73500061035156,33.0099983215332,271023,0.0,0.0,0.006402411260893581
2016-07-01,33.185001373291016,33.8849983215332,32.81999969482422,33.775001525878906,170273,0.0,0.0,0.02317489376685833
2016-07-04,33.974998474121094,33.974998474121094,32.8650016784668,33.084999084472656,141434,0.0,0.0,-0.020429382982486644
2016-07-05,33.08000183105469,33.290000915527344,32.82500076293945,32.86000061035156,190268,0.0,0.0,-0.006800619022132248
2016-07-06,32.75,33.275001525878906,32.56999969482422,33.2599983215332,206506,0.0,0.0,0.012172784654654878
2016-07-07,33.36000061035156,34.5,33.36000061035156,33.72999954223633,200195,0.0,0.0,0.01413112580943321
2016-07-08,33.654998779296875,34.1349983215332,33.130001068115234,34.064998626708984,128763,0.0,0.0,0.00993178443578624
2016-07-11,34.17499923706055,34.72999954223633,34.01499938964844,34.630001068115234,160553,0.0,0.0,0.01658601098440249
2016-07-12,34.75,34.900001525878906,33.775001525878906,33.97999954223633,238457,0.0,0.0,-0.018769896212257997
2016-07-13,33.994998931884766,34.14500045776367,33.66999816894531,34.0,167781,0.0,0.0,0.0005885949980315441
2016-07-14,34.375,34.39500045776367,33.564998626708984,33.6349983215332,271944,0.0,0.0,-0.010735343484317594
2016-07-15,33.665000915527344,33.849998474121094,33.08000183105469,33.619998931884766,188358,0.0,0.0,-0.00044594590149971136
2016-07-18,33.68000030517578,34.47999954223633,33.470001220703125,34.0,263825,0.0,0.0,0.011302828084115424
2016-07-19,34.154998779296875,35.82500076293945,34.0,35.540000915527344,374911,0.0,0.0,0.04529414457433356
2016-07-20,36.40999984741211,38.5,36.38999938964844,38.30500030517578,374286,0.0,0.0,0.07779964317447208
2016-07-21,38.54499816894531,38.880001068115234,36.11000061035156,36.11000061035156,317630,0.0,0.0,-0.057303215698646826
2016-07-22,35.70000076293945,35.8650016784668,34.82500076293945,35.54999923706055,358737,0.0,0.0,-0.01550820725077695
2016-07-25,35.4900016784668,35.56999969482422,35.029998779296875,35.310001373291016,304025,0.0,0.0,-0.006750994906332797
2016-07-26,35.279998779296875,35.744998931884766,35.025001525878906,35.744998931884766,265503,0.0,0.0,0.012319386623496076
2016-07-27,35.88999938964844,35.93000030517578,35.45500183105469,35.93000030517578,246064,0.0,0.0,0.005175587601598641
2016-07-28,35.97999954223633,37.29999923706055,35.685001373291016,37.0,265177,0.0,0.0,0.029780119280157225
2016-07-29,37.0,37.08000183105469,36.23500061035156,36.724998474121094,209825,0.0,0.0,-0.007432473672402851
2016-08-01,36.834999084472656,37.150001525878906,36.32500076293945,36.599998474121094,182202,0.0,0.0,-0.0034036761114661918
2016-08-02,36.540000915527344,36.81999969482422,35.935001373291016,36.27000045776367,192865,0.0,0.0,-0.009016339620635638
2016-08-03,36.290000915527344,36.349998474121094,35.72999954223633,35.810001373291016,243999,0.0,0.0,-0.012682632441880504
2016-08-04,36.084999084472656,37.845001220703125,36.0,37.29999923706055,263818,0.0,0.0,0.041608427998577335
2016-08-05,37.39500045776367,37.73500061035156,37.060001373291016,37.73500061035156,212754,0.0,0.0,0.011662235447415403
2016-08-08,37.834999084472656,37.834999084472656,36.79999923706055,36.8849983215332,224593,0.0,0.0,-0.022525567114610956
2016-08-09,36.88999938964844,37.165000915527344,36.54999923706055,37.130001068115234,338157,0.0,0.0,0.006642341269648355
2016-08-10,37.16999816894531,37.244998931884766,35.85499954223633,36.435001373291016,352070,0.0,0.0,-0.018718009017808512
2016-08-11,36.630001068115234,37.19499969482422,36.5,36.834999084472656,364170,0.0,0.0,0.010978391549474775
2016-08-12,36.935001373291016,36.939998626708984,36.150001525878906,36.68000030517578,232555,0.0,0.0,-0.0042079213560293205
2016-08-15,36.66999816894531,37.1349983215332,36.53499984741211,36.95000076293945,109624,0.0,0.0,0.007360972069718752
2016-08-16,36.80500030517578,36.834999084472656,35.81999969482422,35.81999969482422,187470,0.0,0.0,-0.030581895663953973
2016-08-17,35.94499969482422,35.94499969482422,34.935001373291016,35.154998779296875,225910,0.0,0.0,-0.01856507317679945
2016-08-18,35.349998474121094,35.709999084472656,35.17499923706055,35.5,173372,0.0,0.0,0.009813717328481353
2016-08-19,35.505001068115234,35.79999923706055,35.345001220703125,35.57500076293945,186204,0.0,0.0,0.0021126975475902476
2016-08-22,35.525001525878906,35.70500183105469,35.18000030517578,35.505001068115234,103188,0.0,0.0,-0.001967665307744504
2016-08-23,35.625,35.70000076293945,35.2599983215332,35.435001373291016,83797,0.0,0.0,-0.0019715446477505116
2016-08-24,35.29999923706055,35.57500076293945,34.95000076293945,35.08000183105469,181074,0.0,0.0,-0.01001833013907849
2016-08-25,34.98500061035156,35.19499969482422,34.6150016784668,34.85499954223633,197940,0.0,0.0,-0.006413975971323205
2016-08-26,34.79999923706055,35.23500061035156,34.65999984741211,35.18000030517578,132312,0.0,0.0,0.00932436572106754
2016-08-29,35.1349983215332,35.154998779296875,34.75,35.14500045776367,81070,0.0,0.0,-0.0009948791105314214
2016-08-30,35.25,35.650001525878906,35.25,35.349998474121094,229564,0.0,0.0,0.0058329211463172825
2016-08-31,35.3650016784668,35.564998626708984,34.97999954223633,35.040000915527344,232006,0.0,0.0,-0.008769379688112089
2016-09-01,35.1349983215332,36.46500015258789,35.1349983215332,35.55500030517578,189546,0.0,0.0,0.014697470781749544
2016-09-02,35.54999923706055,36.06999969482422,35.19499969482422,36.06999969482422,140909,0.0,0.0,0.014484584031165593
2016-09-05,36.095001220703125,36.76499938964844,36.040000915527344,36.54499816894531,144383,0.0,0.0,0.013168796177984277
2016-09-06,36.845001220703125,37.095001220703125,36.45000076293945,36.834999084472656,261296,0.0,0.0,0.00793544753201747
2016-09-07,36.93000030517578,37.224998474121094,36.80500030517578,37.099998474121094,199062,0.0,0.0,0.007194228213246889
2016-09-08,37.18000030517578,37.21500015258789,36.39500045776367,36.39500045776367,237867,0.0,0.0,-0.019002642731890895
2016-09-09,36.30500030517578,36.48500061035156,35.69499969482422,35.810001373291016,178218,0.0,0.0,-0.016073611131054877
2016-09-12,35.20000076293945,35.79999923706055,34.720001220703125,35.720001220703125,255480,0.0,0.0,-0.002513268615929709
2016-09-13,35.810001373291016,36.165000915527344,34.814998626708984,34.994998931884766,216476,0.0,0.0,-0.02029681590263077
2016-09-14,35.32500076293945,35.73500061035156,35.084999084472656,35.290000915527344,301860,0.0,0.0,0.008429832623135125
2016-09-15,35.290000915527344,35.900001525878906,35.099998474121094,35.900001525878906,300211,0.0,0.0,0.017285366804373314
2016-09-16,35.869998931884766,35.89500045776367,35.08000183105469,35.189998626708984,1017786,0.0,0.0,-0.019777238690591892
2016-09-19,35.45000076293945,35.915000915527344,34.54999923706055,34.834999084472656,313794,0.0,0.0,-0.010088080593640192
2016-09-20,34.900001525878906,35.209999084472656,34.630001068115234,34.94499969482422,180765,0.0,0.0,0.0031577612528370658
2016-09-21,34.20000076293945,34.67499923706055,33.79999923706055,34.35499954223633,511155,0.0,0.0,-0.016883678859361262
2016-09-22,34.630001068115234,35.0,34.470001220703125,34.59000015258789,274854,0.0,0.0,0.006840361329728761
2016-09-23,34.595001220703125,34.71500015258789,34.20000076293945,34.30500030517578,221713,0.0,0.0,-0.008239371094387993
2016-09-26,33.880001068115234,34.369998931884766,33.275001525878906,33.63999938964844,256816,0.0,0.0,-0.01938495582601729
2016-09-27,33.849998474121094,34.10499954223633,33.32500076293945,33.599998474121094,294428,0.0,0.0,-0.0011890878791054327
2016-09-28,33.67499923706055,34.4900016784668,33.67499923706055,34.369998931884766,270506,0.0,0.0,0.022916681331302202
2016-09-29,34.66999816894531,34.67499923706055,33.775001525878906,33.95000076293945,338618,0.0,0.0,-0.01221990637176551
2016-09-30,33.599998474121094,33.83000183105469,33.19499969482422,33.599998474121094,351130,0.0,0.0,-0.010309345536169467
2016-10-03,33.189998626708984,34.59000015258789,33.154998779296875,34.35499954223633,245969,0.0,0.0,0.022470270904825895
2016-10-04,34.400001525878906,34.4900016784668,33.900001525878906,34.025001525878906,163777,0.0,0.0,-0.009605531094585507
2016-10-05,33.88999938964844,33.92499923706055,33.54999923706055,33.68000030517578,290799,0.0,0.0,-0.010139638654849792
2016-10-06,33.69499969482422,33.88999938964844,33.400001525878906,33.435001373291016,261117,0.0,0.0,-0.007274315013801047
2016-10-07,33.54999923706055,33.54999923706055,33.0,33.06999969482422,218806,0.0,0.0,-0.010916753805141788
2016-10-10,33.099998474121094,33.42499923706055,33.0099983215332,33.400001525878906,138403,0.0,0.0,0.00997888824009685
2016-10-11,33.435001373291016,33.435001373291016,32.22999954223633,32.22999954223633,194032,0.0,0.0,-0.03502999790991146
2016-10-12,32.150001525878906,32.189998626708984,30.799999237060547,32.099998474121094,540803,0.0,0.0,-0.004033542350656005
2016-10-13,32.0,32.20000076293945,31.549999237060547,31.80500030517578,208652,0.0,0.0,-0.009189974547292867
2016-10-14,31.815000534057617,32.279998779296875,31.799999237060547,32.09000015258789,120290,0.0,0.0,0.008960850327856429
2016-10-17,31.950000762939453,32.099998474121094,31.625,31.889999389648438,147086,0.0,0.0,-0.006232494920176079
2016-10-18,31.950000762939453,32.53499984741211,31.950000762939453,32.290000915527344,218377,0.0,0.0,0.01254316505282671
2016-10-19,32.255001068115234,32.275001525878906,31.905000686645508,32.16999816894531,158256,0.0,0.0,-0.0037164057968275266
2016-10-20,32.06999969482422,32.119998931884766,31.610000610351562,31.950000762939453,164393,0.0,0.0,-0.0068385893232107975
2016-10-21,31.989999771118164,32.36000061035156,31.8799991607666,31.96500015258789,152325,0.0,0.0,0.00046946445352946675
2016-10-24,31.96500015258789,32.25,31.510000228881836,31.549999237060547,178943,0.0,0.0,-0.01298297868125442
2016-10-25,31.520000457763672,31.729999542236328,31.315000534057617,31.399999618530273,184672,0.0,0.0,-0.004754346185659286
2016-10-26,31.329999923706055,31.375,30.735000610351562,31.0049991607666,236552,0.0,0.0,-0.012579632565682175
2016-10-27,31.014999389648438,31.31999969482422,30.559999465942383,30.684999465942383,210257,0.0,0.0,-0.010320906417863873
2016-10-28,30.700000762939453,31.19499969482422,30.440000534057617,30.829999923706055,219580,0.0,0.0,0.004725450881125415
2016-10-31,30.68000030517578,31.049999237060547,30.514999389648438,31.0,254115,0.0,0.0,0.0055141121217852085
2016-11-01,31.020000457763672,31.170000076293945,30.739999771118164,30.854999542236328,290144,0.0,0.0,-0.004677434121408752
2016-11-02,30.65999984741211,30.815000534057617,30.25,30.25,419976,0.0,0.0,-0.0196078285921919
2016-11-03,30.049999237060547,30.05500030517578,28.5,29.030000686645508,519259,0.0,0.0,-0.04033055581337164
2016-11-04,33.26499938964844,34.099998474121094,30.75,31.514999389648438,1372233,0.0,0.0,0.0856010556054203
2016-11-07,31.799999237060547,31.850000381469727,30.405000686645508,30.44499969482422,873862,0.0,0.0,-0.033952077282148885
2016-11-08,30.450000762939453,32.0,30.360000610351562,31.514999389648438,542802,0.0,0.0,0.03514533439151668
2016-11-09,30.549999237060547,31.81999969482422,30.405000686645508,31.81999969482422,697390,0.0,0.0,0.00967794101484154
2016-11-10,31.719999313354492,32.189998626708984,31.43000030517578,31.43000030517578,488863,0.0,0.0,-0.01225642342516664
2016-11-11,31.459999084472656,31.739999771118164,30.415000915527344,30.43000030517578,253895,0.0,0.0,-0.03181673529399631
2016-11-14,30.434999465942383,30.6200008392334,30.299999237060547,30.489999771118164,310033,0.0,0.0,0.0019717208458975843
2016-11-15,30.424999237060547,31.170000076293945,30.420000076293945,31.170000076293945,214833,0.0,0.0,0.022302404404079823
2016-11-16,31.200000762939453,32.18000030517578,31.200000762939453,31.889999389648438,250378,0.0,0.0,0.023099111696893493
2016-11-17,31.815000534057617,31.9950008392334,31.350000381469727,31.709999084472656,226039,0.0,0.0,-0.005644412311723301
2016-11-18,31.729999542236328,33.040000915527344,31.729999542236328,33.0,355539,0.0,0.0,0.040681203177928005
2016-11-21,32.93000030517578,33.130001068115234,32.349998474121094,32.88999938964844,155943,0.0,0.0,-0.003333351828835207
2016-11-22,32.814998626708984,32.959999084472656,32.53499984741211,32.79999923706055,223058,0.0,0.0,-0.0027363987308621773
2016-11-23,32.689998626708984,33.0099983215332,32.4900016784668,32.599998474121094,136564,0.0,0.0,-0.006097584377790843
2016-11-24,32.57500076293945,32.904998779296875,32.5099983215332,32.904998779296875,118759,0.0,0.0,0.009355838019989404
2016-11-25,32.875,33.150001525878906,32.78499984741211,32.974998474121094,116695,0.0,0.0,0.00212732707555241
2016-11-28,32.93000030517578,33.040000915527344,32.52000045776367,32.689998626708984,155227,0.0,0.0,-0.008642907068995842
2016-11-29,32.560001373291016,33.0,32.5,32.814998626708984,167173,0.0,0.0,0.003823799487647328
2016-11-30,32.91999816894531,33.150001525878906,32.70500183105469,32.834999084472656,197738,0.0,0.0,0.0006094913484895326
2016-12-01,32.73500061035156,32.91999816894531,31.709999084472656,31.864999771118164,287088,0.0,0.0,-0.02954162754379963
2016-12-02,31.834999084472656,31.834999084472656,30.7450008392334,31.344999313354492,292255,0.0,0.0,-0.01631885961081947
2016-12-05,31.1200008392334,31.899999618530273,31.049999237060547,31.065000534057617,190235,0.0,0.0,-0.008932805405345245
2016-12-06,31.020000457763672,31.15999984741211,30.7549991607666,30.825000762939453,254054,0.0,0.0,-0.007725728858592573
2016-12-07,30.950000762939453,31.700000762939453,30.55500030517578,31.145000457763672,265802,0.0,0.0,0.010381173946602207
2016-12-08,31.450000762939453,31.719999313354492,31.09000015258789,31.375,258144,0.0,0.0,0.007384798165221973
2016-12-09,31.3700008392334,32.25,31.3700008392334,32.17499923706055,197552,0.0,0.0,0.025497983651332268
2016-12-12,32.26499938964844,32.685001373291016,31.405000686645508,31.65999984741211,317943,0.0,0.0,-0.01600619741601239
2016-12-13,31.649999618530273,32.60499954223633,31.649999618530273,32.189998626708984,210468,0.0,0.0,0.016740327916969333
2016-12-14,31.954999923706055,32.130001068115234,31.649999618530273,32.0,185786,0.0,0.0,-0.005902411768086813
2016-12-15,31.950000762939453,32.650001525878906,31.8799991607666,32.28499984741211,293650,0.0,0.0,0.008906245231628418
2016-12-16,32.20500183105469,32.650001525878906,31.850000381469727,32.650001525878906,234727,0.0,0.0,0.011305611900012336
2016-12-19,32.650001525878906,33.185001373291016,32.494998931884766,33.04999923706055,221277,0.0,0.0,0.012251077870994775
2016-12-20,33.04999923706055,33.165000915527344,32.56999969482422,33.07500076293945,221680,0.0,0.0,0.0007564758383071801
2016-12-21,33.0,33.47999954223633,32.95500183105469,33.29499816894531,314848,0.0,0.0,0.0066514709276248585
2016-12-22,33.439998626708984,33.439998626708984,32.75,33.040000915527344,189833,0.0,0.0,-0.007658725557636692
2016-12-23,33.04999923706055,33.33000183105469,32.974998474121094,33.279998779296875,74048,0.0,0.0,0.00726385766099491
2016-12-27,33.2400016784668,33.45000076293945,33.20000076293945,33.415000915527344,51743,0.0,0.0,0.004056554723026462
2016-12-28,33.40999984741211,33.76499938964844,33.314998626708984,33.744998931884766,135989,0.0,0.0,0.009875744645096773
2016-12-29,33.60499954223633,33.95500183105469,33.439998626708984,33.915000915527344,97042,0.0,0.0,0.005037842318079022
2016-12-30,33.849998474121094,33.93000030517578,33.4900016784668,33.79999923706055,79923,0.0,0.0,-0.003390879415077541
2017-01-02,33.845001220703125,34.04999923706055,33.51499938964844,33.97999954223633,80077,0.0,0.0,0.005325452936058461
2017-01-03,34.0,34.150001525878906,33.42499923706055,33.54999923706055,263772,0.0,0.0,-0.012654511800134105
2017-01-04,33.54499816894531,33.73500061035156,32.849998474121094,32.9900016784668,244069,0.0,0.0,-0.016691432826477004
2017-01-05,32.93000030517578,33.189998626708984,31.479999542236328,31.565000534057617,623856,0.0,0.0,-0.043194940039645524
2017-01-06,31.559999465942383,31.625,30.889999389648438,31.174999237060547,392173,0.0,0.0,-0.012355497874180998
2017-01-09,31.1299991607666,31.479999542236328,30.100000381469727,30.639999389648438,383428,0.0,0.0,-0.017161182373858885
2017-01-10,30.719999313354492,30.94499969482422,30.31999969482422,30.875,272355,0.0,0.0,0.00766973286660555
2017-01-11,30.81999969482422,30.96500015258789,30.665000915527344,30.674999237060547,188580,0.0,0.0,-0.006477757504111836
2017-01-12,30.635000228881836,30.790000915527344,30.375,30.594999313354492,236500,0.0,0.0,-0.002607984537760011
2017-01-13,30.350000381469727,31.239999771118164,30.264999389648438,31.21500015258789,208703,0.0,0.0,0.020264777027230396
2017-01-16,31.239999771118164,31.274999618530273,30.53499984741211,30.59000015258789,238357,0.0,0.0,-0.020022425018254686
2017-01-17,30.55500030517578,30.75,30.420000076293945,30.614999771118164,185511,0.0,0.0,0.000817248068178289
2017-01-18,30.579999923706055,30.795000076293945,30.239999771118164,30.3799991607666,218618,0.0,0.0,-0.007675995822585602
2017-01-19,30.364999771118164,30.850000381469727,30.350000381469727,30.78499984741211,219446,0.0,0.0,0.013331161877335962
2017-01-20,30.8700008392334,30.8700008392334,30.350000381469727,30.7450008392334,288038,0.0,0.0,-0.0012993018800380174
2017-01-23,30.799999237060547,31.049999237060547,30.655000686645508,30.8799991607666,254682,0.0,0.0,0.0043909031663103
2017-01-24,30.899999618530273,31.0,30.299999237060547,30.540000915527344,210183,0.0,0.0,-0.011010306168376727
2017-01-25,30.594999313354492,30.860000610351562,30.415000915527344,30.53499984741211,166716,0.0,0.0,-0.00016375468124796289
2017-01-26,30.69499969482422,30.739999771118164,30.25,30.350000381469727,346233,0.0,0.0,-0.006058603794558803
2017-01-27,30.31999969482422,30.450000762939453,29.614999771118164,29.989999771118164,408304,0.0,0.0,-0.011861634458870118
2017-01-30,30.0,30.360000610351562,29.764999389648438,29.959999084472656,243510,0.0,0.0,-0.001000356347931719
2017-01-31,30.0049991607666,30.549999237060547,30.0,30.420000076293945,268930,0.0,0.0,0.01535383864746831
2017-02-01,30.450000762939453,31.174999237060547,30.450000762939453,30.93000030517578,242459,0.0,0.0,0.016765293478065324
2017-02-02,30.860000610351562,31.420000076293945,30.860000610351562,31.350000381469727,215030,0.0,0.0,0.013579051799222253
2017-02-03,31.399999618530273,31.450000762939453,31.170000076293945,31.239999771118164,146016,0.0,0.0,-0.003508791356078622
2017-02-06,31.25,31.31999969482422,30.905000686645508,30.959999084472656,122296,0.0,0.0,-0.008962890163154658
2017-02-07,31.0,31.239999771118164,30.979999542236328,31.145000457763672,119149,0.0,0.0,0.005975496730030505
2017-02-08,31.200000762939453,31.295000076293945,30.899999618530273,30.899999618530273,187624,0.0,0.0,-0.007866458039249347
2017-02-09,30.9950008392334,31.075000762939453,30.655000686645508,30.954999923706055,202536,0.0,0.0,0.0017799451732938287
2017-02-10,31.56999969482422,34.52000045776367,31.3700008392334,34.32500076293945,1169809,0.0,0.0,0.10886773857339205
2017-02-13,34.349998474121094,35.779998779296875,34.20000076293945,35.29999923706055,509012,0.0,0.0,0.028404907573193583
2017-02-14,35.20000076293945,35.36000061035156,34.79499816894531,35.25,311786,0.0,0.0,-0.0014164090124980655
2017-02-15,35.165000915527344,35.16999816894531,34.619998931884766,35.16999816894531,308211,0.0,0.0,-0.002269555490913122
2017-02-16,35.0,35.150001525878906,34.540000915527344,34.790000915527344,198865,0.0,0.0,-0.01080458553317476
2017-02-17,34.58000183105469,34.79999923706055,34.20500183105469,34.48500061035156,168029,0.0,0.0,-0.008766895577736356
2017-02-20,34.689998626708984,34.69499969482422,34.279998779296875,34.48500061035156,89413,0.0,0.0,0.0
2017-02-21,34.41999816894531,34.70000076293945,34.220001220703125,34.619998931884766,93429,0.0,0.0,0.003914696799879991
2017-02-22,34.630001068115234,35.25,34.630001068115234,35.20000076293945,168613,0.0,0.0,0.016753375186286057
2017-02-23,35.20000076293945,35.5099983215332,35.18000030517578,35.375,208918,0.0,0.0,0.004971569126918762
2017-02-24,35.400001525878906,35.685001373291016,34.64500045776367,34.689998626708984,222872,0.0,0.0,-0.019363996418120588
2017-02-27,34.720001220703125,34.88999938964844,34.494998931884766,34.72999954223633,94143,0.0,0.0,0.001153096486332661
2017-02-28,34.70500183105469,34.81999969482422,34.334999084472656,34.625,138444,0.0,0.0,-0.0030233096349061572
2017-03-01,34.73500061035156,36.66999816894531,34.73500061035156,36.41999816894531,380954,0.0,0.0,0.05184110235221118
2017-03-02,36.400001525878906,36.849998474121094,36.15999984741211,36.599998474121094,241171,0.0,0.0,0.004942348001798269
2017-03-03,36.79999923706055,36.849998474121094,36.064998626708984,36.209999084472656,151588,0.0,0.0,-0.010655721472890067
2017-03-06,36.20000076293945,36.34000015258789,35.72999954223633,36.07500076293945,155725,0.0,0.0,-0.0037282056047079903
2017-03-07,36.07500076293945,36.1150016784668,35.7599983215332,36.0,125002,0.0,0.0,-0.002079023183736206
2017-03-08,36.0,36.439998626708984,35.970001220703125,36.29999923706055,104015,0.0,0.0,0.008333312140570648
2017-03-09,36.185001373291016,36.470001220703125,36.095001220703125,36.29999923706055,101768,0.0,0.0,0.0
2017-03-10,36.39500045776367,36.94499969482422,36.1150016784668,36.8849983215332,160028,0.0,0.0,0.016115677596913125
2017-03-13,36.7400016784668,36.95000076293945,36.595001220703125,36.86000061035156,142606,0.0,0.0,-0.0006777202743437627
2017-03-14,36.724998474121094,37.474998474121094,36.64500045776367,36.880001068115234,171138,0.0,0.0,0.0005426060073925321
2017-03-15,36.80500030517578,36.880001068115234,36.459999084472656,36.67499923706055,118109,0.0,0.0,-0.005558617817718048
2017-03-16,36.814998626708984,36.904998779296875,36.474998474121094,36.904998779296875,227979,0.0,0.0,0.006271289625656262
2017-03-17,37.0,37.470001220703125,36.82500076293945,37.45000076293945,182725,0.0,0.0,0.014767700898782099
2017-03-20,37.439998626708984,37.564998626708984,37.18000030517578,37.45000076293945,142331,0.0,0.0,0.0
2017-03-21,37.40999984741211,37.5,36.79999923706055,36.915000915527344,111299,0.0,0.0,-0.014285709920239698
2017-03-22,36.599998474121094,37.584999084472656,36.064998626708984,37.5,235086,0.0,0.0,0.015847191384643633
2017-03-23,37.45000076293945,37.97999954223633,37.29999923706055,37.97999954223633,185857,0.0,0.0,0.012799987792968759
2017-03-24,37.9900016784668,38.13999938964844,37.654998779296875,38.07500076293945,229880,0.0,0.0,0.002501348653189961
2017-03-27,37.83000183105469,38.23500061035156,37.56999969482422,38.23500061035156,159790,0.0,0.0,0.004202228344217129
2017-03-28,38.25,38.935001373291016,38.25,38.84000015258789,154099,0.0,0.0,0.015823186415028667
2017-03-29,38.915000915527344,39.099998474121094,38.29499816894531,39.099998474121094,125478,0.0,0.0,0.006694086521930043
2017-03-30,39.025001525878906,40.0,38.68000030517578,40.0,231743,0.0,0.0,0.023017942736611285
2017-03-31,39.665000915527344,40.04499816894531,39.65999984741211,40.04499816894531,166533,0.0,0.0,0.0011249542236329013
2017-04-03,40.244998931884766,40.244998931884766,39.52000045776367,39.83000183105469,145532,0.0,0.0,-0.005368868715727726
2017-04-04,39.755001068115234,40.20000076293945,39.56999969482422,40.02000045776367,191425,0.0,0.0,0.004770238964961537
2017-04-05,40.0,40.560001373291016,39.9900016784668,40.560001373291016,140704,0.0,0.0,0.013493276095717377
2017-04-06,40.20500183105469,40.3650016784668,40.01499938964844,40.349998474121094,132190,0.0,0.0,-0.005177586096143716
2017-04-07,40.21500015258789,41.0,40.165000915527344,41.0,98281,0.0,0.0,0.016109084274087193
2017-04-10,40.994998931884766,41.02000045776367,40.28499984741211,40.85499954223633,170154,0.0,0.0,-0.003536596530821279
2017-04-11,40.61000061035156,41.02000045776367,40.404998779296875,40.650001525878906,149006,0.0,0.0,-0.005017697188944847
2017-04-12,40.5,40.98500061035156,40.45500183105469,40.80500030517578,269673,0.0,0.0,0.003813007957655268
2017-04-13,40.75,40.85499954223633,40.220001220703125,40.79999923706055,146933,0.0,0.0,-0.0001225601783563235
2017-04-18,40.79999923706055,41.03499984741211,40.130001068115234,40.560001373291016,330041,0.0,0.0,-0.005882300692582665
2017-04-19,40.57500076293945,40.900001525878906,40.28499984741211,40.400001525878906,293470,0.0,0.0,-0.003944769279950466
2017-04-20,40.349998474121094,41.040000915527344,40.275001525878906,41.02000045776367,246010,0.0,0.0,0.015346507635342954
2017-04-21,41.0,41.025001525878906,40.43000030517578,40.91999816894531,175035,0.0,0.0,-0.002437890972754264
2017-04-24,41.810001373291016,42.529998779296875,41.314998626708984,42.05500030517578,351013,0.0,0.0,0.027737101344541104
2017-04-25,42.1349983215332,43.45000076293945,42.099998474121094,43.1150016784668,395910,0.0,0.0,0.02520512104622563
2017-04-26,43.35499954223633,43.77000045776367,43.310001373291016,43.709999084472656,200193,0.0,0.0,0.013800240817409604
2017-04-27,43.709999084472656,43.94499969482422,43.2400016784668,43.880001068115234,251843,0.0,0.0,0.003889315653245351
2017-04-28,43.900001525878906,43.9900016784668,43.255001068115234,43.5,240013,0.0,0.0,-0.008660005899392642
2017-05-02,43.709999084472656,44.8849983215332,43.31999969482422,44.525001525878906,402017,0.0,0.0,0.02356325346848065
2017-05-03,44.5,44.505001068115234,44.0,44.5,181580,0.0,0.0,-0.0005615165642245401
2017-05-04,44.61000061035156,45.21500015258789,44.21500015258789,45.099998474121094,278111,0.0,0.0,0.0134831117780021
2017-05-05,45.16999816894531,45.720001220703125,44.71500015258789,45.720001220703125,194507,0.0,0.0,0.01374728974631334
2017-05-08,45.849998474121094,46.0,44.55500030517578,44.900001525878906,256106,0.0,0.0,-0.01793525093898951
2017-05-09,44.915000915527344,45.72999954223633,44.625,45.279998779296875,219108,0.0,0.0,0.008463190211674076
2017-05-10,45.349998474121094,46.310001373291016,45.255001068115234,46.125,223203,0.0,0.0,0.01866168823947678
2017-05-11,46.39500045776367,46.625,45.93000030517578,46.404998779296875,272576,0.0,0.0,0.006070434239498601
2017-05-12,46.51499938964844,48.89500045776367,46.345001220703125,47.834999084472656,509966,0.0,0.0,0.03081565225282934
2017-05-15,47.95000076293945,50.0,47.30500030517578,50.0,708785,0.0,0.0,0.045259767052657995
2017-05-16,49.80500030517578,49.89500045776367,47.31999969482422,48.73500061035156,434334,0.0,0.0,-0.025299987792968714
2017-05-17,45.900001525878906,48.06999969482422,44.8849983215332,46.970001220703125,1439917,0.0,0.0,-0.03621625869588152
2017-05-18,46.7599983215332,47.16999816894531,45.099998474121094,46.970001220703125,895121,0.0,0.0,0.0
2017-05-19,47.099998474121094,48.22999954223633,46.900001525878906,47.900001525878906,585942,0.0,0.0,0.01979987824155871
2017-05-22,47.900001525878906,48.29999923706055,46.959999084472656,47.44499969482422,690824,0.0,0.0,-0.009498994082680068
2017-05-23,47.275001525878906,48.970001220703125,47.275001525878906,48.775001525878906,502283,0.0,0.0,0.028032497409832935
2017-05-24,48.79999923706055,49.11000061035156,47.974998474121094,48.54499816894531,399974,0.0,0.0,-0.004715599174539453
2017-05-25,48.415000915527344,48.79499816894531,48.185001373291016,48.46500015258789,258536,0.0,0.0,-0.0016479147054246912
2017-05-26,48.44499969482422,48.60499954223633,47.959999084472656,48.31999969482422,330352,0.0,0.0,-0.0029918592243299846
2017-05-29,48.29999923706055,48.81999969482422,48.084999084472656,48.709999084472656,247946,0.0,0.0,0.008071179472507684
2017-05-30,48.38999938964844,49.29499816894531,48.28499984741211,49.125,296164,0.0,0.0,0.008519830082682756
2017-05-31,49.0,49.81999969482422,48.72999954223633,49.529998779296875,848306,0.0,0.0,0.008244249960241756
2017-06-01,49.5099983215332,50.63999938964844,49.4900016784668,50.5,667778,0.0,0.0,0.01958411557862938
2017-06-02,50.68000030517578,51.11000061035156,50.25,50.380001068115234,239206,0.0,0.0,-0.0023762164729657087
2017-06-05,50.31999969482422,50.779998779296875,49.974998474121094,50.0,218809,0.0,0.0,-0.007542696706208107
2017-06-06,49.81999969482422,50.310001373291016,49.68000030517578,50.0,238831,0.0,0.0,0.0
2017-06-07,49.8650016784668,50.529998779296875,49.720001220703125,50.369998931884766,340927,0.0,0.0,0.007399978637695259
2017-06-08,50.439998626708984,50.61000061035156,49.814998626708984,50.099998474121094,222673,0.0,0.0,-0.005360342733554457
2017-06-09,50.279998779296875,50.97999954223633,50.0099983215332,50.15999984741211,318237,0.0,0.0,0.0011976322378932647
2017-06-12,50.02000045776367,50.02000045776367,47.224998474121094,47.61000061035156,521625,0.0,0.0,-0.050837305518694254
2017-06-13,48.0,49.75,47.86000061035156,48.959999084472656,448852,0.0,0.0,0.028355355110572633
2017-06-14,49.189998626708984,49.84000015258789,49.189998626708984,49.41999816894531,391685,0.0,0.0,0.009395406312794341
2017-06-15,49.5099983215332,49.84000015258789,48.69499969482422,49.79499816894531,768975,0.0,0.0,0.007588021325254601
2017-06-16,49.20000076293945,50.029998779296875,48.43000030517578,49.91999816894531,524871,0.0,0.0,0.00251029229031996
2017-06-19,50.15999984741211,51.75,50.08000183105469,51.45000076293945,518785,0.0,0.0,0.03064909154876405
2017-06-20,51.529998779296875,52.15999984741211,50.43000030517578,50.63999938964844,457118,0.0,0.0,-0.015743466691539476
2017-06-21,50.439998626708984,50.720001220703125,49.93000030517578,50.599998474121094,255266,0.0,0.0,-0.0007899075041363224
2017-06-22,50.93000030517578,51.310001373291016,50.790000915527344,51.310001373291016,335543,0.0,0.0,0.014031678272343084
2017-06-23,50.97999954223633,52.18000030517578,50.939998626708984,52.130001068115234,394832,0.0,0.0,0.01598128382142394
2017-06-26,52.11000061035156,52.75,51.88999938964844,52.04999923706055,284778,0.0,0.0,-0.0015346600693553203
2017-06-27,51.79999923706055,51.81999969482422,50.459999084472656,50.599998474121094,346471,0.0,0.0,-0.02785784407672054
2017-06-28,50.38999938964844,50.79999923706055,49.85499954223633,50.560001373291016,246996,0.0,0.0,-0.0007904565619806236
2017-06-29,50.79999923706055,50.970001220703125,48.959999084472656,49.224998474121094,365062,0.0,0.0,-0.02640432877589194
2017-06-30,48.8650016784668,49.88999938964844,48.4900016784668,49.68000030517578,355016,0.0,0.0,0.009243308179966547
2017-07-03,49.77000045776367,50.08000183105469,49.220001220703125,49.244998931884766,218193,0.0,0.0,-0.008756066236289772
2017-07-04,49.125,49.125,48.2400016784668,48.2400016784668,232988,0.0,0.0,-0.02040810793412895
2017-07-05,48.125,49.69499969482422,48.0099983215332,49.56999969482422,218308,0.0,0.0,0.02757043884911603
2017-07-06,49.68000030517578,49.68000030517578,47.685001373291016,48.46500015258789,353554,0.0,0.0,-0.022291699597321246
2017-07-07,48.2400016784668,48.57500076293945,48.125,48.375,201741,0.0,0.0,-0.001857013356123649
2017-07-10,48.61000061035156,49.0,48.400001525878906,48.880001068115234,235608,0.0,0.0,0.010439298565689592
2017-07-11,48.95500183105469,49.060001373291016,48.084999084472656,48.70000076293945,229406,0.0,0.0,-0.0036824938879389535
2017-07-12,48.900001525878906,49.689998626708984,48.85499954223633,49.345001220703125,168271,0.0,0.0,0.013244362374928542
2017-07-13,50.0,50.099998474121094,49.11000061035156,49.29999923706055,193828,0.0,0.0,-0.00091198667604242
2017-07-14,49.29999923706055,49.40999984741211,48.900001525878906,49.27000045776367,118181,0.0,0.0,-0.0006084945184811064
2017-07-17,49.39500045776367,49.779998779296875,49.099998474121094,49.20500183105469,141090,0.0,0.0,-0.001319233328700764
2017-07-18,49.23500061035156,49.23500061035156,48.165000915527344,48.60499954223633,219051,0.0,0.0,-0.012193928797695541
2017-07-19,51.0,53.630001068115234,50.5,53.5,904993,0.0,0.0,0.10070981388468203
2017-07-20,53.43000030517578,54.33000183105469,53.43000030517578,53.75,418548,0.0,0.0,0.004672897196261738
2017-07-21,53.849998474121094,53.97999954223633,53.2400016784668,53.34000015258789,257242,0.0,0.0,-0.00762790413789971
2017-07-24,53.5,54.20000076293945,53.29999923706055,53.91999816894531,240381,0.0,0.0,0.010873603575145108
2017-07-25,53.97999954223633,54.54999923706055,53.790000915527344,54.25,260458,0.0,0.0,0.00612021220810699
2017-07-26,54.540000915527344,56.31999969482422,54.13999938964844,56.209999084472656,406437,0.0,0.0,0.03612901538198443
2017-07-27,56.040000915527344,56.27000045776367,54.560001373291016,54.95000076293945,329164,0.0,0.0,-0.022415910728617372
2017-07-28,54.439998626708984,54.439998626708984,53.20000076293945,53.75,415423,0.0,0.0,-0.021838048157931667
2017-07-31,53.689998626708984,54.29999923706055,53.13999938964844,53.43000030517578,318862,0.0,0.0,-0.0059534826944041
2017-08-01,53.400001525878906,54.11000061035156,53.0,53.97999954223633,266682,0.0,0.0,0.01029382807260193
2017-08-02,54.189998626708984,54.22999954223633,52.47999954223633,52.560001373291016,250424,0.0,0.0,-0.026306005575903013
2017-08-03,52.529998779296875,53.63999938964844,51.88999938964844,53.29999923706055,317217,0.0,0.0,0.01407910662927736
2017-08-04,53.2599983215332,54.470001220703125,53.11000061035156,54.369998931884766,234774,0.0,0.0,0.020075041466046217
2017-08-07,54.560001373291016,54.720001220703125,54.099998474121094,54.41999816894531,189077,0.0,0.0,0.000919610778789659
2017-08-08,54.31999969482422,54.70000076293945,54.04999923706055,54.65999984741211,96797,0.0,0.0,0.004410174320875981
2017-08-09,54.349998474121094,54.43000030517578,53.599998474121094,54.34000015258789,159509,0.0,0.0,-0.00585436691762764
2017-08-10,54.22999954223633,54.68000030517578,53.790000915527344,54.11000061035156,223949,0.0,0.0,-0.004232601059817487
2017-08-11,53.810001373291016,53.810001373291016,52.22999954223633,52.84000015258789,337300,0.0,0.0,-0.023470716012535253
2017-08-14,53.029998779296875,53.95000076293945,52.90999984741211,53.77000045776367,201842,0.0,0.0,0.017600308525552277
2017-08-15,53.97999954223633,54.279998779296875,53.75,54.220001220703125,141039,0.0,0.0,0.00836899310225836
2017-08-16,54.31999969482422,55.099998474121094,54.25,55.060001373291016,176738,0.0,0.0,0.01549244068012201
2017-08-17,54.93000030517578,55.66999816894531,54.900001525878906,55.25,168101,0.0,0.0,0.0034507559384324704
2017-08-18,54.95000076293945,55.02000045776367,53.9900016784668,54.91999816894531,164110,0.0,0.0,-0.00597288381999439
2017-08-21,54.59000015258789,55.099998474121094,54.59000015258789,54.91999816894531,107710,0.0,0.0,0.0
2017-08-22,55.099998474121094,55.75,55.099998474121094,55.75,122351,0.0,0.0,0.015112925322783743
2017-08-23,55.880001068115234,56.119998931884766,54.66999816894531,54.77000045776367,214253,0.0,0.0,-0.0175784671253153
2017-08-24,55.0,55.0,54.380001068115234,54.599998474121094,197205,0.0,0.0,-0.003103925182065259
2017-08-25,54.790000915527344,55.16999816894531,54.349998474121094,54.880001068115234,180176,0.0,0.0,0.005128252780572051
2017-08-28,54.77000045776367,55.09000015258789,54.22999954223633,54.86000061035156,131848,0.0,0.0,-0.0003644398209622368
2017-08-29,54.349998474121094,54.54999923706055,52.79999923706055,53.20000076293945,418995,0.0,0.0,-0.03025883756732739
2017-08-30,53.36000061035156,54.18000030517578,53.18000030517578,54.0,147682,0.0,0.0,0.015037579428341719
2017-08-31,54.349998474121094,56.470001220703125,54.290000915527344,55.959999084472656,316577,0.0,0.0,0.036296279342086235
2017-09-01,55.9900016784668,56.720001220703125,55.970001220703125,56.25,202890,0.0,0.0,0.005182289497352999
2017-09-04,56.29999923706055,56.5,55.45000076293945,55.93000030517578,180262,0.0,0.0,-0.005688883463541683
2017-09-05,56.0,57.90999984741211,56.0,57.650001525878906,305631,0.0,0.0,0.030752748280316933
2017-09-06,57.310001373291016,57.81999969482422,56.68000030517578,56.72999954223633,201557,0.0,0.0,-0.01595840345692956
2017-09-07,57.119998931884766,57.900001525878906,56.88999938964844,57.47999954223633,194048,0.0,0.0,0.013220518350993693
2017-09-08,57.20000076293945,57.52000045776367,56.290000915527344,57.52000045776367,305760,0.0,0.0,0.0006959101573749127
2017-09-11,57.779998779296875,58.720001220703125,57.5099983215332,58.65999984741211,323656,0.0,0.0,0.019819182555214532
2017-09-12,58.810001373291016,59.79999923706055,58.2599983215332,58.970001220703125,288773,0.0,0.0,0.005284714866985896
2017-09-13,58.83000183105469,59.7400016784668,58.29999923706055,59.470001220703125,279937,0.0,0.0,0.008478887394434365
2017-09-14,59.5,59.83000183105469,58.790000915527344,59.66999816894531,254238,0.0,0.0,0.0033629888033794852
2017-09-15,59.2400016784668,59.880001068115234,58.869998931884766,59.40999984741211,1181588,0.0,0.0,-0.004357270479497299
2017-09-18,59.279998779296875,60.400001525878906,59.279998779296875,59.599998474121094,223700,0.0,0.0,0.003198091688217053
2017-09-19,59.5,60.7599983215332,59.5,60.709999084472656,267046,0.0,0.0,0.018624171791439492
2017-09-20,60.43000030517578,60.43000030517578,59.439998626708984,60.31999969482422,317089,0.0,0.0,-0.006423972912695808
2017-09-21,60.310001373291016,60.540000915527344,58.47999954223633,58.939998626708984,422001,0.0,0.0,-0.022878001908107515
2017-09-22,59.0,59.369998931884766,58.66999816894531,59.099998474121094,200641,0.0,0.0,0.002714622516797993
2017-09-25,58.08000183105469,58.790000915527344,57.119998931884766,57.13999938964844,398523,0.0,0.0,-0.033164113960695074
2017-09-26,57.099998474121094,57.47999954223633,56.20000076293945,56.45000076293945,357635,0.0,0.0,-0.012075579875382103
2017-09-27,56.5,57.290000915527344,56.47999954223633,56.709999084472656,168943,0.0,0.0,0.0046058160853719166
2017-09-28,56.689998626708984,57.7400016784668,56.689998626708984,57.540000915527344,265262,0.0,0.0,0.01463589921449926
2017-09-29,57.81999969482422,58.65999984741211,57.459999084472656,58.15999984741211,393027,0.0,0.0,0.010775094230446092
2017-10-02,58.41999816894531,59.47999954223633,58.38999938964844,59.09000015258789,228224,0.0,0.0,0.01599037667839953
2017-10-03,59.0,59.959999084472656,58.86000061035156,59.959999084472656,276913,0.0,0.0,0.01472328532134326
2017-10-04,59.90999984741211,60.45000076293945,59.529998779296875,60.34000015258789,227733,0.0,0.0,0.00633757628281284
2017-10-05,60.34000015258789,62.18000030517578,60.34000015258789,61.65999984741211,431856,0.0,0.0,0.021876030684226055
2017-10-06,62.0,63.68000030517578,61.9900016784668,63.099998474121094,662329,0.0,0.0,0.02335385388051403
2017-10-09,63.150001525878906,64.91999816894531,62.63999938964844,63.220001220703125,893318,0.0,0.0,0.0019017868380970526
2017-10-10,63.5,64.69000244140625,62.880001068115234,64.37000274658203,476244,0.0,0.0,0.018190469846152135
2017-10-11,64.52999877929688,65.20999908447266,64.1500015258789,64.80000305175781,515929,0.0,0.0,0.006680134951502881
2017-10-12,64.69999694824219,65.58000183105469,64.05999755859375,65.55999755859375,367447,0.0,0.0,0.011728309738332943
2017-10-13,65.16999816894531,65.61000061035156,65.05000305175781,65.41000366210938,227661,0.0,0.0,-0.0022878874629352897
2017-10-16,65.4000015258789,66.11000061035156,64.97000122070312,66.11000061035156,231126,0.0,0.0,0.010701680309608053
2017-10-17,66.0,66.58999633789062,65.5999984741211,65.5999984741211,200057,0.0,0.0,-0.007714447610375763
2017-10-18,65.5199966430664,67.5199966430664,65.41000366210938,67.01000213623047,345990,0.0,0.0,0.021493958763819432
2017-10-19,66.95999908447266,67.02999877929688,65.36000061035156,66.2699966430664,296667,0.0,0.0,-0.01104320951459814
2017-10-20,66.48999786376953,66.97000122070312,66.0,66.08999633789062,215961,0.0,0.0,-0.002716165901520573
2017-10-23,66.11000061035156,66.87000274658203,65.51000213623047,66.27999877929688,375296,0.0,0.0,0.002874904704712744
2017-10-24,66.05000305175781,66.62999725341797,64.83999633789062,64.87999725341797,563059,0.0,0.0,-0.021122533971986268
2017-10-25,64.94000244140625,66.9800033569336,64.93000030517578,66.05000305175781,386169,0.0,0.0,0.01803338236544394
2017-10-26,65.69999694824219,66.16000366210938,64.87999725341797,65.94999694824219,527881,0.0,0.0,-0.0015140968795605003
2017-10-27,66.18000030517578,66.6500015258789,64.95999908447266,65.5999984741211,422301,0.0,0.0,-0.0053070279047287006
2017-10-30,64.26000213623047,65.91000366210938,64.22000122070312,65.08999633789062,732021,0.0,0.0,-0.007774422989227037
2017-10-31,65.0,66.01000213623047,64.97000122070312,65.5,325878,0.0,0.0,0.006299027272654856
2017-11-01,65.4000015258789,66.62999725341797,65.0999984741211,66.26000213623047,315285,0.0,0.0,0.011603086049320144
2017-11-02,66.1500015258789,66.25,64.86000061035156,65.1500015258789,351089,0.0,0.0,-0.016752197020298953
2017-11-03,65.1500015258789,67.16000366210938,64.94000244140625,67.11000061035156,468896,0.0,0.0,0.030084405810705928
2017-11-06,67.0,67.91999816894531,66.3499984741211,66.58999633789062,453624,0.0,0.0,-0.00774853624991223
2017-11-07,66.58999633789062,67.23999786376953,64.72000122070312,65.08000183105469,488430,0.0,0.0,-0.022675996243849195
2017-11-08,67.33999633789062,72.2300033569336,67.0999984741211,71.0999984741211,1533345,0.0,0.0,0.09250148238615763
2017-11-09,71.22000122070312,71.62999725341797,68.62000274658203,68.91000366210938,623021,0.0,0.0,-0.03080161545726101
2017-11-10,69.22000122070312,69.41999816894531,67.33000183105469,68.20999908447266,479821,0.0,0.0,-0.010158243222117558
2017-11-13,68.1500015258789,68.16000366210938,65.47000122070312,67.58999633789062,715652,0.0,0.0,-0.009089616697021352
2017-11-14,68.38999938964844,69.76000213623047,68.08999633789062,68.5,640013,0.0,0.0,0.013463585018708368
2017-11-15,68.20999908447266,68.63999938964844,67.44999694824219,68.05000305175781,471019,0.0,0.0,-0.006569298514484512
2017-11-16,68.0,68.66999816894531,65.26000213623047,66.3499984741211,624260,0.0,0.0,-0.024981697301963646
2017-11-17,65.05999755859375,67.22000122070312,64.5,65.55999755859375,805167,0.0,0.0,-0.011906570213946144
2017-11-20,65.47000122070312,67.0,65.30000305175781,66.97000122070312,372970,0.0,0.0,0.021507073133265386
2017-11-21,66.94999694824219,68.29000091552734,65.7699966430664,68.20999908447266,458456,0.0,0.0,0.018515721086566073
2017-11-22,68.0999984741211,69.56999969482422,67.9800033569336,68.6500015258789,595460,0.0,0.0,0.006450702936696251
2017-11-23,68.69999694824219,69.30999755859375,68.04000091552734,68.55999755859375,291831,0.0,0.0,-0.0013110555758870657
2017-11-24,68.58000183105469,69.20999908447266,68.04000091552734,68.7300033569336,228874,0.0,0.0,0.002479664591506836
2017-11-27,68.5,69.58999633789062,68.5,69.08999633789062,431897,0.0,0.0,0.005237785004716056
2017-11-28,69.12999725341797,70.47000122070312,68.44999694824219,68.5199966430664,360321,0.0,0.0,-0.008250104574279993
2017-11-29,68.9800033569336,69.1500015258789,65.55999755859375,66.44000244140625,619750,0.0,0.0,-0.030356017273252878
2017-11-30,66.11000061035156,66.30999755859375,63.40999984741211,64.43000030517578,5604195,0.0,0.0,-0.030252890764161267
2017-12-01,64.43000030517578,65.73999786376953,63.40999984741211,65.16999816894531,604123,0.0,0.0,0.011485299709211416
2017-12-04,65.83000183105469,65.9000015258789,64.2300033569336,64.47000122070312,383546,0.0,0.0,-0.010741092034827648
2017-12-05,64.25,64.98999786376953,62.779998779296875,64.87999725341797,460483,0.0,0.0,0.00635948541882736
2017-12-06,64.33999633789062,64.56999969482422,63.369998931884766,64.27999877929688,331369,0.0,0.0,-0.009247819043171845
2017-12-07,64.5999984741211,66.36000061035156,64.33999633789062,65.7300033569336,506191,0.0,0.0,0.022557632314450737
2017-12-08,65.80999755859375,66.66000366210938,64.44999694824219,66.48999786376953,538816,0.0,0.0,0.011562368294870451
2017-12-11,66.0,66.22000122070312,64.2300033569336,64.43000030517578,447949,0.0,0.0,-0.030982066848828205
2017-12-12,64.62999725341797,64.79000091552734,62.54999923706055,62.97999954223633,467327,0.0,0.0,-0.022505055968825904
2017-12-13,63.08000183105469,63.75,62.209999084472656,63.15999984741211,483387,0.0,0.0,0.0028580550410304273
2017-12-14,63.099998474121094,63.86000061035156,62.40999984741211,63.43000030517578,402118,0.0,0.0,0.004274864762760622
2017-12-15,63.11000061035156,63.84000015258789,62.54999923706055,63.63999938964844,611277,0.0,0.0,0.003310721795086069
2017-12-18,63.75,64.86000061035156,63.650001525878906,64.66999816894531,304928,0.0,0.0,0.016184770414444882
2017-12-19,64.6500015258789,65.08999633789062,64.2300033569336,64.72000122070312,273473,0.0,0.0,0.0007732032344764939
2017-12-20,64.58000183105469,65.26000213623047,64.25,64.54000091552734,221970,0.0,0.0,-0.002781216034931089
2017-12-21,64.16999816894531,64.87000274658203,64.11000061035156,64.7300033569336,178802,0.0,0.0,0.00294394853906077
2017-12-22,64.2699966430664,65.37999725341797,64.25,65.37000274658203,190577,0.0,0.0,0.009887213910979797
2017-12-27,65.0199966430664,65.48999786376953,64.25,65.37000274658203,158722,0.0,0.0,0.0
2017-12-28,65.23999786376953,65.38999938964844,64.79000091552734,65.19999694824219,169659,0.0,0.0,-0.002600669897458885
2017-12-29,65.37999725341797,65.69000244140625,64.13999938964844,64.13999938964844,268783,0.0,0.0,-0.016257632027731672
2018-01-02,64.37999725341797,64.5199966430664,63.29999923706055,64.4000015258789,219072,0.0,0.0,0.0040536660228349675
2018-01-03,64.41999816894531,66.44000244140625,64.41999816894531,66.19999694824219,256706,0.0,0.0,0.02795023881544423
2018-01-04,66.45999908447266,67.68000030517578,66.45999908447266,66.68000030517578,306794,0.0,0.0,0.007250806330231008
2018-01-05,66.87999725341797,67.68000030517578,66.69999694824219,67.37999725341797,176037,0.0,0.0,0.010497854604656576
2018-01-08,67.0,68.5199966430664,66.95999908447266,68.12000274658203,271314,0.0,0.0,0.010982569357800287
2018-01-09,68.13999938964844,70.0,68.13999938964844,69.86000061035156,309944,0.0,0.0,0.025543126741239597
2018-01-10,69.86000061035156,70.62000274658203,69.72000122070312,69.9800033569336,382434,0.0,0.0,0.0017177604571083638
2018-01-11,70.0,71.4800033569336,69.95999908447266,71.13999938964844,340175,0.0,0.0,0.016576107131608397
2018-01-12,71.22000122070312,71.72000122070312,69.86000061035156,70.08000183105469,308360,0.0,0.0,-0.014900162604555622
2018-01-15,69.9800033569336,70.9000015258789,69.72000122070312,69.72000122070312,199683,0.0,0.0,-0.0051369948765046525
2018-01-16,69.68000030517578,70.12000274658203,69.4000015258789,69.54000091552734,188272,0.0,0.0,-0.0025817599257633717
2018-01-17,69.33999633789062,69.94000244140625,69.13999938964844,69.58000183105469,302817,0.0,0.0,0.0005752216709908886
2018-01-18,69.58000183105469,69.83999633789062,67.87999725341797,68.0999984741211,365268,0.0,0.0,-0.021270527708911913
2018-01-19,68.22000122070312,69.23999786376953,67.94000244140625,69.05999755859375,283184,0.0,0.0,0.014096903171553876
2018-01-22,69.19999694824219,69.55999755859375,68.5,68.5999984741211,166952,0.0,0.0,-0.006660861580285671
2018-01-23,69.18000030517578,69.4000015258789,68.37999725341797,68.87999725341797,150844,0.0,0.0,0.004081614949343004
2018-01-24,68.77999877929688,69.30000305175781,68.36000061035156,68.36000061035156,152927,0.0,0.0,-0.007549312772956007
2018-01-25,68.4000015258789,68.4800033569336,67.12000274658203,67.55999755859375,273064,0.0,0.0,-0.011702794684245066
2018-01-26,67.83999633789062,68.22000122070312,67.5,67.73999786376953,298537,0.0,0.0,0.0026643030148079117
2018-01-29,68.08000183105469,68.9800033569336,67.19999694824219,67.26000213623047,270959,0.0,0.0,-0.007085853892472405
2018-01-30,67.0999984741211,67.94000244140625,66.0999984741211,66.9800033569336,254023,0.0,0.0,-0.004162931466010877
2018-01-31,67.31999969482422,69.23999786376953,67.22000122070312,68.94000244140625,451557,0.0,0.0,0.029262451272626944
2018-02-01,69.44000244140625,69.77999877929688,68.26000213623047,68.80000305175781,366274,0.0,0.0,-0.002030742452720724
2018-02-02,68.58000183105469,69.33999633789062,67.45999908447266,67.83999633789062,287939,0.0,0.0,-0.013953585338433494
2018-02-05,67.5,67.5199966430664,65.36000061035156,66.05999755859375,443714,0.0,0.0,-0.026238190969693376
2018-02-06,63.560001373291016,66.5999984741211,61.599998474121094,65.08000183105469,579141,0.0,0.0,-0.01483493435902461
2018-02-07,65.95999908447266,67.31999969482422,65.04000091552734,67.31999969482422,429056,0.0,0.0,0.03441914260519674
2018-02-08,66.87999725341797,66.9800033569336,64.18000030517578,64.44000244140625,448997,0.0,0.0,-0.04278070805813439
2018-02-09,63.7599983215332,64.13999938964844,62.18000030517578,62.63999938964844,422538,0.0,0.0,-0.02793300719369951
2018-02-12,63.36000061035156,64.5999984741211,62.900001525878906,63.439998626708984,304707,0.0,0.0,0.012771380026429968
2018-02-13,66.5999984741211,68.44000244140625,64.41999816894531,67.33999633789062,888127,0.0,0.0,0.06147537508835477
2018-02-14,68.0,68.63999938964844,66.5999984741211,67.36000061035156,438470,0.0,0.0,0.00029706375926363826
2018-02-15,68.0,68.0999984741211,66.62000274658203,66.81999969482422,335627,0.0,0.0,-0.00801664059730367
2018-02-16,67.4000015258789,68.37999725341797,67.30000305175781,68.0,363349,0.0,0.0,0.017659388065923265
2018-02-19,68.0199966430664,68.08000183105469,66.80000305175781,67.27999877929688,164888,0.0,0.0,-0.010588253245634172
2018-02-20,67.36000061035156,68.80000305175781,67.0,68.19999694824219,306908,0.0,0.0,0.01367417041672736
2018-02-21,68.0,68.16000366210938,67.0,68.0999984741211,167356,0.0,0.0,-0.0014662533518438048
2018-02-22,67.5,67.66000366210938,65.87999725341797,67.0999984741211,340920,0.0,0.0,-0.014684288141063817
2018-02-23,67.0,68.5,65.94000244140625,66.5199966430664,312702,0.0,0.0,-0.008643842686201886
2018-02-26,67.12000274658203,68.37999725341797,66.9000015258789,68.08000183105469,231034,0.0,0.0,0.023451672680607105
2018-02-27,68.27999877929688,68.27999877929688,67.12000274658203,67.41999816894531,160700,0.0,0.0,-0.009694530616306651
2018-02-28,67.23999786376953,68.12000274658203,67.08000183105469,68.0,294856,0.0,0.0,0.0086028158826299
2018-03-01,67.86000061035156,68.4800033569336,66.5,67.30000305175781,259948,0.0,0.0,-0.010294072768267437
2018-03-02,66.73999786376953,66.87999725341797,64.54000091552734,65.08000183105469,348977,0.0,0.0,-0.03298664368552562
2018-03-05,64.94000244140625,66.30000305175781,64.76000213623047,66.23999786376953,209558,0.0,0.0,0.017824154887489785
2018-03-06,66.94000244140625,67.0199966430664,66.18000030517578,66.4000015258789,201471,0.0,0.0,0.0024155143005657465
2018-03-07,66.12000274658203,67.36000061035156,65.77999877929688,67.08000183105469,188839,0.0,0.0,0.010240968216103985
2018-03-08,67.04000091552734,69.68000030517578,66.76000213623047,69.31999969482422,235925,0.0,0.0,0.03339293086799722
2018-03-09,68.86000061035156,71.0199966430664,68.77999877929688,70.83999633789062,267056,0.0,0.0,0.021927245380237492
2018-03-12,71.30000305175781,71.95999908447266,70.94000244140625,71.66000366210938,176705,0.0,0.0,0.011575485130003393
2018-03-13,71.5,71.87999725341797,70.4800033569336,70.9000015258789,170228,0.0,0.0,-0.010605667002391184
2018-03-14,70.77999877929688,71.68000030517578,70.12000274658203,70.33999633789062,182607,0.0,0.0,-0.007898521522370805
2018-03-15,70.5999984741211,71.41999816894531,70.16000366210938,70.94000244140625,191808,0.0,0.0,0.008530084372387448
2018-03-16,70.83999633789062,71.26000213623047,70.0,70.0,400104,0.0,0.0,-0.013250668297941748
2018-03-19,69.69999694824219,69.69999694824219,68.13999938964844,68.13999938964844,330385,0.0,0.0,-0.026571437290736633
2018-03-20,67.72000122070312,68.86000061035156,67.44000244140625,68.55999755859375,159308,0.0,0.0,0.0061637536352709965
2018-03-21,69.04000091552734,72.5999984741211,68.94000244140625,71.16000366210938,2275422,0.0,0.0,0.03792307753939994
2018-03-22,71.36000061035156,72.19999694824219,69.54000091552734,70.68000030517578,951627,0.0,0.0,-0.006745409390544799
2018-03-23,70.0999984741211,71.9000015258789,69.95999908447266,70.83999633789062,2128392,0.0,0.0,0.0022636676856824245
2018-03-26,70.9000015258789,71.05999755859375,68.31999969482422,68.54000091552734,566802,0.0,0.0,-0.032467469526576864
2018-03-27,70.0,70.31999969482422,69.16000366210938,69.68000030517578,373786,0.0,0.0,0.016632614158459624
2018-03-28,69.23999786376953,69.5199966430664,67.72000122070312,68.18000030517578,716414,0.0,0.0,-0.021526980387923222
2018-03-29,68.58000183105469,69.19999694824219,67.5,68.5199966430664,491351,0.0,0.0,0.00498674591329995
2018-04-03,67.86000061035156,69.0,67.04000091552734,69.0,499096,0.0,0.0,0.007005303275684938
2018-04-04,69.41999816894531,69.5999984741211,65.87999725341797,66.68000030517578,536258,0.0,0.0,-0.033623183982959715
2018-04-05,69.9800033569336,73.9800033569336,69.69999694824219,73.86000061035156,1154541,0.0,0.0,0.10767846839104567
2018-04-06,73.19999694824219,73.62000274658203,71.80000305175781,73.33999633789062,689422,0.0,0.0,-0.007040404388895416
2018-04-09,73.27999877929688,73.86000061035156,71.81999969482422,72.30000305175781,393594,0.0,0.0,-0.014180438206478407
2018-04-10,72.77999877929688,73.81999969482422,71.69999694824219,73.30000305175781,489943,0.0,0.0,0.01383125806072405
2018-04-11,73.30000305175781,73.5,72.0999984741211,72.4800033569336,365739,0.0,0.0,-0.011186898508656395
2018-04-12,72.36000061035156,73.55999755859375,72.36000061035156,73.16000366210938,288311,0.0,0.0,0.00938190223070312
2018-04-13,73.86000061035156,75.73999786376953,73.33999633789062,75.73999786376953,583594,0.0,0.0,0.03526509120442234
2018-04-16,75.80000305175781,77.12000274658203,75.16000366210938,76.22000122070312,402778,0.0,0.0,0.006337514793662402
2018-04-17,76.23999786376953,77.86000061035156,75.94000244140625,77.62000274658203,377438,0.0,0.0,0.01836790217078388
2018-04-18,78.30000305175781,79.0999984741211,77.73999786376953,78.73999786376953,522219,0.0,0.0,0.014429207389287546
2018-04-19,79.0,79.73999786376953,78.81999969482422,79.08000183105469,326581,0.0,0.0,0.004318059137789154
2018-04-20,79.4000015258789,79.95999908447266,78.77999877929688,79.0999984741211,366965,0.0,0.0,0.000252865991444029
2018-04-23,79.0999984741211,79.94000244140625,78.4800033569336,79.27999877929688,399994,0.0,0.0,0.0022756044076874815
2018-04-24,79.44000244140625,80.12000274658203,78.68000030517578,79.9000015258789,346463,0.0,0.0,0.007820418215545466
2018-04-25,79.44000244140625,79.54000091552734,76.26000213623047,77.44000244140625,417708,0.0,0.0,-0.030788473560615426
2018-04-26,79.63999938964844,79.81999969482422,78.36000061035156,79.0999984741211,494209,0.0,0.0,0.02143589850698735
2018-04-27,79.0199966430664,79.86000061035156,78.5999984741211,79.86000061035156,330788,0.0,0.0,0.009608118216071881
2018-04-30,79.5,79.81999969482422,78.5,79.26000213623047,413290,0.0,0.0,-0.007513128844671257
2018-05-02,80.80000305175781,82.9000015258789,79.76000213623047,81.87999725341797,683671,0.0,0.0,0.03305570333803809
2018-05-03,82.0,83.87999725341797,81.73999786376953,83.0199966430664,420460,0.0,0.0,0.013922806886768058
2018-05-04,83.13999938964844,84.30000305175781,82.81999969482422,83.81999969482422,260524,0.0,0.0,0.009636269382150342
2018-05-07,83.95999908447266,85.27999877929688,83.95999908447266,85.27999877929688,225920,0.0,0.0,0.017418266401673765
2018-05-08,85.27999877929688,85.87999725341797,84.5199966430664,85.37999725341797,292178,0.0,0.0,0.0011725900041332782
2018-05-09,85.5999984741211,87.0999984741211,85.44000244140625,85.5,339199,0.0,0.0,0.0014055135915014283
2018-05-10,85.54000091552734,86.27999877929688,84.76000213623047,85.95999908447266,238604,0.0,0.0,0.005380106251142269
2018-05-11,85.94000244140625,86.77999877929688,85.5,86.16000366210938,255797,0.0,0.0,0.0023267168423324325
2018-05-14,86.33999633789062,87.63999938964844,86.12000274658203,86.76000213623047,293477,0.0,0.0,0.006963770295020932
2018-05-15,86.58000183105469,86.94000244140625,84.68000030517578,85.0,459564,0.0,0.0,-0.02028587013479921
2018-05-16,85.0,85.27999877929688,83.9800033569336,84.30000305175781,539868,0.0,0.0,-0.008235258214614016
2018-05-17,84.63999938964844,85.83999633789062,83.95999908447266,84.55999755859375,306825,0.0,0.0,0.003084157739309923
2018-05-18,88.77999877929688,90.18000030517578,87.62000274658203,88.33999633789062,794930,0.0,0.0,0.04470197360965655
2018-05-21,89.16000366210938,89.22000122070312,86.87999725341797,86.87999725341797,358075,0.0,0.0,-0.016527044883365427
2018-05-22,87.44000244140625,88.31999969482422,86.69999694824219,87.0,395160,0.0,0.0,0.0013812471267926618
2018-05-23,87.0,87.12000274658203,85.4800033569336,86.5,336179,0.0,0.0,-0.005747126436781658
2018-05-24,87.0,89.5,86.87999725341797,89.5,583238,0.0,0.0,0.034682080924855585
2018-05-25,89.86000061035156,90.72000122070312,88.86000061035156,89.16000366210938,377075,0.0,0.0,-0.0037988417641410255
2018-05-28,89.58000183105469,91.16000366210938,89.31999969482422,90.58000183105469,286991,0.0,0.0,0.015926403214682416
2018-05-29,89.91999816894531,89.9800033569336,88.63999938964844,89.44000244140625,432869,0.0,0.0,-0.01258555273353501
2018-05-30,88.77999877929688,91.0999984741211,88.72000122070312,90.9000015258789,352061,0.0,0.0,0.016323781804781667
2018-05-31,91.5,92.72000122070312,91.5,92.62000274658203,732085,0.0,0.0,0.01892190530066662
2018-06-01,93.08000183105469,94.63999938964844,91.87999725341797,92.23999786376953,389539,0.0,0.0,-0.0041028381725730645
2018-06-04,92.4000015258789,94.36000061035156,92.4000015258789,93.9800033569336,339178,0.0,0.0,0.018863893467711224
2018-06-05,94.0199966430664,96.54000091552734,93.83999633789062,95.5,401500,0.0,0.0,0.01617361767155412
2018-06-06,96.18000030517578,96.55999755859375,94.9800033569336,95.33999633789062,362519,0.0,0.0,-0.0016754310168520803
2018-06-07,95.55999755859375,96.4000015258789,94.68000030517578,95.08000183105469,392109,0.0,0.0,-0.00272702451041118
2018-06-08,94.69999694824219,96.27999877929688,93.5,95.62000274658203,339376,0.0,0.0,0.00567943736987786
2018-06-11,96.5,98.45999908447266,96.4800033569336,96.81999969482422,404410,0.0,0.0,0.012549643524090826
2018-06-12,97.77999877929688,98.72000122070312,96.18000030517578,96.5,541997,0.0,0.0,-0.0033050991100274096
2018-06-13,96.9800033569336,99.33999633789062,96.9800033569336,98.5,412952,0.0,0.0,0.020725388601036343
2018-06-14,98.30000305175781,99.9000015258789,97.5,99.73999786376953,428343,0.0,0.0,0.012588810799690764
2018-06-15,100.0,100.1500015258789,96.68000030517578,98.05999755859375,857698,0.0,0.0,-0.0168437972845199
2018-06-18,97.81999969482422,98.69999694824219,97.0999984741211,98.55999755859375,415185,0.0,0.0,0.005098919156113935
2018-06-19,97.36000061035156,97.94000244140625,96.68000030517578,97.19999694824219,468732,0.0,0.0,-0.013798707833196144
2018-06-20,98.27999877929688,99.36000061035156,97.4800033569336,98.05999755859375,362216,0.0,0.0,0.008847743182641254
2018-06-21,98.68000030517578,98.72000122070312,95.62000274658203,96.41999816894531,460378,0.0,0.0,-0.016724448607787212
2018-06-22,96.44000244140625,97.18000030517578,95.9000015258789,96.4800033569336,237966,0.0,0.0,0.0006223313537419006
2018-06-25,94.19999694824219,95.80000305175781,92.04000091552734,92.72000122070312,457036,0.0,0.0,-0.03897182841422708
2018-06-26,92.0,94.73999786376953,91.5,93.94000244140625,350423,0.0,0.0,0.01315790772908998
2018-06-27,94.58000183105469,96.0,93.08000183105469,95.0,380451,0.0,0.0,0.011283771886794636
2018-06-28,94.69999694824219,95.5199966430664,91.72000122070312,92.95999908447266,389024,0.0,0.0,-0.021473693847656294
2018-06-29,92.0,94.4800033569336,91.5999984741211,93.9800033569336,416128,0.0,0.0,0.01097250734193822
2018-07-02,92.87999725341797,93.23999786376953,91.72000122070312,92.0,689144,0.0,0.0,-0.021068347374000318
2018-07-03,89.18000030517578,93.5199966430664,88.55999755859375,92.41999816894531,377722,0.0,0.0,0.004565197488535899
2018-07-04,92.4000015258789,92.87999725341797,91.66000366210938,92.18000030517578,185346,0.0,0.0,-0.0025968174477867256
2018-07-05,92.5199966430664,93.9000015258789,92.45999908447266,93.27999877929688,245271,0.0,0.0,0.011933157631583757
2018-07-06,93.5199966430664,94.19999694824219,92.76000213623047,92.91999816894531,289927,0.0,0.0,-0.003859354792696057
2018-07-09,93.5,94.73999786376953,93.33999633789062,93.33999633789062,249591,0.0,0.0,0.0045199976024716815
2018-07-10,93.76000213623047,96.81999969482422,93.69999694824219,96.45999908447266,321734,0.0,0.0,0.03342621458102091
2018-07-11,95.73999786376953,98.36000061035156,95.27999877929688,97.4000015258789,411907,0.0,0.0,0.009744997411653245
2018-07-12,97.4000015258789,99.41999816894531,97.26000213623047,99.23999786376953,212824,0.0,0.0,0.01889113253660213
2018-07-13,99.0,100.05000305175781,98.62000274658203,99.33999633789062,239528,0.0,0.0,0.0010076428483842825
2018-07-16,99.72000122070312,100.80000305175781,99.26000213623047,99.81999969482422,240933,0.0,0.0,0.00483192444764069
2018-07-17,99.0,99.77999877929688,97.83999633789062,99.58000183105469,288819,0.0,0.0,-0.0024043063965464295
2018-07-18,105.0,107.9000015258789,103.44999694824219,103.5999984741211,752070,0.0,0.0,0.04036951766567198
2018-07-19,102.6500015258789,103.80000305175781,101.44999694824219,103.0,464394,0.0,0.0,-0.005791491148245287
2018-07-20,103.0,104.4000015258789,101.75,102.94999694824219,380068,0.0,0.0,-0.0004854665219204968
2018-07-23,102.94999694824219,102.94999694824219,101.4000015258789,101.75,265833,0.0,0.0,-0.01165611446152337
2018-07-24,103.1500015258789,104.0999984741211,101.9000015258789,102.0,333408,0.0,0.0,0.002457002457002533
2018-07-25,101.80000305175781,102.30000305175781,100.44999694824219,100.69999694824219,344367,0.0,0.0,-0.012745127958409874
2018-07-26,100.94999694824219,101.6500015258789,99.66000366210938,100.6500015258789,240931,0.0,0.0,-0.0004964788865781111
2018-07-27,100.5999984741211,101.25,100.05000305175781,100.05000305175781,175403,0.0,0.0,-0.005961236612269882
2018-07-30,99.5,99.73999786376953,95.68000030517578,95.87999725341797,320871,0.0,0.0,-0.041679217102898236
2018-07-31,95.87999725341797,96.05999755859375,94.44000244140625,94.44000244140625,424192,0.0,0.0,-0.015018719787879276
2018-08-01,94.23999786376953,95.23999786376953,93.55999755859375,93.81999969482422,238467,0.0,0.0,-0.006565043737336906
2018-08-02,93.44000244140625,94.54000091552734,93.12000274658203,94.26000213623047,258083,0.0,0.0,0.004689857629902816
2018-08-03,94.5,96.4000015258789,94.4800033569336,95.94000244140625,377968,0.0,0.0,0.017823045481663913
2018-08-06,96.31999969482422,96.91999816894531,94.80000305175781,95.05999755859375,228006,0.0,0.0,-0.009172450077327698
2018-08-07,95.63999938964844,95.76000213623047,94.0,94.0,203373,0.0,0.0,-0.011150826697006622
2018-08-08,94.18000030517578,95.86000061035156,94.0,94.22000122070312,188194,0.0,0.0,0.0023404385181182707
2018-08-09,94.0,95.18000030517578,93.4800033569336,94.5999984741211,210520,0.0,0.0,0.004033084785552532
2018-08-10,94.05999755859375,94.05999755859375,92.91999816894531,93.9000015258789,242184,0.0,0.0,-0.007399545026775867
2018-08-13,93.9000015258789,95.12000274658203,93.37999725341797,94.81999969482422,200588,0.0,0.0,0.009797637422740202
2018-08-14,94.9800033569336,95.13999938964844,92.68000030517578,92.68000030517578,246278,0.0,0.0,-0.022569071889221415
2018-08-15,91.76000213623047,92.68000030517578,88.87999725341797,89.37999725341797,516751,0.0,0.0,-0.03560642038078976
2018-08-16,89.0,91.04000091552734,88.80000305175781,89.62000274658203,308284,0.0,0.0,0.0026852260073759737
2018-08-17,89.0,89.63999938964844,88.0,88.0,300694,0.0,0.0,-0.018076352342488833
2018-08-20,88.41999816894531,91.9000015258789,88.36000061035156,91.36000061035156,405193,0.0,0.0,0.03818182511763135
2018-08-21,91.62000274658203,92.23999786376953,90.95999908447266,91.80000305175781,237700,0.0,0.0,0.004816138774810685
2018-08-22,92.0,92.0199966430664,90.54000091552734,91.72000122070312,226188,0.0,0.0,-0.0008714796121475077
2018-08-23,92.04000091552734,94.37999725341797,92.0199966430664,94.30000305175781,370425,0.0,0.0,0.028129108119465673
2018-08-24,93.9800033569336,94.69999694824219,93.5999984741211,94.31999969482422,183856,0.0,0.0,0.0002120534721026246
2018-08-27,94.69999694824219,96.12000274658203,94.45999908447266,95.86000061035156,164415,0.0,0.0,0.016327405857825106
2018-08-28,96.04000091552734,96.54000091552734,95.0,95.36000061035156,179366,0.0,0.0,-0.005215939879161691
2018-08-29,95.68000030517578,95.87999725341797,94.41999816894531,94.45999908447266,255708,0.0,0.0,-0.009437935403926678
2018-08-30,94.26000213623047,95.16000366210938,93.0199966430664,94.76000213623047,340433,0.0,0.0,0.003175979829192377
2018-08-31,93.4800033569336,93.4800033569336,90.16000366210938,92.66000366210938,627647,0.0,0.0,-0.022161232870194114
2018-09-03,91.5,92.58000183105469,90.9000015258789,91.86000061035156,241655,0.0,0.0,-0.008633747249515267
2018-09-04,92.0199966430664,92.31999969482422,89.72000122070312,90.05999755859375,290320,0.0,0.0,-0.01959506901587127
2018-09-05,89.80000305175781,90.66000366210938,87.58000183105469,87.83999633789062,471391,0.0,0.0,-0.02465024740044852
2018-09-06,87.58000183105469,88.77999877929688,86.62000274658203,86.86000061035156,425070,0.0,0.0,-0.011156600277729467
2018-09-07,87.19999694824219,88.30000305175781,87.13999938964844,87.73999786376953,264481,0.0,0.0,0.01013121399072503
2018-09-10,87.69999694824219,89.16000366210938,87.5,88.5199966430664,242908,0.0,0.0,0.00888988828684445
2018-09-11,94.95999908447266,95.0,91.26000213623047,92.27999877929688,478904,0.0,0.0,0.04247630229124044
2018-09-12,93.0,95.94000244140625,93.0,95.9000015258789,517186,0.0,0.0,0.0392284654797177
2018-09-13,95.95999908447266,96.80000305175781,93.55999755859375,93.55999755859375,289961,0.0,0.0,-0.02440045808188751
2018-09-14,94.80000305175781,96.0999984741211,93.55999755859375,95.68000030517578,352704,0.0,0.0,0.02265928604000167
2018-09-17,95.94000244140625,96.18000030517578,93.83999633789062,94.04000091552734,231192,0.0,0.0,-0.01714046179366202
2018-09-18,94.33999633789062,94.77999877929688,93.5,94.5199966430664,205710,0.0,0.0,0.005104165491982782
2018-09-19,94.33999633789062,94.37999725341797,92.5,92.5,297331,0.0,0.0,-0.021371103626828036
2018-09-20,92.80000305175781,94.05999755859375,92.19999694824219,93.19999694824219,291762,0.0,0.0,0.007567534575591228
2018-09-21,93.86000061035156,93.86000061035156,92.0199966430664,92.30000305175781,605581,0.0,0.0,-0.009656587188347054
2018-09-24,92.0,92.77999877929688,91.33999633789062,92.76000213623047,269221,0.0,0.0,0.004983738561901374
2018-09-25,92.9800033569336,95.19999694824219,92.76000213623047,94.95999908447266,364117,0.0,0.0,0.023717086002339682
2018-09-26,94.83999633789062,97.77999877929688,94.5999984741211,95.58000183105469,337066,0.0,0.0,0.006529093855935031
2018-09-27,95.5,96.37999725341797,93.63999938964844,93.94000244140625,319387,0.0,0.0,-0.017158394624717244
2018-09-28,94.13999938964844,94.13999938964844,92.94000244140625,93.41999816894531,390231,0.0,0.0,-0.0055354934952793755
2018-10-01,93.54000091552734,97.5,93.54000091552734,96.62000274658203,335242,0.0,0.0,0.03425395675827003
2018-10-02,96.62000274658203,100.44999694824219,96.55999755859375,100.0,558229,0.0,0.0,0.03498237587803765
2018-10-03,100.0,100.1500015258789,98.69999694824219,99.45999908447266,318775,0.0,0.0,-0.005400009155273389
2018-10-04,99.13999938964844,99.13999938964844,94.68000030517578,94.68000030517578,416807,0.0,0.0,-0.04805950958472416
2018-10-05,95.54000091552734,96.08000183105469,92.69999694824219,93.05999755859375,339604,0.0,0.0,-0.01711029511365003
2018-10-08,92.5999984741211,92.9800033569336,88.69999694824219,88.69999694824219,403002,0.0,0.0,-0.04685150144783057
2018-10-09,89.22000122070312,89.73999786376953,86.66000366210938,89.44000244140625,355485,0.0,0.0,0.008342790514365817
2018-10-10,89.5199966430664,89.5199966430664,83.55999755859375,83.66000366210938,695244,0.0,0.0,-0.06462431374689925
2018-10-11,82.44000244140625,87.68000030517578,80.81999969482422,86.58000183105469,780941,0.0,0.0,0.0349031561215174
2018-10-12,87.66000366210938,89.9000015258789,86.31999969482422,88.80000305175781,507758,0.0,0.0,0.025641039197886073
2018-10-15,88.30000305175781,88.44000244140625,84.87999725341797,86.37999725341797,424719,0.0,0.0,-0.02725231661230154
2018-10-16,86.19999694824219,89.54000091552734,85.4000015258789,89.19999694824219,385488,0.0,0.0,0.03264644344165735
2018-10-17,89.69999694824219,91.23999786376953,87.87999725341797,88.83999633789062,338304,0.0,0.0,-0.004035881420045961
2018-10-18,88.4000015258789,90.19999694824219,87.0,87.33999633789062,416683,0.0,0.0,-0.016884287053490654
2018-10-19,87.41999816894531,89.37999725341797,86.69999694824219,87.86000061035156,321565,0.0,0.0,0.005953793156221465
2018-10-22,87.86000061035156,88.23999786376953,85.41999816894531,85.95999908447266,273790,0.0,0.0,-0.021625330214885663
2018-10-23,84.9800033569336,85.08000183105469,81.5,81.5,416343,0.0,0.0,-0.05188458738918589
2018-10-24,81.83999633789062,84.19999694824219,81.0999984741211,81.94000244140625,326050,0.0,0.0,0.0053988029620399836
2018-10-25,80.80000305175781,85.55999755859375,78.9800033569336,84.22000122070312,489292,0.0,0.0,0.027825222252431114
2018-10-26,83.16000366210938,84.13999938964844,81.68000030517578,83.72000122070312,355914,0.0,0.0,-0.005936832020338234
2018-10-29,83.0,86.94000244140625,82.5999984741211,83.58000183105469,370821,0.0,0.0,-0.0016722334879017975
2018-10-30,84.9800033569336,84.9800033569336,80.27999877929688,80.9800033569336,522566,0.0,0.0,-0.031107901617143163
2018-10-31,81.69999694824219,81.81999969482422,75.08000183105469,79.5,1171107,0.0,0.0,-0.018276158256134156
2018-11-01,79.0199966430664,80.12000274658203,77.41999816894531,78.30000305175781,618284,0.0,0.0,-0.01509430123575084
2018-11-02,79.5999984741211,83.72000122070312,79.55999755859375,81.94000244140625,529775,0.0,0.0,0.0464878575706098
2018-11-05,80.5999984741211,81.0199966430664,75.9000015258789,75.9000015258789,540461,0.0,0.0,-0.07371248151775966
2018-11-06,76.30000305175781,78.9000015258789,75.91999816894531,77.5199966430664,493639,0.0,0.0,0.021343808756514315
2018-11-07,77.81999969482422,80.12000274658203,77.37999725341797,78.31999969482422,271221,0.0,0.0,0.010319957254917744
2018-11-08,78.23999786376953,78.68000030517578,75.69999694824219,76.16000366210938,406717,0.0,0.0,-0.027579111863270223
2018-11-09,74.5999984741211,75.23999786376953,71.94000244140625,72.62000274658203,623939,0.0,0.0,-0.04648110222306279
2018-11-12,73.69999694824219,74.0999984741211,72.05999755859375,72.12000274658203,349981,0.0,0.0,-0.00688515534411116
2018-11-13,72.12000274658203,73.55999755859375,71.23999786376953,72.22000122070312,258095,0.0,0.0,0.001386556715374354
2018-11-14,71.5,72.4000015258789,70.26000213623047,71.9000015258789,363069,0.0,0.0,-0.00443090126579071
2018-11-15,72.13999938964844,72.9000015258789,70.0199966430664,70.54000091552734,474235,0.0,0.0,-0.018915168031840124
2018-11-16,70.94000244140625,72.4800033569336,69.76000213623047,70.30000305175781,369070,0.0,0.0,-0.003402294593913169
2018-11-19,70.0,71.19999694824219,67.18000030517578,67.18000030517578,419759,0.0,0.0,-0.04438126047142499
2018-11-20,66.4000015258789,66.9000015258789,61.279998779296875,64.4000015258789,928150,0.0,0.0,-0.04138134514242764
2018-11-21,65.44000244140625,67.45999908447266,63.5,67.16000366210938,652583,0.0,0.0,0.04285717501297537
2018-11-22,67.22000122070312,68.0,65.19999694824219,66.91999816894531,439728,0.0,0.0,-0.003573637285244402
2018-11-23,66.44000244140625,67.45999908447266,65.76000213623047,67.27999877929688,219877,0.0,0.0,0.00537956694862296
2018-11-26,67.80000305175781,69.0,66.9800033569336,68.19999694824219,290427,0.0,0.0,0.01367417041672736
2018-11-27,68.19999694824219,68.22000122070312,66.0999984741211,66.77999877929688,331548,0.0,0.0,-0.020821088452877334
2018-11-28,66.94000244140625,67.30000305175781,66.23999786376953,67.13999938964844,229204,0.0,0.0,0.005390844817792617
2018-11-29,68.19999694824219,71.13999938964844,68.19999694824219,70.63999938964844,495008,0.0,0.0,0.05212987834104199
2018-11-30,70.4000015258789,72.37999725341797,69.73999786376953,71.94000244140625,868355,0.0,0.0,0.01840321436849157
2018-12-03,73.0,74.16000366210938,72.41999816894531,73.41999816894531,470675,0.0,0.0,0.020572639384388358
2018-12-04,72.62000274658203,72.63999938964844,71.05999755859375,72.12000274658203,378398,0.0,0.0,-0.01770628513735295
2018-12-05,71.12000274658203,71.27999877929688,68.72000122070312,68.73999786376953,364856,0.0,0.0,-0.046866399807128256
2018-12-06,68.0,68.0,65.58000183105469,65.80000305175781,527853,0.0,0.0,-0.04276978329033798
2018-12-07,67.13999938964844,69.80000305175781,66.9800033569336,68.16000366210938,549220,0.0,0.0,0.03586626901058354
2018-12-10,67.31999969482422,69.4000015258789,65.63999938964844,68.0199966430664,486278,0.0,0.0,-0.002054093478882857
2018-12-11,68.69999694824219,69.5,67.27999877929688,68.30000305175781,378361,0.0,0.0,0.004116530763162762
2018-12-12,68.69999694824219,69.31999969482422,67.86000061035156,68.5999984741211,296943,0.0,0.0,0.004392319311258941
2018-12-13,68.19999694824219,71.36000061035156,68.19999694824219,70.69999694824219,329028,0.0,0.0,0.03061222333573821
2018-12-14,70.0,70.16000366210938,68.5199966430664,69.55999755859375,300625,0.0,0.0,-0.016124461652848532
2018-12-17,69.4800033569336,70.5,68.87999725341797,68.87999725341797,561559,0.0,0.0,-0.00977573791032671
2018-12-18,68.45999908447266,69.76000213623047,68.0,69.08000183105469,449695,0.0,0.0,0.0029036670384998686
2018-12-19,68.80000305175781,71.76000213623047,68.0,71.45999908447266,443125,0.0,0.0,0.03445276766550465
2018-12-20,69.63999938964844,70.0,66.58000183105469,66.63999938964844,549771,0.0,0.0,-0.0674503184519567
2018-12-21,66.9000015258789,69.62000274658203,66.86000061035156,67.4800033569336,599863,0.0,0.0,0.012605101665346563
2018-12-24,66.5999984741211,67.87999725341797,66.5999984741211,66.72000122070312,101605,0.0,0.0,-0.011262627421792737
2018-12-27,69.12000274658203,69.33999633789062,66.86000061035156,67.23999786376953,275308,0.0,0.0,0.007793714531663554
2018-12-28,67.69999694824219,69.76000213623047,67.37999725341797,69.76000213623047,302104,0.0,0.0,0.03747775658123231
2018-12-31,70.0,70.76000213623047,69.87999725341797,70.4800033569336,132848,0.0,0.0,0.010321118099983373
2019-01-02,70.0,70.54000091552734,68.41999816894531,69.41999816894531,272996,0.0,0.0,-0.015039800475321607
2019-01-03,68.5,68.9000015258789,65.80000305175781,65.9000015258789,437721,0.0,0.0,-0.0507058014392322
2019-01-04,66.19999694824219,68.83999633789062,65.86000061035156,68.83999633789062,425545,0.0,0.0,0.0446129703177196
2019-01-07,70.45999908447266,70.81999969482422,69.55999755859375,70.69999694824219,255657,0.0,0.0,0.02701918520189972
2019-01-08,72.44000244140625,76.08000183105469,72.0,75.31999969482422,742238,0.0,0.0,0.06534657632254537
2019-01-09,75.80000305175781,78.0,75.54000091552734,76.19999694824219,437293,0.0,0.0,0.011683447384273515
2019-01-10,75.5199966430664,77.83999633789062,74.54000091552734,77.83999633789062,365503,0.0,0.0,0.021522302563376616
2019-01-11,77.5,78.4000015258789,76.54000091552734,78.0,354093,0.0,0.0,0.0020555456017088414
2019-01-14,77.0,77.26000213623047,75.22000122070312,76.19999694824219,297564,0.0,0.0,-0.023076962202023266
2019-01-15,77.76000213623047,78.81999969482422,77.68000030517578,78.5,589776,0.0,0.0,0.030183768292275204
2019-01-16,79.41999816894531,79.95999908447266,77.81999969482422,78.19999694824219,617011,0.0,0.0,-0.003821694926851138
2019-01-17,76.16000366210938,77.0999984741211,75.66000366210938,76.5,320081,0.0,0.0,-0.021739092258115544
2019-01-18,77.13999938964844,78.36000061035156,76.19999694824219,78.22000122070312,475465,0.0,0.0,0.022483676087622584
2019-01-21,77.91999816894531,79.13999938964844,77.91999816894531,78.66000366210938,152780,0.0,0.0,0.005625190929935631
2019-01-22,78.13999938964844,79.55999755859375,77.13999938964844,78.27999877929688,206220,0.0,0.0,-0.004830979724395168
2019-01-23,77.04000091552734,79.36000061035156,76.54000091552734,78.37999725341797,264663,0.0,0.0,0.001277446035775176
2019-01-24,77.9000015258789,78.37999725341797,76.05999755859375,76.69999694824219,365831,0.0,0.0,-0.021434043940369296
2019-01-25,77.22000122070312,77.41999816894531,76.16000366210938,76.86000061035156,263144,0.0,0.0,0.002086097372563822
2019-01-28,76.45999908447266,78.5,76.45999908447266,77.0999984741211,248117,0.0,0.0,0.0031225326810264686
2019-01-29,76.58000183105469,78.26000213623047,76.22000122070312,77.5199966430664,260052,0.0,0.0,0.005447447175842557
2019-01-30,77.69999694824219,79.72000122070312,77.0999984741211,78.0999984741211,285635,0.0,0.0,0.00748196408889501
2019-01-31,78.37999725341797,79.31999969482422,76.87999725341797,77.5,412840,0.0,0.0,-0.007682438999277452
2019-02-01,77.87999725341797,78.22000122070312,76.41999816894531,76.81999969482422,310973,0.0,0.0,-0.008774197486139168
2019-02-04,77.0,78.33999633789062,76.5199966430664,77.63999938964844,304070,0.0,0.0,0.010674299636575846
2019-02-05,77.72000122070312,80.18000030517578,77.27999877929688,79.76000213623047,336983,0.0,0.0,0.027305548212880115
2019-02-06,77.0,78.23999786376953,71.4000015258789,72.16000366210938,1078660,0.0,0.0,-0.09528583588977668
2019-02-07,72.19999694824219,74.23999786376953,72.0999984741211,72.91999816894531,586464,0.0,0.0,0.010532074116772927
2019-02-08,72.63999938964844,73.12000274658203,69.19999694824219,69.19999694824219,732980,0.0,0.0,-0.051014828772820486
2019-02-11,70.0,72.05999755859375,68.81999969482422,68.81999969482422,696658,0.0,0.0,-0.0054912900314458835
2019-02-12,69.12000274658203,69.41999816894531,66.33999633789062,66.80000305175781,1063601,0.0,0.0,-0.02935188392943755
2019-02-13,67.5199966430664,68.05999755859375,65.86000061035156,65.9000015258789,687147,0.0,0.0,-0.01347307611919668
2019-02-14,66.0,69.13999938964844,65.5999984741211,68.94000244140625,1036293,0.0,0.0,0.046130513583274135
2019-02-15,75.0,76.30000305175781,66.91999816894531,67.0999984741211,1244490,0.0,0.0,-0.026689931855587323
2019-02-18,67.0,69.30000305175781,66.0999984741211,68.4800033569336,440174,0.0,0.0,0.020566392163849923
2019-02-19,68.66000366210938,69.12000274658203,67.33999633789062,67.86000061035156,426007,0.0,0.0,-0.009053777981733346
2019-02-20,67.77999877929688,68.54000091552734,67.04000091552734,67.23999786376953,351449,0.0,0.0,-0.009136497804384858
2019-02-21,67.0199966430664,67.0199966430664,65.26000213623047,65.73999786376953,438446,0.0,0.0,-0.02230815061950253
2019-02-22,65.41999816894531,66.95999908447266,65.4000015258789,65.9800033569336,275425,0.0,0.0,0.0036508290380754538
2019-02-25,65.9800033569336,66.5999984741211,65.76000213623047,65.9000015258789,233107,0.0,0.0,-0.0012125163228909885
2019-02-26,65.62000274658203,65.62000274658203,63.900001525878906,63.900001525878906,541947,0.0,0.0,-0.030349012954341115
2019-02-27,63.84000015258789,64.30000305175781,63.13999938964844,63.36000061035156,462979,0.0,0.0,-0.008450718351057485
2019-02-28,62.959999084472656,64.44000244140625,62.79999923706055,63.5,477779,0.0,0.0,0.0022095863052369324
2019-03-01,64.0,65.36000061035156,63.7400016784668,65.0999984741211,526648,0.0,0.0,0.025196826364111802
2019-03-04,65.44000244140625,67.31999969482422,65.33999633789062,66.72000122070312,458487,0.0,0.0,0.02488483540020403
2019-03-05,66.55999755859375,67.05999755859375,65.62000274658203,66.12000274658203,408885,0.0,0.0,-0.00899278272097681
2019-03-06,66.9000015258789,68.04000091552734,65.87999725341797,66.86000061035156,447959,0.0,0.0,0.011191739761501784
2019-03-07,66.86000061035156,69.0999984741211,66.55999755859375,68.0999984741211,729512,0.0,0.0,0.018546183853572318
2019-03-08,67.80000305175781,69.58000183105469,67.5199966430664,68.77999877929688,687660,0.0,0.0,0.009985320417212451
2019-03-11,69.05999755859375,69.4800033569336,66.5999984741211,68.13999938964844,342356,0.0,0.0,-0.009305021823307724
2019-03-12,68.4000015258789,69.41999816894531,68.13999938964844,69.26000213623047,342447,0.0,0.0,0.016436788327182983
2019-03-13,69.0,70.87999725341797,68.18000030517578,70.87999725341797,497678,0.0,0.0,0.023390052948613294
2019-03-14,71.45999908447266,72.37999725341797,71.05999755859375,72.23999786376953,411100,0.0,0.0,0.019187368271039063
2019-03-15,72.13999938964844,75.0199966430664,71.77999877929688,75.0199966430664,852156,0.0,0.0,0.03848281923456587
2019-03-18,75.18000030517578,75.5,74.36000061035156,75.0,386812,0.0,0.0,-0.00026655083925886114
2019-03-19,75.0999984741211,76.23999786376953,74.22000122070312,76.23999786376953,413592,0.0,0.0,0.0165333048502605
2019-03-20,76.81999969482422,79.58000183105469,76.81999969482422,78.4000015258789,624489,0.0,0.0,0.02833163329790489
2019-03-21,78.4800033569336,80.87999725341797,78.0999984741211,80.87999725341797,509616,0.0,0.0,0.03163259794989215
2019-03-22,81.72000122070312,82.9800033569336,79.37999725341797,79.5,586038,0.0,0.0,-0.017062281160743376
2019-03-25,79.0,79.76000213623047,78.13999938964844,79.41999816894531,400240,0.0,0.0,-0.0010063123403105667
2019-03-26,79.44000244140625,79.5999984741211,77.5,79.30000305175781,565171,0.0,0.0,-0.0015108929734830578
2019-03-27,79.36000061035156,79.95999908447266,77.62000274658203,77.80000305175781,514515,0.0,0.0,-0.018915509990850454
2019-03-28,77.9000015258789,79.08000183105469,77.36000061035156,78.36000061035156,423419,0.0,0.0,0.007197911781844146
2019-03-29,78.95999908447266,80.08000183105469,78.19999694824219,79.36000061035156,491798,0.0,0.0,0.012761612968490654
2019-04-01,79.30000305175781,80.19999694824219,79.08000183105469,79.86000061035156,280364,0.0,0.0,0.006300403177350589
2019-04-02,79.83999633789062,80.66000366210938,78.94000244140625,79.0999984741211,376691,0.0,0.0,-0.009516680821712309
2019-04-03,79.5199966430664,80.41999816894531,79.31999969482422,80.30000305175781,418165,0.0,0.0,0.0151707282020912
2019-04-04,80.31999969482422,80.73999786376953,79.86000061035156,80.18000030517578,403455,0.0,0.0,-0.0014944301621593326
2019-04-05,80.04000091552734,80.62000274658203,79.5999984741211,80.5,334360,0.0,0.0,0.003991016383215973
2019-04-08,80.31999969482422,81.16000366210938,79.62000274658203,80.0199966430664,320636,0.0,0.0,-0.005962774620293043
2019-04-09,80.18000030517578,81.19999694824219,78.63999938964844,80.0,368730,0.0,0.0,-0.00024989557492238745
2019-04-10,80.13999938964844,83.0,79.95999908447266,80.37999725341797,507911,0.0,0.0,0.004749965667724565
2019-04-11,80.5,81.26000213623047,79.9800033569336,80.87999725341797,287502,0.0,0.0,0.0062204530615201925
2019-04-12,81.0,81.94000244140625,80.94000244140625,81.45999908447266,235433,0.0,0.0,0.007171140587918012
2019-04-15,81.69999694824219,83.5199966430664,81.27999877929688,81.5,398428,0.0,0.0,0.0004910497910250999
2019-04-16,81.31999969482422,81.87999725341797,79.30000305175781,79.9800033569336,545827,0.0,0.0,-0.01865026555909699
2019-04-17,79.72000122070312,79.95999908447266,79.04000091552734,79.4000015258789,353099,0.0,0.0,-0.007251835542770202
2019-04-18,79.30000305175781,80.44000244140625,79.05999755859375,80.19999694824219,317096,0.0,0.0,0.010075508904147101
2019-04-23,79.31999969482422,81.62000274658203,78.0199966430664,81.41999816894531,470044,0.0,0.0,0.015211985874394207
2019-04-24,81.30000305175781,83.54000091552734,81.0199966430664,82.80000305175781,496019,0.0,0.0,0.016949212894220578
2019-04-25,82.77999877929688,83.0999984741211,80.45999908447266,82.12000274658203,535739,0.0,0.0,-0.008212563769480985
2019-04-26,82.05999755859375,85.5,81.9800033569336,84.4000015258789,571630,0.0,0.0,0.027764231649295423
2019-04-29,84.30000305175781,84.94000244140625,83.0,83.5,278565,0.0,0.0,-0.010663524995351392
2019-04-30,83.22000122070312,85.12000274658203,82.58000183105469,85.04000091552734,552495,0.0,0.0,0.018443124736854388
2019-05-02,84.95999908447266,85.54000091552734,83.4800033569336,83.66000366210938,540661,0.0,0.0,-0.016227625100671883
2019-05-03,83.0,83.94000244140625,82.30000305175781,83.66000366210938,384448,0.0,0.0,0.0
2019-05-06,82.04000091552734,83.26000213623047,80.58000183105469,82.36000061035156,424246,0.0,0.0,-0.015539122577717501
2019-05-07,82.4000015258789,84.0,81.0999984741211,81.0999984741211,459200,0.0,0.0,-0.015298714508169886
2019-05-08,82.44000244140625,84.5199966430664,82.22000122070312,83.19999694824219,501451,0.0,0.0,0.025893939748854677
2019-05-09,82.81999969482422,82.95999908447266,81.04000091552734,81.83999633789062,423719,0.0,0.0,-0.0163461617816838
2019-05-10,82.31999969482422,83.54000091552734,82.26000213623047,83.19999694824219,322656,0.0,0.0,0.01661779901280247
2019-05-13,83.27999877929688,83.62000274658203,80.55999755859375,80.77999877929688,359963,0.0,0.0,-0.029086517520556687
2019-05-14,80.63999938964844,81.86000061035156,77.54000091552734,81.13999938964844,522521,0.0,0.0,0.004456556273727319
2019-05-15,81.5999984741211,82.58000183105469,80.5199966430664,82.5,463265,0.0,0.0,0.01676116121002913
2019-05-16,75.0,75.5,71.0,72.05999755859375,2361338,0.0,0.0,-0.1265454841382576
2019-05-17,71.63999938964844,72.94000244140625,69.94000244140625,72.5,878522,0.0,0.0,0.006106056845873065
2019-05-20,72.0,72.33999633789062,69.80000305175781,70.45999908447266,1016797,0.0,0.0,-0.028137943662446152
2019-05-21,70.5,71.5999984741211,70.27999877929688,71.0199966430664,634213,0.0,0.0,0.007947737239144548
2019-05-22,71.0,72.31999969482422,70.9800033569336,72.19999694824219,671419,0.0,0.0,0.0166150430998504
2019-05-23,71.9000015258789,72.4000015258789,69.44000244140625,70.0199966430664,530785,0.0,0.0,-0.03019391132022553
2019-05-24,70.4000015258789,71.77999877929688,70.27999877929688,71.0,623667,0.0,0.0,0.013996049756032525
2019-05-27,71.0,71.19999694824219,70.30000305175781,70.5199966430664,201914,0.0,0.0,-0.0067606106610365035
2019-05-28,70.62000274658203,71.80000305175781,70.5199966430664,71.5,730089,0.0,0.0,0.013896815138744634
2019-05-29,70.9800033569336,71.37999725341797,70.5199966430664,70.94000244140625,628688,0.0,0.0,-0.00783213368662583
2019-05-30,71.0999984741211,72.87999725341797,71.0999984741211,72.19999694824219,447318,0.0,0.0,0.017761410536694555
2019-05-31,71.73999786376953,73.36000061035156,71.45999908447266,73.36000061035156,493287,0.0,0.0,0.016066533395298288
2019-06-03,73.16000366210938,73.94000244140625,72.72000122070312,73.4800033569336,572996,0.0,0.0,0.0016358062375083637
2019-06-04,73.0999984741211,73.23999786376953,68.04000091552734,71.08000183105469,915659,0.0,0.0,-0.03266196810335942
2019-06-05,71.22000122070312,72.13999938964844,70.0199966430664,70.44000244140625,493335,0.0,0.0,-0.009003930404639093
2019-06-06,70.4000015258789,71.18000030517578,69.83999633789062,70.9000015258789,409793,0.0,0.0,0.006530367242041146
2019-06-07,70.91999816894531,73.80000305175781,70.66000366210938,73.0,581192,0.0,0.0,0.029619159787388494
2019-06-10,73.27999877929688,73.81999969482422,72.86000061035156,73.27999877929688,237226,0.0,0.0,0.003835599716395466
2019-06-11,72.83999633789062,73.54000091552734,70.73999786376953,71.58000183105469,706180,0.0,0.0,-0.023198648697609903
2019-06-12,71.19999694824219,71.30000305175781,69.68000030517578,70.4800033569336,547917,0.0,0.0,-0.015367399357118505
2019-06-13,70.5,71.0999984741211,69.0199966430664,69.4000015258789,531682,0.0,0.0,-0.015323521277165741
2019-06-14,69.30000305175781,69.30000305175781,67.55999755859375,68.04000091552734,560633,0.0,0.0,-0.019596550150570602
2019-06-17,68.0,68.23999786376953,65.83999633789062,67.30000305175781,698504,0.0,0.0,-0.01087592377737101
2019-06-18,67.08000183105469,68.77999877929688,66.19999694824219,68.4000015258789,752339,0.0,0.0,0.01634470169748914
2019-06-19,68.37999725341797,68.63999938964844,67.54000091552734,68.27999877929688,546347,0.0,0.0,-0.0017544260804822631
2019-06-20,68.5,69.36000061035156,67.95999908447266,69.18000030517578,412105,0.0,0.0,0.013181041915188096
2019-06-21,69.4000015258789,70.41999816894531,68.30000305175781,68.55999755859375,682696,0.0,0.0,-0.008962167445027425
2019-06-24,68.36000061035156,68.83999633789062,67.26000213623047,67.26000213623047,273608,0.0,0.0,-0.018961427489145644
2019-06-25,66.95999908447266,68.30000305175781,66.9000015258789,67.5199966430664,305527,0.0,0.0,0.003865514400509973
2019-06-26,67.45999908447266,68.18000030517578,66.5999984741211,67.22000122070312,263837,0.0,0.0,-0.004443060386231323
2019-06-27,67.4000015258789,68.44000244140625,67.0199966430664,67.26000213623047,320235,0.0,0.0,0.000595074602810719
2019-06-28,67.5,68.9800033569336,67.22000122070312,68.83999633789062,335946,0.0,0.0,0.02349084376268662
2019-07-01,69.13999938964844,69.68000030517578,68.26000213623047,69.33999633789062,335282,0.0,0.0,0.007263219445071245
2019-07-02,69.69999694824219,71.44000244140625,69.69999694824219,69.81999969482422,490570,0.0,0.0,0.006922460084862969
2019-07-03,70.23999786376953,73.23999786376953,70.0,72.37999725341797,434198,0.0,0.0,0.03666567702353518
2019-07-04,72.5999984741211,72.87999725341797,71.9000015258789,72.12000274658203,283550,0.0,0.0,-0.00359207677123341
2019-07-05,72.44000244140625,72.62000274658203,71.27999877929688,71.44000244140625,260354,0.0,0.0,-0.009428733767040898
2019-07-08,71.27999877929688,72.18000030517578,71.0,71.18000030517578,280030,0.0,0.0,-0.0036394474712360125
2019-07-09,71.18000030517578,71.26000213623047,69.83999633789062,71.22000122070312,275807,0.0,0.0,0.0005619684652409251
2019-07-10,71.04000091552734,73.91999816894531,71.0,73.66000366210938,518896,0.0,0.0,0.03426007300736966
2019-07-11,73.73999786376953,74.4000015258789,72.33999633789062,72.69999694824219,401840,0.0,0.0,-0.013032944150680459
2019-07-12,72.5999984741211,73.26000213623047,72.22000122070312,73.12000274658203,255671,0.0,0.0,0.005777246437009609
2019-07-15,74.26000213623047,75.13999938964844,74.0,74.69999694824219,330053,0.0,0.0,0.02160823498784681
2019-07-16,74.87999725341797,74.91999816894531,73.69999694824219,73.69999694824219,258662,0.0,0.0,-0.013386881403661621
2019-07-17,73.72000122070312,74.5,72.86000061035156,73.37999725341797,325018,0.0,0.0,-0.004341922768992035
2019-07-18,75.80000305175781,77.18000030517578,74.80000305175781,76.5199966430664,713703,0.0,0.0,0.04279094449682841
2019-07-19,76.77999877929688,80.27999877929688,76.77999877929688,77.9800033569336,649328,0.0,0.0,0.019080067667508027
2019-07-22,78.23999786376953,78.58000183105469,75.18000030517578,76.0,449755,0.0,0.0,-0.025391167885318366
2019-07-23,75.91999816894531,76.4000015258789,74.62000274658203,74.80000305175781,339469,0.0,0.0,-0.01578943352950246
2019-07-24,74.63999938964844,76.0999984741211,74.5,75.94000244140625,294285,0.0,0.0,0.015240632929648612
2019-07-25,76.23999786376953,77.05999755859375,75.76000213623047,76.30000305175781,393990,0.0,0.0,0.004740592556990331
2019-07-26,76.30000305175781,76.58000183105469,74.87999725341797,75.9000015258789,268697,0.0,0.0,-0.005242483746790483
2019-07-29,75.5999984741211,76.0,74.55999755859375,74.91999816894531,322004,0.0,0.0,-0.012911769924002559
2019-07-30,75.31999969482422,76.16000366210938,73.5999984741211,74.36000061035156,326373,0.0,0.0,-0.007474607211427675
2019-07-31,74.54000091552734,75.58000183105469,74.23999786376953,74.76000213623047,322961,0.0,0.0,0.005379256624471029
2019-08-01,74.5,75.0999984741211,74.0199966430664,74.81999969482422,228249,0.0,0.0,0.0008025355387821786
2019-08-02,73.80000305175781,74.04000091552734,72.33999633789062,73.23999786376953,324409,0.0,0.0,-0.021117372861523598
2019-08-05,72.58000183105469,72.62000274658203,70.4800033569336,70.5199966430664,312593,0.0,0.0,-0.037138193610579795
2019-08-06,70.86000061035156,71.68000030517578,70.41999816894531,70.86000061035156,287289,0.0,0.0,0.004821383770139187
2019-08-07,70.76000213623047,71.16000366210938,70.23999786376953,70.80000305175781,301975,0.0,0.0,-0.0008467055895704512
2019-08-08,71.55999755859375,72.37999725341797,71.22000122070312,72.27999877929688,224034,0.0,0.0,0.020903893555726638
2019-08-09,72.27999877929688,73.30000305175781,72.12000274658203,72.55999755859375,223635,0.0,0.0,0.003873807194599399
2019-08-12,73.0,74.72000122070312,72.12000274658203,72.58000183105469,175629,0.0,0.0,0.0002756928491458588
2019-08-13,72.54000091552734,73.37999725341797,71.18000030517578,72.62000274658203,191514,0.0,0.0,0.0005511286100605695
2019-08-14,72.63999938964844,72.76000213623047,70.76000213623047,70.9000015258789,199843,0.0,0.0,-0.023684951193203796
2019-08-15,71.12000274658203,71.31999969482422,69.73999786376953,70.26000213623047,183258,0.0,0.0,-0.009026789504579025
2019-08-16,70.33999633789062,71.91999816894531,70.27999877929688,71.77999877929688,213638,0.0,0.0,0.0216338826765079
2019-08-19,72.12000274658203,73.12000274658203,71.94000244140625,73.04000091552734,190979,0.0,0.0,0.017553666169661142
2019-08-20,73.0999984741211,74.0999984741211,71.77999877929688,71.86000061035156,295077,0.0,0.0,-0.016155535191469728
2019-08-21,72.19999694824219,74.0,72.0199966430664,73.87999725341797,266252,0.0,0.0,0.028110167351924842
2019-08-22,73.4800033569336,73.83999633789062,72.5,72.5,255411,0.0,0.0,-0.01867890233786018
2019-08-23,72.54000091552734,73.62000274658203,71.73999786376953,71.73999786376953,209801,0.0,0.0,-0.0104827880859375
2019-08-26,71.27999877929688,72.31999969482422,70.23999786376953,71.66000366210938,156301,0.0,0.0,-0.0011150572071672027
2019-08-27,71.86000061035156,73.22000122070312,70.83999633789062,72.54000091552734,231627,0.0,0.0,0.012280173157223517
2019-08-28,72.19999694824219,72.31999969482422,71.0199966430664,71.41999816894531,152117,0.0,0.0,-0.015439795043375781
2019-08-29,71.30000305175781,73.0,71.0199966430664,72.5199966430664,153007,0.0,0.0,0.015401827251787736
2019-08-30,72.5199966430664,73.76000213623047,72.5199966430664,73.36000061035156,233796,0.0,0.0,0.011583066825272326
2019-09-02,73.0999984741211,73.36000061035156,72.23999786376953,72.95999908447266,146791,0.0,0.0,-0.005452583458981919
2019-09-03,72.66000366210938,72.80000305175781,71.62000274658203,72.19999694824219,161028,0.0,0.0,-0.010416696076853582
2019-09-04,72.5,73.13999938964844,72.16000366210938,72.54000091552734,179502,0.0,0.0,0.004709196421834871
2019-09-05,72.80000305175781,74.22000122070312,72.76000213623047,73.26000213623047,219545,0.0,0.0,0.00992557501538438
2019-09-06,73.4000015258789,74.30000305175781,71.68000030517578,72.04000091552734,312490,0.0,0.0,-0.016653032830035608
2019-09-09,72.30000305175781,72.33999633789062,69.94000244140625,70.5,296768,0.0,0.0,-0.021377025207608202
2019-09-10,70.18000030517578,71.31999969482422,68.31999969482422,71.0199966430664,405325,0.0,0.0,0.007375838908743271
2019-09-11,71.63999938964844,72.73999786376953,71.54000091552734,72.0999984741211,220033,0.0,0.0,0.015207010449220126
2019-09-12,72.0999984741211,73.22000122070312,71.91999816894531,72.76000213623047,311619,0.0,0.0,0.009154003829088486
2019-09-13,72.63999938964844,73.45999908447266,72.08000183105469,72.5999984741211,301828,0.0,0.0,-0.002199060712090084
2019-09-16,72.80000305175781,73.16000366210938,72.31999969482422,72.62000274658203,275102,0.0,0.0,0.0002755409487793514
2019-09-17,69.30000305175781,70.81999969482422,68.41999816894531,70.41999816894531,1088112,0.0,0.0,-0.030294746549569207
2019-09-18,70.5,70.80000305175781,68.27999877929688,68.9000015258789,713749,0.0,0.0,-0.021584729943044945
2019-09-19,69.08000183105469,69.27999877929688,67.87999725341797,68.19999694824219,787253,0.0,0.0,-0.010159717882935015
2019-09-20,68.0199966430664,71.12000274658203,67.83999633789062,70.4800033569336,957471,0.0,0.0,0.033431180509021496
2019-09-23,70.13999938964844,70.4800033569336,68.05999755859375,69.12000274658203,552613,0.0,0.0,-0.019296261997379327
2019-09-24,68.77999877929688,69.5,67.94000244140625,67.94000244140625,378301,0.0,0.0,-0.01707176299604718
2019-09-25,67.95999908447266,68.22000122070312,66.18000030517578,67.13999938964844,646329,0.0,0.0,-0.011775140167941012
2019-09-26,67.16000366210938,68.66000366210938,67.0,67.37999725341797,426577,0.0,0.0,0.0035745884115472304
2019-09-27,67.31999969482422,67.69999694824219,66.5999984741211,67.27999877929688,409172,0.0,0.0,-0.001484097331512113
2019-09-30,66.9800033569336,67.0999984741211,65.87999725341797,66.33999633789062,453545,0.0,0.0,-0.01397149908533446
2019-10-01,66.4000015258789,67.04000091552734,62.900001525878906,63.65999984741211,801650,0.0,0.0,-0.040397899282786254
2019-10-02,63.65999984741211,63.70000076293945,62.119998931884766,62.2400016784668,646501,0.0,0.0,-0.022305971918770595
2019-10-03,62.400001525878906,63.47999954223633,61.91999816894531,63.08000183105469,427728,0.0,0.0,0.01349614604651439
2019-10-04,63.599998474121094,63.599998474121094,62.400001525878906,62.720001220703125,460462,0.0,0.0,-0.0057070481912119275
2019-10-07,62.5,62.79999923706055,59.060001373291016,59.2599983215332,937750,0.0,0.0,-0.05516586147686198
2019-10-08,59.41999816894531,59.84000015258789,57.52000045776367,58.099998474121094,650351,0.0,0.0,-0.019574753295100944
2019-10-09,58.0,58.619998931884766,57.13999938964844,58.2400016784668,513294,0.0,0.0,0.002409693769752197
2019-10-10,58.439998626708984,58.439998626708984,55.720001220703125,56.880001068115234,706448,0.0,0.0,-0.02335165815859508
2019-10-11,56.880001068115234,58.400001525878906,56.81999969482422,58.13999938964844,427778,0.0,0.0,0.022151868809290765
2019-10-14,57.900001525878906,57.900001525878906,56.619998931884766,57.5,365344,0.0,0.0,-0.011007901554302202
2019-10-15,57.599998474121094,58.79999923706055,57.5,58.70000076293945,490015,0.0,0.0,0.02086957848590343
2019-10-16,58.599998474121094,59.0,57.619998931884766,57.619998931884766,395596,0.0,0.0,-0.01839866809229329
2019-10-17,57.41999816894531,58.459999084472656,56.86000061035156,58.0,377714,0.0,0.0,0.006594950974651237
2019-10-18,58.0,58.0,56.220001220703125,56.70000076293945,569637,0.0,0.0,-0.022413779949319812
2019-10-21,56.68000030517578,56.91999816894531,56.18000030517578,56.41999816894531,301988,0.0,0.0,-0.00493831728794536
2019-10-22,56.36000061035156,57.29999923706055,55.79999923706055,56.2599983215332,368396,0.0,0.0,-0.0028358711911511403
2019-10-23,55.84000015258789,56.15999984741211,55.400001525878906,55.939998626708984,483073,0.0,0.0,-0.005687872455938936
2019-10-24,56.099998474121094,56.70000076293945,55.58000183105469,56.0,323170,0.0,0.0,0.0010726023375762228
2019-10-25,40.5,47.939998626708984,39.88999938964844,46.939998626708984,4137047,0.0,0.0,-0.16178573880876812
2019-10-28,47.0,52.400001525878906,47.0,52.400001525878906,1996481,0.0,0.0,0.11631876989581258
2019-10-29,52.400001525878906,52.68000030517578,50.939998626708984,52.099998474121094,1040933,0.0,0.0,-0.005725248912629266
2019-10-30,52.0,52.68000030517578,50.86000061035156,52.36000061035156,455105,0.0,0.0,0.004990444219679091
2019-10-31,51.5,54.08000183105469,51.5,52.939998626708984,833929,0.0,0.0,0.011077120122163553
2019-11-01,53.279998779296875,54.68000030517578,51.58000183105469,54.2599983215332,876333,0.0,0.0,0.0249338823019587
2019-11-04,54.2599983215332,54.58000183105469,52.08000183105469,52.099998474121094,945432,0.0,0.0,-0.03980832868096329
2019-11-05,51.540000915527344,51.939998626708984,50.29999923706055,51.41999816894531,866897,0.0,0.0,-0.013051829656262837
2019-11-06,51.15999984741211,51.36000061035156,50.060001373291016,50.380001068115234,607312,0.0,0.0,-0.020225537492496004
2019-11-07,50.380001068115234,51.02000045776367,49.880001068115234,49.93000030517578,493145,0.0,0.0,-0.008932130873340771
2019-11-08,49.880001068115234,50.97999954223633,49.130001068115234,50.70000076293945,569820,0.0,0.0,0.015421599300167621
2019-11-11,50.5,51.380001068115234,50.2599983215332,50.97999954223633,341937,0.0,0.0,0.005522658285669113
2019-11-12,51.20000076293945,51.599998474121094,50.560001373291016,50.7599983215332,479537,0.0,0.0,-0.004315441794401242
2019-11-13,50.58000183105469,51.400001525878906,50.380001068115234,51.0,459006,0.0,0.0,0.004728165610773605
2019-11-14,51.08000183105469,52.099998474121094,50.720001220703125,51.2599983215332,384122,0.0,0.0,0.005098006304572689
2019-11-15,51.5,51.63999938964844,50.41999816894531,50.959999084472656,359912,0.0,0.0,-0.00585250189004638
2019-11-18,50.79999923706055,51.0,49.560001373291016,50.20000076293945,417772,0.0,0.0,-0.014913625101786399
2019-11-19,50.18000030517578,50.279998779296875,49.279998779296875,50.060001373291016,713152,0.0,0.0,-0.0027888324207315796
2019-11-20,49.869998931884766,51.959999084472656,49.79999923706055,51.959999084472656,998742,0.0,0.0,0.03795440789171378
2019-11-21,51.79999923706055,52.459999084472656,51.13999938964844,52.459999084472656,847598,0.0,0.0,0.009622786928597415
2019-11-22,52.52000045776367,53.20000076293945,52.0,53.0,590421,0.0,0.0,0.010293574627361579
2019-11-25,53.47999954223633,53.7400016784668,52.959999084472656,53.459999084472656,413404,0.0,0.0,0.008679228008918072
2019-11-26,53.540000915527344,55.29999923706055,52.939998626708984,54.900001525878906,1039056,0.0,0.0,0.02693607306522572
2019-11-27,54.84000015258789,56.0,54.060001373291016,55.79999923706055,666981,0.0,0.0,0.016393400476635733
2019-11-28,55.29999923706055,55.36000061035156,54.15999984741211,55.20000076293945,489060,0.0,0.0,-0.010752660973561312
2019-11-29,54.91999816894531,55.91999816894531,54.68000030517578,55.099998474121094,450541,0.0,0.0,-0.0018116356419599633
2019-12-02,55.380001068115234,56.560001373291016,55.13999938964844,55.63999938964844,770711,0.0,0.0,0.00980037986354887
2019-12-03,55.79999923706055,56.279998779296875,54.380001068115234,54.7599983215332,454235,0.0,0.0,-0.015815979111584166
2019-12-04,56.15999984741211,58.459999084472656,56.02000045776367,58.2400016784668,776742,0.0,0.0,0.0635500997735634
2019-12-05,58.2599983215332,59.58000183105469,57.65999984741211,58.380001068115234,749472,0.0,0.0,0.002403835604630533
2019-12-06,58.7400016784668,58.79999923706055,57.65999984741211,58.0,406388,0.0,0.0,-0.006509096628344757
2019-12-09,58.08000183105469,58.31999969482422,56.400001525878906,56.84000015258789,509943,0.0,0.0,-0.01999999736917435
2019-12-10,57.0,57.060001373291016,55.97999954223633,56.86000061035156,348751,0.0,0.0,0.0003518729364879736
2019-12-11,56.79999923706055,57.119998931884766,55.900001525878906,55.900001525878906,301520,0.0,0.0,-0.01688355740710079
2019-12-12,56.0,58.63999938964844,56.0,58.099998474121094,619493,0.0,0.0,0.03935593717691943
2019-12-13,59.41999816894531,61.08000183105469,58.959999084472656,60.65999984741211,820556,0.0,0.0,0.04406198692812868
2019-12-16,60.86000061035156,61.91999816894531,60.720001220703125,61.41999816894531,484080,0.0,0.0,0.01252882168554148
2019-12-17,61.5,62.0,60.13999938964844,60.34000015258789,417428,0.0,0.0,-0.01758381713699697
2019-12-18,60.619998931884766,60.720001220703125,59.380001068115234,59.7599983215332,308666,0.0,0.0,-0.009612227868544543
2019-12-19,59.900001525878906,60.439998626708984,59.599998474121094,60.439998626708984,460450,0.0,0.0,0.011378854154531659
2019-12-20,60.68000030517578,61.70000076293945,60.63999938964844,61.63999938964844,822214,0.0,0.0,0.019854414133112952
2019-12-23,61.599998474121094,61.720001220703125,60.880001068115234,61.34000015258789,350080,0.0,0.0,-0.004866957171172914
2019-12-24,61.459999084472656,61.84000015258789,60.97999954223633,61.0,83606,0.0,0.0,-0.005542878248159688
2019-12-25,61.0,61.0,61.0,61.0,0,0.0,0.0,0.0
2019-12-27,61.400001525878906,62.02000045776367,61.220001220703125,61.400001525878906,260059,0.0,0.0,0.006557402063588569
2019-12-30,61.599998474121094,61.7400016784668,61.20000076293945,61.31999969482422,205066,0.0,0.0,-0.0013029613854482758
2019-12-31,61.400001525878906,62.099998474121094,61.29999923706055,61.58000183105469,123494,0.0,0.0,0.004240087043777541
2020-01-02,62.08000183105469,62.900001525878906,62.02000045776367,62.380001068115234,328549,0.0,0.0,0.012991218143437955
2020-01-03,62.400001525878906,63.459999084472656,61.81999969482422,62.380001068115234,330640,0.0,0.0,0.0
2020-01-06,62.36000061035156,62.439998626708984,60.959999084472656,62.099998474121094,371954,0.0,0.0,-0.004488659653730909
2020-01-07,62.400001525878906,63.060001373291016,61.040000915527344,61.040000915527344,430724,0.0,0.0,-0.01706920426150227
2020-01-08,61.29999923706055,63.900001525878906,61.20000076293945,63.900001525878906,637279,0.0,0.0,0.046854530921608184
2020-01-09,64.23999786376953,66.12000274658203,64.23999786376953,64.68000030517578,497553,0.0,0.0,0.012206553375135432
2020-01-10,65.0199966430664,65.63999938964844,64.45999908447266,65.4800033569336,365366,0.0,0.0,0.012368630921199886
2020-01-13,65.80000305175781,66.19999694824219,65.31999969482422,65.68000030517578,289725,0.0,0.0,0.0030543209833389096
2020-01-14,66.05999755859375,66.27999877929688,65.0,65.5199966430664,435605,0.0,0.0,-0.002436109338701753
2020-01-15,65.41999816894531,66.08000183105469,64.76000213623047,65.0,561759,0.0,0.0,-0.007936457107884043
2020-01-16,65.0,65.41999816894531,64.30000305175781,64.30000305175781,401070,0.0,0.0,-0.010769183819110628
2020-01-17,63.36000061035156,63.5,61.7599983215332,62.31999969482422,1013831,0.0,0.0,-0.030793207822086832
2020-01-20,62.70000076293945,64.45999908447266,62.70000076293945,64.27999877929688,357353,0.0,0.0,0.03145056312693528
2020-01-21,63.599998474121094,64.72000122070312,63.13999938964844,63.15999984741211,474487,0.0,0.0,-0.0174237547161481
2020-01-22,63.400001525878906,64.87999725341797,62.91999816894531,63.63999938964844,532482,0.0,0.0,0.007599739445787845
2020-01-23,63.619998931884766,64.68000030517578,63.5,64.37999725341797,333507,0.0,0.0,0.01162787352084571
2020-01-24,64.73999786376953,66.4000015258789,64.62000274658203,66.0,383680,0.0,0.0,0.02516313786416058
2020-01-27,65.0,66.36000061035156,64.5999984741211,66.36000061035156,539129,0.0,0.0,0.005454554702296388
2020-01-28,66.45999908447266,68.4800033569336,66.26000213623047,67.9800033569336,574777,0.0,0.0,0.024412337728781264
2020-01-29,68.91999816894531,69.83999633789062,68.0999984741211,69.16000366210938,548122,0.0,0.0,0.01735805011629843
2020-01-30,68.5,69.16000366210938,68.19999694824219,68.5,457221,0.0,0.0,-0.009543140936398964
2020-01-31,69.0,69.26000213623047,68.30000305175781,68.63999938964844,480830,0.0,0.0,0.002043786710196116
2020-02-03,68.81999969482422,69.5999984741211,68.0199966430664,69.4000015258789,310625,0.0,0.0,0.011072292292955366
2020-02-04,69.80000305175781,70.08000183105469,68.66000366210938,69.62000274658203,626594,0.0,0.0,0.0031700463381270083
2020-02-05,69.58000183105469,71.5,69.08000183105469,70.95999908447266,712119,0.0,0.0,0.019247289356885355
2020-02-06,71.22000122070312,72.12000274658203,70.63999938964844,71.73999786376953,573526,0.0,0.0,0.010992091169115481
2020-02-07,72.0199966430664,74.0199966430664,70.95999908447266,73.0999984741211,858092,0.0,0.0,0.0189573550438924
2020-02-10,72.4000015258789,73.05999755859375,71.76000213623047,73.0,391237,0.0,0.0,-0.001367968210785886
2020-02-11,73.41999816894531,73.95999908447266,73.0199966430664,73.0199966430664,421921,0.0,0.0,0.00027392661734793045
2020-02-12,72.91999816894531,74.31999969482422,72.5999984741211,74.0,510987,0.0,0.0,0.013421027143071695
2020-02-13,73.80000305175781,74.63999938964844,73.72000122070312,74.5999984741211,418161,0.0,0.0,0.008108087488122973
2020-02-14,74.5,75.08000183105469,74.05999755859375,74.66000366210938,484835,0.0,0.0,0.0008043591047672827
2020-02-17,74.63999938964844,74.80000305175781,73.66000366210938,73.9000015258789,319596,0.0,0.0,-0.010179508424216333
2020-02-18,73.30000305175781,73.81999969482422,72.69999694824219,73.55999755859375,447725,0.0,0.0,-0.0046008654974938334
2020-02-19,73.80000305175781,75.22000122070312,73.55999755859375,74.86000061035156,306825,0.0,0.0,0.01767269025155005
2020-02-20,74.76000213623047,75.45999908447266,73.94000244140625,74.83999633789062,407881,0.0,0.0,-0.0002672224458700745
2020-02-21,74.68000030517578,75.69999694824219,74.31999969482422,75.05999755859375,304975,0.0,0.0,0.002939620944258925
2020-02-24,73.26000213623047,74.69999694824219,71.9000015258789,74.33999633789062,737203,0.0,0.0,-0.009592342714121127
2020-02-25,74.66000366210938,75.31999969482422,72.16000366210938,72.81999969482422,655665,0.0,0.0,-0.020446552568521903
2020-02-26,71.91999816894531,73.26000213623047,70.58000183105469,72.33999633789062,641071,0.0,0.0,-0.006591641842147777
2020-02-27,71.16000366210938,71.9800033569336,67.45999908447266,68.80000305175781,854473,0.0,0.0,-0.04893549164141464
2020-02-28,66.18000030517578,68.4800033569336,65.54000091552734,67.37999725341797,1184014,0.0,0.0,-0.020639618246405922
2020-03-02,67.37999725341797,68.86000061035156,65.68000030517578,67.04000091552734,675776,0.0,0.0,-0.005045953573014961
2020-03-03,67.69999694824219,69.66000366210938,67.54000091552734,68.58000183105469,628429,0.0,0.0,0.022971373724588684
2020-03-04,68.37999725341797,69.19999694824219,67.54000091552734,69.13999938964844,369951,0.0,0.0,0.008165610143512358
2020-03-05,69.41999816894531,70.37999725341797,68.69999694824219,69.69999694824219,433625,0.0,0.0,0.008099473004588909
2020-03-06,68.41999816894531,68.87999725341797,65.0999984741211,65.73999786376953,662460,0.0,0.0,-0.05681491044272602
2020-03-09,61.34000015258789,63.040000915527344,60.7599983215332,62.220001220703125,792323,0.0,0.0,-0.05354421596363235
2020-03-10,62.97999954223633,66.27999877929688,61.79999923706055,61.79999923706055,708506,0.0,0.0,-0.006750272828712656
2020-03-11,62.65999984741211,63.79999923706055,61.08000183105469,61.70000076293945,861864,0.0,0.0,-0.001618098306724991
2020-03-12,59.0,59.060001373291016,54.560001373291016,55.5,1045035,0.0,0.0,-0.100486234785649
2020-03-13,56.779998779296875,60.880001068115234,55.599998474121094,56.7599983215332,1117906,0.0,0.0,0.022702672460057638
2020-03-16,53.79999923706055,60.79999923706055,51.15999984741211,58.779998779296875,1020695,0.0,0.0,0.03558845168248248
2020-03-17,61.099998474121094,65.9000015258789,60.65999984741211,64.72000122070312,855423,0.0,0.0,0.10105482417087774
2020-03-18,63.20000076293945,67.62000274658203,58.91999816894531,61.47999954223633,867500,0.0,0.0,-0.05006182968720896
2020-03-19,62.900001525878906,63.58000183105469,57.68000030517578,58.02000045776367,634247,0.0,0.0,-0.056278450068882324
2020-03-20,61.70000076293945,64.5,58.2599983215332,58.84000015258789,932308,0.0,0.0,0.014133052195012485
2020-03-23,57.81999969482422,64.5,57.220001220703125,59.900001525878906,656459,0.0,0.0,0.018014979105066997
2020-03-24,64.19999694824219,66.19999694824219,63.599998474121094,64.26000213623047,534977,0.0,0.0,0.07278798830193489
2020-03-25,66.5999984741211,69.0,61.70000076293945,62.380001068115234,716224,0.0,0.0,-0.0292561625524016
2020-03-26,61.52000045776367,67.0,61.20000076293945,67.0,455183,0.0,0.0,0.07406218103202655
2020-03-27,66.0,69.80000305175781,64.0,65.83999633789062,448479,0.0,0.0,-0.01731348749416972
2020-03-30,66.26000213623047,69.9000015258789,66.19999694824219,68.41999816894531,438942,0.0,0.0,0.03918593521503455
2020-03-31,69.05999755859375,69.31999969482422,66.04000091552734,67.18000030517578,450759,0.0,0.0,-0.018123325006640267
2020-04-01,66.86000061035156,68.68000030517578,65.69999694824219,67.31999969482422,411221,0.0,0.0,0.0020839444628233394
2020-04-02,68.30000305175781,69.9800033569336,67.95999908447266,68.69999694824219,285512,0.0,0.0,0.02049906802842827
2020-04-03,68.9800033569336,70.94000244140625,68.12000274658203,70.94000244140625,488383,0.0,0.0,0.03260561270259821
2020-04-06,71.72000122070312,72.80000305175781,67.76000213623047,69.30000305175781,585239,0.0,0.0,-0.023118118596105464
2020-04-07,70.5,70.73999786376953,65.83999633789062,67.19999694824219,541703,0.0,0.0,-0.03030311704239319
2020-04-08,67.4000015258789,68.86000061035156,66.5,68.72000122070312,262488,0.0,0.0,0.022619112224538496
2020-04-09,69.58000183105469,69.9800033569336,67.30000305175781,68.83999633789062,378981,0.0,0.0,0.001746145446099856
2020-04-14,69.76000213623047,70.16000366210938,68.41999816894531,69.0,407083,0.0,0.0,0.0023242834198309303
2020-04-15,69.30000305175781,69.30000305175781,67.26000213623047,68.26000213623047,256374,0.0,0.0,-0.010724606721297603
2020-04-16,68.36000061035156,69.12000274658203,67.58000183105469,68.81999969482422,390732,0.0,0.0,0.008203890141640136
2020-04-17,70.30000305175781,70.77999877929688,68.83999633789062,70.0,321007,0.0,0.0,0.01714618294693948
2020-04-20,70.08000183105469,70.19999694824219,68.05999755859375,68.62000274658203,328130,0.0,0.0,-0.0197142464773995
2020-04-21,68.5199966430664,68.55999755859375,66.19999694824219,66.62000274658203,376913,0.0,0.0,-0.029146020401458195
2020-04-22,67.0,67.30000305175781,65.18000030517578,65.83999633789062,427930,0.0,0.0,-0.011708291452020791
2020-04-23,65.83999633789062,67.37999725341797,65.4000015258789,67.26000213623047,293421,0.0,0.0,0.02156752547573637
2020-04-24,66.18000030517578,67.31999969482422,65.55999755859375,67.19999694824219,297064,0.0,0.0,-0.0008921377651274209
2020-04-27,68.5,71.22000122070312,67.5999984741211,71.22000122070312,382752,0.0,0.0,0.05982149486639354
2020-04-28,71.0,71.05999755859375,68.44000244140625,69.27999877929688,415468,0.0,0.0,-0.02723957326811033
2020-04-29,69.30000305175781,69.9800033569336,67.5,68.69999694824219,367501,0.0,0.0,-0.008371851057653479
2020-04-30,68.68000030517578,69.22000122070312,66.62000274658203,67.91999816894531,450409,0.0,0.0,-0.011353694526136882
2020-05-04,66.55999755859375,68.62000274658203,66.0,68.08000183105469,316698,0.0,0.0,0.002355766584554164
2020-05-05,69.0,70.80000305175781,68.9000015258789,70.55999755859375,442604,0.0,0.0,0.03642766834368394
2020-05-06,71.12000274658203,72.94000244140625,71.0199966430664,71.87999725341797,359691,0.0,0.0,0.018707479315430486
2020-05-07,72.0,72.81999969482422,71.33999633789062,72.62000274658203,506053,0.0,0.0,0.010295012819145244
2020-05-08,72.5,74.5999984741211,72.5,73.9000015258789,264370,0.0,0.0,0.017625980871463387
2020-05-11,73.73999786376953,73.9000015258789,72.26000213623047,72.55999755859375,257993,0.0,0.0,-0.01813266494745469
2020-05-12,72.55999755859375,72.5999984741211,69.66000366210938,70.30000305175781,374197,0.0,0.0,-0.0311465626085633
2020-05-13,69.54000091552734,70.18000030517578,68.0,69.5,374880,0.0,0.0,-0.011379843769975584
2020-05-14,69.0,69.76000213623047,67.86000061035156,69.18000030517578,324415,0.0,0.0,-0.004604312155744195
2020-05-15,68.9000015258789,69.23999786376953,65.0999984741211,69.08000183105469,847857,0.0,0.0,-0.0014454824180394343
2020-05-18,69.0,69.0,66.0999984741211,68.0199966430664,442671,0.0,0.0,-0.015344602777815242
2020-05-19,67.83999633789062,67.83999633789062,63.560001373291016,66.94000244140625,792327,0.0,0.0,-0.015877598573363683
2020-05-20,66.0,69.45999908447266,65.87999725341797,69.0,515459,0.0,0.0,0.03077378971410849
2020-05-21,68.5999984741211,70.44000244140625,67.58000183105469,69.4000015258789,340023,0.0,0.0,0.005797123563462403
2020-05-22,69.0199966430664,70.94000244140625,68.23999786376953,70.30000305175781,315942,0.0,0.0,0.01296832141341242
2020-05-25,70.86000061035156,72.73999786376953,70.77999877929688,72.5199966430664,362130,0.0,0.0,0.03157885483552736
2020-05-26,72.5,72.55999755859375,69.0199966430664,69.80000305175781,671556,0.0,0.0,-0.03750680801456785
2020-05-27,69.55999755859375,69.55999755859375,65.62000274658203,66.33999633789062,811861,0.0,0.0,-0.04957029459298934
2020-05-28,66.80000305175781,68.80000305175781,66.36000061035156,67.80000305175781,504840,0.0,0.0,0.022007940826992423
2020-05-29,67.94000244140625,70.4800033569336,67.94000244140625,69.66000366210938,800002,0.0,0.0,0.027433636085999247
2020-06-01,70.66000366210938,70.9000015258789,69.9800033569336,70.45999908447266,216106,0.0,0.0,0.011484286251888687
2020-06-02,70.80000305175781,70.80000305175781,68.37999725341797,70.12000274658203,393928,0.0,0.0,-0.004825380958109471
2020-06-03,70.58000183105469,70.68000030517578,67.9000015258789,67.9000015258789,491956,0.0,0.0,-0.03166002757767061
2020-06-04,67.94000244140625,69.0199966430664,67.41999816894531,68.33999633789062,402416,0.0,0.0,0.006480041268394077
2020-06-05,68.41999816894531,68.81999969482422,66.33999633789062,67.4000015258789,568557,0.0,0.0,-0.013754680456290025
2020-06-08,67.4000015258789,67.69999694824219,65.41999816894531,67.26000213623047,436984,0.0,0.0,-0.0020771422326256728
2020-06-09,67.27999877929688,68.58000183105469,65.83999633789062,67.08000183105469,666681,0.0,0.0,-0.0026761864326320106
2020-06-10,67.45999908447266,68.58000183105469,66.91999816894531,68.5,439889,0.0,0.0,0.021168725852477976
2020-06-11,67.87999725341797,68.33999633789062,66.55999755859375,67.5999984741211,448496,0.0,0.0,-0.013138708406991384
2020-06-12,67.26000213623047,69.5999984741211,66.94000244140625,66.94000244140625,381383,0.0,0.0,-0.009763255142195115
2020-06-15,65.9800033569336,66.94000244140625,65.05999755859375,66.18000030517578,421371,0.0,0.0,-0.011353482350044852
2020-06-16,67.12000274658203,68.4800033569336,66.4000015258789,68.30000305175781,377315,0.0,0.0,0.032033888437686064
2020-06-17,68.4800033569336,69.4000015258789,67.87999725341797,68.5999984741211,459778,0.0,0.0,0.004392319311258941
2020-06-18,68.5,69.23999786376953,67.69999694824219,68.4800033569336,345568,0.0,0.0,-0.0017491999979091233
2020-06-19,68.4800033569336,69.0999984741211,66.9000015258789,68.9800033569336,1205097,0.0,0.0,0.007301401511239591
2020-06-22,68.4000015258789,70.30000305175781,68.16000366210938,68.9000015258789,494283,0.0,0.0,-0.0011597829394226489
2020-06-23,69.19999694824219,69.5999984741211,67.19999694824219,69.54000091552734,703016,0.0,0.0,0.009288815318938104
2020-06-24,69.23999786376953,70.62000274658203,68.58000183105469,69.81999969482422,482291,0.0,0.0,0.00402644198462121
2020-06-25,69.0,70.26000213623047,68.5,70.26000213623047,588618,0.0,0.0,0.006301954215546468
2020-06-26,70.36000061035156,72.62000274658203,70.27999877929688,70.63999938964844,579894,0.0,0.0,0.005408443522121997
2020-06-29,70.30000305175781,71.16000366210938,69.77999877929688,69.77999877929688,504230,0.0,0.0,-0.012174414181515214
2020-06-30,69.77999877929688,73.45999908447266,69.77999877929688,73.4000015258789,627167,0.0,0.0,0.05187736901560469
2020-07-01,73.4000015258789,77.0999984741211,72.94000244140625,76.5,793422,0.0,0.0,0.04223431075853745
2020-07-02,76.5,77.73999786376953,75.37999725341797,75.91999816894531,458562,0.0,0.0,-0.007581723281760655
2020-07-03,76.27999877929688,79.08000183105469,76.27999877929688,78.0,425056,0.0,0.0,0.027397285052958464
2020-07-06,79.19999694824219,79.4000015258789,77.55999755859375,78.19999694824219,445838,0.0,0.0,0.0025640634390025063
2020-07-07,77.63999938964844,78.68000030517578,76.4800033569336,78.5199966430664,436477,0.0,0.0,0.004092067868442628
2020-07-08,78.30000305175781,80.4000015258789,78.0999984741211,80.0,443353,0.0,0.0,0.018848744526331895
2020-07-09,80.08000183105469,80.80000305175781,78.5999984741211,78.83999633789062,453882,0.0,0.0,-0.01450004577636721
2020-07-10,78.23999786376953,79.23999786376953,77.5,77.5,440013,0.0,0.0,-0.01699640284288828
2020-07-13,75.30000305175781,75.80000305175781,69.69999694824219,73.63999938964844,1138330,0.0,0.0,-0.04980645948840723
2020-07-14,72.76000213623047,73.81999969482422,70.76000213623047,72.81999969482422,680536,0.0,0.0,-0.011135248528254094
2020-07-15,73.0,73.9000015258789,71.45999908447266,71.9000015258789,579819,0.0,0.0,-0.012633866695974438
2020-07-16,71.5,71.80000305175781,70.13999938964844,70.36000061035156,442629,0.0,0.0,-0.021418649274618673
2020-07-17,70.37999725341797,70.5199966430664,66.0,68.0199966430664,1157930,0.0,0.0,-0.03325758878604801
2020-07-20,68.04000091552734,69.76000213623047,67.68000030517578,69.55999755859375,726318,0.0,0.0,0.022640414459419445
2020-07-21,70.22000122070312,71.63999938964844,69.91999816894531,70.27999877929688,799201,0.0,0.0,0.010350794220437276
2020-07-22,70.5999984741211,70.80000305175781,69.08000183105469,70.0,700147,0.0,0.0,-0.003984046445079881
2020-07-23,72.5999984741211,73.83999633789062,71.4800033569336,73.33999633789062,888348,0.0,0.0,0.0477142333984375
2020-07-24,72.30000305175781,72.77999877929688,69.63999938964844,71.04000091552734,706702,0.0,0.0,-0.031360724532447315
2020-07-27,70.69999694824219,71.0,70.16000366210938,70.5,308100,0.0,0.0,-0.007601364140879641
2020-07-28,70.27999877929688,70.9000015258789,69.66000366210938,70.23999786376953,371750,0.0,0.0,-0.003687973563552771
2020-07-29,70.30000305175781,70.83999633789062,69.4000015258789,70.80000305175781,261159,0.0,0.0,0.007972739251422167
2020-07-30,70.5,71.0,69.4800033569336,69.4800033569336,495804,0.0,0.0,-0.01864406268258556
2020-07-31,69.68000030517578,71.31999969482422,69.31999969482422,70.77999877929688,395759,0.0,0.0,0.018710353476595776
2020-08-03,70.68000030517578,72.83999633789062,70.54000091552734,71.94000244140625,372181,0.0,0.0,0.016388862420391392
2020-08-04,71.81999969482422,71.94000244140625,69.80000305175781,71.26000213623047,382650,0.0,0.0,-0.009452325300233766
2020-08-05,71.5999984741211,72.55999755859375,70.0,70.08000183105469,450522,0.0,0.0,-0.016559083213608772
2020-08-06,70.0,70.54000091552734,69.4800033569336,69.76000213623047,446579,0.0,0.0,-0.00456620557167875
2020-08-07,69.73999786376953,71.0999984741211,69.62000274658203,69.69999694824219,261841,0.0,0.0,-0.0008601660858768012
2020-08-10,69.5,69.9800033569336,68.0199966430664,68.12000274658203,281026,0.0,0.0,-0.022668497429539802
2020-08-11,68.36000061035156,69.0,67.30000305175781,69.0,421846,0.0,0.0,0.01291833848996915
2020-08-12,68.76000213623047,68.80000305175781,67.16000366210938,68.68000030517578,433940,0.0,0.0,-0.004637676736582885
2020-08-13,68.9000015258789,70.30000305175781,68.58000183105469,69.80000305175781,303937,0.0,0.0,0.016307553022792076
2020-08-14,69.62000274658203,70.23999786376953,68.55999755859375,69.08000183105469,300016,0.0,0.0,-0.010315203284006036
2020-08-17,69.0,69.23999786376953,68.30000305175781,68.94000244140625,244864,0.0,0.0,-0.0020266268954484135
2020-08-18,68.5999984741211,69.13999938964844,68.0199966430664,68.94000244140625,258010,0.0,0.0,0.0
2020-08-19,69.0199966430664,69.87999725341797,68.66000366210938,69.76000213623047,371216,0.0,0.0,0.011894396080434744
2020-08-20,69.23999786376953,69.45999908447266,68.45999908447266,68.9000015258789,223135,0.0,0.0,-0.01232799002316709
2020-08-21,69.18000030517578,69.9800033569336,68.72000122070312,69.94000244140625,283252,0.0,0.0,0.015094352576127568
2020-08-24,70.16000366210938,70.9800033569336,68.95999908447266,69.18000030517578,397399,0.0,0.0,-0.01086648712755156
2020-08-25,69.23999786376953,69.63999938964844,68.05999755859375,68.27999877929688,417020,0.0,0.0,-0.013009562328833546
2020-08-26,68.44000244140625,69.73999786376953,68.19999694824219,69.68000030517578,294443,0.0,0.0,0.02050383056397176
2020-08-27,69.68000030517578,70.69999694824219,69.18000030517578,69.30000305175781,260710,0.0,0.0,-0.005453462281195476
2020-08-28,69.4800033569336,69.83999633789062,68.19999694824219,68.44000244140625,300818,0.0,0.0,-0.012409820670704064
2020-08-31,68.69999694824219,69.37999725341797,68.33999633789062,68.95999908447266,363960,0.0,0.0,0.0075978466469459605
2020-09-01,69.04000091552734,70.30000305175781,69.04000091552734,69.58000183105469,275201,0.0,0.0,0.008990759205529608
2020-09-02,70.19999694824219,71.54000091552734,69.94000244140625,70.31999969482422,349512,0.0,0.0,0.010635209029834503
2020-09-03,70.63999938964844,71.0199966430664,67.27999877929688,67.27999877929688,548609,0.0,0.0,-0.04323095746189398
2020-09-04,67.30000305175781,67.77999877929688,65.44000244140625,65.66000366210938,527605,0.0,0.0,-0.024078405864745633
2020-09-07,65.9000015258789,68.05999755859375,65.68000030517578,68.05999755859375,389539,0.0,0.0,0.036551839211506953
2020-09-08,68.05999755859375,68.23999786376953,65.94000244140625,67.5999984741211,311895,0.0,0.0,-0.006758729076894787
2020-09-09,67.55999755859375,69.4800033569336,67.0,69.04000091552734,386219,0.0,0.0,0.02130181174423429
2020-09-10,69.0,70.66000366210938,68.83999633789062,70.13999938964844,305287,0.0,0.0,0.01593277027135298
2020-09-11,71.55999755859375,74.80000305175781,71.27999877929688,74.08000183105469,666151,0.0,0.0,0.05617340284704553
2020-09-14,74.0,74.26000213623047,72.41999816894531,73.72000122070312,336620,0.0,0.0,-0.004859619350071953
2020-09-15,73.9800033569336,74.66000366210938,73.27999877929688,73.9800033569336,409287,0.0,0.0,0.00352688730229489
2020-09-16,73.80000305175781,74.4000015258789,72.33999633789062,72.72000122070312,416912,0.0,0.0,-0.017031658273267358
2020-09-17,72.12000274658203,73.0,71.72000122070312,72.33999633789062,196092,0.0,0.0,-0.0052255896099230315
2020-09-18,72.31999969482422,72.94000244140625,71.5999984741211,72.66000366210938,481861,0.0,0.0,0.004423656903769224
2020-09-21,72.33999633789062,73.05999755859375,71.26000213623047,72.80000305175781,334524,0.0,0.0,0.0019267737763883908
2020-09-22,73.08000183105469,75.5199966430664,73.08000183105469,73.77999877929688,398574,0.0,0.0,0.013461479209586402
2020-09-23,74.23999786376953,75.05999755859375,73.31999969482422,74.62000274658203,340078,0.0,0.0,0.011385253201181555
2020-09-24,73.83999633789062,74.44000244140625,73.26000213623047,74.0199966430664,376617,0.0,0.0,-0.008040821246728114
2020-09-25,75.0,76.77999877929688,74.30000305175781,76.30000305175781,573072,0.0,0.0,0.030802573792131804
2020-09-28,76.9800033569336,77.30000305175781,75.80000305175781,76.18000030517578,318989,0.0,0.0,-0.0015727751216553232
2020-09-29,76.36000061035156,76.80000305175781,75.18000030517578,76.31999969482422,404107,0.0,0.0,0.0018377446716670853
2020-09-30,76.0,77.5,75.76000213623047,77.05999755859375,351417,0.0,0.0,0.009695988819818036
2020-10-01,77.9000015258789,79.66000366210938,77.41999816894531,79.33999633789062,539018,0.0,0.0,0.029587319640949072
2020-10-02,79.0,79.9800033569336,78.69999694824219,79.23999786376953,523237,0.0,0.0,-0.0012603791118822594
2020-10-05,79.37999725341797,80.13999938964844,78.94000244140625,79.4000015258789,371835,0.0,0.0,0.0020192285010462996
2020-10-06,79.45999908447266,79.95999908447266,78.13999938964844,78.4000015258789,319178,0.0,0.0,-0.012594458196251712
2020-10-07,78.63999938964844,80.13999938964844,78.19999694824219,79.9800033569336,321688,0.0,0.0,0.020153084187545023
2020-10-08,80.30000305175781,81.13999938964844,79.55999755859375,80.41999816894531,374697,0.0,0.0,0.005501310246863955
2020-10-09,80.54000091552734,81.87999725341797,80.16000366210938,81.87999725341797,389115,0.0,0.0,0.018154676917618184
2020-10-12,82.0,83.41999816894531,81.44000244140625,83.0199966430664,415035,0.0,0.0,0.013922806886768058
2020-10-13,83.0199966430664,83.72000122070312,81.80000305175781,83.0199966430664,368572,0.0,0.0,0.0
2020-10-14,83.4000015258789,84.94000244140625,82.94000244140625,83.73999786376953,460325,0.0,0.0,0.008672624064280265
2020-10-15,83.22000122070312,83.36000061035156,82.41999816894531,82.68000030517578,402275,0.0,0.0,-0.01265819901641485
2020-10-16,82.9800033569336,83.69999694824219,82.08000183105469,82.95999908447266,446596,0.0,0.0,0.003386535779673183
2020-10-19,83.23999786376953,83.81999969482422,81.44000244140625,81.83999633789062,256824,0.0,0.0,-0.013500515416370762
2020-10-20,82.0999984741211,82.5199966430664,81.04000091552734,81.33999633789062,320019,0.0,0.0,-0.006109482189315618
2020-10-21,81.23999786376953,81.63999938964844,80.16000366210938,80.4800033569336,308824,0.0,0.0,-0.010572818043715904
2020-10-22,80.26000213623047,81.31999969482422,79.69999694824219,80.31999969482422,288919,0.0,0.0,-0.001988116990996547
2020-10-23,80.13999938964844,81.54000091552734,79.83999633789062,80.9000015258789,220670,0.0,0.0,0.007221138362280888
2020-10-26,80.36000061035156,81.0,79.45999908447266,80.5,368085,0.0,0.0,-0.004944394540597807
2020-10-27,81.12000274658203,84.4000015258789,80.95999908447266,84.05999755859375,534239,0.0,0.0,0.044223572156444124
2020-10-28,83.55999755859375,85.13999938964844,80.80000305175781,81.73999786376953,601993,0.0,0.0,-0.027599330980316417
2020-10-29,81.30000305175781,83.23999786376953,80.9000015258789,81.9000015258789,361892,0.0,0.0,0.001957470837912645
2020-10-30,77.0,77.72000122070312,73.72000122070312,75.73999786376953,1389040,0.0,0.0,-0.07521371852676861
2020-11-02,76.0,76.23999786376953,74.45999908447266,75.23999786376953,644678,0.0,0.0,-0.006601531741515676
2020-11-03,76.08000183105469,77.04000091552734,75.26000213623047,76.81999969482422,457797,0.0,0.0,0.020999493300298377
2020-11-04,76.55999755859375,81.0,76.55999755859375,80.23999786376953,553249,0.0,0.0,0.04451963268070336
2020-11-05,81.4000015258789,82.4000015258789,81.12000274658203,81.4800033569336,495465,0.0,0.0,0.015453707953349216
2020-11-06,81.26000213623047,81.5199966430664,79.41999816894531,80.19999694824219,388929,0.0,0.0,-0.015709454540449364
2020-11-09,81.4000015258789,82.9000015258789,73.5,75.9000015258789,1073237,0.0,0.0,-0.053615905062170066
2020-11-10,75.83999633789062,76.0999984741211,71.45999908447266,73.62000274658203,917480,0.0,0.0,-0.030039509004746057
2020-11-11,73.5,75.4800033569336,72.12000274658203,75.44000244140625,555898,0.0,0.0,0.02472153799136767
2020-11-12,76.5199966430664,80.4800033569336,76.5199966430664,78.91999816894531,851401,0.0,0.0,0.046129316210480775
2020-11-13,79.9800033569336,80.68000030517578,78.69999694824219,79.72000122070312,466590,0.0,0.0,0.010136886344640272
2020-11-16,80.0,81.22000122070312,77.73999786376953,80.18000030517578,607516,0.0,0.0,0.00577018411225505
2020-11-17,79.81999969482422,80.80000305175781,78.94000244140625,79.41999816894531,527446,0.0,0.0,-0.009478699592639028
2020-11-18,80.36000061035156,83.63999938964844,80.19999694824219,81.27999877929688,786716,0.0,0.0,0.02341980172795899
2020-11-19,80.76000213623047,81.54000091552734,79.76000213623047,80.30000305175781,606731,0.0,0.0,-0.01205703423052562
2020-11-20,79.5999984741211,79.66000366210938,78.0199966430664,78.4000015258789,707074,0.0,0.0,-0.023661288339606235
2020-11-23,78.12000274658203,79.0,77.77999877929688,77.77999877929688,333304,0.0,0.0,-0.007908198144324974
2020-11-24,78.0,78.0,76.62000274658203,76.86000061035156,457529,0.0,0.0,-0.011828210123219884
2020-11-25,77.0,77.5999984741211,76.30000305175781,77.0999984741211,340237,0.0,0.0,0.0031225326810264686
2020-11-26,77.5,78.83999633789062,77.31999969482422,78.0,177129,0.0,0.0,0.011673171772902169
2020-11-27,78.12000274658203,79.0,77.62000274658203,78.9000015258789,283754,0.0,0.0,0.011538481101011522
2020-11-30,79.18000030517578,81.16000366210938,79.12000274658203,79.77999877929688,553424,0.0,0.0,0.011153323655251457
2020-12-01,80.4000015258789,80.9000015258789,78.66000366210938,78.68000030517578,386054,0.0,0.0,-0.013787897856004316
2020-12-02,79.0999984741211,79.4000015258789,77.31999969482422,77.5,484253,0.0,0.0,-0.014997461878481388
2020-12-03,77.36000061035156,78.16000366210938,76.36000061035156,76.62000274658203,510294,0.0,0.0,-0.01135480326990923
2020-12-04,76.81999969482422,78.26000213623047,76.80000305175781,78.0999984741211,401029,0.0,0.0,0.01931604900138284
2020-12-07,78.27999877929688,78.94000244140625,76.95999908447266,77.80000305175781,316831,0.0,0.0,-0.003841170655882742
2020-12-08,77.76000213623047,79.4000015258789,77.62000274658203,79.0,332530,0.0,0.0,0.015424124693721009
2020-12-09,79.45999908447266,79.5,77.5199966430664,78.41999816894531,386152,0.0,0.0,-0.007341795329806167
2020-12-10,78.37999725341797,78.95999908447266,77.58000183105469,78.33999633789062,356893,0.0,0.0,-0.001020171294601857
2020-12-11,78.30000305175781,78.37999725341797,76.81999969482422,77.37999725341797,367940,0.0,0.0,-0.012254265118063712
2020-12-14,77.31999969482422,77.5199966430664,76.37999725341797,77.0,364854,0.0,0.0,-0.004910794351329351
2020-12-15,77.0,77.0999984741211,74.9800033569336,74.9800033569336,556126,0.0,0.0,-0.02623372263722601
2020-12-16,75.30000305175781,76.27999877929688,74.73999786376953,76.0,503755,0.0,0.0,0.013603582253935542
2020-12-17,76.5999984741211,77.66000366210938,76.0,76.33999633789062,500058,0.0,0.0,0.004473636024876715
2020-12-18,76.63999938964844,78.91999816894531,76.58000183105469,78.91999816894531,685977,0.0,0.0,0.0337962006133099
2020-12-21,78.13999938964844,79.36000061035156,77.9800033569336,79.19999694824219,303214,0.0,0.0,0.0035478812188702857
2020-12-22,79.4000015258789,80.68000030517578,79.33999633789062,80.18000030517578,209145,0.0,0.0,0.012373780236052623
2020-12-23,80.36000061035156,80.68000030517578,80.0,80.0999984741211,184356,0.0,0.0,-0.000997777884138018
2020-12-24,80.31999969482422,80.58000183105469,80.18000030517578,80.30000305175781,45475,0.0,0.0,0.002496936097961866
2020-12-28,80.5999984741211,80.69999694824219,78.72000122070312,78.95999908447266,164253,0.0,0.0,-0.016687470938468674
2020-12-29,79.19999694824219,80.77999877929688,79.19999694824219,80.08000183105469,259102,0.0,0.0,0.014184432112060108
2020-12-30,80.27999877929688,80.63999938964844,79.31999969482422,79.31999969482422,154687,0.0,0.0,-0.009490535949710055
2020-12-31,79.0199966430664,79.83999633789062,78.83999633789062,78.83999633789062,89702,0.0,0.0,-0.006051479561023143
2021-01-04,79.5999984741211,82.08000183105469,79.33999633789062,81.76000213623047,331900,0.0,0.0,0.037037112303067055
2021-01-05,81.5,81.5,78.80000305175781,80.55999755859375,278620,0.0,0.0,-0.014677159323421285
2021-01-06,80.0999984741211,80.19999694824219,78.5,79.80000305175781,301360,0.0,0.0,-0.00943389436280917
2021-01-07,79.5999984741211,79.5999984741211,77.69999694824219,79.12000274658203,372622,0.0,0.0,-0.008521306756526514
2021-01-08,79.23999786376953,80.0,78.69999694824219,79.86000061035156,282685,0.0,0.0,0.009352854374129693
2021-01-11,80.0,80.68000030517578,78.87999725341797,79.5199966430664,197362,0.0,0.0,-0.004257500183904139
2021-01-12,79.54000091552734,79.69999694824219,78.9000015258789,79.18000030517578,249964,0.0,0.0,-0.004275608051352631
2021-01-13,79.4000015258789,84.83999633789062,78.72000122070312,83.5,778598,0.0,0.0,0.05455922806484037
2021-01-14,84.0999984741211,86.33999633789062,84.0,84.69999694824219,508232,0.0,0.0,0.014371220937032136
2021-01-15,84.37999725341797,84.58000183105469,83.05999755859375,83.54000091552734,338575,0.0,0.0,-0.013695349167765491
2021-01-18,83.05999755859375,84.22000122070312,82.5999984741211,82.73999786376953,218771,0.0,0.0,-0.009576287323323718
2021-01-19,82.91999816894531,84.30000305175781,82.04000091552734,84.30000305175781,387684,0.0,0.0,0.018854305393587456
2021-01-20,84.37999725341797,84.81999969482422,83.73999786376953,84.0999984741211,349906,0.0,0.0,-0.0023725334566586653
2021-01-21,85.30000305175781,88.16000366210938,83.72000122070312,87.19999694824219,438501,0.0,0.0,0.036860862430039276
2021-01-22,86.9800033569336,87.4000015258789,84.76000213623047,85.18000030517578,403437,0.0,0.0,-0.023165099928448174
2021-01-25,85.86000061035156,86.0,83.04000091552734,83.5,456994,0.0,0.0,-0.01972294316925116
2021-01-26,83.5,84.95999908447266,83.19999694824219,83.5,277430,0.0,0.0,0.0
2021-01-27,83.58000183105469,83.5999984741211,79.41999816894531,82.37999725341797,481501,0.0,0.0,-0.01341320654589262
2021-01-28,81.83999633789062,82.94000244140625,79.69999694824219,81.91999816894531,375004,0.0,0.0,-0.005583868655125168
2021-01-29,81.41999816894531,83.19999694824219,80.4000015258789,82.4000015258789,392142,0.0,0.0,0.005859416109161408
2021-02-01,83.23999786376953,84.18000030517578,82.83999633789062,83.9000015258789,268157,0.0,0.0,0.018203883158047107
2021-02-02,84.5999984741211,85.16000366210938,83.31999969482422,83.5,264548,0.0,0.0,-0.0047675985530885034
2021-02-03,83.08000183105469,84.33999633789062,82.83999633789062,83.36000061035156,225288,0.0,0.0,-0.0016766393969872562
2021-02-04,83.36000061035156,83.36000061035156,81.69999694824219,83.16000366210938,316224,0.0,0.0,-0.0023991956187360275
2021-02-05,84.18000030517578,84.5999984741211,82.5999984741211,84.5999984741211,394280,0.0,0.0,0.017315954167854697
2021-02-08,85.19999694824219,85.95999908447266,83.5999984741211,83.83999633789062,297796,0.0,0.0,-0.008983476949623759
2021-02-09,83.5,84.45999908447266,82.62000274658203,83.72000122070312,326702,0.0,0.0,-0.0014312395327868987
2021-02-10,80.87999725341797,80.87999725341797,76.4800033569336,77.37999725341797,1193566,0.0,0.0,-0.07572866549024049
2021-02-11,77.26000213623047,78.45999908447266,76.66000366210938,76.86000061035156,512638,0.0,0.0,-0.00672003956479128
2021-02-12,76.5999984741211,76.62000274658203,75.30000305175781,75.4800033569336,540397,0.0,0.0,-0.017954686995307
2021-02-15,75.4000015258789,76.83999633789062,74.80000305175781,75.4000015258789,536915,0.0,0.0,-0.0010599076244919292
2021-02-16,75.68000030517578,76.12000274658203,74.54000091552734,74.62000274658203,403018,0.0,0.0,-0.01034481118716113
2021-02-17,74.30000305175781,74.86000061035156,72.9800033569336,73.27999877929688,662657,0.0,0.0,-0.01795770460952628
2021-02-18,73.08000183105469,74.16000366210938,73.04000091552734,73.63999938964844,489593,0.0,0.0,0.004912672166327514
2021-02-19,73.81999969482422,74.4800033569336,72.86000061035156,73.31999969482422,382826,0.0,0.0,-0.0043454603133687986
2021-02-22,73.0199966430664,73.04000091552734,70.95999908447266,70.95999908447266,466836,0.0,0.0,-0.032187678944005205
2021-02-23,71.0199966430664,71.0199966430664,68.23999786376953,69.58000183105469,721291,0.0,0.0,-0.01944753764406315
2021-02-24,69.26000213623047,69.76000213623047,67.33999633789062,67.95999908447266,854823,0.0,0.0,-0.023282591318630863
2021-02-25,68.13999938964844,68.45999908447266,67.26000213623047,68.33999633789062,474542,0.0,0.0,0.005591484086773457
2021-02-26,67.69999694824219,68.41999816894531,67.16000366210938,67.58000183105469,542188,0.0,0.0,-0.011120786472951005
2021-03-01,68.31999969482422,68.77999877929688,67.5199966430664,68.19999694824219,370465,0.0,0.0,0.00917423942570239
2021-03-02,68.0,68.95999908447266,67.66000366210938,68.36000061035156,416457,0.0,0.0,0.0023460948573179596
2021-03-03,70.0,70.26000213623047,67.4800033569336,68.0999984741211,597523,0.0,0.0,-0.0038034250132978897
2021-03-04,68.26000213623047,68.44000244140625,65.81999969482422,66.91999816894531,469864,0.0,0.0,-0.01732746448774436
2021-03-05,66.87999725341797,66.87999725341797,65.18000030517578,65.62000274658203,497459,0.0,0.0,-0.019426112640967608
2021-03-08,65.80000305175781,66.5,64.5999984741211,66.08000183105469,460715,0.0,0.0,0.007010043663806753
2021-03-09,66.37999725341797,67.72000122070312,65.4000015258789,66.68000030517578,615554,0.0,0.0,0.009079879804711588
2021-03-10,67.0,67.19999694824219,65.4000015258789,65.4000015258789,534892,0.0,0.0,-0.019196142373105518
2021-03-11,65.55999755859375,66.54000091552734,65.23999786376953,66.26000213623047,712113,0.0,0.0,0.013149856120588277
2021-03-12,66.13999938964844,66.27999877929688,65.22000122070312,65.30000305175781,349355,0.0,0.0,-0.014488364828285083
2021-03-15,65.81999969482422,66.54000091552734,64.94000244140625,65.0,381974,0.0,0.0,-0.004594227224155367
2021-03-16,65.0,66.66000366210938,64.18000030517578,66.0,606951,0.0,0.0,0.01538461538461533
2021-03-17,66.05999755859375,66.08000183105469,63.7400016784668,63.880001068115234,530037,0.0,0.0,-0.03212119593764795
2021-03-18,63.86000061035156,64.9000015258789,63.459999084472656,63.7400016784668,495113,0.0,0.0,-0.002191599676073186
2021-03-19,63.5,64.18000030517578,62.18000030517578,63.7400016784668,955349,0.0,0.0,0.0
2021-03-22,63.63999938964844,63.900001525878906,62.599998474121094,63.70000076293945,494620,0.0,0.0,-0.0006275637664574507
2021-03-23,63.7400016784668,65.9000015258789,63.380001068115234,65.27999877929688,675313,0.0,0.0,0.024803736223448558
2021-03-24,65.27999877929688,65.4800033569336,63.619998931884766,63.619998931884766,415762,0.0,0.0,-0.02542891970669836
2021-03-25,63.439998626708984,64.31999969482422,62.959999084472656,63.08000183105469,428287,0.0,0.0,-0.008487851460171059
2021-03-26,63.31999969482422,64.19999694824219,62.939998626708984,63.70000076293945,372151,0.0,0.0,0.009828771621555932
2021-03-29,63.81999969482422,64.33999633789062,63.65999984741211,63.79999923706055,385476,0.0,0.0,0.0015698347397707924
2021-03-30,63.79999923706055,64.4800033569336,63.34000015258789,63.97999954223633,421740,0.0,0.0,0.002821321431477619
2021-03-31,64.30000305175781,65.54000091552734,64.19999694824219,64.87999725341797,452518,0.0,0.0,0.014066860231649603
2021-04-01,65.19999694824219,65.45999908447266,64.63999938964844,65.36000061035156,341709,0.0,0.0,0.007398325789977012
2021-04-06,65.91999816894531,67.16000366210938,65.45999908447266,66.81999969482422,511941,0.0,0.0,0.022337807081376004
2021-04-07,66.94000244140625,67.22000122070312,66.33999633789062,66.63999938964844,511600,0.0,0.0,-0.0026938088296597495
2021-04-08,66.83999633789062,67.69999694824219,66.62000274658203,67.44000244140625,434077,0.0,0.0,0.012004847825405118
2021-04-09,67.63999938964844,68.27999877929688,67.13999938964844,67.83999633789062,555153,0.0,0.0,0.005931107384402834
2021-04-12,68.36000061035156,68.83999633789062,66.62000274658203,66.62000274658203,428777,0.0,0.0,-0.017983397069070817
2021-04-13,66.4800033569336,67.27999877929688,66.0999984741211,67.05999755859375,321860,0.0,0.0,0.006604545089639702
2021-04-14,67.5,67.62000274658203,65.58000183105469,65.63999938964844,364327,0.0,0.0,-0.0211750405702682
2021-04-15,65.80000305175781,66.18000030517578,65.44000244140625,65.9000015258789,319798,0.0,0.0,0.003961031972091522
2021-04-16,65.66000366210938,66.18000030517578,64.87999725341797,64.95999908447266,341322,0.0,0.0,-0.014264073135675237
2021-04-19,65.22000122070312,66.4800033569336,65.19999694824219,65.77999877929688,351558,0.0,0.0,0.012623148189363498
2021-04-20,65.86000061035156,66.0,64.44000244140625,64.94000244140625,409459,0.0,0.0,-0.012769783421689551
2021-04-21,65.0,65.0,63.70000076293945,64.44000244140625,384815,0.0,0.0,-0.007699414555013884
2021-04-22,64.54000091552734,65.0199966430664,64.22000122070312,64.72000122070312,371246,0.0,0.0,0.004345108142282728
2021-04-23,64.66000366210938,65.54000091552734,64.13999938964844,64.4800033569336,330533,0.0,0.0,-0.0037082487522073215
2021-04-26,64.19999694824219,64.94000244140625,63.84000015258789,64.83999633789062,273582,0.0,0.0,0.005583017404082069
2021-04-27,64.77999877929688,65.62000274658203,63.900001525878906,63.97999954223633,303527,0.0,0.0,-0.013263368973260414
2021-04-28,64.0,65.05999755859375,63.7599983215332,64.05999755859375,460700,0.0,0.0,0.001250359751950425
2021-04-29,64.4000015258789,64.68000030517578,63.34000015258789,63.36000061035156,342460,0.0,0.0,-0.010927208475178585
2021-04-30,63.5,63.7599983215332,62.459999084472656,62.459999084472656,496320,0.0,0.0,-0.014204569400396494
2021-05-03,62.63999938964844,63.41999816894531,62.2599983215332,62.720001220703125,202122,0.0,0.0,0.004162698367619733
2021-05-04,62.7599983215332,62.959999084472656,60.97999954223633,60.97999954223633,457442,0.0,0.0,-0.027742373160101974
2021-05-05,60.97999954223633,62.220001220703125,60.779998779296875,61.20000076293945,507523,0.0,0.0,0.003607760287875239
2021-05-06,60.97999954223633,61.040000915527344,59.779998779296875,60.880001068115234,466451,0.0,0.0,-0.0052287531182189095
2021-05-07,61.5,63.31999969482422,61.47999954223633,62.81999969482422,556322,0.0,0.0,0.031865942718010576
2021-05-10,62.70000076293945,63.31999969482422,61.900001525878906,62.900001525878906,535703,0.0,0.0,0.0012735089373341335
2021-05-11,62.400001525878906,62.599998474121094,60.47999954223633,61.63999938964844,526279,0.0,0.0,-0.02003182997876507
2021-05-12,59.900001525878906,60.459999084472656,54.02000045776367,54.81999969482422,2713428,0.0,0.0,-0.11064243611867297
2021-05-13,54.0,54.70000076293945,53.18000030517578,53.41999816894531,1376117,0.0,0.0,-0.02553815274849569
2021-05-14,53.36000061035156,54.459999084472656,51.939998626708984,54.400001525878906,988095,0.0,0.0,0.018345252536966505
2021-05-17,55.52000045776367,56.279998779296875,54.47999954223633,54.779998779296875,553858,0.0,0.0,0.006985243433075938
2021-05-18,56.58000183105469,58.47999954223633,56.400001525878906,57.540000915527344,864239,0.0,0.0,0.050383391707441216
2021-05-19,57.29999923706055,58.560001373291016,56.34000015258789,58.15999984741211,753553,0.0,0.0,0.010775094230446092
2021-05-20,58.34000015258789,59.13999938964844,57.86000061035156,58.52000045776367,611165,0.0,0.0,0.006189831693536041
2021-05-21,58.70000076293945,59.099998474121094,58.34000015258789,58.63999938964844,512802,0.0,0.0,0.002050562729769112
2021-05-24,58.599998474121094,59.20000076293945,58.15999984741211,58.400001525878906,279337,0.0,0.0,-0.0040927330536756346
2021-05-25,58.400001525878906,58.84000015258789,57.220001220703125,58.0,593817,0.0,0.0,-0.0068493410175966
2021-05-26,58.2599983215332,58.779998779296875,57.97999954223633,58.380001068115234,516063,0.0,0.0,0.0065517425537109375
2021-05-27,58.70000076293945,60.880001068115234,58.70000076293945,60.31999969482422,1304275,0.0,0.0,0.033230534279118595
2021-05-28,60.65999984741211,61.439998626708984,59.86000061035156,59.900001525878906,651946,0.0,0.0,-0.0069628344010311816
2021-05-31,60.20000076293945,60.7400016784668,59.959999084472656,59.959999084472656,243442,0.0,0.0,0.001001628665532328
2021-06-01,59.81999969482422,60.31999969482422,59.13999938964844,59.31999969482422,372298,0.0,0.0,-0.010673772505346402
2021-06-02,59.13999938964844,59.400001525878906,57.7400016784668,58.20000076293945,400462,0.0,0.0,-0.018880629427624362
2021-06-03,58.2400016784668,58.97999954223633,57.400001525878906,57.400001525878906,427934,0.0,0.0,-0.01374569117823743
2021-06-04,57.540000915527344,57.7599983215332,56.81999969482422,57.7599983215332,431347,0.0,0.0,0.006271721011923415
2021-06-07,57.79999923706055,58.20000076293945,56.779998779296875,57.81999969482422,334159,0.0,0.0,0.0010388049694358692
2021-06-08,57.900001525878906,58.02000045776367,57.34000015258789,57.560001373291016,242433,0.0,0.0,-0.004496684934373607
2021-06-09,57.7400016784668,58.18000030517578,57.400001525878906,58.13999938964844,237974,0.0,0.0,0.01007640727101422
2021-06-10,58.31999969482422,58.439998626708984,57.599998474121094,58.400001525878906,233304,0.0,0.0,0.004472001014103277
2021-06-11,58.7400016784668,59.70000076293945,58.439998626708984,59.439998626708984,354622,0.0,0.0,0.017808169069468693
2021-06-14,59.619998931884766,60.279998779296875,59.220001220703125,59.84000015258789,390758,0.0,0.0,0.006729500927329601
2021-06-15,59.84000015258789,59.91999816894531,59.0,59.2599983215332,359589,0.0,0.0,-0.009692543943444543
2021-06-16,59.0,60.02000045776367,58.63999938964844,59.68000030517578,408316,0.0,0.0,0.007087445081650712
2021-06-17,59.34000015258789,59.47999954223633,58.119998931884766,59.20000076293945,405618,0.0,0.0,-0.008042887730928872
2021-06-18,59.20000076293945,59.779998779296875,58.5,59.099998474121094,840527,0.0,0.0,-0.0016892278298915597
2021-06-21,58.7400016784668,58.91999816894531,57.459999084472656,57.97999954223633,316185,0.0,0.0,-0.018950913042327655
2021-06-22,57.880001068115234,58.47999954223633,57.599998474121094,58.36000061035156,236093,0.0,0.0,0.006554002606337095
2021-06-23,58.400001525878906,58.84000015258789,58.13999938964844,58.20000076293945,265264,0.0,0.0,-0.0027416011949754626
2021-06-24,58.41999816894531,58.70000076293945,57.900001525878906,58.08000183105469,253732,0.0,0.0,-0.0020618372905791826
2021-06-25,58.099998474121094,58.31999969482422,57.79999923706055,57.86000061035156,273778,0.0,0.0,-0.0037878996860756242
2021-06-28,57.900001525878906,58.65999984741211,57.70000076293945,58.560001373291016,330823,0.0,0.0,0.012098181050040013
2021-06-29,58.560001373291016,59.5,58.560001373291016,58.68000030517578,287009,0.0,0.0,0.0020491620401412725
2021-06-30,58.86000061035156,59.63999938964844,58.79999923706055,59.040000915527344,437838,0.0,0.0,0.006134979694603082
2021-07-01,59.15999984741211,60.439998626708984,58.900001525878906,60.099998474121094,468628,0.0,0.0,0.01795388790915431
2021-07-02,60.380001068115234,61.13999938964844,59.65999984741211,60.86000061035156,373984,0.0,0.0,0.012645626547856281
2021-07-05,60.84000015258789,60.880001068115234,60.02000045776367,60.47999954223633,146664,0.0,0.0,-0.0062438558051969295
2021-07-06,60.29999923706055,61.599998474121094,60.279998779296875,61.599998474121094,321791,0.0,0.0,0.01851850099804664
2021-07-07,61.619998931884766,62.08000183105469,61.040000915527344,61.47999954223633,406101,0.0,0.0,-0.0019480346567731788
2021-07-08,61.29999923706055,61.400001525878906,59.58000183105469,59.58000183105469,528734,0.0,0.0,-0.03090432214262384
2021-07-09,59.86000061035156,60.439998626708984,59.34000015258789,59.779998779296875,439733,0.0,0.0,0.003356779827051737
2021-07-12,60.0,60.86000061035156,59.7599983215332,59.900001525878906,290205,0.0,0.0,0.002007406307000359
2021-07-13,59.91999816894531,60.099998474121094,58.599998474121094,58.939998626708984,387013,0.0,0.0,-0.016026759177212524
2021-07-14,58.84000015258789,59.119998931884766,57.29999923706055,58.060001373291016,324054,0.0,0.0,-0.014930391481536187
2021-07-15,57.91999816894531,59.040000915527344,57.13999938964844,57.34000015258789,464883,0.0,0.0,-0.012400985250998309
2021-07-16,57.41999816894531,57.86000061035156,56.47999954223633,56.70000076293945,523903,0.0,0.0,-0.011161482175537696
2021-07-19,55.70000076293945,56.2400016784668,54.0,56.02000045776367,705257,0.0,0.0,-0.011992950547193737
2021-07-20,56.13999938964844,56.400001525878906,54.380001068115234,54.400001525878906,337241,0.0,0.0,-0.028918224181489705
2021-07-21,53.2400016784668,54.65999984741211,51.81999969482422,54.65999984741211,886993,0.0,0.0,0.004779380776478881
2021-07-22,55.0,57.02000045776367,55.0,56.720001220703125,575546,0.0,0.0,0.037687548098091384
2021-07-23,56.900001525878906,56.900001525878906,55.79999923706055,56.31999969482422,292520,0.0,0.0,-0.007052212927895818
2021-07-26,56.08000183105469,56.31999969482422,54.900001525878906,55.02000045776367,373539,0.0,0.0,-0.02308237294220039
2021-07-27,54.900001525878906,55.41999816894531,54.20000076293945,54.20000076293945,234204,0.0,0.0,-0.014903665721589632
2021-07-28,54.15999984741211,54.79999923706055,53.91999816894531,54.41999816894531,249546,0.0,0.0,0.0040589926735994375
2021-07-29,54.560001373291016,54.939998626708984,53.58000183105469,53.91999816894531,338279,0.0,0.0,-0.009187798912593914
2021-07-30,53.560001373291016,53.939998626708984,53.41999816894531,53.540000915527344,409929,0.0,0.0,-0.007047427046034782
2021-08-02,53.540000915527344,53.7599983215332,52.81999969482422,53.52000045776367,361407,0.0,0.0,-0.00037356102767405197
2021-08-03,53.34000015258789,53.34000015258789,50.70000076293945,50.84000015258789,536169,0.0,0.0,-0.050074743689338286
2021-08-04,51.560001373291016,52.5,50.84000015258789,51.619998931884766,550860,0.0,0.0,0.015342226139965387
2021-08-05,51.79999923706055,51.91999816894531,50.5,50.599998474121094,471167,0.0,0.0,-0.01975979230665259
2021-08-06,50.439998626708984,50.65999984741211,49.790000915527344,50.0,488332,0.0,0.0,-0.011857677711748504
2021-08-09,50.18000030517578,50.900001525878906,49.65999984741211,50.560001373291016,302790,0.0,0.0,0.011200027465820384
2021-08-10,50.619998931884766,50.7599983215332,50.0,50.119998931884766,267767,0.0,0.0,-0.008702579696500679
2021-08-11,50.2400016784668,51.18000030517578,50.2400016784668,50.900001525878906,325191,0.0,0.0,0.015562701728190298
2021-08-12,50.79999923706055,51.599998474121094,50.380001068115234,51.439998626708984,249402,0.0,0.0,0.010608980051906913
2021-08-13,51.52000045776367,51.70000076293945,51.279998779296875,51.52000045776367,210768,0.0,0.0,0.001555245590795007
2021-08-16,51.439998626708984,51.439998626708984,50.459999084472656,50.459999084472656,239884,0.0,0.0,-0.02057456063417562
2021-08-17,50.400001525878906,51.099998474121094,49.91999816894531,51.099998474121094,318136,0.0,0.0,0.012683301650026735
2021-08-18,51.47999954223633,52.08000183105469,51.08000183105469,51.2400016784668,221863,0.0,0.0,0.0027397888165614503
2021-08-19,51.099998474121094,51.68000030517578,50.63999938964844,51.68000030517578,312893,0.0,0.0,0.008587014291490336
2021-08-20,51.779998779296875,52.31999969482422,50.939998626708984,51.560001373291016,302874,0.0,0.0,-0.0023219607425727373
2021-08-23,51.779998779296875,52.040000915527344,51.41999816894531,51.7599983215332,289034,0.0,0.0,0.003878916658559106
2021-08-24,52.0,53.380001068115234,51.959999084472656,53.2400016784668,373540,0.0,0.0,0.02859357428375109
2021-08-25,53.380001068115234,54.36000061035156,52.540000915527344,52.86000061035156,345777,0.0,0.0,-0.0071375104458144545
2021-08-26,52.63999938964844,53.939998626708984,52.20000076293945,53.34000015258789,466717,0.0,0.0,0.009080581473590366
2021-08-27,53.5,53.97999954223633,53.099998474121094,53.7400016784668,317706,0.0,0.0,0.00749909120237402
2021-08-30,53.70000076293945,54.099998474121094,52.099998474121094,53.099998474121094,258763,0.0,0.0,-0.011909251662754361
2021-08-31,53.119998931884766,54.15999984741211,52.900001525878906,53.91999816894531,455658,0.0,0.0,0.015442555901839627
2021-09-01,54.119998931884766,55.63999938964844,53.939998626708984,55.540000915527344,375485,0.0,0.0,0.03004456234412589
2021-09-02,55.900001525878906,56.08000183105469,55.119998931884766,55.79999923706055,288729,0.0,0.0,0.004681280468983751
2021-09-03,56.13999938964844,56.41999816894531,55.20000076293945,55.540000915527344,286147,0.0,0.0,-0.004659468191542948
2021-09-06,55.779998779296875,56.0,55.29999923706055,55.68000030517578,137393,0.0,0.0,0.00252069476666672
2021-09-07,55.63999938964844,56.08000183105469,55.34000015258789,55.79999923706055,148092,0.0,0.0,0.0021551532188768263
2021-09-08,55.68000030517578,57.20000076293945,55.52000045776367,56.36000061035156,321404,0.0,0.0,0.01003586704207482
2021-09-09,55.97999954223633,56.41999816894531,54.900001525878906,55.439998626708984,460339,0.0,0.0,-0.016323668801976554
2021-09-10,56.0,56.2400016784668,55.459999084472656,56.220001220703125,453133,0.0,0.0,0.014069311206987622
2021-09-13,56.220001220703125,56.81999969482422,55.380001068115234,55.380001068115234,465742,0.0,0.0,-0.01494130441744923
2021-09-14,55.29999923706055,56.060001373291016,54.86000061035156,55.91999816894531,266616,0.0,0.0,0.00975076002916464
2021-09-15,55.97999954223633,56.41999816894531,55.439998626708984,55.79999923706055,380687,0.0,0.0,-0.002145903716273878
2021-09-16,55.720001220703125,55.900001525878906,54.880001068115234,55.52000045776367,390552,0.0,0.0,-0.005017899339161747
2021-09-17,55.84000015258789,56.84000015258789,55.7599983215332,55.91999816894531,686814,0.0,0.0,0.007204569666492189
2021-09-20,55.36000061035156,55.400001525878906,52.7599983215332,53.540000915527344,833847,0.0,0.0,-0.04256075342183541
2021-09-21,53.5,54.15999984741211,52.81999969482422,53.18000030517578,390823,0.0,0.0,-0.006723955999170639
2021-09-22,53.380001068115234,54.060001373291016,52.380001068115234,53.68000030517578,324014,0.0,0.0,0.009402030784707138
2021-09-23,54.13999938964844,55.2599983215332,53.939998626708984,54.779998779296875,325950,0.0,0.0,0.02049177473672681
2021-09-24,54.7400016784668,54.939998626708984,54.36000061035156,54.79999923706055,295922,0.0,0.0,0.00036510511517628963
2021-09-27,54.91999816894531,54.939998626708984,53.540000915527344,53.63999938964844,404614,0.0,0.0,-0.021167880721932875
2021-09-28,53.5,53.91999816894531,53.20000076293945,53.400001525878906,344089,0.0,0.0,-0.004474233156233853
2021-09-29,53.41999816894531,53.7599983215332,51.0,51.279998779296875,592920,0.0,0.0,-0.03970042483153535
2021-09-30,51.400001525878906,51.880001068115234,50.900001525878906,51.880001068115234,444469,0.0,0.0,0.011700512930990836
2021-10-01,51.720001220703125,52.47999954223633,50.720001220703125,52.34000015258789,458377,0.0,0.0,0.008866597436432366
2021-10-04,52.2400016784668,53.18000030517578,51.84000015258789,52.560001373291016,363008,0.0,0.0,0.004203309515891318
2021-10-05,52.540000915527344,53.20000076293945,52.02000045776367,53.060001373291016,420821,0.0,0.0,0.009512937346574768
2021-10-06,53.040000915527344,53.2400016784668,51.099998474121094,51.58000183105469,793788,0.0,0.0,-0.027892942026596312
2021-10-07,52.08000183105469,52.36000061035156,47.22999954223633,48.369998931884766,1337276,0.0,0.0,-0.06223347780568089
2021-10-08,48.369998931884766,49.29999923706055,47.5,48.65999984741211,1019780,0.0,0.0,0.005995470786255952
2021-10-11,48.79999923706055,49.20000076293945,46.849998474121094,47.5,562966,0.0,0.0,-0.02383887897759218
2021-10-12,46.91999816894531,48.08000183105469,46.470001220703125,47.400001525878906,419314,0.0,0.0,-0.0021052310341282965
2021-10-13,47.5,48.09000015258789,47.029998779296875,47.90999984741211,449537,0.0,0.0,0.010759457913830595
2021-10-14,47.709999084472656,47.810001373291016,45.2599983215332,45.849998474121094,993499,0.0,0.0,-0.042997315379918244
2021-10-15,46.0,46.2400016784668,45.5,45.880001068115234,418922,0.0,0.0,0.0006543641219765028
2021-10-18,45.91999816894531,46.040000915527344,45.380001068115234,45.75,342406,0.0,0.0,-0.002833501854592968
2021-10-19,45.93000030517578,46.90999984741211,45.75,46.16999816894531,573689,0.0,0.0,0.009180287845799162
2021-10-20,46.16999816894531,47.790000915527344,46.0,47.099998474121094,481047,0.0,0.0,0.020142957376188875
2021-10-21,46.95000076293945,48.08000183105469,46.650001525878906,47.720001220703125,463631,0.0,0.0,0.01316354069358816
2021-10-22,48.7400016784668,49.20000076293945,47.599998474121094,47.70000076293945,638518,0.0,0.0,-0.0004191210656339095
2021-10-25,47.88999938964844,48.22999954223633,46.43000030517578,46.43000030517578,397198,0.0,0.0,-0.026624747116364866
2021-10-26,46.0,46.16999816894531,45.189998626708984,45.189998626708984,676118,0.0,0.0,-0.026706906532769636
2021-10-27,45.0,45.0,43.650001525878906,44.54999923706055,703930,0.0,0.0,-0.014162412239379307
2021-10-28,44.310001373291016,45.33000183105469,43.540000915527344,43.540000915527344,693325,0.0,0.0,-0.02267111871672045
2021-10-29,47.0,48.5,44.959999084472656,45.22999954223633,1416475,0.0,0.0,0.03881485050925426
2021-11-01,45.290000915527344,45.93000030517578,44.47999954223633,45.119998931884766,370645,0.0,0.0,-0.002432027668911263
2021-11-02,45.22999954223633,47.279998779296875,45.22999954223633,47.15999984741211,911198,0.0,0.0,0.045212787318701375
2021-11-03,46.9900016784668,47.20000076293945,46.65999984741211,46.959999084472656,564643,0.0,0.0,-0.004240898294880502
2021-11-04,46.18000030517578,47.20000076293945,45.61000061035156,47.0,627690,0.0,0.0,0.0008518082688926398
2021-11-05,47.20000076293945,47.560001373291016,46.470001220703125,47.29999923706055,468885,0.0,0.0,0.006382962490649957
2021-11-08,47.02000045776367,47.5,46.650001525878906,47.27000045776367,377660,0.0,0.0,-0.0006342236740115581
2021-11-09,47.54999923706055,47.58000183105469,46.90999984741211,47.0,442059,0.0,0.0,-0.005711877621091266
2021-11-10,46.959999084472656,47.61000061035156,46.959999084472656,47.09000015258789,316892,0.0,0.0,0.0019148968635720465
2021-11-11,47.099998474121094,47.349998474121094,46.59000015258789,47.04999923706055,327106,0.0,0.0,-0.0008494566871464215
2021-11-12,46.79999923706055,47.290000915527344,45.72999954223633,45.97999954223633,533353,0.0,0.0,-0.022741757963332665
2021-11-15,45.849998474121094,47.689998626708984,45.849998474121094,46.810001373291016,402101,0.0,0.0,0.018051366666332003
2021-11-16,46.93000030517578,47.34000015258789,46.40999984741211,46.68000030517578,487294,0.0,0.0,-0.0027772070989386943
2021-11-17,46.720001220703125,46.970001220703125,46.08000183105469,46.209999084472656,399986,0.0,0.0,-0.01006857792695881
2021-11-18,46.5,46.720001220703125,44.84000015258789,44.84000015258789,573710,0.0,0.0,-0.029647239970301276
2021-11-19,44.68000030517578,45.560001373291016,44.38999938964844,45.560001373291016,567470,0.0,0.0,0.01605711905113738
2021-11-22,45.45000076293945,46.61000061035156,44.119998931884766,44.119998931884766,495736,0.0,0.0,-0.031606725153665916
2021-11-23,43.95000076293945,44.720001220703125,43.459999084472656,44.34000015258789,465092,0.0,0.0,0.004986428513807928
2021-11-24,44.36000061035156,44.36000061035156,43.29999923706055,44.189998626708984,431047,0.0,0.0,-0.003382984333845318
2021-11-25,44.29999923706055,44.70000076293945,43.86000061035156,44.5,190385,0.0,0.0,0.0070151930962869535
2021-11-26,43.65999984741211,46.029998779296875,43.599998474121094,44.95000076293945,544422,0.0,0.0,0.010112376695268654
2021-11-29,45.0099983215332,45.119998931884766,44.040000915527344,44.88999938964844,443510,0.0,0.0,-0.0013348469916041328
2021-11-30,44.79999923706055,46.439998626708984,44.77000045776367,45.310001373291016,895463,0.0,0.0,0.009356248370531839
2021-12-01,45.40999984741211,45.619998931884766,42.529998779296875,42.529998779296875,899806,0.0,0.0,-0.06135516463773216
2021-12-02,42.34000015258789,42.400001525878906,41.380001068115234,42.060001373291016,1012990,0.0,0.0,-0.011050962132513553
2021-12-03,42.16999816894531,42.20000076293945,40.7400016784668,41.22999954223633,550892,0.0,0.0,-0.019733756632299038
2021-12-06,41.22999954223633,41.33000183105469,39.650001525878906,40.75,559927,0.0,0.0,-0.011641997272995641
2021-12-07,40.9900016784668,42.2599983215332,40.959999084472656,42.22999954223633,454249,0.0,0.0,0.03631900717144365
2021-12-08,44.08000183105469,44.709999084472656,42.650001525878906,43.5,895338,0.0,0.0,0.030073418695955256
2021-12-09,43.59000015258789,44.119998931884766,43.08000183105469,43.61000061035156,541582,0.0,0.0,0.002528749663254226
2021-12-10,43.45000076293945,43.900001525878906,42.279998779296875,42.279998779296875,707394,0.0,0.0,-0.030497633855547046
2021-12-13,42.400001525878906,42.97999954223633,42.02000045776367,42.02000045776367,605389,0.0,0.0,-0.00614944013812313
2021-12-14,42.0,42.0,40.86000061035156,41.11000061035156,636804,0.0,0.0,-0.021656350249848133
2021-12-15,41.150001525878906,42.04999923706055,40.90999984741211,41.0,534136,0.0,0.0,-0.0026757628002531675
2021-12-16,41.70000076293945,41.779998779296875,40.099998474121094,40.380001068115234,1143507,0.0,0.0,-0.015121925167921102
2021-12-17,40.400001525878906,42.22999954223633,40.2599983215332,42.22999954223633,1190409,0.0,0.0,0.04581472078221127
2021-12-20,42.11000061035156,42.52000045776367,41.31999969482422,42.22999954223633,528694,0.0,0.0,0.0
2021-12-21,42.31999969482422,43.77000045776367,41.970001220703125,43.29999923706055,604569,0.0,0.0,0.025337430888533685
2021-12-22,43.45000076293945,44.290000915527344,43.11000061035156,43.40999984741211,419137,0.0,0.0,0.002540429845029113
2021-12-23,43.15999984741211,43.20000076293945,42.540000915527344,42.650001525878906,395212,0.0,0.0,-0.017507448150302363
2021-12-24,42.689998626708984,43.56999969482422,42.65999984741211,43.34000015258789,93699,0.0,0.0,0.016178161829380366
2021-12-27,43.29999923706055,43.52000045776367,42.779998779296875,42.959999084472656,254666,0.0,0.0,-0.008767906478480803
2021-12-28,42.70000076293945,42.970001220703125,42.34000015258789,42.72999954223633,215144,0.0,0.0,-0.005353806963172336
2021-12-29,42.720001220703125,42.90999984741211,41.97999954223633,42.20000076293945,251074,0.0,0.0,-0.012403435173758859
2021-12-30,42.06999969482422,43.029998779296875,41.81999969482422,42.91999816894531,376532,0.0,0.0,0.017061549596893988
2021-12-31,42.95000076293945,43.349998474121094,42.91999816894531,43.06999969482422,136599,0.0,0.0,0.003494909885328079
2022-01-03,43.060001373291016,43.220001220703125,42.540000915527344,42.880001068115234,240097,0.0,0.0,-0.004411391410616083
2022-01-04,42.97999954223633,43.2599983215332,41.540000915527344,41.59000015258789,422725,0.0,0.0,-0.030083975825424214
2022-01-05,41.5,42.15999984741211,41.119998931884766,41.33000183105469,594441,0.0,0.0,-0.006251462384691209
2022-01-06,41.04999923706055,41.75,40.439998626708984,41.43000030517578,370862,0.0,0.0,0.002419512937111845
2022-01-07,41.439998626708984,41.720001220703125,40.77000045776367,40.939998626708984,389427,0.0,0.0,-0.01182721879935833
2022-01-10,41.08000183105469,43.27000045776367,40.900001525878906,42.7599983215332,768638,0.0,0.0,0.044455294476655416
2022-01-11,42.97999954223633,44.83000183105469,42.97999954223633,44.70000076293945,816473,0.0,0.0,0.04536956308600448
2022-01-12,44.86000061035156,45.36000061035156,44.45000076293945,45.04999923706055,530677,0.0,0.0,0.007829943359000557
2022-01-13,44.900001525878906,46.25,44.72999954223633,46.029998779296875,696471,0.0,0.0,0.021753597310388617
2022-01-14,46.0,46.529998779296875,45.619998931884766,46.0099983215332,414717,0.0,0.0,-0.00043450919604781646
2022-01-17,46.040000915527344,46.970001220703125,45.06999969482422,45.09000015258789,514195,0.0,0.0,-0.01999561405145156
2022-01-18,45.0,50.880001068115234,43.97999954223633,50.439998626708984,1961131,0.0,0.0,0.1186515514751898
2022-01-19,49.97999954223633,53.08000183105469,49.400001525878906,52.0,1572056,0.0,0.0,0.030927863119825094
2022-01-20,52.900001525878906,54.560001373291016,52.0,53.439998626708984,812085,0.0,0.0,0.02769228128286505
2022-01-21,53.0,53.63999938964844,51.7400016784668,52.2599983215332,718199,0.0,0.0,-0.022080844601407357
2022-01-24,52.20000076293945,53.08000183105469,49.79999923706055,49.81999969482422,954329,0.0,0.0,-0.04668960400068756
2022-01-25,50.060001373291016,50.880001068115234,47.529998779296875,47.529998779296875,935781,0.0,0.0,-0.04596549437083297
2022-01-26,47.650001525878906,49.779998779296875,47.650001525878906,48.540000915527344,489118,0.0,0.0,0.021249782498845793
2022-01-27,48.2400016784668,49.29999923706055,47.29999923706055,48.880001068115234,492930,0.0,0.0,0.00700453535589296
2022-01-28,49.06999969482422,49.4900016784668,48.380001068115234,48.790000915527344,525891,0.0,0.0,-0.0018412469439694767
2022-01-31,49.06999969482422,50.959999084472656,48.779998779296875,50.7400016784668,546615,0.0,0.0,0.03996722128199148
2022-02-01,51.79999923706055,52.68000030517578,51.34000015258789,52.279998779296875,909136,0.0,0.0,0.03035074989923836
2022-02-02,52.119998931884766,52.13999938964844,51.060001373291016,51.619998931884766,634451,0.0,0.0,-0.012624327904029564
2022-02-03,51.5,52.040000915527344,50.5,50.86000061035156,482916,0.0,0.0,-0.0147229433796785
2022-02-04,51.20000076293945,51.81999969482422,49.560001373291016,50.7599983215332,373622,0.0,0.0,-0.0019662266539179907
2022-02-07,50.97999954223633,51.02000045776367,49.75,50.560001373291016,361098,0.0,0.0,-0.00394005033206124
2022-02-08,50.540000915527344,50.900001525878906,49.310001373291016,50.439998626708984,392139,0.0,0.0,-0.002373471980272268
2022-02-09,50.63999938964844,51.900001525878906,47.939998626708984,49.75,1013421,0.0,0.0,-0.013679592495936643
2022-02-10,50.060001373291016,51.18000030517578,49.84000015258789,50.7400016784668,469044,0.0,0.0,0.019899531225463285
2022-02-11,50.41999816894531,50.939998626708984,49.459999084472656,50.400001525878906,444213,0.0,0.0,-0.006700830534898894
2022-02-14,49.56999969482422,51.5,48.970001220703125,50.439998626708984,586560,0.0,0.0,0.0007935932464118167
2022-02-15,50.29999923706055,50.81999969482422,48.47999954223633,48.4900016784668,712366,0.0,0.0,-0.038659734364259624
2022-02-16,48.72999954223633,48.880001068115234,45.529998779296875,45.65999984741211,946154,0.0,0.0,-0.05836258472045841
2022-02-17,45.709999084472656,46.11000061035156,43.77000045776367,44.08000183105469,663295,0.0,0.0,-0.03460354843708946
2022-02-18,43.790000915527344,46.939998626708984,43.25,45.63999938964844,1206700,0.0,0.0,0.035390142781135836
2022-02-21,45.599998474121094,45.77000045776367,44.720001220703125,44.9900016784668,479909,0.0,0.0,-0.014241843117313135
2022-02-22,44.22999954223633,47.7400016784668,44.040000915527344,47.290000915527344,662550,0.0,0.0,0.05112245279513683
2022-02-23,47.22999954223633,48.209999084472656,46.540000915527344,46.540000915527344,475059,0.0,0.0,-0.015859589458238732
2022-02-24,44.75,46.18000030517578,44.38999938964844,45.5,873534,0.0,0.0,-0.02234638794732735
2022-02-25,45.869998931884766,46.70000076293945,45.400001525878906,46.540000915527344,503749,0.0,0.0,0.022857162978622947
2022-02-28,45.880001068115234,48.720001220703125,45.599998474121094,48.349998474121094,944906,0.0,0.0,0.0388912230981473
2022-03-01,48.400001525878906,48.66999816894531,47.189998626708984,47.31999969482422,745369,0.0,0.0,-0.021302974390954188
2022-03-02,47.13999938964844,48.18000030517578,46.18000030517578,47.33000183105469,594060,0.0,0.0,0.00021137228011358644
2022-03-03,47.38999938964844,47.4900016784668,43.90999984741211,44.130001068115234,618136,0.0,0.0,-0.06761040860217826
2022-03-04,43.869998931884766,44.52000045776367,41.5099983215332,41.779998779296875,716804,0.0,0.0,-0.05325180675140029
2022-03-07,40.5,41.83000183105469,39.77000045776367,41.04999923706055,700658,0.0,0.0,-0.017472464422331746
2022-03-08,41.0,41.810001373291016,39.25,39.599998474121094,696950,0.0,0.0,-0.03532279634320601
2022-03-09,40.779998779296875,41.9900016784668,40.060001373291016,41.9900016784668,627433,0.0,0.0,0.06035361859691957
2022-03-10,42.119998931884766,42.16999816894531,40.61000061035156,40.709999084472656,432625,0.0,0.0,-0.03048350899806107
2022-03-11,41.0,42.81999969482422,40.90999984741211,41.16999816894531,745187,0.0,0.0,0.011299412793357444
2022-03-14,41.58000183105469,41.59000015258789,40.38999938964844,40.41999816894531,477588,0.0,0.0,-0.01821714921925177
2022-03-15,40.189998626708984,40.279998779296875,37.709999084472656,37.79999923706055,910322,0.0,0.0,-0.06481937284939587
2022-03-16,38.349998474121094,39.84000015258789,37.900001525878906,39.84000015258789,1004791,0.0,0.0,0.053968279277827325
2022-03-17,40.06999969482422,40.22999954223633,38.290000915527344,38.79999923706055,442913,0.0,0.0,-0.026104440550806296
2022-03-18,38.79999923706055,39.79999923706055,37.970001220703125,39.7400016784668,1065417,0.0,0.0,0.024226867522935125
2022-03-21,39.7400016784668,39.900001525878906,38.939998626708984,39.709999084472656,467581,0.0,0.0,-0.0007549721370645468
2022-03-22,39.79999923706055,42.25,39.400001525878906,41.900001525878906,839575,0.0,0.0,0.055149899065663366
2022-03-23,42.20000076293945,42.45000076293945,41.380001068115234,41.58000183105469,512450,0.0,0.0,-0.007637223942022375
2022-03-24,41.65999984741211,41.65999984741211,39.45000076293945,39.7599983215332,570151,0.0,0.0,-0.04377112624757473
2022-03-25,40.150001525878906,40.959999084472656,39.560001373291016,39.90999984741211,392897,0.0,0.0,0.0037726743513886163
2022-03-28,39.86000061035156,40.20000076293945,39.43000030517578,39.5,478275,0.0,0.0,-0.010273110723619694
2022-03-29,39.81999969482422,40.959999084472656,39.81999969482422,40.959999084472656,621108,0.0,0.0,0.03696200213854817
2022-03-30,41.06999969482422,41.150001525878906,40.18000030517578,40.63999938964844,488933,0.0,0.0,-0.007812492724042275
2022-03-31,41.130001068115234,42.0,39.95000076293945,39.95000076293945,660006,0.0,0.0,-0.016978312920071903
2022-04-01,40.470001220703125,40.61000061035156,39.63999938964844,40.279998779296875,567527,0.0,0.0,0.008260275595878053
2022-04-04,40.470001220703125,42.040000915527344,40.41999816894531,41.83000183105469,333145,0.0,0.0,0.038480712480917
2022-04-05,42.43000030517578,42.9900016784668,42.20000076293945,42.4900016784668,464695,0.0,0.0,0.015778145314880865
2022-04-06,42.25,42.560001373291016,39.880001068115234,39.939998626708984,470524,0.0,0.0,-0.06001419042188716
2022-04-07,40.04999923706055,40.779998779296875,39.560001373291016,39.619998931884766,316018,0.0,0.0,-0.008012010661668567
2022-04-08,40.0,40.20000076293945,39.11000061035156,39.290000915527344,337064,0.0,0.0,-0.008329076861530393
2022-04-11,39.0,40.18000030517578,38.36000061035156,39.290000915527344,544575,0.0,0.0,0.0
2022-04-12,39.04999923706055,39.869998931884766,38.779998779296875,39.31999969482422,327630,0.0,0.0,0.000763521980092996
2022-04-13,39.31999969482422,39.36000061035156,37.77000045776367,37.77000045776367,535752,0.0,0.0,-0.03942012332376943
2022-04-14,37.90999984741211,38.08000183105469,36.459999084472656,37.2400016784668,525401,0.0,0.0,-0.014032268278353466
2022-04-19,36.939998626708984,36.939998626708984,35.58000183105469,36.630001068115234,694153,0.0,0.0,-0.016380251956440772
2022-04-20,36.70000076293945,36.83000183105469,34.93000030517578,35.09000015258789,714324,0.0,0.0,-0.04204206581003478
2022-04-21,35.209999084472656,35.279998779296875,34.08000183105469,34.560001373291016,800661,0.0,0.0,-0.015103983385357345
2022-04-22,34.20000076293945,39.58000183105469,33.84000015258789,38.43000030517578,2629012,0.0,0.0,0.11197913131090376
2022-04-25,38.38999938964844,45.18000030517578,37.779998779296875,42.08000183105469,2936334,0.0,0.0,0.09497792081431022
2022-04-26,42.45000076293945,43.18000030517578,40.349998474121094,40.349998474121094,930155,0.0,0.0,-0.04111224528647395
2022-04-27,40.75,42.029998779296875,40.04999923706055,40.25,667697,0.0,0.0,-0.0024782770236094764
2022-04-28,40.380001068115234,41.650001525878906,39.88999938964844,41.27000045776367,471191,0.0,0.0,0.02534162627984271
2022-04-29,41.68000030517578,43.15999984741211,41.060001373291016,43.150001525878906,786252,0.0,0.0,0.045553696323295645
2022-05-02,42.79999923706055,43.439998626708984,39.619998931884766,42.77000045776367,553420,0.0,0.0,-0.008806513434010732
2022-05-03,43.0,43.060001373291016,42.16999816894531,42.790000915527344,372646,0.0,0.0,0.00046762818680412543
2022-05-04,42.959999084472656,47.25,42.279998779296875,46.61000061035156,1204844,0.0,0.0,0.08927318562963715
2022-05-05,47.0,48.45000076293945,46.43000030517578,47.58000183105469,1107935,0.0,0.0,0.020811010684425924
2022-05-06,47.41999816894531,50.08000183105469,46.810001373291016,49.5,1132174,0.0,0.0,0.04035304949677743
2022-05-09,48.97999954223633,49.130001068115234,44.0099983215332,44.0099983215332,1046688,0.0,0.0,-0.11090912481751103
2022-05-10,44.5,45.5,42.790000915527344,43.849998474121094,718300,0.0,0.0,-0.0036355340494031996
2022-05-11,44.13999938964844,44.380001068115234,40.150001525878906,41.61000061035156,1128356,0.0,0.0,-0.051083191373233694
2022-05-12,39.54999923706055,42.599998474121094,38.5,42.290000915527344,1499446,0.0,0.0,0.016342232521059152
2022-05-13,42.599998474121094,44.70000076293945,42.11000061035156,43.65999984741211,565452,0.0,0.0,0.03239533937635253
2022-05-16,44.0,45.619998931884766,43.459999084472656,44.189998626708984,538252,0.0,0.0,0.012139229985093314
2022-05-17,44.189998626708984,45.880001068115234,43.939998626708984,45.22999954223633,558081,0.0,0.0,0.023534757815057983
2022-05-18,45.310001373291016,46.279998779296875,44.70000076293945,45.61000061035156,471998,0.0,0.0,0.008401527127153363
2022-05-19,45.20000076293945,48.709999084472656,45.0,47.93000030517578,796220,0.0,0.0,0.05086603077785701
2022-05-20,47.779998779296875,50.2400016784668,46.900001525878906,47.75,949689,0.0,0.0,-0.0037554830801105332
2022-05-23,48.45000076293945,49.2599983215332,47.41999816894531,48.40999984741211,499309,0.0,0.0,0.013821986333237835
2022-05-24,47.650001525878906,48.08000183105469,46.290000915527344,46.849998474121094,400422,0.0,0.0,-0.03222477542260127
2022-05-25,47.20000076293945,48.5099983215332,46.790000915527344,48.04999923706055,308003,0.0,0.0,0.025613677737947205
2022-05-26,48.040000915527344,49.400001525878906,48.040000915527344,48.470001220703125,322850,0.0,0.0,0.008740936322817472
2022-05-27,48.65999984741211,49.34000015258789,48.029998779296875,48.43000030517578,333828,0.0,0.0,-0.000825271601401556
2022-05-30,47.9900016784668,48.84000015258789,47.68000030517578,48.720001220703125,264182,0.0,0.0,0.005988042818499739
2022-05-31,48.5,49.02000045776367,47.70000076293945,48.75,627610,0.0,0.0,0.0006157384758875839
2022-06-01,48.86000061035156,49.06999969482422,48.439998626708984,48.439998626708984,301880,0.0,0.0,-0.00635900252904642
2022-06-02,48.290000915527344,48.720001220703125,47.34000015258789,47.93000030517578,271660,0.0,0.0,-0.01052845450024431
2022-06-03,48.130001068115234,48.25,46.439998626708984,46.959999084472656,271810,0.0,0.0,-0.020237872199603935
2022-06-06,46.959999084472656,48.560001373291016,46.959999084472656,47.77000045776367,223211,0.0,0.0,0.017248751896991488
2022-06-07,47.349998474121094,48.060001373291016,46.560001373291016,47.84000015258789,327879,0.0,0.0,0.001465348422722057
2022-06-08,48.0,48.43000030517578,47.11000061035156,47.810001373291016,380638,0.0,0.0,-0.0006270647826336351
2022-06-09,47.400001525878906,47.97999954223633,46.54999923706055,46.630001068115234,446219,0.0,0.0,-0.02468103474757455
2022-06-10,46.56999969482422,47.279998779296875,45.22999954223633,45.45000076293945,577679,0.0,0.0,-0.025305603219954564
2022-06-13,44.779998779296875,45.099998474121094,43.939998626708984,44.5099983215332,427788,0.0,0.0,-0.020682121575952506
2022-06-14,44.779998779296875,45.86000061035156,43.81999969482422,44.060001373291016,466258,0.0,0.0,-0.010110019438587248
2022-06-15,44.400001525878906,45.380001068115234,44.130001068115234,44.130001068115234,384723,0.0,0.0,0.0015887356478081482
2022-06-16,43.810001373291016,44.099998474121094,41.709999084472656,42.4900016784668,435337,0.0,0.0,-0.03716291298332575
2022-06-17,42.529998779296875,43.0099983215332,42.2599983215332,42.529998779296875,607405,0.0,0.0,0.0009413297069920112
2022-06-20,42.54999923706055,43.84000015258789,42.369998931884766,43.29999923706055,201010,0.0,0.0,0.018104878435559746
2022-06-21,43.2400016784668,44.189998626708984,43.029998779296875,43.27000045776367,263475,0.0,0.0,-0.000692812467100401
2022-06-22,42.790000915527344,43.22999954223633,41.4900016784668,43.040000915527344,238676,0.0,0.0,-0.005315450422997636
2022-06-23,44.0099983215332,44.11000061035156,42.7599983215332,43.81999969482422,299886,0.0,0.0,0.0181226478323675
2022-06-24,43.79999923706055,45.189998626708984,43.22999954223633,44.97999954223633,388455,0.0,0.0,0.02647192732749204
2022-06-27,45.560001373291016,46.0,43.880001068115234,44.220001220703125,358271,0.0,0.0,-0.01689636125539673
2022-06-28,44.06999969482422,44.900001525878906,43.84000015258789,44.04999923706055,226522,0.0,0.0,-0.0038444590445416704
2022-06-29,43.58000183105469,43.970001220703125,42.560001373291016,43.04999923706055,410141,0.0,0.0,-0.022701475989099884
2022-06-30,42.52000045776367,42.79999923706055,41.40999984741211,41.900001525878906,436633,0.0,0.0,-0.026713071581001113
2022-07-01,41.41999816894531,42.33000183105469,40.75,42.33000183105469,438415,0.0,0.0,0.010262536742634776
2022-07-04,42.5,42.619998931884766,41.81999969482422,42.31999969482422,193678,0.0,0.0,-0.00023628952983245632
2022-07-05,42.79999923706055,43.47999954223633,41.7599983215332,42.72999954223633,404508,0.0,0.0,0.009688087201528361
2022-07-06,43.41999816894531,44.459999084472656,42.47999954223633,42.5,360037,0.0,0.0,-0.0053826244956775016
2022-07-07,42.58000183105469,43.25,42.0,43.209999084472656,254299,0.0,0.0,0.016705860811121243
2022-07-08,41.70000076293945,42.02000045776367,40.060001373291016,41.939998626708984,764333,0.0,0.0,-0.029391355812827147
2022-07-11,41.58000183105469,42.040000915527344,41.099998474121094,41.47999954223633,366907,0.0,0.0,-0.010968028124343165
2022-07-12,41.2400016784668,41.2400016784668,40.470001220703125,40.86000061035156,323133,0.0,0.0,-0.01494693680633874
2022-07-13,40.83000183105469,40.880001068115234,39.439998626708984,40.779998779296875,423651,0.0,0.0,-0.0019579498252484395
2022-07-14,40.709999084472656,41.150001525878906,38.83000183105469,39.95000076293945,471048,0.0,0.0,-0.02035306623841282
2022-07-15,40.040000915527344,40.38999938964844,39.2400016784668,39.58000183105469,561324,0.0,0.0,-0.009261550058041634
2022-07-18,39.619998931884766,41.099998474121094,39.54999923706055,40.810001373291016,348055,0.0,0.0,0.031076288159018306
2022-07-19,40.54999923706055,40.86000061035156,39.959999084472656,40.72999954223633,479277,0.0,0.0,-0.001960348648923249
2022-07-20,40.939998626708984,42.4900016784668,40.84000015258789,41.72999954223633,585008,0.0,0.0,0.02455192760223368
2022-07-21,41.86000061035156,42.04999923706055,40.7400016784668,41.65999984741211,440981,0.0,0.0,-0.0016774429808792402
2022-07-22,41.5,42.08000183105469,39.81999969482422,41.099998474121094,858417,0.0,0.0,-0.013442183757612303
2022-07-25,41.13999938964844,41.84000015258789,40.790000915527344,40.869998931884766,527618,0.0,0.0,-0.005596096125919492
2022-07-26,40.77000045776367,41.0,39.79999923706055,39.869998931884766,426873,0.0,0.0,-0.02446782544982773
2022-07-27,39.79999923706055,40.619998931884766,39.470001220703125,40.619998931884766,533544,0.0,0.0,0.018811136696575304
2022-07-28,40.70000076293945,41.2400016784668,39.97999954223633,41.040000915527344,380572,0.0,0.0,0.010339783227145682
2022-07-29,41.04999923706055,42.959999084472656,41.04999923706055,41.5099983215332,799365,0.0,0.0,0.011452178253437584
2022-08-01,41.439998626708984,42.13999938964844,41.06999969482422,41.88999938964844,319832,0.0,0.0,0.009154446723215415
2022-08-02,41.869998931884766,42.15999984741211,40.2599983215332,40.2599983215332,393451,0.0,0.0,-0.03891146077500374
2022-08-03,40.2599983215332,42.08000183105469,40.18000030517578,42.08000183105469,634621,0.0,0.0,0.0452062490163605
2022-08-04,42.2400016784668,50.91999816894531,41.869998931884766,46.689998626708984,2784524,0.0,0.0,0.10955315102320551
2022-08-05,47.130001068115234,48.2400016784668,45.880001068115234,46.45000076293945,1056769,0.0,0.0,-0.005140241397056711
2022-08-08,46.79999923706055,47.08000183105469,45.369998931884766,46.27000045776367,654129,0.0,0.0,-0.003875141059618614
2022-08-09,46.310001373291016,46.560001373291016,44.470001220703125,44.90999984741211,446044,0.0,0.0,-0.02939270795108384
2022-08-10,44.54999923706055,45.349998474121094,44.06999969482422,45.189998626708984,377253,0.0,0.0,0.006234664445518012
2022-08-11,45.52000045776367,46.540000915527344,45.13999938964844,46.0099983215332,355515,0.0,0.0,0.018145601233534148
2022-08-12,46.099998474121094,46.16999816894531,45.040000915527344,45.66999816894531,394252,0.0,0.0,-0.007389701477749644
2022-08-15,45.66999816894531,45.9900016784668,45.369998931884766,45.86000061035156,268029,0.0,0.0,0.004160333895862678
2022-08-16,46.060001373291016,46.15999984741211,44.720001220703125,45.27000045776367,376020,0.0,0.0,-0.012865245197025033
2022-08-17,45.34000015258789,45.68000030517578,44.41999816894531,45.58000183105469,418691,0.0,0.0,0.00684783234275077
2022-08-18,45.58000183105469,45.689998626708984,45.099998474121094,45.38999938964844,286406,0.0,0.0,-0.004168548349570256
2022-08-19,45.2599983215332,45.349998474121094,43.66999816894531,43.9900016784668,361205,0.0,0.0,-0.030843748182576958
2022-08-22,43.70000076293945,43.790000915527344,42.59000015258789,42.619998931884766,414619,0.0,0.0,-0.031143502939502077
2022-08-23,42.119998931884766,43.0,41.72999954223633,41.869998931884766,392082,0.0,0.0,-0.017597372566776626
2022-08-24,41.7599983215332,42.220001220703125,41.119998931884766,42.119998931884766,316684,0.0,0.0,0.005970862344818917
2022-08-25,42.310001373291016,43.81999969482422,41.810001373291016,43.040000915527344,396120,0.0,0.0,0.021842402824614915
2022-08-26,43.029998779296875,47.099998474121094,42.790000915527344,44.5,1167797,0.0,0.0,0.033921911092384294
2022-08-29,44.060001373291016,44.9900016784668,43.599998474121094,44.33000183105469,465438,0.0,0.0,-0.0038201835718048027
2022-08-30,44.529998779296875,45.97999954223633,44.5,45.540000915527344,364889,0.0,0.0,0.027295263579822704
2022-08-31,45.86000061035156,46.56999969482422,45.2400016784668,46.0099983215332,546829,0.0,0.0,0.010320540108851972
2022-09-01,45.54999923706055,45.54999923706055,43.72999954223633,43.88999938964844,501587,0.0,0.0,-0.04607691826175486
2022-09-02,44.2400016784668,44.91999816894531,43.52000045776367,44.91999816894531,381392,0.0,0.0,0.023467732823432286
2022-09-05,44.099998474121094,44.22999954223633,42.900001525878906,43.279998779296875,301084,0.0,0.0,-0.03650933785616728
2022-09-06,43.59000015258789,44.150001525878906,43.0099983215332,43.5,363459,0.0,0.0,0.005083207645753429
2022-09-07,42.5,43.93000030517578,36.0,36.0,3290587,0.0,0.0,-0.1724137931034483
2022-09-08,36.65999984741211,36.849998474121094,34.86000061035156,36.2400016784668,2565225,0.0,0.0,0.006666713290744308
2022-09-09,36.310001373291016,37.18000030517578,36.310001373291016,36.5099983215332,641032,0.0,0.0,0.007450238150149779
2022-09-12,37.150001525878906,37.880001068115234,35.880001068115234,37.560001373291016,704044,0.0,0.0,0.028759328951777352
2022-09-13,38.02000045776367,38.380001068115234,35.810001373291016,35.810001373291016,706711,0.0,0.0,-0.04659211757229664
2022-09-14,35.70000076293945,36.209999084472656,35.279998779296875,35.45000076293945,562384,0.0,0.0,-0.010053074463718725
2022-09-15,35.45000076293945,35.45000076293945,34.27000045776367,34.59000015258789,608982,0.0,0.0,-0.024259537146488097
2022-09-16,34.439998626708984,34.91999816894531,33.88999938964844,34.220001220703125,797613,0.0,0.0,-0.01069670223337893
2022-09-19,33.75,34.029998779296875,33.31999969482422,33.720001220703125,296897,0.0,0.0,-0.01461133787737856
2022-09-20,33.7599983215332,34.2599983215332,33.06999969482422,33.2400016784668,551361,0.0,0.0,-0.014234861354086248
2022-09-21,33.2400016784668,33.54999923706055,32.43000030517578,32.72999954223633,525209,0.0,0.0,-0.015343023780918008
2022-09-22,31.530000686645508,32.13999938964844,30.520000457763672,30.520000457763672,890130,0.0,0.0,-0.06752212390411949
2022-09-23,30.670000076293945,31.200000762939453,29.540000915527344,30.65999984741211,877969,0.0,0.0,0.004587135896088279
2022-09-26,30.530000686645508,31.260000228881836,30.139999389648438,30.770000457763672,503227,0.0,0.0,0.0035877563894002318
2022-09-27,31.139999389648438,31.920000076293945,30.920000076293945,31.469999313354492,498348,0.0,0.0,0.02274939373340823
2022-09-28,31.190000534057617,31.81999969482422,30.3700008392334,31.270000457763672,925206,0.0,0.0,-0.0063552227503846925
2022-09-29,30.899999618530273,31.0,28.360000610351562,28.360000610351562,858330,0.0,0.0,-0.09306043507554917
2022-09-30,28.280000686645508,28.84000015258789,28.18000030517578,28.31999969482422,960918,0.0,0.0,-0.001410469487533872
2022-10-03,28.0,29.110000610351562,27.770000457763672,28.75,575328,0.0,0.0,0.015183626758808577
2022-10-04,29.31999969482422,29.84000015258789,29.139999389648438,29.5,1085430,0.0,0.0,0.026086956521739202
2022-10-05,29.450000762939453,29.450000762939453,27.93000030517578,28.280000686645508,788863,0.0,0.0,-0.041355908927270923
2022-10-06,28.799999237060547,29.579999923706055,28.520000457763672,28.860000610351562,849621,0.0,0.0,0.020509190580746406
2022-10-07,28.399999618530273,28.549999237060547,27.799999237060547,28.209999084472656,609107,0.0,0.0,-0.022522574917956284
2022-10-10,27.940000534057617,28.81999969482422,27.850000381469727,28.34000015258789,667785,0.0,0.0,0.0046083329434345455
2022-10-11,27.93000030517578,28.079999923706055,27.329999923706055,27.540000915527344,487946,0.0,0.0,-0.028228625008934416
2022-10-12,27.450000762939453,27.450000762939453,26.1200008392334,26.420000076293945,572695,0.0,0.0,-0.040668148220791456
2022-10-13,26.360000610351562,26.739999771118164,25.459999084472656,26.469999313354492,531777,0.0,0.0,0.0018924767947070542
2022-10-14,26.90999984741211,27.059999465942383,26.459999084472656,26.510000228881836,383788,0.0,0.0,0.0015111793186621814
2022-10-17,26.399999618530273,27.1200008392334,26.3700008392334,27.1200008392334,473904,0.0,0.0,0.02301020766069195
2022-10-18,27.200000762939453,27.559999465942383,27.049999237060547,27.149999618530273,856692,0.0,0.0,0.0011061496448583341
2022-10-19,27.260000228881836,27.260000228881836,26.579999923706055,26.579999923706055,429126,0.0,0.0,-0.02099446419274298
2022-10-20,26.450000762939453,27.149999618530273,26.200000762939453,27.149999618530273,770050,0.0,0.0,0.021444683839741074
2022-10-21,26.940000534057617,27.399999618530273,26.43000030517578,26.709999084472656,496608,0.0,0.0,-0.016206281408464918
2022-10-24,26.940000534057617,27.079999923706055,26.40999984741211,27.079999923706055,532267,0.0,0.0,0.013852521599242218
2022-10-25,27.09000015258789,27.309999465942383,26.760000228881836,27.25,398727,0.0,0.0,0.006277698551436339
2022-10-26,27.110000610351562,27.209999084472656,26.219999313354492,26.81999969482422,576187,0.0,0.0,-0.015779827712872674
2022-10-27,26.760000228881836,26.850000381469727,26.06999969482422,26.260000228881836,716677,0.0,0.0,-0.020879920667950413
2022-10-28,27.5,27.81999969482422,25.59000015258789,25.959999084472656,879664,0.0,0.0,-0.011424262825376008
2022-10-31,26.149999618530273,27.770000457763672,25.90999984741211,27.770000457763672,931551,0.0,0.0,0.06972270559029514
2022-11-01,28.0,28.579999923706055,27.639999389648438,27.940000534057617,471965,0.0,0.0,0.006121716726382731
2022-11-02,27.959999084472656,28.229999542236328,27.40999984741211,28.0,553614,0.0,0.0,0.002147439684879293
2022-11-03,27.690000534057617,27.690000534057617,27.079999923706055,27.540000915527344,422927,0.0,0.0,-0.016428538731166342
2022-11-04,27.760000228881836,28.360000610351562,27.59000015258789,27.790000915527344,386238,0.0,0.0,0.009077704854361324
2022-11-07,27.68000030517578,27.969999313354492,27.290000915527344,27.68000030517578,345489,0.0,0.0,-0.003958280198907871
2022-11-08,26.950000762939453,27.600000381469727,26.049999237060547,27.06999969482422,1557128,0.0,0.0,-0.022037594061640964
2022-11-09,27.110000610351562,27.139999389648438,23.81999969482422,25.8799991607666,1245331,0.0,0.0,-0.04396012365988855
2022-11-10,25.81999969482422,26.770000457763672,24.68000030517578,26.770000457763672,791461,0.0,0.0,0.03438954118461823
2022-11-11,27.049999237060547,27.760000228881836,26.790000915527344,27.65999984741211,664107,0.0,0.0,0.03324614771869849
2022-11-14,27.84000015258789,28.059999465942383,27.209999084472656,27.709999084472656,443932,0.0,0.0,0.0018076369246700086
2022-11-15,27.739999771118164,27.969999313354492,27.290000915527344,27.690000534057617,387436,0.0,0.0,-0.0007217088082202006
2022-11-16,27.670000076293945,28.350000381469727,26.40999984741211,26.610000610351562,798099,0.0,0.0,-0.039003246763310684
2022-11-17,26.6200008392334,26.84000015258789,25.8799991607666,26.170000076293945,584376,0.0,0.0,-0.016535156857022115
2022-11-18,26.09000015258789,26.260000228881836,25.809999465942383,25.920000076293945,459520,0.0,0.0,-0.009552923166647687
2022-11-21,25.799999237060547,25.8799991607666,24.899999618530273,25.040000915527344,547728,0.0,0.0,-0.0339505848061874
2022-11-22,24.950000762939453,25.420000076293945,24.639999389648438,25.420000076293945,556271,0.0,0.0,0.015175684779267007
2022-11-23,25.5,25.899999618530273,25.18000030517578,25.850000381469727,455157,0.0,0.0,0.016915826274005008
2022-11-24,26.0,26.969999313354492,25.75,26.790000915527344,583109,0.0,0.0,0.03636365648688522
2022-11-25,26.899999618530273,26.90999984741211,26.229999542236328,26.709999084472656,372549,0.0,0.0,-0.002986257122832625
2022-11-28,26.510000228881836,26.850000381469727,26.219999313354492,26.3700008392334,456370,0.0,0.0,-0.012729249602891568
2022-11-29,26.579999923706055,26.90999984741211,26.149999618530273,26.200000762939453,604043,0.0,0.0,-0.006446722445340947
2022-11-30,26.350000381469727,26.579999923706055,26.049999237060547,26.579999923706055,838559,0.0,0.0,0.014503784339736425
2022-12-01,27.0,27.84000015258789,26.989999771118164,27.549999237060547,754638,0.0,0.0,0.036493578485279565
2022-12-02,27.540000915527344,28.649999618530273,27.229999542236328,28.399999618530273,744972,0.0,0.0,0.03085300925621426
2022-12-05,28.450000762939453,28.780000686645508,27.989999771118164,28.329999923706055,541021,0.0,0.0,-0.0024647780198752134
2022-12-06,27.549999237060547,27.81999969482422,27.209999084472656,27.479999542236328,684457,0.0,0.0,-0.03000354337306088
2022-12-07,27.600000381469727,28.469999313354492,27.440000534057617,28.139999389648438,612081,0.0,0.0,0.024017462096303843
2022-12-08,28.389999389648438,28.479999542236328,26.15999984741211,26.84000015258789,687018,0.0,0.0,-0.04619755740075682
2022-12-09,27.0,27.5,26.829999923706055,26.959999084472656,441441,0.0,0.0,0.00447089907610132
2022-12-12,26.75,27.079999923706055,26.6200008392334,26.850000381469727,445055,0.0,0.0,-0.004080070724716056
2022-12-13,27.0,27.299999237060547,26.399999618530273,26.489999771118164,597704,0.0,0.0,-0.013407843770460892
2022-12-14,26.219999313354492,26.90999984741211,25.889999389648438,26.81999969482422,638995,0.0,0.0,0.012457528371361049
2022-12-15,26.610000610351562,26.610000610351562,25.68000030517578,25.770000457763672,665923,0.0,0.0,-0.039149860141988624
2022-12-16,25.690000534057617,25.75,25.280000686645508,25.479999542236328,1296991,0.0,0.0,-0.011253430747998894
2022-12-19,25.520000457763672,26.139999389648438,25.450000762939453,25.8700008392334,523306,0.0,0.0,0.015306173626518094
2022-12-20,25.799999237060547,25.809999465942383,25.360000610351562,25.479999542236328,385712,0.0,0.0,-0.01507542653054772
2022-12-21,25.700000762939453,26.799999237060547,25.700000762939453,26.770000457763672,375117,0.0,0.0,0.05062798032586313
2022-12-22,26.899999618530273,27.030000686645508,25.790000915527344,26.020000457763672,482598,0.0,0.0,-0.02801643583022384
2022-12-23,26.200000762939453,26.8700008392334,26.1200008392334,26.56999969482422,305339,0.0,0.0,0.021137556778806355
2022-12-27,26.6299991607666,26.709999084472656,26.049999237060547,26.309999465942383,258147,0.0,0.0,-0.009785481063911416
2022-12-28,26.350000381469727,26.450000762939453,26.049999237060547,26.149999618530273,226303,0.0,0.0,-0.006081332218163871
2022-12-29,26.18000030517578,27.200000762939453,25.93000030517578,27.200000762939453,337424,0.0,0.0,0.040153008020127556
2022-12-30,27.010000228881836,27.010000228881836,26.40999984741211,26.40999984741211,338746,0.0,0.0,-0.0290441504914859
2023-01-02,26.829999923706055,27.31999969482422,26.68000030517578,27.100000381469727,229928,0.0,0.0,0.026126487620000027
2023-01-03,27.139999389648438,27.670000076293945,26.889999389648438,27.149999618530273,384865,0.0,0.0,0.0018449902714663402
2023-01-04,27.31999969482422,27.969999313354492,27.09000015258789,27.90999984741211,392642,0.0,0.0,0.02799264234107479
2023-01-05,27.65999984741211,28.15999984741211,26.940000534057617,26.940000534057617,536677,0.0,0.0,-0.03475454384298149
2023-01-06,26.799999237060547,26.799999237060547,25.43000030517578,25.790000915527344,717892,0.0,0.0,-0.04268743859438462
2023-01-09,25.65999984741211,25.65999984741211,24.600000381469727,24.93000030517578,712367,0.0,0.0,-0.03334628072206791
2023-01-10,24.649999618530273,24.84000015258789,23.309999465942383,23.809999465942383,890365,0.0,0.0,-0.044925825331854186
2023-01-11,23.8700008392334,24.31999969482422,23.059999465942383,23.8700008392334,903884,0.0,0.0,0.0025200073346007823
2023-01-12,19.25,20.860000610351562,18.670000076293945,20.520000457763672,4633693,0.0,0.0,-0.14034353848716974
2023-01-13,20.65999984741211,21.690000534057617,20.1200008392334,20.790000915527344,1660634,0.0,0.0,0.013157916751484144
2023-01-16,20.799999237060547,20.950000762939453,20.139999389648438,20.219999313354492,862324,0.0,0.0,-0.027417103274254173
2023-01-17,20.110000610351562,20.3799991607666,19.479999542236328,20.049999237060547,1171939,0.0,0.0,-0.008407521368295368
2023-01-18,20.200000762939453,20.959999084472656,19.729999542236328,19.7549991607666,809235,0.0,0.0,-0.014713221322655512
2023-01-19,19.200000762939453,19.829999923706055,19.05500030517578,19.229999542236328,978246,0.0,0.0,-0.02657553231249543
2023-01-20,19.59000015258789,19.780000686645508,18.639999389648438,19.209999084472656,1010698,0.0,0.0,-0.0010400654310855906
2023-01-23,19.3799991607666,19.844999313354492,18.96500015258789,19.579999923706055,546403,0.0,0.0,0.01926084627106861
2023-01-24,19.399999618530273,19.709999084472656,19.1299991607666,19.604999542236328,663615,0.0,0.0,0.0012767935969195676
2023-01-25,19.600000381469727,19.600000381469727,18.799999237060547,19.020000457763672,674426,0.0,0.0,-0.02983928070043329
2023-01-26,19.094999313354492,19.364999771118164,18.760000228881836,18.834999084472656,776921,0.0,0.0,-0.009726675543559216
2023-01-27,18.700000762939453,19.18000030517578,18.594999313354492,19.165000915527344,767513,0.0,0.0,0.01752067146776426
2023-01-30,19.09000015258789,19.28499984741211,18.790000915527344,19.235000610351562,748884,0.0,0.0,0.003652475422920798
2023-01-31,18.364999771118164,19.1200008392334,18.059999465942383,18.93000030517578,984659,0.0,0.0,-0.015856526929957093
2023-02-01,18.954999923706055,19.135000228881836,18.729999542236328,18.850000381469727,708464,0.0,0.0,-0.004226092045237939
2023-02-02,19.149999618530273,20.989999771118164,19.030000686645508,20.56999969482422,1332812,0.0,0.0,0.09124664607674582
2023-02-03,20.56999969482422,21.06999969482422,20.18000030517578,21.040000915527344,1113944,0.0,0.0,0.022848868627906915
2023-02-06,20.860000610351562,21.040000915527344,20.309999465942383,20.729999542236328,891835,0.0,0.0,-0.014733904933541986
2023-02-07,20.600000381469727,21.350000381469727,20.600000381469727,20.8799991607666,699122,0.0,0.0,0.007235871772435676
2023-02-08,20.940000534057617,21.15999984741211,20.290000915527344,20.899999618530273,739754,0.0,0.0,0.0009578763681779012
2023-02-09,21.100000381469727,21.420000076293945,20.809999465942383,21.170000076293945,612291,0.0,0.0,0.012918682425443029
2023-02-10,21.010000228881836,21.299999237060547,20.219999313354492,20.260000228881836,754619,0.0,0.0,-0.04298534927409481
2023-02-13,20.270000457763672,20.350000381469727,20.020000457763672,20.260000228881836,447078,0.0,0.0,0.0
2023-02-14,20.299999237060547,20.559999465942383,19.899999618530273,19.899999618530273,659843,0.0,0.0,-0.01776903288670062
2023-02-15,19.915000915527344,20.059999465942383,19.59000015258789,19.834999084472656,674437,0.0,0.0,-0.003266358557971527
2023-02-16,19.979999542236328,20.290000915527344,19.594999313354492,19.684999465942383,798778,0.0,0.0,-0.00756237083205602
2023-02-17,19.9950008392334,20.809999465942383,19.75,20.43000030517578,851600,0.0,0.0,0.03784611935206539
2023-02-20,20.489999771118164,20.920000076293945,20.25,20.790000915527344,424691,0.0,0.0,0.01762117498649074
2023-02-21,20.559999465942383,20.600000381469727,20.110000610351562,20.3700008392334,725622,0.0,0.0,-0.02020202298212803
2023-02-22,20.290000915527344,20.68000030517578,20.229999542236328,20.329999923706055,615273,0.0,0.0,-0.0019637169307474833
2023-02-23,20.34000015258789,20.389999389648438,19.799999237060547,20.149999618530273,657828,0.0,0.0,-0.008853925521460027
2023-02-24,20.239999771118164,20.31999969482422,19.975000381469727,20.18000030517578,553719,0.0,0.0,0.0014888678517848142
2023-02-27,20.09000015258789,20.959999084472656,19.989999771118164,20.739999771118164,761616,0.0,0.0,0.027750220885712995
2023-02-28,20.530000686645508,21.229999542236328,20.329999923706055,20.8799991607666,6614286,0.0,0.0,0.0067502117258166905
2023-03-01,21.190000534057617,21.489999771118164,20.479999542236328,20.65999984741211,776081,0.0,0.0,-0.010536366005601594
2023-03-02,20.5,20.969999313354492,20.1299991607666,20.889999389648438,509811,0.0,0.0,0.011132601352131122
2023-03-03,20.959999084472656,21.59000015258789,20.850000381469727,21.489999771118164,647670,0.0,0.0,0.02872189559598759
2023-03-06,21.56999969482422,21.950000762939453,21.190000534057617,21.920000076293945,659277,0.0,0.0,0.02000932106819686
2023-03-07,21.860000610351562,22.100000381469727,21.540000915527344,21.639999389648438,718461,0.0,0.0,-0.01277375390834612
2023-03-08,21.3799991607666,22.209999084472656,21.0,22.190000534057617,693958,0.0,0.0,0.025415950088809813
2023-03-09,22.15999984741211,23.329999923706055,21.809999465942383,23.100000381469727,888697,0.0,0.0,0.04100945585897686
2023-03-10,22.84000015258789,23.020000457763672,22.43000030517578,22.760000228881836,939425,0.0,0.0,-0.014718621081090122
2023-03-13,22.600000381469727,22.81999969482422,21.940000534057617,22.59000015258789,847740,0.0,0.0,-0.007469247565218384
2023-03-14,22.5,23.110000610351562,22.5,22.81999969482422,602782,0.0,0.0,0.010181475904504467
2023-03-15,22.709999084472656,22.770000457763672,21.889999389648438,22.239999771118164,1075285,0.0,0.0,-0.025416298486524713
2023-03-16,22.510000228881836,23.760000228881836,22.1299991607666,23.3799991607666,1186863,0.0,0.0,0.05125896588941914
2023-03-17,23.459999084472656,23.6200008392334,22.989999771118164,23.399999618530273,1313088,0.0,0.0,0.0008554516031478165
2023-03-20,23.25,23.270000457763672,22.549999237060547,22.760000228881836,870150,0.0,0.0,-0.027350401712896932
2023-03-21,23.0,23.079999923706055,22.1200008392334,22.149999618530273,873704,0.0,0.0,-0.026801432522724156
2023-03-22,23.020000457763672,23.6299991607666,22.1299991607666,22.149999618530273,805559,0.0,0.0,0.0
2023-03-23,22.030000686645508,22.56999969482422,21.5,22.15999984741211,1074309,0.0,0.0,0.00045147760966424144
2023-03-24,22.030000686645508,22.440000534057617,21.780000686645508,21.950000762939453,1056851,0.0,0.0,-0.009476493046870704
2023-03-27,21.969999313354492,22.469999313354492,21.93000030517578,22.34000015258789,597351,0.0,0.0,0.017767625334524695
2023-03-28,22.399999618530273,22.40999984741211,21.520000457763672,21.989999771118164,819828,0.0,0.0,-0.01566698205367656
2023-03-29,22.110000610351562,23.270000457763672,22.100000381469727,23.270000457763672,772907,0.0,0.0,0.05820830832052448
2023-03-30,23.399999618530273,24.06999969482422,23.3700008392334,24.010000228881836,726773,0.0,0.0,0.031800591171508685
2023-03-31,24.049999237060547,24.540000915527344,23.889999389648438,24.459999084472656,636441,0.0,0.0,0.018742142911332138
2023-04-03,24.459999084472656,24.760000228881836,23.479999542236328,23.829999923706055,788943,0.0,0.0,-0.025756303530139024
2023-04-04,23.959999084472656,24.15999984741211,23.139999389648438,23.200000762939453,868251,0.0,0.0,-0.026437228820126002
2023-04-05,23.1299991607666,23.329999923706055,22.93000030517578,23.149999618530273,599102,0.0,0.0,-0.002155221670899876
2023-04-06,23.149999618530273,23.700000762939453,23.110000610351562,23.690000534057617,423981,0.0,0.0,0.023326173841277553
2023-04-11,23.8799991607666,24.18000030517578,23.729999542236328,23.90999984741211,513733,0.0,0.0,0.00928658963254203
2023-04-12,23.8700008392334,24.280000686645508,23.809999465942383,24.040000915527344,526398,0.0,0.0,0.005437100332282396
2023-04-13,24.040000915527344,24.1299991607666,23.469999313354492,24.020000457763672,536460,0.0,0.0,-0.000831965765473619
2023-04-14,24.059999465942383,24.06999969482422,23.389999389648438,23.43000030517578,504553,0.0,0.0,-0.02456287016419234
2023-04-17,23.420000076293945,24.049999237060547,23.420000076293945,24.040000915527344,293497,0.0,0.0,0.026035023576880256
2023-04-18,24.059999465942383,24.8799991607666,23.959999084472656,24.559999465942383,678979,0.0,0.0,0.02163055451795648
2023-04-19,24.389999389648438,24.940000534057617,24.389999389648438,24.93000030517578,444160,0.0,0.0,0.015065181078138146
2023-04-20,24.950000762939453,24.989999771118164,24.65999984741211,24.690000534057617,440201,0.0,0.0,-0.009626946176504392
2023-04-21,24.510000228881836,25.530000686645508,24.510000228881836,25.3700008392334,594940,0.0,0.0,0.02754152654787445
2023-04-24,25.399999618530273,25.780000686645508,25.389999389648438,25.540000915527344,401286,0.0,0.0,0.006700830534898783
2023-04-25,25.420000076293945,25.81999969482422,25.1299991607666,25.520000457763672,511999,0.0,0.0,-0.0007831032516334435
2023-04-26,25.420000076293945,25.8700008392334,25.200000762939453,25.649999618530273,574483,0.0,0.0,0.005094010910452473
2023-04-27,25.3799991607666,26.299999237060547,25.3799991607666,26.200000762939453,646805,0.0,0.0,0.021442540061943793
2023-04-28,26.260000228881836,26.639999389648438,25.75,26.489999771118164,632547,0.0,0.0,0.011068664111984372
2023-05-02,26.399999618530273,26.649999618530273,26.31999969482422,26.3799991607666,415292,0.0,0.0,-0.004152533457984164
2023-05-03,26.469999313354492,26.6200008392334,26.110000610351562,26.209999084472656,464835,0.0,0.0,-0.006444279063767988
2023-05-04,26.290000915527344,26.389999389648438,26.020000457763672,26.360000610351562,466494,0.0,0.0,0.005723064903415898
2023-05-05,26.399999618530273,26.8799991607666,26.34000015258789,26.6200008392334,378029,0.0,0.0,0.009863437893083082
2023-05-08,26.600000381469727,26.860000610351562,26.399999618530273,26.860000610351562,193786,0.0,0.0,0.009015768728468432
2023-05-09,26.850000381469727,27.1299991607666,26.799999237060547,26.8700008392334,647757,0.0,0.0,0.0003723093318912518
2023-05-10,26.940000534057617,27.110000610351562,26.40999984741211,26.5,515350,0.0,0.0,-0.013770034524641761
2023-05-11,26.739999771118164,27.020000457763672,26.639999389648438,26.719999313354492,462885,0.0,0.0,0.008301860881301693
2023-05-12,26.90999984741211,26.979999542236328,25.889999389648438,26.09000015258789,373556,0.0,0.0,-0.023577813508839918
2023-05-15,26.1200008392334,27.059999465942383,26.09000015258789,26.510000228881836,450749,0.0,0.0,0.016098124715889783
2023-05-16,26.579999923706055,26.6299991607666,25.3700008392334,25.399999618530273,448265,0.0,0.0,-0.04187101474040167
2023-05-17,23.299999237060547,26.059999465942383,22.549999237060547,25.110000610351562,1388877,0.0,0.0,-0.011417283958033875
2023-05-18,25.18000030517578,25.510000228881836,23.8700008392334,24.6200008392334,678793,0.0,0.0,-0.019514128204208947
2023-05-19,23.809999465942383,24.850000381469727,23.200000762939453,24.459999084472656,839292,0.0,0.0,-0.006498852530734678
2023-05-22,24.579999923706055,25.799999237060547,24.559999465942383,24.809999465942383,530379,0.0,0.0,0.014309092173756754
2023-05-23,24.65999984741211,25.850000381469727,24.65999984741211,25.450000762939453,528757,0.0,0.0,0.025796102812320587
2023-05-24,25.309999465942383,25.3700008392334,23.969999313354492,24.209999084472656,700587,0.0,0.0,-0.04872305073846994
2023-05-25,24.270000457763672,24.969999313354492,24.100000381469727,24.170000076293945,418167,0.0,0.0,-0.0016521689257049665
2023-05-26,24.219999313354492,25.309999465942383,24.06999969482422,25.200000762939453,463661,0.0,0.0,0.04261484002458649
2023-05-29,25.299999237060547,25.549999237060547,25.170000076293945,25.25,336444,0.0,0.0,0.0019840966486825984
2023-05-30,25.260000228881836,26.579999923706055,25.260000228881836,26.389999389648438,666812,0.0,0.0,0.04514849067914595
2023-05-31,26.190000534057617,26.760000228881836,26.100000381469727,26.530000686645508,825740,0.0,0.0,0.005305089057788592
2023-06-01,26.75,27.540000915527344,26.75,27.399999618530273,477455,0.0,0.0,0.03279302334593237
2023-06-02,27.799999237060547,28.079999923706055,26.979999542236328,27.399999618530273,471390,0.0,0.0,0.0
2023-06-05,27.459999084472656,28.0,27.229999542236328,27.540000915527344,400782,0.0,0.0,0.005109536457890584
2023-06-06,27.719999313354492,28.43000030517578,27.700000762939453,28.329999923706055,477771,0.0,0.0,0.02868551132593833
2023-06-07,28.479999542236328,28.559999465942383,27.020000457763672,27.020000457763672,669832,0.0,0.0,-0.04624071547724218
2023-06-08,26.700000762939453,27.1299991607666,26.25,26.25,484371,0.0,0.0,-0.028497425785291797
2023-06-09,26.309999465942383,26.40999984741211,25.719999313354492,25.75,461339,0.0,0.0,-0.01904761904761909
2023-06-12,26.100000381469727,26.770000457763672,25.979999542236328,26.520000457763672,575088,0.0,0.0,0.029902930398589156
2023-06-13,26.850000381469727,27.0,25.81999969482422,26.190000534057617,383541,0.0,0.0,-0.012443435822394489
2023-06-14,26.1200008392334,27.020000457763672,26.030000686645508,26.670000076293945,370578,0.0,0.0,0.018327588104174897
2023-06-15,26.639999389648438,26.920000076293945,25.959999084472656,26.1200008392334,362539,0.0,0.0,-0.02062239353157791
2023-06-16,26.209999084472656,27.079999923706055,26.190000534057617,26.610000610351562,706868,0.0,0.0,0.018759561844353456
2023-06-19,26.450000762939453,26.850000381469727,26.350000381469727,26.649999618530273,293966,0.0,0.0,0.0015031569808814371
2023-06-20,26.540000915527344,26.65999984741211,25.760000228881836,25.860000610351562,320724,0.0,0.0,-0.029643490412262885
2023-06-21,25.729999542236328,26.15999984741211,25.329999923706055,25.43000030517578,340103,0.0,0.0,-0.016628008315036746
2023-06-22,25.299999237060547,26.389999389648438,25.200000762939453,26.1299991607666,527201,0.0,0.0,0.02752649811995278
2023-06-23,25.899999618530273,26.219999313354492,25.100000381469727,25.31999969482422,331410,0.0,0.0,-0.030998832451497815
2023-06-26,25.360000610351562,25.920000076293945,25.219999313354492,25.739999771118164,230654,0.0,0.0,0.016587680938234817
2023-06-27,25.799999237060547,25.959999084472656,24.809999465942383,25.329999923706055,367443,0.0,0.0,-0.015928510142107832
2023-06-28,25.5,26.31999969482422,25.489999771118164,26.190000534057617,393608,0.0,0.0,0.0339518599661226
2023-06-29,26.110000610351562,26.670000076293945,25.850000381469727,26.06999969482422,266854,0.0,0.0,-0.0045819334397243505
2023-06-30,26.059999465942383,26.270000457763672,25.65999984741211,25.8799991607666,284398,0.0,0.0,-0.007288091150048581
2023-07-03,25.920000076293945,26.010000228881836,25.049999237060547,25.309999465942383,300540,0.0,0.0,-0.022024718443125924
2023-07-04,25.3799991607666,25.760000228881836,25.350000381469727,25.729999542236328,275719,0.0,0.0,0.016594234893568593
2023-07-05,25.610000610351562,25.610000610351562,25.020000457763672,25.149999618530273,276240,0.0,0.0,-0.022541777459186174
2023-07-06,25.1299991607666,25.1299991607666,24.040000915527344,24.040000915527344,385935,0.0,0.0,-0.04413513796577129
2023-07-07,24.09000015258789,24.239999771118164,23.729999542236328,24.239999771118164,238647,0.0,0.0,0.008319419632868641
2023-07-10,24.239999771118164,24.889999389648438,24.229999542236328,24.8799991607666,340991,0.0,0.0,0.026402615333808388
2023-07-11,25.010000228881836,25.18000030517578,24.540000915527344,25.18000030517578,384066,0.0,0.0,0.01205792421738705
2023-07-12,25.31999969482422,26.239999771118164,25.239999771118164,25.899999618530273,453117,0.0,0.0,0.028594094703267237
2023-07-13,25.940000534057617,26.31999969482422,25.75,26.06999969482422,293815,0.0,0.0,0.006563709606092649
2023-07-14,26.030000686645508,26.239999771118164,25.68000030517578,26.0,299025,0.0,0.0,-0.002685066959863258
2023-07-17,25.8799991607666,26.309999465942383,25.559999465942383,26.020000457763672,237004,0.0,0.0,0.0007692483755259438
2023-07-18,26.0,26.780000686645508,25.700000762939453,26.780000686645508,410166,0.0,0.0,0.0292083095892135
2023-07-19,26.979999542236328,27.889999389648438,26.940000534057617,27.729999542236328,433667,0.0,0.0,0.0354741908600682
2023-07-20,27.520000457763672,27.809999465942383,27.040000915527344,27.3700008392334,281712,0.0,0.0,-0.012982283048891041
2023-07-21,28.0,29.280000686645508,27.84000015258789,28.780000686645508,749244,0.0,0.0,0.05151625152276029
2023-07-24,29.100000381469727,30.579999923706055,28.520000457763672,30.489999771118164,618847,0.0,0.0,0.059416228063751575
2023-07-25,30.59000015258789,30.889999389648438,29.139999389648438,29.709999084472656,536317,0.0,0.0,-0.025582180797009024
2023-07-26,29.559999465942383,30.049999237060547,29.3700008392334,29.899999618530273,455921,0.0,0.0,0.0063951713198442395
2023-07-27,30.079999923706055,30.350000381469727,29.84000015258789,30.1299991607666,301981,0.0,0.0,0.007692292480625529
2023-07-28,29.829999923706055,30.229999542236328,29.510000228881836,30.09000015258789,292670,0.0,0.0,-0.0013275476034794176
2023-07-31,30.09000015258789,30.709999084472656,29.920000076293945,30.600000381469727,386800,0.0,0.0,0.016949160062997626
2023-08-01,30.600000381469727,30.65999984741211,30.06999969482422,30.110000610351562,318439,0.0,0.0,-0.016013064216002126
2023-08-02,29.799999237060547,30.15999984741211,29.610000610351562,29.709999084472656,266877,0.0,0.0,-0.013284673456346208
2023-08-03,29.600000381469727,29.600000381469727,28.540000915527344,28.8700008392334,244416,0.0,0.0,-0.02827325045857254
2023-08-04,28.920000076293945,29.010000228881836,28.299999237060547,28.719999313354492,226125,0.0,0.0,-0.005195757586368255
2023-08-07,28.600000381469727,28.760000228881836,28.209999084472656,28.399999618530273,169457,0.0,0.0,-0.011142050921826518
2023-08-08,28.260000228881836,28.260000228881836,27.8700008392334,28.06999969482422,190420,0.0,0.0,-0.011619715779529027
2023-08-09,28.459999084472656,28.479999542236328,27.68000030517578,27.75,242049,0.0,0.0,-0.011400060502431142
2023-08-10,27.899999618530273,28.579999923706055,27.760000228881836,28.459999084472656,230185,0.0,0.0,0.025585552593609284
2023-08-11,28.270000457763672,28.43000030517578,27.549999237060547,27.809999465942383,237380,0.0,0.0,-0.022839059713283816
2023-08-14,27.81999969482422,28.290000915527344,27.600000381469727,28.1200008392334,159105,0.0,0.0,0.011147118994758065
2023-08-15,27.959999084472656,28.209999084472656,27.84000015258789,28.100000381469727,148187,0.0,0.0,-0.0007112538110513045
2023-08-16,28.020000457763672,28.43000030517578,27.600000381469727,27.600000381469727,180867,0.0,0.0,-0.01779359406449399
2023-08-17,27.469999313354492,27.579999923706055,27.079999923706055,27.40999984741211,194146,0.0,0.0,-0.006884077225780771
2023-08-18,27.360000610351562,27.5,26.829999923706055,27.1200008392334,172198,0.0,0.0,-0.010580044136924371
2023-08-21,27.09000015258789,27.299999237060547,26.81999969482422,26.899999618530273,168488,0.0,0.0,-0.008112139155425746
2023-08-22,27.75,29.969999313354492,27.6299991607666,29.190000534057617,840336,0.0,0.0,0.0851301467658705
2023-08-23,29.1299991607666,29.3700008392334,28.670000076293945,28.940000534057617,347732,0.0,0.0,-0.008564576753203879
2023-08-24,29.18000030517578,29.299999237060547,28.010000228881836,28.139999389648438,319974,0.0,0.0,-0.027643439172287176
2023-08-25,27.979999542236328,28.600000381469727,27.799999237060547,28.350000381469727,194308,0.0,0.0,0.007462721974988318
2023-08-28,28.68000030517578,28.809999465942383,28.290000915527344,28.610000610351562,134589,0.0,0.0,0.009171083787772316
2023-08-29,28.809999465942383,28.920000076293945,28.40999984741211,28.920000076293945,211649,0.0,0.0,0.01083535334949337
2023-08-30,28.889999389648438,28.899999618530273,27.139999389648438,27.40999984741211,425139,0.0,0.0,-0.05221300915969218
2023-08-31,27.25,28.110000610351562,26.93000030517578,27.959999084472656,419487,0.0,0.0,0.020065641741055185
2023-09-01,28.0,29.09000015258789,27.979999542236328,29.0,336531,0.0,0.0,0.037196028239675494
2023-09-04,28.850000381469727,29.06999969482422,28.190000534057617,28.420000076293945,165801,0.0,0.0,-0.01999999736917435
2023-09-05,28.260000228881836,28.459999084472656,27.959999084472656,28.010000228881836,127325,0.0,0.0,-0.014426454831508062
2023-09-06,27.829999923706055,28.31999969482422,27.799999237060547,28.110000610351562,199444,0.0,0.0,0.0035701671064827245
2023-09-07,27.90999984741211,28.3700008392334,27.639999389648438,27.790000915527344,202601,0.0,0.0,-0.011383838060337048
2023-09-08,27.93000030517578,27.950000762939453,27.520000457763672,27.809999465942383,138509,0.0,0.0,0.0007196311535155875
2023-09-11,27.899999618530273,28.030000686645508,27.399999618530273,27.81999969482422,146558,0.0,0.0,0.0003595911209592906
2023-09-12,27.670000076293945,27.850000381469727,27.06999969482422,27.40999984741211,283113,0.0,0.0,-0.014737593526587545
2023-09-13,28.0,28.440000534057617,27.729999542236328,28.420000076293945,321211,0.0,0.0,0.036847874297861294
2023-09-14,28.399999618530273,29.049999237060547,28.200000762939453,29.040000915527344,312154,0.0,0.0,0.021815652271956143
2023-09-15,29.049999237060547,29.229999542236328,28.139999389648438,28.649999618530273,785990,0.0,0.0,-0.013429796305155839
2023-09-18,28.15999984741211,28.200000762939453,27.309999465942383,27.739999771118164,307539,0.0,0.0,-0.031762647802045296
2023-09-19,27.639999389648438,28.260000228881836,27.559999465942383,28.260000228881836,303769,0.0,0.0,0.018745510528268783
2023-09-20,28.459999084472656,30.15999984741211,28.40999984741211,28.889999389648438,597315,0.0,0.0,0.022292963753154593
2023-09-21,28.700000762939453,28.889999389648438,28.1299991607666,28.18000030517578,301503,0.0,0.0,-0.0245759466761033
2023-09-22,28.559999465942383,29.440000534057617,28.540000915527344,29.440000534057617,439676,0.0,0.0,0.044712569738702745
2023-09-25,30.700000762939453,31.600000381469727,29.81999969482422,30.190000534057617,529045,0.0,0.0,0.02547554301612065
2023-09-26,29.799999237060547,30.100000381469727,29.459999084472656,29.799999237060547,433335,0.0,0.0,-0.012918227562040197
2023-09-27,29.790000915527344,30.540000915527344,29.530000686645508,29.920000076293945,334204,0.0,0.0,0.004026873902874373
2023-09-28,29.770000457763672,29.799999237060547,28.90999984741211,29.3700008392334,356970,0.0,0.0,-0.018382327394989573
2023-09-29,29.670000076293945,31.020000457763672,29.670000076293945,30.760000228881836,415929,0.0,0.0,0.0473271824967616
2023-10-02,30.670000076293945,30.719999313354492,29.719999313354492,30.0,302074,0.0,0.0,-0.024707419480713755
2023-10-03,29.940000534057617,30.06999969482422,28.799999237060547,28.8700008392334,290246,0.0,0.0,-0.03766663869222009
2023-10-04,28.75,29.010000228881836,28.459999084472656,28.81999969482422,304326,0.0,0.0,-0.001731941217723465
2023-10-05,28.979999542236328,29.040000915527344,28.1200008392334,28.149999618530273,285815,0.0,0.0,-0.02324774751521841
2023-10-06,28.280000686645508,28.6299991607666,27.739999771118164,28.6299991607666,364094,0.0,0.0,0.017051493738577506
2023-10-09,28.389999389648438,29.139999389648438,28.329999923706055,28.8700008392334,208308,0.0,0.0,0.008382874100663074
2023-10-10,28.8700008392334,28.8700008392334,26.299999237060547,27.420000076293945,818947,0.0,0.0,-0.05022517217834466
2023-10-11,27.139999389648438,27.639999389648438,26.65999984741211,26.889999389648438,344884,0.0,0.0,-0.019328981953713464
2023-10-12,27.329999923706055,28.639999389648438,27.31999969482422,28.639999389648438,549278,0.0,0.0,0.06507995685093548
2023-10-13,28.690000534057617,29.209999084472656,28.469999313354492,28.75,362379,0.0,0.0,0.003840803515914981
2023-10-16,28.75,29.5,28.43000030517578,29.0,324137,0.0,0.0,0.008695652173912993
2023-10-17,29.0,29.479999542236328,27.3700008392334,27.719999313354492,479180,0.0,0.0,-0.04413795471191406
2023-10-18,27.639999389648438,27.799999237060547,27.360000610351562,27.709999084472656,206165,0.0,0.0,-0.0003607586266071161
2023-10-19,27.729999542236328,27.729999542236328,26.709999084472656,27.3700008392334,213389,0.0,0.0,-0.012269875729796653
2023-10-20,27.079999923706055,27.079999923706055,26.3700008392334,26.59000015258789,312002,0.0,0.0,-0.028498380077775498
2023-10-23,26.700000762939453,26.850000381469727,26.049999237060547,26.780000686645508,246178,0.0,0.0,0.007145563481282036
2023-10-24,26.700000762939453,26.959999084472656,26.600000381469727,26.860000610351562,235048,0.0,0.0,0.002987301032667533
2023-10-25,26.639999389648438,26.68000030517578,25.56999969482422,25.899999618530273,389510,0.0,0.0,-0.03574091474336438
2023-10-26,25.5,26.100000381469727,25.0,25.940000534057617,385013,0.0,0.0,0.0015444369156949467
2023-10-27,28.530000686645508,29.270000457763672,26.950000762939453,27.18000030517578,981179,0.0,0.0,0.04780261162639987
2023-10-30,27.3700008392334,27.579999923706055,26.149999618530273,26.399999618530273,459255,0.0,0.0,-0.028697596684609916
2023-10-31,26.31999969482422,27.209999084472656,26.200000762939453,26.8799991607666,347602,0.0,0.0,0.018181801105005002
2023-11-01,26.959999084472656,27.229999542236328,26.700000762939453,27.09000015258789,295440,0.0,0.0,0.007812537142032339
2023-11-02,27.299999237060547,28.290000915527344,27.299999237060547,27.8799991607666,280976,0.0,0.0,0.029162015641525985
2023-11-03,27.940000534057617,28.489999771118164,27.729999542236328,28.3700008392334,329493,0.0,0.0,0.01757538354435595
2023-11-06,28.3700008392334,28.790000915527344,28.079999923706055,28.100000381469727,260256,0.0,0.0,-0.009517111377391418
2023-11-07,28.030000686645508,28.479999542236328,27.600000381469727,28.399999618530273,224486,0.0,0.0,0.010676129287826575
2023-11-08,28.399999618530273,28.860000610351562,28.0,28.549999237060547,272673,0.0,0.0,0.005281676779756106
2023-11-09,28.459999084472656,29.600000381469727,28.440000534057617,29.520000457763672,322145,0.0,0.0,0.033975525275810714
2023-11-10,29.200000762939453,29.65999984741211,28.950000762939453,29.149999618530273,296860,0.0,0.0,-0.012533903573707095
2023-11-13,29.25,29.639999389648438,28.889999389648438,29.479999542236328,207395,0.0,0.0,0.01132075224784157
2023-11-14,29.34000015258789,30.25,29.280000686645508,30.049999237060547,282808,0.0,0.0,0.019335132417745537
2023-11-15,30.100000381469727,30.700000762939453,29.8799991607666,29.950000762939453,249885,0.0,0.0,-0.003327736328118336
2023-11-16,29.829999923706055,30.559999465942383,29.610000610351562,29.610000610351562,355281,0.0,0.0,-0.011352258561829864
2023-11-17,29.6200008392334,30.239999771118164,29.5,29.729999542236328,159718,0.0,0.0,0.004052648747423948
2023-11-20,29.65999984741211,30.3799991607666,29.520000457763672,30.1299991607666,186259,0.0,0.0,0.01345441051763241
2023-11-21,30.010000228881836,30.459999084472656,30.010000228881836,30.260000228881836,335479,0.0,0.0,0.004314672145245613
2023-11-22,30.209999084472656,30.520000457763672,29.950000762939453,30.0,221667,0.0,0.0,-0.008592208424165082
2023-11-23,30.010000228881836,30.1200008392334,29.200000762939453,29.639999389648438,119877,0.0,0.0,-0.012000020345052098
2023-11-24,29.530000686645508,29.809999465942383,29.229999542236328,29.649999618530273,136044,0.0,0.0,0.0003373896453360281
2023-11-27,29.600000381469727,29.809999465942383,29.420000076293945,29.420000076293945,155839,0.0,0.0,-0.0077571516086154535
2023-11-28,27.350000381469727,27.549999237060547,26.450000762939453,26.780000686645508,1266423,0.0,0.0,-0.08973485325636343
2023-11-29,26.75,27.18000030517578,26.219999313354492,26.5,545615,0.0,0.0,-0.010455589225773831
2023-11-30,26.56999969482422,26.729999542236328,25.149999618530273,26.1299991607666,608265,0.0,0.0,-0.013962295820128201
2023-12-01,25.700000762939453,26.040000915527344,25.280000686645508,25.899999618530273,498481,0.0,0.0,-0.008802125894503132
2023-12-04,25.93000030517578,26.1299991607666,24.979999542236328,25.020000457763672,421139,0.0,0.0,-0.033976802074429435
2023-12-05,25.09000015258789,25.18000030517578,24.829999923706055,24.829999923706055,348293,0.0,0.0,-0.007593946066402291
2023-12-06,24.850000381469727,25.059999465942383,24.31999969482422,24.889999389648438,332006,0.0,0.0,0.0024164102346653227
2023-12-07,24.610000610351562,24.950000762939453,24.31999969482422,24.90999984741211,405094,0.0,0.0,0.000803553967622328
2023-12-08,24.899999618530273,24.950000762939453,23.90999984741211,24.299999237060547,593217,0.0,0.0,-0.024488182018794213
2023-12-11,24.389999389648438,24.760000228881836,23.229999542236328,24.049999237060547,935530,0.0,0.0,-0.010288066166632581
2023-12-12,24.030000686645508,24.059999465942383,23.110000610351562,23.31999969482422,536139,0.0,0.0,-0.03035341228250077
2023-12-13,23.290000915527344,23.479999542236328,23.09000015258789,23.420000076293945,405116,0.0,0.0,0.004288181079690201
2023-12-14,23.799999237060547,24.1200008392334,23.450000762939453,23.8799991607666,357894,0.0,0.0,0.019641293039032615
2023-12-15,23.8799991607666,24.190000534057617,23.829999923706055,23.920000076293945,790477,0.0,0.0,0.0016750802735814307
2023-12-18,23.75,23.809999465942383,23.40999984741211,23.729999542236328,377018,0.0,0.0,-0.00794316611419743
2023-12-19,23.729999542236328,24.229999542236328,23.729999542236328,24.020000457763672,323135,0.0,0.0,0.01222085634730763
2023-12-20,23.940000534057617,24.270000457763672,23.739999771118164,24.020000457763672,302546,0.0,0.0,0.0
2023-12-21,23.809999465942383,24.450000762939453,23.700000762939453,24.079999923706055,310526,0.0,0.0,0.002497896119855847
2023-12-22,23.299999237060547,23.760000228881836,22.09000015258789,23.729999542236328,734050,0.0,0.0,-0.014534899608747986
2023-12-27,23.700000762939453,23.8799991607666,23.219999313354492,23.34000015258789,350575,0.0,0.0,-0.01643486713745146
2023-12-28,23.350000381469727,23.440000534057617,23.079999923706055,23.09000015258789,317181,0.0,0.0,-0.010711225294155802
2023-12-29,23.110000610351562,23.299999237060547,22.860000610351562,23.110000610351562,318074,0.0,0.0,0.0008661956531614834
2024-01-02,23.299999237060547,23.729999542236328,23.290000915527344,23.510000228881836,349893,0.0,0.0,0.01730850748446544
2024-01-03,23.520000457763672,23.56999969482422,22.940000534057617,23.15999984741211,272328,0.0,0.0,-0.014887298088570589
2024-01-04,23.1299991607666,23.270000457763672,22.90999984741211,23.1299991607666,228771,0.0,0.0,-0.001295366444005408
2024-01-05,22.799999237060547,22.850000381469727,21.559999465942383,22.389999389648438,780132,0.0,0.0,-0.03199307384210204
2024-01-08,22.389999389648438,22.770000457763672,22.059999465942383,22.770000457763672,360523,0.0,0.0,0.016971910606255802
2024-01-09,22.770000457763672,22.81999969482422,22.469999313354492,22.6299991607666,205174,0.0,0.0,-0.006148497768226235
2024-01-10,22.600000381469727,22.700000762939453,22.299999237060547,22.299999237060547,281768,0.0,0.0,-0.014582409895894877
2024-01-11,22.389999389648438,22.450000762939453,21.739999771118164,21.84000015258789,378054,0.0,0.0,-0.02062776234127306
2024-01-12,21.84000015258789,22.110000610351562,21.389999389648438,22.030000686645508,459521,0.0,0.0,0.008699658092039986
2024-01-15,22.260000228881836,22.520000457763672,21.969999313354492,22.450000762939453,481811,0.0,0.0,0.019064914353295936
2024-01-16,22.149999618530273,22.149999618530273,20.639999389648438,20.81999969482422,765862,0.0,0.0,-0.07260583575596335
2024-01-17,20.780000686645508,20.81999969482422,19.100000381469727,19.639999389648438,1335091,0.0,0.0,-0.05667628830317062
2024-01-18,19.7549991607666,19.93000030517578,18.975000381469727,19.834999084472656,727770,0.0,0.0,0.009928701674349227
2024-01-19,19.735000610351562,20.209999084472656,19.420000076293945,19.815000534057617,698262,0.0,0.0,-0.0010082455930484624
2024-01-22,19.975000381469727,20.040000915527344,19.625,20.0,447790,0.0,0.0,0.009336334138594138
2024-01-23,20.200000762939453,20.68000030517578,20.1299991607666,20.440000534057617,755081,0.0,0.0,0.022000026702880815
2024-01-24,20.719999313354492,21.209999084472656,20.549999237060547,20.770000457763672,469480,0.0,0.0,0.01614480993560652
2024-01-25,20.610000610351562,20.75,20.09000015258789,20.360000610351562,463064,0.0,0.0,-0.019740001847657895
2024-01-26,20.350000381469727,21.040000915527344,20.34000015258789,20.479999542236328,432751,0.0,0.0,0.005893856988577584
2024-01-29,20.290000915527344,20.34000015258789,19.725000381469727,20.34000015258789,369661,0.0,0.0,-0.006835907850472056
2024-01-30,20.309999465942383,20.610000610351562,19.94499969482422,20.329999923706055,349261,0.0,0.0,-0.000491653333668407
2024-01-31,20.290000915527344,20.739999771118164,20.219999313354492,20.510000228881836,491224,0.0,0.0,0.008853925521459916
2024-02-01,20.3700008392334,20.450000762939453,19.989999771118164,20.209999084472656,349098,0.0,0.0,-0.014627066848430514
2024-02-02,20.270000457763672,20.56999969482422,20.200000762939453,20.200000762939453,394603,0.0,0.0,-0.0004947215233119806
2024-02-05,20.200000762939453,20.739999771118164,20.200000762939453,20.3799991607666,270615,0.0,0.0,0.00891081143706618
2024-02-06,20.399999618530273,20.459999084472656,19.559999465942383,19.885000228881836,489973,0.0,0.0,-0.02428846674526286
2024-02-07,19.809999465942383,19.920000076293945,19.360000610351562,19.420000076293945,510812,0.0,0.0,-0.023384468053085805
2024-02-08,19.469999313354492,20.510000228881836,19.469999313354492,19.920000076293945,671791,0.0,0.0,0.025746652833969375
2024-02-09,21.610000610351562,24.040000915527344,21.610000610351562,22.670000076293945,1935113,0.0,0.0,0.13805220830659892
2024-02-12,22.75,24.020000457763672,22.5,23.649999618530273,846889,0.0,0.0,0.043228916583071264
2024-02-13,23.440000534057617,23.81999969482422,23.100000381469727,23.56999969482422,640640,0.0,0.0,-0.0033826606763821543
2024-02-14,23.31999969482422,24.459999084472656,23.190000534057617,24.389999389648438,631601,0.0,0.0,0.03478997477476775
2024-02-15,24.469999313354492,24.59000015258789,24.020000457763672,24.469999313354492,470040,0.0,0.0,0.003280029754326508
2024-02-16,24.600000381469727,24.600000381469727,23.84000015258789,24.25,493573,0.0,0.0,-0.008990572927169094
2024-02-19,23.829999923706055,23.989999771118164,23.489999771118164,23.799999237060547,505048,0.0,0.0,-0.01855673249234857
2024-02-20,23.690000534057617,23.780000686645508,22.899999618530273,22.979999542236328,571444,0.0,0.0,-0.034453769794552946
2024-02-21,22.729999542236328,22.850000381469727,22.1299991607666,22.600000381469727,609196,0.0,0.0,-0.016536082173029598
2024-02-22,22.700000762939453,22.90999984741211,22.399999618530273,22.510000228881836,403615,0.0,0.0,-0.003982307569414201
2024-02-23,22.520000457763672,22.59000015258789,22.040000915527344,22.149999618530273,366673,0.0,0.0,-0.015992919000047734
2024-02-26,22.149999618530273,22.229999542236328,21.440000534057617,21.899999618530273,393230,0.0,0.0,-0.011286681909956076
2024-02-27,21.81999969482422,21.8799991607666,21.399999618530273,21.40999984741211,477759,0.0,0.0,-0.022374419162252357
2024-02-28,21.399999618530273,21.469999313354492,21.040000915527344,21.3799991607666,348586,0.0,0.0,-0.0014012464670397629
2024-02-29,21.34000015258789,21.639999389648438,21.059999465942383,21.200000762939453,604509,0.0,0.0,-0.008419008647926218
2024-03-01,21.25,21.31999969482422,20.8700008392334,20.8700008392334,445085,0.0,0.0,-0.015566033576892124
2024-03-04,20.899999618530273,20.899999618530273,20.239999771118164,20.690000534057617,729367,0.0,0.0,-0.00862483459211938
2024-03-05,20.520000457763672,20.75,20.299999237060547,20.360000610351562,397723,0.0,0.0,-0.0159497300719178
2024-03-06,20.360000610351562,20.489999771118164,20.18000030517578,20.309999465942383,391195,0.0,0.0,-0.0024558518128804385
2024-03-07,20.15999984741211,20.15999984741211,19.639999389648438,20.1299991607666,644044,0.0,0.0,-0.008862644505610251
2024-03-08,20.1200008392334,20.260000228881836,19.395000457763672,19.420000076293945,536799,0.0,0.0,-0.03527069617848999
2024-03-11,19.329999923706055,19.469999313354492,18.96500015258789,19.3799991607666,549998,0.0,0.0,-0.002059779370246928
2024-03-12,19.350000381469727,19.860000610351562,19.2549991607666,19.600000381469727,565034,0.0,0.0,0.011351972664090715
2024-03-13,19.600000381469727,20.110000610351562,19.329999923706055,19.829999923706055,585369,0.0,0.0,0.011734670293872762
2024-03-14,19.940000534057617,20.110000610351562,18.760000228881836,19.174999237060547,895154,0.0,0.0,-0.03303079622620053
2024-03-15,19.110000610351562,19.25,18.825000762939453,18.969999313354492,2461966,0.0,0.0,-0.010691000357895164
2024-03-18,19.15999984741211,19.6299991607666,18.989999771118164,18.989999771118164,439147,0.0,0.0,0.0010543204263371297
2024-03-19,18.899999618530273,19.05500030517578,18.56999969482422,18.8700008392334,444514,0.0,0.0,-0.0063190591538222485
2024-03-20,18.7549991607666,19.030000686645508,18.469999313354492,18.940000534057617,297139,0.0,0.0,0.003709575607367288
2024-03-21,19.1299991607666,19.459999084472656,18.8700008392334,19.014999389648438,432008,0.0,0.0,0.003959812749527503
2024-03-22,18.959999084472656,19.260000228881836,18.834999084472656,19.05500030517578,339955,0.0,0.0,0.0021036506343050654
2024-03-25,19.040000915527344,19.079999923706055,18.65999984741211,19.0,359886,0.0,0.0,-0.0028863974964535855
2024-03-26,19.075000762939453,19.55500030517578,18.889999389648438,19.545000076293945,450037,0.0,0.0,0.02868421454178649
2024-03-27,19.56999969482422,19.885000228881836,19.40999984741211,19.514999389648438,318861,0.0,0.0,-0.0015349545422563837
2024-03-28,19.540000915527344,19.774999618530273,19.299999237060547,19.5049991607666,430872,0.0,0.0,-0.0005124380832489672
2024-04-02,19.489999771118164,19.854999542236328,19.350000381469727,19.770000457763672,418222,0.0,0.0,0.013586327013543675
2024-04-03,19.670000076293945,19.84000015258789,19.459999084472656,19.78499984741211,222341,0.0,0.0,0.0007586944512461002
2024-04-04,19.81999969482422,19.975000381469727,19.520000457763672,19.860000610351562,357334,0.0,0.0,0.003790789159357155
2024-04-05,19.549999237060547,19.815000534057617,19.1200008392334,19.815000534057617,496791,0.0,0.0,-0.0022658647991425918
2024-04-08,19.84000015258789,20.700000762939453,19.825000762939453,20.700000762939453,863889,0.0,0.0,0.04466314433657037
2024-04-09,20.700000762939453,21.280000686645508,20.530000686645508,21.049999237060547,436129,0.0,0.0,0.01690813822324677
2024-04-10,20.969999313354492,21.1299991607666,20.600000381469727,20.8799991607666,366901,0.0,0.0,-0.008076013418311434
2024-04-11,20.860000610351562,21.25,20.549999237060547,20.579999923706055,497630,0.0,0.0,-0.014367780130194796
2024-04-12,20.770000457763672,21.329999923706055,20.489999771118164,20.489999771118164,373016,0.0,0.0,-0.004373185273155444
2024-04-15,20.420000076293945,20.649999618530273,20.329999923706055,20.389999389648438,288139,0.0,0.0,-0.004880448149671701
2024-04-16,20.280000686645508,20.389999389648438,19.520000457763672,20.270000457763672,321456,0.0,0.0,-0.005885185653594749
2024-04-17,20.209999084472656,21.329999923706055,20.170000076293945,21.170000076293945,396429,0.0,0.0,0.044400572185757436
2024-04-18,21.170000076293945,21.489999771118164,21.020000457763672,21.110000610351562,424498,0.0,0.0,-0.002834174101377096
2024-04-19,20.93000030517578,21.360000610351562,20.81999969482422,21.059999465942383,418651,0.0,0.0,-0.0023685998561582267
2024-04-22,21.18000030517578,21.959999084472656,21.18000030517578,21.729999542236328,404443,0.0,0.0,0.03181386957665655
2024-04-23,21.850000381469727,22.030000686645508,21.690000534057617,21.799999237060547,335725,0.0,0.0,0.0032213389921229574
2024-04-24,21.850000381469727,21.899999618530273,21.59000015258789,21.68000030517578,377265,0.0,0.0,-0.005504538352495203
2024-04-25,21.610000610351562,21.850000381469727,21.350000381469727,21.719999313354492,316688,0.0,0.0,0.001844972675999479
2024-04-26,21.75,22.0,21.510000228881836,21.81999969482422,443229,0.0,0.0,0.0046040692739912625
2024-04-29,21.899999618530273,22.229999542236328,21.649999618530273,22.1200008392334,411472,0.0,0.0,0.013748906902154578
2024-04-30,22.110000610351562,22.3700008392334,22.0,22.170000076293945,562857,0.0,0.0,0.0022603632533262363
2024-05-02,22.100000381469727,22.450000762939453,22.059999465942383,22.209999084472656,371493,0.0,0.0,0.001804195220616256
2024-05-03,22.309999465942383,22.56999969482422,21.899999618530273,21.969999313354492,260599,0.0,0.0,-0.010805933408883028
2024-05-06,22.079999923706055,22.219999313354492,21.540000915527344,21.639999389648438,195751,0.0,0.0,-0.015020479472908521
2024-05-07,22.670000076293945,23.200000762939453,22.360000610351562,22.450000762939453,546509,0.0,0.0,0.03743074843516325
2024-05-08,22.229999542236328,22.709999084472656,22.219999313354492,22.309999465942383,254589,0.0,0.0,-0.006236137738943159
2024-05-09,22.31999969482422,22.450000762939453,22.100000381469727,22.229999542236328,168499,0.0,0.0,-0.0035858326141234853
2024-05-10,22.3700008392334,22.56999969482422,22.200000762939453,22.299999237060547,255888,0.0,0.0,0.0031488842224769442
2024-05-13,22.43000030517578,22.489999771118164,22.06999969482422,22.399999618530273,263817,0.0,0.0,0.00448432219242112
2024-05-14,22.65999984741211,23.270000457763672,22.530000686645508,23.15999984741211,439138,0.0,0.0,0.033928582224310944
2024-05-15,23.040000915527344,23.700000762939453,23.0,23.329999923706055,374510,0.0,0.0,0.0073402451387727385
2024-05-16,21.200000762939453,21.459999084472656,19.655000686645508,20.190000534057617,3162989,0.0,0.0,-0.13459063008645045
2024-05-17,20.190000534057617,21.290000915527344,20.049999237060547,21.290000915527344,1167073,0.0,0.0,0.054482434490984
2024-05-20,21.950000762939453,22.260000228881836,21.670000076293945,22.25,755878,0.0,0.0,0.04509154735510146
2024-05-21,22.270000457763672,22.5,21.170000076293945,21.6200008392334,696404,0.0,0.0,-0.02831456902321805
2024-05-22,21.5,21.860000610351562,21.219999313354492,21.65999984741211,455534,0.0,0.0,0.001850092813415971
2024-05-23,21.860000610351562,21.860000610351562,20.959999084472656,21.020000457763672,422401,0.0,0.0,-0.029547525122670004
2024-05-24,20.860000610351562,22.040000915527344,20.790000915527344,21.920000076293945,466555,0.0,0.0,0.04281634628594233
2024-05-27,21.920000076293945,22.459999084472656,21.760000228881836,22.010000228881836,205954,0.0,0.0,0.004105846362894239
2024-05-28,22.010000228881836,22.09000015258789,21.5,21.790000915527344,244695,0.0,0.0,-0.009995425309710204
2024-05-29,21.760000228881836,22.010000228881836,21.40999984741211,21.40999984741211,356639,0.0,0.0,-0.017439240575912507
2024-05-30,21.270000457763672,22.34000015258789,21.170000076293945,22.139999389648438,344542,0.0,0.0,0.03409619558332522
2024-05-31,22.110000610351562,22.6200008392334,21.940000534057617,22.420000076293945,466797,0.0,0.0,0.012646824497042353
2024-06-03,22.860000610351562,23.329999923706055,22.639999389648438,22.969999313354492,424499,0.0,0.0,0.02453163404054104
2024-06-04,22.899999618530273,23.15999984741211,22.729999542236328,22.809999465942383,303674,0.0,0.0,-0.006965600879190625
2024-06-05,22.969999313354492,23.489999771118164,22.969999313354492,23.190000534057617,384549,0.0,0.0,0.016659407146528693
2024-06-06,23.190000534057617,23.360000610351562,22.549999237060547,23.049999237060547,287681,0.0,0.0,-0.006037140740529967
2024-06-07,23.110000610351562,23.450000762939453,23.09000015258789,23.280000686645508,419583,0.0,0.0,0.009978371245026096
2024-06-10,23.030000686645508,23.3799991607666,22.700000762939453,23.1299991607666,313369,0.0,0.0,-0.006443364323651113
2024-06-11,23.15999984741211,23.200000762939453,22.1299991607666,22.209999084472656,466449,0.0,0.0,-0.03977518848571604
2024-06-12,22.139999389648438,22.440000534057617,21.799999237060547,21.989999771118164,300110,0.0,0.0,-0.009905417488661583
2024-06-13,21.920000076293945,22.139999389648438,21.6299991607666,21.81999969482422,283148,0.0,0.0,-0.007730790271186172
2024-06-14,21.600000381469727,21.729999542236328,20.8700008392334,21.3799991607666,702154,0.0,0.0,-0.02016501100877588
2024-06-17,21.309999465942383,21.399999618530273,20.579999923706055,21.110000610351562,432338,0.0,0.0,-0.012628557577799127
2024-06-18,21.270000457763672,21.40999984741211,20.760000228881836,21.350000381469727,594349,0.0,0.0,0.011369008251021828
2024-06-19,21.360000610351562,21.65999984741211,21.219999313354492,21.56999969482422,322859,0.0,0.0,0.010304417303216296
2024-06-20,21.31999969482422,21.780000686645508,21.110000610351562,21.219999313354492,336744,0.0,0.0,-0.016226258063124166
2024-06-21,21.100000381469727,21.350000381469727,20.15999984741211,20.219999313354492,1052917,0.0,0.0,-0.047125354965052435
2024-06-24,20.219999313354492,21.31999969482422,20.18000030517578,21.100000381469727,450261,0.0,0.0,0.0435213203758138
2024-06-25,21.059999465942383,21.239999771118164,20.809999465942383,20.809999465942383,263225,0.0,0.0,-0.013744118970823616
2024-06-26,20.809999465942383,21.06999969482422,20.399999618530273,20.770000457763672,309832,0.0,0.0,-0.0019221051996745064
2024-06-27,20.56999969482422,20.809999465942383,20.389999389648438,20.440000534057617,209226,0.0,0.0,-0.015888296409868552
2024-06-28,20.43000030517578,20.68000030517578,20.31999969482422,20.440000534057617,272278,0.0,0.0,0.0
2024-07-01,21.0,21.239999771118164,20.469999313354492,20.469999313354492,335884,0.0,0.0,0.001467650612185123
2024-07-02,20.200000762939453,20.399999618530273,19.540000915527344,19.584999084472656,538006,0.0,0.0,-0.043234013608611455
2024-07-03,19.655000686645508,20.139999389648438,19.25,19.469999313354492,410828,0.0,0.0,-0.005871829282307117
2024-07-04,19.3700008392334,19.604999542236328,19.2549991607666,19.565000534057617,455633,0.0,0.0,0.004879364358167271
2024-07-05,19.8799991607666,20.030000686645508,19.65999984741211,19.65999984741211,354767,0.0,0.0,0.0048555742786269285
2024-07-08,21.31999969482422,21.700000762939453,20.709999084472656,21.200000762939453,823182,0.0,0.0,0.07833168501931898
2024-07-09,21.010000228881836,22.18000030517578,20.950000762939453,22.020000457763672,630009,0.0,0.0,0.03867922949595792
2024-07-10,22.020000457763672,22.979999542236328,22.020000457763672,22.450000762939453,590467,0.0,0.0,0.019527715542084545
2024-07-11,22.579999923706055,22.93000030517578,22.100000381469727,22.40999984741211,383917,0.0,0.0,-0.0017817779139400747
2024-07-12,22.440000534057617,22.90999984741211,22.059999465942383,22.5,369153,0.0,0.0,0.004016071093292828
2024-07-15,22.43000030517578,22.540000915527344,22.100000381469727,22.5,402948,0.0,0.0,0.0
2024-07-16,22.389999389648438,22.670000076293945,21.719999313354492,22.0,361635,0.0,0.0,-0.022222222222222254
2024-07-17,21.940000534057617,22.760000228881836,21.899999618530273,22.479999542236328,500489,0.0,0.0,0.021818161010742188
2024-07-18,22.520000457763672,23.030000686645508,22.280000686645508,22.540000915527344,405429,0.0,0.0,0.002669100289716786
2024-07-19,21.0,21.0,19.225000381469727,19.375,2149290,0.0,0.0,-0.1404170712942181
2024-07-22,19.420000076293945,20.059999465942383,19.350000381469727,19.704999923706055,783285,0.0,0.0,0.017032254126764013
2024-07-23,19.78499984741211,19.954999923706055,19.454999923706055,19.514999389648438,399541,0.0,0.0,-0.009642249926072655
2024-07-24,19.40999984741211,19.524999618530273,18.645000457763672,18.93000030517578,606617,0.0,0.0,-0.029976894838283363
2024-07-25,18.864999771118164,18.93000030517578,18.145000457763672,18.28499984741211,536084,0.0,0.0,-0.03407292379109561
2024-07-26,18.31999969482422,19.014999389648438,18.270000457763672,18.799999237060547,471245,0.0,0.0,0.028165129556800395
2024-07-29,18.975000381469727,19.104999542236328,18.71500015258789,18.954999923706055,376191,0.0,0.0,0.008244717709347205
2024-07-30,18.969999313354492,19.0,18.594999313354492,18.895000457763672,266691,0.0,0.0,-0.003165363554939682
2024-07-31,19.219999313354492,19.274999618530273,18.815000534057617,18.9950008392334,435814,0.0,0.0,0.005292425458959915
2024-08-01,19.03499984741211,19.03499984741211,18.329999923706055,18.329999923706055,358805,0.0,0.0,-0.035009259602337695
2024-08-02,18.100000381469727,18.139999389648438,17.290000915527344,17.485000610351562,728384,0.0,0.0,-0.046099253511815985
2024-08-05,16.735000610351562,17.260000228881836,16.34000015258789,17.114999771118164,548674,0.0,0.0,-0.02116104239735339
2024-08-06,17.31999969482422,17.600000381469727,16.899999618530273,17.049999237060547,332242,0.0,0.0,-0.0037978694085235576
2024-08-07,17.225000381469727,17.315000534057617,17.075000762939453,17.075000762939453,278976,0.0,0.0,0.0014663652198037003
2024-08-08,16.895000457763672,16.950000762939453,16.59000015258789,16.614999771118164,540601,0.0,0.0,-0.026940027599864025
2024-08-09,16.59000015258789,16.950000762939453,16.530000686645508,16.895000457763672,371573,0.0,0.0,0.016852283509039445
2024-08-12,17.020000457763672,17.1299991607666,16.78499984741211,17.1299991607666,375814,0.0,0.0,0.013909363517947915
2024-08-13,17.165000915527344,17.165000915527344,16.899999618530273,17.1299991607666,514928,0.0,0.0,0.0
2024-08-14,17.219999313354492,17.295000076293945,16.90999984741211,17.065000534057617,398704,0.0,0.0,-0.003794432568207773
2024-08-15,17.125,17.290000915527344,16.94499969482422,16.969999313354492,544546,0.0,0.0,-0.005567021255787563
2024-08-16,17.0,17.079999923706055,16.81999969482422,16.885000228881836,289182,0.0,0.0,-0.005008785380784642
2024-08-19,16.940000534057617,17.079999923706055,16.834999084472656,16.889999389648438,641808,0.0,0.0,0.0002960711103840996
2024-08-20,16.989999771118164,17.0,16.69499969482422,16.834999084472656,297939,0.0,0.0,-0.0032563828989532473
2024-08-21,16.790000915527344,17.084999084472656,16.780000686645508,17.049999237060547,201836,0.0,0.0,0.012771022529261211
2024-08-22,17.049999237060547,17.174999237060547,16.764999389648438,16.875,353808,0.0,0.0,-0.010263885330866307
2024-08-23,16.850000381469727,16.989999771118164,16.700000762939453,16.989999771118164,214985,0.0,0.0,0.006814801251446845
2024-08-26,17.03499984741211,17.295000076293945,16.940000534057617,17.295000076293945,250651,0.0,0.0,0.017951754519400343
2024-08-27,17.700000762939453,18.05500030517578,17.405000686645508,17.405000686645508,627053,0.0,0.0,0.006360254979260738
2024-08-28,17.3700008392334,17.59000015258789,17.209999084472656,17.4950008392334,320924,0.0,0.0,0.005170936457184139
2024-08-29,17.424999237060547,17.424999237060547,17.200000762939453,17.2450008392334,271157,0.0,0.0,-0.014289796399401311
2024-08-30,17.28499984741211,17.424999237060547,17.145000457763672,17.190000534057617,439281,0.0,0.0,-0.0031893477819179283
2024-09-02,17.184999465942383,17.184999465942383,16.110000610351562,16.31999969482422,764128,0.0,0.0,-0.050610867492977274
2024-09-03,16.290000915527344,16.290000915527344,15.4350004196167,15.5,936562,0.0,0.0,-0.05024508027927699
2024-09-04,15.399999618530273,15.75,15.194999694824219,15.539999961853027,506592,0.0,0.0,0.0025806427001953125
2024-09-05,15.46500015258789,15.630000114440918,15.244999885559082,15.244999885559082,524043,0.0,0.0,-0.0189832739393887
2024-09-06,15.170000076293945,15.229999542236328,14.640000343322754,14.720000267028809,683761,0.0,0.0,-0.03443749573442656
2024-09-09,14.399999618530273,14.430000305175781,13.3100004196167,13.670000076293945,1440894,0.0,0.0,-0.07133153340266907
2024-09-10,13.654999732971191,13.895000457763672,12.930000305175781,13.244999885559082,1024731,0.0,0.0,-0.031089991833422426
2024-09-11,13.0600004196167,13.199999809265137,11.850000381469727,12.005000114440918,1786334,0.0,0.0,-0.09362021757887107
2024-09-12,11.890000343322754,12.074999809265137,11.479999542236328,11.6899995803833,1391606,0.0,0.0,-0.026239111291527673
2024-09-13,11.75,12.005000114440918,11.53499984741211,11.725000381469727,997148,0.0,0.0,0.002994080611017358
2024-09-16,11.609999656677246,11.625,11.21500015258789,11.324999809265137,808152,0.0,0.0,-0.034115186284919274
2024-09-17,11.364999771118164,12.015000343322754,11.3149995803833,11.829999923706055,1247511,0.0,0.0,0.04459162233519609
2024-09-18,12.199999809265137,12.694999694824219,12.024999618530273,12.604999542236328,1489209,0.0,0.0,0.06551137984179167
2024-09-19,12.920000076293945,12.984999656677246,12.550000190734863,12.90999984741211,918140,0.0,0.0,0.024196772411914758
2024-09-20,12.835000038146973,12.850000381469727,12.21500015258789,12.225000381469727,2366486,0.0,0.0,-0.053059602946447404
2024-09-23,12.145000457763672,12.1899995803833,11.824999809265137,12.020000457763672,723247,0.0,0.0,-0.016768909391347564
2024-09-24,12.324999809265137,12.369999885559082,11.864999771118164,11.960000038146973,563482,0.0,0.0,-0.004991715252219087
2024-09-25,11.40999984741211,11.835000038146973,11.130000114440918,11.420000076293945,1097767,0.0,0.0,-0.04515049833868501
2024-09-26,9.760000228881836,10.145000457763672,9.010000228881836,9.892000198364258,5257147,0.0,0.0,-0.1338003386796438
2024-09-27,9.881999969482422,10.795000076293945,9.706000328063965,10.479999542236328,2593692,0.0,0.0,0.0594419057906308
2024-09-30,10.579999923706055,10.649999618530273,9.92199993133545,10.100000381469727,1866498,0.0,0.0,-0.03625946348901399
2024-10-01,10.170000076293945,10.545000076293945,9.949999809265137,10.335000038146973,1090918,0.0,0.0,0.023267291861532646
2024-10-02,10.40999984741211,10.694999694824219,10.3100004196167,10.34000015258789,1259996,0.0,0.0,0.0004838040079788719
2024-10-03,10.305000305175781,10.635000228881836,10.204999923706055,10.635000228881836,774152,0.0,0.0,0.02852998761514658
2024-10-04,10.675000190734863,14.199999809265137,10.5649995803833,14.199999809265137,5948002,0.0,0.0,0.3352138696435294
2024-10-07,14.229999542236328,15.380000114440918,13.46500015258789,13.649999618530273,3228647,0.0,0.0,-0.03873240831848479
2024-10-08,13.550000190734863,13.670000076293945,13.005000114440918,13.095000267028809,1739118,0.0,0.0,-0.04065929428657544
2024-10-09,13.085000038146973,13.354999542236328,12.720000267028809,13.055000305175781,1240490,0.0,0.0,-0.00305459801736252
2024-10-10,12.954999923706055,13.449999809265137,12.800000190734863,13.039999961853027,729875,0.0,0.0,-0.001149011334515726
2024-10-11,13.074999809265137,13.380000114440918,12.8149995803833,13.0,993840,0.0,0.0,-0.0030674817461688875
2024-10-14,13.069999694824219,13.524999618530273,13.069999694824219,13.454999923706055,548081,0.0,0.0,0.03499999413123489
2024-10-15,13.449999809265137,13.529999732971191,13.005000114440918,13.390000343322754,518018,0.0,0.0,-0.004830886715114668
2024-10-16,13.180000305175781,13.420000076293945,12.9350004196167,13.055000305175781,720610,0.0,0.0,-0.025018672857168966
2024-10-17,13.0600004196167,14.15999984741211,13.029999732971191,13.664999961853027,704690,0.0,0.0,0.04672536517945591
2024-10-18,13.774999618530273,14.029999732971191,13.279999732971191,13.289999961853027,545041,0.0,0.0,-0.027442371097463836
2024-10-21,13.274999618530273,13.960000038146973,13.274999618530273,13.390000343322754,663102,0.0,0.0,0.007524483202164145
2024-10-22,13.390000343322754,13.859999656677246,13.3100004196167,13.765000343322754,484986,0.0,0.0,0.02800597388983661
2024-10-23,13.8100004196167,14.020000457763672,13.739999771118164,13.8100004196167,468706,0.0,0.0,0.003269166376430599
2024-10-24,13.635000228881836,14.220000267028809,13.34000015258789,13.34000015258789,568522,0.0,0.0,-0.03403332749803445
2024-10-25,13.3100004196167,13.90999984741211,13.300000190734863,13.760000228881836,539058,0.0,0.0,0.03148426323012199
2024-10-28,13.835000038146973,13.944999694824219,13.345000267028809,13.40999984741211,432807,0.0,0.0,-0.025436073811618498
2024-10-29,13.645000457763672,14.149999618530273,13.630000114440918,13.9350004196167,795526,0.0,0.0,0.03914993125864252
2024-10-30,13.885000228881836,13.975000381469727,13.380000114440918,13.380000114440918,533862,0.0,0.0,-0.03982779249826873
2024-10-31,13.270000457763672,13.975000381469727,12.609999656677246,13.635000228881836,1431797,0.0,0.0,0.019058304354250266
2024-11-01,13.470000267028809,14.28499984741211,13.470000267028809,14.180000305175781,833153,0.0,0.0,0.03997066865752741
2024-11-04,14.145000457763672,14.5,13.425000190734863,13.484999656677246,720210,0.0,0.0,-0.049012738613613105
2024-11-05,13.664999961853027,13.9399995803833,13.399999618530273,13.399999618530273,509311,0.0,0.0,-0.006303302952246237
2024-11-06,13.470000267028809,13.710000038146973,13.335000038146973,13.5,605015,0.0,0.0,0.007462715247501972
2024-11-07,13.779999732971191,13.819999694824219,13.265000343322754,13.609999656677246,787483,0.0,0.0,0.008148122716832962
2024-11-08,13.664999961853027,13.989999771118164,13.404999732971191,13.524999618530273,502268,0.0,0.0,-0.006245410748799696
2024-11-11,13.5,13.600000381469727,13.350000381469727,13.4350004196167,380236,0.0,0.0,-0.00665428476539609
2024-11-12,13.505000114440918,13.529999732971191,13.274999618530273,13.375,358654,0.0,0.0,-0.004465978246572355
2024-11-13,13.510000228881836,13.524999618530273,13.390000343322754,13.390000343322754,491560,0.0,0.0,0.00112152099609375
2024-11-14,13.515000343322754,13.899999618530273,13.449999809265137,13.59000015258789,695482,0.0,0.0,0.014936505163337888
2024-11-15,13.399999618530273,13.625,13.255000114440918,13.515000343322754,688649,0.0,0.0,-0.0055187497000031005
2024-11-18,13.479999542236328,13.619999885559082,13.15999984741211,13.295000076293945,371374,0.0,0.0,-0.016278228741407497
2024-11-19,13.1899995803833,13.470000267028809,13.020000457763672,13.345000267028809,336716,0.0,0.0,0.003760826660243355
2024-11-20,13.364999771118164,13.819999694824219,12.805000305175781,12.9399995803833,741002,0.0,0.0,-0.030348495956656785
2024-11-21,12.984999656677246,13.125,12.220000267028809,12.484999656677246,601404,0.0,0.0,-0.03516228272494093
2024-11-22,12.53499984741211,12.720000267028809,12.199999809265137,12.720000267028809,373133,0.0,0.0,0.018822636508914803
2024-11-25,12.720000267028809,13.140000343322754,12.720000267028809,12.75,628894,0.0,0.0,0.002358469523696005
2024-11-26,12.579999923706055,12.6899995803833,12.265000343322754,12.449999809265137,403933,0.0,0.0,-0.023529426724303026
2024-11-27,12.199999809265137,12.335000038146973,11.90999984741211,12.050000190734863,558161,0.0,0.0,-0.03212848390829681
2024-11-28,12.0649995803833,12.4399995803833,12.0649995803833,12.25,207413,0.0,0.0,0.016597494282109215
2024-11-29,12.199999809265137,12.5600004196167,12.194999694824219,12.454999923706055,271227,0.0,0.0,0.016734687649473834
2024-12-02,12.199999809265137,12.25,11.574999809265137,11.574999809265137,666120,0.0,0.0,-0.07065436530159919
2024-12-03,11.569999694824219,12.015000343322754,11.569999694824219,11.699999809265137,469845,0.0,0.0,0.010799136247064522
2024-12-04,11.574999809265137,11.850000381469727,11.470000267028809,11.805000305175781,495982,0.0,0.0,0.008974401506185892
2024-12-05,11.795000076293945,11.944999694824219,11.725000381469727,11.779999732971191,388225,0.0,0.0,-0.0021177951341202483
2024-12-06,11.630000114440918,14.0649995803833,11.600000381469727,13.319999694824219,1711478,0.0,0.0,0.13073005065888932
2024-12-09,13.350000381469727,13.4399995803833,12.835000038146973,13.289999961853027,753504,0.0,0.0,-0.0022522322566455033
2024-12-10,13.395000457763672,13.489999771118164,13.164999961853027,13.1850004196167,368215,0.0,0.0,-0.007900642779361422
2024-12-11,12.994999885559082,13.074999809265137,12.5600004196167,12.704999923706055,484332,0.0,0.0,-0.03640504214140927
2024-12-12,12.600000381469727,12.635000228881836,12.354999542236328,12.545000076293945,340192,0.0,0.0,-0.012593455204479631
2024-12-13,12.270000457763672,12.645000457763672,12.104999542236328,12.164999961853027,355340,0.0,0.0,-0.030290961508959824
2024-12-16,12.100000381469727,12.640000343322754,11.96500015258789,12.489999771118164,448498,0.0,0.0,0.026715972896364182
2024-12-17,12.109999656677246,12.585000038146973,11.994999885559082,12.5649995803833,467336,0.0,0.0,0.00600478868210752
2024-12-18,12.09000015258789,12.399999618530273,12.0649995803833,12.300000190734863,365815,0.0,0.0,-0.021090282411322936
2024-12-19,12.0,12.550000190734863,11.930000305175781,12.46500015258789,320343,0.0,0.0,0.013414630836942276
2024-12-20,12.4350004196167,12.520000457763672,12.029999732971191,12.425000190734863,960368,0.0,0.0,-0.0032089820588347973
2024-12-23,12.430000305175781,12.8149995803833,12.369999885559082,12.640000343322754,309646,0.0,0.0,0.017303834952711927
2024-12-24,12.699999809265137,12.765000343322754,12.345000267028809,12.345000267028809,90766,0.0,0.0,-0.023338612996935848
2024-12-27,12.484999656677246,12.920000076293945,12.479999542236328,12.875,278597,0.0,0.0,0.04293233872069835
2024-12-30,12.920000076293945,13.0,12.734999656677246,12.899999618530273,207476,0.0,0.0,0.0019417179440988086
2024-12-31,12.970000267028809,13.149999618530273,12.779999732971191,13.149999618530273,156273,0.0,0.0,0.019379845534327478
2025-01-02,12.899999618530273,13.055000305175781,12.630000114440918,12.859999656677246,256641,0.0,0.0,-0.0220532296779975
2025-01-03,12.90999984741211,12.930000305175781,12.600000381469727,12.654999732971191,155499,0.0,0.0,-0.015940896514691105
2025-01-06,12.744999885559082,12.989999771118164,12.6899995803833,12.904999732971191,198675,0.0,0.0,0.019755037951415533
2025-01-07,12.854999542236328,13.175000190734863,12.854999542236328,13.0,275931,0.0,0.0,0.007361508639639247
2025-01-08,13.0,13.010000228881836,12.350000381469727,12.350000381469727,307400,0.0,0.0,-0.0499999706561749
2025-01-09,12.335000038146973,12.555000305175781,12.225000381469727,12.329999923706055,268954,0.0,0.0,-0.0016194702142423578
2025-01-10,11.600000381469727,12.649999618530273,11.0,12.135000228881836,1508906,0.0,0.0,-0.01581506050533754
2025-01-13,12.010000228881836,12.479999542236328,11.859999656677246,11.859999656677246,446208,0.0,0.0,-0.02266176901670558
2025-01-14,11.864999771118164,11.930000305175781,11.279999732971191,11.699999809265137,633433,0.0,0.0,-0.013490712651246017
2025-01-15,12.0,12.300000190734863,11.8149995803833,12.164999961853027,571514,0.0,0.0,0.03974360343319505
2025-01-16,12.020000457763672,12.300000190734863,11.550000190734863,11.550000190734863,430997,0.0,0.0,-0.050554851873956363
2025-01-17,11.574999809265137,11.744999885559082,11.359999656677246,11.734999656677246,430539,0.0,0.0,0.016017269514054577
2025-01-20,11.755000114440918,11.904999732971191,11.444999694824219,11.444999694824219,391895,0.0,0.0,-0.024712396279280346
2025-01-21,11.34000015258789,11.484999656677246,11.079999923706055,11.225000381469727,414945,0.0,0.0,-0.019222308363536444
2025-01-22,11.319999694824219,11.369999885559082,11.010000228881836,11.140000343322754,388951,0.0,0.0,-0.007572386214551141
2025-01-23,11.024999618530273,11.3149995803833,11.024999618530273,11.104999542236328,312641,0.0,0.0,-0.0031419030527592984
2025-01-24,11.25,12.265000343322754,11.25,11.885000228881836,869305,0.0,0.0,0.07023869597462684
2025-01-27,11.765000343322754,12.119999885559082,11.710000038146973,11.720000267028809,484259,0.0,0.0,-0.013883042379087218
2025-01-28,11.824999809265137,11.960000038146973,11.635000228881836,11.71500015258789,316952,0.0,0.0,-0.00042663091527261887
2025-01-29,11.720000267028809,11.845000267028809,11.404999732971191,11.4399995803833,346681,0.0,0.0,-0.023474226941759047
2025-01-30,11.609999656677246,11.704999923706055,11.130000114440918,11.199999809265137,344842,0.0,0.0,-0.020979001741372683
2025-01-31,11.199999809265137,11.40999984741211,11.119999885559082,11.119999885559082,451937,0.0,0.0,-0.007142850452539706
2025-02-03,11.0,11.0600004196167,10.609999656677246,10.989999771118164,726401,0.0,0.0,-0.011690657893777656
2025-02-04,10.930000305175781,11.149999618530273,10.729999542236328,11.045000076293945,339411,0.0,0.0,0.005004577463260995
2025-02-05,11.175000190734863,11.260000228881836,10.914999961853027,10.925000190734863,353439,0.0,0.0,-0.01086463419920114
2025-02-06,11.020000457763672,11.220000267028809,10.960000038146973,11.145000457763672,289229,0.0,0.0,0.020137323861594503
2025-02-07,11.244999885559082,11.449999809265137,11.0,11.029999732971191,324626,0.0,0.0,-0.010318593097263684
2025-02-10,11.130000114440918,11.140000343322754,10.925000190734863,10.954999923706055,272718,0.0,0.0,-0.006799620224916647
2025-02-11,10.859999656677246,11.125,10.78499984741211,10.899999618530273,326951,0.0,0.0,-0.005020566459043363
2025-02-12,10.989999771118164,11.095000267028809,10.774999618530273,10.850000381469727,274456,0.0,0.0,-0.004587086129392737
2025-02-13,11.015000343322754,11.170000076293945,10.789999961853027,11.135000228881836,559886,0.0,0.0,0.02626726611907304
2025-02-14,11.300000190734863,11.59000015258789,11.170000076293945,11.3149995803833,783920,0.0,0.0,0.016165186151912758
2025-02-17,11.135000228881836,11.369999885559082,11.055000305175781,11.130000114440918,448596,0.0,0.0,-0.016349931312690025
2025-02-18,11.119999885559082,11.4399995803833,11.020000457763672,11.220000267028809,379056,0.0,0.0,0.00808626699573134
2025-02-19,11.255000114440918,11.53499984741211,11.050000190734863,11.095000267028809,570096,0.0,0.0,-0.011140819699204996
2025-02-20,11.085000038146973,11.6850004196167,10.979999542236328,11.5,513855,0.0,0.0,0.0365029043013847
2025-02-21,11.585000038146973,11.654999732971191,11.430000305175781,11.625,413161,0.0,0.0,0.010869565217391353
2025-02-24,11.649999618530273,12.029999732971191,11.630000114440918,11.824999809265137,395224,0.0,0.0,0.01720428466796875
2025-02-25,11.835000038146973,12.354999542236328,11.829999923706055,12.319999694824219,521468,0.0,0.0,0.0418604561136009
2025-02-26,12.395000457763672,12.395000457763672,11.984999656677246,12.210000038146973,384684,0.0,0.0,-0.008928543782631637
2025-02-27,12.015000343322754,12.4350004196167,12.015000343322754,12.4350004196167,347690,0.0,0.0,0.01842754961234827
2025-02-28,12.369999885559082,12.369999885559082,12.055000305175781,12.210000038146973,696266,0.0,0.0,-0.01809411933069016
2025-03-03,12.225000381469727,12.619999885559082,12.039999961853027,12.489999771118164,331312,0.0,0.0,0.022932000990696588
2025-03-04,12.399999618530273,12.449999809265137,12.104999542236328,12.140000343322754,296030,0.0,0.0,-0.028022372634845638
2025-03-05,12.420000076293945,12.78499984741211,12.364999771118164,12.744999885559082,384805,0.0,0.0,0.049835216237789526
2025-03-06,12.824999809265137,13.699999809265137,12.824999809265137,13.484999656677246,727538,0.0,0.0,0.0580619676549885
2025-03-07,13.520000457763672,13.989999771118164,13.21500015258789,13.585000038146973,650998,0.0,0.0,0.007415675492450591
2025-03-10,13.489999771118164,13.75,13.359999656677246,13.404999732971191,533127,0.0,0.0,-0.01324993041371636
2025-03-11,13.329999923706055,13.404999732971191,12.579999923706055,12.579999923706055,398666,0.0,0.0,-0.06154418692273089
2025-03-12,12.774999618530273,12.880000114440918,12.569999694824219,12.675000190734863,286096,0.0,0.0,0.007551690588629256
2025-03-13,12.515000343322754,12.550000190734863,11.880000114440918,12.279999732971191,531464,0.0,0.0,-0.031163743733306437
2025-03-14,12.510000228881836,13.335000038146973,12.489999771118164,13.114999771118164,956892,0.0,0.0,0.06799674725603122
2025-03-17,13.220000267028809,13.489999771118164,13.140000343322754,13.300000190734863,426810,0.0,0.0,0.014106017754122124
2025-03-18,13.579999923706055,13.680000305175781,13.329999923706055,13.345000267028809,485479,0.0,0.0,0.003383464334481223
2025-03-19,13.414999961853027,13.414999961853027,12.199999809265137,12.600000381469727,877170,0.0,0.0,-0.05582614242427075
2025-03-20,12.989999771118164,13.454999923706055,12.850000381469727,13.085000038146973,689636,0.0,0.0,0.03849203507886512
2025-03-21,12.989999771118164,12.989999771118164,12.140000343322754,12.149999618530273,1007266,0.0,0.0,-0.07145589735505331
2025-03-24,12.524999618530273,13.609999656677246,12.350000381469727,13.095000267028809,1703378,0.0,0.0,0.07777783359410906
2025-03-25,13.25,13.585000038146973,12.914999961853027,13.100000381469727,939794,0.0,0.0,0.00038183385559054095
2025-03-26,13.475000381469727,13.505000114440918,13.0600004196167,13.154999732971191,682409,0.0,0.0,0.004198423656480488
2025-03-27,13.0,13.0600004196167,12.4350004196167,12.920000076293945,763231,0.0,0.0,-0.01786390432895657
2025-03-28,14.149999618530273,14.479999542236328,12.100000381469727,12.6850004196167,3938137,0.0,0.0,-0.01818882780878861
2025-03-31,12.109999656677246,12.399999618530273,10.050000190734863,11.154999732971191,2431051,0.0,0.0,-0.12061494962817976
2025-04-01,11.1899995803833,11.21500015258789,10.350000381469727,10.805000305175781,1406544,0.0,0.0,-0.03137601400033252
2025-04-02,10.694999694824219,10.949999809265137,10.494999885559082,10.704999923706055,524163,0.0,0.0,-0.009255009592348151
2025-04-03,10.399999618530273,10.885000228881836,10.295000076293945,10.345000267028809,765150,0.0,0.0,-0.03362911342764541
2025-04-04,10.194999694824219,10.289999961853027,8.838000297546387,9.54800033569336,1626113,0.0,0.0,-0.07704204067307929
2025-04-07,8.270000457763672,9.178000450134277,7.757999897003174,8.800000190734863,1866146,0.0,0.0,-0.07834102625261141
2025-04-08,9.100000381469727,9.64799976348877,8.85200023651123,9.28600025177002,1049258,0.0,0.0,0.05522727846606701
2025-04-09,8.89799976348877,9.28600025177002,8.807999610900879,8.899999618530273,495654,0.0,0.0,-0.04156801882125405
2025-04-10,9.998000144958496,10.0,8.383999824523926,8.383999824523926,1304055,0.0,0.0,-0.05797750742955188
2025-04-11,8.513999938964844,9.100000381469727,8.321999549865723,8.687999725341797,1264337,0.0,0.0,0.036259530913710813
2025-04-14,8.899999618530273,9.227999687194824,8.82800006866455,9.173999786376953,818906,0.0,0.0,0.05593923531299794
2025-04-15,9.118000030517578,9.574000358581543,9.118000030517578,9.442000389099121,466827,0.0,0.0,0.029213059620966986
2025-04-16,9.295999526977539,9.395999908447266,8.906000137329102,9.11400032043457,696729,0.0,0.0,-0.03473840872144318
2025-04-17,9.149999618530273,9.317999839782715,8.911999702453613,9.317999839782715,535961,0.0,0.0,0.022383093282403843
2025-04-22,9.3100004196167,9.593999862670898,8.949999809265137,9.593999862670898,619854,0.0,0.0,0.029620093113740475
2025-04-23,9.704000473022461,10.369999885559082,9.605999946594238,10.194999694824219,764130,0.0,0.0,0.06264330214259628
2025-04-24,10.1899995803833,10.244999885559082,9.949999809265137,10.15999984741211,382043,0.0,0.0,-0.003433040555153477
2025-04-25,10.28499984741211,10.4399995803833,10.21500015258789,10.28499984741211,583497,0.0,0.0,0.012303149791073942
2025-04-28,10.300000190734863,10.515000343322754,10.279999732971191,10.354999542236328,440431,0.0,0.0,0.00680599862544784
2025-04-29,10.359999656677246,10.609999656677246,10.359999656677246,10.545000076293945,286415,0.0,0.0,0.018348676239205552
2025-04-30,10.28499984741211,10.569999694824219,10.104999542236328,10.359999656677246,407697,0.0,0.0,-0.017543899315145217
2025-05-02,10.550000190734863,11.125,10.425000190734863,11.114999771118164,682225,0.0,0.0,0.07287646133794068
2025-05-05,10.819999694824219,11.229999542236328,10.6899995803833,10.984999656677246,471637,0.0,0.0,-0.01169591696967165
2025-05-06,11.0,11.3149995803833,10.789999961853027,10.960000038146973,374292,0.0,0.0,-0.0022757960229045082
2025-05-07,11.079999923706055,11.449999809265137,10.960000038146973,11.149999618530273,501914,0.0,0.0,0.017335728076824486
2025-05-08,11.295000076293945,11.364999771118164,11.03499984741211,11.1850004196167,471305,0.0,0.0,0.0031390854066271068
2025-05-09,11.295000076293945,11.430000305175781,10.960000038146973,11.149999618530273,427568,0.0,0.0,-0.003129262384741649
2025-05-12,11.21500015258789,11.609999656677246,11.21500015258789,11.350000381469727,789557,0.0,0.0,0.017937288769684923
2025-05-13,11.430000305175781,11.635000228881836,11.399999618530273,11.550000190734863,437537,0.0,0.0,0.01762112797737525
2025-05-14,11.600000381469727,11.694999694824219,11.380000114440918,11.675000190734863,410769,0.0,0.0,0.010822510643789585
2025-05-15,9.800000190734863,9.87399959564209,9.04800033569336,9.550000190734863,4041805,0.0,0.0,-0.18201284499218884
2025-05-16,9.600000381469727,10.039999961853027,9.418000221252441,9.680000305175781,1489329,0.0,0.0,0.013612577156494776
2025-05-19,9.630000114440918,10.119999885559082,9.618000030517578,9.930000305175781,980493,0.0,0.0,0.02582644546677626
2025-05-20,9.961999893188477,10.364999771118164,9.791999816894531,10.274999618530273,939222,0.0,0.0,0.0347431322005769
2025-05-21,10.210000038146973,10.600000381469727,10.109999656677246,10.335000038146973,803210,0.0,0.0,0.005839457113798074
2025-05-22,10.180000305175781,10.364999771118164,9.8100004196167,9.850000381469727,501613,0.0,0.0,-0.04692788145980542
2025-05-23,9.819999694824219,10.15999984741211,9.449999809265137,9.600000381469727,832357,0.0,0.0,-0.02538070967695716
2025-05-26,9.857999801635742,9.98799991607666,9.722000122070312,9.96399974822998,374623,0.0,0.0,0.03791659919752277
2025-05-27,9.994000434875488,10.300000190734863,9.923999786376953,9.977999687194824,650634,0.0,0.0,0.0014050521194894916
2025-05-28,9.994000434875488,10.180000305175781,9.960000038146973,10.03499984741211,393693,0.0,0.0,0.005712583884968092
2025-05-29,10.199999809265137,10.404999732971191,10.149999618530273,10.21500015258789,395943,0.0,0.0,0.017937250414826966
2025-05-30,10.210000038146973,10.40999984741211,9.949999809265137,10.079999923706055,615655,0.0,0.0,-0.013215881239868055
2025-06-02,9.899999618530273,10.015000343322754,9.684000015258789,9.784000396728516,448398,0.0,0.0,-0.029365032660507273
2025-06-03,9.710000038146973,9.79800033569336,9.5,9.79800033569336,424958,0.0,0.0,0.001430901307968524
2025-06-04,9.833999633789062,10.4350004196167,9.77400016784668,10.385000228881836,612830,0.0,0.0,0.05991017279822719
2025-06-05,10.449999809265137,10.539999961853027,10.109999656677246,10.109999656677246,466314,0.0,0.0,-0.026480555237715087
2025-06-06,10.145000457763672,10.319999694824219,9.930000305175781,9.944000244140625,361207,0.0,0.0,-0.016419329196216692
2025-06-09,9.937999725341797,9.937999725341797,9.607999801635742,9.640000343322754,397104,0.0,0.0,-0.030571187988153836
2025-06-10,9.435999870300293,9.770000457763672,9.420000076293945,9.517999649047852,434231,0.0,0.0,-0.01265567322924499
2025-06-11,9.616000175476074,9.902000427246094,9.600000381469727,9.612000465393066,553712,0.0,0.0,0.009876110507591518
2025-06-12,9.5,9.699999809265137,9.458000183105469,9.685999870300293,666240,0.0,0.0,0.0076986476617071364
2025-06-13,9.508000373840332,9.59000015258789,9.119999885559082,9.119999885559082,686953,0.0,0.0,-0.05843485363619594
2025-06-16,9.208000183105469,9.595999717712402,9.208000183105469,9.35200023651123,485282,0.0,0.0,0.02543863529203616
2025-06-17,9.22599983215332,9.420000076293945,9.142000198364258,9.227999687194824,394386,0.0,0.0,-0.013259254296454581
2025-06-18,9.210000038146973,9.260000228881836,9.050000190734863,9.121999740600586,535268,0.0,0.0,-0.011486773969154762
2025-06-19,9.0,9.197999954223633,8.920000076293945,8.9399995803833,288893,0.0,0.0,-0.019951783095019326
2025-06-20,8.989999771118164,9.210000038146973,8.989999771118164,9.057999610900879,635652,0.0,0.0,0.013199109178539725
2025-06-23,8.958000183105469,9.041999816894531,8.819999694824219,8.984000205993652,403552,0.0,0.0,-0.008169508510264434
2025-06-24,9.234000205993652,9.37399959564209,9.137999534606934,9.342000007629395,515172,0.0,0.0,0.039848596775065026
2025-06-25,9.380000114440918,9.45199966430664,9.149999618530273,9.305999755859375,441135,0.0,0.0,-0.003853591494392905
2025-06-26,9.357999801635742,9.64799976348877,9.35200023651123,9.5600004196167,382637,0.0,0.0,0.027294290825378154
2025-06-27,9.604000091552734,9.708000183105469,9.390000343322754,9.399999618530273,424114,0.0,0.0,-0.016736484734677592
2025-06-30,9.368000030517578,9.586000442504883,9.180000305175781,9.38599967956543,565614,0.0,0.0,-0.0014893552694668077
2025-07-01,9.289999961853027,9.5,9.210000038146973,9.307999610900879,389898,0.0,0.0,-0.00831025690682341
2025-07-02,9.368000030517578,9.564000129699707,9.199999809265137,9.331999778747559,690982,0.0,0.0,0.0025784452997368312
2025-07-03,9.22599983215332,9.378000259399414,9.071999549865723,9.157999992370605,485669,0.0,0.0,-0.018645498339296518
2025-07-04,9.100000381469727,9.116000175476074,8.869999885559082,9.11400032043457,634944,0.0,0.0,-0.004804506657860919
2025-07-07,9.034000396728516,9.064000129699707,8.890000343322754,8.970000267028809,458416,0.0,0.0,-0.01579987363868074
2025-07-08,8.935999870300293,9.279999732971191,8.85200023651123,9.279999732971191,559384,0.0,0.0,0.034559582688291846
2025-07-09,9.277999877929688,9.407999992370605,9.07800006866455,9.404000282287598,856362,0.0,0.0,0.013362128543586094
2025-07-10,9.473999977111816,9.710000038146973,9.404000282287598,9.454000473022461,500043,0.0,0.0,0.005316906554015954
2025-07-11,9.609999656677246,9.637999534606934,9.357999801635742,9.369999885559082,475230,0.0,0.0,-0.008885189682725225
2025-07-14,9.229999542236328,9.399999618530273,8.996000289916992,9.121999740600586,400693,0.0,0.0,-0.026467465100048826
2025-07-15,9.088000297546387,9.347999572753906,9.081999778747559,9.347999572753906,495258,0.0,0.0,0.02477525088577126
2025-07-16,9.276000022888184,9.423999786376953,9.130000114440918,9.423999786376953,487758,0.0,0.0,0.008130104524668669
2025-07-17,9.479999542236328,9.564000129699707,9.210000038146973,9.494000434875488,708659,0.0,0.0,0.007427912784943702
2025-07-18,9.550000190734863,9.619999885559082,9.42199993133545,9.470000267028809,628765,0.0,0.0,-0.0025279299291494084
2025-07-21,9.470000267028809,9.595999717712402,9.166000366210938,9.307999610900879,450049,0.0,0.0,-0.01710672138964542
2025-07-22,9.315999984741211,9.315999984741211,8.895999908447266,9.071999549865723,614852,0.0,0.0,-0.025354541351588544
2025-07-23,8.770000457763672,9.732000350952148,8.505999565124512,9.571999549865723,1518949,0.0,0.0,0.05511464118264864
2025-07-24,9.75,9.800000190734863,9.355999946594238,9.461999893188477,574634,0.0,0.0,-0.011491815905777969
2025-07-25,9.399999618530273,9.621999740600586,9.279999732971191,9.553999900817871,495188,0.0,0.0,0.009723103854146542
2025-07-28,9.720000267028809,9.779999732971191,9.246000289916992,9.305999755859375,411749,0.0,0.0,-0.025957729488490622
2025-07-29,9.333999633789062,9.333999633789062,9.069999694824219,9.149999618530273,640984,0.0,0.0,-0.016763393662339032
2025-07-30,9.180000305175781,9.194000244140625,9.050000190734863,9.119999885559082,360712,0.0,0.0,-0.0032786594778033695
2025-07-31,9.128000259399414,9.371999740600586,9.0600004196167,9.272000312805176,562650,0.0,0.0,0.016666713722965687
2025-08-01,9.25,9.25,8.70199966430664,8.729999542236328,630447,0.0,0.0,-0.058455646277353224
2025-08-04,8.789999961853027,8.791999816894531,8.600000381469727,8.680000305175781,395236,0.0,0.0,-0.005727289768876487
2025-08-05,8.75,8.946000099182129,8.71399974822998,8.854000091552734,414035,0.0,0.0,0.02004605763356926
2025-08-06,8.906000137329102,9.034000396728516,8.826000213623047,9.02400016784668,435826,0.0,0.0,0.019200369836920972
2025-08-07,9.039999961853027,9.166000366210938,8.918000221252441,8.986000061035156,289116,0.0,0.0,-0.0042110046658599964
2025-08-08,8.989999771118164,9.145999908447266,8.97599983215332,9.088000297546387,258356,0.0,0.0,0.011351016672425995
2025-08-11,9.121999740600586,9.442000389099121,9.121999740600586,9.347999572753906,504039,0.0,0.0,0.02860907424020609
2025-08-12,9.381999969482422,9.402000427246094,9.086000442504883,9.265999794006348,284128,0.0,0.0,-0.008771906557051956
2025-08-13,9.277999877929688,9.420000076293945,9.199999809265137,9.234000205993652,363804,0.0,0.0,-0.0034534414768058186
2025-08-14,9.180000305175781,9.276000022888184,9.130000114440918,9.182000160217285,286428,0.0,0.0,-0.00563136718825441
2025-08-15,9.175999641418457,9.319999694824219,9.076000213623047,9.218000411987305,315768,0.0,0.0,0.0039207417928390775
2025-08-18,9.09000015258789,9.173999786376953,8.991999626159668,9.157999992370605,256227,0.0,0.0,-0.0065090493529023075
2025-08-19,9.157999992370605,9.741999626159668,9.130000114440918,9.54800033569336,690758,0.0,0.0,0.042585754929860054
2025-08-20,9.435999870300293,9.484000205993652,9.281999588012695,9.28600025177002,192087,0.0,0.0,-0.027440309458714895
2025-08-21,9.204000473022461,9.281999588012695,9.0600004196167,9.175999641418457,351425,0.0,0.0,-0.01184585476729827
2025-08-22,9.13599967956543,9.609999656677246,9.13599967956543,9.45199966430664,441898,0.0,0.0,0.03007846923210189
2025-08-25,9.473999977111816,9.59000015258789,9.371999740600586,9.42199993133545,328730,0.0,0.0,-0.00317390330476619
2025-08-26,9.244000434875488,9.423999786376953,9.157999992370605,9.253999710083008,438652,0.0,0.0,-0.017830632824960113
2025-08-27,9.22599983215332,9.305999755859375,8.986000061035156,9.088000297546387,368397,0.0,0.0,-0.01793812597116795
2025-08-28,9.034000396728516,9.760000228881836,9.034000396728516,9.529999732971191,822685,0.0,0.0,0.04863549966477643
2025-08-29,9.5,9.65999984741211,9.347999572753906,9.347999572753906,410132,0.0,0.0,-0.01909760391572879
2025-09-01,9.3100004196167,9.40999984741211,9.010000228881836,9.170000076293945,598413,0.0,0.0,-0.01904145320874495
2025-09-02,9.175999641418457,9.180000305175781,8.807999610900879,8.918000221252441,436536,0.0,0.0,-0.02748089999398884
2025-09-03,8.982000350952148,9.119999885559082,8.77400016784668,8.826000213623047,396045,0.0,0.0,-0.010316214997410533
2025-09-04,8.87399959564209,8.998000144958496,8.6899995803833,8.8100004196167,199929,0.0,0.0,-0.0018128023588365183
2025-09-05,8.845999717712402,9.008000373840332,8.772000312805176,8.800000190734863,330846,0.0,0.0,-0.0011350997055084022
2025-09-08,8.807999610900879,8.869999885559082,8.581999778747559,8.6899995803833,270772,0.0,0.0,-0.01250006908720036
2025-09-09,8.6899995803833,8.789999961853027,8.526000022888184,8.605999946594238,348191,0.0,0.0,-0.009666241409111431
2025-09-10,8.630000114440918,8.76200008392334,8.53600025177002,8.562000274658203,380926,0.0,0.0,-0.005112673972702875
2025-09-11,8.54800033569336,8.699999809265137,8.496000289916992,8.699999809265137,251770,0.0,0.0,0.016117674629768874
2025-09-12,8.73799991607666,8.817999839782715,8.482000350952148,8.482000350952148,384438,0.0,0.0,-0.025057409550840237
2025-09-15,8.5,8.770000457763672,8.5,8.588000297546387,280462,0.0,0.0,0.012497045768494752
2025-09-16,8.640000343322754,8.640000343322754,8.34000015258789,8.359999656677246,262220,0.0,0.0,-0.02654874627033732
2025-09-17,8.406000137329102,8.435999870300293,8.220000267028809,8.295999526977539,325858,0.0,0.0,-0.0076555182210551465
2025-09-18,8.295999526977539,8.8100004196167,8.239999771118164,8.784000396728516,515961,0.0,0.0,0.058823637605578405
2025-09-19,8.869999885559082,9.093999862670898,8.8100004196167,9.034000396728516,743104,0.0,0.0,0.02846083660163634
2025-09-22,9.039999961853027,9.836000442504883,9.034000396728516,9.720000267028809,1209767,0.0,0.0,0.07593533763278493
2025-09-23,9.829999923706055,10.149999618530273,9.680000305175781,9.928000450134277,986459,0.0,0.0,0.021399195204862886
2025-09-24,9.954000473022461,10.109999656677246,9.72599983215332,9.751999855041504,547105,0.0,0.0,-0.01772769813788566
2025-09-25,9.710000038146973,9.934000015258789,9.6899995803833,9.866000175476074,484877,0.0,0.0,0.011689942794208985
2025-09-26,9.90999984741211,10.149999618530273,9.567999839782715,9.739999771118164,354884,0.0,0.0,-0.012771173942517144
2025-09-29,9.857999801635742,10.239999771118164,9.776000022888184,9.98799991607666,773349,0.0,0.0,0.025462027801467224
2025-09-30,9.98799991607666,9.98799991607666,9.522000312805176,9.734000205993652,565083,0.0,0.0,-0.02543048780709045
2025-10-01,9.64799976348877,10.069999694824219,9.576000213623047,10.069999694824219,359977,0.0,0.0,0.03451813044175567
2025-10-02,10.149999618530273,10.305000305175781,9.996000289916992,9.996000289916992,332855,0.0,0.0,-0.007348501206535407
2025-10-03,10.050000190734863,10.265000343322754,9.87399959564209,10.210000038146973,319038,0.0,0.0,0.021408537617375156
2025-10-06,10.125,10.194999694824219,9.704000473022461,9.727999687194824,470393,0.0,0.0,-0.04720865319797074
2025-10-07,9.706000328063965,9.781999588012695,9.569999694824219,9.706000328063965,276508,0.0,0.0,-0.0022614473517940104
2025-10-08,9.682000160217285,9.868000030517578,9.553999900817871,9.84000015258789,241382,0.0,0.0,0.013805874716125599
2025-10-09,9.710000038146973,10.010000228881836,9.581999778747559,9.581999778747559,209651,0.0,0.0,-0.02621954978044172
2025-10-10,9.579999923706055,9.621999740600586,9.09000015258789,9.104000091552734,434038,0.0,0.0,-0.04988516992611558
2025-10-13,9.149999618530273,9.315999984741211,9.069999694824219,9.128000259399414,437429,0.0,0.0,0.002636222276507727
2025-10-14,8.986000061035156,9.09000015258789,8.812000274658203,8.904000282287598,316526,0.0,0.0,-0.024539874095769854
2025-10-15,8.973999977111816,9.131999969482422,8.8100004196167,8.8100004196167,442650,0.0,0.0,-0.010557037251884283
2025-10-16,8.800000190734863,8.807999610900879,8.510000228881836,8.586000442504883,595547,0.0,0.0,-0.02542564885843246
2025-10-17,8.354000091552734,8.432000160217285,7.949999809265137,7.949999809265137,1276144,0.0,0.0,-0.07407414400903511
2025-10-20,8.079999923706055,8.248000144958496,7.949999809265137,8.196000099182129,660366,0.0,0.0,0.030943433436350087
2025-10-21,7.9720001220703125,8.22599983215332,7.960000038146973,8.210000038146973,456779,0.0,0.0,0.0017081428496128481
2025-10-22,8.187999725341797,8.187999725341797,8.010000228881836,8.116000175476074,362153,0.0,0.0,-0.011449435107690253
2025-10-23,8.095999717712402,8.3100004196167,8.088000297546387,8.088000297546387,343241,0.0,0.0,-0.0034499602420283715
2025-10-24,8.100000381469727,8.218000411987305,7.978000164031982,7.998000144958496,329981,0.0,0.0,-0.011127614895760307
2025-10-27,8.0600004196167,8.109999656677246,7.921999931335449,7.952000141143799,458452,0.0,0.0,-0.005751438232180273
2025-10-28,7.860000133514404,8.043999671936035,7.811999797821045,7.940000057220459,318893,0.0,0.0,-0.00150906485291058
2025-10-29,7.920000076293945,7.973999977111816,7.7820000648498535,7.7820000648498535,369319,0.0,0.0,-0.019899243228206798
2025-10-30,7.815999984741211,7.921999931335449,7.739999771118164,7.823999881744385,189531,0.0,0.0,0.005397046587578114
2025-10-31,7.800000190734863,7.831999778747559,7.730000019073486,7.745999813079834,252797,0.0,0.0,-0.009969334080199399
2025-11-03,7.757999897003174,7.7779998779296875,6.814000129699707,6.920000076293945,1305760,0.0,0.0,-0.10663565152572196
2025-11-04,6.900000095367432,6.9039998054504395,6.636000156402588,6.679999828338623,1167843,0.0,0.0,-0.0346821163741744
2025-11-05,6.593999862670898,6.696000099182129,6.521999835968018,6.521999835968018,763995,0.0,0.0,-0.023652694076475966
2025-11-06,6.504000186920166,6.711999893188477,6.27400016784668,6.363999843597412,1161547,0.0,0.0,-0.02422569707825739
2025-11-07,6.420000076293945,6.486000061035156,6.059999942779541,6.081999778747559,890655,0.0,0.0,-0.044311764893200545
2025-11-10,6.25,6.300000190734863,5.866000175476074,6.191999912261963,1509258,0.0,0.0,0.01808617848010785
2025-11-11,6.190000057220459,6.670000076293945,6.150000095367432,6.572000026702881,1155855,0.0,0.0,0.06136952839556842
2025-11-12,6.702000141143799,7.070000171661377,6.624000072479248,6.834000110626221,1435518,0.0,0.0,0.03986611120797323
2025-11-13,6.872000217437744,7.072000026702881,6.677999973297119,6.769999980926514,906179,0.0,0.0,-0.009364958832850045
2025-11-14,6.769999980926514,6.769999980926514,6.769999980926514,6.769999980926514,0,0.0,0.0,0.0
2025-11-17,6.769999980926514,6.769999980926514,6.769999980926514,6.769999980926514,0,0.0,0.0,0.0
2025-11-18,6.769999980926514,6.769999980926514,6.769999980926514,6.769999980926514,0,0.0,0.0,0.0
2025-11-19,6.769999980926514,6.769999980926514,6.769999980926514,6.769999980926514,0,0.0,0.0,0.0
2025-11-20,6.769999980926514,6.769999980926514,6.769999980926514,6.769999980926514,0,0.0,0.0,0.0
2025-11-21,6.495999813079834,7.627999782562256,6.394000053405762,7.0320000648498535,3068867,0.0,0.0,0.038700160215876966
2025-11-24,7.590000152587891,8.093999862670898,7.182000160217285,7.25,2014826,0.0,0.0,0.031001128148425483
2025-11-25,7.2179999351501465,7.300000190734863,6.800000190734863,6.929999828338623,1129370,0.0,0.0,-0.04413795471191406
2025-11-26,6.900000095367432,6.995999813079834,6.51800012588501,6.639999866485596,1084985,0.0,0.0,-0.04184703737901119
2025-11-27,6.613999843597412,6.929999828338623,6.478000164031982,6.9039998054504395,830434,0.0,0.0,0.039759027751995024
2025-11-28,6.935999870300293,7.28000020980835,6.857999801635742,7.239999771118164,574281,0.0,0.0,0.04866743556430375
2025-12-01,6.952000141143799,7.026000022888184,6.550000190734863,6.6479997634887695,996622,0.0,0.0,-0.08176795943986126
2025-12-02,6.670000076293945,6.822000026702881,6.570000171661377,6.604000091552734,463039,0.0,0.0,-0.006618482776982626
2025-12-03,6.553999900817871,6.765999794006348,6.533999919891357,6.533999919891357,516855,0.0,0.0,-0.010599662430488932
2025-12-04,6.559999942779541,6.611999988555908,6.257999897003174,6.283999919891357,745890,0.0,0.0,-0.03826140236686093
2025-12-05,6.320000171661377,6.435999870300293,6.2220001220703125,6.315999984741211,514476,0.0,0.0,0.005092308284180724
2025-12-08,6.28000020980835,6.340000152587891,6.079999923706055,6.0920000076293945,703780,0.0,0.0,-0.0354654809456898
2025-12-09,6.099999904632568,6.208000183105469,6.03000020980835,6.050000190734863,532636,0.0,0.0,-0.006894257524939662
2025-12-10,6.079999923706055,6.199999809265137,6.050000190734863,6.079999923706055,340980,0.0,0.0,0.0049586333926292525
2025-12-11,6.058000087738037,6.291999816894531,6.039999961853027,6.27400016784668,414283,0.0,0.0,0.031907935291942024
2025-12-12,6.300000190734863,6.679999828338623,6.291999816894531,6.3420000076293945,770449,0.0,0.0,0.010838354791764981
2025-12-15,6.349999904632568,6.47599983215332,6.223999977111816,6.2779998779296875,401489,0.0,0.0,-0.010091474238838716
2025-12-16,6.283999919891357,6.369999885559082,6.0960001945495605,6.0960001945495605,370567,0.0,0.0,-0.028990074373837937
2025-12-17,6.099999904632568,6.139999866485596,5.817999839782715,5.855999946594238,717326,0.0,0.0,-0.03937011815877345
2025-12-18,5.860000133514404,6.269999980926514,5.75600004196167,6.269999980926514,667623,0.0,0.0,0.07069672781896985
2025-12-19,6.260000228881836,6.5,6.164000034332275,6.381999969482422,1039430,0.0,0.0,0.01786283714459569
2025-12-22,6.361999988555908,6.539999961853027,6.23799991607666,6.326000213623047,440587,0.0,0.0,-0.008774640571475367
2025-12-23,6.3480000495910645,6.369999885559082,6.25,6.322000026702881,377963,0.0,0.0,-0.0006323406236300455
2025-12-24,6.343999862670898,6.414000034332275,6.300000190734863,6.414000034332275,88094,0.0,0.0,0.014552357994432885
2025-12-29,6.306000232696533,6.461999893188477,6.099999904632568,6.394000053405762,616368,0.0,0.0,-0.0031181759930557496
2025-12-30,6.400000095367432,6.760000228881836,6.369999885559082,6.697999954223633,694462,0.0,0.0,0.04754455712835748
2025-12-31,6.619999885559082,6.619999885559082,6.340000152587891,6.441999912261963,324496,0.0,0.0,-0.03822037081386376
2026-01-02,6.466000080108643,6.526000022888184,6.2820000648498535,6.3460001945495605,387443,0.0,0.0,-0.014902160667477293
2026-01-05,6.400000095367432,6.486000061035156,6.136000156402588,6.335999965667725,511922,0.0,0.0,-0.0015758317956600099
2026-01-06,6.285999774932861,6.349999904632568,6.073999881744385,6.21999979019165,423892,0.0,0.0,-0.01830810860237264
2026-01-07,6.191999912261963,6.191999912261963,5.97599983215332,6.1020002365112305,587079,0.0,0.0,-0.01897098997760327
2026-01-08,6.099999904632568,6.179999828338623,5.984000205993652,5.986000061035156,476287,0.0,0.0,-0.019010188623394098
2026-01-09,6.099999904632568,6.21999979019165,6.015999794006348,6.073999881744385,592739,0.0,0.0,0.014700938825919607
2026-01-12,6.099999904632568,6.363999843597412,6.099999904632568,6.185999870300293,618985,0.0,0.0,0.0184392477340225
2026-01-13,6.197999954223633,6.447999954223633,6.179999828338623,6.188000202178955,585690,0.0,0.0,0.0003233643583255841
2026-01-14,6.176000118255615,6.297999858856201,6.064000129699707,6.25600004196167,460066,0.0,0.0,0.010988984738360186
2026-01-15,6.320000171661377,6.869999885559082,6.303999900817871,6.791999816894531,1473269,0.0,0.0,0.08567771280973169
2026-01-16,6.868000030517578,7.122000217437744,6.739999771118164,6.889999866485596,1109155,0.0,0.0,0.014428747384135354
2026-01-19,6.546000003814697,6.728000164031982,6.323999881744385,6.386000156402588,821331,0.0,0.0,-0.07314945135696849
2026-01-20,6.297999858856201,6.443999767303467,6.107999801635742,6.394000053405762,597934,0.0,0.0,0.001252724210342171
2026-01-21,6.420000076293945,6.754000186920166,6.309999942779541,6.627999782562256,691920,0.0,0.0,0.03659676684423152
2026-01-22,5.260000228881836,5.3379998207092285,3.98799991607666,3.98799991607666,10544639,0.0,0.0,-0.3983101920780424
2026-01-23,4.0,4.389999866485596,3.8610000610351562,4.059000015258789,4836430,0.0,0.0,0.017803435475489682
2026-01-26,4.11899995803833,4.571000099182129,4.01200008392334,4.449999809265137,3995129,0.0,0.0,0.0963290939976551
2026-01-27,4.429999828338623,4.730000019073486,4.242000102996826,4.2769999504089355,3529256,0.0,0.0,-0.03887637444298453
2026-01-28,4.315000057220459,4.5980000495910645,4.281000137329102,4.420000076293945,2573490,0.0,0.0,0.03343468027661234
2026-01-29,4.486000061035156,4.820000171661377,4.427000045776367,4.706999778747559,2040280,0.0,0.0,0.06493205825784854
2026-01-30,4.723999977111816,4.734000205993652,4.370999813079834,4.370999813079834,3078392,0.0,0.0,-0.07138304258793227
2026-02-02,4.327000141143799,4.3379998207092285,4.172999858856201,4.270999908447266,2368284,0.0,0.0,-0.022878039100648673
2026-02-03,4.328999996185303,4.340000152587891,4.0920000076293945,4.0920000076293945,1528539,0.0,0.0,-0.041910537264082226
2026-02-04,4.048999786376953,4.328999996185303,3.8940000534057617,4.14300012588501,2280384,0.0,0.0,0.012463371984488658
2026-02-05,4.1579999923706055,4.263000011444092,4.0,4.066999912261963,1308532,0.0,0.0,-0.018344246032773626
2026-02-06,3.996999979019165,4.039999961853027,3.865000009536743,4.035999774932861,1735060,0.0,0.0,-0.007622359969971071
2026-02-09,4.0980000495910645,4.331999778747559,4.079999923706055,4.296000003814697,1798542,0.0,0.0,0.06442027834011976
2026-02-10,4.449999809265137,4.855000019073486,4.420000076293945,4.660999774932861,2734960,0.0,0.0,0.0849627026988029
2026-02-11,4.519000053405762,4.544000148773193,4.171000003814697,4.171000003814697,1714017,0.0,0.0,-0.1051276109802477
2026-02-12,4.189000129699707,4.22599983215332,4.099999904632568,4.11299991607666,1555270,0.0,0.0,-0.01390555926276471
2026-02-13,4.400000095367432,4.7829999923706055,4.340000152587891,4.622000217437744,3367216,0.0,0.0,0.12375402668294067
2026-02-16,4.510000228881836,4.559999942779541,4.197000026702881,4.203999996185303,2347177,0.0,0.0,-0.09043708385720595
2026-02-17,4.248000144958496,4.341000080108643,4.190000057220459,4.248000144958496,889503,0.0,0.0,0.010466258043082544
2026-02-18,4.281000137329102,4.300000190734863,4.1519999504089355,4.269000053405762,945906,0.0,0.0,0.004943481104205727
2026-02-19,4.256999969482422,4.2789998054504395,4.144000053405762,4.150000095367432,911895,0.0,0.0,-0.027875370473090855
2026-02-20,4.199999809265137,4.267000198364258,4.0879998207092285,4.099999904632568,1103055,0.0,0.0,-0.0120482384544226
2026-02-23,4.135000228881836,4.330999851226807,4.086999893188477,4.144000053405762,1209987,0.0,0.0,0.010731743852842035
2026-02-24,4.105999946594238,4.15500020980835,3.9760000705718994,4.129000186920166,1765431,0.0,0.0,-0.0036196588543159214
2026-02-25,4.163000106811523,4.348999977111816,4.123000144958496,4.242000102996826,1557569,0.0,0.0,0.02736737974355652
2026-02-26,4.260000228881836,4.589000225067139,4.201000213623047,4.500999927520752,1835720,0.0,0.0,0.06105606276175046
2026-02-27,4.510000228881836,4.510000228881836,4.11299991607666,4.164000034332275,1932797,0.0,0.0,-0.07487222808601635
2026-03-02,4.089000225067139,4.197999954223633,3.994999885559082,4.050000190734863,1736513,0.0,0.0,-0.02737748382744498
2026-03-03,4.065000057220459,4.116000175476074,3.871999979019165,3.921999931335449,1702855,0.0,0.0,-0.031605000832404584
2026-03-04,4.019999980926514,4.0879998207092285,3.9570000171661377,4.057000160217285,1006601,0.0,0.0,0.03442127262757699
2026-03-05,4.015999794006348,4.130000114440918,3.953000068664551,4.005000114440918,1026232,0.0,0.0,-0.012817363500814416
2026-03-06,4.038000106811523,4.066999912261963,3.865999937057495,3.865999937057495,1133646,0.0,0.0,-0.034706660027855385
2026-03-09,3.799999952316284,4.2170000076293945,3.755000114440918,4.199999809265137,2159371,0.0,0.0,0.08639417424870866
2026-03-10,4.159999847412109,4.232999801635742,3.9700000286102295,3.9700000286102295,1289013,0.0,0.0,-0.05476185502378628
2026-03-11,3.9779999256134033,4.086999893188477,3.9709999561309814,4.085000038146973,1576565,0.0,0.0,0.02896725660150712
2026-03-12,4.019999980926514,4.195000171661377,3.9730000495910645,4.188000202178955,1146951,0.0,0.0,0.025214238205663486
2026-03-13,4.138999938964844,4.146999835968018,3.9860000610351562,4.005000114440918,993875,0.0,0.0,-0.04369629391202623
2026-03-16,4.050000190734863,4.239999771118164,4.038000106811523,4.059000015258789,1311805,0.0,0.0,0.01348312091756565
2026-03-17,4.061999797821045,4.170000076293945,3.9539999961853027,4.170000076293945,1317009,0.0,0.0,0.027346652036925212
2026-03-18,4.170000076293945,4.170000076293945,3.990999937057495,4.0289998054504395,1327852,0.0,0.0,-0.03381301397212888
2026-03-19,3.9800000190734863,4.10699987411499,3.930999994277954,3.990000009536743,1182998,0.0,0.0,-0.009679771108684898
2026-03-20,3.9800000190734863,4.033999919891357,3.760999917984009,3.8259999752044678,2355073,0.0,0.0,-0.04110276539856861
2026-03-23,3.7330000400543213,4.085000038146973,3.7019999027252197,4.021999835968018,1548559,0.0,0.0,0.051228400949761
2026-03-24,4.004000186920166,4.004000186920166,3.8410000801086426,3.861999988555908,1525945,0.0,0.0,-0.039781167065512935
2026-03-25,3.931999921798706,4.188000202178955,3.9119999408721924,4.0229997634887695,1708505,0.0,0.0,0.041688186279115635
2026-03-26,4.025000095367432,4.067999839782715,3.818000078201294,3.825000047683716,1590333,0.0,0.0,-0.04921693448804665
2026-03-27,3.940000057220459,3.950000047683716,3.76200008392334,3.7939999103546143,1317812,0.0,0.0,-0.008104610965397052
2026-03-30,3.75,4.025000095367432,3.7149999141693115,3.9739999771118164,1357523,0.0,0.0,0.047443350292640796
2026-03-31,3.9100000858306885,4.066999912261963,3.805999994277954,3.8350000381469727,1981327,0.0,0.0,-0.03497733763598676
2026-04-01,3.930000066757202,3.9860000610351562,3.8529999256134033,3.881999969482422,1492734,0.0,0.0,0.012255523042487226
2026-04-02,3.8499999046325684,3.940000057220459,3.7929999828338623,3.8399999141693115,1262958,0.0,0.0,-0.010819179712335258
2026-04-07,3.9000000953674316,4.190999984741211,3.865000009536743,3.868000030517578,2183891,0.0,0.0,0.0072916971286765
2026-04-08,4.0980000495910645,4.190000057220459,3.98799991607666,4.0,1855609,0.0,0.0,0.034126155232930167
2026-04-09,3.9800000190734863,4.019999980926514,3.8389999866485596,3.944999933242798,1593025,0.0,0.0,-0.013750016689300537
2026-04-10,3.9579999446868896,4.1579999923706055,3.9579999446868896,4.0,1604810,0.0,0.0,0.013941715510243924
2026-04-13,3.9839999675750732,4.2170000076293945,3.9660000801086426,4.190000057220459,1274493,0.0,0.0,0.047500014305114746
2026-04-14,4.249000072479248,4.570000171661377,4.210000038146973,4.548999786376953,2158796,0.0,0.0,0.0856801251202477
2026-04-15,4.550000190734863,4.849999904632568,4.498000144958496,4.613999843597412,2321271,0.0,0.0,0.014288867943040406
2026-04-16,4.610000133514404,4.795000076293945,4.480000019073486,4.744999885559082,1328040,0.0,0.0,0.028391860945433667
2026-04-17,4.745999813079834,5.199999809265137,4.729000091552734,5.070000171661377,1897585,0.0,0.0,0.0684932126323965
2026-04-20,4.98799991607666,5.01200008392334,4.800000190734863,5.01200008392334,1135448,0.0,0.0,-0.011439859127072016
2026-04-21,5.059999942779541,5.276000022888184,4.953000068664551,5.21999979019165,1254921,0.0,0.0,0.04150033974171263
2026-04-22,5.197999954223633,5.349999904632568,5.050000190734863,5.130000114440918,1314265,0.0,0.0,-0.017241317886610097
2026-04-23,5.170000076293945,5.205999851226807,4.84499979019165,4.895999908447266,986500,0.0,0.0,-0.045614074224860746
2026-04-24,4.810999870300293,4.886000156402588,4.526000022888184,4.736000061035156,1225071,0.0,0.0,-0.0326797080073582
2026-04-27,4.814000129699707,5.053999900817871,4.742000102996826,4.96999979019165,1335660,0.0,0.0,0.04940872595878898
2026-04-28,4.85699987411499,4.949999809265137,4.730999946594238,4.919000148773193,1100054,0.0,0.0,-0.010261497700483901
2026-04-29,4.9670000076293945,4.986999988555908,4.78000020980835,4.892000198364258,784433,0.0,0.0,-0.00548891026475562
2026-04-30,4.849999904632568,4.949999809265137,4.784999847412109,4.941999912261963,851506,0.0,0.0,0.010220709703655295
2026-05-04,5.050000190734863,5.3979997634887695,5.050000190734863,5.145999908447266,1217611,0.0,0.0,0.041278834440920065
2026-05-05,5.176000118255615,5.245999813079834,4.704999923706055,4.849999904632568,1978465,0.0,0.0,-0.05752040596207686
2026-05-06,4.870999813079834,5.1519999504089355,4.835999965667725,4.923999786376953,1456686,0.0,0.0,0.015257707876179971
2026-05-07,5.041999816894531,5.093999862670898,4.824999809265137,4.894999980926514,918223,0.0,0.0,-0.0058894814599042
2026-05-08,4.841000080108643,4.953000068664551,4.815000057220459,4.881999969482422,766809,0.0,0.0,-0.002655773543359885
2026-05-11,4.940000057220459,5.079999923706055,4.928999900817871,4.997000217437744,979577,0.0,0.0,0.023555970641989665
2026-05-12,4.919000148773193,5.168000221252441,4.885000228881836,4.964000225067139,1210394,0.0,0.0,-0.006603960563268951
2026-05-13,5.004000186920166,5.239999771118164,4.916999816894531,5.059999942779541,1451886,0.0,0.0,0.019339184802535714
2026-05-14,5.1620001792907715,5.427999973297119,5.138000011444092,5.24399995803833,1736235,0.0,0.0,0.036363639790421676
2026-05-15,5.190000057220459,5.26800012588501,5.02400016784668,5.179999828338623,1004619,0.0,0.0,-0.012204448934368006
2026-05-18,5.124000072479248,5.3979997634887695,5.03000020980835,5.3420000076293945,856553,0.0,0.0,0.03127416692265217
2026-05-19,5.400000095367432,5.684000015258789,5.099999904632568,5.124000072479248,1703221,0.0,0.0,-0.04080867368753294
2026-05-20,5.25,5.4120001792907715,4.729499816894531,4.7870001792907715,1843240,0.0,0.0,-0.06576890874738395
2026-05-21,4.5929999351501465,4.677999973297119,3.8480000495910645,4.677999973297119,8616493,0.0,0.0,-0.022770044268057954
2026-05-22,4.604000091552734,5.504000186920166,4.557000160217285,5.283999919891357,5606520,0.0,0.0,0.12954252886990103
2026-05-25,5.300000190734863,5.473999977111816,5.185999870300293,5.276000022888184,1200816,0.0,0.0,-0.0015139850727586834
2026-05-26,5.300000190734863,5.538000106811523,5.276000022888184,5.294000148773193,1845695,0.0,0.0,0.0034116993568844567
2026-05-27,5.349999904632568,5.446000099182129,5.122000217437744,5.317999839782715,2219134,0.0,0.0,0.004533375582749688
2026-05-28,5.291999816894531,5.415999889373779,5.179999828338623,5.395999908447266,1127356,0.0,0.0,0.014667181461919254
2026-05-29,5.446000099182129,5.705999851226807,5.427999973297119,5.633999824523926,2064131,0.0,0.0,0.04410673093305273
2026-06-01,5.808000087738037,5.861999988555908,5.455999851226807,5.611999988555908,1522419,0.0,0.0,-0.0039048343367452665
2026-06-02,5.599999904632568,5.75,5.4039998054504395,5.495999813079834,1132570,0.0,0.0,-0.02067002418257735
2026-06-03,5.5,5.507999897003174,5.315999984741211,5.322000026702881,665913,0.0,0.0,-0.03165935085420746
2026-06-04,5.300000190734863,5.315999984741211,5.021999835968018,5.138000011444092,1108790,0.0,0.0,-0.03457347131446409
2026-06-05,5.139999866485596,5.23199987411499,5.0,5.02400016784668,912678,0.0,0.0,-0.022187591152879604
2026-06-08,4.959000110626221,5.170000076293945,4.920000076293945,5.1579999923706055,1084776,0.0,0.0,0.02667193870364848
2026-06-09,5.116000175476074,5.242000102996826,4.959000110626221,4.959000110626221,870990,0.0,0.0,-0.038580822419296834
2026-06-10,4.960000038146973,4.989999771118164,4.815999984741211,4.828000068664551,784228,0.0,0.0,-0.026416624125690347
2026-06-11,4.828999996185303,5.001999855041504,4.732999801635742,4.771999835968018,717787,0.0,0.0,-0.011599053831832906
2026-06-12,4.859000205993652,4.909999847412109,4.781000137329102,4.816999912261963,651757,0.0,0.0,0.009430024694210282
2026-06-15,4.960000038146973,5.053999900817871,4.860000133514404,4.921999931335449,1165975,0.0,0.0,0.02179780381689489
2026-06-16,4.989999771118164,5.188000202178955,4.876999855041504,4.876999855041504,1367868,0.0,0.0,-0.009142640577350813
2026-06-17,4.910999774932861,5.168000221252441,4.9029998779296875,5.052000045776367,1247970,0.0,0.0,0.035882754959272845
2026-06-18,4.973999977111816,5.176000118255615,4.75,5.070000171661377,1322764,0.0,0.0,0.0035629702537429697
2026-06-19,5.099999904632568,5.360000133514404,5.099999904632568,5.260000228881836,1273242,0.0,0.0,0.0374753551848892
2026-06-22,5.276000022888184,5.306000232696533,5.156000137329102,5.156000137329102,554796,0.0,0.0,-0.01977187966298677
2026-06-23,5.150000095367432,5.361999988555908,5.079999923706055,5.276000022888184,713040,0.0,0.0,0.023273832886522072
2026-06-24,5.269999980926514,5.320000171661377,4.984000205993652,4.984000205993652,715246,0.0,0.0,-0.05534492335629004
2026-06-25,5.0,5.190000057220459,4.869999885559082,5.0879998207092285,1015145,0.0,0.0,0.020866695509062838
2026-06-26,5.085999965667725,5.211999893188477,5.019999980926514,5.197999954223633,842711,0.0,0.0,0.02161952385821264
2026-06-29,5.210000038146973,5.349999904632568,5.199999809265137,5.300000190734863,724180,0.0,0.0,0.01962297757012288
2026-06-30,5.375999927520752,5.460000038146973,5.223999977111816,5.375999927520752,770299,0.0,0.0,0.014339572462421124
2026-07-01,5.302000045776367,5.449999809265137,5.234000205993652,5.449999809265137,556966,0.0,0.0,0.013764859141006669
2026-07-02,5.4720001220703125,5.585999965667725,5.363999843597412,5.579999923706055,747356,0.0,0.0,0.023853232842304894
2026-07-03,5.599999904632568,5.699999809265137,5.51200008392334,5.519999980926514,570287,0.0,0.0,-0.0107526780644992
2026-07-06,5.5,5.728000164031982,5.369999885559082,5.679999828338623,795023,0.0,0.0,0.028985479703797834
2026-07-07,5.699999809265137,6.050000190734863,5.599999904632568,6.015999794006348,1402734,0.0,0.0,0.05915492532083455
2026-07-08,5.989999771118164,5.995999813079834,5.639999866485596,5.849999904632568,1033828,0.0,0.0,-0.027593067662529225
2026-07-09,5.941999912261963,6.179999828338623,5.802000045776367,5.872000217437744,990034,0.0,0.0,0.003760737292962002
2026-07-10,5.9019999504089355,5.97599983215332,5.705999851226807,5.889999866485596,850892,0.0,0.0,0.0030653352148044544
2026-07-13,6.059999942779541,6.110000133514404,5.639999866485596,5.874000072479248,1510512,0.0,0.0,-0.002716433678952579
2026-07-14,5.7220001220703125,5.802000045776367,5.354000091552734,5.461999893188477,1458117,0.0,0.0,-0.07013962788680694
2026-07-15,5.53000020980835,5.960000038146973,5.383999824523926,5.73199987411499,1505034,0.0,0.0,0.049432439803454464
2026-07-16,5.877999782562256,5.923999786376953,5.573999881744385,5.75,819536,0.0,0.0,0.0031402872087098466
2026-07-17,5.697999954223633,5.763999938964844,5.415999889373779,5.50600004196167,699850,0.0,0.0,-0.04243477531101392
2026-07-20,5.550000190734863,5.559999942779541,5.21999979019165,5.294000148773193,827992,0.0,0.0,-0.03850343108841414
2026-07-21,5.288000106811523,5.466000080108643,5.177999973297119,5.395999908447266,644833,0.0,0.0,0.019267048886976168
2026-07-22,5.360000133514404,5.544000148773193,5.228000164031982,5.50600004196167,713293,0.0,0.0,0.020385495808145304
2026-07-23,5.3979997634887695,5.466000080108643,4.625,4.724999904632568,1979492,0.0,0.0,-0.1418452835773768
2026-07-24,4.7769999504089355,4.909999847412109,4.478000164031982,4.824999809265137,2069337,0.0,0.0,0.021164001407603106
2026-07-27,4.820000171661377,5.297999858856201,4.761000156402588,5.245999813079834,1344258,0.0,0.0,0.08725389025016717
2026-07-28,5.199999809265137,5.473999977111816,5.179999828338623,5.473999977111816,1030944,0.0,0.0,0.043461717909998754
2026-07-29,5.429999828338623,5.656000137329102,5.418000221252441,5.585999965667725,786508,0.0,0.0,0.0204603560511889
2026-07-30,5.5980000495910645,5.8480000495910645,5.5,5.8420000076293945,711936,0.0,0.0,0.0458288656525383
2026-08-03,5.73799991607666,5.7779998779296875,5.546000003814697,5.5960001945495605,724787,0.0,0.0,-0.042108834775516746
2026-08-04,5.584000110626221,5.639999866485596,5.421999931335449,5.585999965667725,615350,0.0,0.0,-0.0017870315464920683
2026-08-05,5.570000171661377,5.570000171661377,5.2220001220703125,5.239999771118164,1221054,0.0,0.0,-0.06194060090872222
2026-08-06,5.25,5.311999797821045,5.046000003814697,5.150000095367432,863005,0.0,0.0,-0.017175511389674658
2026-08-07,5.171999931335449,5.406000137329102,5.125999927520752,5.377999782562256,894925,0.0,0.0,0.04427178310150248
2026-08-10,5.389999866485596,5.446000099182129,5.23199987411499,5.24399995803833,566587,0.0,0.0,-0.024916294150551965
2026-08-11,5.205999851226807,5.389999866485596,5.199999809265137,5.355999946594238,329544,0.0,0.0,0.021357740170121042
2026-08-12,5.3460001945495605,5.3460001945495605,5.179999828338623,5.208000183105469,379294,0.0,0.0,-0.027632517730490136
2026-08-13,5.271999835968018,5.409999847412109,5.159999847412109,5.159999847412109,584893,0.0,0.0,-0.009216653994957635
2026-08-14,5.22599983215332,5.449999809265137,5.1620001792907715,5.449999809265137,791052,0.0,0.0,0.05620154465672522
